
=== 2026-05-21T19:56:17+00:00 ===
METHOD: POST
URI: /v2/persistence/0/datastores/objects/object?datastore=aaa&objectKey=global%2Faaa
QUERY: datastore=aaa&objectKey=global%2Faaa
HEADERS: {"Host":"localhost","Accept":"*\/*","Cookie":".ROBLOSECURITY=","Accept-Encoding":"gzip, deflate","Cache-Control":"no-cache","Connection":"keep-alive","User-Agent":"RobloxStudio\/WinInet RobloxApp\/0.578.0.5780566 (GlobalDist; RobloxDirectDownload)","Content-Type":"application\/octet-stream","Content-MD5":"wxr8P8IwzU\/SlmpsEK9t5Q==","Content-Length":"5"}
BODY: "owo"
op=entry ds=aaa key=aaa scope=global
POST RESPONSE contentLength: 5
RESPONSE HEADERS: ["X-Powered-By: PHP\/5.5.15","Content-Type: application\/json","Access-Control-Allow-Origin: *","Access-Control-Allow-Methods: GET, POST, DELETE, OPTIONS","Access-Control-Allow-Headers: Content-Type, content-md5, x-api-key, roblox-entry-attributes, roblox-entry-userids","Access-Control-Expose-Headers: content-md5, roblox-entry-version, roblox-entry-created-time, roblox-entry-version-created-time, roblox-entry-attributes, roblox-entry-userids","content-md5: wxr8P8IwzU\/SlmpsEK9t5Q==","roblox-entry-version: 08D9E6A3F2188CFF.0000000029.08D9E6A3F2188CFF.01","roblox-entry-created-time: 2026-05-21T17:35:27+00:00","roblox-entry-version-created-time: 2026-05-21T19:56:17+00:00"]
RESPONSE CODE: 200

=== 2026-05-21T19:56:22+00:00 ===
METHOD: GET
URI: /v2/persistence/0/datastores/objects/object?datastore=aaa&objectKey=global%2Faaa
QUERY: datastore=aaa&objectKey=global%2Faaa
HEADERS: {"Host":"localhost","Accept":"*\/*","Cookie":".ROBLOSECURITY=","Accept-Encoding":"gzip, deflate","Cache-Control":"no-cache","Connection":"keep-alive","User-Agent":"RobloxStudio\/WinInet RobloxApp\/0.578.0.5780566 (GlobalDist; RobloxDirectDownload)","Content-Type":"application\/octet-stream","Content-Length":"0"}
BODY: 
op=entry ds=aaa key=aaa scope=global
RESPONSE HEADERS: ["X-Powered-By: PHP\/5.5.15","Content-Type: application\/json","Access-Control-Allow-Origin: *","Access-Control-Allow-Methods: GET, POST, DELETE, OPTIONS","Access-Control-Allow-Headers: Content-Type, content-md5, x-api-key, roblox-entry-attributes, roblox-entry-userids","Access-Control-Expose-Headers: content-md5, roblox-entry-version, roblox-entry-created-time, roblox-entry-version-created-time, roblox-entry-attributes, roblox-entry-userids","content-md5: Osc3zfzn9Vae4117tU9uTA==","roblox-entry-version: 08D9E6A3F2188CFF.0000000029.08D9E6A3F2188CFF.01","roblox-entry-created-time: 2026-05-21T17:35:27+00:00","roblox-entry-version-created-time: 2026-05-21T19:56:17+00:00"]
RESPONSE CODE: 200

=== 2026-05-21T20:35:37+00:00 ===
METHOD: GET
URI: /v2/persistence/0/datastores/objects/object?datastore=aaa&objectKey=global%2Faaa
QUERY: datastore=aaa&objectKey=global%2Faaa
HEADERS: {"Host":"localhost","Accept":"*\/*","Cookie":".ROBLOSECURITY=","Accept-Encoding":"gzip, deflate","Cache-Control":"no-cache","Connection":"keep-alive","User-Agent":"RobloxStudio\/WinInet RobloxApp\/0.578.0.5780566 (GlobalDist; RobloxDirectDownload)","Content-Type":"application\/octet-stream","Content-Length":"0"}
BODY: 
op=entry ds=aaa key=aaa scope=global
RESPONSE HEADERS: ["X-Powered-By: PHP\/5.5.15","Content-Type: application\/json","Access-Control-Allow-Origin: *","Access-Control-Allow-Methods: GET, POST, DELETE, OPTIONS","Access-Control-Allow-Headers: Content-Type, content-md5, x-api-key, roblox-entry-attributes, roblox-entry-userids","Access-Control-Expose-Headers: content-md5, roblox-entry-version, roblox-entry-created-time, roblox-entry-version-created-time, roblox-entry-attributes, roblox-entry-userids","content-md5: wxr8P8IwzU\/SlmpsEK9t5Q==","roblox-entry-version: 08D9E6A3F2188CFF.0000000029.08D9E6A3F2188CFF.01","roblox-entry-created-time: 2026-05-21T17:35:27+00:00","roblox-entry-version-created-time: 2026-05-21T19:56:17+00:00"]
RESPONSE CODE: 200

=== 2026-05-21T20:35:38+00:00 ===
METHOD: GET
URI: /v2/persistence/0/datastores/objects/object?datastore=aaa&objectKey=global%2Faaa
QUERY: datastore=aaa&objectKey=global%2Faaa
HEADERS: {"Host":"localhost","Accept":"*\/*","Cookie":".ROBLOSECURITY=","Accept-Encoding":"gzip, deflate","Cache-Control":"no-cache","Connection":"keep-alive","User-Agent":"RobloxStudio\/WinInet RobloxApp\/0.578.0.5780566 (GlobalDist; RobloxDirectDownload)","Content-Type":"application\/octet-stream","Content-Length":"0"}
BODY: 
op=entry ds=aaa key=aaa scope=global
RESPONSE HEADERS: ["X-Powered-By: PHP\/5.5.15","Content-Type: application\/json","Access-Control-Allow-Origin: *","Access-Control-Allow-Methods: GET, POST, DELETE, OPTIONS","Access-Control-Allow-Headers: Content-Type, content-md5, x-api-key, roblox-entry-attributes, roblox-entry-userids","Access-Control-Expose-Headers: content-md5, roblox-entry-version, roblox-entry-created-time, roblox-entry-version-created-time, roblox-entry-attributes, roblox-entry-userids","content-md5: wxr8P8IwzU\/SlmpsEK9t5Q==","roblox-entry-version: 08D9E6A3F2188CFF.0000000029.08D9E6A3F2188CFF.01","roblox-entry-created-time: 2026-05-21T17:35:27+00:00","roblox-entry-version-created-time: 2026-05-21T19:56:17+00:00"]
RESPONSE CODE: 200

=== 2026-05-21T20:35:38+00:00 ===
METHOD: GET
URI: /v2/persistence/0/datastores/objects/object?datastore=aaa&objectKey=global%2Faaa
QUERY: datastore=aaa&objectKey=global%2Faaa
HEADERS: {"Host":"localhost","Accept":"*\/*","Cookie":".ROBLOSECURITY=","Accept-Encoding":"gzip, deflate","Cache-Control":"no-cache","Connection":"keep-alive","User-Agent":"RobloxStudio\/WinInet RobloxApp\/0.578.0.5780566 (GlobalDist; RobloxDirectDownload)","Content-Type":"application\/octet-stream","Content-Length":"0"}
BODY: 
op=entry ds=aaa key=aaa scope=global
RESPONSE HEADERS: ["X-Powered-By: PHP\/5.5.15","Content-Type: application\/json","Access-Control-Allow-Origin: *","Access-Control-Allow-Methods: GET, POST, DELETE, OPTIONS","Access-Control-Allow-Headers: Content-Type, content-md5, x-api-key, roblox-entry-attributes, roblox-entry-userids","Access-Control-Expose-Headers: content-md5, roblox-entry-version, roblox-entry-created-time, roblox-entry-version-created-time, roblox-entry-attributes, roblox-entry-userids","content-md5: wxr8P8IwzU\/SlmpsEK9t5Q==","roblox-entry-version: 08D9E6A3F2188CFF.0000000029.08D9E6A3F2188CFF.01","roblox-entry-created-time: 2026-05-21T17:35:27+00:00","roblox-entry-version-created-time: 2026-05-21T19:56:17+00:00"]
RESPONSE CODE: 200

=== 2026-05-21T20:35:38+00:00 ===
METHOD: GET
URI: /v2/persistence/0/datastores/objects/object?datastore=aaa&objectKey=global%2Faaa
QUERY: datastore=aaa&objectKey=global%2Faaa
HEADERS: {"Host":"localhost","Accept":"*\/*","Cookie":".ROBLOSECURITY=","Accept-Encoding":"gzip, deflate","Cache-Control":"no-cache","Connection":"keep-alive","User-Agent":"RobloxStudio\/WinInet RobloxApp\/0.578.0.5780566 (GlobalDist; RobloxDirectDownload)","Content-Type":"application\/octet-stream","Content-Length":"0"}
BODY: 
op=entry ds=aaa key=aaa scope=global
RESPONSE HEADERS: ["X-Powered-By: PHP\/5.5.15","Content-Type: application\/json","Access-Control-Allow-Origin: *","Access-Control-Allow-Methods: GET, POST, DELETE, OPTIONS","Access-Control-Allow-Headers: Content-Type, content-md5, x-api-key, roblox-entry-attributes, roblox-entry-userids","Access-Control-Expose-Headers: content-md5, roblox-entry-version, roblox-entry-created-time, roblox-entry-version-created-time, roblox-entry-attributes, roblox-entry-userids","content-md5: wxr8P8IwzU\/SlmpsEK9t5Q==","roblox-entry-version: 08D9E6A3F2188CFF.0000000029.08D9E6A3F2188CFF.01","roblox-entry-created-time: 2026-05-21T17:35:27+00:00","roblox-entry-version-created-time: 2026-05-21T19:56:17+00:00"]
RESPONSE CODE: 200

=== 2026-05-21T20:35:38+00:00 ===
METHOD: GET
URI: /v2/persistence/0/datastores/objects/object?datastore=aaa&objectKey=global%2Faaa
QUERY: datastore=aaa&objectKey=global%2Faaa
HEADERS: {"Host":"localhost","Accept":"*\/*","Cookie":".ROBLOSECURITY=","Accept-Encoding":"gzip, deflate","Cache-Control":"no-cache","Connection":"keep-alive","User-Agent":"RobloxStudio\/WinInet RobloxApp\/0.578.0.5780566 (GlobalDist; RobloxDirectDownload)","Content-Type":"application\/octet-stream","Content-Length":"0"}
BODY: 
op=entry ds=aaa key=aaa scope=global
RESPONSE HEADERS: ["X-Powered-By: PHP\/5.5.15","Content-Type: application\/json","Access-Control-Allow-Origin: *","Access-Control-Allow-Methods: GET, POST, DELETE, OPTIONS","Access-Control-Allow-Headers: Content-Type, content-md5, x-api-key, roblox-entry-attributes, roblox-entry-userids","Access-Control-Expose-Headers: content-md5, roblox-entry-version, roblox-entry-created-time, roblox-entry-version-created-time, roblox-entry-attributes, roblox-entry-userids","content-md5: wxr8P8IwzU\/SlmpsEK9t5Q==","roblox-entry-version: 08D9E6A3F2188CFF.0000000029.08D9E6A3F2188CFF.01","roblox-entry-created-time: 2026-05-21T17:35:27+00:00","roblox-entry-version-created-time: 2026-05-21T19:56:17+00:00"]
RESPONSE CODE: 200

=== 2026-05-21T20:35:39+00:00 ===
METHOD: POST
URI: /v2/persistence/0/datastores/objects/object?datastore=aaa&objectKey=global%2Faaa
QUERY: datastore=aaa&objectKey=global%2Faaa
HEADERS: {"Host":"localhost","Accept":"*\/*","Cookie":".ROBLOSECURITY=","Accept-Encoding":"gzip, deflate","Cache-Control":"no-cache","Connection":"keep-alive","User-Agent":"RobloxStudio\/WinInet RobloxApp\/0.578.0.5780566 (GlobalDist; RobloxDirectDownload)","Content-Type":"application\/octet-stream","Content-MD5":"wxr8P8IwzU\/SlmpsEK9t5Q==","Content-Length":"5"}
BODY: "owo"
op=entry ds=aaa key=aaa scope=global
POST RESPONSE contentLength: 5
RESPONSE HEADERS: ["X-Powered-By: PHP\/5.5.15","Content-Type: application\/json","Access-Control-Allow-Origin: *","Access-Control-Allow-Methods: GET, POST, DELETE, OPTIONS","Access-Control-Allow-Headers: Content-Type, content-md5, x-api-key, roblox-entry-attributes, roblox-entry-userids","Access-Control-Expose-Headers: content-md5, roblox-entry-version, roblox-entry-created-time, roblox-entry-version-created-time, roblox-entry-attributes, roblox-entry-userids","content-md5: wxr8P8IwzU\/SlmpsEK9t5Q==","roblox-entry-version: 08D9E6A3F2188CFF.0000000030.08D9E6A3F2188CFF.01","roblox-entry-created-time: 2026-05-21T17:35:27+00:00","roblox-entry-version-created-time: 2026-05-21T20:35:39+00:00"]
RESPONSE CODE: 200

=== 2026-05-21T20:35:44+00:00 ===
METHOD: GET
URI: /v2/persistence/0/datastores/objects/object?datastore=aaa&objectKey=global%2Faaa
QUERY: datastore=aaa&objectKey=global%2Faaa
HEADERS: {"Host":"localhost","Accept":"*\/*","Cookie":".ROBLOSECURITY=","Accept-Encoding":"gzip, deflate","Cache-Control":"no-cache","Connection":"keep-alive","User-Agent":"RobloxStudio\/WinInet RobloxApp\/0.578.0.5780566 (GlobalDist; RobloxDirectDownload)","Content-Type":"application\/octet-stream","Content-Length":"0"}
BODY: 
op=entry ds=aaa key=aaa scope=global
RESPONSE HEADERS: ["X-Powered-By: PHP\/5.5.15","Content-Type: application\/json","Access-Control-Allow-Origin: *","Access-Control-Allow-Methods: GET, POST, DELETE, OPTIONS","Access-Control-Allow-Headers: Content-Type, content-md5, x-api-key, roblox-entry-attributes, roblox-entry-userids","Access-Control-Expose-Headers: content-md5, roblox-entry-version, roblox-entry-created-time, roblox-entry-version-created-time, roblox-entry-attributes, roblox-entry-userids","content-md5: wxr8P8IwzU\/SlmpsEK9t5Q==","roblox-entry-version: 08D9E6A3F2188CFF.0000000030.08D9E6A3F2188CFF.01","roblox-entry-created-time: 2026-05-21T17:35:27+00:00","roblox-entry-version-created-time: 2026-05-21T20:35:39+00:00"]
RESPONSE CODE: 200

=== 2026-05-21T20:35:44+00:00 ===
METHOD: GET
URI: /v2/persistence/0/datastores/objects/object?datastore=aaa&objectKey=global%2Faaa
QUERY: datastore=aaa&objectKey=global%2Faaa
HEADERS: {"Host":"localhost","Accept":"*\/*","Cookie":".ROBLOSECURITY=","Accept-Encoding":"gzip, deflate","Cache-Control":"no-cache","Connection":"keep-alive","User-Agent":"RobloxStudio\/WinInet RobloxApp\/0.578.0.5780566 (GlobalDist; RobloxDirectDownload)","Content-Type":"application\/octet-stream","Content-Length":"0"}
BODY: 
op=entry ds=aaa key=aaa scope=global
RESPONSE HEADERS: ["X-Powered-By: PHP\/5.5.15","Content-Type: application\/json","Access-Control-Allow-Origin: *","Access-Control-Allow-Methods: GET, POST, DELETE, OPTIONS","Access-Control-Allow-Headers: Content-Type, content-md5, x-api-key, roblox-entry-attributes, roblox-entry-userids","Access-Control-Expose-Headers: content-md5, roblox-entry-version, roblox-entry-created-time, roblox-entry-version-created-time, roblox-entry-attributes, roblox-entry-userids","content-md5: wxr8P8IwzU\/SlmpsEK9t5Q==","roblox-entry-version: 08D9E6A3F2188CFF.0000000030.08D9E6A3F2188CFF.01","roblox-entry-created-time: 2026-05-21T17:35:27+00:00","roblox-entry-version-created-time: 2026-05-21T20:35:39+00:00"]
RESPONSE CODE: 200

=== 2026-05-21T20:35:44+00:00 ===
METHOD: GET
URI: /v2/persistence/0/datastores/objects/object?datastore=aaa&objectKey=global%2Faaa
QUERY: datastore=aaa&objectKey=global%2Faaa
HEADERS: {"Host":"localhost","Accept":"*\/*","Cookie":".ROBLOSECURITY=","Accept-Encoding":"gzip, deflate","Cache-Control":"no-cache","Connection":"keep-alive","User-Agent":"RobloxStudio\/WinInet RobloxApp\/0.578.0.5780566 (GlobalDist; RobloxDirectDownload)","Content-Type":"application\/octet-stream","Content-Length":"0"}
BODY: 
op=entry ds=aaa key=aaa scope=global
RESPONSE HEADERS: ["X-Powered-By: PHP\/5.5.15","Content-Type: application\/json","Access-Control-Allow-Origin: *","Access-Control-Allow-Methods: GET, POST, DELETE, OPTIONS","Access-Control-Allow-Headers: Content-Type, content-md5, x-api-key, roblox-entry-attributes, roblox-entry-userids","Access-Control-Expose-Headers: content-md5, roblox-entry-version, roblox-entry-created-time, roblox-entry-version-created-time, roblox-entry-attributes, roblox-entry-userids","content-md5: wxr8P8IwzU\/SlmpsEK9t5Q==","roblox-entry-version: 08D9E6A3F2188CFF.0000000030.08D9E6A3F2188CFF.01","roblox-entry-created-time: 2026-05-21T17:35:27+00:00","roblox-entry-version-created-time: 2026-05-21T20:35:39+00:00"]
RESPONSE CODE: 200

=== 2026-05-21T20:35:44+00:00 ===
METHOD: GET
URI: /v2/persistence/0/datastores/objects/object?datastore=aaa&objectKey=global%2Faaa
QUERY: datastore=aaa&objectKey=global%2Faaa
HEADERS: {"Host":"localhost","Accept":"*\/*","Cookie":".ROBLOSECURITY=","Accept-Encoding":"gzip, deflate","Cache-Control":"no-cache","Connection":"keep-alive","User-Agent":"RobloxStudio\/WinInet RobloxApp\/0.578.0.5780566 (GlobalDist; RobloxDirectDownload)","Content-Type":"application\/octet-stream","Content-Length":"0"}
BODY: 
op=entry ds=aaa key=aaa scope=global
RESPONSE HEADERS: ["X-Powered-By: PHP\/5.5.15","Content-Type: application\/json","Access-Control-Allow-Origin: *","Access-Control-Allow-Methods: GET, POST, DELETE, OPTIONS","Access-Control-Allow-Headers: Content-Type, content-md5, x-api-key, roblox-entry-attributes, roblox-entry-userids","Access-Control-Expose-Headers: content-md5, roblox-entry-version, roblox-entry-created-time, roblox-entry-version-created-time, roblox-entry-attributes, roblox-entry-userids","content-md5: wxr8P8IwzU\/SlmpsEK9t5Q==","roblox-entry-version: 08D9E6A3F2188CFF.0000000030.08D9E6A3F2188CFF.01","roblox-entry-created-time: 2026-05-21T17:35:27+00:00","roblox-entry-version-created-time: 2026-05-21T20:35:39+00:00"]
RESPONSE CODE: 200

=== 2026-05-21T20:35:44+00:00 ===
METHOD: GET
URI: /v2/persistence/0/datastores/objects/object?datastore=aaa&objectKey=global%2Faaa
QUERY: datastore=aaa&objectKey=global%2Faaa
HEADERS: {"Host":"localhost","Accept":"*\/*","Cookie":".ROBLOSECURITY=","Accept-Encoding":"gzip, deflate","Cache-Control":"no-cache","Connection":"keep-alive","User-Agent":"RobloxStudio\/WinInet RobloxApp\/0.578.0.5780566 (GlobalDist; RobloxDirectDownload)","Content-Type":"application\/octet-stream","Content-Length":"0"}
BODY: 
op=entry ds=aaa key=aaa scope=global
RESPONSE HEADERS: ["X-Powered-By: PHP\/5.5.15","Content-Type: application\/json","Access-Control-Allow-Origin: *","Access-Control-Allow-Methods: GET, POST, DELETE, OPTIONS","Access-Control-Allow-Headers: Content-Type, content-md5, x-api-key, roblox-entry-attributes, roblox-entry-userids","Access-Control-Expose-Headers: content-md5, roblox-entry-version, roblox-entry-created-time, roblox-entry-version-created-time, roblox-entry-attributes, roblox-entry-userids","content-md5: wxr8P8IwzU\/SlmpsEK9t5Q==","roblox-entry-version: 08D9E6A3F2188CFF.0000000030.08D9E6A3F2188CFF.01","roblox-entry-created-time: 2026-05-21T17:35:27+00:00","roblox-entry-version-created-time: 2026-05-21T20:35:39+00:00"]
RESPONSE CODE: 200

=== 2026-05-21T20:35:44+00:00 ===
METHOD: GET
URI: /v2/persistence/0/datastores/objects/object?datastore=aaa&objectKey=global%2Faaa
QUERY: datastore=aaa&objectKey=global%2Faaa
HEADERS: {"Host":"localhost","Accept":"*\/*","Cookie":".ROBLOSECURITY=","Accept-Encoding":"gzip, deflate","Cache-Control":"no-cache","Connection":"keep-alive","User-Agent":"RobloxStudio\/WinInet RobloxApp\/0.578.0.5780566 (GlobalDist; RobloxDirectDownload)","Content-Type":"application\/octet-stream","Content-Length":"0"}
BODY: 
op=entry ds=aaa key=aaa scope=global
RESPONSE HEADERS: ["X-Powered-By: PHP\/5.5.15","Content-Type: application\/json","Access-Control-Allow-Origin: *","Access-Control-Allow-Methods: GET, POST, DELETE, OPTIONS","Access-Control-Allow-Headers: Content-Type, content-md5, x-api-key, roblox-entry-attributes, roblox-entry-userids","Access-Control-Expose-Headers: content-md5, roblox-entry-version, roblox-entry-created-time, roblox-entry-version-created-time, roblox-entry-attributes, roblox-entry-userids","content-md5: wxr8P8IwzU\/SlmpsEK9t5Q==","roblox-entry-version: 08D9E6A3F2188CFF.0000000030.08D9E6A3F2188CFF.01","roblox-entry-created-time: 2026-05-21T17:35:27+00:00","roblox-entry-version-created-time: 2026-05-21T20:35:39+00:00"]
RESPONSE CODE: 200

=== 2026-05-21T20:35:45+00:00 ===
METHOD: GET
URI: /v2/persistence/0/datastores/objects/object?datastore=aaa&objectKey=global%2Faaa
QUERY: datastore=aaa&objectKey=global%2Faaa
HEADERS: {"Host":"localhost","Accept":"*\/*","Cookie":".ROBLOSECURITY=","Accept-Encoding":"gzip, deflate","Cache-Control":"no-cache","Connection":"keep-alive","User-Agent":"RobloxStudio\/WinInet RobloxApp\/0.578.0.5780566 (GlobalDist; RobloxDirectDownload)","Content-Type":"application\/octet-stream","Content-Length":"0"}
BODY: 
op=entry ds=aaa key=aaa scope=global
RESPONSE HEADERS: ["X-Powered-By: PHP\/5.5.15","Content-Type: application\/json","Access-Control-Allow-Origin: *","Access-Control-Allow-Methods: GET, POST, DELETE, OPTIONS","Access-Control-Allow-Headers: Content-Type, content-md5, x-api-key, roblox-entry-attributes, roblox-entry-userids","Access-Control-Expose-Headers: content-md5, roblox-entry-version, roblox-entry-created-time, roblox-entry-version-created-time, roblox-entry-attributes, roblox-entry-userids","content-md5: wxr8P8IwzU\/SlmpsEK9t5Q==","roblox-entry-version: 08D9E6A3F2188CFF.0000000030.08D9E6A3F2188CFF.01","roblox-entry-created-time: 2026-05-21T17:35:27+00:00","roblox-entry-version-created-time: 2026-05-21T20:35:39+00:00"]
RESPONSE CODE: 200

=== 2026-05-21T20:35:45+00:00 ===
METHOD: GET
URI: /v2/persistence/0/datastores/objects/object?datastore=aaa&objectKey=global%2Faaa
QUERY: datastore=aaa&objectKey=global%2Faaa
HEADERS: {"Host":"localhost","Accept":"*\/*","Cookie":".ROBLOSECURITY=","Accept-Encoding":"gzip, deflate","Cache-Control":"no-cache","Connection":"keep-alive","User-Agent":"RobloxStudio\/WinInet RobloxApp\/0.578.0.5780566 (GlobalDist; RobloxDirectDownload)","Content-Type":"application\/octet-stream","Content-Length":"0"}
BODY: 
op=entry ds=aaa key=aaa scope=global
RESPONSE HEADERS: ["X-Powered-By: PHP\/5.5.15","Content-Type: application\/json","Access-Control-Allow-Origin: *","Access-Control-Allow-Methods: GET, POST, DELETE, OPTIONS","Access-Control-Allow-Headers: Content-Type, content-md5, x-api-key, roblox-entry-attributes, roblox-entry-userids","Access-Control-Expose-Headers: content-md5, roblox-entry-version, roblox-entry-created-time, roblox-entry-version-created-time, roblox-entry-attributes, roblox-entry-userids","content-md5: wxr8P8IwzU\/SlmpsEK9t5Q==","roblox-entry-version: 08D9E6A3F2188CFF.0000000030.08D9E6A3F2188CFF.01","roblox-entry-created-time: 2026-05-21T17:35:27+00:00","roblox-entry-version-created-time: 2026-05-21T20:35:39+00:00"]
RESPONSE CODE: 200

=== 2026-05-21T20:35:45+00:00 ===
METHOD: GET
URI: /v2/persistence/0/datastores/objects/object?datastore=aaa&objectKey=global%2Faaa
QUERY: datastore=aaa&objectKey=global%2Faaa
HEADERS: {"Host":"localhost","Accept":"*\/*","Cookie":".ROBLOSECURITY=","Accept-Encoding":"gzip, deflate","Cache-Control":"no-cache","Connection":"keep-alive","User-Agent":"RobloxStudio\/WinInet RobloxApp\/0.578.0.5780566 (GlobalDist; RobloxDirectDownload)","Content-Type":"application\/octet-stream","Content-Length":"0"}
BODY: 
op=entry ds=aaa key=aaa scope=global
RESPONSE HEADERS: ["X-Powered-By: PHP\/5.5.15","Content-Type: application\/json","Access-Control-Allow-Origin: *","Access-Control-Allow-Methods: GET, POST, DELETE, OPTIONS","Access-Control-Allow-Headers: Content-Type, content-md5, x-api-key, roblox-entry-attributes, roblox-entry-userids","Access-Control-Expose-Headers: content-md5, roblox-entry-version, roblox-entry-created-time, roblox-entry-version-created-time, roblox-entry-attributes, roblox-entry-userids","content-md5: wxr8P8IwzU\/SlmpsEK9t5Q==","roblox-entry-version: 08D9E6A3F2188CFF.0000000030.08D9E6A3F2188CFF.01","roblox-entry-created-time: 2026-05-21T17:35:27+00:00","roblox-entry-version-created-time: 2026-05-21T20:35:39+00:00"]
RESPONSE CODE: 200

=== 2026-05-21T20:35:45+00:00 ===
METHOD: GET
URI: /v2/persistence/0/datastores/objects/object?datastore=aaa&objectKey=global%2Faaa
QUERY: datastore=aaa&objectKey=global%2Faaa
HEADERS: {"Host":"localhost","Accept":"*\/*","Cookie":".ROBLOSECURITY=","Accept-Encoding":"gzip, deflate","Cache-Control":"no-cache","Connection":"keep-alive","User-Agent":"RobloxStudio\/WinInet RobloxApp\/0.578.0.5780566 (GlobalDist; RobloxDirectDownload)","Content-Type":"application\/octet-stream","Content-Length":"0"}
BODY: 
op=entry ds=aaa key=aaa scope=global
RESPONSE HEADERS: ["X-Powered-By: PHP\/5.5.15","Content-Type: application\/json","Access-Control-Allow-Origin: *","Access-Control-Allow-Methods: GET, POST, DELETE, OPTIONS","Access-Control-Allow-Headers: Content-Type, content-md5, x-api-key, roblox-entry-attributes, roblox-entry-userids","Access-Control-Expose-Headers: content-md5, roblox-entry-version, roblox-entry-created-time, roblox-entry-version-created-time, roblox-entry-attributes, roblox-entry-userids","content-md5: wxr8P8IwzU\/SlmpsEK9t5Q==","roblox-entry-version: 08D9E6A3F2188CFF.0000000030.08D9E6A3F2188CFF.01","roblox-entry-created-time: 2026-05-21T17:35:27+00:00","roblox-entry-version-created-time: 2026-05-21T20:35:39+00:00"]
RESPONSE CODE: 200

=== 2026-05-22T00:35:52+00:00 ===
METHOD: GET
URI: /v2/persistence/0/datastores/objects/object?datastore=aaa&objectKey=global%2Faaa
QUERY: datastore=aaa&objectKey=global%2Faaa
HEADERS: {"Host":"localhost","Connection":"keep-alive","sec-ch-ua":"\"Opera GX\";v=\"131\", \"Not.A\/Brand\";v=\"8\", \"Chromium\";v=\"147\"","sec-ch-ua-mobile":"?0","sec-ch-ua-platform":"\"Windows\"","Upgrade-Insecure-Requests":"1","User-Agent":"Mozilla\/5.0 (Windows NT 10.0; Win64; x64) AppleWebKit\/537.36 (KHTML, like Gecko) Chrome\/147.0.0.0 Safari\/537.36 OPR\/131.0.0.0","Accept":"text\/html,application\/xhtml+xml,application\/xml;q=0.9,image\/avif,image\/webp,image\/apng,*\/*;q=0.8,application\/signed-exchange;v=b3;q=0.7","Sec-Fetch-Site":"none","Sec-Fetch-Mode":"navigate","Sec-Fetch-User":"?1","Sec-Fetch-Dest":"document","Accept-Encoding":"gzip, deflate, br, zstd","Accept-Language":"en-US,en;q=0.9,ko;q=0.8,zh-CN;q=0.7,zh;q=0.6,fr;q=0.5,ja;q=0.4,es;q=0.3,pl;q=0.2"}
BODY: 
op=entry ds=aaa key=aaa scope=global
RESPONSE HEADERS: ["X-Powered-By: PHP\/5.5.15","Content-Type: application\/json","Access-Control-Allow-Origin: *","Access-Control-Allow-Methods: GET, POST, DELETE, OPTIONS","Access-Control-Allow-Headers: Content-Type, content-md5, x-api-key, roblox-entry-attributes, roblox-entry-userids","Access-Control-Expose-Headers: content-md5, roblox-entry-version, roblox-entry-created-time, roblox-entry-version-created-time, roblox-entry-attributes, roblox-entry-userids","content-md5: wxr8P8IwzU\/SlmpsEK9t5Q==","roblox-entry-version: 08D9E6A3F2188CFF.0000000030.08D9E6A3F2188CFF.01","roblox-entry-created-time: 2026-05-21T17:35:27+00:00","roblox-entry-version-created-time: 2026-05-21T20:35:39+00:00"]
RESPONSE CODE: 200

=== 2026-05-22T00:36:11+00:00 ===
METHOD: GET
URI: /v2/persistence/0/datastores/objects/object?datastore=aaa&objectKey=global%2Faaa
QUERY: datastore=aaa&objectKey=global%2Faaa
HEADERS: {"Host":"localhost","Connection":"keep-alive","Cache-Control":"max-age=0","sec-ch-ua":"\"Opera GX\";v=\"131\", \"Not.A\/Brand\";v=\"8\", \"Chromium\";v=\"147\"","sec-ch-ua-mobile":"?0","sec-ch-ua-platform":"\"Windows\"","Upgrade-Insecure-Requests":"1","User-Agent":"Mozilla\/5.0 (Windows NT 10.0; Win64; x64) AppleWebKit\/537.36 (KHTML, like Gecko) Chrome\/147.0.0.0 Safari\/537.36 OPR\/131.0.0.0","Accept":"text\/html,application\/xhtml+xml,application\/xml;q=0.9,image\/avif,image\/webp,image\/apng,*\/*;q=0.8,application\/signed-exchange;v=b3;q=0.7","Sec-Fetch-Site":"none","Sec-Fetch-Mode":"navigate","Sec-Fetch-User":"?1","Sec-Fetch-Dest":"document","Accept-Encoding":"gzip, deflate, br, zstd","Accept-Language":"en-US,en;q=0.9,ko;q=0.8,zh-CN;q=0.7,zh;q=0.6,fr;q=0.5,ja;q=0.4,es;q=0.3,pl;q=0.2"}
BODY: 
op=entry ds=aaa key=aaa scope=global
RESPONSE HEADERS: ["X-Powered-By: PHP\/5.5.15","Content-Type: application\/json","Access-Control-Allow-Origin: *","Access-Control-Allow-Methods: GET, POST, DELETE, OPTIONS","Access-Control-Allow-Headers: Content-Type, content-md5, x-api-key, roblox-entry-attributes, roblox-entry-userids","Access-Control-Expose-Headers: content-md5, roblox-entry-version, roblox-entry-created-time, roblox-entry-version-created-time, roblox-entry-attributes, roblox-entry-userids","content-md5: wxr8P8IwzU\/SlmpsEK9t5Q==","roblox-entry-version: 08D9E6A3F2188CFF.0000000030.08D9E6A3F2188CFF.01","roblox-entry-created-time: 2026-05-21T17:35:27+00:00","roblox-entry-version-created-time: 2026-05-21T20:35:39+00:00"]
RESPONSE CODE: 200

=== 2026-05-22T00:37:49+00:00 ===
METHOD: GET
URI: /v2/persistence/0/datastores/objects/object?datastore=aaa&objectKey=global%2Faaa
QUERY: datastore=aaa&objectKey=global%2Faaa
HEADERS: {"Host":"localhost","Connection":"keep-alive","Cache-Control":"max-age=0","sec-ch-ua":"\"Opera GX\";v=\"131\", \"Not.A\/Brand\";v=\"8\", \"Chromium\";v=\"147\"","sec-ch-ua-mobile":"?0","sec-ch-ua-platform":"\"Windows\"","Upgrade-Insecure-Requests":"1","User-Agent":"Mozilla\/5.0 (Windows NT 10.0; Win64; x64) AppleWebKit\/537.36 (KHTML, like Gecko) Chrome\/147.0.0.0 Safari\/537.36 OPR\/131.0.0.0","Accept":"text\/html,application\/xhtml+xml,application\/xml;q=0.9,image\/avif,image\/webp,image\/apng,*\/*;q=0.8,application\/signed-exchange;v=b3;q=0.7","Sec-Fetch-Site":"none","Sec-Fetch-Mode":"navigate","Sec-Fetch-User":"?1","Sec-Fetch-Dest":"document","Accept-Encoding":"gzip, deflate, br, zstd","Accept-Language":"en-US,en;q=0.9,ko;q=0.8,zh-CN;q=0.7,zh;q=0.6,fr;q=0.5,ja;q=0.4,es;q=0.3,pl;q=0.2"}
BODY: 
op=entry ds=aaa key=aaa scope=global
RESPONSE HEADERS: ["X-Powered-By: PHP\/5.5.15","Content-Type: application\/json","Access-Control-Allow-Origin: *","Access-Control-Allow-Methods: GET, POST, DELETE, OPTIONS","Access-Control-Allow-Headers: Content-Type, content-md5, x-api-key, roblox-entry-attributes, roblox-entry-userids","Access-Control-Expose-Headers: content-md5, roblox-entry-version, roblox-entry-created-time, roblox-entry-version-created-time, roblox-entry-attributes, roblox-entry-userids","content-md5: wxr8P8IwzU\/SlmpsEK9t5Q==","roblox-entry-version: 08D9E6A3F2188CFF.0000000030.08D9E6A3F2188CFF.01","roblox-entry-created-time: 2026-05-21T17:35:27+00:00","roblox-entry-version-created-time: 2026-05-21T20:35:39+00:00"]
RESPONSE CODE: 200

=== 2026-05-22T00:40:38+00:00 ===
METHOD: GET
URI: /v2/persistence/0/datastores/objects/object?datastore=aaa&objectKey=global%2Faaa
QUERY: datastore=aaa&objectKey=global%2Faaa
HEADERS: {"Host":"localhost","Accept":"*\/*","Cookie":".ROBLOSECURITY=","Accept-Encoding":"gzip, deflate","Cache-Control":"no-cache","Connection":"keep-alive","User-Agent":"RobloxStudio\/WinInet RobloxApp\/0.578.0.5780566 (GlobalDist; RobloxDirectDownload)","Content-Type":"application\/octet-stream","Content-Length":"0"}
BODY: 
op=entry ds=aaa key=aaa scope=global
RESPONSE HEADERS: ["X-Powered-By: PHP\/5.5.15","Content-Type: application\/json","Access-Control-Allow-Origin: *","Access-Control-Allow-Methods: GET, POST, DELETE, OPTIONS","Access-Control-Allow-Headers: Content-Type, content-md5, x-api-key, roblox-entry-attributes, roblox-entry-userids","Access-Control-Expose-Headers: content-md5, roblox-entry-version, roblox-entry-created-time, roblox-entry-version-created-time, roblox-entry-attributes, roblox-entry-userids","content-md5: +h5BJv1pXUe6qzLcw66jVQ==","roblox-entry-version: 08D9E6A3F2188CFF.0000000030.08D9E6A3F2188CFF.01","roblox-entry-created-time: 2026-05-21T17:35:27+00:00","roblox-entry-version-created-time: 2026-05-21T20:35:39+00:00"]
RESPONSE CODE: 200

=== 2026-05-22T00:40:41+00:00 ===
METHOD: POST
URI: /v2/persistence/0/datastores/objects/object?datastore=aaa&objectKey=global%2Faaa
QUERY: datastore=aaa&objectKey=global%2Faaa
HEADERS: {"Host":"localhost","Accept":"*\/*","Cookie":".ROBLOSECURITY=","Accept-Encoding":"gzip, deflate","Cache-Control":"no-cache","Connection":"keep-alive","User-Agent":"RobloxStudio\/WinInet RobloxApp\/0.578.0.5780566 (GlobalDist; RobloxDirectDownload)","Content-Type":"application\/octet-stream","Content-MD5":"wxr8P8IwzU\/SlmpsEK9t5Q==","Content-Length":"5"}
BODY: "owo"
op=entry ds=aaa key=aaa scope=global
POST RESPONSE contentLength: 5
RESPONSE HEADERS: ["X-Powered-By: PHP\/5.5.15","Content-Type: application\/json","Access-Control-Allow-Origin: *","Access-Control-Allow-Methods: GET, POST, DELETE, OPTIONS","Access-Control-Allow-Headers: Content-Type, content-md5, x-api-key, roblox-entry-attributes, roblox-entry-userids","Access-Control-Expose-Headers: content-md5, roblox-entry-version, roblox-entry-created-time, roblox-entry-version-created-time, roblox-entry-attributes, roblox-entry-userids","content-md5: wxr8P8IwzU\/SlmpsEK9t5Q==","roblox-entry-version: 08D9E6A3F2188CFF.0000000031.08D9E6A3F2188CFF.01","roblox-entry-created-time: 2026-05-21T17:35:27+00:00","roblox-entry-version-created-time: 2026-05-22T00:40:41+00:00"]
RESPONSE CODE: 200

=== 2026-05-22T00:40:47+00:00 ===
METHOD: GET
URI: /v2/persistence/0/datastores/objects/object?datastore=aaa&objectKey=global%2Faaa
QUERY: datastore=aaa&objectKey=global%2Faaa
HEADERS: {"Host":"localhost","Accept":"*\/*","Cookie":".ROBLOSECURITY=","Accept-Encoding":"gzip, deflate","Cache-Control":"no-cache","Connection":"keep-alive","User-Agent":"RobloxStudio\/WinInet RobloxApp\/0.578.0.5780566 (GlobalDist; RobloxDirectDownload)","Content-Type":"application\/octet-stream","Content-Length":"0"}
BODY: 
op=entry ds=aaa key=aaa scope=global
RESPONSE HEADERS: ["X-Powered-By: PHP\/5.5.15","Content-Type: application\/json","Access-Control-Allow-Origin: *","Access-Control-Allow-Methods: GET, POST, DELETE, OPTIONS","Access-Control-Allow-Headers: Content-Type, content-md5, x-api-key, roblox-entry-attributes, roblox-entry-userids","Access-Control-Expose-Headers: content-md5, roblox-entry-version, roblox-entry-created-time, roblox-entry-version-created-time, roblox-entry-attributes, roblox-entry-userids","content-md5: +h5BJv1pXUe6qzLcw66jVQ==","roblox-entry-version: 08D9E6A3F2188CFF.0000000031.08D9E6A3F2188CFF.01","roblox-entry-created-time: 2026-05-21T17:35:27+00:00","roblox-entry-version-created-time: 2026-05-22T00:40:41+00:00"]
RESPONSE CODE: 200

=== 2026-05-22T00:42:19+00:00 ===
METHOD: GET
URI: /v2/persistence/0/datastores/objects/object?datastore=aaa&objectKey=global%2Faaa
QUERY: datastore=aaa&objectKey=global%2Faaa
HEADERS: {"Host":"localhost","Accept":"*\/*","Cookie":".ROBLOSECURITY=","Accept-Encoding":"gzip, deflate","Cache-Control":"no-cache","Connection":"keep-alive","User-Agent":"RobloxStudio\/WinInet RobloxApp\/0.578.0.5780566 (GlobalDist; RobloxDirectDownload)","Content-Type":"application\/octet-stream","Content-Length":"0"}
BODY: 
op=entry ds=aaa key=aaa scope=global
RESPONSE HEADERS: ["X-Powered-By: PHP\/5.5.15","Content-Type: application\/json","Access-Control-Allow-Origin: *","Access-Control-Allow-Methods: GET, POST, DELETE, OPTIONS","Access-Control-Allow-Headers: Content-Type, content-md5, x-api-key, roblox-entry-attributes, roblox-entry-userids","Access-Control-Expose-Headers: content-md5, roblox-entry-version, roblox-entry-created-time, roblox-entry-version-created-time, roblox-entry-attributes, roblox-entry-userids","content-md5: wxr8P8IwzU\/SlmpsEK9t5Q==","roblox-entry-version: 08D9E6A3F2188CFF.0000000031.08D9E6A3F2188CFF.01","roblox-entry-created-time: 2026-05-21T17:35:27+00:00","roblox-entry-version-created-time: 2026-05-22T00:40:41+00:00"]
RESPONSE CODE: 200

=== 2026-05-22T00:42:19+00:00 ===
METHOD: GET
URI: /v2/persistence/0/datastores/objects/object?datastore=aaa&objectKey=global%2Faaa
QUERY: datastore=aaa&objectKey=global%2Faaa
HEADERS: {"Host":"localhost","Accept":"*\/*","Cookie":".ROBLOSECURITY=","Accept-Encoding":"gzip, deflate","Cache-Control":"no-cache","Connection":"keep-alive","User-Agent":"RobloxStudio\/WinInet RobloxApp\/0.578.0.5780566 (GlobalDist; RobloxDirectDownload)","Content-Type":"application\/octet-stream","Content-Length":"0"}
BODY: 
op=entry ds=aaa key=aaa scope=global
RESPONSE HEADERS: ["X-Powered-By: PHP\/5.5.15","Content-Type: application\/json","Access-Control-Allow-Origin: *","Access-Control-Allow-Methods: GET, POST, DELETE, OPTIONS","Access-Control-Allow-Headers: Content-Type, content-md5, x-api-key, roblox-entry-attributes, roblox-entry-userids","Access-Control-Expose-Headers: content-md5, roblox-entry-version, roblox-entry-created-time, roblox-entry-version-created-time, roblox-entry-attributes, roblox-entry-userids","content-md5: wxr8P8IwzU\/SlmpsEK9t5Q==","roblox-entry-version: 08D9E6A3F2188CFF.0000000031.08D9E6A3F2188CFF.01","roblox-entry-created-time: 2026-05-21T17:35:27+00:00","roblox-entry-version-created-time: 2026-05-22T00:40:41+00:00"]
RESPONSE CODE: 200

=== 2026-05-22T00:42:20+00:00 ===
METHOD: GET
URI: /v2/persistence/0/datastores/objects/object?datastore=aaa&objectKey=global%2Faaa
QUERY: datastore=aaa&objectKey=global%2Faaa
HEADERS: {"Host":"localhost","Accept":"*\/*","Cookie":".ROBLOSECURITY=","Accept-Encoding":"gzip, deflate","Cache-Control":"no-cache","Connection":"keep-alive","User-Agent":"RobloxStudio\/WinInet RobloxApp\/0.578.0.5780566 (GlobalDist; RobloxDirectDownload)","Content-Type":"application\/octet-stream","Content-Length":"0"}
BODY: 
op=entry ds=aaa key=aaa scope=global
RESPONSE HEADERS: ["X-Powered-By: PHP\/5.5.15","Content-Type: application\/json","Access-Control-Allow-Origin: *","Access-Control-Allow-Methods: GET, POST, DELETE, OPTIONS","Access-Control-Allow-Headers: Content-Type, content-md5, x-api-key, roblox-entry-attributes, roblox-entry-userids","Access-Control-Expose-Headers: content-md5, roblox-entry-version, roblox-entry-created-time, roblox-entry-version-created-time, roblox-entry-attributes, roblox-entry-userids","content-md5: wxr8P8IwzU\/SlmpsEK9t5Q==","roblox-entry-version: 08D9E6A3F2188CFF.0000000031.08D9E6A3F2188CFF.01","roblox-entry-created-time: 2026-05-21T17:35:27+00:00","roblox-entry-version-created-time: 2026-05-22T00:40:41+00:00"]
RESPONSE CODE: 200

=== 2026-05-22T00:42:31+00:00 ===
METHOD: GET
URI: /v2/persistence/0/datastores/objects/object?datastore=aaa&objectKey=global%2Faaa
QUERY: datastore=aaa&objectKey=global%2Faaa
HEADERS: {"Host":"localhost","Connection":"keep-alive","Cache-Control":"max-age=0","sec-ch-ua":"\"Opera GX\";v=\"131\", \"Not.A\/Brand\";v=\"8\", \"Chromium\";v=\"147\"","sec-ch-ua-mobile":"?0","sec-ch-ua-platform":"\"Windows\"","Upgrade-Insecure-Requests":"1","User-Agent":"Mozilla\/5.0 (Windows NT 10.0; Win64; x64) AppleWebKit\/537.36 (KHTML, like Gecko) Chrome\/147.0.0.0 Safari\/537.36 OPR\/131.0.0.0","Accept":"text\/html,application\/xhtml+xml,application\/xml;q=0.9,image\/avif,image\/webp,image\/apng,*\/*;q=0.8,application\/signed-exchange;v=b3;q=0.7","Sec-Fetch-Site":"none","Sec-Fetch-Mode":"navigate","Sec-Fetch-User":"?1","Sec-Fetch-Dest":"document","Accept-Encoding":"gzip, deflate, br, zstd","Accept-Language":"en-US,en;q=0.9,ko;q=0.8,zh-CN;q=0.7,zh;q=0.6,fr;q=0.5,ja;q=0.4,es;q=0.3,pl;q=0.2"}
BODY: 
op=entry ds=aaa key=aaa scope=global
RESPONSE HEADERS: ["X-Powered-By: PHP\/5.5.15","Content-Type: application\/json","Access-Control-Allow-Origin: *","Access-Control-Allow-Methods: GET, POST, DELETE, OPTIONS","Access-Control-Allow-Headers: Content-Type, content-md5, x-api-key, roblox-entry-attributes, roblox-entry-userids","Access-Control-Expose-Headers: content-md5, roblox-entry-version, roblox-entry-created-time, roblox-entry-version-created-time, roblox-entry-attributes, roblox-entry-userids","content-md5: wxr8P8IwzU\/SlmpsEK9t5Q==","roblox-entry-version: 08D9E6A3F2188CFF.0000000031.08D9E6A3F2188CFF.01","roblox-entry-created-time: 2026-05-21T17:35:27+00:00","roblox-entry-version-created-time: 2026-05-22T00:40:41+00:00"]
RESPONSE CODE: 200

=== 2026-05-22T00:45:07+00:00 ===
METHOD: POST
URI: /v2/persistence/0/datastores/objects/object?datastore=aaa&objectKey=global%2Faaa
QUERY: datastore=aaa&objectKey=global%2Faaa
HEADERS: {"Host":"localhost","Accept":"*\/*","Cookie":".ROBLOSECURITY=","Accept-Encoding":"gzip, deflate","Cache-Control":"no-cache","Connection":"keep-alive","User-Agent":"RobloxStudio\/WinInet RobloxApp\/0.578.0.5780566 (GlobalDist; RobloxDirectDownload)","Content-Type":"application\/octet-stream","Content-MD5":"wxr8P8IwzU\/SlmpsEK9t5Q==","Content-Length":"5"}
BODY: "owo"
op=entry ds=aaa key=aaa scope=global
POST RESPONSE contentLength: 5
RESPONSE HEADERS: ["X-Powered-By: PHP\/5.5.15","Content-Type: application\/json","Access-Control-Allow-Origin: *","Access-Control-Allow-Methods: GET, POST, DELETE, OPTIONS","Access-Control-Allow-Headers: Content-Type, content-md5, x-api-key, roblox-entry-attributes, roblox-entry-userids","Access-Control-Expose-Headers: content-md5, roblox-entry-version, roblox-entry-created-time, roblox-entry-version-created-time, roblox-entry-attributes, roblox-entry-userids","content-md5: wxr8P8IwzU\/SlmpsEK9t5Q==","roblox-entry-version: 08D9E6A3F2188CFF.0000000032.08D9E6A3F2188CFF.01","roblox-entry-created-time: 2026-05-21T17:35:27+00:00","roblox-entry-version-created-time: 2026-05-22T00:45:07+00:00"]
RESPONSE CODE: 200

=== 2026-05-22T00:46:15+00:00 ===
METHOD: POST
URI: /v2/persistence/0/datastores/objects/object?datastore=aaa&objectKey=global%2Faaa
QUERY: datastore=aaa&objectKey=global%2Faaa
HEADERS: {"Host":"localhost","Accept":"*\/*","Cookie":".ROBLOSECURITY=_|WARNING:-DO-NOT-SHARE-THIS.--Sharing-this-will-allow-someone-to-log-in-as-you-and-to-steal-your-ROBUX-and-items.|_CAEaAhADIhsKBGR1aWQSEzU0NTU4OTg4OTI3OTEyMTU4NTEoAw.1BVOyK1BAH5pDnoncW8bWGWIb2wY8vWsFT3m415I78jPkJsDLrjf0yiFKNjrTWoMmMlYkxxSPEqRnqmw2okGG5LnjoOfFSDS5HOBOieOmgGpRpXjRkw6fCYn-tK89FxI3Ccc-CN9-XHdyToBJZfJsRizxhiHErk376he1D0i46U3t6mm12fUXG05-6M0cWDx69DNe_0ETib7sUL4gWGwWfexxHDMOblrE5TZVpjlw_CRnDVv6NgYrQcQapwZqmLJ-gOwZiz1VIqsCIeTBKE3mSVpi6jYqXus3EAU9KHQtWPhP3u7gJISFS5NqrK1rYW_vPsqCznSzLgpm7b0DCATwXRLMajqj-NMdP-2hldqnbJFHjAOYHB51qHEjJWA_N5dXgvuvxogLrxRs2RfaD_lHI5cVSL2XWy3v8BfHexXUltrxRJ3CtOenCZcTEUzE2TNdnF_-w4CUts_G88v9vAemps0riKhYoXMD3jKA_KLAaUVC5o_uP9BcHzYCA5HiFz8n17rX3cCqsio8IHmaoDeIRVgcPjEWssmdVKprA0vB3SZds5x3axy8r-T5eN2lt2vf7LoNvXOuaq2vau8vNrQpMywjSLSq7N-ia9f--xG1WqAv3IIJ9GpbbWr-BViuFhYjklw3I6YxM_svkwpla7YS8JHyp2ivtvvUrND-VLp7UQGMG6MxkMVL0GQX_v_gxl10f7kiI7waTjfdGKnTUrzOM920E8lwV-6owopzz50-J8dWN2qweDw8ghoe5gu9d5Uz5Do9HtFJg3_NVGTCJ1gtcoIntuR_CYSW3MY2afHCRd885kBEtbaHEzmMOjH-3FQR-VBAQ2dCZzJGg8gbYWqvTGACyVvaXkM16LArM15OEJ9eIpWEd4dvvR0GlmM5Igpe91M30Da7Mt3y8_aMnn42Dwj0fGR_NNoUIWWB690CP-G2UmW1_8L5ujJmAPsYWg_6cEB0A","Cache-Control":"no-cache","User-Agent":"RobloxStudio\/WinInet RobloxApp\/0.578.0.5780566 (GlobalDist; RobloxDirectDownload)","Content-Type":"application\/octet-stream","Content-MD5":"wxr8P8IwzU\/SlmpsEK9t5Q==","Content-Length":"3","Connection":"keep-alive"}
BODY: owo
op=entry ds=aaa key=aaa scope=global
POST RESPONSE contentLength: 3
RESPONSE HEADERS: ["X-Powered-By: PHP\/5.5.15","Content-Type: application\/json","Access-Control-Allow-Origin: *","Access-Control-Allow-Methods: GET, POST, DELETE, OPTIONS","Access-Control-Allow-Headers: Content-Type, content-md5, x-api-key, roblox-entry-attributes, roblox-entry-userids","Access-Control-Expose-Headers: content-md5, roblox-entry-version, roblox-entry-created-time, roblox-entry-version-created-time, roblox-entry-attributes, roblox-entry-userids","content-md5: ISrQvcR3cCivBXYWRQ9mVA==","roblox-entry-version: 08D9E6A3F2188CFF.0000000033.08D9E6A3F2188CFF.01","roblox-entry-created-time: 2026-05-21T17:35:27+00:00","roblox-entry-version-created-time: 2026-05-22T00:46:15+00:00"]
RESPONSE CODE: 200

=== 2026-05-22T00:46:40+00:00 ===
METHOD: POST
URI: /v2/persistence/0/datastores/objects/object?datastore=aaa&objectKey=global%2Faaa
QUERY: datastore=aaa&objectKey=global%2Faaa
HEADERS: {"Host":"localhost","Accept":"*\/*","Cookie":".ROBLOSECURITY=_|WARNING:-DO-NOT-SHARE-THIS.--Sharing-this-will-allow-someone-to-log-in-as-you-and-to-steal-your-ROBUX-and-items.|_CAEaAhADIhsKBGR1aWQSEzU0NTU4OTg4OTI3OTEyMTU4NTEoAw.1BVOyK1BAH5pDnoncW8bWGWIb2wY8vWsFT3m415I78jPkJsDLrjf0yiFKNjrTWoMmMlYkxxSPEqRnqmw2okGG5LnjoOfFSDS5HOBOieOmgGpRpXjRkw6fCYn-tK89FxI3Ccc-CN9-XHdyToBJZfJsRizxhiHErk376he1D0i46U3t6mm12fUXG05-6M0cWDx69DNe_0ETib7sUL4gWGwWfexxHDMOblrE5TZVpjlw_CRnDVv6NgYrQcQapwZqmLJ-gOwZiz1VIqsCIeTBKE3mSVpi6jYqXus3EAU9KHQtWPhP3u7gJISFS5NqrK1rYW_vPsqCznSzLgpm7b0DCATwXRLMajqj-NMdP-2hldqnbJFHjAOYHB51qHEjJWA_N5dXgvuvxogLrxRs2RfaD_lHI5cVSL2XWy3v8BfHexXUltrxRJ3CtOenCZcTEUzE2TNdnF_-w4CUts_G88v9vAemps0riKhYoXMD3jKA_KLAaUVC5o_uP9BcHzYCA5HiFz8n17rX3cCqsio8IHmaoDeIRVgcPjEWssmdVKprA0vB3SZds5x3axy8r-T5eN2lt2vf7LoNvXOuaq2vau8vNrQpMywjSLSq7N-ia9f--xG1WqAv3IIJ9GpbbWr-BViuFhYjklw3I6YxM_svkwpla7YS8JHyp2ivtvvUrND-VLp7UQGMG6MxkMVL0GQX_v_gxl10f7kiI7waTjfdGKnTUrzOM920E8lwV-6owopzz50-J8dWN2qweDw8ghoe5gu9d5Uz5Do9HtFJg3_NVGTCJ1gtcoIntuR_CYSW3MY2afHCRd885kBEtbaHEzmMOjH-3FQR-VBAQ2dCZzJGg8gbYWqvTGACyVvaXkM16LArM15OEJ9eIpWEd4dvvR0GlmM5Igpe91M30Da7Mt3y8_aMnn42Dwj0fGR_NNoUIWWB690CP-G2UmW1_8L5ujJmAPsYWg_6cEB0A","Cache-Control":"no-cache","User-Agent":"RobloxStudio\/WinInet RobloxApp\/0.578.0.5780566 (GlobalDist; RobloxDirectDownload)","Content-Type":"application\/octet-stream","Content-MD5":"wxr8P8IwzU\/SlmpsEK9t5Q==","Content-Length":"3","Connection":"keep-alive"}
BODY: owo
op=entry ds=aaa key=aaa scope=global
POST RESPONSE contentLength: 3
RESPONSE HEADERS: ["X-Powered-By: PHP\/5.5.15","Content-Type: application\/json","Access-Control-Allow-Origin: *","Access-Control-Allow-Methods: GET, POST, DELETE, OPTIONS","Access-Control-Allow-Headers: Content-Type, content-md5, x-api-key, roblox-entry-attributes, roblox-entry-userids","Access-Control-Expose-Headers: content-md5, roblox-entry-version, roblox-entry-created-time, roblox-entry-version-created-time, roblox-entry-attributes, roblox-entry-userids","content-md5: ISrQvcR3cCivBXYWRQ9mVA==","roblox-entry-version: 08D9E6A3F2188CFF.0000000034.08D9E6A3F2188CFF.01","roblox-entry-created-time: 2026-05-21T17:35:27+00:00","roblox-entry-version-created-time: 2026-05-22T00:46:40+00:00"]
RESPONSE CODE: 200

=== 2026-05-22T00:48:26+00:00 ===
METHOD: GET
URI: /v2/persistence/0/datastores/objects/object?datastore=aaa&objectKey=global%2Faaa
QUERY: datastore=aaa&objectKey=global%2Faaa
HEADERS: {"Host":"localhost","Connection":"keep-alive","Cache-Control":"max-age=0","sec-ch-ua":"\"Opera GX\";v=\"131\", \"Not.A\/Brand\";v=\"8\", \"Chromium\";v=\"147\"","sec-ch-ua-mobile":"?0","sec-ch-ua-platform":"\"Windows\"","Upgrade-Insecure-Requests":"1","User-Agent":"Mozilla\/5.0 (Windows NT 10.0; Win64; x64) AppleWebKit\/537.36 (KHTML, like Gecko) Chrome\/147.0.0.0 Safari\/537.36 OPR\/131.0.0.0","Accept":"text\/html,application\/xhtml+xml,application\/xml;q=0.9,image\/avif,image\/webp,image\/apng,*\/*;q=0.8,application\/signed-exchange;v=b3;q=0.7","Sec-Fetch-Site":"none","Sec-Fetch-Mode":"navigate","Sec-Fetch-User":"?1","Sec-Fetch-Dest":"document","Accept-Encoding":"gzip, deflate, br, zstd","Accept-Language":"en-US,en;q=0.9,ko;q=0.8,zh-CN;q=0.7,zh;q=0.6,fr;q=0.5,ja;q=0.4,es;q=0.3,pl;q=0.2"}
BODY: 
op=entry ds=aaa key=aaa scope=global
RESPONSE HEADERS: ["X-Powered-By: PHP\/5.5.15","Content-Type: application\/json","Access-Control-Allow-Origin: *","Access-Control-Allow-Methods: GET, POST, DELETE, OPTIONS","Access-Control-Allow-Headers: Content-Type, content-md5, x-api-key, roblox-entry-attributes, roblox-entry-userids","Access-Control-Expose-Headers: content-md5, roblox-entry-version, roblox-entry-created-time, roblox-entry-version-created-time, roblox-entry-attributes, roblox-entry-userids","content-md5: ISrQvcR3cCivBXYWRQ9mVA==","roblox-entry-version: 08D9E6A3F2188CFF.0000000034.08D9E6A3F2188CFF.01","roblox-entry-created-time: 2026-05-21T17:35:27+00:00","roblox-entry-version-created-time: 2026-05-22T00:46:40+00:00"]
RESPONSE CODE: 200

=== 2026-05-22T00:48:27+00:00 ===
METHOD: GET
URI: /v2/persistence/0/datastores/objects/object?datastore=aaa&objectKey=global%2Faaa
QUERY: datastore=aaa&objectKey=global%2Faaa
HEADERS: {"Host":"localhost","Connection":"keep-alive","Cache-Control":"max-age=0","sec-ch-ua":"\"Opera GX\";v=\"131\", \"Not.A\/Brand\";v=\"8\", \"Chromium\";v=\"147\"","sec-ch-ua-mobile":"?0","sec-ch-ua-platform":"\"Windows\"","Upgrade-Insecure-Requests":"1","User-Agent":"Mozilla\/5.0 (Windows NT 10.0; Win64; x64) AppleWebKit\/537.36 (KHTML, like Gecko) Chrome\/147.0.0.0 Safari\/537.36 OPR\/131.0.0.0","Accept":"text\/html,application\/xhtml+xml,application\/xml;q=0.9,image\/avif,image\/webp,image\/apng,*\/*;q=0.8,application\/signed-exchange;v=b3;q=0.7","Sec-Fetch-Site":"none","Sec-Fetch-Mode":"navigate","Sec-Fetch-User":"?1","Sec-Fetch-Dest":"document","Accept-Encoding":"gzip, deflate, br, zstd","Accept-Language":"en-US,en;q=0.9,ko;q=0.8,zh-CN;q=0.7,zh;q=0.6,fr;q=0.5,ja;q=0.4,es;q=0.3,pl;q=0.2"}
BODY: 
op=entry ds=aaa key=aaa scope=global
RESPONSE HEADERS: ["X-Powered-By: PHP\/5.5.15","Content-Type: application\/json","Access-Control-Allow-Origin: *","Access-Control-Allow-Methods: GET, POST, DELETE, OPTIONS","Access-Control-Allow-Headers: Content-Type, content-md5, x-api-key, roblox-entry-attributes, roblox-entry-userids","Access-Control-Expose-Headers: content-md5, roblox-entry-version, roblox-entry-created-time, roblox-entry-version-created-time, roblox-entry-attributes, roblox-entry-userids","content-md5: ISrQvcR3cCivBXYWRQ9mVA==","roblox-entry-version: 08D9E6A3F2188CFF.0000000034.08D9E6A3F2188CFF.01","roblox-entry-created-time: 2026-05-21T17:35:27+00:00","roblox-entry-version-created-time: 2026-05-22T00:46:40+00:00"]
RESPONSE CODE: 200

=== 2026-05-22T00:48:29+00:00 ===
METHOD: GET
URI: /v2/persistence/0/datastores/objects/object?datastore=aaa&objectKey=global%2Faaa
QUERY: datastore=aaa&objectKey=global%2Faaa
HEADERS: {"Host":"localhost","Connection":"keep-alive","Cache-Control":"max-age=0","sec-ch-ua":"\"Opera GX\";v=\"131\", \"Not.A\/Brand\";v=\"8\", \"Chromium\";v=\"147\"","sec-ch-ua-mobile":"?0","sec-ch-ua-platform":"\"Windows\"","Upgrade-Insecure-Requests":"1","User-Agent":"Mozilla\/5.0 (Windows NT 10.0; Win64; x64) AppleWebKit\/537.36 (KHTML, like Gecko) Chrome\/147.0.0.0 Safari\/537.36 OPR\/131.0.0.0","Accept":"text\/html,application\/xhtml+xml,application\/xml;q=0.9,image\/avif,image\/webp,image\/apng,*\/*;q=0.8,application\/signed-exchange;v=b3;q=0.7","Sec-Fetch-Site":"none","Sec-Fetch-Mode":"navigate","Sec-Fetch-User":"?1","Sec-Fetch-Dest":"document","Accept-Encoding":"gzip, deflate, br, zstd","Accept-Language":"en-US,en;q=0.9,ko;q=0.8,zh-CN;q=0.7,zh;q=0.6,fr;q=0.5,ja;q=0.4,es;q=0.3,pl;q=0.2"}
BODY: 
op=entry ds=aaa key=aaa scope=global
RESPONSE HEADERS: ["X-Powered-By: PHP\/5.5.15","Content-Type: application\/json","Access-Control-Allow-Origin: *","Access-Control-Allow-Methods: GET, POST, DELETE, OPTIONS","Access-Control-Allow-Headers: Content-Type, content-md5, x-api-key, roblox-entry-attributes, roblox-entry-userids","Access-Control-Expose-Headers: content-md5, roblox-entry-version, roblox-entry-created-time, roblox-entry-version-created-time, roblox-entry-attributes, roblox-entry-userids","content-md5: ISrQvcR3cCivBXYWRQ9mVA==","roblox-entry-version: 08D9E6A3F2188CFF.0000000034.08D9E6A3F2188CFF.01","roblox-entry-created-time: 2026-05-21T17:35:27+00:00","roblox-entry-version-created-time: 2026-05-22T00:46:40+00:00"]
RESPONSE CODE: 200

=== 2026-05-22T00:48:29+00:00 ===
METHOD: GET
URI: /v2/persistence/0/datastores/objects/object?datastore=aaa&objectKey=global%2Faaa
QUERY: datastore=aaa&objectKey=global%2Faaa
HEADERS: {"Host":"localhost","Connection":"keep-alive","Cache-Control":"max-age=0","sec-ch-ua":"\"Opera GX\";v=\"131\", \"Not.A\/Brand\";v=\"8\", \"Chromium\";v=\"147\"","sec-ch-ua-mobile":"?0","sec-ch-ua-platform":"\"Windows\"","Upgrade-Insecure-Requests":"1","User-Agent":"Mozilla\/5.0 (Windows NT 10.0; Win64; x64) AppleWebKit\/537.36 (KHTML, like Gecko) Chrome\/147.0.0.0 Safari\/537.36 OPR\/131.0.0.0","Accept":"text\/html,application\/xhtml+xml,application\/xml;q=0.9,image\/avif,image\/webp,image\/apng,*\/*;q=0.8,application\/signed-exchange;v=b3;q=0.7","Sec-Fetch-Site":"none","Sec-Fetch-Mode":"navigate","Sec-Fetch-User":"?1","Sec-Fetch-Dest":"document","Accept-Encoding":"gzip, deflate, br, zstd","Accept-Language":"en-US,en;q=0.9,ko;q=0.8,zh-CN;q=0.7,zh;q=0.6,fr;q=0.5,ja;q=0.4,es;q=0.3,pl;q=0.2"}
BODY: 
op=entry ds=aaa key=aaa scope=global
RESPONSE HEADERS: ["X-Powered-By: PHP\/5.5.15","Content-Type: application\/json","Access-Control-Allow-Origin: *","Access-Control-Allow-Methods: GET, POST, DELETE, OPTIONS","Access-Control-Allow-Headers: Content-Type, content-md5, x-api-key, roblox-entry-attributes, roblox-entry-userids","Access-Control-Expose-Headers: content-md5, roblox-entry-version, roblox-entry-created-time, roblox-entry-version-created-time, roblox-entry-attributes, roblox-entry-userids","content-md5: ISrQvcR3cCivBXYWRQ9mVA==","roblox-entry-version: 08D9E6A3F2188CFF.0000000034.08D9E6A3F2188CFF.01","roblox-entry-created-time: 2026-05-21T17:35:27+00:00","roblox-entry-version-created-time: 2026-05-22T00:46:40+00:00"]
RESPONSE CODE: 200

=== 2026-05-22T00:48:30+00:00 ===
METHOD: GET
URI: /v2/persistence/0/datastores/objects/object?datastore=aaa&objectKey=global%2Faaa
QUERY: datastore=aaa&objectKey=global%2Faaa
HEADERS: {"Host":"localhost","Connection":"keep-alive","Cache-Control":"max-age=0","sec-ch-ua":"\"Opera GX\";v=\"131\", \"Not.A\/Brand\";v=\"8\", \"Chromium\";v=\"147\"","sec-ch-ua-mobile":"?0","sec-ch-ua-platform":"\"Windows\"","Upgrade-Insecure-Requests":"1","User-Agent":"Mozilla\/5.0 (Windows NT 10.0; Win64; x64) AppleWebKit\/537.36 (KHTML, like Gecko) Chrome\/147.0.0.0 Safari\/537.36 OPR\/131.0.0.0","Accept":"text\/html,application\/xhtml+xml,application\/xml;q=0.9,image\/avif,image\/webp,image\/apng,*\/*;q=0.8,application\/signed-exchange;v=b3;q=0.7","Sec-Fetch-Site":"none","Sec-Fetch-Mode":"navigate","Sec-Fetch-User":"?1","Sec-Fetch-Dest":"document","Accept-Encoding":"gzip, deflate, br, zstd","Accept-Language":"en-US,en;q=0.9,ko;q=0.8,zh-CN;q=0.7,zh;q=0.6,fr;q=0.5,ja;q=0.4,es;q=0.3,pl;q=0.2"}
BODY: 
op=entry ds=aaa key=aaa scope=global
RESPONSE HEADERS: ["X-Powered-By: PHP\/5.5.15","Content-Type: application\/json","Access-Control-Allow-Origin: *","Access-Control-Allow-Methods: GET, POST, DELETE, OPTIONS","Access-Control-Allow-Headers: Content-Type, content-md5, x-api-key, roblox-entry-attributes, roblox-entry-userids","Access-Control-Expose-Headers: content-md5, roblox-entry-version, roblox-entry-created-time, roblox-entry-version-created-time, roblox-entry-attributes, roblox-entry-userids","content-md5: ISrQvcR3cCivBXYWRQ9mVA==","roblox-entry-version: 08D9E6A3F2188CFF.0000000034.08D9E6A3F2188CFF.01","roblox-entry-created-time: 2026-05-21T17:35:27+00:00","roblox-entry-version-created-time: 2026-05-22T00:46:40+00:00"]
RESPONSE CODE: 200

=== 2026-05-22T00:48:31+00:00 ===
METHOD: GET
URI: /v2/persistence/0/datastores/objects/object?datastore=aaa&objectKey=global%2Faaa
QUERY: datastore=aaa&objectKey=global%2Faaa
HEADERS: {"Host":"localhost","Connection":"keep-alive","Cache-Control":"max-age=0","sec-ch-ua":"\"Opera GX\";v=\"131\", \"Not.A\/Brand\";v=\"8\", \"Chromium\";v=\"147\"","sec-ch-ua-mobile":"?0","sec-ch-ua-platform":"\"Windows\"","Upgrade-Insecure-Requests":"1","User-Agent":"Mozilla\/5.0 (Windows NT 10.0; Win64; x64) AppleWebKit\/537.36 (KHTML, like Gecko) Chrome\/147.0.0.0 Safari\/537.36 OPR\/131.0.0.0","Accept":"text\/html,application\/xhtml+xml,application\/xml;q=0.9,image\/avif,image\/webp,image\/apng,*\/*;q=0.8,application\/signed-exchange;v=b3;q=0.7","Sec-Fetch-Site":"none","Sec-Fetch-Mode":"navigate","Sec-Fetch-User":"?1","Sec-Fetch-Dest":"document","Accept-Encoding":"gzip, deflate, br, zstd","Accept-Language":"en-US,en;q=0.9,ko;q=0.8,zh-CN;q=0.7,zh;q=0.6,fr;q=0.5,ja;q=0.4,es;q=0.3,pl;q=0.2"}
BODY: 
op=entry ds=aaa key=aaa scope=global
RESPONSE HEADERS: ["X-Powered-By: PHP\/5.5.15","Content-Type: application\/json","Access-Control-Allow-Origin: *","Access-Control-Allow-Methods: GET, POST, DELETE, OPTIONS","Access-Control-Allow-Headers: Content-Type, content-md5, x-api-key, roblox-entry-attributes, roblox-entry-userids","Access-Control-Expose-Headers: content-md5, roblox-entry-version, roblox-entry-created-time, roblox-entry-version-created-time, roblox-entry-attributes, roblox-entry-userids","content-md5: ISrQvcR3cCivBXYWRQ9mVA==","roblox-entry-version: 08D9E6A3F2188CFF.0000000034.08D9E6A3F2188CFF.01","roblox-entry-created-time: 2026-05-21T17:35:27+00:00","roblox-entry-version-created-time: 2026-05-22T00:46:40+00:00"]
RESPONSE CODE: 200

=== 2026-05-22T00:48:41+00:00 ===
METHOD: POST
URI: /v2/persistence/0/datastores/objects/object?datastore=aaa&objectKey=global%2Faaa
QUERY: datastore=aaa&objectKey=global%2Faaa
HEADERS: {"Host":"localhost","Accept":"*\/*","Cookie":".ROBLOSECURITY=","Accept-Encoding":"gzip, deflate","Cache-Control":"no-cache","Connection":"keep-alive","User-Agent":"RobloxStudio\/WinInet RobloxApp\/0.578.0.5780566 (GlobalDist; RobloxDirectDownload)","Content-Type":"application\/octet-stream","Content-MD5":"wxr8P8IwzU\/SlmpsEK9t5Q==","Content-Length":"5"}
BODY: "owo"
op=entry ds=aaa key=aaa scope=global
POST RESPONSE contentLength: 5
RESPONSE HEADERS: ["X-Powered-By: PHP\/5.5.15","Content-Type: application\/json","Access-Control-Allow-Origin: *","Access-Control-Allow-Methods: GET, POST, DELETE, OPTIONS","Access-Control-Allow-Headers: Content-Type, content-md5, x-api-key, roblox-entry-attributes, roblox-entry-userids","Access-Control-Expose-Headers: content-md5, roblox-entry-version, roblox-entry-created-time, roblox-entry-version-created-time, roblox-entry-attributes, roblox-entry-userids","content-md5: wxr8P8IwzU\/SlmpsEK9t5Q==","roblox-entry-version: 08D9E6A3F2188CFF.0000000035.08D9E6A3F2188CFF.01","roblox-entry-created-time: 2026-05-21T17:35:27+00:00","roblox-entry-version-created-time: 2026-05-22T00:48:41+00:00"]
RESPONSE CODE: 200

=== 2026-05-22T00:48:47+00:00 ===
METHOD: GET
URI: /v2/persistence/0/datastores/objects/object?datastore=aaa&objectKey=global%2Faaa
QUERY: datastore=aaa&objectKey=global%2Faaa
HEADERS: {"Host":"localhost","Accept":"*\/*","Cookie":".ROBLOSECURITY=","Accept-Encoding":"gzip, deflate","Cache-Control":"no-cache","Connection":"keep-alive","User-Agent":"RobloxStudio\/WinInet RobloxApp\/0.578.0.5780566 (GlobalDist; RobloxDirectDownload)","Content-Type":"application\/octet-stream","Content-Length":"0"}
BODY: 
op=entry ds=aaa key=aaa scope=global
RESPONSE HEADERS: ["X-Powered-By: PHP\/5.5.15","Content-Type: application\/json","Access-Control-Allow-Origin: *","Access-Control-Allow-Methods: GET, POST, DELETE, OPTIONS","Access-Control-Allow-Headers: Content-Type, content-md5, x-api-key, roblox-entry-attributes, roblox-entry-userids","Access-Control-Expose-Headers: content-md5, roblox-entry-version, roblox-entry-created-time, roblox-entry-version-created-time, roblox-entry-attributes, roblox-entry-userids","content-md5: wxr8P8IwzU\/SlmpsEK9t5Q==","roblox-entry-version: 08D9E6A3F2188CFF.0000000035.08D9E6A3F2188CFF.01","roblox-entry-created-time: 2026-05-21T17:35:27+00:00","roblox-entry-version-created-time: 2026-05-22T00:48:41+00:00"]
RESPONSE CODE: 200

=== 2026-05-22T00:50:24+00:00 ===
METHOD: GET
URI: /v2/persistence/0/datastores/objects/object?datastore=aaa&objectKey=global%2Faaa
QUERY: datastore=aaa&objectKey=global%2Faaa
HEADERS: {"Host":"localhost","Connection":"keep-alive","Cache-Control":"max-age=0","sec-ch-ua":"\"Opera GX\";v=\"131\", \"Not.A\/Brand\";v=\"8\", \"Chromium\";v=\"147\"","sec-ch-ua-mobile":"?0","sec-ch-ua-platform":"\"Windows\"","Upgrade-Insecure-Requests":"1","User-Agent":"Mozilla\/5.0 (Windows NT 10.0; Win64; x64) AppleWebKit\/537.36 (KHTML, like Gecko) Chrome\/147.0.0.0 Safari\/537.36 OPR\/131.0.0.0","Accept":"text\/html,application\/xhtml+xml,application\/xml;q=0.9,image\/avif,image\/webp,image\/apng,*\/*;q=0.8,application\/signed-exchange;v=b3;q=0.7","Sec-Fetch-Site":"none","Sec-Fetch-Mode":"navigate","Sec-Fetch-User":"?1","Sec-Fetch-Dest":"document","Accept-Encoding":"gzip, deflate, br, zstd","Accept-Language":"en-US,en;q=0.9,ko;q=0.8,zh-CN;q=0.7,zh;q=0.6,fr;q=0.5,ja;q=0.4,es;q=0.3,pl;q=0.2"}
BODY: 
op=entry ds=aaa key=aaa scope=global
RESPONSE HEADERS: ["X-Powered-By: PHP\/5.5.15","Content-Type: application\/json","Access-Control-Allow-Origin: *","Access-Control-Allow-Methods: GET, POST, DELETE, OPTIONS","Access-Control-Allow-Headers: Content-Type, content-md5, x-api-key, roblox-entry-attributes, roblox-entry-userids","Access-Control-Expose-Headers: content-md5, roblox-entry-version, roblox-entry-created-time, roblox-entry-version-created-time, roblox-entry-attributes, roblox-entry-userids","content-md5: wxr8P8IwzU\/SlmpsEK9t5Q==","roblox-entry-version: 08D9E6A3F2188CFF.0000000035.08D9E6A3F2188CFF.01","roblox-entry-created-time: 2026-05-21T17:35:27+00:00","roblox-entry-version-created-time: 2026-05-22T00:48:41+00:00"]
RESPONSE CODE: 200

=== 2026-05-22T00:50:28+00:00 ===
METHOD: GET
URI: /v2/persistence/0/datastores/objects/object?datastore=aaa&objectKey=global%2Faaa
QUERY: datastore=aaa&objectKey=global%2Faaa
HEADERS: {"Host":"localhost","Accept":"*\/*","Cookie":".ROBLOSECURITY=","Accept-Encoding":"gzip, deflate","Cache-Control":"no-cache","Connection":"keep-alive","User-Agent":"RobloxStudio\/WinInet RobloxApp\/0.578.0.5780566 (GlobalDist; RobloxDirectDownload)","Content-Type":"application\/octet-stream","Content-Length":"0"}
BODY: 
op=entry ds=aaa key=aaa scope=global
RESPONSE HEADERS: ["X-Powered-By: PHP\/5.5.15","Content-Type: application\/json","Access-Control-Allow-Origin: *","Access-Control-Allow-Methods: GET, POST, DELETE, OPTIONS","Access-Control-Allow-Headers: Content-Type, content-md5, x-api-key, roblox-entry-attributes, roblox-entry-userids","Access-Control-Expose-Headers: content-md5, roblox-entry-version, roblox-entry-created-time, roblox-entry-version-created-time, roblox-entry-attributes, roblox-entry-userids","content-md5: wxr8P8IwzU\/SlmpsEK9t5Q==","roblox-entry-version: 08D9E6A3F2188CFF.0000000035.08D9E6A3F2188CFF.01","roblox-entry-created-time: 2026-05-21T17:35:27+00:00","roblox-entry-version-created-time: 2026-05-22T00:48:41+00:00"]
RESPONSE CODE: 200

=== 2026-05-22T00:50:29+00:00 ===
METHOD: GET
URI: /v2/persistence/0/datastores/objects/object?datastore=aaa&objectKey=global%2Faaa
QUERY: datastore=aaa&objectKey=global%2Faaa
HEADERS: {"Host":"localhost","Accept":"*\/*","Cookie":".ROBLOSECURITY=","Accept-Encoding":"gzip, deflate","Cache-Control":"no-cache","Connection":"keep-alive","User-Agent":"RobloxStudio\/WinInet RobloxApp\/0.578.0.5780566 (GlobalDist; RobloxDirectDownload)","Content-Type":"application\/octet-stream","Content-Length":"0"}
BODY: 
op=entry ds=aaa key=aaa scope=global
RESPONSE HEADERS: ["X-Powered-By: PHP\/5.5.15","Content-Type: application\/json","Access-Control-Allow-Origin: *","Access-Control-Allow-Methods: GET, POST, DELETE, OPTIONS","Access-Control-Allow-Headers: Content-Type, content-md5, x-api-key, roblox-entry-attributes, roblox-entry-userids","Access-Control-Expose-Headers: content-md5, roblox-entry-version, roblox-entry-created-time, roblox-entry-version-created-time, roblox-entry-attributes, roblox-entry-userids","content-md5: wxr8P8IwzU\/SlmpsEK9t5Q==","roblox-entry-version: 08D9E6A3F2188CFF.0000000035.08D9E6A3F2188CFF.01","roblox-entry-created-time: 2026-05-21T17:35:27+00:00","roblox-entry-version-created-time: 2026-05-22T00:48:41+00:00"]
RESPONSE CODE: 200

=== 2026-05-22T00:50:33+00:00 ===
METHOD: GET
URI: /v2/persistence/0/datastores/objects/object?datastore=aaa&objectKey=global%2Faaa
QUERY: datastore=aaa&objectKey=global%2Faaa
HEADERS: {"Host":"localhost","Accept":"*\/*","Cookie":".ROBLOSECURITY=","Accept-Encoding":"gzip, deflate","Cache-Control":"no-cache","Connection":"keep-alive","User-Agent":"RobloxStudio\/WinInet RobloxApp\/0.578.0.5780566 (GlobalDist; RobloxDirectDownload)","Content-Type":"application\/octet-stream","Content-Length":"0"}
BODY: 
op=entry ds=aaa key=aaa scope=global
RESPONSE HEADERS: ["X-Powered-By: PHP\/5.5.15","Content-Type: application\/json","Access-Control-Allow-Origin: *","Access-Control-Allow-Methods: GET, POST, DELETE, OPTIONS","Access-Control-Allow-Headers: Content-Type, content-md5, x-api-key, roblox-entry-attributes, roblox-entry-userids","Access-Control-Expose-Headers: content-md5, roblox-entry-version, roblox-entry-created-time, roblox-entry-version-created-time, roblox-entry-attributes, roblox-entry-userids","content-md5: wxr8P8IwzU\/SlmpsEK9t5Q==","roblox-entry-version: 08D9E6A3F2188CFF.0000000035.08D9E6A3F2188CFF.01","roblox-entry-created-time: 2026-05-21T17:35:27+00:00","roblox-entry-version-created-time: 2026-05-22T00:48:41+00:00"]
RESPONSE CODE: 200

=== 2026-05-22T00:50:34+00:00 ===
METHOD: GET
URI: /v2/persistence/0/datastores/objects/object?datastore=aaa&objectKey=global%2Faaa
QUERY: datastore=aaa&objectKey=global%2Faaa
HEADERS: {"Host":"localhost","Accept":"*\/*","Cookie":".ROBLOSECURITY=","Accept-Encoding":"gzip, deflate","Cache-Control":"no-cache","Connection":"keep-alive","User-Agent":"RobloxStudio\/WinInet RobloxApp\/0.578.0.5780566 (GlobalDist; RobloxDirectDownload)","Content-Type":"application\/octet-stream","Content-Length":"0"}
BODY: 
op=entry ds=aaa key=aaa scope=global
RESPONSE HEADERS: ["X-Powered-By: PHP\/5.5.15","Content-Type: application\/json","Access-Control-Allow-Origin: *","Access-Control-Allow-Methods: GET, POST, DELETE, OPTIONS","Access-Control-Allow-Headers: Content-Type, content-md5, x-api-key, roblox-entry-attributes, roblox-entry-userids","Access-Control-Expose-Headers: content-md5, roblox-entry-version, roblox-entry-created-time, roblox-entry-version-created-time, roblox-entry-attributes, roblox-entry-userids","content-md5: wxr8P8IwzU\/SlmpsEK9t5Q==","roblox-entry-version: 08D9E6A3F2188CFF.0000000035.08D9E6A3F2188CFF.01","roblox-entry-created-time: 2026-05-21T17:35:27+00:00","roblox-entry-version-created-time: 2026-05-22T00:48:41+00:00"]
RESPONSE CODE: 200

=== 2026-05-22T00:50:34+00:00 ===
METHOD: GET
URI: /v2/persistence/0/datastores/objects/object?datastore=aaa&objectKey=global%2Faaa
QUERY: datastore=aaa&objectKey=global%2Faaa
HEADERS: {"Host":"localhost","Accept":"*\/*","Cookie":".ROBLOSECURITY=","Accept-Encoding":"gzip, deflate","Cache-Control":"no-cache","Connection":"keep-alive","User-Agent":"RobloxStudio\/WinInet RobloxApp\/0.578.0.5780566 (GlobalDist; RobloxDirectDownload)","Content-Type":"application\/octet-stream","Content-Length":"0"}
BODY: 
op=entry ds=aaa key=aaa scope=global
RESPONSE HEADERS: ["X-Powered-By: PHP\/5.5.15","Content-Type: application\/json","Access-Control-Allow-Origin: *","Access-Control-Allow-Methods: GET, POST, DELETE, OPTIONS","Access-Control-Allow-Headers: Content-Type, content-md5, x-api-key, roblox-entry-attributes, roblox-entry-userids","Access-Control-Expose-Headers: content-md5, roblox-entry-version, roblox-entry-created-time, roblox-entry-version-created-time, roblox-entry-attributes, roblox-entry-userids","content-md5: wxr8P8IwzU\/SlmpsEK9t5Q==","roblox-entry-version: 08D9E6A3F2188CFF.0000000035.08D9E6A3F2188CFF.01","roblox-entry-created-time: 2026-05-21T17:35:27+00:00","roblox-entry-version-created-time: 2026-05-22T00:48:41+00:00"]
RESPONSE CODE: 200

=== 2026-05-22T00:50:34+00:00 ===
METHOD: GET
URI: /v2/persistence/0/datastores/objects/object?datastore=aaa&objectKey=global%2Faaa
QUERY: datastore=aaa&objectKey=global%2Faaa
HEADERS: {"Host":"localhost","Accept":"*\/*","Cookie":".ROBLOSECURITY=","Accept-Encoding":"gzip, deflate","Cache-Control":"no-cache","Connection":"keep-alive","User-Agent":"RobloxStudio\/WinInet RobloxApp\/0.578.0.5780566 (GlobalDist; RobloxDirectDownload)","Content-Type":"application\/octet-stream","Content-Length":"0"}
BODY: 
op=entry ds=aaa key=aaa scope=global
RESPONSE HEADERS: ["X-Powered-By: PHP\/5.5.15","Content-Type: application\/json","Access-Control-Allow-Origin: *","Access-Control-Allow-Methods: GET, POST, DELETE, OPTIONS","Access-Control-Allow-Headers: Content-Type, content-md5, x-api-key, roblox-entry-attributes, roblox-entry-userids","Access-Control-Expose-Headers: content-md5, roblox-entry-version, roblox-entry-created-time, roblox-entry-version-created-time, roblox-entry-attributes, roblox-entry-userids","content-md5: wxr8P8IwzU\/SlmpsEK9t5Q==","roblox-entry-version: 08D9E6A3F2188CFF.0000000035.08D9E6A3F2188CFF.01","roblox-entry-created-time: 2026-05-21T17:35:27+00:00","roblox-entry-version-created-time: 2026-05-22T00:48:41+00:00"]
RESPONSE CODE: 200

=== 2026-05-22T00:50:35+00:00 ===
METHOD: GET
URI: /v2/persistence/0/datastores/objects/object?datastore=aaa&objectKey=global%2Faaa
QUERY: datastore=aaa&objectKey=global%2Faaa
HEADERS: {"Host":"localhost","Accept":"*\/*","Cookie":".ROBLOSECURITY=","Accept-Encoding":"gzip, deflate","Cache-Control":"no-cache","Connection":"keep-alive","User-Agent":"RobloxStudio\/WinInet RobloxApp\/0.578.0.5780566 (GlobalDist; RobloxDirectDownload)","Content-Type":"application\/octet-stream","Content-Length":"0"}
BODY: 
op=entry ds=aaa key=aaa scope=global
RESPONSE HEADERS: ["X-Powered-By: PHP\/5.5.15","Content-Type: application\/json","Access-Control-Allow-Origin: *","Access-Control-Allow-Methods: GET, POST, DELETE, OPTIONS","Access-Control-Allow-Headers: Content-Type, content-md5, x-api-key, roblox-entry-attributes, roblox-entry-userids","Access-Control-Expose-Headers: content-md5, roblox-entry-version, roblox-entry-created-time, roblox-entry-version-created-time, roblox-entry-attributes, roblox-entry-userids","content-md5: wxr8P8IwzU\/SlmpsEK9t5Q==","roblox-entry-version: 08D9E6A3F2188CFF.0000000035.08D9E6A3F2188CFF.01","roblox-entry-created-time: 2026-05-21T17:35:27+00:00","roblox-entry-version-created-time: 2026-05-22T00:48:41+00:00"]
RESPONSE CODE: 200

=== 2026-05-22T00:50:35+00:00 ===
METHOD: GET
URI: /v2/persistence/0/datastores/objects/object?datastore=aaa&objectKey=global%2Faaa
QUERY: datastore=aaa&objectKey=global%2Faaa
HEADERS: {"Host":"localhost","Accept":"*\/*","Cookie":".ROBLOSECURITY=","Accept-Encoding":"gzip, deflate","Cache-Control":"no-cache","Connection":"keep-alive","User-Agent":"RobloxStudio\/WinInet RobloxApp\/0.578.0.5780566 (GlobalDist; RobloxDirectDownload)","Content-Type":"application\/octet-stream","Content-Length":"0"}
BODY: 
op=entry ds=aaa key=aaa scope=global
RESPONSE HEADERS: ["X-Powered-By: PHP\/5.5.15","Content-Type: application\/json","Access-Control-Allow-Origin: *","Access-Control-Allow-Methods: GET, POST, DELETE, OPTIONS","Access-Control-Allow-Headers: Content-Type, content-md5, x-api-key, roblox-entry-attributes, roblox-entry-userids","Access-Control-Expose-Headers: content-md5, roblox-entry-version, roblox-entry-created-time, roblox-entry-version-created-time, roblox-entry-attributes, roblox-entry-userids","content-md5: wxr8P8IwzU\/SlmpsEK9t5Q==","roblox-entry-version: 08D9E6A3F2188CFF.0000000035.08D9E6A3F2188CFF.01","roblox-entry-created-time: 2026-05-21T17:35:27+00:00","roblox-entry-version-created-time: 2026-05-22T00:48:41+00:00"]
RESPONSE CODE: 200

=== 2026-05-22T00:50:35+00:00 ===
METHOD: GET
URI: /v2/persistence/0/datastores/objects/object?datastore=aaa&objectKey=global%2Faaa
QUERY: datastore=aaa&objectKey=global%2Faaa
HEADERS: {"Host":"localhost","Accept":"*\/*","Cookie":".ROBLOSECURITY=","Accept-Encoding":"gzip, deflate","Cache-Control":"no-cache","Connection":"keep-alive","User-Agent":"RobloxStudio\/WinInet RobloxApp\/0.578.0.5780566 (GlobalDist; RobloxDirectDownload)","Content-Type":"application\/octet-stream","Content-Length":"0"}
BODY: 
op=entry ds=aaa key=aaa scope=global
RESPONSE HEADERS: ["X-Powered-By: PHP\/5.5.15","Content-Type: application\/json","Access-Control-Allow-Origin: *","Access-Control-Allow-Methods: GET, POST, DELETE, OPTIONS","Access-Control-Allow-Headers: Content-Type, content-md5, x-api-key, roblox-entry-attributes, roblox-entry-userids","Access-Control-Expose-Headers: content-md5, roblox-entry-version, roblox-entry-created-time, roblox-entry-version-created-time, roblox-entry-attributes, roblox-entry-userids","content-md5: wxr8P8IwzU\/SlmpsEK9t5Q==","roblox-entry-version: 08D9E6A3F2188CFF.0000000035.08D9E6A3F2188CFF.01","roblox-entry-created-time: 2026-05-21T17:35:27+00:00","roblox-entry-version-created-time: 2026-05-22T00:48:41+00:00"]
RESPONSE CODE: 200

=== 2026-05-22T00:50:35+00:00 ===
METHOD: GET
URI: /v2/persistence/0/datastores/objects/object?datastore=aaa&objectKey=global%2Faaa
QUERY: datastore=aaa&objectKey=global%2Faaa
HEADERS: {"Host":"localhost","Accept":"*\/*","Cookie":".ROBLOSECURITY=","Accept-Encoding":"gzip, deflate","Cache-Control":"no-cache","Connection":"keep-alive","User-Agent":"RobloxStudio\/WinInet RobloxApp\/0.578.0.5780566 (GlobalDist; RobloxDirectDownload)","Content-Type":"application\/octet-stream","Content-Length":"0"}
BODY: 
op=entry ds=aaa key=aaa scope=global
RESPONSE HEADERS: ["X-Powered-By: PHP\/5.5.15","Content-Type: application\/json","Access-Control-Allow-Origin: *","Access-Control-Allow-Methods: GET, POST, DELETE, OPTIONS","Access-Control-Allow-Headers: Content-Type, content-md5, x-api-key, roblox-entry-attributes, roblox-entry-userids","Access-Control-Expose-Headers: content-md5, roblox-entry-version, roblox-entry-created-time, roblox-entry-version-created-time, roblox-entry-attributes, roblox-entry-userids","content-md5: wxr8P8IwzU\/SlmpsEK9t5Q==","roblox-entry-version: 08D9E6A3F2188CFF.0000000035.08D9E6A3F2188CFF.01","roblox-entry-created-time: 2026-05-21T17:35:27+00:00","roblox-entry-version-created-time: 2026-05-22T00:48:41+00:00"]
RESPONSE CODE: 200

=== 2026-05-22T00:50:35+00:00 ===
METHOD: GET
URI: /v2/persistence/0/datastores/objects/object?datastore=aaa&objectKey=global%2Faaa
QUERY: datastore=aaa&objectKey=global%2Faaa
HEADERS: {"Host":"localhost","Accept":"*\/*","Cookie":".ROBLOSECURITY=","Accept-Encoding":"gzip, deflate","Cache-Control":"no-cache","Connection":"keep-alive","User-Agent":"RobloxStudio\/WinInet RobloxApp\/0.578.0.5780566 (GlobalDist; RobloxDirectDownload)","Content-Type":"application\/octet-stream","Content-Length":"0"}
BODY: 
op=entry ds=aaa key=aaa scope=global
RESPONSE HEADERS: ["X-Powered-By: PHP\/5.5.15","Content-Type: application\/json","Access-Control-Allow-Origin: *","Access-Control-Allow-Methods: GET, POST, DELETE, OPTIONS","Access-Control-Allow-Headers: Content-Type, content-md5, x-api-key, roblox-entry-attributes, roblox-entry-userids","Access-Control-Expose-Headers: content-md5, roblox-entry-version, roblox-entry-created-time, roblox-entry-version-created-time, roblox-entry-attributes, roblox-entry-userids","content-md5: wxr8P8IwzU\/SlmpsEK9t5Q==","roblox-entry-version: 08D9E6A3F2188CFF.0000000035.08D9E6A3F2188CFF.01","roblox-entry-created-time: 2026-05-21T17:35:27+00:00","roblox-entry-version-created-time: 2026-05-22T00:48:41+00:00"]
RESPONSE CODE: 200

=== 2026-05-22T00:50:35+00:00 ===
METHOD: GET
URI: /v2/persistence/0/datastores/objects/object?datastore=aaa&objectKey=global%2Faaa
QUERY: datastore=aaa&objectKey=global%2Faaa
HEADERS: {"Host":"localhost","Accept":"*\/*","Cookie":".ROBLOSECURITY=","Accept-Encoding":"gzip, deflate","Cache-Control":"no-cache","Connection":"keep-alive","User-Agent":"RobloxStudio\/WinInet RobloxApp\/0.578.0.5780566 (GlobalDist; RobloxDirectDownload)","Content-Type":"application\/octet-stream","Content-Length":"0"}
BODY: 
op=entry ds=aaa key=aaa scope=global
RESPONSE HEADERS: ["X-Powered-By: PHP\/5.5.15","Content-Type: application\/json","Access-Control-Allow-Origin: *","Access-Control-Allow-Methods: GET, POST, DELETE, OPTIONS","Access-Control-Allow-Headers: Content-Type, content-md5, x-api-key, roblox-entry-attributes, roblox-entry-userids","Access-Control-Expose-Headers: content-md5, roblox-entry-version, roblox-entry-created-time, roblox-entry-version-created-time, roblox-entry-attributes, roblox-entry-userids","content-md5: wxr8P8IwzU\/SlmpsEK9t5Q==","roblox-entry-version: 08D9E6A3F2188CFF.0000000035.08D9E6A3F2188CFF.01","roblox-entry-created-time: 2026-05-21T17:35:27+00:00","roblox-entry-version-created-time: 2026-05-22T00:48:41+00:00"]
RESPONSE CODE: 200

=== 2026-05-22T00:50:35+00:00 ===
METHOD: GET
URI: /v2/persistence/0/datastores/objects/object?datastore=aaa&objectKey=global%2Faaa
QUERY: datastore=aaa&objectKey=global%2Faaa
HEADERS: {"Host":"localhost","Accept":"*\/*","Cookie":".ROBLOSECURITY=","Accept-Encoding":"gzip, deflate","Cache-Control":"no-cache","Connection":"keep-alive","User-Agent":"RobloxStudio\/WinInet RobloxApp\/0.578.0.5780566 (GlobalDist; RobloxDirectDownload)","Content-Type":"application\/octet-stream","Content-Length":"0"}
BODY: 
op=entry ds=aaa key=aaa scope=global
RESPONSE HEADERS: ["X-Powered-By: PHP\/5.5.15","Content-Type: application\/json","Access-Control-Allow-Origin: *","Access-Control-Allow-Methods: GET, POST, DELETE, OPTIONS","Access-Control-Allow-Headers: Content-Type, content-md5, x-api-key, roblox-entry-attributes, roblox-entry-userids","Access-Control-Expose-Headers: content-md5, roblox-entry-version, roblox-entry-created-time, roblox-entry-version-created-time, roblox-entry-attributes, roblox-entry-userids","content-md5: wxr8P8IwzU\/SlmpsEK9t5Q==","roblox-entry-version: 08D9E6A3F2188CFF.0000000035.08D9E6A3F2188CFF.01","roblox-entry-created-time: 2026-05-21T17:35:27+00:00","roblox-entry-version-created-time: 2026-05-22T00:48:41+00:00"]
RESPONSE CODE: 200

=== 2026-05-22T00:50:36+00:00 ===
METHOD: GET
URI: /v2/persistence/0/datastores/objects/object?datastore=aaa&objectKey=global%2Faaa
QUERY: datastore=aaa&objectKey=global%2Faaa
HEADERS: {"Host":"localhost","Accept":"*\/*","Cookie":".ROBLOSECURITY=","Accept-Encoding":"gzip, deflate","Cache-Control":"no-cache","Connection":"keep-alive","User-Agent":"RobloxStudio\/WinInet RobloxApp\/0.578.0.5780566 (GlobalDist; RobloxDirectDownload)","Content-Type":"application\/octet-stream","Content-Length":"0"}
BODY: 
op=entry ds=aaa key=aaa scope=global
RESPONSE HEADERS: ["X-Powered-By: PHP\/5.5.15","Content-Type: application\/json","Access-Control-Allow-Origin: *","Access-Control-Allow-Methods: GET, POST, DELETE, OPTIONS","Access-Control-Allow-Headers: Content-Type, content-md5, x-api-key, roblox-entry-attributes, roblox-entry-userids","Access-Control-Expose-Headers: content-md5, roblox-entry-version, roblox-entry-created-time, roblox-entry-version-created-time, roblox-entry-attributes, roblox-entry-userids","content-md5: wxr8P8IwzU\/SlmpsEK9t5Q==","roblox-entry-version: 08D9E6A3F2188CFF.0000000035.08D9E6A3F2188CFF.01","roblox-entry-created-time: 2026-05-21T17:35:27+00:00","roblox-entry-version-created-time: 2026-05-22T00:48:41+00:00"]
RESPONSE CODE: 200

=== 2026-05-22T00:50:54+00:00 ===
METHOD: GET
URI: /v2/persistence/0/datastores/objects/object?datastore=aaa&objectKey=global%2Faaa
QUERY: datastore=aaa&objectKey=global%2Faaa
HEADERS: {"Host":"localhost","Accept":"*\/*","Cookie":".ROBLOSECURITY=","Accept-Encoding":"gzip, deflate","Cache-Control":"no-cache","Connection":"keep-alive","User-Agent":"RobloxStudio\/WinInet RobloxApp\/0.578.0.5780566 (GlobalDist; RobloxDirectDownload)","Content-Type":"application\/octet-stream","Content-Length":"0"}
BODY: 
op=entry ds=aaa key=aaa scope=global
RESPONSE HEADERS: ["X-Powered-By: PHP\/5.5.15","Content-Type: application\/json","Access-Control-Allow-Origin: *","Access-Control-Allow-Methods: GET, POST, DELETE, OPTIONS","Access-Control-Allow-Headers: Content-Type, content-md5, x-api-key, roblox-entry-attributes, roblox-entry-userids","Access-Control-Expose-Headers: content-md5, roblox-entry-version, roblox-entry-created-time, roblox-entry-version-created-time, roblox-entry-attributes, roblox-entry-userids","content-md5: wxr8P8IwzU\/SlmpsEK9t5Q==","roblox-entry-version: 08D9E6A3F2188CFF.0000000035.08D9E6A3F2188CFF.01","roblox-entry-created-time: 2026-05-21T17:35:27+00:00","roblox-entry-version-created-time: 2026-05-22T00:48:41+00:00"]
RESPONSE CODE: 200

=== 2026-05-22T00:50:55+00:00 ===
METHOD: GET
URI: /v2/persistence/0/datastores/objects/object?datastore=aaa&objectKey=global%2Faaa
QUERY: datastore=aaa&objectKey=global%2Faaa
HEADERS: {"Host":"localhost","Accept":"*\/*","Cookie":".ROBLOSECURITY=","Accept-Encoding":"gzip, deflate","Cache-Control":"no-cache","Connection":"keep-alive","User-Agent":"RobloxStudio\/WinInet RobloxApp\/0.578.0.5780566 (GlobalDist; RobloxDirectDownload)","Content-Type":"application\/octet-stream","Content-Length":"0"}
BODY: 
op=entry ds=aaa key=aaa scope=global
RESPONSE HEADERS: ["X-Powered-By: PHP\/5.5.15","Content-Type: application\/json","Access-Control-Allow-Origin: *","Access-Control-Allow-Methods: GET, POST, DELETE, OPTIONS","Access-Control-Allow-Headers: Content-Type, content-md5, x-api-key, roblox-entry-attributes, roblox-entry-userids","Access-Control-Expose-Headers: content-md5, roblox-entry-version, roblox-entry-created-time, roblox-entry-version-created-time, roblox-entry-attributes, roblox-entry-userids","content-md5: wxr8P8IwzU\/SlmpsEK9t5Q==","roblox-entry-version: 08D9E6A3F2188CFF.0000000035.08D9E6A3F2188CFF.01","roblox-entry-created-time: 2026-05-21T17:35:27+00:00","roblox-entry-version-created-time: 2026-05-22T00:48:41+00:00"]
RESPONSE CODE: 200

=== 2026-05-22T00:50:55+00:00 ===
METHOD: GET
URI: /v2/persistence/0/datastores/objects/object?datastore=aaa&objectKey=global%2Faaa
QUERY: datastore=aaa&objectKey=global%2Faaa
HEADERS: {"Host":"localhost","Accept":"*\/*","Cookie":".ROBLOSECURITY=","Accept-Encoding":"gzip, deflate","Cache-Control":"no-cache","Connection":"keep-alive","User-Agent":"RobloxStudio\/WinInet RobloxApp\/0.578.0.5780566 (GlobalDist; RobloxDirectDownload)","Content-Type":"application\/octet-stream","Content-Length":"0"}
BODY: 
op=entry ds=aaa key=aaa scope=global
RESPONSE HEADERS: ["X-Powered-By: PHP\/5.5.15","Content-Type: application\/json","Access-Control-Allow-Origin: *","Access-Control-Allow-Methods: GET, POST, DELETE, OPTIONS","Access-Control-Allow-Headers: Content-Type, content-md5, x-api-key, roblox-entry-attributes, roblox-entry-userids","Access-Control-Expose-Headers: content-md5, roblox-entry-version, roblox-entry-created-time, roblox-entry-version-created-time, roblox-entry-attributes, roblox-entry-userids","content-md5: wxr8P8IwzU\/SlmpsEK9t5Q==","roblox-entry-version: 08D9E6A3F2188CFF.0000000035.08D9E6A3F2188CFF.01","roblox-entry-created-time: 2026-05-21T17:35:27+00:00","roblox-entry-version-created-time: 2026-05-22T00:48:41+00:00"]
RESPONSE CODE: 200

=== 2026-05-22T00:50:55+00:00 ===
METHOD: GET
URI: /v2/persistence/0/datastores/objects/object?datastore=aaa&objectKey=global%2Faaa
QUERY: datastore=aaa&objectKey=global%2Faaa
HEADERS: {"Host":"localhost","Accept":"*\/*","Cookie":".ROBLOSECURITY=","Accept-Encoding":"gzip, deflate","Cache-Control":"no-cache","Connection":"keep-alive","User-Agent":"RobloxStudio\/WinInet RobloxApp\/0.578.0.5780566 (GlobalDist; RobloxDirectDownload)","Content-Type":"application\/octet-stream","Content-Length":"0"}
BODY: 
op=entry ds=aaa key=aaa scope=global
RESPONSE HEADERS: ["X-Powered-By: PHP\/5.5.15","Content-Type: application\/json","Access-Control-Allow-Origin: *","Access-Control-Allow-Methods: GET, POST, DELETE, OPTIONS","Access-Control-Allow-Headers: Content-Type, content-md5, x-api-key, roblox-entry-attributes, roblox-entry-userids","Access-Control-Expose-Headers: content-md5, roblox-entry-version, roblox-entry-created-time, roblox-entry-version-created-time, roblox-entry-attributes, roblox-entry-userids","content-md5: wxr8P8IwzU\/SlmpsEK9t5Q==","roblox-entry-version: 08D9E6A3F2188CFF.0000000035.08D9E6A3F2188CFF.01","roblox-entry-created-time: 2026-05-21T17:35:27+00:00","roblox-entry-version-created-time: 2026-05-22T00:48:41+00:00"]
RESPONSE CODE: 200

=== 2026-05-22T00:50:55+00:00 ===
METHOD: GET
URI: /v2/persistence/0/datastores/objects/object?datastore=aaa&objectKey=global%2Faaa
QUERY: datastore=aaa&objectKey=global%2Faaa
HEADERS: {"Host":"localhost","Accept":"*\/*","Cookie":".ROBLOSECURITY=","Accept-Encoding":"gzip, deflate","Cache-Control":"no-cache","Connection":"keep-alive","User-Agent":"RobloxStudio\/WinInet RobloxApp\/0.578.0.5780566 (GlobalDist; RobloxDirectDownload)","Content-Type":"application\/octet-stream","Content-Length":"0"}
BODY: 
op=entry ds=aaa key=aaa scope=global
RESPONSE HEADERS: ["X-Powered-By: PHP\/5.5.15","Content-Type: application\/json","Access-Control-Allow-Origin: *","Access-Control-Allow-Methods: GET, POST, DELETE, OPTIONS","Access-Control-Allow-Headers: Content-Type, content-md5, x-api-key, roblox-entry-attributes, roblox-entry-userids","Access-Control-Expose-Headers: content-md5, roblox-entry-version, roblox-entry-created-time, roblox-entry-version-created-time, roblox-entry-attributes, roblox-entry-userids","content-md5: wxr8P8IwzU\/SlmpsEK9t5Q==","roblox-entry-version: 08D9E6A3F2188CFF.0000000035.08D9E6A3F2188CFF.01","roblox-entry-created-time: 2026-05-21T17:35:27+00:00","roblox-entry-version-created-time: 2026-05-22T00:48:41+00:00"]
RESPONSE CODE: 200

=== 2026-05-22T00:50:55+00:00 ===
METHOD: GET
URI: /v2/persistence/0/datastores/objects/object?datastore=aaa&objectKey=global%2Faaa
QUERY: datastore=aaa&objectKey=global%2Faaa
HEADERS: {"Host":"localhost","Accept":"*\/*","Cookie":".ROBLOSECURITY=","Accept-Encoding":"gzip, deflate","Cache-Control":"no-cache","Connection":"keep-alive","User-Agent":"RobloxStudio\/WinInet RobloxApp\/0.578.0.5780566 (GlobalDist; RobloxDirectDownload)","Content-Type":"application\/octet-stream","Content-Length":"0"}
BODY: 
op=entry ds=aaa key=aaa scope=global
RESPONSE HEADERS: ["X-Powered-By: PHP\/5.5.15","Content-Type: application\/json","Access-Control-Allow-Origin: *","Access-Control-Allow-Methods: GET, POST, DELETE, OPTIONS","Access-Control-Allow-Headers: Content-Type, content-md5, x-api-key, roblox-entry-attributes, roblox-entry-userids","Access-Control-Expose-Headers: content-md5, roblox-entry-version, roblox-entry-created-time, roblox-entry-version-created-time, roblox-entry-attributes, roblox-entry-userids","content-md5: wxr8P8IwzU\/SlmpsEK9t5Q==","roblox-entry-version: 08D9E6A3F2188CFF.0000000035.08D9E6A3F2188CFF.01","roblox-entry-created-time: 2026-05-21T17:35:27+00:00","roblox-entry-version-created-time: 2026-05-22T00:48:41+00:00"]
RESPONSE CODE: 200

=== 2026-05-22T00:51:52+00:00 ===
METHOD: GET
URI: /v2/persistence/0/datastores/objects/object?datastore=aaa&objectKey=global%2Faaa
QUERY: datastore=aaa&objectKey=global%2Faaa
HEADERS: {"Host":"localhost","Connection":"keep-alive","Cache-Control":"max-age=0","sec-ch-ua":"\"Opera GX\";v=\"131\", \"Not.A\/Brand\";v=\"8\", \"Chromium\";v=\"147\"","sec-ch-ua-mobile":"?0","sec-ch-ua-platform":"\"Windows\"","Upgrade-Insecure-Requests":"1","User-Agent":"Mozilla\/5.0 (Windows NT 10.0; Win64; x64) AppleWebKit\/537.36 (KHTML, like Gecko) Chrome\/147.0.0.0 Safari\/537.36 OPR\/131.0.0.0","Accept":"text\/html,application\/xhtml+xml,application\/xml;q=0.9,image\/avif,image\/webp,image\/apng,*\/*;q=0.8,application\/signed-exchange;v=b3;q=0.7","Sec-Fetch-Site":"none","Sec-Fetch-Mode":"navigate","Sec-Fetch-User":"?1","Sec-Fetch-Dest":"document","Accept-Encoding":"gzip, deflate, br, zstd","Accept-Language":"en-US,en;q=0.9,ko;q=0.8,zh-CN;q=0.7,zh;q=0.6,fr;q=0.5,ja;q=0.4,es;q=0.3,pl;q=0.2"}
BODY: 
op=entry ds=aaa key=aaa scope=global
RESPONSE HEADERS: ["X-Powered-By: PHP\/5.5.15","Content-Type: application\/json","Access-Control-Allow-Origin: *","Access-Control-Allow-Methods: GET, POST, DELETE, OPTIONS","Access-Control-Allow-Headers: Content-Type, content-md5, x-api-key, roblox-entry-attributes, roblox-entry-userids","Access-Control-Expose-Headers: content-md5, roblox-entry-version, roblox-entry-created-time, roblox-entry-version-created-time, roblox-entry-attributes, roblox-entry-userids","content-md5: PuFz\/zcLIxcMTF4LU+TQ2w==","roblox-entry-version: 08D9E6A3F2188CFF.0000000035.08D9E6A3F2188CFF.01","roblox-entry-created-time: 2026-05-21T17:35:27+00:00","roblox-entry-version-created-time: 2026-05-22T00:48:41+00:00"]
RESPONSE CODE: 200

=== 2026-05-22T00:52:42+00:00 ===
METHOD: GET
URI: /v2/persistence/0/datastores/objects/object?datastore=aaa&objectKey=global%2Faaa
QUERY: datastore=aaa&objectKey=global%2Faaa
HEADERS: {"Host":"localhost","Accept":"*\/*","Cookie":".ROBLOSECURITY=","Accept-Encoding":"gzip, deflate","Cache-Control":"no-cache","Connection":"keep-alive","User-Agent":"RobloxStudio\/WinInet RobloxApp\/0.578.0.5780566 (GlobalDist; RobloxDirectDownload)","Content-Type":"application\/octet-stream","Content-Length":"0"}
BODY: 
op=entry ds=aaa key=aaa scope=global
RESPONSE HEADERS: ["X-Powered-By: PHP\/5.5.15","Content-Type: application\/json","Access-Control-Allow-Origin: *","Access-Control-Allow-Methods: GET, POST, DELETE, OPTIONS","Access-Control-Allow-Headers: Content-Type, content-md5, x-api-key, roblox-entry-attributes, roblox-entry-userids","Access-Control-Expose-Headers: content-md5, roblox-entry-version, roblox-entry-created-time, roblox-entry-version-created-time, roblox-entry-attributes, roblox-entry-userids","content-md5: PuFz\/zcLIxcMTF4LU+TQ2w==","roblox-entry-version: 08D9E6A3F2188CFF.0000000035.08D9E6A3F2188CFF.01","roblox-entry-created-time: 2026-05-21T17:35:27+00:00","roblox-entry-version-created-time: 2026-05-22T00:48:41+00:00"]
RESPONSE CODE: 200

=== 2026-05-22T00:52:43+00:00 ===
METHOD: GET
URI: /v2/persistence/0/datastores/objects/object?datastore=aaa&objectKey=global%2Faaa
QUERY: datastore=aaa&objectKey=global%2Faaa
HEADERS: {"Host":"localhost","Accept":"*\/*","Cookie":".ROBLOSECURITY=","Accept-Encoding":"gzip, deflate","Cache-Control":"no-cache","Connection":"keep-alive","User-Agent":"RobloxStudio\/WinInet RobloxApp\/0.578.0.5780566 (GlobalDist; RobloxDirectDownload)","Content-Type":"application\/octet-stream","Content-Length":"0"}
BODY: 
op=entry ds=aaa key=aaa scope=global
RESPONSE HEADERS: ["X-Powered-By: PHP\/5.5.15","Content-Type: application\/json","Access-Control-Allow-Origin: *","Access-Control-Allow-Methods: GET, POST, DELETE, OPTIONS","Access-Control-Allow-Headers: Content-Type, content-md5, x-api-key, roblox-entry-attributes, roblox-entry-userids","Access-Control-Expose-Headers: content-md5, roblox-entry-version, roblox-entry-created-time, roblox-entry-version-created-time, roblox-entry-attributes, roblox-entry-userids","content-md5: PuFz\/zcLIxcMTF4LU+TQ2w==","roblox-entry-version: 08D9E6A3F2188CFF.0000000035.08D9E6A3F2188CFF.01","roblox-entry-created-time: 2026-05-21T17:35:27+00:00","roblox-entry-version-created-time: 2026-05-22T00:48:41+00:00"]
RESPONSE CODE: 200

=== 2026-05-22T00:52:43+00:00 ===
METHOD: GET
URI: /v2/persistence/0/datastores/objects/object?datastore=aaa&objectKey=global%2Faaa
QUERY: datastore=aaa&objectKey=global%2Faaa
HEADERS: {"Host":"localhost","Accept":"*\/*","Cookie":".ROBLOSECURITY=","Accept-Encoding":"gzip, deflate","Cache-Control":"no-cache","Connection":"keep-alive","User-Agent":"RobloxStudio\/WinInet RobloxApp\/0.578.0.5780566 (GlobalDist; RobloxDirectDownload)","Content-Type":"application\/octet-stream","Content-Length":"0"}
BODY: 
op=entry ds=aaa key=aaa scope=global
RESPONSE HEADERS: ["X-Powered-By: PHP\/5.5.15","Content-Type: application\/json","Access-Control-Allow-Origin: *","Access-Control-Allow-Methods: GET, POST, DELETE, OPTIONS","Access-Control-Allow-Headers: Content-Type, content-md5, x-api-key, roblox-entry-attributes, roblox-entry-userids","Access-Control-Expose-Headers: content-md5, roblox-entry-version, roblox-entry-created-time, roblox-entry-version-created-time, roblox-entry-attributes, roblox-entry-userids","content-md5: PuFz\/zcLIxcMTF4LU+TQ2w==","roblox-entry-version: 08D9E6A3F2188CFF.0000000035.08D9E6A3F2188CFF.01","roblox-entry-created-time: 2026-05-21T17:35:27+00:00","roblox-entry-version-created-time: 2026-05-22T00:48:41+00:00"]
RESPONSE CODE: 200

=== 2026-05-22T00:52:45+00:00 ===
METHOD: GET
URI: /v2/persistence/0/datastores/objects/object?datastore=aaa&objectKey=global%2Faaa
QUERY: datastore=aaa&objectKey=global%2Faaa
HEADERS: {"Host":"localhost","Accept":"*\/*","Cookie":".ROBLOSECURITY=","Accept-Encoding":"gzip, deflate","Cache-Control":"no-cache","Connection":"keep-alive","User-Agent":"RobloxStudio\/WinInet RobloxApp\/0.578.0.5780566 (GlobalDist; RobloxDirectDownload)","Content-Type":"application\/octet-stream","Content-Length":"0"}
BODY: 
op=entry ds=aaa key=aaa scope=global
RESPONSE HEADERS: ["X-Powered-By: PHP\/5.5.15","Content-Type: application\/json","Access-Control-Allow-Origin: *","Access-Control-Allow-Methods: GET, POST, DELETE, OPTIONS","Access-Control-Allow-Headers: Content-Type, content-md5, x-api-key, roblox-entry-attributes, roblox-entry-userids","Access-Control-Expose-Headers: content-md5, roblox-entry-version, roblox-entry-created-time, roblox-entry-version-created-time, roblox-entry-attributes, roblox-entry-userids","content-md5: PuFz\/zcLIxcMTF4LU+TQ2w==","roblox-entry-version: 08D9E6A3F2188CFF.0000000035.08D9E6A3F2188CFF.01","roblox-entry-created-time: 2026-05-21T17:35:27+00:00","roblox-entry-version-created-time: 2026-05-22T00:48:41+00:00"]
RESPONSE CODE: 200

=== 2026-05-22T00:52:46+00:00 ===
METHOD: GET
URI: /v2/persistence/0/datastores/objects/object?datastore=aaa&objectKey=global%2Faaa
QUERY: datastore=aaa&objectKey=global%2Faaa
HEADERS: {"Host":"localhost","Accept":"*\/*","Cookie":".ROBLOSECURITY=","Accept-Encoding":"gzip, deflate","Cache-Control":"no-cache","Connection":"keep-alive","User-Agent":"RobloxStudio\/WinInet RobloxApp\/0.578.0.5780566 (GlobalDist; RobloxDirectDownload)","Content-Type":"application\/octet-stream","Content-Length":"0"}
BODY: 
op=entry ds=aaa key=aaa scope=global
RESPONSE HEADERS: ["X-Powered-By: PHP\/5.5.15","Content-Type: application\/json","Access-Control-Allow-Origin: *","Access-Control-Allow-Methods: GET, POST, DELETE, OPTIONS","Access-Control-Allow-Headers: Content-Type, content-md5, x-api-key, roblox-entry-attributes, roblox-entry-userids","Access-Control-Expose-Headers: content-md5, roblox-entry-version, roblox-entry-created-time, roblox-entry-version-created-time, roblox-entry-attributes, roblox-entry-userids","content-md5: PuFz\/zcLIxcMTF4LU+TQ2w==","roblox-entry-version: 08D9E6A3F2188CFF.0000000035.08D9E6A3F2188CFF.01","roblox-entry-created-time: 2026-05-21T17:35:27+00:00","roblox-entry-version-created-time: 2026-05-22T00:48:41+00:00"]
RESPONSE CODE: 200

=== 2026-05-22T00:55:21+00:00 ===
METHOD: GET
URI: /v2/persistence/0/datastores/objects/object?datastore=aaa&objectKey=global%2Faaa
QUERY: datastore=aaa&objectKey=global%2Faaa
HEADERS: {"Host":"localhost","Connection":"keep-alive","Cache-Control":"max-age=0","sec-ch-ua":"\"Opera GX\";v=\"131\", \"Not.A\/Brand\";v=\"8\", \"Chromium\";v=\"147\"","sec-ch-ua-mobile":"?0","sec-ch-ua-platform":"\"Windows\"","Upgrade-Insecure-Requests":"1","User-Agent":"Mozilla\/5.0 (Windows NT 10.0; Win64; x64) AppleWebKit\/537.36 (KHTML, like Gecko) Chrome\/147.0.0.0 Safari\/537.36 OPR\/131.0.0.0","Accept":"text\/html,application\/xhtml+xml,application\/xml;q=0.9,image\/avif,image\/webp,image\/apng,*\/*;q=0.8,application\/signed-exchange;v=b3;q=0.7","Sec-Fetch-Site":"none","Sec-Fetch-Mode":"navigate","Sec-Fetch-User":"?1","Sec-Fetch-Dest":"document","Accept-Encoding":"gzip, deflate, br, zstd","Accept-Language":"en-US,en;q=0.9,ko;q=0.8,zh-CN;q=0.7,zh;q=0.6,fr;q=0.5,ja;q=0.4,es;q=0.3,pl;q=0.2"}
BODY: 
op=entry ds=aaa key=aaa scope=global
RESPONSE HEADERS: ["X-Powered-By: PHP\/5.5.15","Content-Type: application\/json","Access-Control-Allow-Origin: *","Access-Control-Allow-Methods: GET, POST, DELETE, OPTIONS","Access-Control-Allow-Headers: Content-Type, content-md5, x-api-key, roblox-entry-attributes, roblox-entry-userids","Access-Control-Expose-Headers: content-md5, roblox-entry-version, roblox-entry-created-time, roblox-entry-version-created-time, roblox-entry-attributes, roblox-entry-userids","content-md5: wxr8P8IwzU\/SlmpsEK9t5Q==","roblox-entry-version: 08D9E6A3F2188CFF.0000000035.08D9E6A3F2188CFF.01","roblox-entry-created-time: 2026-05-21T17:35:27+00:00","roblox-entry-version-created-time: 2026-05-22T00:48:41+00:00"]
RESPONSE CODE: 200

=== 2026-05-22T00:57:00+00:00 ===
METHOD: POST
URI: /v2/persistence/0/datastores/objects/object?datastore=aaa&objectKey=global%2Faaa
QUERY: datastore=aaa&objectKey=global%2Faaa
HEADERS: {"Host":"localhost","Accept":"*\/*","Cookie":".ROBLOSECURITY=","Accept-Encoding":"gzip, deflate","Cache-Control":"no-cache","Connection":"keep-alive","User-Agent":"RobloxStudio\/WinInet RobloxApp\/0.578.0.5780566 (GlobalDist; RobloxDirectDownload)","Content-Type":"application\/octet-stream","Content-MD5":"wxr8P8IwzU\/SlmpsEK9t5Q==","Content-Length":"5"}
BODY: "owo"
op=entry ds=aaa key=aaa scope=global
POST RESPONSE contentLength: 5
RESPONSE HEADERS: ["X-Powered-By: PHP\/5.5.15","Content-Type: application\/json","Access-Control-Allow-Origin: *","Access-Control-Allow-Methods: GET, POST, DELETE, OPTIONS","Access-Control-Allow-Headers: Content-Type, content-md5, x-api-key, roblox-entry-attributes, roblox-entry-userids","Access-Control-Expose-Headers: content-md5, roblox-entry-version, roblox-entry-created-time, roblox-entry-version-created-time, roblox-entry-attributes, roblox-entry-userids","content-md5: wxr8P8IwzU\/SlmpsEK9t5Q==","roblox-entry-version: 08D9E6A3F2188CFF.0000000036.08D9E6A3F2188CFF.01","roblox-entry-created-time: 2026-05-21T17:35:27+00:00","roblox-entry-version-created-time: 2026-05-22T00:57:00+00:00"]
RESPONSE CODE: 200

=== 2026-05-22T00:57:12+00:00 ===
METHOD: GET
URI: /v2/persistence/0/datastores/objects/object?datastore=aaa&objectKey=global%2Faaa
QUERY: datastore=aaa&objectKey=global%2Faaa
HEADERS: {"Host":"localhost","Accept":"*\/*","Cookie":".ROBLOSECURITY=","Accept-Encoding":"gzip, deflate","Cache-Control":"no-cache","Connection":"keep-alive","User-Agent":"RobloxStudio\/WinInet RobloxApp\/0.578.0.5780566 (GlobalDist; RobloxDirectDownload)","Content-Type":"application\/octet-stream","Content-Length":"0"}
BODY: 
op=entry ds=aaa key=aaa scope=global
RESPONSE HEADERS: ["X-Powered-By: PHP\/5.5.15","Content-Type: application\/json","Access-Control-Allow-Origin: *","Access-Control-Allow-Methods: GET, POST, DELETE, OPTIONS","Access-Control-Allow-Headers: Content-Type, content-md5, x-api-key, roblox-entry-attributes, roblox-entry-userids","Access-Control-Expose-Headers: content-md5, roblox-entry-version, roblox-entry-created-time, roblox-entry-version-created-time, roblox-entry-attributes, roblox-entry-userids","content-md5: ISrQvcR3cCivBXYWRQ9mVA==","roblox-entry-version: 08D9E6A3F2188CFF.0000000036.08D9E6A3F2188CFF.01","roblox-entry-created-time: 2026-05-21T17:35:27+00:00","roblox-entry-version-created-time: 2026-05-22T00:57:00+00:00"]
RESPONSE CODE: 200

=== 2026-05-22T00:57:12+00:00 ===
METHOD: GET
URI: /v2/persistence/0/datastores/objects/object?datastore=aaa&objectKey=global%2Faaa
QUERY: datastore=aaa&objectKey=global%2Faaa
HEADERS: {"Host":"localhost","Accept":"*\/*","Cookie":".ROBLOSECURITY=","Accept-Encoding":"gzip, deflate","Cache-Control":"no-cache","Connection":"keep-alive","User-Agent":"RobloxStudio\/WinInet RobloxApp\/0.578.0.5780566 (GlobalDist; RobloxDirectDownload)","Content-Type":"application\/octet-stream","Content-Length":"0"}
BODY: 
op=entry ds=aaa key=aaa scope=global
RESPONSE HEADERS: ["X-Powered-By: PHP\/5.5.15","Content-Type: application\/json","Access-Control-Allow-Origin: *","Access-Control-Allow-Methods: GET, POST, DELETE, OPTIONS","Access-Control-Allow-Headers: Content-Type, content-md5, x-api-key, roblox-entry-attributes, roblox-entry-userids","Access-Control-Expose-Headers: content-md5, roblox-entry-version, roblox-entry-created-time, roblox-entry-version-created-time, roblox-entry-attributes, roblox-entry-userids","content-md5: ISrQvcR3cCivBXYWRQ9mVA==","roblox-entry-version: 08D9E6A3F2188CFF.0000000036.08D9E6A3F2188CFF.01","roblox-entry-created-time: 2026-05-21T17:35:27+00:00","roblox-entry-version-created-time: 2026-05-22T00:57:00+00:00"]
RESPONSE CODE: 200

=== 2026-05-22T00:57:13+00:00 ===
METHOD: GET
URI: /v2/persistence/0/datastores/objects/object?datastore=aaa&objectKey=global%2Faaa
QUERY: datastore=aaa&objectKey=global%2Faaa
HEADERS: {"Host":"localhost","Accept":"*\/*","Cookie":".ROBLOSECURITY=","Accept-Encoding":"gzip, deflate","Cache-Control":"no-cache","Connection":"keep-alive","User-Agent":"RobloxStudio\/WinInet RobloxApp\/0.578.0.5780566 (GlobalDist; RobloxDirectDownload)","Content-Type":"application\/octet-stream","Content-Length":"0"}
BODY: 
op=entry ds=aaa key=aaa scope=global
RESPONSE HEADERS: ["X-Powered-By: PHP\/5.5.15","Content-Type: application\/json","Access-Control-Allow-Origin: *","Access-Control-Allow-Methods: GET, POST, DELETE, OPTIONS","Access-Control-Allow-Headers: Content-Type, content-md5, x-api-key, roblox-entry-attributes, roblox-entry-userids","Access-Control-Expose-Headers: content-md5, roblox-entry-version, roblox-entry-created-time, roblox-entry-version-created-time, roblox-entry-attributes, roblox-entry-userids","content-md5: ISrQvcR3cCivBXYWRQ9mVA==","roblox-entry-version: 08D9E6A3F2188CFF.0000000036.08D9E6A3F2188CFF.01","roblox-entry-created-time: 2026-05-21T17:35:27+00:00","roblox-entry-version-created-time: 2026-05-22T00:57:00+00:00"]
RESPONSE CODE: 200

=== 2026-05-22T00:57:13+00:00 ===
METHOD: GET
URI: /v2/persistence/0/datastores/objects/object?datastore=aaa&objectKey=global%2Faaa
QUERY: datastore=aaa&objectKey=global%2Faaa
HEADERS: {"Host":"localhost","Accept":"*\/*","Cookie":".ROBLOSECURITY=","Accept-Encoding":"gzip, deflate","Cache-Control":"no-cache","Connection":"keep-alive","User-Agent":"RobloxStudio\/WinInet RobloxApp\/0.578.0.5780566 (GlobalDist; RobloxDirectDownload)","Content-Type":"application\/octet-stream","Content-Length":"0"}
BODY: 
op=entry ds=aaa key=aaa scope=global
RESPONSE HEADERS: ["X-Powered-By: PHP\/5.5.15","Content-Type: application\/json","Access-Control-Allow-Origin: *","Access-Control-Allow-Methods: GET, POST, DELETE, OPTIONS","Access-Control-Allow-Headers: Content-Type, content-md5, x-api-key, roblox-entry-attributes, roblox-entry-userids","Access-Control-Expose-Headers: content-md5, roblox-entry-version, roblox-entry-created-time, roblox-entry-version-created-time, roblox-entry-attributes, roblox-entry-userids","content-md5: ISrQvcR3cCivBXYWRQ9mVA==","roblox-entry-version: 08D9E6A3F2188CFF.0000000036.08D9E6A3F2188CFF.01","roblox-entry-created-time: 2026-05-21T17:35:27+00:00","roblox-entry-version-created-time: 2026-05-22T00:57:00+00:00"]
RESPONSE CODE: 200

=== 2026-05-22T00:57:16+00:00 ===
METHOD: GET
URI: /v2/persistence/0/datastores/objects/object?datastore=aaa&objectKey=global%2Faaa
QUERY: datastore=aaa&objectKey=global%2Faaa
HEADERS: {"Host":"localhost","Connection":"keep-alive","Cache-Control":"max-age=0","sec-ch-ua":"\"Opera GX\";v=\"131\", \"Not.A\/Brand\";v=\"8\", \"Chromium\";v=\"147\"","sec-ch-ua-mobile":"?0","sec-ch-ua-platform":"\"Windows\"","Upgrade-Insecure-Requests":"1","User-Agent":"Mozilla\/5.0 (Windows NT 10.0; Win64; x64) AppleWebKit\/537.36 (KHTML, like Gecko) Chrome\/147.0.0.0 Safari\/537.36 OPR\/131.0.0.0","Accept":"text\/html,application\/xhtml+xml,application\/xml;q=0.9,image\/avif,image\/webp,image\/apng,*\/*;q=0.8,application\/signed-exchange;v=b3;q=0.7","Sec-Fetch-Site":"none","Sec-Fetch-Mode":"navigate","Sec-Fetch-User":"?1","Sec-Fetch-Dest":"document","Accept-Encoding":"gzip, deflate, br, zstd","Accept-Language":"en-US,en;q=0.9,ko;q=0.8,zh-CN;q=0.7,zh;q=0.6,fr;q=0.5,ja;q=0.4,es;q=0.3,pl;q=0.2"}
BODY: 
op=entry ds=aaa key=aaa scope=global
RESPONSE HEADERS: ["X-Powered-By: PHP\/5.5.15","Content-Type: application\/json","Access-Control-Allow-Origin: *","Access-Control-Allow-Methods: GET, POST, DELETE, OPTIONS","Access-Control-Allow-Headers: Content-Type, content-md5, x-api-key, roblox-entry-attributes, roblox-entry-userids","Access-Control-Expose-Headers: content-md5, roblox-entry-version, roblox-entry-created-time, roblox-entry-version-created-time, roblox-entry-attributes, roblox-entry-userids","content-md5: ISrQvcR3cCivBXYWRQ9mVA==","roblox-entry-version: 08D9E6A3F2188CFF.0000000036.08D9E6A3F2188CFF.01","roblox-entry-created-time: 2026-05-21T17:35:27+00:00","roblox-entry-version-created-time: 2026-05-22T00:57:00+00:00"]
RESPONSE CODE: 200

=== 2026-05-22T00:57:18+00:00 ===
METHOD: GET
URI: /v2/persistence/0/datastores/objects/object?datastore=aaa&objectKey=global%2Faaa
QUERY: datastore=aaa&objectKey=global%2Faaa
HEADERS: {"Host":"localhost","Connection":"keep-alive","sec-ch-ua":"\"Opera GX\";v=\"131\", \"Not.A\/Brand\";v=\"8\", \"Chromium\";v=\"147\"","sec-ch-ua-mobile":"?0","sec-ch-ua-platform":"\"Windows\"","Upgrade-Insecure-Requests":"1","User-Agent":"Mozilla\/5.0 (Windows NT 10.0; Win64; x64) AppleWebKit\/537.36 (KHTML, like Gecko) Chrome\/147.0.0.0 Safari\/537.36 OPR\/131.0.0.0","Accept":"text\/html,application\/xhtml+xml,application\/xml;q=0.9,image\/avif,image\/webp,image\/apng,*\/*;q=0.8,application\/signed-exchange;v=b3;q=0.7","Sec-Fetch-Site":"none","Sec-Fetch-Mode":"navigate","Sec-Fetch-User":"?1","Sec-Fetch-Dest":"document","Accept-Encoding":"gzip, deflate, br, zstd","Accept-Language":"en-US,en;q=0.9,ko;q=0.8,zh-CN;q=0.7,zh;q=0.6,fr;q=0.5,ja;q=0.4,es;q=0.3,pl;q=0.2"}
BODY: 
op=entry ds=aaa key=aaa scope=global
RESPONSE HEADERS: ["X-Powered-By: PHP\/5.5.15","Content-Type: application\/json","Access-Control-Allow-Origin: *","Access-Control-Allow-Methods: GET, POST, DELETE, OPTIONS","Access-Control-Allow-Headers: Content-Type, content-md5, x-api-key, roblox-entry-attributes, roblox-entry-userids","Access-Control-Expose-Headers: content-md5, roblox-entry-version, roblox-entry-created-time, roblox-entry-version-created-time, roblox-entry-attributes, roblox-entry-userids","content-md5: ISrQvcR3cCivBXYWRQ9mVA==","roblox-entry-version: 08D9E6A3F2188CFF.0000000036.08D9E6A3F2188CFF.01","roblox-entry-created-time: 2026-05-21T17:35:27+00:00","roblox-entry-version-created-time: 2026-05-22T00:57:00+00:00"]
RESPONSE CODE: 200

=== 2026-05-22T00:58:02+00:00 ===
METHOD: GET
URI: /v2/persistence/0/datastores/objects/object?datastore=aaa&objectKey=global%2Faaa
QUERY: datastore=aaa&objectKey=global%2Faaa
HEADERS: {"Host":"localhost","Connection":"keep-alive","Cache-Control":"max-age=0","sec-ch-ua":"\"Opera GX\";v=\"131\", \"Not.A\/Brand\";v=\"8\", \"Chromium\";v=\"147\"","sec-ch-ua-mobile":"?0","sec-ch-ua-platform":"\"Windows\"","Upgrade-Insecure-Requests":"1","User-Agent":"Mozilla\/5.0 (Windows NT 10.0; Win64; x64) AppleWebKit\/537.36 (KHTML, like Gecko) Chrome\/147.0.0.0 Safari\/537.36 OPR\/131.0.0.0","Accept":"text\/html,application\/xhtml+xml,application\/xml;q=0.9,image\/avif,image\/webp,image\/apng,*\/*;q=0.8,application\/signed-exchange;v=b3;q=0.7","Sec-Fetch-Site":"none","Sec-Fetch-Mode":"navigate","Sec-Fetch-User":"?1","Sec-Fetch-Dest":"document","Accept-Encoding":"gzip, deflate, br, zstd","Accept-Language":"en-US,en;q=0.9,ko;q=0.8,zh-CN;q=0.7,zh;q=0.6,fr;q=0.5,ja;q=0.4,es;q=0.3,pl;q=0.2"}
BODY: 
op=entry ds=aaa key=aaa scope=global
RESPONSE HEADERS: ["X-Powered-By: PHP\/5.5.15","Content-Type: application\/json","Access-Control-Allow-Origin: *","Access-Control-Allow-Methods: GET, POST, DELETE, OPTIONS","Access-Control-Allow-Headers: Content-Type, content-md5, x-api-key, roblox-entry-attributes, roblox-entry-userids","Access-Control-Expose-Headers: content-md5, roblox-entry-version, roblox-entry-created-time, roblox-entry-version-created-time, roblox-entry-attributes, roblox-entry-userids","content-md5: wxr8P8IwzU\/SlmpsEK9t5Q==","roblox-entry-version: 08D9E6A3F2188CFF.0000000036.08D9E6A3F2188CFF.01","roblox-entry-created-time: 2026-05-21T17:35:27+00:00","roblox-entry-version-created-time: 2026-05-22T00:57:00+00:00"]
RESPONSE CODE: 200

=== 2026-05-22T00:58:04+00:00 ===
METHOD: GET
URI: /v2/persistence/0/datastores/objects/object?datastore=aaa&objectKey=global%2Faaa
QUERY: datastore=aaa&objectKey=global%2Faaa
HEADERS: {"Host":"localhost","Connection":"keep-alive","Cache-Control":"max-age=0","sec-ch-ua":"\"Opera GX\";v=\"131\", \"Not.A\/Brand\";v=\"8\", \"Chromium\";v=\"147\"","sec-ch-ua-mobile":"?0","sec-ch-ua-platform":"\"Windows\"","Upgrade-Insecure-Requests":"1","User-Agent":"Mozilla\/5.0 (Windows NT 10.0; Win64; x64) AppleWebKit\/537.36 (KHTML, like Gecko) Chrome\/147.0.0.0 Safari\/537.36 OPR\/131.0.0.0","Accept":"text\/html,application\/xhtml+xml,application\/xml;q=0.9,image\/avif,image\/webp,image\/apng,*\/*;q=0.8,application\/signed-exchange;v=b3;q=0.7","Sec-Fetch-Site":"none","Sec-Fetch-Mode":"navigate","Sec-Fetch-User":"?1","Sec-Fetch-Dest":"document","Accept-Encoding":"gzip, deflate, br, zstd","Accept-Language":"en-US,en;q=0.9,ko;q=0.8,zh-CN;q=0.7,zh;q=0.6,fr;q=0.5,ja;q=0.4,es;q=0.3,pl;q=0.2"}
BODY: 
op=entry ds=aaa key=aaa scope=global
RESPONSE HEADERS: ["X-Powered-By: PHP\/5.5.15","Content-Type: application\/json","Access-Control-Allow-Origin: *","Access-Control-Allow-Methods: GET, POST, DELETE, OPTIONS","Access-Control-Allow-Headers: Content-Type, content-md5, x-api-key, roblox-entry-attributes, roblox-entry-userids","Access-Control-Expose-Headers: content-md5, roblox-entry-version, roblox-entry-created-time, roblox-entry-version-created-time, roblox-entry-attributes, roblox-entry-userids","content-md5: wxr8P8IwzU\/SlmpsEK9t5Q==","roblox-entry-version: 08D9E6A3F2188CFF.0000000036.08D9E6A3F2188CFF.01","roblox-entry-created-time: 2026-05-21T17:35:27+00:00","roblox-entry-version-created-time: 2026-05-22T00:57:00+00:00"]
RESPONSE CODE: 200

=== 2026-05-22T00:58:05+00:00 ===
METHOD: GET
URI: /v2/persistence/0/datastores/objects/object?datastore=aaa&objectKey=global%2Faaa
QUERY: datastore=aaa&objectKey=global%2Faaa
HEADERS: {"Host":"localhost","Connection":"keep-alive","sec-ch-ua":"\"Opera GX\";v=\"131\", \"Not.A\/Brand\";v=\"8\", \"Chromium\";v=\"147\"","sec-ch-ua-mobile":"?0","sec-ch-ua-platform":"\"Windows\"","Upgrade-Insecure-Requests":"1","User-Agent":"Mozilla\/5.0 (Windows NT 10.0; Win64; x64) AppleWebKit\/537.36 (KHTML, like Gecko) Chrome\/147.0.0.0 Safari\/537.36 OPR\/131.0.0.0","Accept":"text\/html,application\/xhtml+xml,application\/xml;q=0.9,image\/avif,image\/webp,image\/apng,*\/*;q=0.8,application\/signed-exchange;v=b3;q=0.7","Sec-Fetch-Site":"none","Sec-Fetch-Mode":"navigate","Sec-Fetch-User":"?1","Sec-Fetch-Dest":"document","Accept-Encoding":"gzip, deflate, br, zstd","Accept-Language":"en-US,en;q=0.9,ko;q=0.8,zh-CN;q=0.7,zh;q=0.6,fr;q=0.5,ja;q=0.4,es;q=0.3,pl;q=0.2"}
BODY: 
op=entry ds=aaa key=aaa scope=global
RESPONSE HEADERS: ["X-Powered-By: PHP\/5.5.15","Content-Type: application\/json","Access-Control-Allow-Origin: *","Access-Control-Allow-Methods: GET, POST, DELETE, OPTIONS","Access-Control-Allow-Headers: Content-Type, content-md5, x-api-key, roblox-entry-attributes, roblox-entry-userids","Access-Control-Expose-Headers: content-md5, roblox-entry-version, roblox-entry-created-time, roblox-entry-version-created-time, roblox-entry-attributes, roblox-entry-userids","content-md5: wxr8P8IwzU\/SlmpsEK9t5Q==","roblox-entry-version: 08D9E6A3F2188CFF.0000000036.08D9E6A3F2188CFF.01","roblox-entry-created-time: 2026-05-21T17:35:27+00:00","roblox-entry-version-created-time: 2026-05-22T00:57:00+00:00"]
RESPONSE CODE: 200

=== 2026-05-22T00:58:08+00:00 ===
METHOD: GET
URI: /v2/persistence/0/datastores/objects/object?datastore=aaa&objectKey=global%2Faaa
QUERY: datastore=aaa&objectKey=global%2Faaa
HEADERS: {"Host":"localhost","Accept":"*\/*","Cookie":".ROBLOSECURITY=","Accept-Encoding":"gzip, deflate","Cache-Control":"no-cache","Connection":"keep-alive","User-Agent":"RobloxStudio\/WinInet RobloxApp\/0.578.0.5780566 (GlobalDist; RobloxDirectDownload)","Content-Type":"application\/octet-stream","Content-Length":"0"}
BODY: 
op=entry ds=aaa key=aaa scope=global
RESPONSE HEADERS: ["X-Powered-By: PHP\/5.5.15","Content-Type: application\/json","Access-Control-Allow-Origin: *","Access-Control-Allow-Methods: GET, POST, DELETE, OPTIONS","Access-Control-Allow-Headers: Content-Type, content-md5, x-api-key, roblox-entry-attributes, roblox-entry-userids","Access-Control-Expose-Headers: content-md5, roblox-entry-version, roblox-entry-created-time, roblox-entry-version-created-time, roblox-entry-attributes, roblox-entry-userids","content-md5: wxr8P8IwzU\/SlmpsEK9t5Q==","roblox-entry-version: 08D9E6A3F2188CFF.0000000036.08D9E6A3F2188CFF.01","roblox-entry-created-time: 2026-05-21T17:35:27+00:00","roblox-entry-version-created-time: 2026-05-22T00:57:00+00:00"]
RESPONSE CODE: 200

=== 2026-05-22T00:58:08+00:00 ===
METHOD: GET
URI: /v2/persistence/0/datastores/objects/object?datastore=aaa&objectKey=global%2Faaa
QUERY: datastore=aaa&objectKey=global%2Faaa
HEADERS: {"Host":"localhost","Accept":"*\/*","Cookie":".ROBLOSECURITY=","Accept-Encoding":"gzip, deflate","Cache-Control":"no-cache","Connection":"keep-alive","User-Agent":"RobloxStudio\/WinInet RobloxApp\/0.578.0.5780566 (GlobalDist; RobloxDirectDownload)","Content-Type":"application\/octet-stream","Content-Length":"0"}
BODY: 
op=entry ds=aaa key=aaa scope=global
RESPONSE HEADERS: ["X-Powered-By: PHP\/5.5.15","Content-Type: application\/json","Access-Control-Allow-Origin: *","Access-Control-Allow-Methods: GET, POST, DELETE, OPTIONS","Access-Control-Allow-Headers: Content-Type, content-md5, x-api-key, roblox-entry-attributes, roblox-entry-userids","Access-Control-Expose-Headers: content-md5, roblox-entry-version, roblox-entry-created-time, roblox-entry-version-created-time, roblox-entry-attributes, roblox-entry-userids","content-md5: wxr8P8IwzU\/SlmpsEK9t5Q==","roblox-entry-version: 08D9E6A3F2188CFF.0000000036.08D9E6A3F2188CFF.01","roblox-entry-created-time: 2026-05-21T17:35:27+00:00","roblox-entry-version-created-time: 2026-05-22T00:57:00+00:00"]
RESPONSE CODE: 200

=== 2026-05-22T00:58:10+00:00 ===
METHOD: POST
URI: /v2/persistence/0/datastores/objects/object?datastore=aaa&objectKey=global%2Faaa
QUERY: datastore=aaa&objectKey=global%2Faaa
HEADERS: {"Host":"localhost","Accept":"*\/*","Cookie":".ROBLOSECURITY=","Accept-Encoding":"gzip, deflate","Cache-Control":"no-cache","Connection":"keep-alive","User-Agent":"RobloxStudio\/WinInet RobloxApp\/0.578.0.5780566 (GlobalDist; RobloxDirectDownload)","Content-Type":"application\/octet-stream","Content-MD5":"wxr8P8IwzU\/SlmpsEK9t5Q==","Content-Length":"5"}
BODY: "owo"
op=entry ds=aaa key=aaa scope=global
POST RESPONSE contentLength: 5
RESPONSE HEADERS: ["X-Powered-By: PHP\/5.5.15","Content-Type: application\/json","Access-Control-Allow-Origin: *","Access-Control-Allow-Methods: GET, POST, DELETE, OPTIONS","Access-Control-Allow-Headers: Content-Type, content-md5, x-api-key, roblox-entry-attributes, roblox-entry-userids","Access-Control-Expose-Headers: content-md5, roblox-entry-version, roblox-entry-created-time, roblox-entry-version-created-time, roblox-entry-attributes, roblox-entry-userids","content-md5: wxr8P8IwzU\/SlmpsEK9t5Q==","roblox-entry-version: 08D9E6A3F2188CFF.0000000037.08D9E6A3F2188CFF.01","roblox-entry-created-time: 2026-05-21T17:35:27+00:00","roblox-entry-version-created-time: 2026-05-22T00:58:10+00:00"]
RESPONSE CODE: 200

=== 2026-05-22T00:58:15+00:00 ===
METHOD: GET
URI: /v2/persistence/0/datastores/objects/object?datastore=aaa&objectKey=global%2Faaa
QUERY: datastore=aaa&objectKey=global%2Faaa
HEADERS: {"Host":"localhost","Accept":"*\/*","Cookie":".ROBLOSECURITY=","Accept-Encoding":"gzip, deflate","Cache-Control":"no-cache","Connection":"keep-alive","User-Agent":"RobloxStudio\/WinInet RobloxApp\/0.578.0.5780566 (GlobalDist; RobloxDirectDownload)","Content-Type":"application\/octet-stream","Content-Length":"0"}
BODY: 
op=entry ds=aaa key=aaa scope=global
RESPONSE HEADERS: ["X-Powered-By: PHP\/5.5.15","Content-Type: application\/json","Access-Control-Allow-Origin: *","Access-Control-Allow-Methods: GET, POST, DELETE, OPTIONS","Access-Control-Allow-Headers: Content-Type, content-md5, x-api-key, roblox-entry-attributes, roblox-entry-userids","Access-Control-Expose-Headers: content-md5, roblox-entry-version, roblox-entry-created-time, roblox-entry-version-created-time, roblox-entry-attributes, roblox-entry-userids","content-md5: wxr8P8IwzU\/SlmpsEK9t5Q==","roblox-entry-version: 08D9E6A3F2188CFF.0000000037.08D9E6A3F2188CFF.01","roblox-entry-created-time: 2026-05-21T17:35:27+00:00","roblox-entry-version-created-time: 2026-05-22T00:58:10+00:00"]
RESPONSE CODE: 200

=== 2026-05-22T00:58:16+00:00 ===
METHOD: GET
URI: /v2/persistence/0/datastores/objects/object?datastore=aaa&objectKey=global%2Faaa
QUERY: datastore=aaa&objectKey=global%2Faaa
HEADERS: {"Host":"localhost","Accept":"*\/*","Cookie":".ROBLOSECURITY=","Accept-Encoding":"gzip, deflate","Cache-Control":"no-cache","Connection":"keep-alive","User-Agent":"RobloxStudio\/WinInet RobloxApp\/0.578.0.5780566 (GlobalDist; RobloxDirectDownload)","Content-Type":"application\/octet-stream","Content-Length":"0"}
BODY: 
op=entry ds=aaa key=aaa scope=global
RESPONSE HEADERS: ["X-Powered-By: PHP\/5.5.15","Content-Type: application\/json","Access-Control-Allow-Origin: *","Access-Control-Allow-Methods: GET, POST, DELETE, OPTIONS","Access-Control-Allow-Headers: Content-Type, content-md5, x-api-key, roblox-entry-attributes, roblox-entry-userids","Access-Control-Expose-Headers: content-md5, roblox-entry-version, roblox-entry-created-time, roblox-entry-version-created-time, roblox-entry-attributes, roblox-entry-userids","content-md5: wxr8P8IwzU\/SlmpsEK9t5Q==","roblox-entry-version: 08D9E6A3F2188CFF.0000000037.08D9E6A3F2188CFF.01","roblox-entry-created-time: 2026-05-21T17:35:27+00:00","roblox-entry-version-created-time: 2026-05-22T00:58:10+00:00"]
RESPONSE CODE: 200

=== 2026-05-22T00:58:31+00:00 ===
METHOD: GET
URI: /v2/persistence/0/datastores/objects/object?datastore=aaa&objectKey=global%2Faaa
QUERY: datastore=aaa&objectKey=global%2Faaa
HEADERS: {"Host":"localhost","Accept":"*\/*","Cookie":".ROBLOSECURITY=","Accept-Encoding":"gzip, deflate","Cache-Control":"no-cache","Connection":"keep-alive","User-Agent":"RobloxStudio\/WinInet RobloxApp\/0.578.0.5780566 (GlobalDist; RobloxDirectDownload)","Content-Type":"application\/octet-stream","Content-Length":"0"}
BODY: 
op=entry ds=aaa key=aaa scope=global
RESPONSE HEADERS: ["X-Powered-By: PHP\/5.5.15","Content-Type: application\/json","Access-Control-Allow-Origin: *","Access-Control-Allow-Methods: GET, POST, DELETE, OPTIONS","Access-Control-Allow-Headers: Content-Type, content-md5, x-api-key, roblox-entry-attributes, roblox-entry-userids","Access-Control-Expose-Headers: content-md5, roblox-entry-version, roblox-entry-created-time, roblox-entry-version-created-time, roblox-entry-attributes, roblox-entry-userids","content-md5: ISrQvcR3cCivBXYWRQ9mVA==","roblox-entry-version: 08D9E6A3F2188CFF.0000000037.08D9E6A3F2188CFF.01","roblox-entry-created-time: 2026-05-21T17:35:27+00:00","roblox-entry-version-created-time: 2026-05-22T00:58:10+00:00"]
RESPONSE CODE: 200

=== 2026-05-22T00:58:31+00:00 ===
METHOD: GET
URI: /v2/persistence/0/datastores/objects/object?datastore=aaa&objectKey=global%2Faaa
QUERY: datastore=aaa&objectKey=global%2Faaa
HEADERS: {"Host":"localhost","Accept":"*\/*","Cookie":".ROBLOSECURITY=","Accept-Encoding":"gzip, deflate","Cache-Control":"no-cache","Connection":"keep-alive","User-Agent":"RobloxStudio\/WinInet RobloxApp\/0.578.0.5780566 (GlobalDist; RobloxDirectDownload)","Content-Type":"application\/octet-stream","Content-Length":"0"}
BODY: 
op=entry ds=aaa key=aaa scope=global
RESPONSE HEADERS: ["X-Powered-By: PHP\/5.5.15","Content-Type: application\/json","Access-Control-Allow-Origin: *","Access-Control-Allow-Methods: GET, POST, DELETE, OPTIONS","Access-Control-Allow-Headers: Content-Type, content-md5, x-api-key, roblox-entry-attributes, roblox-entry-userids","Access-Control-Expose-Headers: content-md5, roblox-entry-version, roblox-entry-created-time, roblox-entry-version-created-time, roblox-entry-attributes, roblox-entry-userids","content-md5: ISrQvcR3cCivBXYWRQ9mVA==","roblox-entry-version: 08D9E6A3F2188CFF.0000000037.08D9E6A3F2188CFF.01","roblox-entry-created-time: 2026-05-21T17:35:27+00:00","roblox-entry-version-created-time: 2026-05-22T00:58:10+00:00"]
RESPONSE CODE: 200

=== 2026-05-22T00:58:33+00:00 ===
METHOD: GET
URI: /v2/persistence/0/datastores/objects/object?datastore=aaa&objectKey=global%2Faaa
QUERY: datastore=aaa&objectKey=global%2Faaa
HEADERS: {"Host":"localhost","Connection":"keep-alive","Cache-Control":"max-age=0","sec-ch-ua":"\"Opera GX\";v=\"131\", \"Not.A\/Brand\";v=\"8\", \"Chromium\";v=\"147\"","sec-ch-ua-mobile":"?0","sec-ch-ua-platform":"\"Windows\"","Upgrade-Insecure-Requests":"1","User-Agent":"Mozilla\/5.0 (Windows NT 10.0; Win64; x64) AppleWebKit\/537.36 (KHTML, like Gecko) Chrome\/147.0.0.0 Safari\/537.36 OPR\/131.0.0.0","Accept":"text\/html,application\/xhtml+xml,application\/xml;q=0.9,image\/avif,image\/webp,image\/apng,*\/*;q=0.8,application\/signed-exchange;v=b3;q=0.7","Sec-Fetch-Site":"none","Sec-Fetch-Mode":"navigate","Sec-Fetch-User":"?1","Sec-Fetch-Dest":"document","Accept-Encoding":"gzip, deflate, br, zstd","Accept-Language":"en-US,en;q=0.9,ko;q=0.8,zh-CN;q=0.7,zh;q=0.6,fr;q=0.5,ja;q=0.4,es;q=0.3,pl;q=0.2"}
BODY: 
op=entry ds=aaa key=aaa scope=global
RESPONSE HEADERS: ["X-Powered-By: PHP\/5.5.15","Content-Type: application\/json","Access-Control-Allow-Origin: *","Access-Control-Allow-Methods: GET, POST, DELETE, OPTIONS","Access-Control-Allow-Headers: Content-Type, content-md5, x-api-key, roblox-entry-attributes, roblox-entry-userids","Access-Control-Expose-Headers: content-md5, roblox-entry-version, roblox-entry-created-time, roblox-entry-version-created-time, roblox-entry-attributes, roblox-entry-userids","content-md5: ISrQvcR3cCivBXYWRQ9mVA==","roblox-entry-version: 08D9E6A3F2188CFF.0000000037.08D9E6A3F2188CFF.01","roblox-entry-created-time: 2026-05-21T17:35:27+00:00","roblox-entry-version-created-time: 2026-05-22T00:58:10+00:00"]
RESPONSE CODE: 200

=== 2026-05-22T00:58:34+00:00 ===
METHOD: GET
URI: /v2/persistence/0/datastores/objects/object?datastore=aaa&objectKey=global%2Faaa
QUERY: datastore=aaa&objectKey=global%2Faaa
HEADERS: {"Host":"localhost","Connection":"keep-alive","Cache-Control":"max-age=0","sec-ch-ua":"\"Opera GX\";v=\"131\", \"Not.A\/Brand\";v=\"8\", \"Chromium\";v=\"147\"","sec-ch-ua-mobile":"?0","sec-ch-ua-platform":"\"Windows\"","Upgrade-Insecure-Requests":"1","User-Agent":"Mozilla\/5.0 (Windows NT 10.0; Win64; x64) AppleWebKit\/537.36 (KHTML, like Gecko) Chrome\/147.0.0.0 Safari\/537.36 OPR\/131.0.0.0","Accept":"text\/html,application\/xhtml+xml,application\/xml;q=0.9,image\/avif,image\/webp,image\/apng,*\/*;q=0.8,application\/signed-exchange;v=b3;q=0.7","Sec-Fetch-Site":"none","Sec-Fetch-Mode":"navigate","Sec-Fetch-User":"?1","Sec-Fetch-Dest":"document","Accept-Encoding":"gzip, deflate, br, zstd","Accept-Language":"en-US,en;q=0.9,ko;q=0.8,zh-CN;q=0.7,zh;q=0.6,fr;q=0.5,ja;q=0.4,es;q=0.3,pl;q=0.2"}
BODY: 
op=entry ds=aaa key=aaa scope=global
RESPONSE HEADERS: ["X-Powered-By: PHP\/5.5.15","Content-Type: application\/json","Access-Control-Allow-Origin: *","Access-Control-Allow-Methods: GET, POST, DELETE, OPTIONS","Access-Control-Allow-Headers: Content-Type, content-md5, x-api-key, roblox-entry-attributes, roblox-entry-userids","Access-Control-Expose-Headers: content-md5, roblox-entry-version, roblox-entry-created-time, roblox-entry-version-created-time, roblox-entry-attributes, roblox-entry-userids","content-md5: ISrQvcR3cCivBXYWRQ9mVA==","roblox-entry-version: 08D9E6A3F2188CFF.0000000037.08D9E6A3F2188CFF.01","roblox-entry-created-time: 2026-05-21T17:35:27+00:00","roblox-entry-version-created-time: 2026-05-22T00:58:10+00:00"]
RESPONSE CODE: 200

=== 2026-05-22T00:58:40+00:00 ===
METHOD: GET
URI: /v2/persistence/0/datastores/objects/object?datastore=aaa&objectKey=global%2Faaa
QUERY: datastore=aaa&objectKey=global%2Faaa
HEADERS: {"Host":"localhost","Connection":"keep-alive","Cache-Control":"max-age=0","sec-ch-ua":"\"Opera GX\";v=\"131\", \"Not.A\/Brand\";v=\"8\", \"Chromium\";v=\"147\"","sec-ch-ua-mobile":"?0","sec-ch-ua-platform":"\"Windows\"","Upgrade-Insecure-Requests":"1","User-Agent":"Mozilla\/5.0 (Windows NT 10.0; Win64; x64) AppleWebKit\/537.36 (KHTML, like Gecko) Chrome\/147.0.0.0 Safari\/537.36 OPR\/131.0.0.0","Accept":"text\/html,application\/xhtml+xml,application\/xml;q=0.9,image\/avif,image\/webp,image\/apng,*\/*;q=0.8,application\/signed-exchange;v=b3;q=0.7","Sec-Fetch-Site":"none","Sec-Fetch-Mode":"navigate","Sec-Fetch-User":"?1","Sec-Fetch-Dest":"document","Accept-Encoding":"gzip, deflate, br, zstd","Accept-Language":"en-US,en;q=0.9,ko;q=0.8,zh-CN;q=0.7,zh;q=0.6,fr;q=0.5,ja;q=0.4,es;q=0.3,pl;q=0.2"}
BODY: 
op=entry ds=aaa key=aaa scope=global
RESPONSE HEADERS: ["X-Powered-By: PHP\/5.5.15","Content-Type: application\/json","Access-Control-Allow-Origin: *","Access-Control-Allow-Methods: GET, POST, DELETE, OPTIONS","Access-Control-Allow-Headers: Content-Type, content-md5, x-api-key, roblox-entry-attributes, roblox-entry-userids","Access-Control-Expose-Headers: content-md5, roblox-entry-version, roblox-entry-created-time, roblox-entry-version-created-time, roblox-entry-attributes, roblox-entry-userids","content-md5: ISrQvcR3cCivBXYWRQ9mVA==","roblox-entry-version: 08D9E6A3F2188CFF.0000000037.08D9E6A3F2188CFF.01","roblox-entry-created-time: 2026-05-21T17:35:27+00:00","roblox-entry-version-created-time: 2026-05-22T00:58:10+00:00"]
RESPONSE CODE: 200

=== 2026-05-22T00:59:05+00:00 ===
METHOD: GET
URI: /v2/persistence/0/datastores/objects/object?datastore=aaa&objectKey=global%2Faaa
QUERY: datastore=aaa&objectKey=global%2Faaa
HEADERS: {"Host":"localhost","Connection":"keep-alive","Cache-Control":"max-age=0","sec-ch-ua":"\"Opera GX\";v=\"131\", \"Not.A\/Brand\";v=\"8\", \"Chromium\";v=\"147\"","sec-ch-ua-mobile":"?0","sec-ch-ua-platform":"\"Windows\"","Upgrade-Insecure-Requests":"1","User-Agent":"Mozilla\/5.0 (Windows NT 10.0; Win64; x64) AppleWebKit\/537.36 (KHTML, like Gecko) Chrome\/147.0.0.0 Safari\/537.36 OPR\/131.0.0.0","Accept":"text\/html,application\/xhtml+xml,application\/xml;q=0.9,image\/avif,image\/webp,image\/apng,*\/*;q=0.8,application\/signed-exchange;v=b3;q=0.7","Sec-Fetch-Site":"none","Sec-Fetch-Mode":"navigate","Sec-Fetch-User":"?1","Sec-Fetch-Dest":"document","Accept-Encoding":"gzip, deflate, br, zstd","Accept-Language":"en-US,en;q=0.9,ko;q=0.8,zh-CN;q=0.7,zh;q=0.6,fr;q=0.5,ja;q=0.4,es;q=0.3,pl;q=0.2"}
BODY: 
op=entry ds=aaa key=aaa scope=global
RESPONSE HEADERS: ["X-Powered-By: PHP\/5.5.15","Content-Type: application\/json","Access-Control-Allow-Origin: *","Access-Control-Allow-Methods: GET, POST, DELETE, OPTIONS","Access-Control-Allow-Headers: Content-Type, content-md5, x-api-key, roblox-entry-attributes, roblox-entry-userids","Access-Control-Expose-Headers: content-md5, roblox-entry-version, roblox-entry-created-time, roblox-entry-version-created-time, roblox-entry-attributes, roblox-entry-userids","content-md5: wxr8P8IwzU\/SlmpsEK9t5Q==","roblox-entry-version: 08D9E6A3F2188CFF.0000000037.08D9E6A3F2188CFF.01","roblox-entry-created-time: 2026-05-21T17:35:27+00:00","roblox-entry-version-created-time: 2026-05-22T00:58:10+00:00"]
RESPONSE CODE: 200

=== 2026-05-22T00:59:10+00:00 ===
METHOD: GET
URI: /v2/persistence/0/datastores/objects/object?datastore=aaa&objectKey=global%2Faaa
QUERY: datastore=aaa&objectKey=global%2Faaa
HEADERS: {"Host":"localhost","Accept":"*\/*","Cookie":".ROBLOSECURITY=","Accept-Encoding":"gzip, deflate","Cache-Control":"no-cache","Connection":"keep-alive","User-Agent":"RobloxStudio\/WinInet RobloxApp\/0.578.0.5780566 (GlobalDist; RobloxDirectDownload)","Content-Type":"application\/octet-stream","Content-Length":"0"}
BODY: 
op=entry ds=aaa key=aaa scope=global
RESPONSE HEADERS: ["X-Powered-By: PHP\/5.5.15","Content-Type: application\/json","Access-Control-Allow-Origin: *","Access-Control-Allow-Methods: GET, POST, DELETE, OPTIONS","Access-Control-Allow-Headers: Content-Type, content-md5, x-api-key, roblox-entry-attributes, roblox-entry-userids","Access-Control-Expose-Headers: content-md5, roblox-entry-version, roblox-entry-created-time, roblox-entry-version-created-time, roblox-entry-attributes, roblox-entry-userids","content-md5: wxr8P8IwzU\/SlmpsEK9t5Q==","roblox-entry-version: 08D9E6A3F2188CFF.0000000037.08D9E6A3F2188CFF.01","roblox-entry-created-time: 2026-05-21T17:35:27+00:00","roblox-entry-version-created-time: 2026-05-22T00:58:10+00:00"]
RESPONSE CODE: 200

=== 2026-05-22T01:00:17+00:00 ===
METHOD: GET
URI: /v2/persistence/0/datastores/objects/object?datastore=aaa&objectKey=global%2Faaa
QUERY: datastore=aaa&objectKey=global%2Faaa
HEADERS: {"Host":"localhost","Connection":"keep-alive","Cache-Control":"max-age=0","sec-ch-ua":"\"Opera GX\";v=\"131\", \"Not.A\/Brand\";v=\"8\", \"Chromium\";v=\"147\"","sec-ch-ua-mobile":"?0","sec-ch-ua-platform":"\"Windows\"","Upgrade-Insecure-Requests":"1","User-Agent":"Mozilla\/5.0 (Windows NT 10.0; Win64; x64) AppleWebKit\/537.36 (KHTML, like Gecko) Chrome\/147.0.0.0 Safari\/537.36 OPR\/131.0.0.0","Accept":"text\/html,application\/xhtml+xml,application\/xml;q=0.9,image\/avif,image\/webp,image\/apng,*\/*;q=0.8,application\/signed-exchange;v=b3;q=0.7","Sec-Fetch-Site":"none","Sec-Fetch-Mode":"navigate","Sec-Fetch-User":"?1","Sec-Fetch-Dest":"document","Accept-Encoding":"gzip, deflate, br, zstd","Accept-Language":"en-US,en;q=0.9,ko;q=0.8,zh-CN;q=0.7,zh;q=0.6,fr;q=0.5,ja;q=0.4,es;q=0.3,pl;q=0.2"}
BODY: 
op=entry ds=aaa key=aaa scope=global
RESPONSE HEADERS: ["X-Powered-By: PHP\/5.5.15","Content-Type: application\/json","Access-Control-Allow-Origin: *","Access-Control-Allow-Methods: GET, POST, DELETE, OPTIONS","Access-Control-Allow-Headers: Content-Type, content-md5, x-api-key, roblox-entry-attributes, roblox-entry-userids","Access-Control-Expose-Headers: content-md5, roblox-entry-version, roblox-entry-created-time, roblox-entry-version-created-time, roblox-entry-attributes, roblox-entry-userids","content-md5: cOtGTbFYOjzemgt1YMgU+g==","roblox-entry-version: 08D9E6A3F2188CFF.0000000037.08D9E6A3F2188CFF.01","roblox-entry-created-time: 2026-05-21T17:35:27+00:00","roblox-entry-version-created-time: 2026-05-22T00:58:10+00:00"]
RESPONSE CODE: 200

=== 2026-05-22T01:00:24+00:00 ===
METHOD: GET
URI: /v2/persistence/0/datastores/objects/object?datastore=aaa&objectKey=global%2Faaa
QUERY: datastore=aaa&objectKey=global%2Faaa
HEADERS: {"Host":"localhost","Accept":"*\/*","Cookie":".ROBLOSECURITY=","Accept-Encoding":"gzip, deflate","Cache-Control":"no-cache","Connection":"keep-alive","User-Agent":"RobloxStudio\/WinInet RobloxApp\/0.578.0.5780566 (GlobalDist; RobloxDirectDownload)","Content-Type":"application\/octet-stream","Content-Length":"0"}
BODY: 
op=entry ds=aaa key=aaa scope=global
RESPONSE HEADERS: ["X-Powered-By: PHP\/5.5.15","Content-Type: application\/json","Access-Control-Allow-Origin: *","Access-Control-Allow-Methods: GET, POST, DELETE, OPTIONS","Access-Control-Allow-Headers: Content-Type, content-md5, x-api-key, roblox-entry-attributes, roblox-entry-userids","Access-Control-Expose-Headers: content-md5, roblox-entry-version, roblox-entry-created-time, roblox-entry-version-created-time, roblox-entry-attributes, roblox-entry-userids","content-md5: cOtGTbFYOjzemgt1YMgU+g==","roblox-entry-version: 08D9E6A3F2188CFF.0000000037.08D9E6A3F2188CFF.01","roblox-entry-created-time: 2026-05-21T17:35:27+00:00","roblox-entry-version-created-time: 2026-05-22T00:58:10+00:00"]
RESPONSE CODE: 200

=== 2026-05-22T01:00:25+00:00 ===
METHOD: GET
URI: /v2/persistence/0/datastores/objects/object?datastore=aaa&objectKey=global%2Faaa
QUERY: datastore=aaa&objectKey=global%2Faaa
HEADERS: {"Host":"localhost","Accept":"*\/*","Cookie":".ROBLOSECURITY=","Accept-Encoding":"gzip, deflate","Cache-Control":"no-cache","Connection":"keep-alive","User-Agent":"RobloxStudio\/WinInet RobloxApp\/0.578.0.5780566 (GlobalDist; RobloxDirectDownload)","Content-Type":"application\/octet-stream","Content-Length":"0"}
BODY: 
op=entry ds=aaa key=aaa scope=global
RESPONSE HEADERS: ["X-Powered-By: PHP\/5.5.15","Content-Type: application\/json","Access-Control-Allow-Origin: *","Access-Control-Allow-Methods: GET, POST, DELETE, OPTIONS","Access-Control-Allow-Headers: Content-Type, content-md5, x-api-key, roblox-entry-attributes, roblox-entry-userids","Access-Control-Expose-Headers: content-md5, roblox-entry-version, roblox-entry-created-time, roblox-entry-version-created-time, roblox-entry-attributes, roblox-entry-userids","content-md5: cOtGTbFYOjzemgt1YMgU+g==","roblox-entry-version: 08D9E6A3F2188CFF.0000000037.08D9E6A3F2188CFF.01","roblox-entry-created-time: 2026-05-21T17:35:27+00:00","roblox-entry-version-created-time: 2026-05-22T00:58:10+00:00"]
RESPONSE CODE: 200

=== 2026-05-22T01:00:27+00:00 ===
METHOD: POST
URI: /v2/persistence/0/datastores/objects/object?datastore=aaa&objectKey=global%2Faaa
QUERY: datastore=aaa&objectKey=global%2Faaa
HEADERS: {"Host":"localhost","Accept":"*\/*","Cookie":".ROBLOSECURITY=","Accept-Encoding":"gzip, deflate","Cache-Control":"no-cache","Connection":"keep-alive","User-Agent":"RobloxStudio\/WinInet RobloxApp\/0.578.0.5780566 (GlobalDist; RobloxDirectDownload)","Content-Type":"application\/octet-stream","Content-MD5":"wxr8P8IwzU\/SlmpsEK9t5Q==","Content-Length":"5"}
BODY: "owo"
op=entry ds=aaa key=aaa scope=global
POST RESPONSE contentLength: 5
RESPONSE HEADERS: ["X-Powered-By: PHP\/5.5.15","Content-Type: application\/json","Access-Control-Allow-Origin: *","Access-Control-Allow-Methods: GET, POST, DELETE, OPTIONS","Access-Control-Allow-Headers: Content-Type, content-md5, x-api-key, roblox-entry-attributes, roblox-entry-userids","Access-Control-Expose-Headers: content-md5, roblox-entry-version, roblox-entry-created-time, roblox-entry-version-created-time, roblox-entry-attributes, roblox-entry-userids","content-md5: wxr8P8IwzU\/SlmpsEK9t5Q==","roblox-entry-version: 08D9E6A3F2188CFF.0000000038.08D9E6A3F2188CFF.01","roblox-entry-created-time: 2026-05-21T17:35:27+00:00","roblox-entry-version-created-time: 2026-05-22T01:00:27+00:00"]
RESPONSE CODE: 200

=== 2026-05-22T01:00:32+00:00 ===
METHOD: GET
URI: /v2/persistence/0/datastores/objects/object?datastore=aaa&objectKey=global%2Faaa
QUERY: datastore=aaa&objectKey=global%2Faaa
HEADERS: {"Host":"localhost","Accept":"*\/*","Cookie":".ROBLOSECURITY=","Accept-Encoding":"gzip, deflate","Cache-Control":"no-cache","Connection":"keep-alive","User-Agent":"RobloxStudio\/WinInet RobloxApp\/0.578.0.5780566 (GlobalDist; RobloxDirectDownload)","Content-Type":"application\/octet-stream","Content-Length":"0"}
BODY: 
op=entry ds=aaa key=aaa scope=global
RESPONSE HEADERS: ["X-Powered-By: PHP\/5.5.15","Content-Type: application\/json","Access-Control-Allow-Origin: *","Access-Control-Allow-Methods: GET, POST, DELETE, OPTIONS","Access-Control-Allow-Headers: Content-Type, content-md5, x-api-key, roblox-entry-attributes, roblox-entry-userids","Access-Control-Expose-Headers: content-md5, roblox-entry-version, roblox-entry-created-time, roblox-entry-version-created-time, roblox-entry-attributes, roblox-entry-userids","content-md5: SyzXMj7TxkliyEuzBz+2zg==","roblox-entry-version: 08D9E6A3F2188CFF.0000000038.08D9E6A3F2188CFF.01","roblox-entry-created-time: 2026-05-21T17:35:27+00:00","roblox-entry-version-created-time: 2026-05-22T01:00:27+00:00"]
RESPONSE CODE: 200

=== 2026-05-22T01:00:55+00:00 ===
METHOD: GET
URI: /v2/persistence/0/datastores/objects/object?datastore=aaa&objectKey=global%2Faaa
QUERY: datastore=aaa&objectKey=global%2Faaa
HEADERS: {"Host":"localhost","Connection":"keep-alive","Cache-Control":"max-age=0","sec-ch-ua":"\"Opera GX\";v=\"131\", \"Not.A\/Brand\";v=\"8\", \"Chromium\";v=\"147\"","sec-ch-ua-mobile":"?0","sec-ch-ua-platform":"\"Windows\"","Upgrade-Insecure-Requests":"1","User-Agent":"Mozilla\/5.0 (Windows NT 10.0; Win64; x64) AppleWebKit\/537.36 (KHTML, like Gecko) Chrome\/147.0.0.0 Safari\/537.36 OPR\/131.0.0.0","Accept":"text\/html,application\/xhtml+xml,application\/xml;q=0.9,image\/avif,image\/webp,image\/apng,*\/*;q=0.8,application\/signed-exchange;v=b3;q=0.7","Sec-Fetch-Site":"none","Sec-Fetch-Mode":"navigate","Sec-Fetch-User":"?1","Sec-Fetch-Dest":"document","Accept-Encoding":"gzip, deflate, br, zstd","Accept-Language":"en-US,en;q=0.9,ko;q=0.8,zh-CN;q=0.7,zh;q=0.6,fr;q=0.5,ja;q=0.4,es;q=0.3,pl;q=0.2"}
BODY: 
op=entry ds=aaa key=aaa scope=global
RESPONSE HEADERS: ["X-Powered-By: PHP\/5.5.15","Content-Type: application\/json","Access-Control-Allow-Origin: *","Access-Control-Allow-Methods: GET, POST, DELETE, OPTIONS","Access-Control-Allow-Headers: Content-Type, content-md5, x-api-key, roblox-entry-attributes, roblox-entry-userids","Access-Control-Expose-Headers: content-md5, roblox-entry-version, roblox-entry-created-time, roblox-entry-version-created-time, roblox-entry-attributes, roblox-entry-userids","content-md5:","roblox-entry-version: 08D9E6A3F2188CFF.0000000038.08D9E6A3F2188CFF.01","roblox-entry-created-time: 2026-05-21T17:35:27+00:00","roblox-entry-version-created-time: 2026-05-22T01:00:27+00:00"]
RESPONSE CODE: 200

=== 2026-05-22T01:00:57+00:00 ===
METHOD: GET
URI: /v2/persistence/0/datastores/objects/object?datastore=aaa&objectKey=global%2Faaa
QUERY: datastore=aaa&objectKey=global%2Faaa
HEADERS: {"Host":"localhost","Connection":"keep-alive","Cache-Control":"max-age=0","sec-ch-ua":"\"Opera GX\";v=\"131\", \"Not.A\/Brand\";v=\"8\", \"Chromium\";v=\"147\"","sec-ch-ua-mobile":"?0","sec-ch-ua-platform":"\"Windows\"","Upgrade-Insecure-Requests":"1","User-Agent":"Mozilla\/5.0 (Windows NT 10.0; Win64; x64) AppleWebKit\/537.36 (KHTML, like Gecko) Chrome\/147.0.0.0 Safari\/537.36 OPR\/131.0.0.0","Accept":"text\/html,application\/xhtml+xml,application\/xml;q=0.9,image\/avif,image\/webp,image\/apng,*\/*;q=0.8,application\/signed-exchange;v=b3;q=0.7","Sec-Fetch-Site":"none","Sec-Fetch-Mode":"navigate","Sec-Fetch-User":"?1","Sec-Fetch-Dest":"document","Accept-Encoding":"gzip, deflate, br, zstd","Accept-Language":"en-US,en;q=0.9,ko;q=0.8,zh-CN;q=0.7,zh;q=0.6,fr;q=0.5,ja;q=0.4,es;q=0.3,pl;q=0.2"}
BODY: 
op=entry ds=aaa key=aaa scope=global
RESPONSE HEADERS: ["X-Powered-By: PHP\/5.5.15","Content-Type: application\/json","Access-Control-Allow-Origin: *","Access-Control-Allow-Methods: GET, POST, DELETE, OPTIONS","Access-Control-Allow-Headers: Content-Type, content-md5, x-api-key, roblox-entry-attributes, roblox-entry-userids","Access-Control-Expose-Headers: content-md5, roblox-entry-version, roblox-entry-created-time, roblox-entry-version-created-time, roblox-entry-attributes, roblox-entry-userids","content-md5:","roblox-entry-version: 08D9E6A3F2188CFF.0000000038.08D9E6A3F2188CFF.01","roblox-entry-created-time: 2026-05-21T17:35:27+00:00","roblox-entry-version-created-time: 2026-05-22T01:00:27+00:00"]
RESPONSE CODE: 200

=== 2026-05-22T01:01:00+00:00 ===
METHOD: GET
URI: /v2/persistence/0/datastores/objects/object?datastore=aaa&objectKey=global%2Faaa
QUERY: datastore=aaa&objectKey=global%2Faaa
HEADERS: {"Host":"localhost","Accept":"*\/*","Cookie":".ROBLOSECURITY=","Accept-Encoding":"gzip, deflate","Cache-Control":"no-cache","Connection":"keep-alive","User-Agent":"RobloxStudio\/WinInet RobloxApp\/0.578.0.5780566 (GlobalDist; RobloxDirectDownload)","Content-Type":"application\/octet-stream","Content-Length":"0"}
BODY: 
op=entry ds=aaa key=aaa scope=global
RESPONSE HEADERS: ["X-Powered-By: PHP\/5.5.15","Content-Type: application\/json","Access-Control-Allow-Origin: *","Access-Control-Allow-Methods: GET, POST, DELETE, OPTIONS","Access-Control-Allow-Headers: Content-Type, content-md5, x-api-key, roblox-entry-attributes, roblox-entry-userids","Access-Control-Expose-Headers: content-md5, roblox-entry-version, roblox-entry-created-time, roblox-entry-version-created-time, roblox-entry-attributes, roblox-entry-userids","content-md5:","roblox-entry-version: 08D9E6A3F2188CFF.0000000038.08D9E6A3F2188CFF.01","roblox-entry-created-time: 2026-05-21T17:35:27+00:00","roblox-entry-version-created-time: 2026-05-22T01:00:27+00:00"]
RESPONSE CODE: 200

=== 2026-05-22T01:01:02+00:00 ===
METHOD: GET
URI: /v2/persistence/0/datastores/objects/object?datastore=aaa&objectKey=global%2Faaa
QUERY: datastore=aaa&objectKey=global%2Faaa
HEADERS: {"Host":"localhost","Accept":"*\/*","Cookie":".ROBLOSECURITY=","Accept-Encoding":"gzip, deflate","Cache-Control":"no-cache","Connection":"keep-alive","User-Agent":"RobloxStudio\/WinInet RobloxApp\/0.578.0.5780566 (GlobalDist; RobloxDirectDownload)","Content-Type":"application\/octet-stream","Content-Length":"0"}
BODY: 
op=entry ds=aaa key=aaa scope=global
RESPONSE HEADERS: ["X-Powered-By: PHP\/5.5.15","Content-Type: application\/json","Access-Control-Allow-Origin: *","Access-Control-Allow-Methods: GET, POST, DELETE, OPTIONS","Access-Control-Allow-Headers: Content-Type, content-md5, x-api-key, roblox-entry-attributes, roblox-entry-userids","Access-Control-Expose-Headers: content-md5, roblox-entry-version, roblox-entry-created-time, roblox-entry-version-created-time, roblox-entry-attributes, roblox-entry-userids","content-md5:","roblox-entry-version: 08D9E6A3F2188CFF.0000000038.08D9E6A3F2188CFF.01","roblox-entry-created-time: 2026-05-21T17:35:27+00:00","roblox-entry-version-created-time: 2026-05-22T01:00:27+00:00"]
RESPONSE CODE: 200

=== 2026-05-22T01:01:27+00:00 ===
METHOD: GET
URI: /v2/persistence/0/datastores/objects/object?datastore=aaa&objectKey=global%2Faaa
QUERY: datastore=aaa&objectKey=global%2Faaa
HEADERS: {"Host":"localhost","Connection":"keep-alive","Cache-Control":"max-age=0","sec-ch-ua":"\"Opera GX\";v=\"131\", \"Not.A\/Brand\";v=\"8\", \"Chromium\";v=\"147\"","sec-ch-ua-mobile":"?0","sec-ch-ua-platform":"\"Windows\"","Upgrade-Insecure-Requests":"1","User-Agent":"Mozilla\/5.0 (Windows NT 10.0; Win64; x64) AppleWebKit\/537.36 (KHTML, like Gecko) Chrome\/147.0.0.0 Safari\/537.36 OPR\/131.0.0.0","Accept":"text\/html,application\/xhtml+xml,application\/xml;q=0.9,image\/avif,image\/webp,image\/apng,*\/*;q=0.8,application\/signed-exchange;v=b3;q=0.7","Sec-Fetch-Site":"none","Sec-Fetch-Mode":"navigate","Sec-Fetch-User":"?1","Sec-Fetch-Dest":"document","Accept-Encoding":"gzip, deflate, br, zstd","Accept-Language":"en-US,en;q=0.9,ko;q=0.8,zh-CN;q=0.7,zh;q=0.6,fr;q=0.5,ja;q=0.4,es;q=0.3,pl;q=0.2"}
BODY: 
op=entry ds=aaa key=aaa scope=global
RESPONSE HEADERS: ["X-Powered-By: PHP\/5.5.15","Content-Type: application\/json","Access-Control-Allow-Origin: *","Access-Control-Allow-Methods: GET, POST, DELETE, OPTIONS","Access-Control-Allow-Headers: Content-Type, content-md5, x-api-key, roblox-entry-attributes, roblox-entry-userids","Access-Control-Expose-Headers: content-md5, roblox-entry-version, roblox-entry-created-time, roblox-entry-version-created-time, roblox-entry-attributes, roblox-entry-userids","content-md5: +Vtw\/cMIhWBzKlrBNWRFBg==","roblox-entry-version: 08D9E6A3F2188CFF.0000000038.08D9E6A3F2188CFF.01","roblox-entry-created-time: 2026-05-21T17:35:27+00:00","roblox-entry-version-created-time: 2026-05-22T01:00:27+00:00"]
RESPONSE CODE: 200

=== 2026-05-22T01:01:32+00:00 ===
METHOD: GET
URI: /v2/persistence/0/datastores/objects/object?datastore=aaa&objectKey=global%2Faaa
QUERY: datastore=aaa&objectKey=global%2Faaa
HEADERS: {"Host":"localhost","Accept":"*\/*","Cookie":".ROBLOSECURITY=","Accept-Encoding":"gzip, deflate","Cache-Control":"no-cache","Connection":"keep-alive","User-Agent":"RobloxStudio\/WinInet RobloxApp\/0.578.0.5780566 (GlobalDist; RobloxDirectDownload)","Content-Type":"application\/octet-stream","Content-Length":"0"}
BODY: 
op=entry ds=aaa key=aaa scope=global
RESPONSE HEADERS: ["X-Powered-By: PHP\/5.5.15","Content-Type: application\/json","Access-Control-Allow-Origin: *","Access-Control-Allow-Methods: GET, POST, DELETE, OPTIONS","Access-Control-Allow-Headers: Content-Type, content-md5, x-api-key, roblox-entry-attributes, roblox-entry-userids","Access-Control-Expose-Headers: content-md5, roblox-entry-version, roblox-entry-created-time, roblox-entry-version-created-time, roblox-entry-attributes, roblox-entry-userids","content-md5: +Vtw\/cMIhWBzKlrBNWRFBg==","roblox-entry-version: 08D9E6A3F2188CFF.0000000038.08D9E6A3F2188CFF.01","roblox-entry-created-time: 2026-05-21T17:35:27+00:00","roblox-entry-version-created-time: 2026-05-22T01:00:27+00:00"]
RESPONSE CODE: 200

=== 2026-05-22T01:01:33+00:00 ===
METHOD: GET
URI: /v2/persistence/0/datastores/objects/object?datastore=aaa&objectKey=global%2Faaa
QUERY: datastore=aaa&objectKey=global%2Faaa
HEADERS: {"Host":"localhost","Accept":"*\/*","Cookie":".ROBLOSECURITY=","Accept-Encoding":"gzip, deflate","Cache-Control":"no-cache","Connection":"keep-alive","User-Agent":"RobloxStudio\/WinInet RobloxApp\/0.578.0.5780566 (GlobalDist; RobloxDirectDownload)","Content-Type":"application\/octet-stream","Content-Length":"0"}
BODY: 
op=entry ds=aaa key=aaa scope=global
RESPONSE HEADERS: ["X-Powered-By: PHP\/5.5.15","Content-Type: application\/json","Access-Control-Allow-Origin: *","Access-Control-Allow-Methods: GET, POST, DELETE, OPTIONS","Access-Control-Allow-Headers: Content-Type, content-md5, x-api-key, roblox-entry-attributes, roblox-entry-userids","Access-Control-Expose-Headers: content-md5, roblox-entry-version, roblox-entry-created-time, roblox-entry-version-created-time, roblox-entry-attributes, roblox-entry-userids","content-md5: +Vtw\/cMIhWBzKlrBNWRFBg==","roblox-entry-version: 08D9E6A3F2188CFF.0000000038.08D9E6A3F2188CFF.01","roblox-entry-created-time: 2026-05-21T17:35:27+00:00","roblox-entry-version-created-time: 2026-05-22T01:00:27+00:00"]
RESPONSE CODE: 200

=== 2026-05-22T03:11:32+00:00 ===
METHOD: GET
URI: /v2/persistence/0/datastores/objects/object?datastore=aaa&objectKey=global%2Faaa
QUERY: datastore=aaa&objectKey=global%2Faaa
HEADERS: {"Host":"localhost","Accept":"*\/*","Cookie":".ROBLOSECURITY=","Accept-Encoding":"gzip, deflate","Cache-Control":"no-cache","Connection":"keep-alive","User-Agent":"RobloxStudio\/WinInet RobloxApp\/0.578.0.5780566 (GlobalDist; RobloxDirectDownload)","Content-Type":"application\/octet-stream","Content-Length":"0"}
BODY: 
op=entry ds=aaa key=aaa scope=global
RESPONSE HEADERS: ["X-Powered-By: PHP\/5.5.15","Content-Type: application\/json","Access-Control-Allow-Origin: *","Access-Control-Allow-Methods: GET, POST, DELETE, OPTIONS","Access-Control-Allow-Headers: Content-Type, content-md5, x-api-key, roblox-entry-attributes, roblox-entry-userids","Access-Control-Expose-Headers: content-md5, roblox-entry-version, roblox-entry-created-time, roblox-entry-version-created-time, roblox-entry-attributes, roblox-entry-userids","content-md5: +Vtw\/cMIhWBzKlrBNWRFBg==","roblox-entry-version: 08D9E6A3F2188CFF.0000000038.08D9E6A3F2188CFF.01","roblox-entry-created-time: 2026-05-21T17:35:27+00:00","roblox-entry-version-created-time: 2026-05-22T01:00:27+00:00"]
RESPONSE CODE: 200

=== 2026-05-22T03:21:52+00:00 ===
METHOD: GET
URI: /v2/persistence/0/datastores/objects/object?datastore=aaa&objectKey=global%2Faaa
QUERY: datastore=aaa&objectKey=global%2Faaa
HEADERS: {"Host":"localhost","Accept":"*\/*","Cookie":".ROBLOSECURITY=","Accept-Encoding":"gzip, deflate","Cache-Control":"no-cache","Connection":"keep-alive","User-Agent":"RobloxStudio\/WinInet RobloxApp\/0.578.0.5780566 (GlobalDist; RobloxDirectDownload)","Content-Type":"application\/octet-stream","Content-Length":"0"}
BODY: 
op=entry ds=aaa key=aaa scope=global
RESPONSE HEADERS: ["X-Powered-By: PHP\/5.5.15","Content-Type: application\/json","Access-Control-Allow-Origin: *","Access-Control-Allow-Methods: GET, POST, DELETE, OPTIONS","Access-Control-Allow-Headers: Content-Type, content-md5, x-api-key, roblox-entry-attributes, roblox-entry-userids","Access-Control-Expose-Headers: content-md5, roblox-entry-version, roblox-entry-created-time, roblox-entry-version-created-time, roblox-entry-attributes, roblox-entry-userids","content-md5: +Vtw\/cMIhWBzKlrBNWRFBg==","roblox-entry-version: 08D9E6A3F2188CFF.0000000038.08D9E6A3F2188CFF.01","roblox-entry-created-time: 2026-05-21T17:35:27+00:00","roblox-entry-version-created-time: 2026-05-22T01:00:27+00:00"]
RESPONSE CODE: 200

=== 2026-05-22T03:23:11+00:00 ===
METHOD: GET
URI: /v2/persistence/0/datastores/objects/object?datastore=aaa&objectKey=global%2Faaa
QUERY: datastore=aaa&objectKey=global%2Faaa
HEADERS: {"Host":"localhost","Accept":"*\/*","Cookie":".ROBLOSECURITY=","Accept-Encoding":"gzip, deflate","Cache-Control":"no-cache","Connection":"keep-alive","User-Agent":"RobloxStudio\/WinInet RobloxApp\/0.578.0.5780566 (GlobalDist; RobloxDirectDownload)","Content-Type":"application\/octet-stream","Content-Length":"0"}
BODY: 
op=entry ds=aaa key=aaa scope=global
RESPONSE HEADERS: ["X-Powered-By: PHP\/5.5.15","Content-Type: application\/json","Access-Control-Allow-Origin: *","Access-Control-Allow-Methods: GET, POST, DELETE, OPTIONS","Access-Control-Allow-Headers: Content-Type, content-md5, x-api-key, roblox-entry-attributes, roblox-entry-userids","Access-Control-Expose-Headers: content-md5, roblox-entry-version, roblox-entry-created-time, roblox-entry-version-created-time, roblox-entry-attributes, roblox-entry-userids","content-md5: +Vtw\/cMIhWBzKlrBNWRFBg==","roblox-entry-version: 08D9E6A3F2188CFF.0000000038.08D9E6A3F2188CFF.01","roblox-entry-created-time: 2026-05-21T17:35:27+00:00","roblox-entry-version-created-time: 2026-05-22T01:00:27+00:00"]
RESPONSE CODE: 200

=== 2026-05-22T03:30:14+00:00 ===
METHOD: GET
URI: /v2/persistence/0/datastores/objects/object?datastore=aaa&objectKey=global%2Faaa
QUERY: datastore=aaa&objectKey=global%2Faaa
HEADERS: {"Host":"localhost","Accept":"*\/*","Cookie":".ROBLOSECURITY=","Accept-Encoding":"gzip, deflate","Cache-Control":"no-cache","Connection":"keep-alive","User-Agent":"RobloxStudio\/WinInet RobloxApp\/0.578.0.5780566 (GlobalDist; RobloxDirectDownload)","Content-Type":"application\/octet-stream","Content-Length":"0"}
BODY: 
op=entry ds=aaa key=aaa scope=global
RESPONSE HEADERS: ["X-Powered-By: PHP\/5.5.15","Content-Type: application\/json","Access-Control-Allow-Origin: *","Access-Control-Allow-Methods: GET, POST, DELETE, OPTIONS","Access-Control-Allow-Headers: Content-Type, content-md5, x-api-key, roblox-entry-attributes, roblox-entry-userids","Access-Control-Expose-Headers: content-md5, roblox-entry-version, roblox-entry-created-time, roblox-entry-version-created-time, roblox-entry-attributes, roblox-entry-userids","content-md5: +Vtw\/cMIhWBzKlrBNWRFBg==","roblox-entry-version: 08D9E6A3F2188CFF.0000000038.08D9E6A3F2188CFF.01","roblox-entry-created-time: 2026-05-21T17:35:27+00:00","roblox-entry-version-created-time: 2026-05-22T01:00:27+00:00"]
RESPONSE CODE: 200

=== 2026-05-22T03:40:12+00:00 ===
METHOD: GET
URI: /v2/persistence/0/datastores/objects/object?datastore=aaa&objectKey=global%2Faaa
QUERY: datastore=aaa&objectKey=global%2Faaa
HEADERS: {"Host":"localhost","Connection":"keep-alive","Cache-Control":"max-age=0","sec-ch-ua":"\"Opera GX\";v=\"131\", \"Not.A\/Brand\";v=\"8\", \"Chromium\";v=\"147\"","sec-ch-ua-mobile":"?0","sec-ch-ua-platform":"\"Windows\"","Upgrade-Insecure-Requests":"1","User-Agent":"Mozilla\/5.0 (Windows NT 10.0; Win64; x64) AppleWebKit\/537.36 (KHTML, like Gecko) Chrome\/147.0.0.0 Safari\/537.36 OPR\/131.0.0.0","Accept":"text\/html,application\/xhtml+xml,application\/xml;q=0.9,image\/avif,image\/webp,image\/apng,*\/*;q=0.8,application\/signed-exchange;v=b3;q=0.7","Sec-Fetch-Site":"none","Sec-Fetch-Mode":"navigate","Sec-Fetch-User":"?1","Sec-Fetch-Dest":"document","Accept-Encoding":"gzip, deflate, br, zstd","Accept-Language":"en-US,en;q=0.9,ko;q=0.8,zh-CN;q=0.7,zh;q=0.6,fr;q=0.5,ja;q=0.4,es;q=0.3,pl;q=0.2"}
BODY: 
op=entry ds=aaa key=aaa scope=global
RESPONSE HEADERS: ["X-Powered-By: PHP\/5.5.15","Content-Type: application\/json","Access-Control-Allow-Origin: *","Access-Control-Allow-Methods: GET, POST, DELETE, OPTIONS","Access-Control-Allow-Headers: Content-Type, content-md5, x-api-key, roblox-entry-attributes, roblox-entry-userids","Access-Control-Expose-Headers: content-md5, roblox-entry-version, roblox-entry-created-time, roblox-entry-version-created-time, roblox-entry-attributes, roblox-entry-userids","content-md5: wxr8P8IwzU\/SlmpsEK9t5Q==","roblox-entry-version: 08D9E6A3F2188CFF.0000000038.08D9E6A3F2188CFF.01","roblox-entry-created-time: 2026-05-21T17:35:27+00:00","roblox-entry-version-created-time: 2026-05-22T01:00:27+00:00"]
RESPONSE CODE: 200

=== 2026-05-22T03:40:27+00:00 ===
METHOD: GET
URI: /v2/persistence/0/datastores/objects/object?datastore=aaa&objectKey=global%2Faaa
QUERY: datastore=aaa&objectKey=global%2Faaa
HEADERS: {"Host":"localhost","Accept":"*\/*","Cookie":".ROBLOSECURITY=","Accept-Encoding":"gzip, deflate","Cache-Control":"no-cache","Connection":"keep-alive","User-Agent":"RobloxStudio\/WinInet RobloxApp\/0.578.0.5780566 (GlobalDist; RobloxDirectDownload)","Content-Type":"application\/octet-stream","Content-Length":"0"}
BODY: 
op=entry ds=aaa key=aaa scope=global
RESPONSE HEADERS: ["X-Powered-By: PHP\/5.5.15","Content-Type: application\/json","Access-Control-Allow-Origin: *","Access-Control-Allow-Methods: GET, POST, DELETE, OPTIONS","Access-Control-Allow-Headers: Content-Type, content-md5, x-api-key, roblox-entry-attributes, roblox-entry-userids","Access-Control-Expose-Headers: content-md5, roblox-entry-version, roblox-entry-created-time, roblox-entry-version-created-time, roblox-entry-attributes, roblox-entry-userids","content-md5: wxr8P8IwzU\/SlmpsEK9t5Q==","roblox-entry-version: 08D9E6A3F2188CFF.0000000038.08D9E6A3F2188CFF.01","roblox-entry-created-time: 2026-05-21T17:35:27+00:00","roblox-entry-version-created-time: 2026-05-22T01:00:27+00:00"]
RESPONSE CODE: 200

=== 2026-05-22T03:40:52+00:00 ===
METHOD: GET
URI: /v2/persistence/0/datastores/objects/object?datastore=aaa&objectKey=global%2Faaa
QUERY: datastore=aaa&objectKey=global%2Faaa
HEADERS: {"Host":"localhost","Connection":"keep-alive","Cache-Control":"max-age=0","sec-ch-ua":"\"Opera GX\";v=\"131\", \"Not.A\/Brand\";v=\"8\", \"Chromium\";v=\"147\"","sec-ch-ua-mobile":"?0","sec-ch-ua-platform":"\"Windows\"","Upgrade-Insecure-Requests":"1","User-Agent":"Mozilla\/5.0 (Windows NT 10.0; Win64; x64) AppleWebKit\/537.36 (KHTML, like Gecko) Chrome\/147.0.0.0 Safari\/537.36 OPR\/131.0.0.0","Accept":"text\/html,application\/xhtml+xml,application\/xml;q=0.9,image\/avif,image\/webp,image\/apng,*\/*;q=0.8,application\/signed-exchange;v=b3;q=0.7","Sec-Fetch-Site":"none","Sec-Fetch-Mode":"navigate","Sec-Fetch-User":"?1","Sec-Fetch-Dest":"document","Accept-Encoding":"gzip, deflate, br, zstd","Accept-Language":"en-US,en;q=0.9,ko;q=0.8,zh-CN;q=0.7,zh;q=0.6,fr;q=0.5,ja;q=0.4,es;q=0.3,pl;q=0.2"}
BODY: 
op=entry ds=aaa key=aaa scope=global
RESPONSE HEADERS: ["X-Powered-By: PHP\/5.5.15","Content-Type: application\/json","Access-Control-Allow-Origin: *","Access-Control-Allow-Methods: GET, POST, DELETE, OPTIONS","Access-Control-Allow-Headers: Content-Type, content-md5, x-api-key, roblox-entry-attributes, roblox-entry-userids","Access-Control-Expose-Headers: content-md5, roblox-entry-version, roblox-entry-created-time, roblox-entry-version-created-time, roblox-entry-attributes, roblox-entry-userids","content-md5: wxr8P8IwzU\/SlmpsEK9t5Q==","roblox-entry-version: 08D9E6A3F2188CFF.0000000038.08D9E6A3F2188CFF.01","roblox-entry-created-time: 2026-05-21T17:35:27+00:00","roblox-entry-version-created-time: 2026-05-22T01:00:27+00:00"]
RESPONSE CODE: 200

=== 2026-05-22T03:42:57+00:00 ===
METHOD: POST
URI: /v2/persistence/0/datastores/objects/object?datastore=aaa&objectKey=global%2Faaa
QUERY: datastore=aaa&objectKey=global%2Faaa
HEADERS: {"Host":"localhost","Accept":"*\/*","Cookie":".ROBLOSECURITY=","Accept-Encoding":"gzip, deflate","Cache-Control":"no-cache","Connection":"keep-alive","User-Agent":"RobloxStudio\/WinInet RobloxApp\/0.578.0.5780566 (GlobalDist; RobloxDirectDownload)","Content-Type":"application\/octet-stream","Content-MD5":"wxr8P8IwzU\/SlmpsEK9t5Q==","Content-Length":"5"}
BODY: "owo"
op=entry ds=aaa key=aaa scope=global
POST RESPONSE contentLength: 5
RESPONSE HEADERS: ["X-Powered-By: PHP\/5.5.15","Content-Type: application\/json","Access-Control-Allow-Origin: *","Access-Control-Allow-Methods: GET, POST, DELETE, OPTIONS","Access-Control-Allow-Headers: Content-Type, content-md5, x-api-key, roblox-entry-attributes, roblox-entry-userids","Access-Control-Expose-Headers: content-md5, roblox-entry-version, roblox-entry-created-time, roblox-entry-version-created-time, roblox-entry-attributes, roblox-entry-userids","content-md5: wxr8P8IwzU\/SlmpsEK9t5Q==","roblox-entry-version: 08D9E6A3F2188CFF.0000000001.08D9E6A3F2188CFF.01","roblox-entry-created-time: 2026-05-22T03:42:57Z","roblox-entry-version-created-time: 2026-05-22T03:42:57Z"]
RESPONSE CODE: 200

=== 2026-05-22T03:48:24Z ===
METHOD: GET
URI: /v2/persistence/0/datastores/objects/object?datastore=aaa&objectKey=global%2Faaa
QUERY: datastore=aaa&objectKey=global%2Faaa
HEADERS: {"Host":"localhost","Accept":"*\/*","Cookie":".ROBLOSECURITY=","Accept-Encoding":"gzip, deflate","Cache-Control":"no-cache","Connection":"keep-alive","User-Agent":"RobloxStudio\/WinInet RobloxApp\/0.578.0.5780566 (GlobalDist; RobloxDirectDownload)","Content-Type":"application\/octet-stream","Content-Length":"0"}
BODY: 
op=entry ds=aaa key=aaa scope=global
RESPONSE HEADERS: ["X-Powered-By: PHP\/5.5.15","Content-Type: application\/json","Access-Control-Allow-Origin: *","Access-Control-Allow-Methods: GET, POST, DELETE, OPTIONS","Access-Control-Allow-Headers: Content-Type, content-md5, x-api-key, roblox-entry-attributes, roblox-entry-userids","Access-Control-Expose-Headers: content-md5, roblox-entry-version, roblox-entry-created-time, roblox-entry-version-created-time, roblox-entry-attributes, roblox-entry-userids","content-md5: wxr8P8IwzU\/SlmpsEK9t5Q==","roblox-entry-version: 08D9E6A3F2188CFF.0000000001.08D9E6A3F2188CFF.01","roblox-entry-created-time: 2026-05-22T03:42:57Z","roblox-entry-version-created-time: 2026-05-22T03:42:57Z"]
RESPONSE CODE: 200

=== 2026-05-22T03:50:04Z ===
METHOD: GET
URI: /v2/persistence/0/datastores/objects/object?datastore=aaa&objectKey=global%2Faaa
QUERY: datastore=aaa&objectKey=global%2Faaa
HEADERS: {"Host":"localhost","Connection":"keep-alive","Cache-Control":"max-age=0","sec-ch-ua":"\"Opera GX\";v=\"131\", \"Not.A\/Brand\";v=\"8\", \"Chromium\";v=\"147\"","sec-ch-ua-mobile":"?0","sec-ch-ua-platform":"\"Windows\"","Upgrade-Insecure-Requests":"1","User-Agent":"Mozilla\/5.0 (Windows NT 10.0; Win64; x64) AppleWebKit\/537.36 (KHTML, like Gecko) Chrome\/147.0.0.0 Safari\/537.36 OPR\/131.0.0.0","Accept":"text\/html,application\/xhtml+xml,application\/xml;q=0.9,image\/avif,image\/webp,image\/apng,*\/*;q=0.8,application\/signed-exchange;v=b3;q=0.7","Sec-Fetch-Site":"none","Sec-Fetch-Mode":"navigate","Sec-Fetch-User":"?1","Sec-Fetch-Dest":"document","Accept-Encoding":"gzip, deflate, br, zstd","Accept-Language":"en-US,en;q=0.9,ko;q=0.8,zh-CN;q=0.7,zh;q=0.6,fr;q=0.5,ja;q=0.4,es;q=0.3,pl;q=0.2"}
BODY: 
op=entry ds=aaa key=aaa scope=global
RESPONSE HEADERS: ["X-Powered-By: PHP\/5.5.15","Content-Type: application\/json","Access-Control-Allow-Origin: *","Access-Control-Allow-Methods: GET, POST, DELETE, OPTIONS","Access-Control-Allow-Headers: Content-Type, content-md5, x-api-key, roblox-entry-attributes, roblox-entry-userids","Access-Control-Expose-Headers: content-md5, roblox-entry-version, roblox-entry-created-time, roblox-entry-version-created-time, roblox-entry-attributes, roblox-entry-userids","Content-MD5: wxr8P8IwzU\/SlmpsEK9t5Q==","Roblox-Object-Version-Id: 08D9E6A3F2188CFF.0000000001.08D9E6A3F2188CFF.01","Roblox-Object-Created-Time: 2026-05-22T03:42:57Z","Roblox-Object-Version-Created-Time: 2026-05-22T03:42:57Z"]
RESPONSE CODE: 200

=== 2026-05-22T03:50:11Z ===
METHOD: GET
URI: /v2/persistence/0/datastores/objects/object?datastore=aaa&objectKey=global%2Faaa
QUERY: datastore=aaa&objectKey=global%2Faaa
HEADERS: {"Host":"localhost","Accept":"*\/*","Cookie":".ROBLOSECURITY=","Accept-Encoding":"gzip, deflate","Cache-Control":"no-cache","Connection":"keep-alive","User-Agent":"RobloxStudio\/WinInet RobloxApp\/0.578.0.5780566 (GlobalDist; RobloxDirectDownload)","Content-Type":"application\/octet-stream","Content-Length":"0"}
BODY: 
op=entry ds=aaa key=aaa scope=global
RESPONSE HEADERS: ["X-Powered-By: PHP\/5.5.15","Content-Type: application\/json","Access-Control-Allow-Origin: *","Access-Control-Allow-Methods: GET, POST, DELETE, OPTIONS","Access-Control-Allow-Headers: Content-Type, content-md5, x-api-key, roblox-entry-attributes, roblox-entry-userids","Access-Control-Expose-Headers: content-md5, roblox-entry-version, roblox-entry-created-time, roblox-entry-version-created-time, roblox-entry-attributes, roblox-entry-userids","Content-MD5: wxr8P8IwzU\/SlmpsEK9t5Q==","Roblox-Object-Version-Id: 08D9E6A3F2188CFF.0000000001.08D9E6A3F2188CFF.01","Roblox-Object-Created-Time: 2026-05-22T03:42:57Z","Roblox-Object-Version-Created-Time: 2026-05-22T03:42:57Z"]
RESPONSE CODE: 200

=== 2026-05-22T03:50:21Z ===
METHOD: GET
URI: /v2/persistence/0/datastores/objects/object?datastore=aaa&objectKey=global%2Faaa
QUERY: datastore=aaa&objectKey=global%2Faaa
HEADERS: {"Host":"localhost","Accept":"*\/*","Cookie":".ROBLOSECURITY=","Accept-Encoding":"gzip, deflate","Cache-Control":"no-cache","Connection":"keep-alive","User-Agent":"RobloxStudio\/WinInet RobloxApp\/0.578.0.5780566 (GlobalDist; RobloxDirectDownload)","Content-Type":"application\/octet-stream","Content-Length":"0"}
BODY: 
op=entry ds=aaa key=aaa scope=global
RESPONSE HEADERS: ["X-Powered-By: PHP\/5.5.15","Content-Type: application\/json","Access-Control-Allow-Origin: *","Access-Control-Allow-Methods: GET, POST, DELETE, OPTIONS","Access-Control-Allow-Headers: Content-Type, content-md5, x-api-key, roblox-entry-attributes, roblox-entry-userids","Access-Control-Expose-Headers: content-md5, roblox-entry-version, roblox-entry-created-time, roblox-entry-version-created-time, roblox-entry-attributes, roblox-entry-userids","Content-MD5: wxr8P8IwzU\/SlmpsEK9t5Q==","Roblox-Object-Version-Id: 08D9E6A3F2188CFF.0000000001.08D9E6A3F2188CFF.01","Roblox-Object-Created-Time: 2026-05-22T03:42:57Z","Roblox-Object-Version-Created-Time: 2026-05-22T03:42:57Z"]
RESPONSE CODE: 200

=== 2026-05-22T03:53:47Z ===
METHOD: GET
URI: /v2/persistence/0/datastores/objects/object?datastore=aaa&objectKey=global%2Faaa
QUERY: datastore=aaa&objectKey=global%2Faaa
HEADERS: {"Host":"localhost","Connection":"keep-alive","Cache-Control":"max-age=0","sec-ch-ua":"\"Opera GX\";v=\"131\", \"Not.A\/Brand\";v=\"8\", \"Chromium\";v=\"147\"","sec-ch-ua-mobile":"?0","sec-ch-ua-platform":"\"Windows\"","Upgrade-Insecure-Requests":"1","User-Agent":"Mozilla\/5.0 (Windows NT 10.0; Win64; x64) AppleWebKit\/537.36 (KHTML, like Gecko) Chrome\/147.0.0.0 Safari\/537.36 OPR\/131.0.0.0","Accept":"text\/html,application\/xhtml+xml,application\/xml;q=0.9,image\/avif,image\/webp,image\/apng,*\/*;q=0.8,application\/signed-exchange;v=b3;q=0.7","Sec-Fetch-Site":"none","Sec-Fetch-Mode":"navigate","Sec-Fetch-User":"?1","Sec-Fetch-Dest":"document","Accept-Encoding":"gzip, deflate, br, zstd","Accept-Language":"en-US,en;q=0.9,ko;q=0.8,zh-CN;q=0.7,zh;q=0.6,fr;q=0.5,ja;q=0.4,es;q=0.3,pl;q=0.2"}
BODY: 
op=entry ds=aaa key=aaa scope=global
RESPONSE HEADERS: ["X-Powered-By: PHP\/5.5.15","Content-Type: application\/json","Access-Control-Allow-Origin: *","Access-Control-Allow-Methods: GET, POST, DELETE, OPTIONS","Access-Control-Allow-Headers: Content-Type, content-md5, x-api-key, roblox-entry-attributes, roblox-entry-userids","Access-Control-Expose-Headers: content-md5, roblox-entry-version, roblox-entry-created-time, roblox-entry-version-created-time, roblox-entry-attributes, roblox-entry-userids","Content-MD5: wxr8P8IwzU\/SlmpsEK9t5Q==","Roblox-Object-Version-Id: 08D9E6A3F2188CFF.0000000001.08D9E6A3F2188CFF.01","Roblox-Object-Created-Time: 2026-05-22T03:42:57Z","Roblox-Object-Version-Created-Time: 2026-05-22T03:42:57Z"]
RESPONSE CODE: 200

=== 2026-05-22T03:53:49Z ===
METHOD: GET
URI: /v2/persistence/0/datastores/objects/object?datastore=aaa&objectKey=global%2Faaa
QUERY: datastore=aaa&objectKey=global%2Faaa
HEADERS: {"Host":"localhost","Connection":"keep-alive","Cache-Control":"max-age=0","sec-ch-ua":"\"Opera GX\";v=\"131\", \"Not.A\/Brand\";v=\"8\", \"Chromium\";v=\"147\"","sec-ch-ua-mobile":"?0","sec-ch-ua-platform":"\"Windows\"","Upgrade-Insecure-Requests":"1","User-Agent":"Mozilla\/5.0 (Windows NT 10.0; Win64; x64) AppleWebKit\/537.36 (KHTML, like Gecko) Chrome\/147.0.0.0 Safari\/537.36 OPR\/131.0.0.0","Accept":"text\/html,application\/xhtml+xml,application\/xml;q=0.9,image\/avif,image\/webp,image\/apng,*\/*;q=0.8,application\/signed-exchange;v=b3;q=0.7","Sec-Fetch-Site":"none","Sec-Fetch-Mode":"navigate","Sec-Fetch-User":"?1","Sec-Fetch-Dest":"document","Accept-Encoding":"gzip, deflate, br, zstd","Accept-Language":"en-US,en;q=0.9,ko;q=0.8,zh-CN;q=0.7,zh;q=0.6,fr;q=0.5,ja;q=0.4,es;q=0.3,pl;q=0.2"}
BODY: 
op=entry ds=aaa key=aaa scope=global
RESPONSE HEADERS: ["X-Powered-By: PHP\/5.5.15","Content-Type: application\/json","Access-Control-Allow-Origin: *","Access-Control-Allow-Methods: GET, POST, DELETE, OPTIONS","Access-Control-Allow-Headers: Content-Type, content-md5, x-api-key, roblox-entry-attributes, roblox-entry-userids","Access-Control-Expose-Headers: content-md5, roblox-entry-version, roblox-entry-created-time, roblox-entry-version-created-time, roblox-entry-attributes, roblox-entry-userids","Content-MD5: wxr8P8IwzU\/SlmpsEK9t5Q==","Roblox-Object-Version-Id: 08D9E6A3F2188CFF.0000000001.08D9E6A3F2188CFF.01","Roblox-Object-Created-Time: 2026-05-22T03:42:57Z","Roblox-Object-Version-Created-Time: 2026-05-22T03:42:57Z"]
RESPONSE CODE: 200

=== 2026-05-22T03:54:08Z ===
METHOD: GET
URI: /v2/persistence/0/datastores/objects/object?datastore=aaa&objectKey=global%2Faaa
QUERY: datastore=aaa&objectKey=global%2Faaa
HEADERS: {"Host":"localhost","Connection":"keep-alive","Cache-Control":"max-age=0","sec-ch-ua":"\"Opera GX\";v=\"131\", \"Not.A\/Brand\";v=\"8\", \"Chromium\";v=\"147\"","sec-ch-ua-mobile":"?0","sec-ch-ua-platform":"\"Windows\"","Upgrade-Insecure-Requests":"1","User-Agent":"Mozilla\/5.0 (Windows NT 10.0; Win64; x64) AppleWebKit\/537.36 (KHTML, like Gecko) Chrome\/147.0.0.0 Safari\/537.36 OPR\/131.0.0.0","Accept":"text\/html,application\/xhtml+xml,application\/xml;q=0.9,image\/avif,image\/webp,image\/apng,*\/*;q=0.8,application\/signed-exchange;v=b3;q=0.7","Sec-Fetch-Site":"none","Sec-Fetch-Mode":"navigate","Sec-Fetch-User":"?1","Sec-Fetch-Dest":"document","Accept-Encoding":"gzip, deflate, br, zstd","Accept-Language":"en-US,en;q=0.9,ko;q=0.8,zh-CN;q=0.7,zh;q=0.6,fr;q=0.5,ja;q=0.4,es;q=0.3,pl;q=0.2"}
BODY: 
op=entry ds=aaa key=aaa scope=global
RESPONSE HEADERS: ["X-Powered-By: PHP\/5.5.15","Content-Type: application\/json","Access-Control-Allow-Origin: *","Access-Control-Allow-Methods: GET, POST, DELETE, OPTIONS","Access-Control-Allow-Headers: Content-Type, content-md5, x-api-key, roblox-entry-attributes, roblox-entry-userids","Access-Control-Expose-Headers: content-md5, roblox-entry-version, roblox-entry-created-time, roblox-entry-version-created-time, roblox-entry-attributes, roblox-entry-userids","Content-MD5: wxr8P8IwzU\/SlmpsEK9t5Q==","Roblox-Object-Version-Id: 08D9E6A3F2188CFF.0000000001.08D9E6A3F2188CFF.01","Roblox-Object-Created-Time: 2026-05-22T03:42:57Z","Roblox-Object-Version-Created-Time: 2026-05-22T03:42:57Z"]
RESPONSE CODE: 200

=== 2026-05-22T03:54:12Z ===
METHOD: GET
URI: /v2/persistence/0/datastores/objects/object?datastore=aaa&objectKey=global%2Faaa
QUERY: datastore=aaa&objectKey=global%2Faaa
HEADERS: {"Host":"localhost","Accept":"*\/*","Cookie":".ROBLOSECURITY=","Accept-Encoding":"gzip, deflate","Cache-Control":"no-cache","Connection":"keep-alive","User-Agent":"RobloxStudio\/WinInet RobloxApp\/0.578.0.5780566 (GlobalDist; RobloxDirectDownload)","Content-Type":"application\/octet-stream","Content-Length":"0"}
BODY: 
op=entry ds=aaa key=aaa scope=global
RESPONSE HEADERS: ["X-Powered-By: PHP\/5.5.15","Content-Type: application\/json","Access-Control-Allow-Origin: *","Access-Control-Allow-Methods: GET, POST, DELETE, OPTIONS","Access-Control-Allow-Headers: Content-Type, content-md5, x-api-key, roblox-entry-attributes, roblox-entry-userids","Access-Control-Expose-Headers: content-md5, roblox-entry-version, roblox-entry-created-time, roblox-entry-version-created-time, roblox-entry-attributes, roblox-entry-userids","Content-MD5: wxr8P8IwzU\/SlmpsEK9t5Q==","Roblox-Object-Version-Id: 08D9E6A3F2188CFF.0000000001.08D9E6A3F2188CFF.01","Roblox-Object-Created-Time: 2026-05-22T03:42:57Z","Roblox-Object-Version-Created-Time: 2026-05-22T03:42:57Z"]
RESPONSE CODE: 200

=== 2026-05-22T03:54:13Z ===
METHOD: GET
URI: /v2/persistence/0/datastores/objects/object?datastore=aaa&objectKey=global%2Faaa
QUERY: datastore=aaa&objectKey=global%2Faaa
HEADERS: {"Host":"localhost","Accept":"*\/*","Cookie":".ROBLOSECURITY=","Accept-Encoding":"gzip, deflate","Cache-Control":"no-cache","Connection":"keep-alive","User-Agent":"RobloxStudio\/WinInet RobloxApp\/0.578.0.5780566 (GlobalDist; RobloxDirectDownload)","Content-Type":"application\/octet-stream","Content-Length":"0"}
BODY: 
op=entry ds=aaa key=aaa scope=global
RESPONSE HEADERS: ["X-Powered-By: PHP\/5.5.15","Content-Type: application\/json","Access-Control-Allow-Origin: *","Access-Control-Allow-Methods: GET, POST, DELETE, OPTIONS","Access-Control-Allow-Headers: Content-Type, content-md5, x-api-key, roblox-entry-attributes, roblox-entry-userids","Access-Control-Expose-Headers: content-md5, roblox-entry-version, roblox-entry-created-time, roblox-entry-version-created-time, roblox-entry-attributes, roblox-entry-userids","Content-MD5: wxr8P8IwzU\/SlmpsEK9t5Q==","Roblox-Object-Version-Id: 08D9E6A3F2188CFF.0000000001.08D9E6A3F2188CFF.01","Roblox-Object-Created-Time: 2026-05-22T03:42:57Z","Roblox-Object-Version-Created-Time: 2026-05-22T03:42:57Z"]
RESPONSE CODE: 200

=== 2026-05-22T03:55:03Z ===
METHOD: GET
URI: /v2/persistence/0/datastores/objects/object?datastore=aaa&objectKey=global%2Faaa
QUERY: datastore=aaa&objectKey=global%2Faaa
HEADERS: {"Host":"localhost","Connection":"keep-alive","Cache-Control":"max-age=0","sec-ch-ua":"\"Opera GX\";v=\"131\", \"Not.A\/Brand\";v=\"8\", \"Chromium\";v=\"147\"","sec-ch-ua-mobile":"?0","sec-ch-ua-platform":"\"Windows\"","Upgrade-Insecure-Requests":"1","User-Agent":"Mozilla\/5.0 (Windows NT 10.0; Win64; x64) AppleWebKit\/537.36 (KHTML, like Gecko) Chrome\/147.0.0.0 Safari\/537.36 OPR\/131.0.0.0","Accept":"text\/html,application\/xhtml+xml,application\/xml;q=0.9,image\/avif,image\/webp,image\/apng,*\/*;q=0.8,application\/signed-exchange;v=b3;q=0.7","Sec-Fetch-Site":"none","Sec-Fetch-Mode":"navigate","Sec-Fetch-User":"?1","Sec-Fetch-Dest":"document","Accept-Encoding":"gzip, deflate, br, zstd","Accept-Language":"en-US,en;q=0.9,ko;q=0.8,zh-CN;q=0.7,zh;q=0.6,fr;q=0.5,ja;q=0.4,es;q=0.3,pl;q=0.2"}
BODY: 
op=entry ds=aaa key=aaa scope=global
RESPONSE HEADERS: ["X-Powered-By: PHP\/5.5.15","Content-Type: application\/json","Access-Control-Allow-Origin: *","Access-Control-Allow-Methods: GET, POST, DELETE, OPTIONS","Access-Control-Allow-Headers: Content-Type, content-md5, x-api-key, roblox-entry-attributes, roblox-entry-userids","Access-Control-Expose-Headers: content-md5, roblox-entry-version, roblox-entry-created-time, roblox-entry-version-created-time, roblox-entry-attributes, roblox-entry-userids","Content-MD5: wxr8P8IwzU\/SlmpsEK9t5Q==","Roblox-Object-Version-Id: 08D9E6A3F2188CFF.0000000001.08D9E6A3F2188CFF.01","Roblox-Object-Created-Time: 2026-05-22T03:42:57Z","Roblox-Object-Version-Created-Time: 2026-05-22T03:42:57Z"]
RESPONSE CODE: 200

=== 2026-05-22T03:58:11Z ===
METHOD: GET
URI: /v2/persistence/0/datastores/objects/object?datastore=aaa&objectKey=global%2Faaa
QUERY: datastore=aaa&objectKey=global%2Faaa
HEADERS: {"Host":"localhost","Accept":"*\/*","Cookie":".ROBLOSECURITY=","Accept-Encoding":"gzip, deflate","Cache-Control":"no-cache","Connection":"keep-alive","User-Agent":"RobloxStudio\/WinInet RobloxApp\/0.578.0.5780566 (GlobalDist; RobloxDirectDownload)","Content-Type":"application\/octet-stream","Content-Length":"0"}
BODY: 
op=entry ds=aaa key=aaa scope=global
RESPONSE HEADERS: ["X-Powered-By: PHP\/5.5.15","Content-Type: application\/json","Access-Control-Allow-Origin: *","Access-Control-Allow-Methods: GET, POST, DELETE, OPTIONS","Access-Control-Allow-Headers: Content-Type, content-md5, x-api-key, roblox-entry-attributes, roblox-entry-userids","Access-Control-Expose-Headers: content-md5, roblox-entry-version, roblox-entry-created-time, roblox-entry-version-created-time, roblox-entry-attributes, roblox-entry-userids","Content-MD5: wxr8P8IwzU\/SlmpsEK9t5Q==","Roblox-Object-Version-Id: 08D9E6A3F2188CFF.0000000001.08D9E6A3F2188CFF.01","Roblox-Object-Created-Time: 2026-05-22T03:42:57Z","Roblox-Object-Version-Created-Time: 2026-05-22T03:42:57Z"]
RESPONSE CODE: 200

=== 2026-05-22T04:00:01Z ===
METHOD: GET
URI: /v2/persistence/0/datastores/objects/object?datastore=aaa&objectKey=global%2Faaa
QUERY: datastore=aaa&objectKey=global%2Faaa
HEADERS: {"Host":"localhost","Accept":"*\/*","Cookie":".ROBLOSECURITY=","Accept-Encoding":"gzip, deflate","Cache-Control":"no-cache","Connection":"keep-alive","User-Agent":"RobloxStudio\/WinInet RobloxApp\/0.578.0.5780566 (GlobalDist; RobloxDirectDownload)","Content-Type":"application\/octet-stream","Content-Length":"0"}
BODY: 
op=entry ds=aaa key=aaa scope=global
RESPONSE HEADERS: ["X-Powered-By: PHP\/5.5.15","Content-Type: application\/json","Access-Control-Allow-Origin: *","Access-Control-Allow-Methods: GET, POST, DELETE, OPTIONS","Access-Control-Allow-Headers: Content-Type, content-md5, x-api-key, roblox-entry-attributes, roblox-entry-userids","Access-Control-Expose-Headers: content-md5, roblox-entry-version, roblox-entry-created-time, roblox-entry-version-created-time, roblox-entry-attributes, roblox-entry-userids","Content-MD5: wxr8P8IwzU\/SlmpsEK9t5Q==","Roblox-Object-Version-Id: 1","Roblox-Object-Created-Time: 2026-05-22T03:42:57Z","Roblox-Object-Version-Created-Time: 2026-05-22T03:42:57Z"]
RESPONSE CODE: 200

=== 2026-05-22T04:00:28Z ===
METHOD: GET
URI: /v2/persistence/0/datastores/objects/object?datastore=aaa&objectKey=global%2Faaa
QUERY: datastore=aaa&objectKey=global%2Faaa
HEADERS: {"Host":"localhost","Accept":"*\/*","Cookie":".ROBLOSECURITY=","Accept-Encoding":"gzip, deflate","Cache-Control":"no-cache","Connection":"keep-alive","User-Agent":"RobloxStudio\/WinInet RobloxApp\/0.578.0.5780566 (GlobalDist; RobloxDirectDownload)","Content-Type":"application\/octet-stream","Content-Length":"0"}
BODY: 
op=entry ds=aaa key=aaa scope=global
RESPONSE HEADERS: ["X-Powered-By: PHP\/5.5.15","Content-Type: application\/json","Access-Control-Allow-Origin: *","Access-Control-Allow-Methods: GET, POST, DELETE, OPTIONS","Access-Control-Allow-Headers: Content-Type, content-md5, x-api-key, roblox-entry-attributes, roblox-entry-userids","Access-Control-Expose-Headers: content-md5, roblox-entry-version, roblox-entry-created-time, roblox-entry-version-created-time, roblox-entry-attributes, roblox-entry-userids","Content-MD5: wxr8P8IwzU\/SlmpsEK9t5Q==","Roblox-Object-Version-Id: 1","Roblox-Object-Created-Time: 2026-05-22T03:42:57Z","Roblox-Object-Version-Created-Time: 2026-05-22T03:42:57Z"]
RESPONSE CODE: 200

=== 2026-05-22T04:02:43Z ===
METHOD: GET
URI: /v2/persistence/0/datastores/objects/object?datastore=aaa&objectKey=global%2Faaa
QUERY: datastore=aaa&objectKey=global%2Faaa
HEADERS: {"Host":"localhost","Accept":"*\/*","Cookie":".ROBLOSECURITY=","Accept-Encoding":"gzip, deflate","Cache-Control":"no-cache","Connection":"keep-alive","User-Agent":"RobloxStudio\/WinInet RobloxApp\/0.578.0.5780566 (GlobalDist; RobloxDirectDownload)","Content-Type":"application\/octet-stream","Content-Length":"0"}
BODY: 
op=entry ds=aaa key=aaa scope=global
RESPONSE HEADERS: ["X-Powered-By: PHP\/5.5.15","Content-Type: application\/json","Access-Control-Allow-Origin: *","Access-Control-Allow-Methods: GET, POST, DELETE, OPTIONS","Access-Control-Allow-Headers: Content-Type, content-md5, x-api-key, roblox-entry-attributes, roblox-entry-userids","Access-Control-Expose-Headers: content-md5, roblox-entry-version, roblox-entry-created-time, roblox-entry-version-created-time, roblox-entry-attributes, roblox-entry-userids","Content-MD5: wxr8P8IwzU\/SlmpsEK9t5Q==","Roblox-Object-Version-Id: 1","Roblox-Object-Created-Time: 2026-05-22T03:42:57Z","Roblox-Object-Version-Created-Time: 2026-05-22T03:42:57Z"]
RESPONSE CODE: 200

=== 2026-05-22T04:07:08Z ===
METHOD: GET
URI: /v2/persistence/0/datastores/objects/object?datastore=aaa&objectKey=global%2Faaa
QUERY: datastore=aaa&objectKey=global%2Faaa
HEADERS: {"Host":"localhost","Connection":"keep-alive","Cache-Control":"max-age=0","sec-ch-ua":"\"Opera GX\";v=\"131\", \"Not.A\/Brand\";v=\"8\", \"Chromium\";v=\"147\"","sec-ch-ua-mobile":"?0","sec-ch-ua-platform":"\"Windows\"","Upgrade-Insecure-Requests":"1","User-Agent":"Mozilla\/5.0 (Windows NT 10.0; Win64; x64) AppleWebKit\/537.36 (KHTML, like Gecko) Chrome\/147.0.0.0 Safari\/537.36 OPR\/131.0.0.0","Accept":"text\/html,application\/xhtml+xml,application\/xml;q=0.9,image\/avif,image\/webp,image\/apng,*\/*;q=0.8,application\/signed-exchange;v=b3;q=0.7","Sec-Fetch-Site":"none","Sec-Fetch-Mode":"navigate","Sec-Fetch-User":"?1","Sec-Fetch-Dest":"document","Accept-Encoding":"gzip, deflate, br, zstd","Accept-Language":"en-US,en;q=0.9,ko;q=0.8,zh-CN;q=0.7,zh;q=0.6,fr;q=0.5,ja;q=0.4,es;q=0.3,pl;q=0.2"}
BODY: 
op=entry ds=aaa key=aaa scope=global
RESPONSE HEADERS: ["X-Powered-By: PHP\/5.5.15","Content-Type: application\/json","Access-Control-Allow-Origin: *","Access-Control-Allow-Methods: GET, POST, DELETE, OPTIONS","Access-Control-Allow-Headers: Content-Type, content-md5, x-api-key, roblox-entry-attributes, roblox-entry-userids","Access-Control-Expose-Headers: content-md5, roblox-entry-version, roblox-entry-created-time, roblox-entry-version-created-time, roblox-entry-attributes, roblox-entry-userids","Content-MD5: wxr8P8IwzU\/SlmpsEK9t5Q==","Roblox-Object-Version-Id: 1","Roblox-Object-Created-Time: 2026-05-22T03:42:57Z","Roblox-Object-Version-Created-Time: 2026-05-22T03:42:57Z"]
RESPONSE CODE: 200

=== 2026-05-22T04:07:25Z ===
METHOD: GET
URI: /v2/persistence/0/datastores/objects/object?datastore=aaa&objectKey=global%2Faaa
QUERY: datastore=aaa&objectKey=global%2Faaa
HEADERS: {"Host":"localhost","Connection":"keep-alive","Cache-Control":"max-age=0","sec-ch-ua":"\"Opera GX\";v=\"131\", \"Not.A\/Brand\";v=\"8\", \"Chromium\";v=\"147\"","sec-ch-ua-mobile":"?0","sec-ch-ua-platform":"\"Windows\"","Upgrade-Insecure-Requests":"1","User-Agent":"Mozilla\/5.0 (Windows NT 10.0; Win64; x64) AppleWebKit\/537.36 (KHTML, like Gecko) Chrome\/147.0.0.0 Safari\/537.36 OPR\/131.0.0.0","Accept":"text\/html,application\/xhtml+xml,application\/xml;q=0.9,image\/avif,image\/webp,image\/apng,*\/*;q=0.8,application\/signed-exchange;v=b3;q=0.7","Sec-Fetch-Site":"none","Sec-Fetch-Mode":"navigate","Sec-Fetch-User":"?1","Sec-Fetch-Dest":"document","Accept-Encoding":"gzip, deflate, br, zstd","Accept-Language":"en-US,en;q=0.9,ko;q=0.8,zh-CN;q=0.7,zh;q=0.6,fr;q=0.5,ja;q=0.4,es;q=0.3,pl;q=0.2"}
BODY: 
op=entry ds=aaa key=aaa scope=global
RESPONSE HEADERS: ["X-Powered-By: PHP\/5.5.15","Content-Type: application\/json","Access-Control-Allow-Origin: *","Access-Control-Allow-Methods: GET, POST, DELETE, OPTIONS","Access-Control-Allow-Headers: Content-Type, content-md5, x-api-key, roblox-entry-attributes, roblox-entry-userids","Access-Control-Expose-Headers: content-md5, roblox-entry-version, roblox-entry-created-time, roblox-entry-version-created-time, roblox-entry-attributes, roblox-entry-userids","Content-MD5: wxr8P8IwzU\/SlmpsEK9t5Q==","Roblox-Object-Version-Id: 1","Roblox-Object-Created-Time: 2026-05-22T03:42:57Z","Roblox-Object-Version-Created-Time: 2026-05-22T03:42:57Z"]
RESPONSE CODE: 200

=== 2026-05-22T04:07:30Z ===
METHOD: GET
URI: /v2/persistence/0/datastores/objects/object?datastore=aaa&objectKey=global%2Faaa
QUERY: datastore=aaa&objectKey=global%2Faaa
HEADERS: {"Host":"localhost","Connection":"keep-alive","Cache-Control":"max-age=0","sec-ch-ua":"\"Opera GX\";v=\"131\", \"Not.A\/Brand\";v=\"8\", \"Chromium\";v=\"147\"","sec-ch-ua-mobile":"?0","sec-ch-ua-platform":"\"Windows\"","Upgrade-Insecure-Requests":"1","User-Agent":"Mozilla\/5.0 (Windows NT 10.0; Win64; x64) AppleWebKit\/537.36 (KHTML, like Gecko) Chrome\/147.0.0.0 Safari\/537.36 OPR\/131.0.0.0","Accept":"text\/html,application\/xhtml+xml,application\/xml;q=0.9,image\/avif,image\/webp,image\/apng,*\/*;q=0.8,application\/signed-exchange;v=b3;q=0.7","Sec-Fetch-Site":"none","Sec-Fetch-Mode":"navigate","Sec-Fetch-User":"?1","Sec-Fetch-Dest":"document","Accept-Encoding":"gzip, deflate, br, zstd","Accept-Language":"en-US,en;q=0.9,ko;q=0.8,zh-CN;q=0.7,zh;q=0.6,fr;q=0.5,ja;q=0.4,es;q=0.3,pl;q=0.2"}
BODY: 
op=entry ds=aaa key=aaa scope=global
RESPONSE HEADERS: ["X-Powered-By: PHP\/5.5.15","Content-Type: application\/json","Access-Control-Allow-Origin: *","Access-Control-Allow-Methods: GET, POST, DELETE, OPTIONS","Access-Control-Allow-Headers: Content-Type, content-md5, x-api-key, roblox-entry-attributes, roblox-entry-userids","Access-Control-Expose-Headers: content-md5, roblox-entry-version, roblox-entry-created-time, roblox-entry-version-created-time, roblox-entry-attributes, roblox-entry-userids","Content-MD5: wxr8P8IwzU\/SlmpsEK9t5Q==","Roblox-Object-Version-Id: 1","Roblox-Object-Created-Time: 2026-05-22T03:42:57Z","Roblox-Object-Version-Created-Time: 2026-05-22T03:42:57Z"]
RESPONSE CODE: 200

=== 2026-05-22T04:08:50Z ===
METHOD: GET
URI: /v2/persistence/0/datastores/objects/object?datastore=aaa&objectKey=global%2Faaa
QUERY: datastore=aaa&objectKey=global%2Faaa
HEADERS: {"Host":"localhost","Connection":"keep-alive","Cache-Control":"max-age=0","sec-ch-ua":"\"Opera GX\";v=\"131\", \"Not.A\/Brand\";v=\"8\", \"Chromium\";v=\"147\"","sec-ch-ua-mobile":"?0","sec-ch-ua-platform":"\"Windows\"","Upgrade-Insecure-Requests":"1","User-Agent":"Mozilla\/5.0 (Windows NT 10.0; Win64; x64) AppleWebKit\/537.36 (KHTML, like Gecko) Chrome\/147.0.0.0 Safari\/537.36 OPR\/131.0.0.0","Accept":"text\/html,application\/xhtml+xml,application\/xml;q=0.9,image\/avif,image\/webp,image\/apng,*\/*;q=0.8,application\/signed-exchange;v=b3;q=0.7","Sec-Fetch-Site":"none","Sec-Fetch-Mode":"navigate","Sec-Fetch-User":"?1","Sec-Fetch-Dest":"document","Accept-Encoding":"gzip, deflate, br, zstd","Accept-Language":"en-US,en;q=0.9,ko;q=0.8,zh-CN;q=0.7,zh;q=0.6,fr;q=0.5,ja;q=0.4,es;q=0.3,pl;q=0.2"}
BODY: 
op=entry ds=aaa key=aaa scope=global
RESPONSE HEADERS: ["X-Powered-By: PHP\/5.5.15","Access-Control-Allow-Origin: *","Access-Control-Allow-Methods: GET, POST, DELETE, OPTIONS","Access-Control-Allow-Headers: Content-Type, content-md5, x-api-key, roblox-entry-attributes, roblox-entry-userids","Access-Control-Expose-Headers: content-md5, roblox-entry-version, roblox-entry-created-time, roblox-entry-version-created-time, roblox-entry-attributes, roblox-entry-userids","Content-MD5: wxr8P8IwzU\/SlmpsEK9t5Q==","Roblox-Object-Version-Id: 1","Roblox-Object-Created-Time: 2026-05-22T03:42:57Z","Roblox-Object-Version-Created-Time: 2026-05-22T03:42:57Z","Roblox-Usn: 1","Content-Type: application\/octet-stream"]
RESPONSE CODE: 200

=== 2026-05-22T04:08:50Z ===
METHOD: GET
URI: /v2/persistence/0/datastores/objects/object?datastore=aaa&objectKey=global%2Faaa
QUERY: datastore=aaa&objectKey=global%2Faaa
HEADERS: {"Host":"localhost","Connection":"keep-alive","Cache-Control":"max-age=0","sec-ch-ua":"\"Opera GX\";v=\"131\", \"Not.A\/Brand\";v=\"8\", \"Chromium\";v=\"147\"","sec-ch-ua-mobile":"?0","sec-ch-ua-platform":"\"Windows\"","Upgrade-Insecure-Requests":"1","User-Agent":"Mozilla\/5.0 (Windows NT 10.0; Win64; x64) AppleWebKit\/537.36 (KHTML, like Gecko) Chrome\/147.0.0.0 Safari\/537.36 OPR\/131.0.0.0","Accept":"text\/html,application\/xhtml+xml,application\/xml;q=0.9,image\/avif,image\/webp,image\/apng,*\/*;q=0.8,application\/signed-exchange;v=b3;q=0.7","Sec-Fetch-Site":"none","Sec-Fetch-Mode":"navigate","Sec-Fetch-User":"?1","Sec-Fetch-Dest":"document","Accept-Encoding":"gzip, deflate, br, zstd","Accept-Language":"en-US,en;q=0.9,ko;q=0.8,zh-CN;q=0.7,zh;q=0.6,fr;q=0.5,ja;q=0.4,es;q=0.3,pl;q=0.2"}
BODY: 
op=entry ds=aaa key=aaa scope=global
RESPONSE HEADERS: ["X-Powered-By: PHP\/5.5.15","Access-Control-Allow-Origin: *","Access-Control-Allow-Methods: GET, POST, DELETE, OPTIONS","Access-Control-Allow-Headers: Content-Type, content-md5, x-api-key, roblox-entry-attributes, roblox-entry-userids","Access-Control-Expose-Headers: content-md5, roblox-entry-version, roblox-entry-created-time, roblox-entry-version-created-time, roblox-entry-attributes, roblox-entry-userids","Content-MD5: wxr8P8IwzU\/SlmpsEK9t5Q==","Roblox-Object-Version-Id: 1","Roblox-Object-Created-Time: 2026-05-22T03:42:57Z","Roblox-Object-Version-Created-Time: 2026-05-22T03:42:57Z","Roblox-Usn: 1","Content-Type: application\/octet-stream"]
RESPONSE CODE: 200

=== 2026-05-22T04:10:00Z ===
METHOD: GET
URI: /v2/persistence/0/datastores/objects/object?datastore=aaa&objectKey=global%2Faaa
QUERY: datastore=aaa&objectKey=global%2Faaa
HEADERS: {"Host":"localhost","Accept":"*\/*","Cookie":".ROBLOSECURITY=","Accept-Encoding":"gzip, deflate","Cache-Control":"no-cache","Connection":"keep-alive","User-Agent":"RobloxStudio\/WinInet RobloxApp\/0.578.0.5780566 (GlobalDist; RobloxDirectDownload)","Content-Type":"application\/octet-stream","Content-Length":"0"}
BODY: 
op=entry ds=aaa key=aaa scope=global
RESPONSE HEADERS: ["X-Powered-By: PHP\/5.5.15","Access-Control-Allow-Origin: *","Access-Control-Allow-Methods: GET, POST, DELETE, OPTIONS","Access-Control-Allow-Headers: Content-Type, content-md5, x-api-key, roblox-entry-attributes, roblox-entry-userids","Access-Control-Expose-Headers: content-md5, roblox-entry-version, roblox-entry-created-time, roblox-entry-version-created-time, roblox-entry-attributes, roblox-entry-userids","Content-MD5: wxr8P8IwzU\/SlmpsEK9t5Q==","Roblox-Object-Version-Id: 1","Roblox-Object-Created-Time: 2026-05-22T03:42:57Z","Roblox-Object-Version-Created-Time: 2026-05-22T03:42:57Z","Roblox-Usn: 1","Content-Type: application\/octet-stream"]
RESPONSE CODE: 200

=== 2026-05-22T04:13:32Z ===
METHOD: GET
URI: /v2/persistence/0/datastores/objects/object?datastore=aaa&objectKey=global%2Faaa
QUERY: datastore=aaa&objectKey=global%2Faaa
HEADERS: {"Host":"localhost","Accept":"*\/*","Cookie":".ROBLOSECURITY=","Accept-Encoding":"gzip, deflate","Cache-Control":"no-cache","Connection":"keep-alive","User-Agent":"RobloxStudio\/WinInet RobloxApp\/0.578.0.5780566 (GlobalDist; RobloxDirectDownload)","Content-Type":"application\/octet-stream","Content-Length":"0"}
BODY: 
op=entry ds=aaa key=aaa scope=global
RESPONSE HEADERS: ["X-Powered-By: PHP\/5.5.15","Access-Control-Allow-Origin: *","Access-Control-Allow-Methods: GET, POST, DELETE, OPTIONS","Access-Control-Allow-Headers: Content-Type, content-md5, x-api-key, roblox-entry-attributes, roblox-entry-userids","Access-Control-Expose-Headers: content-md5, roblox-entry-version, roblox-entry-created-time, roblox-entry-version-created-time, roblox-entry-attributes, roblox-entry-userids","Content-MD5: ISrQvcR3cCivBXYWRQ9mVA==","Roblox-Object-Version-Id: 1","Roblox-Object-Created-Time: 2026-05-22T03:42:57Z","Roblox-Object-Version-Created-Time: 2026-05-22T03:42:57Z","Roblox-Usn: 1","Content-Type: application\/octet-stream"]
RESPONSE CODE: 200

=== 2026-05-22T04:13:46Z ===
METHOD: GET
URI: /v2/persistence/0/datastores/objects/object?datastore=aaa&objectKey=global%2Faaa
QUERY: datastore=aaa&objectKey=global%2Faaa
HEADERS: {"Host":"localhost","Accept":"*\/*","Cookie":".ROBLOSECURITY=","Accept-Encoding":"gzip, deflate","Cache-Control":"no-cache","Connection":"keep-alive","User-Agent":"RobloxStudio\/WinInet RobloxApp\/0.578.0.5780566 (GlobalDist; RobloxDirectDownload)","Content-Type":"application\/octet-stream","Content-Length":"0"}
BODY: 
op=entry ds=aaa key=aaa scope=global
RESPONSE HEADERS: ["X-Powered-By: PHP\/5.5.15","Access-Control-Allow-Origin: *","Access-Control-Allow-Methods: GET, POST, DELETE, OPTIONS","Access-Control-Allow-Headers: Content-Type, content-md5, x-api-key, roblox-entry-attributes, roblox-entry-userids","Access-Control-Expose-Headers: content-md5, roblox-entry-version, roblox-entry-created-time, roblox-entry-version-created-time, roblox-entry-attributes, roblox-entry-userids","Content-MD5: ISrQvcR3cCivBXYWRQ9mVA==","Roblox-Object-Version-Id: 1","Roblox-Object-Created-Time: 2026-05-22T03:42:57Z","Roblox-Object-Version-Created-Time: 2026-05-22T03:42:57Z","Roblox-Usn: 1","Content-Type: application\/octet-stream"]
RESPONSE CODE: 200

=== 2026-05-22T04:13:48Z ===
METHOD: GET
URI: /v2/persistence/0/datastores/objects/object?datastore=aaa&objectKey=global%2Faaa
QUERY: datastore=aaa&objectKey=global%2Faaa
HEADERS: {"Host":"localhost","Accept":"*\/*","Cookie":".ROBLOSECURITY=","Accept-Encoding":"gzip, deflate","Cache-Control":"no-cache","Connection":"keep-alive","User-Agent":"RobloxStudio\/WinInet RobloxApp\/0.578.0.5780566 (GlobalDist; RobloxDirectDownload)","Content-Type":"application\/octet-stream","Content-Length":"0"}
BODY: 
op=entry ds=aaa key=aaa scope=global
RESPONSE HEADERS: ["X-Powered-By: PHP\/5.5.15","Access-Control-Allow-Origin: *","Access-Control-Allow-Methods: GET, POST, DELETE, OPTIONS","Access-Control-Allow-Headers: Content-Type, content-md5, x-api-key, roblox-entry-attributes, roblox-entry-userids","Access-Control-Expose-Headers: content-md5, roblox-entry-version, roblox-entry-created-time, roblox-entry-version-created-time, roblox-entry-attributes, roblox-entry-userids","Content-MD5: ISrQvcR3cCivBXYWRQ9mVA==","Roblox-Object-Version-Id: 1","Roblox-Object-Created-Time: 2026-05-22T03:42:57Z","Roblox-Object-Version-Created-Time: 2026-05-22T03:42:57Z","Roblox-Usn: 1","Content-Type: application\/octet-stream"]
RESPONSE CODE: 200

=== 2026-05-22T04:13:48Z ===
METHOD: GET
URI: /v2/persistence/0/datastores/objects/object?datastore=aaa&objectKey=global%2Faaa
QUERY: datastore=aaa&objectKey=global%2Faaa
HEADERS: {"Host":"localhost","Accept":"*\/*","Cookie":".ROBLOSECURITY=","Accept-Encoding":"gzip, deflate","Cache-Control":"no-cache","Connection":"keep-alive","User-Agent":"RobloxStudio\/WinInet RobloxApp\/0.578.0.5780566 (GlobalDist; RobloxDirectDownload)","Content-Type":"application\/octet-stream","Content-Length":"0"}
BODY: 
op=entry ds=aaa key=aaa scope=global
RESPONSE HEADERS: ["X-Powered-By: PHP\/5.5.15","Access-Control-Allow-Origin: *","Access-Control-Allow-Methods: GET, POST, DELETE, OPTIONS","Access-Control-Allow-Headers: Content-Type, content-md5, x-api-key, roblox-entry-attributes, roblox-entry-userids","Access-Control-Expose-Headers: content-md5, roblox-entry-version, roblox-entry-created-time, roblox-entry-version-created-time, roblox-entry-attributes, roblox-entry-userids","Content-MD5: ISrQvcR3cCivBXYWRQ9mVA==","Roblox-Object-Version-Id: 1","Roblox-Object-Created-Time: 2026-05-22T03:42:57Z","Roblox-Object-Version-Created-Time: 2026-05-22T03:42:57Z","Roblox-Usn: 1","Content-Type: application\/octet-stream"]
RESPONSE CODE: 200

=== 2026-05-22T04:13:49Z ===
METHOD: GET
URI: /v2/persistence/0/datastores/objects/object?datastore=aaa&objectKey=global%2Faaa
QUERY: datastore=aaa&objectKey=global%2Faaa
HEADERS: {"Host":"localhost","Accept":"*\/*","Cookie":".ROBLOSECURITY=","Accept-Encoding":"gzip, deflate","Cache-Control":"no-cache","Connection":"keep-alive","User-Agent":"RobloxStudio\/WinInet RobloxApp\/0.578.0.5780566 (GlobalDist; RobloxDirectDownload)","Content-Type":"application\/octet-stream","Content-Length":"0"}
BODY: 
op=entry ds=aaa key=aaa scope=global
RESPONSE HEADERS: ["X-Powered-By: PHP\/5.5.15","Access-Control-Allow-Origin: *","Access-Control-Allow-Methods: GET, POST, DELETE, OPTIONS","Access-Control-Allow-Headers: Content-Type, content-md5, x-api-key, roblox-entry-attributes, roblox-entry-userids","Access-Control-Expose-Headers: content-md5, roblox-entry-version, roblox-entry-created-time, roblox-entry-version-created-time, roblox-entry-attributes, roblox-entry-userids","Content-MD5: ISrQvcR3cCivBXYWRQ9mVA==","Roblox-Object-Version-Id: 1","Roblox-Object-Created-Time: 2026-05-22T03:42:57Z","Roblox-Object-Version-Created-Time: 2026-05-22T03:42:57Z","Roblox-Usn: 1","Content-Type: application\/octet-stream"]
RESPONSE CODE: 200

=== 2026-05-22T04:14:02Z ===
METHOD: GET
URI: /v2/persistence/0/datastores/objects/object?datastore=aaa&objectKey=global%2Faaa
QUERY: datastore=aaa&objectKey=global%2Faaa
HEADERS: {"Host":"localhost","Accept":"*\/*","Cookie":".ROBLOSECURITY=","Accept-Encoding":"gzip, deflate","Cache-Control":"no-cache","Connection":"keep-alive","User-Agent":"RobloxStudio\/WinInet RobloxApp\/0.578.0.5780566 (GlobalDist; RobloxDirectDownload)","Content-Type":"application\/octet-stream","Content-Length":"0"}
BODY: 
op=entry ds=aaa key=aaa scope=global
RESPONSE HEADERS: ["X-Powered-By: PHP\/5.5.15","Access-Control-Allow-Origin: *","Access-Control-Allow-Methods: GET, POST, DELETE, OPTIONS","Access-Control-Allow-Headers: Content-Type, content-md5, x-api-key, roblox-entry-attributes, roblox-entry-userids","Access-Control-Expose-Headers: content-md5, roblox-entry-version, roblox-entry-created-time, roblox-entry-version-created-time, roblox-entry-attributes, roblox-entry-userids","Content-MD5: ISrQvcR3cCivBXYWRQ9mVA==","Roblox-Object-Version-Id: 1","Roblox-Object-Created-Time: 2026-05-22T03:42:57Z","Roblox-Object-Version-Created-Time: 2026-05-22T03:42:57Z","Roblox-Usn: 1","Content-Type: application\/octet-stream"]
RESPONSE CODE: 200

=== 2026-05-22T04:15:36Z ===
METHOD: GET
URI: /v2/persistence/0/datastores/objects/object?datastore=aaa&objectKey=global%2Faaa
QUERY: datastore=aaa&objectKey=global%2Faaa
HEADERS: {"Host":"localhost","Accept":"*\/*","Cookie":".ROBLOSECURITY=","Accept-Encoding":"gzip, deflate","Cache-Control":"no-cache","Connection":"keep-alive","User-Agent":"RobloxStudio\/WinInet RobloxApp\/0.578.0.5780566 (GlobalDist; RobloxDirectDownload)","Content-Type":"application\/octet-stream","Content-Length":"0"}
BODY: 
op=entry ds=aaa key=aaa scope=global
RESPONSE HEADERS: ["X-Powered-By: PHP\/5.5.15","Access-Control-Allow-Origin: *","Access-Control-Allow-Methods: GET, POST, DELETE, OPTIONS","Access-Control-Allow-Headers: Content-Type, content-md5, x-api-key, roblox-entry-attributes, roblox-entry-userids","Access-Control-Expose-Headers: content-md5, roblox-entry-version, roblox-entry-created-time, roblox-entry-version-created-time, roblox-entry-attributes, roblox-entry-userids","Content-MD5: ISrQvcR3cCivBXYWRQ9mVA==","Roblox-Object-Version-Id: 1","Roblox-Object-Created-Time: 2026-05-22T03:42:57Z","Roblox-Object-Version-Created-Time: 2026-05-22T03:42:57Z","Roblox-Usn: 1","Content-Type: application\/octet-stream"]
RESPONSE CODE: 200

=== 2026-05-22T04:16:41Z ===
METHOD: GET
URI: /v2/persistence/0/datastores/objects/object?datastore=aaa&objectKey=global%2Faaa
QUERY: datastore=aaa&objectKey=global%2Faaa
HEADERS: {"Host":"localhost","Connection":"keep-alive","Cache-Control":"max-age=0","sec-ch-ua":"\"Opera GX\";v=\"131\", \"Not.A\/Brand\";v=\"8\", \"Chromium\";v=\"147\"","sec-ch-ua-mobile":"?0","sec-ch-ua-platform":"\"Windows\"","Upgrade-Insecure-Requests":"1","User-Agent":"Mozilla\/5.0 (Windows NT 10.0; Win64; x64) AppleWebKit\/537.36 (KHTML, like Gecko) Chrome\/147.0.0.0 Safari\/537.36 OPR\/131.0.0.0","Accept":"text\/html,application\/xhtml+xml,application\/xml;q=0.9,image\/avif,image\/webp,image\/apng,*\/*;q=0.8,application\/signed-exchange;v=b3;q=0.7","Sec-Fetch-Site":"none","Sec-Fetch-Mode":"navigate","Sec-Fetch-User":"?1","Sec-Fetch-Dest":"document","Accept-Encoding":"gzip, deflate, br, zstd","Accept-Language":"en-US,en;q=0.9,ko;q=0.8,zh-CN;q=0.7,zh;q=0.6,fr;q=0.5,ja;q=0.4,es;q=0.3,pl;q=0.2"}
BODY: 
op=entry ds=aaa key=aaa scope=global
RESPONSE HEADERS: ["X-Powered-By: PHP\/5.5.15","Access-Control-Allow-Origin: *","Access-Control-Allow-Methods: GET, POST, DELETE, OPTIONS","Access-Control-Allow-Headers: Content-Type, content-md5, x-api-key, roblox-entry-attributes, roblox-entry-userids","Access-Control-Expose-Headers: content-md5, roblox-entry-version, roblox-entry-created-time, roblox-entry-version-created-time, roblox-entry-attributes, roblox-entry-userids","Content-MD5: ISrQvcR3cCivBXYWRQ9mVA==","Roblox-Object-Version-Id: 1","Roblox-Object-Created-Time: 2026-05-22T03:42:57Z","Roblox-Object-Version-Created-Time: 2026-05-22T03:42:57Z","Roblox-Usn: 1","Content-Type: application\/json"]
RESPONSE CODE: 200

=== 2026-05-22T04:16:43Z ===
METHOD: GET
URI: /v2/persistence/0/datastores/objects/object?datastore=aaa&objectKey=global%2Faaa
QUERY: datastore=aaa&objectKey=global%2Faaa
HEADERS: {"Host":"localhost","Connection":"keep-alive","sec-ch-ua":"\"Opera GX\";v=\"131\", \"Not.A\/Brand\";v=\"8\", \"Chromium\";v=\"147\"","sec-ch-ua-mobile":"?0","sec-ch-ua-platform":"\"Windows\"","Upgrade-Insecure-Requests":"1","User-Agent":"Mozilla\/5.0 (Windows NT 10.0; Win64; x64) AppleWebKit\/537.36 (KHTML, like Gecko) Chrome\/147.0.0.0 Safari\/537.36 OPR\/131.0.0.0","Accept":"text\/html,application\/xhtml+xml,application\/xml;q=0.9,image\/avif,image\/webp,image\/apng,*\/*;q=0.8,application\/signed-exchange;v=b3;q=0.7","Sec-Fetch-Site":"none","Sec-Fetch-Mode":"navigate","Sec-Fetch-User":"?1","Sec-Fetch-Dest":"document","Accept-Encoding":"gzip, deflate, br, zstd","Accept-Language":"en-US,en;q=0.9,ko;q=0.8,zh-CN;q=0.7,zh;q=0.6,fr;q=0.5,ja;q=0.4,es;q=0.3,pl;q=0.2"}
BODY: 
op=entry ds=aaa key=aaa scope=global
RESPONSE HEADERS: ["X-Powered-By: PHP\/5.5.15","Access-Control-Allow-Origin: *","Access-Control-Allow-Methods: GET, POST, DELETE, OPTIONS","Access-Control-Allow-Headers: Content-Type, content-md5, x-api-key, roblox-entry-attributes, roblox-entry-userids","Access-Control-Expose-Headers: content-md5, roblox-entry-version, roblox-entry-created-time, roblox-entry-version-created-time, roblox-entry-attributes, roblox-entry-userids","Content-MD5: ISrQvcR3cCivBXYWRQ9mVA==","Roblox-Object-Version-Id: 1","Roblox-Object-Created-Time: 2026-05-22T03:42:57Z","Roblox-Object-Version-Created-Time: 2026-05-22T03:42:57Z","Roblox-Usn: 1","Content-Type: application\/json"]
RESPONSE CODE: 200

=== 2026-05-22T04:16:45Z ===
METHOD: GET
URI: /v2/persistence/0/datastores/objects/object?datastore=aaa&objectKey=global%2Faaa
QUERY: datastore=aaa&objectKey=global%2Faaa
HEADERS: {"Host":"localhost","Connection":"keep-alive","sec-ch-ua":"\"Opera GX\";v=\"131\", \"Not.A\/Brand\";v=\"8\", \"Chromium\";v=\"147\"","sec-ch-ua-mobile":"?0","sec-ch-ua-platform":"\"Windows\"","Upgrade-Insecure-Requests":"1","User-Agent":"Mozilla\/5.0 (Windows NT 10.0; Win64; x64) AppleWebKit\/537.36 (KHTML, like Gecko) Chrome\/147.0.0.0 Safari\/537.36 OPR\/131.0.0.0","Accept":"text\/html,application\/xhtml+xml,application\/xml;q=0.9,image\/avif,image\/webp,image\/apng,*\/*;q=0.8,application\/signed-exchange;v=b3;q=0.7","Sec-Fetch-Site":"none","Sec-Fetch-Mode":"navigate","Sec-Fetch-User":"?1","Sec-Fetch-Dest":"document","Accept-Encoding":"gzip, deflate, br, zstd","Accept-Language":"en-US,en;q=0.9,ko;q=0.8,zh-CN;q=0.7,zh;q=0.6,fr;q=0.5,ja;q=0.4,es;q=0.3,pl;q=0.2"}
BODY: 
op=entry ds=aaa key=aaa scope=global
RESPONSE HEADERS: ["X-Powered-By: PHP\/5.5.15","Access-Control-Allow-Origin: *","Access-Control-Allow-Methods: GET, POST, DELETE, OPTIONS","Access-Control-Allow-Headers: Content-Type, content-md5, x-api-key, roblox-entry-attributes, roblox-entry-userids","Access-Control-Expose-Headers: content-md5, roblox-entry-version, roblox-entry-created-time, roblox-entry-version-created-time, roblox-entry-attributes, roblox-entry-userids","Content-MD5: ISrQvcR3cCivBXYWRQ9mVA==","Roblox-Object-Version-Id: 1","Roblox-Object-Created-Time: 2026-05-22T03:42:57Z","Roblox-Object-Version-Created-Time: 2026-05-22T03:42:57Z","Roblox-Usn: 1","Content-Type: application\/json"]
RESPONSE CODE: 200

=== 2026-05-22T04:16:47Z ===
METHOD: GET
URI: /v2/persistence/0/datastores/objects/object?datastore=aaa&objectKey=global%2Faaa
QUERY: datastore=aaa&objectKey=global%2Faaa
HEADERS: {"Host":"localhost","Connection":"keep-alive","sec-ch-ua":"\"Opera GX\";v=\"131\", \"Not.A\/Brand\";v=\"8\", \"Chromium\";v=\"147\"","sec-ch-ua-mobile":"?0","sec-ch-ua-platform":"\"Windows\"","Upgrade-Insecure-Requests":"1","User-Agent":"Mozilla\/5.0 (Windows NT 10.0; Win64; x64) AppleWebKit\/537.36 (KHTML, like Gecko) Chrome\/147.0.0.0 Safari\/537.36 OPR\/131.0.0.0","Accept":"text\/html,application\/xhtml+xml,application\/xml;q=0.9,image\/avif,image\/webp,image\/apng,*\/*;q=0.8,application\/signed-exchange;v=b3;q=0.7","Sec-Fetch-Site":"none","Sec-Fetch-Mode":"navigate","Sec-Fetch-User":"?1","Sec-Fetch-Dest":"document","Accept-Encoding":"gzip, deflate, br, zstd","Accept-Language":"en-US,en;q=0.9,ko;q=0.8,zh-CN;q=0.7,zh;q=0.6,fr;q=0.5,ja;q=0.4,es;q=0.3,pl;q=0.2"}
BODY: 
op=entry ds=aaa key=aaa scope=global
RESPONSE HEADERS: ["X-Powered-By: PHP\/5.5.15","Access-Control-Allow-Origin: *","Access-Control-Allow-Methods: GET, POST, DELETE, OPTIONS","Access-Control-Allow-Headers: Content-Type, content-md5, x-api-key, roblox-entry-attributes, roblox-entry-userids","Access-Control-Expose-Headers: content-md5, roblox-entry-version, roblox-entry-created-time, roblox-entry-version-created-time, roblox-entry-attributes, roblox-entry-userids","Content-MD5: ISrQvcR3cCivBXYWRQ9mVA==","Roblox-Object-Version-Id: 1","Roblox-Object-Created-Time: 2026-05-22T03:42:57Z","Roblox-Object-Version-Created-Time: 2026-05-22T03:42:57Z","Roblox-Usn: 1","Content-Type: application\/json"]
RESPONSE CODE: 200

=== 2026-05-22T04:16:55Z ===
METHOD: GET
URI: /v2/persistence/0/datastores/objects/object?datastore=aaa&objectKey=global%2Faaa
QUERY: datastore=aaa&objectKey=global%2Faaa
HEADERS: {"Host":"localhost","Accept":"*\/*","Cookie":".ROBLOSECURITY=","Accept-Encoding":"gzip, deflate","Cache-Control":"no-cache","Connection":"keep-alive","User-Agent":"RobloxStudio\/WinInet RobloxApp\/0.578.0.5780566 (GlobalDist; RobloxDirectDownload)","Content-Type":"application\/octet-stream","Content-Length":"0"}
BODY: 
op=entry ds=aaa key=aaa scope=global
RESPONSE HEADERS: ["X-Powered-By: PHP\/5.5.15","Access-Control-Allow-Origin: *","Access-Control-Allow-Methods: GET, POST, DELETE, OPTIONS","Access-Control-Allow-Headers: Content-Type, content-md5, x-api-key, roblox-entry-attributes, roblox-entry-userids","Access-Control-Expose-Headers: content-md5, roblox-entry-version, roblox-entry-created-time, roblox-entry-version-created-time, roblox-entry-attributes, roblox-entry-userids","Content-MD5: ISrQvcR3cCivBXYWRQ9mVA==","Roblox-Object-Version-Id: 1","Roblox-Object-Created-Time: 2026-05-22T03:42:57Z","Roblox-Object-Version-Created-Time: 2026-05-22T03:42:57Z","Roblox-Usn: 1","Content-Type: application\/json"]
RESPONSE CODE: 200

=== 2026-05-22T04:17:53Z ===
METHOD: GET
URI: /v2/persistence/0/datastores/objects/object?datastore=aaa&objectKey=global%2Faaa
QUERY: datastore=aaa&objectKey=global%2Faaa
HEADERS: {"Host":"localhost","Accept":"*\/*","Cookie":".ROBLOSECURITY=","Accept-Encoding":"gzip, deflate","Cache-Control":"no-cache","Connection":"keep-alive","User-Agent":"RobloxStudio\/WinInet RobloxApp\/0.578.0.5780566 (GlobalDist; RobloxDirectDownload)","Content-Type":"application\/octet-stream","Content-Length":"0"}
BODY: 
op=entry ds=aaa key=aaa scope=global
RESPONSE HEADERS: ["X-Powered-By: PHP\/5.5.15","Access-Control-Allow-Origin: *","Access-Control-Allow-Methods: GET, POST, DELETE, OPTIONS","Access-Control-Allow-Headers: Content-Type, content-md5, x-api-key, roblox-entry-attributes, roblox-entry-userids","Access-Control-Expose-Headers: content-md5, roblox-entry-version, roblox-entry-created-time, roblox-entry-version-created-time, roblox-entry-attributes, roblox-entry-userids","Content-MD5: ISrQvcR3cCivBXYWRQ9mVA==","Roblox-Object-Version-Id: 1","Roblox-Object-Created-Time: 2026-05-22T03:42:57Z","Roblox-Object-Version-Created-Time: 2026-05-22T03:42:57Z","Roblox-Usn: 1","Content-Type: application\/json"]
RESPONSE CODE: 200

=== 2026-05-22T04:18:58Z ===
METHOD: GET
URI: /v2/persistence/0/datastores/objects/object?datastore=aaa&objectKey=global%2Faaa
QUERY: datastore=aaa&objectKey=global%2Faaa
HEADERS: {"Host":"localhost","Accept":"*\/*","Cookie":".ROBLOSECURITY=","Accept-Encoding":"gzip, deflate","Cache-Control":"no-cache","Connection":"keep-alive","User-Agent":"RobloxStudio\/WinInet RobloxApp\/0.578.0.5780566 (GlobalDist; RobloxDirectDownload)","Content-Type":"application\/octet-stream","Content-Length":"0"}
BODY: 
op=entry ds=aaa key=aaa scope=global
RESPONSE HEADERS: ["X-Powered-By: PHP\/5.5.15","Access-Control-Allow-Origin: *","Access-Control-Allow-Methods: GET, POST, DELETE, OPTIONS","Access-Control-Allow-Headers: Content-Type, content-md5, x-api-key, roblox-entry-attributes, roblox-entry-userids","Access-Control-Expose-Headers: content-md5, roblox-entry-version, roblox-entry-created-time, roblox-entry-version-created-time, roblox-entry-attributes, roblox-entry-userids","Content-MD5: ISrQvcR3cCivBXYWRQ9mVA==","Roblox-Object-Version-Id: 1","Roblox-Object-Created-Time: 2026-05-22T03:42:57Z","Roblox-Object-Version-Created-Time: 2026-05-22T03:42:57Z","Roblox-Usn: 1","Content-Type: application\/json"]
RESPONSE CODE: 200

=== 2026-05-22T04:19:32Z ===
METHOD: GET
URI: /v2/persistence/0/datastores/objects/object?datastore=aaa&objectKey=global%2Faaa
QUERY: datastore=aaa&objectKey=global%2Faaa
HEADERS: {"Host":"localhost","Accept":"*\/*","Cookie":".ROBLOSECURITY=","Accept-Encoding":"gzip, deflate","Cache-Control":"no-cache","Connection":"keep-alive","User-Agent":"RobloxStudio\/WinInet RobloxApp\/0.578.0.5780566 (GlobalDist; RobloxDirectDownload)","Content-Type":"application\/octet-stream","Content-Length":"0"}
BODY: 
op=entry ds=aaa key=aaa scope=global
RESPONSE HEADERS: ["X-Powered-By: PHP\/5.5.15","Access-Control-Allow-Origin: *","Access-Control-Allow-Methods: GET, POST, DELETE, OPTIONS","Access-Control-Allow-Headers: Content-Type, content-md5, x-api-key, roblox-entry-attributes, roblox-entry-userids","Access-Control-Expose-Headers: content-md5, roblox-entry-version, roblox-entry-created-time, roblox-entry-version-created-time, roblox-entry-attributes, roblox-entry-userids","Content-MD5: ISrQvcR3cCivBXYWRQ9mVA==","Roblox-Object-Version-Id: 1","Roblox-Object-Created-Time: 2026-05-22T03:42:57Z","Roblox-Object-Version-Created-Time: 2026-05-22T03:42:57Z","Roblox-Usn: 1","Content-Type: application\/json"]
RESPONSE CODE: 200

=== 2026-05-22T04:20:13Z ===
METHOD: GET
URI: /v2/persistence/0/datastores/objects/object?datastore=aaa&objectKey=global%2Faaa
QUERY: datastore=aaa&objectKey=global%2Faaa
HEADERS: {"Host":"localhost","Accept":"*\/*","Cookie":".ROBLOSECURITY=","Accept-Encoding":"gzip, deflate","Cache-Control":"no-cache","Connection":"keep-alive","User-Agent":"RobloxStudio\/WinInet RobloxApp\/0.578.0.5780566 (GlobalDist; RobloxDirectDownload)","Content-Type":"application\/octet-stream","Content-Length":"0"}
BODY: 
op=entry ds=aaa key=aaa scope=global
RESPONSE HEADERS: ["X-Powered-By: PHP\/5.5.15","Access-Control-Allow-Origin: *","Access-Control-Allow-Methods: GET, POST, DELETE, OPTIONS","Access-Control-Allow-Headers: Content-Type, content-md5, x-api-key, roblox-entry-attributes, roblox-entry-userids","Access-Control-Expose-Headers: content-md5, roblox-entry-version, roblox-entry-created-time, roblox-entry-version-created-time, roblox-entry-attributes, roblox-entry-userids","Content-MD5: ISrQvcR3cCivBXYWRQ9mVA==","Roblox-Object-Version-Id: 1","Roblox-Object-Created-Time: 2026-05-22T03:42:57Z","Roblox-Object-Version-Created-Time: 2026-05-22T03:42:57Z","Roblox-Usn: 1","Content-Type: application\/json"]
RESPONSE CODE: 200

=== 2026-05-22T04:20:37Z ===
METHOD: GET
URI: /v2/persistence/0/datastores/objects/object?datastore=aaa&objectKey=global%2Faaa
QUERY: datastore=aaa&objectKey=global%2Faaa
HEADERS: {"Host":"localhost","Accept":"*\/*","Cookie":".ROBLOSECURITY=","Accept-Encoding":"gzip, deflate","Cache-Control":"no-cache","Connection":"keep-alive","User-Agent":"RobloxStudio\/WinInet RobloxApp\/0.578.0.5780566 (GlobalDist; RobloxDirectDownload)","Content-Type":"application\/octet-stream","Content-Length":"0"}
BODY: 
op=entry ds=aaa key=aaa scope=global
RESPONSE HEADERS: ["X-Powered-By: PHP\/5.5.15","Access-Control-Allow-Origin: *","Access-Control-Allow-Methods: GET, POST, DELETE, OPTIONS","Access-Control-Allow-Headers: Content-Type, content-md5, x-api-key, roblox-entry-attributes, roblox-entry-userids","Access-Control-Expose-Headers: content-md5, roblox-entry-version, roblox-entry-created-time, roblox-entry-version-created-time, roblox-entry-attributes, roblox-entry-userids","Content-MD5: ISrQvcR3cCivBXYWRQ9mVA==","Roblox-Object-Version-Id: 1","Roblox-Object-Created-Time: 2026-05-22T03:42:57Z","Roblox-Object-Version-Created-Time: 2026-05-22T03:42:57Z","Roblox-Usn: 1","Content-Type: application\/json"]
RESPONSE CODE: 200

=== 2026-05-22T04:22:35Z ===
METHOD: GET
URI: /v2/persistence/0/datastores/objects/object?datastore=aaa&objectKey=global%2Faaa
QUERY: datastore=aaa&objectKey=global%2Faaa
HEADERS: {"Host":"localhost","Accept":"*\/*","Cookie":".ROBLOSECURITY=","Accept-Encoding":"gzip, deflate","Cache-Control":"no-cache","Connection":"keep-alive","User-Agent":"RobloxStudio\/WinInet RobloxApp\/0.578.0.5780566 (GlobalDist; RobloxDirectDownload)","Content-Type":"application\/octet-stream","Content-Length":"0"}
BODY: 
op=entry ds=aaa key=aaa scope=global
RESPONSE HEADERS: ["X-Powered-By: PHP\/5.5.15","Access-Control-Allow-Origin: *","Access-Control-Allow-Methods: GET, POST, DELETE, OPTIONS","Access-Control-Allow-Headers: Content-Type, content-md5, x-api-key, roblox-entry-attributes, roblox-entry-userids","Access-Control-Expose-Headers: content-md5, roblox-entry-version, roblox-entry-created-time, roblox-entry-version-created-time, roblox-entry-attributes, roblox-entry-userids","Content-MD5: ISrQvcR3cCivBXYWRQ9mVA==","Roblox-Object-Version-Id: 1","Roblox-Object-Created-Time: 2026-05-22T03:42:57Z","Roblox-Object-Version-Created-Time: 2026-05-22T03:42:57Z","Roblox-Usn: 1","Content-Type: application\/json"]
RESPONSE CODE: 200

=== 2026-05-22T04:23:20Z ===
METHOD: GET
URI: /v2/persistence/0/datastores/objects/object?datastore=aaa&objectKey=global%2Faaa
QUERY: datastore=aaa&objectKey=global%2Faaa
HEADERS: {"Host":"localhost","Connection":"keep-alive","Cache-Control":"max-age=0","sec-ch-ua":"\"Opera GX\";v=\"131\", \"Not.A\/Brand\";v=\"8\", \"Chromium\";v=\"147\"","sec-ch-ua-mobile":"?0","sec-ch-ua-platform":"\"Windows\"","Upgrade-Insecure-Requests":"1","User-Agent":"Mozilla\/5.0 (Windows NT 10.0; Win64; x64) AppleWebKit\/537.36 (KHTML, like Gecko) Chrome\/147.0.0.0 Safari\/537.36 OPR\/131.0.0.0","Accept":"text\/html,application\/xhtml+xml,application\/xml;q=0.9,image\/avif,image\/webp,image\/apng,*\/*;q=0.8,application\/signed-exchange;v=b3;q=0.7","Sec-Fetch-Site":"none","Sec-Fetch-Mode":"navigate","Sec-Fetch-User":"?1","Sec-Fetch-Dest":"document","Accept-Encoding":"gzip, deflate, br, zstd","Accept-Language":"en-US,en;q=0.9,ko;q=0.8,zh-CN;q=0.7,zh;q=0.6,fr;q=0.5,ja;q=0.4,es;q=0.3,pl;q=0.2"}
BODY: 
op=entry ds=aaa key=aaa scope=global
RESPONSE HEADERS: ["X-Powered-By: PHP\/5.5.15","Access-Control-Allow-Origin: *","Access-Control-Allow-Methods: GET, POST, DELETE, OPTIONS","Access-Control-Allow-Headers: Content-Type, content-md5, x-api-key, roblox-entry-attributes, roblox-entry-userids","Access-Control-Expose-Headers: content-md5, roblox-entry-version, roblox-entry-created-time, roblox-entry-version-created-time, roblox-entry-attributes, roblox-entry-userids","Content-MD5: ISrQvcR3cCivBXYWRQ9mVA==","Roblox-Object-Version-Id: 1","Roblox-Object-Created-Time: 2026-05-22T03:42:57Z","Roblox-Object-Version-Created-Time: 2026-05-22T03:42:57Z","Roblox-Usn: 1","Content-Type: application\/json"]
RESPONSE CODE: 200

=== 2026-05-22T04:23:22Z ===
METHOD: GET
URI: /v2/persistence/0/datastores/objects/object?datastore=aaa&objectKey=global%2Faaa
QUERY: datastore=aaa&objectKey=global%2Faaa
HEADERS: {"Host":"localhost","Connection":"keep-alive","sec-ch-ua":"\"Opera GX\";v=\"131\", \"Not.A\/Brand\";v=\"8\", \"Chromium\";v=\"147\"","sec-ch-ua-mobile":"?0","sec-ch-ua-platform":"\"Windows\"","Upgrade-Insecure-Requests":"1","User-Agent":"Mozilla\/5.0 (Windows NT 10.0; Win64; x64) AppleWebKit\/537.36 (KHTML, like Gecko) Chrome\/147.0.0.0 Safari\/537.36 OPR\/131.0.0.0","Accept":"text\/html,application\/xhtml+xml,application\/xml;q=0.9,image\/avif,image\/webp,image\/apng,*\/*;q=0.8,application\/signed-exchange;v=b3;q=0.7","Sec-Fetch-Site":"none","Sec-Fetch-Mode":"navigate","Sec-Fetch-User":"?1","Sec-Fetch-Dest":"document","Accept-Encoding":"gzip, deflate, br, zstd","Accept-Language":"en-US,en;q=0.9,ko;q=0.8,zh-CN;q=0.7,zh;q=0.6,fr;q=0.5,ja;q=0.4,es;q=0.3,pl;q=0.2"}
BODY: 
op=entry ds=aaa key=aaa scope=global
RESPONSE HEADERS: ["X-Powered-By: PHP\/5.5.15","Access-Control-Allow-Origin: *","Access-Control-Allow-Methods: GET, POST, DELETE, OPTIONS","Access-Control-Allow-Headers: Content-Type, content-md5, x-api-key, roblox-entry-attributes, roblox-entry-userids","Access-Control-Expose-Headers: content-md5, roblox-entry-version, roblox-entry-created-time, roblox-entry-version-created-time, roblox-entry-attributes, roblox-entry-userids","Content-MD5: ISrQvcR3cCivBXYWRQ9mVA==","Roblox-Object-Version-Id: 1","Roblox-Object-Created-Time: 2026-05-22T03:42:57Z","Roblox-Object-Version-Created-Time: 2026-05-22T03:42:57Z","Roblox-Usn: 1","Content-Type: application\/json"]
RESPONSE CODE: 200

=== 2026-05-22T04:23:23Z ===
METHOD: GET
URI: /v2/persistence/0/datastores/objects/object?datastore=aaa&objectKey=global%2Faaa
QUERY: datastore=aaa&objectKey=global%2Faaa
HEADERS: {"Host":"localhost","Connection":"keep-alive","sec-ch-ua":"\"Opera GX\";v=\"131\", \"Not.A\/Brand\";v=\"8\", \"Chromium\";v=\"147\"","sec-ch-ua-mobile":"?0","sec-ch-ua-platform":"\"Windows\"","Upgrade-Insecure-Requests":"1","User-Agent":"Mozilla\/5.0 (Windows NT 10.0; Win64; x64) AppleWebKit\/537.36 (KHTML, like Gecko) Chrome\/147.0.0.0 Safari\/537.36 OPR\/131.0.0.0","Accept":"text\/html,application\/xhtml+xml,application\/xml;q=0.9,image\/avif,image\/webp,image\/apng,*\/*;q=0.8,application\/signed-exchange;v=b3;q=0.7","Sec-Fetch-Site":"none","Sec-Fetch-Mode":"navigate","Sec-Fetch-User":"?1","Sec-Fetch-Dest":"document","Accept-Encoding":"gzip, deflate, br, zstd","Accept-Language":"en-US,en;q=0.9,ko;q=0.8,zh-CN;q=0.7,zh;q=0.6,fr;q=0.5,ja;q=0.4,es;q=0.3,pl;q=0.2"}
BODY: 
op=entry ds=aaa key=aaa scope=global
RESPONSE HEADERS: ["X-Powered-By: PHP\/5.5.15","Access-Control-Allow-Origin: *","Access-Control-Allow-Methods: GET, POST, DELETE, OPTIONS","Access-Control-Allow-Headers: Content-Type, content-md5, x-api-key, roblox-entry-attributes, roblox-entry-userids","Access-Control-Expose-Headers: content-md5, roblox-entry-version, roblox-entry-created-time, roblox-entry-version-created-time, roblox-entry-attributes, roblox-entry-userids","Content-MD5: ISrQvcR3cCivBXYWRQ9mVA==","Roblox-Object-Version-Id: 1","Roblox-Object-Created-Time: 2026-05-22T03:42:57Z","Roblox-Object-Version-Created-Time: 2026-05-22T03:42:57Z","Roblox-Usn: 1","Content-Type: application\/json"]
RESPONSE CODE: 200

=== 2026-05-22T04:24:35Z ===
METHOD: GET
URI: /v2/persistence/0/datastores/objects/object?datastore=aaa&objectKey=global%2Faaa
QUERY: datastore=aaa&objectKey=global%2Faaa
HEADERS: {"Host":"localhost","Connection":"keep-alive","Cache-Control":"max-age=0","sec-ch-ua":"\"Opera GX\";v=\"131\", \"Not.A\/Brand\";v=\"8\", \"Chromium\";v=\"147\"","sec-ch-ua-mobile":"?0","sec-ch-ua-platform":"\"Windows\"","Upgrade-Insecure-Requests":"1","User-Agent":"Mozilla\/5.0 (Windows NT 10.0; Win64; x64) AppleWebKit\/537.36 (KHTML, like Gecko) Chrome\/147.0.0.0 Safari\/537.36 OPR\/131.0.0.0","Accept":"text\/html,application\/xhtml+xml,application\/xml;q=0.9,image\/avif,image\/webp,image\/apng,*\/*;q=0.8,application\/signed-exchange;v=b3;q=0.7","Sec-Fetch-Site":"none","Sec-Fetch-Mode":"navigate","Sec-Fetch-User":"?1","Sec-Fetch-Dest":"document","Accept-Encoding":"gzip, deflate, br, zstd","Accept-Language":"en-US,en;q=0.9,ko;q=0.8,zh-CN;q=0.7,zh;q=0.6,fr;q=0.5,ja;q=0.4,es;q=0.3,pl;q=0.2"}
BODY: 
op=entry ds=aaa key=aaa scope=global
RESPONSE HEADERS: ["X-Powered-By: PHP\/5.5.15","Access-Control-Allow-Origin: *","Access-Control-Allow-Methods: GET, POST, DELETE, OPTIONS","Access-Control-Allow-Headers: Content-Type, content-md5, x-api-key, roblox-entry-attributes, roblox-entry-userids","Access-Control-Expose-Headers: content-md5, roblox-entry-version, roblox-entry-created-time, roblox-entry-version-created-time, roblox-entry-attributes, roblox-entry-userids","Content-MD5: ISrQvcR3cCivBXYWRQ9mVA==","Roblox-Object-Version-Id: 1","Roblox-Object-Created-Time: 2026-05-22T03:42:57Z","Roblox-Object-Version-Created-Time: 2026-05-22T03:42:57Z","Roblox-Usn: 1","Content-Type: application\/json"]
RESPONSE CODE: 200

=== 2026-05-22T04:24:36Z ===
METHOD: GET
URI: /v2/persistence/0/datastores/objects/object?datastore=aaa&objectKey=global%2Faaa
QUERY: datastore=aaa&objectKey=global%2Faaa
HEADERS: {"Host":"localhost","Connection":"keep-alive","Cache-Control":"max-age=0","sec-ch-ua":"\"Opera GX\";v=\"131\", \"Not.A\/Brand\";v=\"8\", \"Chromium\";v=\"147\"","sec-ch-ua-mobile":"?0","sec-ch-ua-platform":"\"Windows\"","Upgrade-Insecure-Requests":"1","User-Agent":"Mozilla\/5.0 (Windows NT 10.0; Win64; x64) AppleWebKit\/537.36 (KHTML, like Gecko) Chrome\/147.0.0.0 Safari\/537.36 OPR\/131.0.0.0","Accept":"text\/html,application\/xhtml+xml,application\/xml;q=0.9,image\/avif,image\/webp,image\/apng,*\/*;q=0.8,application\/signed-exchange;v=b3;q=0.7","Sec-Fetch-Site":"none","Sec-Fetch-Mode":"navigate","Sec-Fetch-User":"?1","Sec-Fetch-Dest":"document","Accept-Encoding":"gzip, deflate, br, zstd","Accept-Language":"en-US,en;q=0.9,ko;q=0.8,zh-CN;q=0.7,zh;q=0.6,fr;q=0.5,ja;q=0.4,es;q=0.3,pl;q=0.2"}
BODY: 
op=entry ds=aaa key=aaa scope=global
RESPONSE HEADERS: ["X-Powered-By: PHP\/5.5.15","Access-Control-Allow-Origin: *","Access-Control-Allow-Methods: GET, POST, DELETE, OPTIONS","Access-Control-Allow-Headers: Content-Type, content-md5, x-api-key, roblox-entry-attributes, roblox-entry-userids","Access-Control-Expose-Headers: content-md5, roblox-entry-version, roblox-entry-created-time, roblox-entry-version-created-time, roblox-entry-attributes, roblox-entry-userids","Content-MD5: ISrQvcR3cCivBXYWRQ9mVA==","Roblox-Object-Version-Id: 1","Roblox-Object-Created-Time: 2026-05-22T03:42:57Z","Roblox-Object-Version-Created-Time: 2026-05-22T03:42:57Z","Roblox-Usn: 1","Content-Type: application\/json"]
RESPONSE CODE: 200

=== 2026-05-22T04:25:14Z ===
METHOD: GET
URI: /v2/persistence/0/datastores/objects/object?datastore=aaa&objectKey=global%2Faaa
QUERY: datastore=aaa&objectKey=global%2Faaa
HEADERS: {"Host":"localhost","Accept":"*\/*","Cookie":".ROBLOSECURITY=","Accept-Encoding":"gzip, deflate","Cache-Control":"no-cache","Connection":"keep-alive","User-Agent":"RobloxStudio\/WinInet RobloxApp\/0.578.0.5780566 (GlobalDist; RobloxDirectDownload)","Content-Type":"application\/octet-stream","Content-Length":"0"}
BODY: 
op=entry ds=aaa key=aaa scope=global
RESPONSE HEADERS: ["X-Powered-By: PHP\/5.5.15","Access-Control-Allow-Origin: *","Access-Control-Allow-Methods: GET, POST, DELETE, OPTIONS","Access-Control-Allow-Headers: Content-Type, content-md5, x-api-key, roblox-entry-attributes, roblox-entry-userids","Access-Control-Expose-Headers: content-md5, roblox-entry-version, roblox-entry-created-time, roblox-entry-version-created-time, roblox-entry-attributes, roblox-entry-userids","Content-MD5: ISrQvcR3cCivBXYWRQ9mVA==","Roblox-Object-Version-Id: 1","Roblox-Object-Created-Time: 2026-05-22T03:42:57Z","Roblox-Object-Version-Created-Time: 2026-05-22T03:42:57Z","Roblox-Usn: 1","Content-Type: application\/json"]
RESPONSE CODE: 200

=== 2026-05-22T04:25:20Z ===
METHOD: GET
URI: /v2/persistence/0/datastores/objects/object?datastore=aaa&objectKey=global%2Faaa
QUERY: datastore=aaa&objectKey=global%2Faaa
HEADERS: {"Host":"localhost","Accept":"*\/*","Cookie":".ROBLOSECURITY=","Accept-Encoding":"gzip, deflate","Cache-Control":"no-cache","Connection":"keep-alive","User-Agent":"RobloxStudio\/WinInet RobloxApp\/0.578.0.5780566 (GlobalDist; RobloxDirectDownload)","Content-Type":"application\/octet-stream","Content-Length":"0"}
BODY: 
op=entry ds=aaa key=aaa scope=global
RESPONSE HEADERS: ["X-Powered-By: PHP\/5.5.15","Access-Control-Allow-Origin: *","Access-Control-Allow-Methods: GET, POST, DELETE, OPTIONS","Access-Control-Allow-Headers: Content-Type, content-md5, x-api-key, roblox-entry-attributes, roblox-entry-userids","Access-Control-Expose-Headers: content-md5, roblox-entry-version, roblox-entry-created-time, roblox-entry-version-created-time, roblox-entry-attributes, roblox-entry-userids","Content-MD5: ISrQvcR3cCivBXYWRQ9mVA==","Roblox-Object-Version-Id: 1","Roblox-Object-Created-Time: 2026-05-22T03:42:57Z","Roblox-Object-Version-Created-Time: 2026-05-22T03:42:57Z","Roblox-Usn: 1","Content-Type: application\/json"]
RESPONSE CODE: 200

=== 2026-05-22T04:25:20Z ===
METHOD: GET
URI: /v2/persistence/0/datastores/objects/object?datastore=aaa&objectKey=global%2Faaa
QUERY: datastore=aaa&objectKey=global%2Faaa
HEADERS: {"Host":"localhost","Accept":"*\/*","Cookie":".ROBLOSECURITY=","Accept-Encoding":"gzip, deflate","Cache-Control":"no-cache","Connection":"keep-alive","User-Agent":"RobloxStudio\/WinInet RobloxApp\/0.578.0.5780566 (GlobalDist; RobloxDirectDownload)","Content-Type":"application\/octet-stream","Content-Length":"0"}
BODY: 
op=entry ds=aaa key=aaa scope=global
RESPONSE HEADERS: ["X-Powered-By: PHP\/5.5.15","Access-Control-Allow-Origin: *","Access-Control-Allow-Methods: GET, POST, DELETE, OPTIONS","Access-Control-Allow-Headers: Content-Type, content-md5, x-api-key, roblox-entry-attributes, roblox-entry-userids","Access-Control-Expose-Headers: content-md5, roblox-entry-version, roblox-entry-created-time, roblox-entry-version-created-time, roblox-entry-attributes, roblox-entry-userids","Content-MD5: ISrQvcR3cCivBXYWRQ9mVA==","Roblox-Object-Version-Id: 1","Roblox-Object-Created-Time: 2026-05-22T03:42:57Z","Roblox-Object-Version-Created-Time: 2026-05-22T03:42:57Z","Roblox-Usn: 1","Content-Type: application\/json"]
RESPONSE CODE: 200

=== 2026-05-22T04:27:36Z ===
METHOD: GET
URI: /v2/persistence/0/datastores/objects/object?datastore=aaa&objectKey=global%2Faaa
QUERY: datastore=aaa&objectKey=global%2Faaa
HEADERS: {"Host":"localhost","Accept":"*\/*","Cookie":".ROBLOSECURITY=","Accept-Encoding":"gzip, deflate","Cache-Control":"no-cache","Connection":"keep-alive","User-Agent":"RobloxStudio\/WinInet RobloxApp\/0.578.0.5780566 (GlobalDist; RobloxDirectDownload)","Content-Type":"application\/octet-stream","Content-Length":"0"}
BODY: 
op=entry ds=aaa key=aaa scope=global
RESPONSE HEADERS: ["X-Powered-By: PHP\/5.5.15","Access-Control-Allow-Origin: *","Access-Control-Allow-Methods: GET, POST, DELETE, OPTIONS","Access-Control-Allow-Headers: Content-Type, content-md5, x-api-key, roblox-entry-attributes, roblox-entry-userids","Access-Control-Expose-Headers: content-md5, roblox-entry-version, roblox-entry-created-time, roblox-entry-version-created-time, roblox-entry-attributes, roblox-entry-userids","Content-MD5: ISrQvcR3cCivBXYWRQ9mVA==","Roblox-Object-Version-Id: 1","Roblox-Object-Created-Time: 2026-05-22T03:42:57Z","Roblox-Object-Version-Created-Time: 2026-05-22T03:42:57Z","Roblox-Usn: 1","Content-Type: application\/json"]
RESPONSE CODE: 200

=== 2026-05-22T04:29:05Z ===
METHOD: GET
URI: /v2/persistence/0/datastores/objects/object?datastore=aaa&objectKey=global%2Faaa
QUERY: datastore=aaa&objectKey=global%2Faaa
HEADERS: {"Host":"localhost","Connection":"keep-alive","Cache-Control":"max-age=0","sec-ch-ua":"\"Opera GX\";v=\"131\", \"Not.A\/Brand\";v=\"8\", \"Chromium\";v=\"147\"","sec-ch-ua-mobile":"?0","sec-ch-ua-platform":"\"Windows\"","Upgrade-Insecure-Requests":"1","User-Agent":"Mozilla\/5.0 (Windows NT 10.0; Win64; x64) AppleWebKit\/537.36 (KHTML, like Gecko) Chrome\/147.0.0.0 Safari\/537.36 OPR\/131.0.0.0","Accept":"text\/html,application\/xhtml+xml,application\/xml;q=0.9,image\/avif,image\/webp,image\/apng,*\/*;q=0.8,application\/signed-exchange;v=b3;q=0.7","Sec-Fetch-Site":"none","Sec-Fetch-Mode":"navigate","Sec-Fetch-User":"?1","Sec-Fetch-Dest":"document","Accept-Encoding":"gzip, deflate, br, zstd","Accept-Language":"en-US,en;q=0.9,ko;q=0.8,zh-CN;q=0.7,zh;q=0.6,fr;q=0.5,ja;q=0.4,es;q=0.3,pl;q=0.2"}
BODY: 
op=entry ds=aaa key=aaa scope=global
RESPONSE HEADERS: ["X-Powered-By: PHP\/5.5.15","Access-Control-Allow-Origin: *","Access-Control-Allow-Methods: GET, POST, DELETE, OPTIONS","Access-Control-Allow-Headers: Content-Type, content-md5, x-api-key, roblox-entry-attributes, roblox-entry-userids","Access-Control-Expose-Headers: content-md5, roblox-entry-version, roblox-entry-created-time, roblox-entry-version-created-time, roblox-entry-attributes, roblox-entry-userids","Content-MD5: wxr8P8IwzU\/SlmpsEK9t5Q==","Roblox-Object-Version-Id: 1","Roblox-Object-Created-Time: 2026-05-22T03:42:57Z","Roblox-Object-Version-Created-Time: 2026-05-22T03:42:57Z","Roblox-Usn: 1","Content-Type: application\/json"]
RESPONSE CODE: 200

=== 2026-05-22T04:29:12Z ===
METHOD: GET
URI: /v2/persistence/0/datastores/objects/object?datastore=aaa&objectKey=global%2Faaa
QUERY: datastore=aaa&objectKey=global%2Faaa
HEADERS: {"Host":"localhost","Accept":"*\/*","Cookie":".ROBLOSECURITY=","Accept-Encoding":"gzip, deflate","Cache-Control":"no-cache","Connection":"keep-alive","User-Agent":"RobloxStudio\/WinInet RobloxApp\/0.578.0.5780566 (GlobalDist; RobloxDirectDownload)","Content-Type":"application\/octet-stream","Content-Length":"0"}
BODY: 
op=entry ds=aaa key=aaa scope=global
RESPONSE HEADERS: ["X-Powered-By: PHP\/5.5.15","Access-Control-Allow-Origin: *","Access-Control-Allow-Methods: GET, POST, DELETE, OPTIONS","Access-Control-Allow-Headers: Content-Type, content-md5, x-api-key, roblox-entry-attributes, roblox-entry-userids","Access-Control-Expose-Headers: content-md5, roblox-entry-version, roblox-entry-created-time, roblox-entry-version-created-time, roblox-entry-attributes, roblox-entry-userids","Content-MD5: wxr8P8IwzU\/SlmpsEK9t5Q==","Roblox-Object-Version-Id: 1","Roblox-Object-Created-Time: 2026-05-22T03:42:57Z","Roblox-Object-Version-Created-Time: 2026-05-22T03:42:57Z","Roblox-Usn: 1","Content-Type: application\/json"]
RESPONSE CODE: 200

=== 2026-05-22T04:29:13Z ===
METHOD: GET
URI: /v2/persistence/0/datastores/objects/object?datastore=aaa&objectKey=global%2Faaa
QUERY: datastore=aaa&objectKey=global%2Faaa
HEADERS: {"Host":"localhost","Accept":"*\/*","Cookie":".ROBLOSECURITY=","Accept-Encoding":"gzip, deflate","Cache-Control":"no-cache","Connection":"keep-alive","User-Agent":"RobloxStudio\/WinInet RobloxApp\/0.578.0.5780566 (GlobalDist; RobloxDirectDownload)","Content-Type":"application\/octet-stream","Content-Length":"0"}
BODY: 
op=entry ds=aaa key=aaa scope=global
RESPONSE HEADERS: ["X-Powered-By: PHP\/5.5.15","Access-Control-Allow-Origin: *","Access-Control-Allow-Methods: GET, POST, DELETE, OPTIONS","Access-Control-Allow-Headers: Content-Type, content-md5, x-api-key, roblox-entry-attributes, roblox-entry-userids","Access-Control-Expose-Headers: content-md5, roblox-entry-version, roblox-entry-created-time, roblox-entry-version-created-time, roblox-entry-attributes, roblox-entry-userids","Content-MD5: wxr8P8IwzU\/SlmpsEK9t5Q==","Roblox-Object-Version-Id: 1","Roblox-Object-Created-Time: 2026-05-22T03:42:57Z","Roblox-Object-Version-Created-Time: 2026-05-22T03:42:57Z","Roblox-Usn: 1","Content-Type: application\/json"]
RESPONSE CODE: 200

=== 2026-05-22T04:39:28Z ===
METHOD: GET
URI: /v2/persistence/0/datastores/objects/object?datastore=aaa&objectKey=global%2Faaa
QUERY: datastore=aaa&objectKey=global%2Faaa
HEADERS: {"Host":"localhost","Connection":"keep-alive","Cache-Control":"max-age=0","sec-ch-ua":"\"Opera GX\";v=\"131\", \"Not.A\/Brand\";v=\"8\", \"Chromium\";v=\"147\"","sec-ch-ua-mobile":"?0","sec-ch-ua-platform":"\"Windows\"","Upgrade-Insecure-Requests":"1","User-Agent":"Mozilla\/5.0 (Windows NT 10.0; Win64; x64) AppleWebKit\/537.36 (KHTML, like Gecko) Chrome\/147.0.0.0 Safari\/537.36 OPR\/131.0.0.0","Accept":"text\/html,application\/xhtml+xml,application\/xml;q=0.9,image\/avif,image\/webp,image\/apng,*\/*;q=0.8,application\/signed-exchange;v=b3;q=0.7","Sec-Fetch-Site":"none","Sec-Fetch-Mode":"navigate","Sec-Fetch-User":"?1","Sec-Fetch-Dest":"document","Accept-Encoding":"gzip, deflate, br, zstd","Accept-Language":"en-US,en;q=0.9,ko;q=0.8,zh-CN;q=0.7,zh;q=0.6,fr;q=0.5,ja;q=0.4,es;q=0.3,pl;q=0.2"}
BODY: 
op=entry ds=aaa key=aaa scope=global
RESPONSE HEADERS: ["X-Powered-By: PHP\/5.5.15","Access-Control-Allow-Origin: *","Access-Control-Allow-Methods: GET, POST, DELETE, OPTIONS","Access-Control-Allow-Headers: Content-Type, content-md5, x-api-key, roblox-entry-attributes, roblox-entry-userids","Access-Control-Expose-Headers: content-md5, roblox-entry-version, roblox-entry-created-time, roblox-entry-version-created-time, roblox-entry-attributes, roblox-entry-userids","Content-MD5: wxr8P8IwzU\/SlmpsEK9t5Q==","Roblox-Object-Version-Id: 1","Roblox-Object-Created-Time: 2026-05-22T03:42:57Z","Roblox-Object-Version-Created-Time: 2026-05-22T03:42:57Z","Roblox-Usn: 1","Content-Type: application\/json"]
RESPONSE CODE: 200

=== 2026-05-22T04:39:30Z ===
METHOD: GET
URI: /v2/persistence/0/datastores/objects/object?datastore=aaa&objectKey=global%2Faaa
QUERY: datastore=aaa&objectKey=global%2Faaa
HEADERS: {"Host":"localhost","Connection":"keep-alive","sec-ch-ua":"\"Opera GX\";v=\"131\", \"Not.A\/Brand\";v=\"8\", \"Chromium\";v=\"147\"","sec-ch-ua-mobile":"?0","sec-ch-ua-platform":"\"Windows\"","Upgrade-Insecure-Requests":"1","User-Agent":"Mozilla\/5.0 (Windows NT 10.0; Win64; x64) AppleWebKit\/537.36 (KHTML, like Gecko) Chrome\/147.0.0.0 Safari\/537.36 OPR\/131.0.0.0","Accept":"text\/html,application\/xhtml+xml,application\/xml;q=0.9,image\/avif,image\/webp,image\/apng,*\/*;q=0.8,application\/signed-exchange;v=b3;q=0.7","Sec-Fetch-Site":"none","Sec-Fetch-Mode":"navigate","Sec-Fetch-User":"?1","Sec-Fetch-Dest":"document","Accept-Encoding":"gzip, deflate, br, zstd","Accept-Language":"en-US,en;q=0.9,ko;q=0.8,zh-CN;q=0.7,zh;q=0.6,fr;q=0.5,ja;q=0.4,es;q=0.3,pl;q=0.2"}
BODY: 
op=entry ds=aaa key=aaa scope=global
RESPONSE HEADERS: ["X-Powered-By: PHP\/5.5.15","Access-Control-Allow-Origin: *","Access-Control-Allow-Methods: GET, POST, DELETE, OPTIONS","Access-Control-Allow-Headers: Content-Type, content-md5, x-api-key, roblox-entry-attributes, roblox-entry-userids","Access-Control-Expose-Headers: content-md5, roblox-entry-version, roblox-entry-created-time, roblox-entry-version-created-time, roblox-entry-attributes, roblox-entry-userids","Content-MD5: wxr8P8IwzU\/SlmpsEK9t5Q==","Roblox-Object-Version-Id: 1","Roblox-Object-Created-Time: 2026-05-22T03:42:57Z","Roblox-Object-Version-Created-Time: 2026-05-22T03:42:57Z","Roblox-Usn: 1","Content-Type: application\/json"]
RESPONSE CODE: 200

=== 2026-05-22T04:39:32Z ===
METHOD: GET
URI: /v2/persistence/0/datastores/objects/object?datastore=aaa&objectKey=global%2Faaa
QUERY: datastore=aaa&objectKey=global%2Faaa
HEADERS: {"Host":"localhost","Connection":"keep-alive","sec-ch-ua":"\"Opera GX\";v=\"131\", \"Not.A\/Brand\";v=\"8\", \"Chromium\";v=\"147\"","sec-ch-ua-mobile":"?0","sec-ch-ua-platform":"\"Windows\"","Upgrade-Insecure-Requests":"1","User-Agent":"Mozilla\/5.0 (Windows NT 10.0; Win64; x64) AppleWebKit\/537.36 (KHTML, like Gecko) Chrome\/147.0.0.0 Safari\/537.36 OPR\/131.0.0.0","Accept":"text\/html,application\/xhtml+xml,application\/xml;q=0.9,image\/avif,image\/webp,image\/apng,*\/*;q=0.8,application\/signed-exchange;v=b3;q=0.7","Sec-Fetch-Site":"none","Sec-Fetch-Mode":"navigate","Sec-Fetch-User":"?1","Sec-Fetch-Dest":"document","Accept-Encoding":"gzip, deflate, br, zstd","Accept-Language":"en-US,en;q=0.9,ko;q=0.8,zh-CN;q=0.7,zh;q=0.6,fr;q=0.5,ja;q=0.4,es;q=0.3,pl;q=0.2"}
BODY: 
op=entry ds=aaa key=aaa scope=global
RESPONSE HEADERS: ["X-Powered-By: PHP\/5.5.15","Access-Control-Allow-Origin: *","Access-Control-Allow-Methods: GET, POST, DELETE, OPTIONS","Access-Control-Allow-Headers: Content-Type, content-md5, x-api-key, roblox-entry-attributes, roblox-entry-userids","Access-Control-Expose-Headers: content-md5, roblox-entry-version, roblox-entry-created-time, roblox-entry-version-created-time, roblox-entry-attributes, roblox-entry-userids","Content-MD5: wxr8P8IwzU\/SlmpsEK9t5Q==","Roblox-Object-Version-Id: 1","Roblox-Object-Created-Time: 2026-05-22T03:42:57Z","Roblox-Object-Version-Created-Time: 2026-05-22T03:42:57Z","Roblox-Usn: 1","Content-Type: application\/json"]
RESPONSE CODE: 200

=== 2026-05-22T04:39:33Z ===
METHOD: GET
URI: /v2/persistence/0/datastores/objects/object?datastore=aaa&objectKey=global%2Faaa
QUERY: datastore=aaa&objectKey=global%2Faaa
HEADERS: {"Host":"localhost","Connection":"keep-alive","sec-ch-ua":"\"Opera GX\";v=\"131\", \"Not.A\/Brand\";v=\"8\", \"Chromium\";v=\"147\"","sec-ch-ua-mobile":"?0","sec-ch-ua-platform":"\"Windows\"","Upgrade-Insecure-Requests":"1","User-Agent":"Mozilla\/5.0 (Windows NT 10.0; Win64; x64) AppleWebKit\/537.36 (KHTML, like Gecko) Chrome\/147.0.0.0 Safari\/537.36 OPR\/131.0.0.0","Accept":"text\/html,application\/xhtml+xml,application\/xml;q=0.9,image\/avif,image\/webp,image\/apng,*\/*;q=0.8,application\/signed-exchange;v=b3;q=0.7","Sec-Fetch-Site":"none","Sec-Fetch-Mode":"navigate","Sec-Fetch-User":"?1","Sec-Fetch-Dest":"document","Accept-Encoding":"gzip, deflate, br, zstd","Accept-Language":"en-US,en;q=0.9,ko;q=0.8,zh-CN;q=0.7,zh;q=0.6,fr;q=0.5,ja;q=0.4,es;q=0.3,pl;q=0.2"}
BODY: 
op=entry ds=aaa key=aaa scope=global
RESPONSE HEADERS: ["X-Powered-By: PHP\/5.5.15","Access-Control-Allow-Origin: *","Access-Control-Allow-Methods: GET, POST, DELETE, OPTIONS","Access-Control-Allow-Headers: Content-Type, content-md5, x-api-key, roblox-entry-attributes, roblox-entry-userids","Access-Control-Expose-Headers: content-md5, roblox-entry-version, roblox-entry-created-time, roblox-entry-version-created-time, roblox-entry-attributes, roblox-entry-userids","Content-MD5: wxr8P8IwzU\/SlmpsEK9t5Q==","Roblox-Object-Version-Id: 1","Roblox-Object-Created-Time: 2026-05-22T03:42:57Z","Roblox-Object-Version-Created-Time: 2026-05-22T03:42:57Z","Roblox-Usn: 1","Content-Type: application\/json"]
RESPONSE CODE: 200

=== 2026-05-22T04:39:35Z ===
METHOD: GET
URI: /v2/persistence/0/datastores/objects/object?datastore=aaa&objectKey=global%2Faaa
QUERY: datastore=aaa&objectKey=global%2Faaa
HEADERS: {"Host":"localhost","Connection":"keep-alive","sec-ch-ua":"\"Opera GX\";v=\"131\", \"Not.A\/Brand\";v=\"8\", \"Chromium\";v=\"147\"","sec-ch-ua-mobile":"?0","sec-ch-ua-platform":"\"Windows\"","Upgrade-Insecure-Requests":"1","User-Agent":"Mozilla\/5.0 (Windows NT 10.0; Win64; x64) AppleWebKit\/537.36 (KHTML, like Gecko) Chrome\/147.0.0.0 Safari\/537.36 OPR\/131.0.0.0","Accept":"text\/html,application\/xhtml+xml,application\/xml;q=0.9,image\/avif,image\/webp,image\/apng,*\/*;q=0.8,application\/signed-exchange;v=b3;q=0.7","Sec-Fetch-Site":"none","Sec-Fetch-Mode":"navigate","Sec-Fetch-User":"?1","Sec-Fetch-Dest":"document","Accept-Encoding":"gzip, deflate, br, zstd","Accept-Language":"en-US,en;q=0.9,ko;q=0.8,zh-CN;q=0.7,zh;q=0.6,fr;q=0.5,ja;q=0.4,es;q=0.3,pl;q=0.2"}
BODY: 
op=entry ds=aaa key=aaa scope=global
RESPONSE HEADERS: ["X-Powered-By: PHP\/5.5.15","Access-Control-Allow-Origin: *","Access-Control-Allow-Methods: GET, POST, DELETE, OPTIONS","Access-Control-Allow-Headers: Content-Type, content-md5, x-api-key, roblox-entry-attributes, roblox-entry-userids","Access-Control-Expose-Headers: content-md5, roblox-entry-version, roblox-entry-created-time, roblox-entry-version-created-time, roblox-entry-attributes, roblox-entry-userids","Content-MD5: wxr8P8IwzU\/SlmpsEK9t5Q==","Roblox-Object-Version-Id: 1","Roblox-Object-Created-Time: 2026-05-22T03:42:57Z","Roblox-Object-Version-Created-Time: 2026-05-22T03:42:57Z","Roblox-Usn: 1","Content-Type: application\/json"]
RESPONSE CODE: 200

=== 2026-05-22T04:39:36Z ===
METHOD: GET
URI: /v2/persistence/0/datastores/objects/object?datastore=aaa&objectKey=global%2Faaa
QUERY: datastore=aaa&objectKey=global%2Faaa
HEADERS: {"Host":"localhost","Connection":"keep-alive","sec-ch-ua":"\"Opera GX\";v=\"131\", \"Not.A\/Brand\";v=\"8\", \"Chromium\";v=\"147\"","sec-ch-ua-mobile":"?0","sec-ch-ua-platform":"\"Windows\"","Upgrade-Insecure-Requests":"1","User-Agent":"Mozilla\/5.0 (Windows NT 10.0; Win64; x64) AppleWebKit\/537.36 (KHTML, like Gecko) Chrome\/147.0.0.0 Safari\/537.36 OPR\/131.0.0.0","Accept":"text\/html,application\/xhtml+xml,application\/xml;q=0.9,image\/avif,image\/webp,image\/apng,*\/*;q=0.8,application\/signed-exchange;v=b3;q=0.7","Sec-Fetch-Site":"none","Sec-Fetch-Mode":"navigate","Sec-Fetch-User":"?1","Sec-Fetch-Dest":"document","Accept-Encoding":"gzip, deflate, br, zstd","Accept-Language":"en-US,en;q=0.9,ko;q=0.8,zh-CN;q=0.7,zh;q=0.6,fr;q=0.5,ja;q=0.4,es;q=0.3,pl;q=0.2"}
BODY: 
op=entry ds=aaa key=aaa scope=global
RESPONSE HEADERS: ["X-Powered-By: PHP\/5.5.15","Access-Control-Allow-Origin: *","Access-Control-Allow-Methods: GET, POST, DELETE, OPTIONS","Access-Control-Allow-Headers: Content-Type, content-md5, x-api-key, roblox-entry-attributes, roblox-entry-userids","Access-Control-Expose-Headers: content-md5, roblox-entry-version, roblox-entry-created-time, roblox-entry-version-created-time, roblox-entry-attributes, roblox-entry-userids","Content-MD5: wxr8P8IwzU\/SlmpsEK9t5Q==","Roblox-Object-Version-Id: 1","Roblox-Object-Created-Time: 2026-05-22T03:42:57Z","Roblox-Object-Version-Created-Time: 2026-05-22T03:42:57Z","Roblox-Usn: 1","Content-Type: application\/json"]
RESPONSE CODE: 200

=== 2026-05-22T04:39:38Z ===
METHOD: GET
URI: /v2/persistence/0/datastores/objects/object?datastore=aaa&objectKey=global%2Faaa
QUERY: datastore=aaa&objectKey=global%2Faaa
HEADERS: {"Host":"localhost","Connection":"keep-alive","sec-ch-ua":"\"Opera GX\";v=\"131\", \"Not.A\/Brand\";v=\"8\", \"Chromium\";v=\"147\"","sec-ch-ua-mobile":"?0","sec-ch-ua-platform":"\"Windows\"","Upgrade-Insecure-Requests":"1","User-Agent":"Mozilla\/5.0 (Windows NT 10.0; Win64; x64) AppleWebKit\/537.36 (KHTML, like Gecko) Chrome\/147.0.0.0 Safari\/537.36 OPR\/131.0.0.0","Accept":"text\/html,application\/xhtml+xml,application\/xml;q=0.9,image\/avif,image\/webp,image\/apng,*\/*;q=0.8,application\/signed-exchange;v=b3;q=0.7","Sec-Fetch-Site":"none","Sec-Fetch-Mode":"navigate","Sec-Fetch-User":"?1","Sec-Fetch-Dest":"document","Accept-Encoding":"gzip, deflate, br, zstd","Accept-Language":"en-US,en;q=0.9,ko;q=0.8,zh-CN;q=0.7,zh;q=0.6,fr;q=0.5,ja;q=0.4,es;q=0.3,pl;q=0.2"}
BODY: 
op=entry ds=aaa key=aaa scope=global
RESPONSE HEADERS: ["X-Powered-By: PHP\/5.5.15","Access-Control-Allow-Origin: *","Access-Control-Allow-Methods: GET, POST, DELETE, OPTIONS","Access-Control-Allow-Headers: Content-Type, content-md5, x-api-key, roblox-entry-attributes, roblox-entry-userids","Access-Control-Expose-Headers: content-md5, roblox-entry-version, roblox-entry-created-time, roblox-entry-version-created-time, roblox-entry-attributes, roblox-entry-userids","Content-MD5: wxr8P8IwzU\/SlmpsEK9t5Q==","Roblox-Object-Version-Id: 1","Roblox-Object-Created-Time: 2026-05-22T03:42:57Z","Roblox-Object-Version-Created-Time: 2026-05-22T03:42:57Z","Roblox-Usn: 1","Content-Type: application\/json"]
RESPONSE CODE: 200

=== 2026-05-22T04:39:39Z ===
METHOD: GET
URI: /v2/persistence/0/datastores/objects/object?datastore=aaa&objectKey=global%2Faaa
QUERY: datastore=aaa&objectKey=global%2Faaa
HEADERS: {"Host":"localhost","Connection":"keep-alive","sec-ch-ua":"\"Opera GX\";v=\"131\", \"Not.A\/Brand\";v=\"8\", \"Chromium\";v=\"147\"","sec-ch-ua-mobile":"?0","sec-ch-ua-platform":"\"Windows\"","Upgrade-Insecure-Requests":"1","User-Agent":"Mozilla\/5.0 (Windows NT 10.0; Win64; x64) AppleWebKit\/537.36 (KHTML, like Gecko) Chrome\/147.0.0.0 Safari\/537.36 OPR\/131.0.0.0","Accept":"text\/html,application\/xhtml+xml,application\/xml;q=0.9,image\/avif,image\/webp,image\/apng,*\/*;q=0.8,application\/signed-exchange;v=b3;q=0.7","Sec-Fetch-Site":"none","Sec-Fetch-Mode":"navigate","Sec-Fetch-User":"?1","Sec-Fetch-Dest":"document","Accept-Encoding":"gzip, deflate, br, zstd","Accept-Language":"en-US,en;q=0.9,ko;q=0.8,zh-CN;q=0.7,zh;q=0.6,fr;q=0.5,ja;q=0.4,es;q=0.3,pl;q=0.2"}
BODY: 
op=entry ds=aaa key=aaa scope=global
RESPONSE HEADERS: ["X-Powered-By: PHP\/5.5.15","Access-Control-Allow-Origin: *","Access-Control-Allow-Methods: GET, POST, DELETE, OPTIONS","Access-Control-Allow-Headers: Content-Type, content-md5, x-api-key, roblox-entry-attributes, roblox-entry-userids","Access-Control-Expose-Headers: content-md5, roblox-entry-version, roblox-entry-created-time, roblox-entry-version-created-time, roblox-entry-attributes, roblox-entry-userids","Content-MD5: wxr8P8IwzU\/SlmpsEK9t5Q==","Roblox-Object-Version-Id: 1","Roblox-Object-Created-Time: 2026-05-22T03:42:57Z","Roblox-Object-Version-Created-Time: 2026-05-22T03:42:57Z","Roblox-Usn: 1","Content-Type: application\/json"]
RESPONSE CODE: 200

=== 2026-05-22T04:39:41Z ===
METHOD: GET
URI: /v2/persistence/0/datastores/objects/object?datastore=aaa&objectKey=global%2Faaa
QUERY: datastore=aaa&objectKey=global%2Faaa
HEADERS: {"Host":"localhost","Connection":"keep-alive","sec-ch-ua":"\"Opera GX\";v=\"131\", \"Not.A\/Brand\";v=\"8\", \"Chromium\";v=\"147\"","sec-ch-ua-mobile":"?0","sec-ch-ua-platform":"\"Windows\"","Upgrade-Insecure-Requests":"1","User-Agent":"Mozilla\/5.0 (Windows NT 10.0; Win64; x64) AppleWebKit\/537.36 (KHTML, like Gecko) Chrome\/147.0.0.0 Safari\/537.36 OPR\/131.0.0.0","Accept":"text\/html,application\/xhtml+xml,application\/xml;q=0.9,image\/avif,image\/webp,image\/apng,*\/*;q=0.8,application\/signed-exchange;v=b3;q=0.7","Sec-Fetch-Site":"none","Sec-Fetch-Mode":"navigate","Sec-Fetch-User":"?1","Sec-Fetch-Dest":"document","Accept-Encoding":"gzip, deflate, br, zstd","Accept-Language":"en-US,en;q=0.9,ko;q=0.8,zh-CN;q=0.7,zh;q=0.6,fr;q=0.5,ja;q=0.4,es;q=0.3,pl;q=0.2"}
BODY: 
op=entry ds=aaa key=aaa scope=global
RESPONSE HEADERS: ["X-Powered-By: PHP\/5.5.15","Access-Control-Allow-Origin: *","Access-Control-Allow-Methods: GET, POST, DELETE, OPTIONS","Access-Control-Allow-Headers: Content-Type, content-md5, x-api-key, roblox-entry-attributes, roblox-entry-userids","Access-Control-Expose-Headers: content-md5, roblox-entry-version, roblox-entry-created-time, roblox-entry-version-created-time, roblox-entry-attributes, roblox-entry-userids","Content-MD5: wxr8P8IwzU\/SlmpsEK9t5Q==","Roblox-Object-Version-Id: 1","Roblox-Object-Created-Time: 2026-05-22T03:42:57Z","Roblox-Object-Version-Created-Time: 2026-05-22T03:42:57Z","Roblox-Usn: 1","Content-Type: application\/json"]
RESPONSE CODE: 200

=== 2026-05-22T04:39:43Z ===
METHOD: GET
URI: /v2/persistence/0/datastores/objects/object?datastore=aaa&objectKey=global%2Faaa
QUERY: datastore=aaa&objectKey=global%2Faaa
HEADERS: {"Host":"localhost","Connection":"keep-alive","sec-ch-ua":"\"Opera GX\";v=\"131\", \"Not.A\/Brand\";v=\"8\", \"Chromium\";v=\"147\"","sec-ch-ua-mobile":"?0","sec-ch-ua-platform":"\"Windows\"","Upgrade-Insecure-Requests":"1","User-Agent":"Mozilla\/5.0 (Windows NT 10.0; Win64; x64) AppleWebKit\/537.36 (KHTML, like Gecko) Chrome\/147.0.0.0 Safari\/537.36 OPR\/131.0.0.0","Accept":"text\/html,application\/xhtml+xml,application\/xml;q=0.9,image\/avif,image\/webp,image\/apng,*\/*;q=0.8,application\/signed-exchange;v=b3;q=0.7","Sec-Fetch-Site":"none","Sec-Fetch-Mode":"navigate","Sec-Fetch-User":"?1","Sec-Fetch-Dest":"document","Accept-Encoding":"gzip, deflate, br, zstd","Accept-Language":"en-US,en;q=0.9,ko;q=0.8,zh-CN;q=0.7,zh;q=0.6,fr;q=0.5,ja;q=0.4,es;q=0.3,pl;q=0.2"}
BODY: 
op=entry ds=aaa key=aaa scope=global
RESPONSE HEADERS: ["X-Powered-By: PHP\/5.5.15","Access-Control-Allow-Origin: *","Access-Control-Allow-Methods: GET, POST, DELETE, OPTIONS","Access-Control-Allow-Headers: Content-Type, content-md5, x-api-key, roblox-entry-attributes, roblox-entry-userids","Access-Control-Expose-Headers: content-md5, roblox-entry-version, roblox-entry-created-time, roblox-entry-version-created-time, roblox-entry-attributes, roblox-entry-userids","Content-MD5: wxr8P8IwzU\/SlmpsEK9t5Q==","Roblox-Object-Version-Id: 1","Roblox-Object-Created-Time: 2026-05-22T03:42:57Z","Roblox-Object-Version-Created-Time: 2026-05-22T03:42:57Z","Roblox-Usn: 1","Content-Type: application\/json"]
RESPONSE CODE: 200

=== 2026-05-22T04:56:15Z ===
METHOD: GET
URI: /v2/persistence/0/datastores/objects/object?datastore=aaa&objectKey=global%2Faaa
QUERY: datastore=aaa&objectKey=global%2Faaa
HEADERS: {"Host":"localhost","Accept":"*\/*","Cookie":".ROBLOSECURITY=","Accept-Encoding":"gzip, deflate","Cache-Control":"no-cache","Connection":"keep-alive","User-Agent":"RobloxStudio\/WinInet RobloxApp\/0.578.0.5780566 (GlobalDist; RobloxDirectDownload)","Content-Type":"application\/octet-stream","Content-Length":"0"}
BODY: 
op=entry ds=aaa key=aaa scope=global
RESPONSE HEADERS: ["X-Powered-By: PHP\/5.5.15","Access-Control-Allow-Origin: *","Access-Control-Allow-Methods: GET, POST, DELETE, OPTIONS","Access-Control-Allow-Headers: Content-Type, content-md5, x-api-key, roblox-entry-attributes, roblox-entry-userids","Access-Control-Expose-Headers: content-md5, roblox-entry-version, roblox-entry-created-time, roblox-entry-version-created-time, roblox-entry-attributes, roblox-entry-userids","Content-MD5: wxr8P8IwzU\/SlmpsEK9t5Q==","Roblox-Object-Version-Id: 1","Roblox-Object-Created-Time: 2026-05-22T03:42:57Z","Roblox-Object-Version-Created-Time: 2026-05-22T03:42:57Z","Roblox-Usn: 1","Content-Type: application\/json"]
RESPONSE CODE: 200

=== 2026-05-22T04:56:22Z ===
METHOD: GET
URI: /v2/persistence/0/datastores/objects/object?datastore=aaa&objectKey=global%2Faaa
QUERY: datastore=aaa&objectKey=global%2Faaa
HEADERS: {"Host":"localhost","Connection":"keep-alive","sec-ch-ua":"\"Opera GX\";v=\"131\", \"Not.A\/Brand\";v=\"8\", \"Chromium\";v=\"147\"","sec-ch-ua-mobile":"?0","sec-ch-ua-platform":"\"Windows\"","Upgrade-Insecure-Requests":"1","User-Agent":"Mozilla\/5.0 (Windows NT 10.0; Win64; x64) AppleWebKit\/537.36 (KHTML, like Gecko) Chrome\/147.0.0.0 Safari\/537.36 OPR\/131.0.0.0","Accept":"text\/html,application\/xhtml+xml,application\/xml;q=0.9,image\/avif,image\/webp,image\/apng,*\/*;q=0.8,application\/signed-exchange;v=b3;q=0.7","Sec-Fetch-Site":"none","Sec-Fetch-Mode":"navigate","Sec-Fetch-User":"?1","Sec-Fetch-Dest":"document","Accept-Encoding":"gzip, deflate, br, zstd","Accept-Language":"en-US,en;q=0.9,ko;q=0.8,zh-CN;q=0.7,zh;q=0.6,fr;q=0.5,ja;q=0.4,es;q=0.3,pl;q=0.2"}
BODY: 
op=entry ds=aaa key=aaa scope=global
RESPONSE HEADERS: ["X-Powered-By: PHP\/5.5.15","Access-Control-Allow-Origin: *","Access-Control-Allow-Methods: GET, POST, DELETE, OPTIONS","Access-Control-Allow-Headers: Content-Type, content-md5, x-api-key, roblox-entry-attributes, roblox-entry-userids","Access-Control-Expose-Headers: content-md5, roblox-entry-version, roblox-entry-created-time, roblox-entry-version-created-time, roblox-entry-attributes, roblox-entry-userids","Content-MD5: wxr8P8IwzU\/SlmpsEK9t5Q==","Roblox-Object-Version-Id: 1","Roblox-Object-Created-Time: 2026-05-22T03:42:57Z","Roblox-Object-Version-Created-Time: 2026-05-22T03:42:57Z","Roblox-Usn: 1","Content-Type: application\/json"]
RESPONSE CODE: 200

=== 2026-05-22T17:27:30Z ===
METHOD: GET
URI: /v2/persistence/0/datastores/objects/object?datastore=aaa&objectKey=global%2Faaa
QUERY: datastore=aaa&objectKey=global%2Faaa
HEADERS: {"Host":"localhost","Accept":"*\/*","Cookie":".ROBLOSECURITY=","Accept-Encoding":"gzip, deflate","Cache-Control":"no-cache","Connection":"keep-alive","User-Agent":"RobloxStudio\/WinInet RobloxApp\/0.578.0.5780566 (GlobalDist; RobloxDirectDownload)","Content-Type":"application\/octet-stream","Content-Length":"0"}
BODY: 
op=entry ds=aaa key=aaa scope=global
RESPONSE HEADERS: ["X-Powered-By: PHP\/5.5.15","Access-Control-Allow-Origin: *","Access-Control-Allow-Methods: GET, POST, DELETE, OPTIONS","Access-Control-Allow-Headers: Content-Type, content-md5, x-api-key, roblox-entry-attributes, roblox-entry-userids","Access-Control-Expose-Headers: content-md5, roblox-entry-version, roblox-entry-created-time, roblox-entry-version-created-time, roblox-entry-attributes, roblox-entry-userids","Content-MD5: wxr8P8IwzU\/SlmpsEK9t5Q==","Roblox-Object-Version-Id: 1","Roblox-Object-Created-Time: 2026-05-22T03:42:57Z","Roblox-Object-Version-Created-Time: 2026-05-22T03:42:57Z","Roblox-Usn: 1","Content-Type: application\/json"]
RESPONSE CODE: 200

=== 2026-05-22T17:27:33Z ===
METHOD: POST
URI: /v2/persistence/0/datastores/objects/object?datastore=aaa&objectKey=global%2Faaa
QUERY: datastore=aaa&objectKey=global%2Faaa
HEADERS: {"Host":"localhost","Accept":"*\/*","Cookie":".ROBLOSECURITY=","Accept-Encoding":"gzip, deflate","Cache-Control":"no-cache","Connection":"keep-alive","User-Agent":"RobloxStudio\/WinInet RobloxApp\/0.578.0.5780566 (GlobalDist; RobloxDirectDownload)","Content-Type":"application\/octet-stream","Content-MD5":"wxr8P8IwzU\/SlmpsEK9t5Q==","Content-Length":"5"}
BODY: "owo"
op=entry ds=aaa key=aaa scope=global
POST RESPONSE contentLength: 5
RESPONSE HEADERS: ["X-Powered-By: PHP\/5.5.15","Content-Type: application\/json","Access-Control-Allow-Origin: *","Access-Control-Allow-Methods: GET, POST, DELETE, OPTIONS","Access-Control-Allow-Headers: Content-Type, content-md5, x-api-key, roblox-entry-attributes, roblox-entry-userids","Access-Control-Expose-Headers: content-md5, roblox-entry-version, roblox-entry-created-time, roblox-entry-version-created-time, roblox-entry-attributes, roblox-entry-userids","content-md5: wxr8P8IwzU\/SlmpsEK9t5Q==","roblox-entry-version: 08D9E6A3F2188CFF.0000000002.08D9E6A3F2188CFF.01","roblox-entry-created-time: 2026-05-22T03:42:57Z","roblox-entry-version-created-time: 2026-05-22T17:27:33Z"]
RESPONSE CODE: 200

=== 2026-05-22T17:27:38Z ===
METHOD: GET
URI: /v2/persistence/0/datastores/objects/object?datastore=aaa&objectKey=global%2Faaa
QUERY: datastore=aaa&objectKey=global%2Faaa
HEADERS: {"Host":"localhost","Accept":"*\/*","Cookie":".ROBLOSECURITY=","Accept-Encoding":"gzip, deflate","Cache-Control":"no-cache","Connection":"keep-alive","User-Agent":"RobloxStudio\/WinInet RobloxApp\/0.578.0.5780566 (GlobalDist; RobloxDirectDownload)","Content-Type":"application\/octet-stream","Content-Length":"0"}
BODY: 
op=entry ds=aaa key=aaa scope=global
RESPONSE HEADERS: ["X-Powered-By: PHP\/5.5.15","Access-Control-Allow-Origin: *","Access-Control-Allow-Methods: GET, POST, DELETE, OPTIONS","Access-Control-Allow-Headers: Content-Type, content-md5, x-api-key, roblox-entry-attributes, roblox-entry-userids","Access-Control-Expose-Headers: content-md5, roblox-entry-version, roblox-entry-created-time, roblox-entry-version-created-time, roblox-entry-attributes, roblox-entry-userids","Content-MD5: wxr8P8IwzU\/SlmpsEK9t5Q==","Roblox-Object-Version-Id: 2","Roblox-Object-Created-Time: 2026-05-22T03:42:57Z","Roblox-Object-Version-Created-Time: 2026-05-22T17:27:33Z","Roblox-Usn: 2","Content-Type: application\/json"]
RESPONSE CODE: 200

=== 2026-05-22T17:27:39Z ===
METHOD: GET
URI: /v2/persistence/0/datastores/objects/object?datastore=aaa&objectKey=global%2Faaa
QUERY: datastore=aaa&objectKey=global%2Faaa
HEADERS: {"Host":"localhost","Accept":"*\/*","Cookie":".ROBLOSECURITY=","Accept-Encoding":"gzip, deflate","Cache-Control":"no-cache","Connection":"keep-alive","User-Agent":"RobloxStudio\/WinInet RobloxApp\/0.578.0.5780566 (GlobalDist; RobloxDirectDownload)","Content-Type":"application\/octet-stream","Content-Length":"0"}
BODY: 
op=entry ds=aaa key=aaa scope=global
RESPONSE HEADERS: ["X-Powered-By: PHP\/5.5.15","Access-Control-Allow-Origin: *","Access-Control-Allow-Methods: GET, POST, DELETE, OPTIONS","Access-Control-Allow-Headers: Content-Type, content-md5, x-api-key, roblox-entry-attributes, roblox-entry-userids","Access-Control-Expose-Headers: content-md5, roblox-entry-version, roblox-entry-created-time, roblox-entry-version-created-time, roblox-entry-attributes, roblox-entry-userids","Content-MD5: wxr8P8IwzU\/SlmpsEK9t5Q==","Roblox-Object-Version-Id: 2","Roblox-Object-Created-Time: 2026-05-22T03:42:57Z","Roblox-Object-Version-Created-Time: 2026-05-22T17:27:33Z","Roblox-Usn: 2","Content-Type: application\/json"]
RESPONSE CODE: 200
