[2026-06-16 13:21:03] === HookedWebserver startup ===
[2026-06-16 13:21:03] DLL directory: C:\Users\catoa\Desktop\Roblox Downloads\OffBloxModern\Clients\OffBlox\
[2026-06-16 13:21:03] Username: HearMeRoar  UserId: 14463315
[2026-06-16 13:21:03] HTTP port: 80  HTTPS port: 443
[2026-06-16 13:21:03] Winsock initialized
[2026-06-16 13:21:03] Sign key: loaded OK
[2026-06-16 13:21:03] SSL: PEM cert+key loaded OK (PKCS#8 key, no PFX needed)
[2026-06-16 13:21:03] SSL/TLS: loaded OK
[2026-06-16 13:21:03] Server ACTIVE — listening on HTTP:80 and HTTPS:443
[2026-06-16 13:21:03] Startup complete.
[2026-06-16 13:21:04] Roblox cookie probe (users/authenticated): HTTP 200 -> valid
[2026-06-16 13:21:04] Roblox cookie: loaded & valid
[2026-06-16 13:21:04] >> GET /guac-v2/v1/bundles/studio
[2026-06-16 13:21:04] >> GET /v2/client-version/WindowsStudio64
[2026-06-16 13:21:04] >> GET /v2/settings/application/PCStudioApp
[2026-06-16 13:21:04] << /guac-v2/v1/bundles/studio -> {"version":"1","bundle":{"name":"studio","configurations":{"Feature_DisableOldCookieManagementSticky":"0;100","Feature_UnifiedCookieProtocolEnabled":"0;100","Feature_UnifiedCookieProtocolEnabledSticky":"0;100","Feature_AccessCookiesWithUrlEnabledSticky":"0;100"},"experiments":{}}}
[2026-06-16 13:21:04] << /v2/client-version/WindowsStudio64 -> {"version":"0.578.0.5780566","clientVersionUpload":"version-f0b439683245446c","bootstrapperVersion":"1.0.0.0","nextClientVersion":"0.578.0.5780566","nextClientVersionUpload":"version-f0b439683245446c","flagOnly":true}
[2026-06-16 13:21:04] PCStudioApp: injected DebugLocalRccServerConnectionPort=25565
[2026-06-16 13:21:04] >> GET /oauth/.well-known/openid-configuration
[2026-06-16 13:21:04] << /oauth/.well-known/openid-configuration -> {"issuer":"http://localhost/oauth/","authorization_endpoint":"http://localhost/oauth/v1/authorize","token_endpoint":"http://localhost/oauth/v1/token","introspection_endpoint":"http://localhost/oauth/v1/token/introspect","revocation_endpoint":"http://localhost/oauth/v1/token/revoke","resources_endpoint":"http://localhost/oauth/v1/token/resources","userinfo_endpoint":"http://localhost/oauth/v1/userinfo","jwks_uri":"http://localhost/oauth/v1/certs","registration_endpoint":"http://localhost/dashboard/credentials","service_documentation":"http://localhost/docs/reference/cloud","scopes_supported":["openid","profile","email","verification","credentials","age","premium","roles","attributes"],"response_types_supported":["none","code"],"subject_types_supported":["public"],"id_token_signing_alg_values_supported":["ES256"],"claims_supported":["sub","type","iss","aud","exp","iat","nonce","name","nickname","preferred_username","created_at","profile","picture","email","email_ve
[2026-06-16 13:21:04] >> POST /studio/pbe
[2026-06-16 13:21:04] << /studio/pbe -> {}
[2026-06-16 13:21:04] >> POST /product-experimentation-platform/v1/projects/1/values
[2026-06-16 13:21:04] << /product-experimentation-platform/v1/projects/1/values -> {"assignments":[]}
[2026-06-16 13:21:04] >> POST /studio/pbe
[2026-06-16 13:21:04] << /studio/pbe -> {}
[2026-06-16 13:21:05] >> POST /v1.0/SequenceStatistics/BatchAddToSequencesV2?apiKey=76E5A40C-3AE1-4028-9F10-7C62520BD94F
[2026-06-16 13:21:05] << /v1.0/SequenceStatistics/BatchAddToSequencesV2 -> {}
[2026-06-16 13:21:05] >> POST /v1.1/Counters/BatchIncrement?apiKey=76E5A40C-3AE1-4028-9F10-7C62520BD94F
[2026-06-16 13:21:05] << /v1.1/Counters/BatchIncrement -> {}
[2026-06-16 13:21:06] >> POST /experience-signals-ingest/public/v1/events/single
[2026-06-16 13:21:06] << /experience-signals-ingest/public/v1/events/single -> {}
[2026-06-16 13:21:06] >> GET /oauth/.well-known/openid-configuration
[2026-06-16 13:21:06] << /oauth/.well-known/openid-configuration -> {"issuer":"http://localhost/oauth/","authorization_endpoint":"http://localhost/oauth/v1/authorize","token_endpoint":"http://localhost/oauth/v1/token","introspection_endpoint":"http://localhost/oauth/v1/token/introspect","revocation_endpoint":"http://localhost/oauth/v1/token/revoke","resources_endpoint":"http://localhost/oauth/v1/token/resources","userinfo_endpoint":"http://localhost/oauth/v1/userinfo","jwks_uri":"http://localhost/oauth/v1/certs","registration_endpoint":"http://localhost/dashboard/credentials","service_documentation":"http://localhost/docs/reference/cloud","scopes_supported":["openid","profile","email","verification","credentials","age","premium","roles","attributes"],"response_types_supported":["none","code"],"subject_types_supported":["public"],"id_token_signing_alg_values_supported":["ES256"],"claims_supported":["sub","type","iss","aud","exp","iat","nonce","name","nickname","preferred_username","created_at","profile","picture","email","email_ve
[2026-06-16 13:21:06] >> POST /studio/pbe
[2026-06-16 13:21:06] << /studio/pbe -> {}
[2026-06-16 13:21:07] >> POST /experience-signals-ingest/public/v1/events/single
[2026-06-16 13:21:07] << /experience-signals-ingest/public/v1/events/single -> {}
[2026-06-16 13:21:07] >> GET /oauth/v1/authorize?response_type=code&code_challenge=XgIuvQdKLE8Tp_F1KExDmCBbU2kbSqCYP27GeYdXrKo&code_challenge_method=S256&client_id&redirect_uri=roblox-studio-auth%3A%2F&scope=openid+credentials+profile+age+roles+premium+verification&nonce=id-roblox&state=eyJwaWQiOiIyNjg0NCIsImV2ZW50X2hhbmRsZXJfbmFtZSI6IkV4dGVybmFsTG9naW5GbG93IiwiZGF0YSI6InpEaXBMLVRpSE9sSVEzdVVaOWQxckxpMUVlSXRYRjBBZnVPcTVYT3RQc2cifQ%3D%3D
[2026-06-16 13:21:07] /authorize: client_id='roblox_studio_client' nonce='id-roblox' redirect_uri='roblox-studio-auth:/'
[2026-06-16 13:21:07] >> POST /product-experimentation-platform/v1/projects/1/values
[2026-06-16 13:21:07] << /product-experimentation-platform/v1/projects/1/values -> {"assignments":[]}
[2026-06-16 13:21:07] >> POST /studio/pbe
[2026-06-16 13:21:07] << /studio/pbe -> {}
[2026-06-16 13:21:08] >> POST /oauth/v1/token
[2026-06-16 13:21:08] /v1/token body: [grant_type=authorization_code&code=hardcoded_auth_code_2023&code_verifier=DwReROXogr_f6_bU4ziP0xri6HVosE7cx_Z_LM6xHCY&client_id=]
[2026-06-16 13:21:08] /v1/token qs client_id: [(missing)]
[2026-06-16 13:21:08] << /oauth/v1/token -> {"access_token":"hardcoded_access_token","token_type":"Bearer","expires_in":1800,"refresh_token":"hardcoded_refresh_token","scope":"openid credentials profile age roles premium","id_token":"eyJhbGciOiJFUzI1NiIsInR5cCI6IkpXVCIsImtpZCI6ImhhcmRjb2RlZC1rZXktMSJ9.eyJzdWIiOiIxNDQ2MzMxNSIsInR5cGUiOiJVc2VyIiwiaXNzIjoiaHR0cDovL2xvY2FsaG9zdC9vYXV0aC8iLCJhdWQiOiJyb2Jsb3hfc3R1ZGlvX2NsaWVudCIsImV4cCI6MTc4MTY0MzA2MywiaWF0IjoxNzgxNjQxMjYzLCJub25jZSI6ImlkLXJvYmxveCIsIm5hbWUiOiJIZWFyTWVSb2FyIiwibmlja25hbWUiOiJEZXYiLCJwcmVmZXJyZWRfdXNlcm5hbWUiOiJIZWFyTWVSb2FyIiwiY3JlYXRlZF9hdCI6MTY4MDAwMDAwMCwicHJvZmlsZSI6Imh0dHBzOi8vd3d3LnJvYmxveC5jb20vdXNlcnMvMTQ0NjMzMTUvcHJvZmlsZSIsInBpY3R1cmUiOiJodHRwczovL3d3dy5yb2Jsb3guY29tL2hlYWRzaG90LXRodW1ibmFpbC9pbWFnZT91c2VySWQ9MTQ0NjMzMTUmd2lkdGg9NDIwJmhlaWdodD00MjAiLCJlbWFpbCI6ImRldkByb2Jsb3guZXhhbXBsZSIsImVtYWlsX3ZlcmlmaWVkIjp0cnVlLCJ2ZXJpZmllZCI6dHJ1ZSwiYWdlX2JyYWNrZXQiOiIxOCsiLCJwcmVtaXVtIjp0cnVlLCJyb2xlcyI6WyJEZXZlbG9wZXIiXSwiaW50ZXJuYWxfdXNlciI6ZmFsc2UsImF0dHJpYnV0ZXMiOn
[2026-06-16 13:21:08] >> POST /v1.0/SequenceStatistics/BatchAddToSequencesV2?apiKey=76E5A40C-3AE1-4028-9F10-7C62520BD94F
[2026-06-16 13:21:08] << /v1.0/SequenceStatistics/BatchAddToSequencesV2 -> {}
[2026-06-16 13:21:08] >> POST /v1.1/Counters/BatchIncrement?apiKey=76E5A40C-3AE1-4028-9F10-7C62520BD94F
[2026-06-16 13:21:08] << /v1.1/Counters/BatchIncrement -> {}
[2026-06-16 13:21:08] >> GET /oauth/v1/userinfo
[2026-06-16 13:21:08] << /oauth/v1/userinfo -> {"sub":"14463315","type":"User","iss":"http://localhost/oauth/","aud":"roblox_studio_client","exp":1781644868,"iat":1781641268,"nonce":"id-roblox","name":"HearMeRoar","nickname":"Dev","preferred_username":"HearMeRoar","created_at":1680000000,"email":"dev@roblox.example","email_verified":true,"verified":true,"age_bracket":"18+","premium":true,"roles":["Developer"],"internal_user":false,"attributes":{}}
[2026-06-16 13:21:08] >> POST /validate-machine
[2026-06-16 13:21:08] << /validate-machine -> {}
[2026-06-16 13:21:08] >> GET /v1/not-approved
[2026-06-16 13:21:08] << /v1/not-approved -> {}
[2026-06-16 13:21:09] >> POST /product-experimentation-platform/v1/projects/1/values
[2026-06-16 13:21:09] >> POST /product-experimentation-platform/v1/projects/1/values
[2026-06-16 13:21:09] << /product-experimentation-platform/v1/projects/1/values -> {"assignments":[]}
[2026-06-16 13:21:09] << /product-experimentation-platform/v1/projects/1/values -> {"assignments":[]}
[2026-06-16 13:21:09] >> POST /product-experimentation-platform/v1/projects/1/values
[2026-06-16 13:21:09] << /product-experimentation-platform/v1/projects/1/values -> {"assignments":[]}
[2026-06-16 13:21:09] >> GET /userhub/?id=
[2026-06-16 13:21:09] >> POST /user-heartbeats-api/action-report
[2026-06-16 13:21:09] >> GET /oauth/v1/authorize?response_type=code&code_challenge=2pCRivPxIoG4ycnvsHvrRnq0J3aYVfihyuPERwqt04Q&code_challenge_method=S256&client_id&redirect_uri=roblox-studio-auth%3A%2F&scope=openid+credentials+profile+age+roles+premium+verification&nonce=id-roblox&state=eyJwaWQiOiIzMjkyMCIsImV2ZW50X2hhbmRsZXJfbmFtZSI6IkV4dGVybmFsTG9naW5GbG93IiwiZGF0YSI6Im9TSUl5WVlhM1BBcW5KcmVqZUlWT0swTTdkN2JmdHZ1MWI1bjBWUlJVQ1kifQ%3D%3D
[2026-06-16 13:21:09] /authorize: client_id='roblox_studio_client' nonce='id-roblox' redirect_uri='roblox-studio-auth:/'
[2026-06-16 13:21:09] << /user-heartbeats-api/action-report -> {"accounts": [{"username": "HearMeRoar","robloxCookie": "","pulseInterval": 30000,"enableLogging": true}],"globalConfig": {"retryAttempts": 3,"retryDelay": 5000}}
[2026-06-16 13:21:09] 404 GET /userhub/
[2026-06-16 13:21:09] << /userhub/ -> {"errors":[{"code":"NotFound","message":"Not found"}]}
[2026-06-16 13:21:09] >> GET /studio-user-data-api/beta-feature?pageSize=1000000000
[2026-06-16 13:21:09] << /studio-user-data-api/beta-feature -> {}
[2026-06-16 13:21:09] >> GET /studio-user-data-api/beta-feature-metadata
[2026-06-16 13:21:09] >> GET /studio-user-data-api/plugin-metadata?pageSize=1000000000
[2026-06-16 13:21:09] >> GET /studio-user-settings/plugin-permissions/v2/plugins?permissionType=ScriptInjection&cursor&pageSize=100
[2026-06-16 13:21:09] >> GET /studio-user-settings/plugin-permissions/v2/plugins?permissionType=HttpService&cursor&pageSize=100
[2026-06-16 13:21:09] << /studio-user-data-api/beta-feature-metadata -> {}
[2026-06-16 13:21:09] >> GET /v2/user-channel?binaryType=WindowsStudio64
[2026-06-16 13:21:09] >> GET /access-management/v1/feature-access?featureNames=ShowIllegalContentReport&nameSpace=studio%2FSafetyFeatures
[2026-06-16 13:21:09] << /studio-user-data-api/plugin-metadata -> {}
[2026-06-16 13:21:09] << /studio-user-settings/plugin-permissions/v2/plugins -> {}
[2026-06-16 13:21:09] << /studio-user-settings/plugin-permissions/v2/plugins -> {}
[2026-06-16 13:21:09] << /v2/user-channel -> {}
[2026-06-16 13:21:09] << /access-management/v1/feature-access -> {"featureAccess":[],"data":[]}
[2026-06-16 13:21:09] >> GET /v1/universes/multiget?ids=9000000000046&ids=9000000000098&ids=9000000000048&ids=9000000000068&ids=9000000000016&ids=9000000000088&ids=9000000000064&ids=9000000000092&ids=9000000000096&ids=9000000000080&ids=9000000000018&ids=9000000000040&ids=9000000000030&ids=9000000000070&ids=9000000000034&ids=9000000000020&ids=9000000000002&ids=9000000000026&ids=9000000000052&ids=9000000000022&ids=9000000000050&ids=9000000000062&ids=9000000000044&ids=9000000000060
[2026-06-16 13:21:09] >> GET /my/settings/json
[2026-06-16 13:21:09] << /my/settings/json -> {"UserId":14463315,"UserName":"HearMeRoar","DisplayName":"HearMeRoar","RobuxBalance":9999999999,"IsEmailVerified":true,"IsPremiumUser":true,"AgeBracket":0,"CountryCode":"US","Roles":["Developer","Soothsayer"],"AccountAgeInDays":1324354}
[2026-06-16 13:21:09] >> GET /v1/games/icons?universeIds=9000000000020&returnPolicy=AutoGenerated&size=256x256&format=Png&isCircular=false
[2026-06-16 13:21:09] << /v1/games/icons -> {"data":[{"targetId":9000000000020,"state":"Completed","imageUrl":"http://localhost/Png.png"}]}
[2026-06-16 13:21:09] >> GET /v2/assets/9000000000021/details
[2026-06-16 13:21:09] << /v2/assets/9000000000021/details -> {"TargetId":9000000000021,"AssetId":9000000000021,"ProductId":9000000000021,"assetId":9000000000021,"id":9000000000021,"Id":9000000000021,"TargetPlaceId":9000000000021,"PlaceId":9000000000021,"ProductType":"User Product","Name":"Flood Escape 1.6.5","Description":"","AssetTypeId":9,"assetTypeId":9,"Creator":{"Id":14463315,"Name":"HearMeRoar","CreatorType":"User","CreatorTargetId":14463315,"HasVerifiedBadge":false,"id":14463315,"type":1,"creatorType":"User","creatorTargetId":14463315},"IconImageAssetId":0,"Created":"2022-05-11T13:27:09.897Z","Updated":"2022-06-19T07:23:39.03Z","created":"2022-05-11T13:27:09.897Z","updated":"2022-06-19T07:23:39.03Z","PriceInRobux":null,"Sales":0,"IsNew":false,"IsForSale":false,"IsPublicDomain":true,"IsLimited":false,"IsLimitedUnique":false,"isPublic":true,"isForSale":false,"isLimited":false,"isLimitedUnique":false,"enableComments":false}
[2026-06-16 13:21:10] >> GET /Png.png
[2026-06-16 13:21:10] >> GET /v1/universes/multiget/teamcreate?ids=9000000000046&ids=9000000000098&ids=9000000000048&ids=9000000000068&ids=9000000000016&ids=9000000000088&ids=9000000000064&ids=9000000000092&ids=9000000000096&ids=9000000000080&ids=9000000000018&ids=9000000000040&ids=9000000000030&ids=9000000000070&ids=9000000000034&ids=9000000000020&ids=9000000000002&ids=9000000000026&ids=9000000000052&ids=9000000000022&ids=9000000000050&ids=9000000000062&ids=9000000000044&ids=9000000000060
[2026-06-16 13:21:10] TeamCreate stub (disabled): GET /v1/universes/multiget/teamcreate
[2026-06-16 13:21:10] << /v1/universes/multiget/teamcreate -> {"data":[{"id":9000000000046,"isEnabled":false},{"id":9000000000098,"isEnabled":false},{"id":9000000000048,"isEnabled":false},{"id":9000000000068,"isEnabled":false},{"id":9000000000016,"isEnabled":false},{"id":9000000000088,"isEnabled":false},{"id":9000000000064,"isEnabled":false},{"id":9000000000092,"isEnabled":false},{"id":9000000000096,"isEnabled":false},{"id":9000000000080,"isEnabled":false},{"id":9000000000018,"isEnabled":false},{"id":9000000000040,"isEnabled":false},{"id":9000000000030,"isEnabled":false},{"id":9000000000070,"isEnabled":false},{"id":9000000000034,"isEnabled":false},{"id":9000000000020,"isEnabled":false},{"id":9000000000002,"isEnabled":false},{"id":9000000000026,"isEnabled":false},{"id":9000000000052,"isEnabled":false},{"id":9000000000022,"isEnabled":false},{"id":9000000000050,"isEnabled":false},{"id":9000000000062,"isEnabled":false},{"id":9000000000044,"isEnabled":false},{"id":9000000000060,"isEnabled":false}]}
[2026-06-16 13:21:10] >> GET /userhub/?id=
[2026-06-16 13:21:10] 404 GET /userhub/
[2026-06-16 13:21:10] << /userhub/ -> {"errors":[{"code":"NotFound","message":"Not found"}]}
[2026-06-16 13:21:10] >> POST /oauth/v1/token
[2026-06-16 13:21:10] /v1/token body: [grant_type=authorization_code&code=hardcoded_auth_code_2023&code_verifier=hcpLx84P7VzexGPC4YNPi1SA62NxVU3Jb7ziFQlTwUk&client_id=]
[2026-06-16 13:21:10] /v1/token qs client_id: [(missing)]
[2026-06-16 13:21:10] << /oauth/v1/token -> {"access_token":"hardcoded_access_token","token_type":"Bearer","expires_in":1800,"refresh_token":"hardcoded_refresh_token","scope":"openid credentials profile age roles premium","id_token":"eyJhbGciOiJFUzI1NiIsInR5cCI6IkpXVCIsImtpZCI6ImhhcmRjb2RlZC1rZXktMSJ9.eyJzdWIiOiIxNDQ2MzMxNSIsInR5cGUiOiJVc2VyIiwiaXNzIjoiaHR0cDovL2xvY2FsaG9zdC9vYXV0aC8iLCJhdWQiOiJyb2Jsb3hfc3R1ZGlvX2NsaWVudCIsImV4cCI6MTc4MTY0MzA2NSwiaWF0IjoxNzgxNjQxMjY1LCJub25jZSI6ImlkLXJvYmxveCIsIm5hbWUiOiJIZWFyTWVSb2FyIiwibmlja25hbWUiOiJEZXYiLCJwcmVmZXJyZWRfdXNlcm5hbWUiOiJIZWFyTWVSb2FyIiwiY3JlYXRlZF9hdCI6MTY4MDAwMDAwMCwicHJvZmlsZSI6Imh0dHBzOi8vd3d3LnJvYmxveC5jb20vdXNlcnMvMTQ0NjMzMTUvcHJvZmlsZSIsInBpY3R1cmUiOiJodHRwczovL3d3dy5yb2Jsb3guY29tL2hlYWRzaG90LXRodW1ibmFpbC9pbWFnZT91c2VySWQ9MTQ0NjMzMTUmd2lkdGg9NDIwJmhlaWdodD00MjAiLCJlbWFpbCI6ImRldkByb2Jsb3guZXhhbXBsZSIsImVtYWlsX3ZlcmlmaWVkIjp0cnVlLCJ2ZXJpZmllZCI6dHJ1ZSwiYWdlX2JyYWNrZXQiOiIxOCsiLCJwcmVtaXVtIjp0cnVlLCJyb2xlcyI6WyJEZXZlbG9wZXIiXSwiaW50ZXJuYWxfdXNlciI6ZmFsc2UsImF0dHJpYnV0ZXMiOn
[2026-06-16 13:21:10] >> POST /v1/users
[2026-06-16 13:21:10] << /v1/users -> {"data":[{"hasVerifiedBadge":false,"id":14463315,"name":"HearMeRoar","displayName":"HearMeRoar"}]}
[2026-06-16 13:21:10] >> GET /studio-open-place/v1/openplace?placeId=9000000000021
[2026-06-16 13:21:10] << /studio-open-place/v1/openplace -> {"universe":{"Id":9000000000020,"RootPlaceId":9000000000021,"Name":"Flood Escape 1.6.5","Description":"","IsArchived":false,"CreatorType":"User","CreatorTargetId":14463315,"PrivacyType":"Private","Created":"2022-01-01T00:00:00.000+00:00","Updated":"2022-01-01T00:00:00.000+00:00"},"teamCreateEnabled":false,"place":{"Creator":{"CreatorType":"User","CreatorTargetId":14463315}}}
[2026-06-16 13:21:10] >> GET /v1/not-approved
[2026-06-16 13:21:10] << /v1/not-approved -> {}
[2026-06-16 13:21:10] >> POST /validate-machine
[2026-06-16 13:21:10] << /validate-machine -> {}
[2026-06-16 13:21:10] >> GET /v1/gametemplates?searchKey=Templates&pageSize=30&search=All&isTemplates=true
[2026-06-16 13:21:10] << /v1/gametemplates -> {"data":[{"gameTemplateType":"Generic","hasTutorials":false,"universe":{"id":28220420,"name":"Baseplate","description":"Start from a clean baseplate.","isArchived":false,"rootPlaceId":95206881,"privacyType":"Public","creatorType":"User","creatorTargetId":998796,"creatorName":"Templates","created":"2017-04-26T00:00:00Z","updated":"2017-04-26T00:00:00Z","isFriendsOnly":false,"audiences":[1,3,4]}}]}
[2026-06-16 13:21:10] >> GET /oauth/v1/userinfo
[2026-06-16 13:21:10] << /oauth/v1/userinfo -> {"sub":"14463315","type":"User","iss":"http://localhost/oauth/","aud":"roblox_studio_client","exp":1781644870,"iat":1781641270,"nonce":"id-roblox","name":"HearMeRoar","nickname":"Dev","preferred_username":"HearMeRoar","created_at":1680000000,"email":"dev@roblox.example","email_verified":true,"verified":true,"age_bracket":"18+","premium":true,"roles":["Developer"],"internal_user":false,"attributes":{}}
[2026-06-16 13:21:10] >> GET /doc-site/v2/feeds?surfaceType=StudioStart
[2026-06-16 13:21:10] << /doc-site/v2/feeds -> {"data":{"feedItems":[]}}
[2026-06-16 13:21:11] >> POST /product-experimentation-platform/v1/projects/1/values
[2026-06-16 13:21:11] >> POST /product-experimentation-platform/v1/projects/1/values
[2026-06-16 13:21:11] << /product-experimentation-platform/v1/projects/1/values -> {"assignments":[]}
[2026-06-16 13:21:11] >> GET /v2/universes/9000000000046/places?limit=50&SortOrder=Asc
[2026-06-16 13:21:11] << /product-experimentation-platform/v1/projects/1/values -> {"assignments":[]}
[2026-06-16 13:21:11] << /v2/universes/9000000000046/places -> {"previousPageCursor":null,"nextPageCursor":null,"data":[{"maxPlayerCount":null,"socialSlotType":null,"customSocialSlotsCount":null,"allowCopying":null,"currentSavedVersion":1,"isAllGenresAllowed":null,"allowedGearTypes":null,"maxPlayersAllowed":0,"created":"2022-01-01T00:00:00.000Z","updated":"2022-01-01T00:00:00.000Z","id":9000000000047,"universeId":9000000000046,"name":"Phantom Forces","description":"","isRootPlace":true}]}
[2026-06-16 13:21:11] >> GET /v2/universes/9000000000098/places?limit=50&SortOrder=Asc
[2026-06-16 13:21:11] >> POST /product-experimentation-platform/v1/projects/1/values
[2026-06-16 13:21:11] >> POST /user-heartbeats-api/action-report
[2026-06-16 13:21:11] >> GET /userhub/?id=
[2026-06-16 13:21:11] << /v2/universes/9000000000098/places -> {"previousPageCursor":null,"nextPageCursor":null,"data":[{"maxPlayerCount":null,"socialSlotType":null,"customSocialSlotsCount":null,"allowCopying":null,"currentSavedVersion":1,"isAllGenresAllowed":null,"allowedGearTypes":null,"maxPlayersAllowed":0,"created":"2022-01-01T00:00:00.000Z","updated":"2022-01-01T00:00:00.000Z","id":9000000000099,"universeId":9000000000098,"name":"Youtube Tycoon","description":"","isRootPlace":true}]}
[2026-06-16 13:21:11] << /product-experimentation-platform/v1/projects/1/values -> {"assignments":[]}
[2026-06-16 13:21:11] << /user-heartbeats-api/action-report -> {"accounts": [{"username": "HearMeRoar","robloxCookie": "","pulseInterval": 30000,"enableLogging": true}],"globalConfig": {"retryAttempts": 3,"retryDelay": 5000}}
[2026-06-16 13:21:11] 404 GET /userhub/
[2026-06-16 13:21:11] << /userhub/ -> {"errors":[{"code":"NotFound","message":"Not found"}]}
[2026-06-16 13:21:11] >> GET /studio-user-data-api/beta-feature-metadata
[2026-06-16 13:21:11] >> GET /studio-user-data-api/beta-feature?pageSize=1000000000
[2026-06-16 13:21:11] << /studio-user-data-api/beta-feature-metadata -> {}
[2026-06-16 13:21:11] >> GET /studio-user-data-api/plugin-metadata?pageSize=1000000000
[2026-06-16 13:21:11] >> GET /studio-user-settings/plugin-permissions/v2/plugins?permissionType=ScriptInjection&cursor&pageSize=100
[2026-06-16 13:21:11] >> GET /studio-user-settings/plugin-permissions/v2/plugins?permissionType=HttpService&cursor&pageSize=100
[2026-06-16 13:21:11] >> GET /access-management/v1/feature-access?featureNames=ShowIllegalContentReport&nameSpace=studio%2FSafetyFeatures
[2026-06-16 13:21:11] << /studio-user-data-api/beta-feature -> {}
[2026-06-16 13:21:11] << /studio-user-data-api/plugin-metadata -> {}
[2026-06-16 13:21:11] << /studio-user-settings/plugin-permissions/v2/plugins -> {}
[2026-06-16 13:21:11] >> GET /v2/universes/9000000000048/places?limit=50&SortOrder=Asc
[2026-06-16 13:21:11] << /studio-user-settings/plugin-permissions/v2/plugins -> {}
[2026-06-16 13:21:11] >> GET /v1/universes/multiget?ids=9000000000046&ids=9000000000098&ids=9000000000048&ids=9000000000068&ids=9000000000016&ids=9000000000088&ids=9000000000064&ids=9000000000092&ids=9000000000096&ids=9000000000080&ids=9000000000018&ids=9000000000040&ids=9000000000030&ids=9000000000070&ids=9000000000034&ids=9000000000020&ids=9000000000002&ids=9000000000026&ids=9000000000052&ids=9000000000022&ids=9000000000050&ids=9000000000062&ids=9000000000044&ids=9000000000060
[2026-06-16 13:21:11] << /access-management/v1/feature-access -> {"featureAccess":[],"data":[]}
[2026-06-16 13:21:11] << /v2/universes/9000000000048/places -> {"previousPageCursor":null,"nextPageCursor":null,"data":[{"maxPlayerCount":null,"socialSlotType":null,"customSocialSlotsCount":null,"allowCopying":null,"currentSavedVersion":1,"isAllGenresAllowed":null,"allowedGearTypes":null,"maxPlayersAllowed":0,"created":"2022-01-01T00:00:00.000Z","updated":"2022-01-01T00:00:00.000Z","id":9000000000049,"universeId":9000000000048,"name":"Pokemon Brick Bronze","description":"","isRootPlace":true}]}
[2026-06-16 13:21:11] >> GET /my/settings/json
[2026-06-16 13:21:11] << /my/settings/json -> {"UserId":14463315,"UserName":"HearMeRoar","DisplayName":"HearMeRoar","RobuxBalance":9999999999,"IsEmailVerified":true,"IsPremiumUser":true,"AgeBracket":0,"CountryCode":"US","Roles":["Developer","Soothsayer"],"AccountAgeInDays":1324354}
[2026-06-16 13:21:12] >> GET /v2/universes/9000000000068/places?limit=50&SortOrder=Asc
[2026-06-16 13:21:12] << /v2/universes/9000000000068/places -> {"previousPageCursor":null,"nextPageCursor":null,"data":[{"maxPlayerCount":null,"socialSlotType":null,"customSocialSlotsCount":null,"allowCopying":null,"currentSavedVersion":1,"isAllGenresAllowed":null,"allowedGearTypes":null,"maxPlayersAllowed":0,"created":"2022-01-01T00:00:00.000Z","updated":"2022-01-01T00:00:00.000Z","id":9000000000069,"universeId":9000000000068,"name":"Weight Lifting Simulator 2","description":"","isRootPlace":true}]}
[2026-06-16 13:21:12] >> GET /v1/universes/multiget/teamcreate?ids=9000000000046&ids=9000000000098&ids=9000000000048&ids=9000000000068&ids=9000000000016&ids=9000000000088&ids=9000000000064&ids=9000000000092&ids=9000000000096&ids=9000000000080&ids=9000000000018&ids=9000000000040&ids=9000000000030&ids=9000000000070&ids=9000000000034&ids=9000000000020&ids=9000000000002&ids=9000000000026&ids=9000000000052&ids=9000000000022&ids=9000000000050&ids=9000000000062&ids=9000000000044&ids=9000000000060
[2026-06-16 13:21:12] TeamCreate stub (disabled): GET /v1/universes/multiget/teamcreate
[2026-06-16 13:21:12] << /v1/universes/multiget/teamcreate -> {"data":[{"id":9000000000046,"isEnabled":false},{"id":9000000000098,"isEnabled":false},{"id":9000000000048,"isEnabled":false},{"id":9000000000068,"isEnabled":false},{"id":9000000000016,"isEnabled":false},{"id":9000000000088,"isEnabled":false},{"id":9000000000064,"isEnabled":false},{"id":9000000000092,"isEnabled":false},{"id":9000000000096,"isEnabled":false},{"id":9000000000080,"isEnabled":false},{"id":9000000000018,"isEnabled":false},{"id":9000000000040,"isEnabled":false},{"id":9000000000030,"isEnabled":false},{"id":9000000000070,"isEnabled":false},{"id":9000000000034,"isEnabled":false},{"id":9000000000020,"isEnabled":false},{"id":9000000000002,"isEnabled":false},{"id":9000000000026,"isEnabled":false},{"id":9000000000052,"isEnabled":false},{"id":9000000000022,"isEnabled":false},{"id":9000000000050,"isEnabled":false},{"id":9000000000062,"isEnabled":false},{"id":9000000000044,"isEnabled":false},{"id":9000000000060,"isEnabled":false}]}
[2026-06-16 13:21:12] >> GET /userhub/?id=
[2026-06-16 13:21:12] 404 GET /userhub/
[2026-06-16 13:21:12] << /userhub/ -> {"errors":[{"code":"NotFound","message":"Not found"}]}
[2026-06-16 13:21:12] >> GET /v2/universes/9000000000016/places?limit=50&SortOrder=Asc
[2026-06-16 13:21:12] << /v2/universes/9000000000016/places -> {"previousPageCursor":null,"nextPageCursor":null,"data":[{"maxPlayerCount":null,"socialSlotType":null,"customSocialSlotsCount":null,"allowCopying":null,"currentSavedVersion":1,"isAllGenresAllowed":null,"allowedGearTypes":null,"maxPlayersAllowed":0,"created":"2022-01-01T00:00:00.000Z","updated":"2022-01-01T00:00:00.000Z","id":9000000000017,"universeId":9000000000016,"name":"Prison Life V2.0","description":"","isRootPlace":true}]}
[2026-06-16 13:21:12] >> POST /v1/users
[2026-06-16 13:21:12] << /v1/users -> {"data":[{"hasVerifiedBadge":false,"id":14463315,"name":"HearMeRoar","displayName":"HearMeRoar"}]}
[2026-06-16 13:21:12] >> GET /v2/universes/9000000000088/places?limit=50&SortOrder=Asc
[2026-06-16 13:21:12] << /v2/universes/9000000000088/places -> {"previousPageCursor":null,"nextPageCursor":null,"data":[{"maxPlayerCount":null,"socialSlotType":null,"customSocialSlotsCount":null,"allowCopying":null,"currentSavedVersion":1,"isAllGenresAllowed":null,"allowedGearTypes":null,"maxPlayersAllowed":0,"created":"2022-01-01T00:00:00.000Z","updated":"2022-01-01T00:00:00.000Z","id":9000000000089,"universeId":9000000000088,"name":"Muffin Kombat","description":"","isRootPlace":true}]}
[2026-06-16 13:21:12] >> POST /user-heartbeats-api/action-report
[2026-06-16 13:21:12] << /user-heartbeats-api/action-report -> {"accounts": [{"username": "HearMeRoar","robloxCookie": "","pulseInterval": 30000,"enableLogging": true}],"globalConfig": {"retryAttempts": 3,"retryDelay": 5000}}
[2026-06-16 13:21:12] >> GET /v2/universes/9000000000064/places?limit=50&SortOrder=Asc
[2026-06-16 13:21:12] >> GET /v1/asset?id=174984562&xcachesplit=9000000000020
[2026-06-16 13:21:12] << /v2/universes/9000000000064/places -> {"previousPageCursor":null,"nextPageCursor":null,"data":[{"maxPlayerCount":null,"socialSlotType":null,"customSocialSlotsCount":null,"allowCopying":null,"currentSavedVersion":1,"isAllGenresAllowed":null,"allowedGearTypes":null,"maxPlayersAllowed":0,"created":"2022-01-01T00:00:00.000Z","updated":"2022-01-01T00:00:00.000Z","id":9000000000065,"universeId":9000000000064,"name":"New MM2","description":"","isRootPlace":true}]}
[2026-06-16 13:21:12] >> GET /userhub/?id=
[2026-06-16 13:21:12] 404 GET /userhub/
[2026-06-16 13:21:12] << /userhub/ -> {"errors":[{"code":"NotFound","message":"Not found"}]}
[2026-06-16 13:21:12] >> GET /v1/gametemplates?searchKey=Templates&pageSize=30&search=All&isTemplates=true
[2026-06-16 13:21:12] << /v1/gametemplates -> {"data":[{"gameTemplateType":"Generic","hasTutorials":false,"universe":{"id":28220420,"name":"Baseplate","description":"Start from a clean baseplate.","isArchived":false,"rootPlaceId":95206881,"privacyType":"Public","creatorType":"User","creatorTargetId":998796,"creatorName":"Templates","created":"2017-04-26T00:00:00Z","updated":"2017-04-26T00:00:00Z","isFriendsOnly":false,"audiences":[1,3,4]}}]}
[2026-06-16 13:21:12] >> GET /v2/universes/9000000000092/places?limit=50&SortOrder=Asc
[2026-06-16 13:21:12] << /v2/universes/9000000000092/places -> {"previousPageCursor":null,"nextPageCursor":null,"data":[{"maxPlayerCount":null,"socialSlotType":null,"customSocialSlotsCount":null,"allowCopying":null,"currentSavedVersion":1,"isAllGenresAllowed":null,"allowedGearTypes":null,"maxPlayersAllowed":0,"created":"2022-01-01T00:00:00.000Z","updated":"2022-01-01T00:00:00.000Z","id":9000000000093,"universeId":9000000000092,"name":"Meepcity","description":"","isRootPlace":true}]}
[2026-06-16 13:21:12] >> GET /v1/asset?id=174988344&xcachesplit=9000000000020
[2026-06-16 13:21:12] >> GET /doc-site/v2/feeds?surfaceType=StudioStart
[2026-06-16 13:21:12] << /doc-site/v2/feeds -> {"data":{"feedItems":[]}}
[2026-06-16 13:21:13] FetchUrl: HTTP 403 for https://assetdelivery.roblox.com/v1/asset/?id=174984562
[2026-06-16 13:21:13] Asset 174984562: fetch failed, falling back to redirect
[2026-06-16 13:21:13] >> GET /v2/universes/9000000000096/places?limit=50&SortOrder=Asc
[2026-06-16 13:21:13] >> GET /v1/asset?id=174988382&xcachesplit=9000000000020
[2026-06-16 13:21:13] << /v2/universes/9000000000096/places -> {"previousPageCursor":null,"nextPageCursor":null,"data":[{"maxPlayerCount":null,"socialSlotType":null,"customSocialSlotsCount":null,"allowCopying":null,"currentSavedVersion":1,"isAllGenresAllowed":null,"allowedGearTypes":null,"maxPlayersAllowed":0,"created":"2022-01-01T00:00:00.000Z","updated":"2022-01-01T00:00:00.000Z","id":9000000000097,"universeId":9000000000096,"name":"Tower of hell","description":"","isRootPlace":true}]}
[2026-06-16 13:21:13] >> GET /v2/universes/9000000000046/places?limit=50&SortOrder=Asc
[2026-06-16 13:21:13] << /v2/universes/9000000000046/places -> {"previousPageCursor":null,"nextPageCursor":null,"data":[{"maxPlayerCount":null,"socialSlotType":null,"customSocialSlotsCount":null,"allowCopying":null,"currentSavedVersion":1,"isAllGenresAllowed":null,"allowedGearTypes":null,"maxPlayersAllowed":0,"created":"2022-01-01T00:00:00.000Z","updated":"2022-01-01T00:00:00.000Z","id":9000000000047,"universeId":9000000000046,"name":"Phantom Forces","description":"","isRootPlace":true}]}
[2026-06-16 13:21:13] FetchUrl: HTTP 403 for https://assetdelivery.roblox.com/v1/asset/?id=174988382
[2026-06-16 13:21:13] Asset 174988382: fetch failed, falling back to redirect
[2026-06-16 13:21:13] FetchUrl: HTTP 403 for https://assetdelivery.roblox.com/v1/asset/?id=174988344
[2026-06-16 13:21:13] >> GET /v1/asset?ID=142446794&xcachesplit=9000000000020
[2026-06-16 13:21:13] Asset 174988344: fetch failed, falling back to redirect
[2026-06-16 13:21:13] << /v1/asset -> {"errors":[{"code":400,"message":"Missing id"}]}
[2026-06-16 13:21:13] >> GET /v2/universes/9000000000080/places?limit=50&SortOrder=Asc
[2026-06-16 13:21:13] >> GET /v1/asset?ID=142448886&xcachesplit=9000000000020
[2026-06-16 13:21:13] << /v2/universes/9000000000080/places -> {"previousPageCursor":null,"nextPageCursor":null,"data":[{"maxPlayerCount":null,"socialSlotType":null,"customSocialSlotsCount":null,"allowCopying":null,"currentSavedVersion":1,"isAllGenresAllowed":null,"allowedGearTypes":null,"maxPlayersAllowed":0,"created":"2022-01-01T00:00:00.000Z","updated":"2022-01-01T00:00:00.000Z","id":9000000000081,"universeId":9000000000080,"name":"Work at a pizza place","description":"","isRootPlace":true}]}
[2026-06-16 13:21:13] << /v1/asset -> {"errors":[{"code":400,"message":"Missing id"}]}
[2026-06-16 13:21:13] >> GET /v2/universes/9000000000098/places?limit=50&SortOrder=Asc
[2026-06-16 13:21:13] << /v2/universes/9000000000098/places -> {"previousPageCursor":null,"nextPageCursor":null,"data":[{"maxPlayerCount":null,"socialSlotType":null,"customSocialSlotsCount":null,"allowCopying":null,"currentSavedVersion":1,"isAllGenresAllowed":null,"allowedGearTypes":null,"maxPlayersAllowed":0,"created":"2022-01-01T00:00:00.000Z","updated":"2022-01-01T00:00:00.000Z","id":9000000000099,"universeId":9000000000098,"name":"Youtube Tycoon","description":"","isRootPlace":true}]}
[2026-06-16 13:21:13] >> GET /v1/asset?ID=142448870&xcachesplit=9000000000020
[2026-06-16 13:21:13] << /v1/asset -> {"errors":[{"code":400,"message":"Missing id"}]}
[2026-06-16 13:21:13] >> GET /v1/asset?ID=134012322&xcachesplit=9000000000020
[2026-06-16 13:21:13] << /v1/asset -> {"errors":[{"code":400,"message":"Missing id"}]}
[2026-06-16 13:21:13] >> GET /v2/universes/9000000000018/places?limit=50&SortOrder=Asc
[2026-06-16 13:21:13] >> GET /v1/asset?id=175728189&xcachesplit=9000000000020
[2026-06-16 13:21:13] << /v2/universes/9000000000018/places -> {"previousPageCursor":null,"nextPageCursor":null,"data":[{"maxPlayerCount":null,"socialSlotType":null,"customSocialSlotsCount":null,"allowCopying":null,"currentSavedVersion":1,"isAllGenresAllowed":null,"allowedGearTypes":null,"maxPlayersAllowed":0,"created":"2022-01-01T00:00:00.000Z","updated":"2022-01-01T00:00:00.000Z","id":9000000000019,"universeId":9000000000018,"name":"Natural Disaster Survival","description":"","isRootPlace":true}]}
[2026-06-16 13:21:13] >> GET /v2/universes/9000000000048/places?limit=50&SortOrder=Asc
[2026-06-16 13:21:13] << /v2/universes/9000000000048/places -> {"previousPageCursor":null,"nextPageCursor":null,"data":[{"maxPlayerCount":null,"socialSlotType":null,"customSocialSlotsCount":null,"allowCopying":null,"currentSavedVersion":1,"isAllGenresAllowed":null,"allowedGearTypes":null,"maxPlayersAllowed":0,"created":"2022-01-01T00:00:00.000Z","updated":"2022-01-01T00:00:00.000Z","id":9000000000049,"universeId":9000000000048,"name":"Pokemon Brick Bronze","description":"","isRootPlace":true}]}
[2026-06-16 13:21:13] FetchUrl: HTTP 403 for https://assetdelivery.roblox.com/v1/asset/?id=175728189
[2026-06-16 13:21:13] Asset 175728189: fetch failed, falling back to redirect
[2026-06-16 13:21:13] >> GET /v2/universes/9000000000040/places?limit=50&SortOrder=Asc
[2026-06-16 13:21:13] << /v2/universes/9000000000040/places -> {"previousPageCursor":null,"nextPageCursor":null,"data":[{"maxPlayerCount":null,"socialSlotType":null,"customSocialSlotsCount":null,"allowCopying":null,"currentSavedVersion":1,"isAllGenresAllowed":null,"allowedGearTypes":null,"maxPlayersAllowed":0,"created":"2022-01-01T00:00:00.000Z","updated":"2022-01-01T00:00:00.000Z","id":9000000000041,"universeId":9000000000040,"name":"Epic Minigames","description":"","isRootPlace":true}]}
[2026-06-16 13:21:13] >> GET /v1/asset?ID=139572272&xcachesplit=9000000000020
[2026-06-16 13:21:13] >> GET /v1/asset?id=147451482&xcachesplit=9000000000020
[2026-06-16 13:21:13] << /v1/asset -> {"errors":[{"code":400,"message":"Missing id"}]}
[2026-06-16 13:21:13] >> GET /v2/universes/9000000000068/places?limit=50&SortOrder=Asc
[2026-06-16 13:21:13] << /v2/universes/9000000000068/places -> {"previousPageCursor":null,"nextPageCursor":null,"data":[{"maxPlayerCount":null,"socialSlotType":null,"customSocialSlotsCount":null,"allowCopying":null,"currentSavedVersion":1,"isAllGenresAllowed":null,"allowedGearTypes":null,"maxPlayersAllowed":0,"created":"2022-01-01T00:00:00.000Z","updated":"2022-01-01T00:00:00.000Z","id":9000000000069,"universeId":9000000000068,"name":"Weight Lifting Simulator 2","description":"","isRootPlace":true}]}
[2026-06-16 13:21:13] FetchUrl: HTTP 403 for https://assetdelivery.roblox.com/v1/asset/?id=147451482
[2026-06-16 13:21:13] Asset 147451482: fetch failed, falling back to redirect
[2026-06-16 13:21:13] >> GET /v2/universes/9000000000030/places?limit=50&SortOrder=Asc
[2026-06-16 13:21:14] >> GET /v2/universes/9000000000070/places?limit=50&SortOrder=Asc
[2026-06-16 13:21:14] >> GET /v2/universes/9000000000034/places?limit=50&SortOrder=Asc
[2026-06-16 13:21:14] >> GET /asset/?hash=9648afba5d3d7f66550213469e074213&contentRepresentationPriorityList=W3siZm9ybWF0IjoiUmVzaWR1YWwiLCJtYWpvclZlcnNpb24iOiIyIiwiZmlkZWxpdHkiOiJPcmlnaW5hbCJ9XQ%3D%3D&doNotFallbackToBaselineRepresentation=true
[2026-06-16 13:21:14] << /v2/universes/9000000000030/places -> {"previousPageCursor":null,"nextPageCursor":null,"data":[{"maxPlayerCount":null,"socialSlotType":null,"customSocialSlotsCount":null,"allowCopying":null,"currentSavedVersion":1,"isAllGenresAllowed":null,"allowedGearTypes":null,"maxPlayersAllowed":0,"created":"2022-01-01T00:00:00.000Z","updated":"2022-01-01T00:00:00.000Z","id":9000000000031,"universeId":9000000000030,"name":"Twisted Murderer","description":"","isRootPlace":true}]}
[2026-06-16 13:21:14] >> GET /asset/?id=177624811&xcachesplit=9000000000020
[2026-06-16 13:21:14] << /v2/universes/9000000000070/places -> {"previousPageCursor":null,"nextPageCursor":null,"data":[{"maxPlayerCount":null,"socialSlotType":null,"customSocialSlotsCount":null,"allowCopying":null,"currentSavedVersion":1,"isAllGenresAllowed":null,"allowedGearTypes":null,"maxPlayersAllowed":0,"created":"2022-01-01T00:00:00.000Z","updated":"2022-01-01T00:00:00.000Z","id":9000000000071,"universeId":9000000000070,"name":"Speed run 4","description":"","isRootPlace":true}]}
[2026-06-16 13:21:14] << /v2/universes/9000000000034/places -> {"previousPageCursor":null,"nextPageCursor":null,"data":[{"maxPlayerCount":null,"socialSlotType":null,"customSocialSlotsCount":null,"allowCopying":null,"currentSavedVersion":1,"isAllGenresAllowed":null,"allowedGearTypes":null,"maxPlayersAllowed":0,"created":"2022-01-01T00:00:00.000Z","updated":"2022-01-01T00:00:00.000Z","id":9000000000035,"universeId":9000000000034,"name":"Assassin","description":"","isRootPlace":true}]}
[2026-06-16 13:21:14] >> GET /v2/universes/9000000000016/places?limit=50&SortOrder=Asc
[2026-06-16 13:21:14] << /v2/universes/9000000000016/places -> {"previousPageCursor":null,"nextPageCursor":null,"data":[{"maxPlayerCount":null,"socialSlotType":null,"customSocialSlotsCount":null,"allowCopying":null,"currentSavedVersion":1,"isAllGenresAllowed":null,"allowedGearTypes":null,"maxPlayersAllowed":0,"created":"2022-01-01T00:00:00.000Z","updated":"2022-01-01T00:00:00.000Z","id":9000000000017,"universeId":9000000000016,"name":"Prison Life V2.0","description":"","isRootPlace":true}]}
[2026-06-16 13:21:14] >> GET /player-hydration-service/v1/players/signed
[2026-06-16 13:21:14] 404 GET /player-hydration-service/v1/players/signed
[2026-06-16 13:21:14] << /player-hydration-service/v1/players/signed -> {"errors":[{"code":"NotFound","message":"Not found"}]}
[2026-06-16 13:21:14] >> POST /v1/batch
[2026-06-16 13:21:14] << /v1/batch -> {"data":[]}
[2026-06-16 13:21:14] FetchUrl: HTTP 403 for https://assetdelivery.roblox.com/v1/asset/?id=177624811
[2026-06-16 13:21:14] Asset 177624811: fetch failed, falling back to redirect
[2026-06-16 13:21:14] >> GET /v2/universes/9000000000020/places?limit=50&SortOrder=Asc
[2026-06-16 13:21:14] >> GET /v2/universes/9000000000002/places?limit=50&SortOrder=Asc
[2026-06-16 13:21:14] >> GET /v2/universes/9000000000026/places?limit=50&SortOrder=Asc
[2026-06-16 13:21:14] << /v2/universes/9000000000020/places -> {"previousPageCursor":null,"nextPageCursor":null,"data":[{"maxPlayerCount":null,"socialSlotType":null,"customSocialSlotsCount":null,"allowCopying":null,"currentSavedVersion":1,"isAllGenresAllowed":null,"allowedGearTypes":null,"maxPlayersAllowed":0,"created":"2022-01-01T00:00:00.000Z","updated":"2022-01-01T00:00:00.000Z","id":9000000000021,"universeId":9000000000020,"name":"Flood Escape 1.6.5","description":"","isRootPlace":true}]}
[2026-06-16 13:21:14] >> GET /v2/universes/9000000000052/places?limit=50&SortOrder=Asc
[2026-06-16 13:21:14] << /v2/universes/9000000000002/places -> {"previousPageCursor":null,"nextPageCursor":null,"data":[{"maxPlayerCount":null,"socialSlotType":null,"customSocialSlotsCount":null,"allowCopying":null,"currentSavedVersion":1,"isAllGenresAllowed":null,"allowedGearTypes":null,"maxPlayersAllowed":0,"created":"2022-01-01T00:00:00.000Z","updated":"2022-01-01T00:00:00.000Z","id":9000000000003,"universeId":9000000000002,"name":"Theme park tycoon 2","description":"","isRootPlace":true}]}
[2026-06-16 13:21:14] >> GET /v2/universes/9000000000022/places?limit=50&SortOrder=Asc
[2026-06-16 13:21:14] << /v2/universes/9000000000026/places -> {"previousPageCursor":null,"nextPageCursor":null,"data":[{"maxPlayerCount":null,"socialSlotType":null,"customSocialSlotsCount":null,"allowCopying":null,"currentSavedVersion":1,"isAllGenresAllowed":null,"allowedGearTypes":null,"maxPlayersAllowed":0,"created":"2022-01-01T00:00:00.000Z","updated":"2022-01-01T00:00:00.000Z","id":9000000000027,"universeId":9000000000026,"name":"Jailbreak","description":"","isRootPlace":true}]}
[2026-06-16 13:21:14] << /v2/universes/9000000000052/places -> {"previousPageCursor":null,"nextPageCursor":null,"data":[{"maxPlayerCount":null,"socialSlotType":null,"customSocialSlotsCount":null,"allowCopying":null,"currentSavedVersion":1,"isAllGenresAllowed":null,"allowedGearTypes":null,"maxPlayersAllowed":0,"created":"2022-01-01T00:00:00.000Z","updated":"2022-01-01T00:00:00.000Z","id":9000000000053,"universeId":9000000000052,"name":"Whatever Floats Your Boat","description":"","isRootPlace":true}]}
[2026-06-16 13:21:14] << /v2/universes/9000000000022/places -> {"previousPageCursor":null,"nextPageCursor":null,"data":[{"maxPlayerCount":null,"socialSlotType":null,"customSocialSlotsCount":null,"allowCopying":null,"currentSavedVersion":1,"isAllGenresAllowed":null,"allowedGearTypes":null,"maxPlayersAllowed":0,"created":"2022-01-01T00:00:00.000Z","updated":"2022-01-01T00:00:00.000Z","id":9000000000023,"universeId":9000000000022,"name":"Robot 64","description":"","isRootPlace":true}]}
[2026-06-16 13:21:14] >> GET /v2/universes/9000000000088/places?limit=50&SortOrder=Asc
[2026-06-16 13:21:14] << /v2/universes/9000000000088/places -> {"previousPageCursor":null,"nextPageCursor":null,"data":[{"maxPlayerCount":null,"socialSlotType":null,"customSocialSlotsCount":null,"allowCopying":null,"currentSavedVersion":1,"isAllGenresAllowed":null,"allowedGearTypes":null,"maxPlayersAllowed":0,"created":"2022-01-01T00:00:00.000Z","updated":"2022-01-01T00:00:00.000Z","id":9000000000089,"universeId":9000000000088,"name":"Muffin Kombat","description":"","isRootPlace":true}]}
[2026-06-16 13:21:14] >> GET /v2/universes/9000000000050/places?limit=50&SortOrder=Asc
[2026-06-16 13:21:14] >> GET /v2/universes/9000000000062/places?limit=50&SortOrder=Asc
[2026-06-16 13:21:14] >> GET /v2/universes/9000000000044/places?limit=50&SortOrder=Asc
[2026-06-16 13:21:14] >> GET /v2/universes/9000000000060/places?limit=50&SortOrder=Asc
[2026-06-16 13:21:14] << /v2/universes/9000000000050/places -> {"previousPageCursor":null,"nextPageCursor":null,"data":[{"maxPlayerCount":null,"socialSlotType":null,"customSocialSlotsCount":null,"allowCopying":null,"currentSavedVersion":1,"isAllGenresAllowed":null,"allowedGearTypes":null,"maxPlayersAllowed":0,"created":"2022-01-01T00:00:00.000Z","updated":"2022-01-01T00:00:00.000Z","id":9000000000051,"universeId":9000000000050,"name":"Polyguns","description":"","isRootPlace":true}]}
[2026-06-16 13:21:14] >> GET /v1/universes/multiget?ids=9000000000046&ids=9000000000098&ids=9000000000048&ids=9000000000068&ids=9000000000016&ids=9000000000088&ids=9000000000064&ids=9000000000092&ids=9000000000096&ids=9000000000080&ids=9000000000018&ids=9000000000040&ids=9000000000030&ids=9000000000070&ids=9000000000034&ids=9000000000020&ids=9000000000002&ids=9000000000026&ids=9000000000052&ids=9000000000022&ids=9000000000050&ids=9000000000062&ids=9000000000044&ids=9000000000060&
[2026-06-16 13:21:14] >> GET /userhub/?id=
[2026-06-16 13:21:14] << /v2/universes/9000000000062/places -> {"previousPageCursor":null,"nextPageCursor":null,"data":[{"maxPlayerCount":null,"socialSlotType":null,"customSocialSlotsCount":null,"allowCopying":null,"currentSavedVersion":1,"isAllGenresAllowed":null,"allowedGearTypes":null,"maxPlayersAllowed":0,"created":"2022-01-01T00:00:00.000Z","updated":"2022-01-01T00:00:00.000Z","id":9000000000063,"universeId":9000000000062,"name":"Build a boat for treasure","description":"","isRootPlace":true}]}
[2026-06-16 13:21:14] << /v2/universes/9000000000044/places -> {"previousPageCursor":null,"nextPageCursor":null,"data":[{"maxPlayerCount":null,"socialSlotType":null,"customSocialSlotsCount":null,"allowCopying":null,"currentSavedVersion":1,"isAllGenresAllowed":null,"allowedGearTypes":null,"maxPlayersAllowed":0,"created":"2022-01-01T00:00:00.000Z","updated":"2022-01-01T00:00:00.000Z","id":9000000000045,"universeId":9000000000044,"name":"Miners Haven","description":"","isRootPlace":true}]}
[2026-06-16 13:21:14] << /v2/universes/9000000000060/places -> {"previousPageCursor":null,"nextPageCursor":null,"data":[{"maxPlayerCount":null,"socialSlotType":null,"customSocialSlotsCount":null,"allowCopying":null,"currentSavedVersion":1,"isAllGenresAllowed":null,"allowedGearTypes":null,"maxPlayersAllowed":0,"created":"2022-01-01T00:00:00.000Z","updated":"2022-01-01T00:00:00.000Z","id":9000000000061,"universeId":9000000000060,"name":"SPTS","description":"","isRootPlace":true}]}
[2026-06-16 13:21:14] >> POST /user-heartbeats-api/action-report
[2026-06-16 13:21:14] >> POST /private-users-service/v1beta1/getOrCreatePrivateUserId
[2026-06-16 13:21:14] >> GET /v2/universes/9000000000064/places?limit=50&SortOrder=Asc
[2026-06-16 13:21:14] 404 GET /userhub/
[2026-06-16 13:21:14] << /user-heartbeats-api/action-report -> {"accounts": [{"username": "HearMeRoar","robloxCookie": "","pulseInterval": 30000,"enableLogging": true}],"globalConfig": {"retryAttempts": 3,"retryDelay": 5000}}
[2026-06-16 13:21:14] << /private-users-service/v1beta1/getOrCreatePrivateUserId -> {"privateUserId":1500014463315,"userIdMode":"USER_ID_MODE_GLOBAL","created":true}
[2026-06-16 13:21:14] << /v2/universes/9000000000064/places -> {"previousPageCursor":null,"nextPageCursor":null,"data":[{"maxPlayerCount":null,"socialSlotType":null,"customSocialSlotsCount":null,"allowCopying":null,"currentSavedVersion":1,"isAllGenresAllowed":null,"allowedGearTypes":null,"maxPlayersAllowed":0,"created":"2022-01-01T00:00:00.000Z","updated":"2022-01-01T00:00:00.000Z","id":9000000000065,"universeId":9000000000064,"name":"New MM2","description":"","isRootPlace":true}]}
[2026-06-16 13:21:14] << /userhub/ -> {"errors":[{"code":"NotFound","message":"Not found"}]}
[2026-06-16 13:21:14] >> GET /v2/universes/28220420/places?limit=50&SortOrder=Asc
[2026-06-16 13:21:14] >> GET //v1/games/icons?universeIds=28220420&returnPolicy=Placeholder&format=png&size=256x256
[2026-06-16 13:21:14] << /v2/universes/28220420/places -> {"previousPageCursor":null,"nextPageCursor":null,"data":[{"maxPlayerCount":null,"socialSlotType":null,"customSocialSlotsCount":null,"allowCopying":null,"currentSavedVersion":1,"isAllGenresAllowed":null,"allowedGearTypes":null,"maxPlayersAllowed":0,"created":"2022-01-01T00:00:00.000Z","updated":"2022-01-01T00:00:00.000Z","id":9991912465,"universeId":9991912465,"name":"Baseplate","description":"","isRootPlace":true}]}
[2026-06-16 13:21:14] << //v1/games/icons -> {"data":[{"targetId":28220420,"state":"Completed","imageUrl":"http://localhost/Thumbs/gameicon.ashx?id=28220420","version":"TN3"}]}
[2026-06-16 13:21:14] >> GET /v2/universes/9000000000020/configuration
[2026-06-16 13:21:14] >> POST /v1/autolocalization/games/9000000000020/autolocalizationtable
[2026-06-16 13:21:14] >> GET /v1/settings/universe/9000000000020?placeId=9000000000021
[2026-06-16 13:21:14] << /v2/universes/9000000000020/configuration -> {"allowPrivateServers":true,"privateServerPrice":null,"id":9000000000020,"name":"Flood Escape 1.6.5","universeAvatarType":"MorphToR6","universeScaleType":"AllScales","universeAnimationType":"PlayerChoice","universeCollisionType":"OuterBox","universeBodyType":"Standard","universeJointPositioningType":"ArtistIntent","universeAvatarAssetOverrides":[],"universeAvatarMinScales":{"height":0.9,"width":0.7,"head":0.95,"proportion":0,"bodyType":0},"universeAvatarMaxScales":{"height":1.05,"width":1,"head":1,"proportion":1,"bodyType":1},"isArchived":false,"isFriendsOnly":false,"genre":"All","playableDevices":["Computer","Phone","Tablet"],"isForSale":false,"price":0,"isStudioAccessToApisAllowed":true,"privacyType":"Public"}
[2026-06-16 13:21:14] >> GET /recipe?maxTargets=15
[2026-06-16 13:21:14] << /v1/autolocalization/games/9000000000020/autolocalizationtable -> {"tableId":"","locale":"en_us","entries":[]}
[2026-06-16 13:21:14] << /v1/settings/universe/9000000000020 -> {"isVoiceEnabled":true,"isUserOptIn":true,"isUserEligible":true,"isBanned":false,"banReason":0,"bannedUntil":null,"canVerifyAgeForVoice":true,"isVerifiedForVoice":true,"denialReason":0,"isOptInDisabled":false,"hasEverOpted":true,"isAvatarVideoEnabled":true,"isAvatarVideoOptIn":true,"isAvatarVideoOptInDisabled":false,"isAvatarVideoEligible":true,"hasEverOptedAvatarVideo":true,"userHasAvatarCameraAlwaysAvailable":true,"canVerifyPhoneForVoice":true,"seamlessVoiceStatus":1,"allowVoiceDataUsage":true,"seamlessVoiceVariant":""}
[2026-06-16 13:21:14] 404 GET /recipe
[2026-06-16 13:21:14] >> GET /v1/universes/multiget?ids=9000000000046&ids=9000000000098&ids=9000000000048&ids=9000000000068&ids=9000000000016&ids=9000000000088&ids=9000000000064&ids=9000000000092&ids=9000000000096&ids=9000000000080&ids=9000000000018&ids=9000000000040&ids=9000000000030&ids=9000000000070&ids=9000000000034&ids=9000000000020&ids=9000000000002&ids=9000000000026&ids=9000000000052&ids=9000000000022&ids=9000000000050&ids=9000000000062&ids=9000000000044&ids=9000000000060
[2026-06-16 13:21:14] << /recipe -> {"errors":[{"code":"NotFound","message":"Not found"}]}
[2026-06-16 13:21:14] >> POST /studio/pbe
[2026-06-16 13:21:14] >> GET /v2/universes/9000000000092/places?limit=50&SortOrder=Asc
[2026-06-16 13:21:14] << /studio/pbe -> {}
[2026-06-16 13:21:14] << /v2/universes/9000000000092/places -> {"previousPageCursor":null,"nextPageCursor":null,"data":[{"maxPlayerCount":null,"socialSlotType":null,"customSocialSlotsCount":null,"allowCopying":null,"currentSavedVersion":1,"isAllGenresAllowed":null,"allowedGearTypes":null,"maxPlayersAllowed":0,"created":"2022-01-01T00:00:00.000Z","updated":"2022-01-01T00:00:00.000Z","id":9000000000093,"universeId":9000000000092,"name":"Meepcity","description":"","isRootPlace":true}]}
[2026-06-16 13:21:14] >> GET /v2/assets/9000000000021/details
[2026-06-16 13:21:14] >> POST /v1.0/SequenceStatistics/BatchAddToSequencesV2?apiKey=76E5A40C-3AE1-4028-9F10-7C62520BD94F
[2026-06-16 13:21:14] << /v2/assets/9000000000021/details -> {"TargetId":9000000000021,"AssetId":9000000000021,"ProductId":9000000000021,"assetId":9000000000021,"id":9000000000021,"Id":9000000000021,"TargetPlaceId":9000000000021,"PlaceId":9000000000021,"ProductType":"User Product","Name":"Flood Escape 1.6.5","Description":"","AssetTypeId":9,"assetTypeId":9,"Creator":{"Id":14463315,"Name":"HearMeRoar","CreatorType":"User","CreatorTargetId":14463315,"HasVerifiedBadge":false,"id":14463315,"type":1,"creatorType":"User","creatorTargetId":14463315},"IconImageAssetId":0,"Created":"2022-05-11T13:27:09.897Z","Updated":"2022-06-19T07:23:39.03Z","created":"2022-05-11T13:27:09.897Z","updated":"2022-06-19T07:23:39.03Z","PriceInRobux":null,"Sales":0,"IsNew":false,"IsForSale":false,"IsPublicDomain":true,"IsLimited":false,"IsLimitedUnique":false,"isPublic":true,"isForSale":false,"isLimited":false,"isLimitedUnique":false,"enableComments":false}
[2026-06-16 13:21:14] << /v1.0/SequenceStatistics/BatchAddToSequencesV2 -> {}
[2026-06-16 13:21:14] >> POST /v1.1/Counters/BatchIncrement?apiKey=76E5A40C-3AE1-4028-9F10-7C62520BD94F
[2026-06-16 13:21:14] >> GET /v1/persistence/sorted/list?scope=global&key=Highscore2015&pageSize=10&direction=dsc
[2026-06-16 13:21:14] << /v1.1/Counters/BatchIncrement -> {}
[2026-06-16 13:21:14] DS-v1: M=GET type=sorted rest=/list ds=Highscore2015 scope=global target= usnParam=no bodylen=0 body=[]
[2026-06-16 13:21:14] >> GET //v1/games/icons?universeIds=9000000000046,9000000000098,9000000000048,9000000000068,9000000000016,9000000000088,9000000000064,9000000000092,9000000000096,9000000000080,9000000000018,9000000000040,9000000000030,9000000000070,9000000000034,9000000000020,9000000000002,9000000000026,9000000000052,9000000000022,9000000000050,9000000000062,9000000000044,9000000000060&returnPolicy=Autogenerated&format=png&size=256x256
[2026-06-16 13:21:14] << /v1/persistence/sorted/list -> {"entries":[{"target":"14463315","value":1,"usn":"1"}],"lastEvaluatedKey":null}
[2026-06-16 13:21:14] << //v1/games/icons -> {"data":[{"targetId":9000000000046,"state":"Completed","imageUrl":"http://localhost/Thumbs/gameicon.ashx?id=9000000000046","version":"TN3"},{"targetId":9000000000098,"state":"Completed","imageUrl":"http://localhost/Thumbs/gameicon.ashx?id=9000000000098","version":"TN3"},{"targetId":9000000000048,"state":"Completed","imageUrl":"http://localhost/Thumbs/gameicon.ashx?id=9000000000048","version":"TN3"},{"targetId":9000000000068,"state":"Completed","imageUrl":"http://localhost/Thumbs/gameicon.ashx?id=9000000000068","version":"TN3"},{"targetId":9000000000016,"state":"Completed","imageUrl":"http://localhost/Thumbs/gameicon.ashx?id=9000000000016","version":"TN3"},{"targetId":9000000000088,"state":"Completed","imageUrl":"http://localhost/Thumbs/gameicon.ashx?id=9000000000088","version":"TN3"},{"targetId":9000000000064,"state":"Completed","imageUrl":"http://localhost/Thumbs/gameicon.ashx?id=9000000000064","version":"TN3"},{"targetId":9000000000092,"state":"Completed","imageUrl":"http://localhost
[2026-06-16 13:21:14] >> POST /experience-guidelines-service/v1beta1/multi-age-recommendation
[2026-06-16 13:21:14] >> GET /v2/universes/9000000000096/places?limit=50&SortOrder=Asc
[2026-06-16 13:21:14] >> POST /v1/batch
[2026-06-16 13:21:15] << /v2/universes/9000000000096/places -> {"previousPageCursor":null,"nextPageCursor":null,"data":[{"maxPlayerCount":null,"socialSlotType":null,"customSocialSlotsCount":null,"allowCopying":null,"currentSavedVersion":1,"isAllGenresAllowed":null,"allowedGearTypes":null,"maxPlayersAllowed":0,"created":"2022-01-01T00:00:00.000Z","updated":"2022-01-01T00:00:00.000Z","id":9000000000097,"universeId":9000000000096,"name":"Tower of hell","description":"","isRootPlace":true}]}
[2026-06-16 13:21:15] << /v1/batch -> {"data":[]}
[2026-06-16 13:21:15] >> POST /core-content/v1/universe-eligibility/batch
[2026-06-16 13:21:15] << /core-content/v1/universe-eligibility/batch -> {"eligibilityByCreator":[{"userId":"14463315","userIsEligible":true,"displayText":"Eligible","ineligibilityReason":"INELIGIBILITY_REASON_NONE"}]}
[2026-06-16 13:21:15] >> POST /experience-releases/v1beta1/experience_releases_api/multi_release_statuses
[2026-06-16 13:21:15] << /experience-releases/v1beta1/experience_releases_api/multi_release_statuses -> {"eligibilityByCreator":[{"userId":"14463315","userIsEligible":true,"displayText":"Eligible","ineligibilityReason":"INELIGIBILITY_REASON_NONE"}]}
[2026-06-16 13:21:15] >> GET /teamcreate/v1/MultiGetUniversesActiveSessionMembers?maxUsers=10&ids=9000000000046&ids=9000000000098&ids=9000000000048&ids=9000000000068&ids=9000000000016&ids=9000000000088&ids=9000000000064&ids=9000000000092&ids=9000000000096&ids=9000000000080&ids=9000000000018&ids=9000000000040&ids=9000000000030&ids=9000000000070&ids=9000000000034&ids=9000000000020&ids=9000000000002&ids=9000000000026&ids=9000000000052&ids=9000000000022&ids=9000000000050&ids=9000000000062&ids=9000000000044&ids=9000000000060
[2026-06-16 13:21:15] >> GET /v1/universes/multiget/teamcreate?ids=9000000000046&ids=9000000000098&ids=9000000000048&ids=9000000000068&ids=9000000000016&ids=9000000000088&ids=9000000000064&ids=9000000000092&ids=9000000000096&ids=9000000000080&ids=9000000000018&ids=9000000000040&ids=9000000000030&ids=9000000000070&ids=9000000000034&ids=9000000000020&ids=9000000000002&ids=9000000000026&ids=9000000000052&ids=9000000000022&ids=9000000000050&ids=9000000000062&ids=9000000000044&ids=9000000000060&
[2026-06-16 13:21:15] >> GET /content-safety/v1/places/9000000000047/safety-status
[2026-06-16 13:21:15] TeamCreate stub (disabled): GET /teamcreate/v1/MultiGetUniversesActiveSessionMembers
[2026-06-16 13:21:15] TeamCreate stub (disabled): GET /v1/universes/multiget/teamcreate
[2026-06-16 13:21:15] >> GET /content-safety/v1/places/9000000000099/safety-status
[2026-06-16 13:21:15] << /content-safety/v1/places/9000000000047/safety-status -> {"isSequestered":false,"moderationStatus":"Approved"}
[2026-06-16 13:21:15] >> GET /content-safety/v1/places/9000000000049/safety-status
[2026-06-16 13:21:15] << /teamcreate/v1/MultiGetUniversesActiveSessionMembers -> {"data":[{"id":9000000000046,"isEnabled":false},{"id":9000000000098,"isEnabled":false},{"id":9000000000048,"isEnabled":false},{"id":9000000000068,"isEnabled":false},{"id":9000000000016,"isEnabled":false},{"id":9000000000088,"isEnabled":false},{"id":9000000000064,"isEnabled":false},{"id":9000000000092,"isEnabled":false},{"id":9000000000096,"isEnabled":false},{"id":9000000000080,"isEnabled":false},{"id":9000000000018,"isEnabled":false},{"id":9000000000040,"isEnabled":false},{"id":9000000000030,"isEnabled":false},{"id":9000000000070,"isEnabled":false},{"id":9000000000034,"isEnabled":false},{"id":9000000000020,"isEnabled":false},{"id":9000000000002,"isEnabled":false},{"id":9000000000026,"isEnabled":false},{"id":9000000000052,"isEnabled":false},{"id":9000000000022,"isEnabled":false},{"id":9000000000050,"isEnabled":false},{"id":9000000000062,"isEnabled":false},{"id":9000000000044,"isEnabled":false},{"id":9000000000060,"isEnabled":false}]}
[2026-06-16 13:21:15] << /v1/universes/multiget/teamcreate -> {"data":[{"id":9000000000046,"isEnabled":false},{"id":9000000000098,"isEnabled":false},{"id":9000000000048,"isEnabled":false},{"id":9000000000068,"isEnabled":false},{"id":9000000000016,"isEnabled":false},{"id":9000000000088,"isEnabled":false},{"id":9000000000064,"isEnabled":false},{"id":9000000000092,"isEnabled":false},{"id":9000000000096,"isEnabled":false},{"id":9000000000080,"isEnabled":false},{"id":9000000000018,"isEnabled":false},{"id":9000000000040,"isEnabled":false},{"id":9000000000030,"isEnabled":false},{"id":9000000000070,"isEnabled":false},{"id":9000000000034,"isEnabled":false},{"id":9000000000020,"isEnabled":false},{"id":9000000000002,"isEnabled":false},{"id":9000000000026,"isEnabled":false},{"id":9000000000052,"isEnabled":false},{"id":9000000000022,"isEnabled":false},{"id":9000000000050,"isEnabled":false},{"id":9000000000062,"isEnabled":false},{"id":9000000000044,"isEnabled":false},{"id":9000000000060,"isEnabled":false}]}
[2026-06-16 13:21:15] << /content-safety/v1/places/9000000000099/safety-status -> {"isSequestered":false,"moderationStatus":"Approved"}
[2026-06-16 13:21:15] << /content-safety/v1/places/9000000000049/safety-status -> {"isSequestered":false,"moderationStatus":"Approved"}
[2026-06-16 13:21:15] >> GET /v2/universes/9000000000080/places?limit=50&SortOrder=Asc
[2026-06-16 13:21:15] << /v2/universes/9000000000080/places -> {"previousPageCursor":null,"nextPageCursor":null,"data":[{"maxPlayerCount":null,"socialSlotType":null,"customSocialSlotsCount":null,"allowCopying":null,"currentSavedVersion":1,"isAllGenresAllowed":null,"allowedGearTypes":null,"maxPlayersAllowed":0,"created":"2022-01-01T00:00:00.000Z","updated":"2022-01-01T00:00:00.000Z","id":9000000000081,"universeId":9000000000080,"name":"Work at a pizza place","description":"","isRootPlace":true}]}
[2026-06-16 13:21:15] >> GET /content-safety/v1/places/9000000000069/safety-status
[2026-06-16 13:21:15] >> GET /content-safety/v1/places/9000000000017/safety-status
[2026-06-16 13:21:15] << /content-safety/v1/places/9000000000069/safety-status -> {"isSequestered":false,"moderationStatus":"Approved"}
[2026-06-16 13:21:15] << /content-safety/v1/places/9000000000017/safety-status -> {"isSequestered":false,"moderationStatus":"Approved"}
[2026-06-16 13:21:15] >> GET /content-safety/v1/places/9000000000089/safety-status
[2026-06-16 13:21:15] >> GET /content-safety/v1/places/9000000000065/safety-status
[2026-06-16 13:21:15] << /content-safety/v1/places/9000000000089/safety-status -> {"isSequestered":false,"moderationStatus":"Approved"}
[2026-06-16 13:21:15] << /content-safety/v1/places/9000000000065/safety-status -> {"isSequestered":false,"moderationStatus":"Approved"}
[2026-06-16 13:21:15] >> GET /content-safety/v1/places/9000000000093/safety-status
[2026-06-16 13:21:15] >> GET /content-safety/v1/places/9000000000097/safety-status
[2026-06-16 13:21:15] >> GET /content-safety/v1/places/9000000000081/safety-status
[2026-06-16 13:21:15] << /content-safety/v1/places/9000000000093/safety-status -> {"isSequestered":false,"moderationStatus":"Approved"}
[2026-06-16 13:21:15] << /content-safety/v1/places/9000000000097/safety-status -> {"isSequestered":false,"moderationStatus":"Approved"}
[2026-06-16 13:21:15] << /content-safety/v1/places/9000000000081/safety-status -> {"isSequestered":false,"moderationStatus":"Approved"}
[2026-06-16 13:21:15] >> GET /v2/universes/9000000000018/places?limit=50&SortOrder=Asc
[2026-06-16 13:21:15] << /v2/universes/9000000000018/places -> {"previousPageCursor":null,"nextPageCursor":null,"data":[{"maxPlayerCount":null,"socialSlotType":null,"customSocialSlotsCount":null,"allowCopying":null,"currentSavedVersion":1,"isAllGenresAllowed":null,"allowedGearTypes":null,"maxPlayersAllowed":0,"created":"2022-01-01T00:00:00.000Z","updated":"2022-01-01T00:00:00.000Z","id":9000000000019,"universeId":9000000000018,"name":"Natural Disaster Survival","description":"","isRootPlace":true}]}
[2026-06-16 13:21:15] >> GET /content-safety/v1/places/9000000000019/safety-status
[2026-06-16 13:21:15] >> GET /content-safety/v1/places/9000000000041/safety-status
[2026-06-16 13:21:15] << /content-safety/v1/places/9000000000019/safety-status -> {"isSequestered":false,"moderationStatus":"Approved"}
[2026-06-16 13:21:15] << /content-safety/v1/places/9000000000041/safety-status -> {"isSequestered":false,"moderationStatus":"Approved"}
[2026-06-16 13:21:15] >> GET /content-safety/v1/places/9000000000031/safety-status
[2026-06-16 13:21:15] >> GET /content-safety/v1/places/9000000000071/safety-status
[2026-06-16 13:21:15] << /content-safety/v1/places/9000000000031/safety-status -> {"isSequestered":false,"moderationStatus":"Approved"}
[2026-06-16 13:21:15] >> GET /content-safety/v1/places/9000000000035/safety-status
[2026-06-16 13:21:15] << /content-safety/v1/places/9000000000071/safety-status -> {"isSequestered":false,"moderationStatus":"Approved"}
[2026-06-16 13:21:15] << /content-safety/v1/places/9000000000035/safety-status -> {"isSequestered":false,"moderationStatus":"Approved"}
[2026-06-16 13:21:15] >> GET /content-safety/v1/places/9000000000021/safety-status
[2026-06-16 13:21:15] >> GET /content-safety/v1/places/9000000000003/safety-status
[2026-06-16 13:21:15] << /content-safety/v1/places/9000000000021/safety-status -> {"isSequestered":false,"moderationStatus":"Approved"}
[2026-06-16 13:21:15] << /content-safety/v1/places/9000000000003/safety-status -> {"isSequestered":false,"moderationStatus":"Approved"}
[2026-06-16 13:21:15] >> GET /v2/universes/9000000000040/places?limit=50&SortOrder=Asc
[2026-06-16 13:21:15] << /v2/universes/9000000000040/places -> {"previousPageCursor":null,"nextPageCursor":null,"data":[{"maxPlayerCount":null,"socialSlotType":null,"customSocialSlotsCount":null,"allowCopying":null,"currentSavedVersion":1,"isAllGenresAllowed":null,"allowedGearTypes":null,"maxPlayersAllowed":0,"created":"2022-01-01T00:00:00.000Z","updated":"2022-01-01T00:00:00.000Z","id":9000000000041,"universeId":9000000000040,"name":"Epic Minigames","description":"","isRootPlace":true}]}
[2026-06-16 13:21:15] >> GET /content-safety/v1/places/9000000000027/safety-status
[2026-06-16 13:21:15] >> GET /content-safety/v1/places/9000000000053/safety-status
[2026-06-16 13:21:15] << /content-safety/v1/places/9000000000027/safety-status -> {"isSequestered":false,"moderationStatus":"Approved"}
[2026-06-16 13:21:15] << /content-safety/v1/places/9000000000053/safety-status -> {"isSequestered":false,"moderationStatus":"Approved"}
[2026-06-16 13:21:15] >> GET /content-safety/v1/places/9000000000023/safety-status
[2026-06-16 13:21:15] >> GET /content-safety/v1/places/9000000000051/safety-status
[2026-06-16 13:21:15] << /content-safety/v1/places/9000000000023/safety-status -> {"isSequestered":false,"moderationStatus":"Approved"}
[2026-06-16 13:21:15] >> GET /content-safety/v1/places/9000000000063/safety-status
[2026-06-16 13:21:15] << /content-safety/v1/places/9000000000051/safety-status -> {"isSequestered":false,"moderationStatus":"Approved"}
[2026-06-16 13:21:15] >> GET /content-safety/v1/places/9000000000045/safety-status
[2026-06-16 13:21:15] << /content-safety/v1/places/9000000000063/safety-status -> {"isSequestered":false,"moderationStatus":"Approved"}
[2026-06-16 13:21:15] >> GET /content-safety/v1/places/9000000000061/safety-status
[2026-06-16 13:21:15] << /content-safety/v1/places/9000000000045/safety-status -> {"isSequestered":false,"moderationStatus":"Approved"}
[2026-06-16 13:21:15] >> GET /v1/universes/multiget/teamcreate?ids=9000000000046&ids=9000000000098&ids=9000000000048&ids=9000000000068&ids=9000000000016&ids=9000000000088&ids=9000000000064&ids=9000000000092&ids=9000000000096&ids=9000000000080&ids=9000000000018&ids=9000000000040&ids=9000000000030&ids=9000000000070&ids=9000000000034&ids=9000000000020&ids=9000000000002&ids=9000000000026&ids=9000000000052&ids=9000000000022&ids=9000000000050&ids=9000000000062&ids=9000000000044&ids=9000000000060
[2026-06-16 13:21:15] << /content-safety/v1/places/9000000000061/safety-status -> {"isSequestered":false,"moderationStatus":"Approved"}
[2026-06-16 13:21:15] >> GET /v2/universes/9000000000030/places?limit=50&SortOrder=Asc
[2026-06-16 13:21:15] TeamCreate stub (disabled): GET /v1/universes/multiget/teamcreate
[2026-06-16 13:21:15] << /v2/universes/9000000000030/places -> {"previousPageCursor":null,"nextPageCursor":null,"data":[{"maxPlayerCount":null,"socialSlotType":null,"customSocialSlotsCount":null,"allowCopying":null,"currentSavedVersion":1,"isAllGenresAllowed":null,"allowedGearTypes":null,"maxPlayersAllowed":0,"created":"2022-01-01T00:00:00.000Z","updated":"2022-01-01T00:00:00.000Z","id":9000000000031,"universeId":9000000000030,"name":"Twisted Murderer","description":"","isRootPlace":true}]}
[2026-06-16 13:21:15] << /v1/universes/multiget/teamcreate -> {"data":[{"id":9000000000046,"isEnabled":false},{"id":9000000000098,"isEnabled":false},{"id":9000000000048,"isEnabled":false},{"id":9000000000068,"isEnabled":false},{"id":9000000000016,"isEnabled":false},{"id":9000000000088,"isEnabled":false},{"id":9000000000064,"isEnabled":false},{"id":9000000000092,"isEnabled":false},{"id":9000000000096,"isEnabled":false},{"id":9000000000080,"isEnabled":false},{"id":9000000000018,"isEnabled":false},{"id":9000000000040,"isEnabled":false},{"id":9000000000030,"isEnabled":false},{"id":9000000000070,"isEnabled":false},{"id":9000000000034,"isEnabled":false},{"id":9000000000020,"isEnabled":false},{"id":9000000000002,"isEnabled":false},{"id":9000000000026,"isEnabled":false},{"id":9000000000052,"isEnabled":false},{"id":9000000000022,"isEnabled":false},{"id":9000000000050,"isEnabled":false},{"id":9000000000062,"isEnabled":false},{"id":9000000000044,"isEnabled":false},{"id":9000000000060,"isEnabled":false}]}
[2026-06-16 13:21:16] >> GET /Thumbs/gameicon.ashx?id=28220420
[2026-06-16 13:21:16] >> GET /v1/persistence/sorted/list?scope=global&key=SingleplayerEndless&pageSize=10&direction=dsc
[2026-06-16 13:21:16] DS-v1: M=GET type=sorted rest=/list ds=SingleplayerEndless scope=global target= usnParam=no bodylen=0 body=[]
[2026-06-16 13:21:16] << /v1/persistence/sorted/list -> {"entries":[],"lastEvaluatedKey":null}
[2026-06-16 13:21:16] >> GET /Thumbs/gameicon.ashx?id=9000000000046
[2026-06-16 13:21:16] >> GET /Thumbs/gameicon.ashx?id=9000000000098
[2026-06-16 13:21:16] >> GET /Thumbs/gameicon.ashx?id=9000000000048
[2026-06-16 13:21:16] >> GET /Thumbs/gameicon.ashx?id=9000000000068
[2026-06-16 13:21:16] >> GET /v2/universes/9000000000070/places?limit=50&SortOrder=Asc
[2026-06-16 13:21:16] << /v2/universes/9000000000070/places -> {"previousPageCursor":null,"nextPageCursor":null,"data":[{"maxPlayerCount":null,"socialSlotType":null,"customSocialSlotsCount":null,"allowCopying":null,"currentSavedVersion":1,"isAllGenresAllowed":null,"allowedGearTypes":null,"maxPlayersAllowed":0,"created":"2022-01-01T00:00:00.000Z","updated":"2022-01-01T00:00:00.000Z","id":9000000000071,"universeId":9000000000070,"name":"Speed run 4","description":"","isRootPlace":true}]}
[2026-06-16 13:21:16] >> GET /Thumbs/gameicon.ashx?id=9000000000016
[2026-06-16 13:21:16] >> GET /Thumbs/gameicon.ashx?id=9000000000088
[2026-06-16 13:21:16] >> GET /Thumbs/gameicon.ashx?id=9000000000064
[2026-06-16 13:21:16] >> GET /Thumbs/gameicon.ashx?id=9000000000092
[2026-06-16 13:21:16] >> GET /Thumbs/gameicon.ashx?id=9000000000096
[2026-06-16 13:21:16] >> GET /v2/universes/9000000000034/places?limit=50&SortOrder=Asc
[2026-06-16 13:21:16] << /v2/universes/9000000000034/places -> {"previousPageCursor":null,"nextPageCursor":null,"data":[{"maxPlayerCount":null,"socialSlotType":null,"customSocialSlotsCount":null,"allowCopying":null,"currentSavedVersion":1,"isAllGenresAllowed":null,"allowedGearTypes":null,"maxPlayersAllowed":0,"created":"2022-01-01T00:00:00.000Z","updated":"2022-01-01T00:00:00.000Z","id":9000000000035,"universeId":9000000000034,"name":"Assassin","description":"","isRootPlace":true}]}
[2026-06-16 13:21:16] >> GET /Thumbs/gameicon.ashx?id=9000000000080
[2026-06-16 13:21:16] >> GET /Thumbs/gameicon.ashx?id=9000000000018
[2026-06-16 13:21:16] >> GET /Thumbs/gameicon.ashx?id=9000000000040
[2026-06-16 13:21:16] >> GET /Thumbs/gameicon.ashx?id=9000000000030
[2026-06-16 13:21:16] >> GET /asset/?hash=9648afba5d3d7f66550213469e074213&contentRepresentationPriorityList=W3siZm9ybWF0IjoiT3JpZ2luYWwiLCJtYWpvclZlcnNpb24iOiJPcmlnaW5hbCIsImZpZGVsaXR5IjoiT3JpZ2luYWwifV0%3D
[2026-06-16 13:21:16] >> GET /Thumbs/gameicon.ashx?id=9000000000070
[2026-06-16 13:21:16] >> GET /Thumbs/gameicon.ashx?id=9000000000034
[2026-06-16 13:21:16] >> GET /v2/universes/9000000000020/places?limit=50&SortOrder=Asc
[2026-06-16 13:21:16] << /v2/universes/9000000000020/places -> {"previousPageCursor":null,"nextPageCursor":null,"data":[{"maxPlayerCount":null,"socialSlotType":null,"customSocialSlotsCount":null,"allowCopying":null,"currentSavedVersion":1,"isAllGenresAllowed":null,"allowedGearTypes":null,"maxPlayersAllowed":0,"created":"2022-01-01T00:00:00.000Z","updated":"2022-01-01T00:00:00.000Z","id":9000000000021,"universeId":9000000000020,"name":"Flood Escape 1.6.5","description":"","isRootPlace":true}]}
[2026-06-16 13:21:16] >> GET /Thumbs/gameicon.ashx?id=9000000000020
[2026-06-16 13:21:16] >> GET /Thumbs/gameicon.ashx?id=9000000000002
[2026-06-16 13:21:16] >> GET /Thumbs/gameicon.ashx?id=9000000000026
[2026-06-16 13:21:16] >> GET /Thumbs/gameicon.ashx?id=9000000000052
[2026-06-16 13:21:16] >> GET /Thumbs/gameicon.ashx?id=9000000000022
[2026-06-16 13:21:16] >> GET /Thumbs/gameicon.ashx?id=9000000000050
[2026-06-16 13:21:16] >> GET /Thumbs/gameicon.ashx?id=9000000000062
[2026-06-16 13:21:16] >> GET /v2/universes/9000000000002/places?limit=50&SortOrder=Asc
[2026-06-16 13:21:16] << /v2/universes/9000000000002/places -> {"previousPageCursor":null,"nextPageCursor":null,"data":[{"maxPlayerCount":null,"socialSlotType":null,"customSocialSlotsCount":null,"allowCopying":null,"currentSavedVersion":1,"isAllGenresAllowed":null,"allowedGearTypes":null,"maxPlayersAllowed":0,"created":"2022-01-01T00:00:00.000Z","updated":"2022-01-01T00:00:00.000Z","id":9000000000003,"universeId":9000000000002,"name":"Theme park tycoon 2","description":"","isRootPlace":true}]}
[2026-06-16 13:21:16] >> GET /Thumbs/gameicon.ashx?id=9000000000044
[2026-06-16 13:21:16] >> GET /Thumbs/gameicon.ashx?id=9000000000060
[2026-06-16 13:21:16] >> GET /v2/universes/9000000000026/places?limit=50&SortOrder=Asc
[2026-06-16 13:21:17] << /v2/universes/9000000000026/places -> {"previousPageCursor":null,"nextPageCursor":null,"data":[{"maxPlayerCount":null,"socialSlotType":null,"customSocialSlotsCount":null,"allowCopying":null,"currentSavedVersion":1,"isAllGenresAllowed":null,"allowedGearTypes":null,"maxPlayersAllowed":0,"created":"2022-01-01T00:00:00.000Z","updated":"2022-01-01T00:00:00.000Z","id":9000000000027,"universeId":9000000000026,"name":"Jailbreak","description":"","isRootPlace":true}]}
[2026-06-16 13:21:17] >> GET /v2/universes/9000000000052/places?limit=50&SortOrder=Asc
[2026-06-16 13:21:17] << /v2/universes/9000000000052/places -> {"previousPageCursor":null,"nextPageCursor":null,"data":[{"maxPlayerCount":null,"socialSlotType":null,"customSocialSlotsCount":null,"allowCopying":null,"currentSavedVersion":1,"isAllGenresAllowed":null,"allowedGearTypes":null,"maxPlayersAllowed":0,"created":"2022-01-01T00:00:00.000Z","updated":"2022-01-01T00:00:00.000Z","id":9000000000053,"universeId":9000000000052,"name":"Whatever Floats Your Boat","description":"","isRootPlace":true}]}
[2026-06-16 13:21:17] >> GET /v2/universes/9000000000022/places?limit=50&SortOrder=Asc
[2026-06-16 13:21:17] << /v2/universes/9000000000022/places -> {"previousPageCursor":null,"nextPageCursor":null,"data":[{"maxPlayerCount":null,"socialSlotType":null,"customSocialSlotsCount":null,"allowCopying":null,"currentSavedVersion":1,"isAllGenresAllowed":null,"allowedGearTypes":null,"maxPlayersAllowed":0,"created":"2022-01-01T00:00:00.000Z","updated":"2022-01-01T00:00:00.000Z","id":9000000000023,"universeId":9000000000022,"name":"Robot 64","description":"","isRootPlace":true}]}
[2026-06-16 13:21:17] >> GET /v2/universes/9000000000050/places?limit=50&SortOrder=Asc
[2026-06-16 13:21:17] << /v2/universes/9000000000050/places -> {"previousPageCursor":null,"nextPageCursor":null,"data":[{"maxPlayerCount":null,"socialSlotType":null,"customSocialSlotsCount":null,"allowCopying":null,"currentSavedVersion":1,"isAllGenresAllowed":null,"allowedGearTypes":null,"maxPlayersAllowed":0,"created":"2022-01-01T00:00:00.000Z","updated":"2022-01-01T00:00:00.000Z","id":9000000000051,"universeId":9000000000050,"name":"Polyguns","description":"","isRootPlace":true}]}
[2026-06-16 13:21:17] >> GET /v2/universes/9000000000062/places?limit=50&SortOrder=Asc
[2026-06-16 13:21:17] << /v2/universes/9000000000062/places -> {"previousPageCursor":null,"nextPageCursor":null,"data":[{"maxPlayerCount":null,"socialSlotType":null,"customSocialSlotsCount":null,"allowCopying":null,"currentSavedVersion":1,"isAllGenresAllowed":null,"allowedGearTypes":null,"maxPlayersAllowed":0,"created":"2022-01-01T00:00:00.000Z","updated":"2022-01-01T00:00:00.000Z","id":9000000000063,"universeId":9000000000062,"name":"Build a boat for treasure","description":"","isRootPlace":true}]}
[2026-06-16 13:21:18] >> GET /v2/universes/9000000000044/places?limit=50&SortOrder=Asc
[2026-06-16 13:21:18] << /v2/universes/9000000000044/places -> {"previousPageCursor":null,"nextPageCursor":null,"data":[{"maxPlayerCount":null,"socialSlotType":null,"customSocialSlotsCount":null,"allowCopying":null,"currentSavedVersion":1,"isAllGenresAllowed":null,"allowedGearTypes":null,"maxPlayersAllowed":0,"created":"2022-01-01T00:00:00.000Z","updated":"2022-01-01T00:00:00.000Z","id":9000000000045,"universeId":9000000000044,"name":"Miners Haven","description":"","isRootPlace":true}]}
[2026-06-16 13:21:18] >> GET /v2/universes/9000000000060/places?limit=50&SortOrder=Asc
[2026-06-16 13:21:18] << /v2/universes/9000000000060/places -> {"previousPageCursor":null,"nextPageCursor":null,"data":[{"maxPlayerCount":null,"socialSlotType":null,"customSocialSlotsCount":null,"allowCopying":null,"currentSavedVersion":1,"isAllGenresAllowed":null,"allowedGearTypes":null,"maxPlayersAllowed":0,"created":"2022-01-01T00:00:00.000Z","updated":"2022-01-01T00:00:00.000Z","id":9000000000061,"universeId":9000000000060,"name":"SPTS","description":"","isRootPlace":true}]}
[2026-06-16 13:21:18] >> GET /v1/universes/multiget?ids=9000000000046&ids=9000000000098&ids=9000000000048&ids=9000000000068&ids=9000000000016&ids=9000000000088&ids=9000000000064&ids=9000000000092&ids=9000000000096&ids=9000000000080&ids=9000000000018&ids=9000000000040&ids=9000000000030&ids=9000000000070&ids=9000000000034&ids=9000000000020&ids=9000000000002&ids=9000000000026&ids=9000000000052&ids=9000000000022&ids=9000000000050&ids=9000000000062&ids=9000000000044&ids=9000000000060&
[2026-06-16 13:21:18] >> GET /v2/universes/28220420/places?limit=50&SortOrder=Asc
[2026-06-16 13:21:18] << /v2/universes/28220420/places -> {"previousPageCursor":null,"nextPageCursor":null,"data":[{"maxPlayerCount":null,"socialSlotType":null,"customSocialSlotsCount":null,"allowCopying":null,"currentSavedVersion":1,"isAllGenresAllowed":null,"allowedGearTypes":null,"maxPlayersAllowed":0,"created":"2022-01-01T00:00:00.000Z","updated":"2022-01-01T00:00:00.000Z","id":9991912465,"universeId":9991912465,"name":"Baseplate","description":"","isRootPlace":true}]}
[2026-06-16 13:21:18] >> GET //v1/games/icons?universeIds=28220420&returnPolicy=Placeholder&format=png&size=256x256
[2026-06-16 13:21:18] << //v1/games/icons -> {"data":[{"targetId":28220420,"state":"Completed","imageUrl":"http://localhost/Thumbs/gameicon.ashx?id=28220420","version":"TN3"}]}
[2026-06-16 13:21:18] >> POST /experience-guidelines-service/v1beta1/multi-age-recommendation
[2026-06-16 13:21:18] >> POST /core-content/v1/universe-eligibility/batch
[2026-06-16 13:21:18] >> POST /experience-releases/v1beta1/experience_releases_api/multi_release_statuses
[2026-06-16 13:21:18] << /core-content/v1/universe-eligibility/batch -> {"eligibilityByCreator":[{"userId":"14463315","userIsEligible":true,"displayText":"Eligible","ineligibilityReason":"INELIGIBILITY_REASON_NONE"}]}
[2026-06-16 13:21:18] << /experience-releases/v1beta1/experience_releases_api/multi_release_statuses -> {"eligibilityByCreator":[{"userId":"14463315","userIsEligible":true,"displayText":"Eligible","ineligibilityReason":"INELIGIBILITY_REASON_NONE"}]}
[2026-06-16 13:21:19] >> GET /content-safety/v1/places/9000000000099/safety-status
[2026-06-16 13:21:19] >> GET //v1/games/icons?universeIds=9000000000046,9000000000098,9000000000048,9000000000068,9000000000016,9000000000088,9000000000064,9000000000092,9000000000096,9000000000080,9000000000018,9000000000040,9000000000030,9000000000070,9000000000034,9000000000020,9000000000002,9000000000026,9000000000052,9000000000022,9000000000050,9000000000062,9000000000044,9000000000060&returnPolicy=Autogenerated&format=png&size=256x256
[2026-06-16 13:21:19] >> GET /teamcreate/v1/MultiGetUniversesActiveSessionMembers?maxUsers=10&ids=9000000000046&ids=9000000000098&ids=9000000000048&ids=9000000000068&ids=9000000000016&ids=9000000000088&ids=9000000000064&ids=9000000000092&ids=9000000000096&ids=9000000000080&ids=9000000000018&ids=9000000000040&ids=9000000000030&ids=9000000000070&ids=9000000000034&ids=9000000000020&ids=9000000000002&ids=9000000000026&ids=9000000000052&ids=9000000000022&ids=9000000000050&ids=9000000000062&ids=9000000000044&ids=9000000000060
[2026-06-16 13:21:19] >> GET /content-safety/v1/places/9000000000047/safety-status
[2026-06-16 13:21:19] >> GET /v1/universes/multiget/teamcreate?ids=9000000000046&ids=9000000000098&ids=9000000000048&ids=9000000000068&ids=9000000000016&ids=9000000000088&ids=9000000000064&ids=9000000000092&ids=9000000000096&ids=9000000000080&ids=9000000000018&ids=9000000000040&ids=9000000000030&ids=9000000000070&ids=9000000000034&ids=9000000000020&ids=9000000000002&ids=9000000000026&ids=9000000000052&ids=9000000000022&ids=9000000000050&ids=9000000000062&ids=9000000000044&ids=9000000000060&
[2026-06-16 13:21:19] >> GET /content-safety/v1/places/9000000000049/safety-status
[2026-06-16 13:21:19] << /content-safety/v1/places/9000000000099/safety-status -> {"isSequestered":false,"moderationStatus":"Approved"}
[2026-06-16 13:21:19] << //v1/games/icons -> {"data":[{"targetId":9000000000046,"state":"Completed","imageUrl":"http://localhost/Thumbs/gameicon.ashx?id=9000000000046","version":"TN3"},{"targetId":9000000000098,"state":"Completed","imageUrl":"http://localhost/Thumbs/gameicon.ashx?id=9000000000098","version":"TN3"},{"targetId":9000000000048,"state":"Completed","imageUrl":"http://localhost/Thumbs/gameicon.ashx?id=9000000000048","version":"TN3"},{"targetId":9000000000068,"state":"Completed","imageUrl":"http://localhost/Thumbs/gameicon.ashx?id=9000000000068","version":"TN3"},{"targetId":9000000000016,"state":"Completed","imageUrl":"http://localhost/Thumbs/gameicon.ashx?id=9000000000016","version":"TN3"},{"targetId":9000000000088,"state":"Completed","imageUrl":"http://localhost/Thumbs/gameicon.ashx?id=9000000000088","version":"TN3"},{"targetId":9000000000064,"state":"Completed","imageUrl":"http://localhost/Thumbs/gameicon.ashx?id=9000000000064","version":"TN3"},{"targetId":9000000000092,"state":"Completed","imageUrl":"http://localhost
[2026-06-16 13:21:19] TeamCreate stub (disabled): GET /teamcreate/v1/MultiGetUniversesActiveSessionMembers
[2026-06-16 13:21:19] >> GET /content-safety/v1/places/9000000000069/safety-status
[2026-06-16 13:21:19] << /content-safety/v1/places/9000000000047/safety-status -> {"isSequestered":false,"moderationStatus":"Approved"}
[2026-06-16 13:21:19] TeamCreate stub (disabled): GET /v1/universes/multiget/teamcreate
[2026-06-16 13:21:19] << /content-safety/v1/places/9000000000049/safety-status -> {"isSequestered":false,"moderationStatus":"Approved"}
[2026-06-16 13:21:19] << /teamcreate/v1/MultiGetUniversesActiveSessionMembers -> {"data":[{"id":9000000000046,"isEnabled":false},{"id":9000000000098,"isEnabled":false},{"id":9000000000048,"isEnabled":false},{"id":9000000000068,"isEnabled":false},{"id":9000000000016,"isEnabled":false},{"id":9000000000088,"isEnabled":false},{"id":9000000000064,"isEnabled":false},{"id":9000000000092,"isEnabled":false},{"id":9000000000096,"isEnabled":false},{"id":9000000000080,"isEnabled":false},{"id":9000000000018,"isEnabled":false},{"id":9000000000040,"isEnabled":false},{"id":9000000000030,"isEnabled":false},{"id":9000000000070,"isEnabled":false},{"id":9000000000034,"isEnabled":false},{"id":9000000000020,"isEnabled":false},{"id":9000000000002,"isEnabled":false},{"id":9000000000026,"isEnabled":false},{"id":9000000000052,"isEnabled":false},{"id":9000000000022,"isEnabled":false},{"id":9000000000050,"isEnabled":false},{"id":9000000000062,"isEnabled":false},{"id":9000000000044,"isEnabled":false},{"id":9000000000060,"isEnabled":false}]}
[2026-06-16 13:21:19] << /content-safety/v1/places/9000000000069/safety-status -> {"isSequestered":false,"moderationStatus":"Approved"}
[2026-06-16 13:21:19] << /v1/universes/multiget/teamcreate -> {"data":[{"id":9000000000046,"isEnabled":false},{"id":9000000000098,"isEnabled":false},{"id":9000000000048,"isEnabled":false},{"id":9000000000068,"isEnabled":false},{"id":9000000000016,"isEnabled":false},{"id":9000000000088,"isEnabled":false},{"id":9000000000064,"isEnabled":false},{"id":9000000000092,"isEnabled":false},{"id":9000000000096,"isEnabled":false},{"id":9000000000080,"isEnabled":false},{"id":9000000000018,"isEnabled":false},{"id":9000000000040,"isEnabled":false},{"id":9000000000030,"isEnabled":false},{"id":9000000000070,"isEnabled":false},{"id":9000000000034,"isEnabled":false},{"id":9000000000020,"isEnabled":false},{"id":9000000000002,"isEnabled":false},{"id":9000000000026,"isEnabled":false},{"id":9000000000052,"isEnabled":false},{"id":9000000000022,"isEnabled":false},{"id":9000000000050,"isEnabled":false},{"id":9000000000062,"isEnabled":false},{"id":9000000000044,"isEnabled":false},{"id":9000000000060,"isEnabled":false}]}
[2026-06-16 13:21:19] >> GET /content-safety/v1/places/9000000000017/safety-status
[2026-06-16 13:21:19] >> GET /content-safety/v1/places/9000000000089/safety-status
[2026-06-16 13:21:19] >> GET /content-safety/v1/places/9000000000065/safety-status
[2026-06-16 13:21:19] << /content-safety/v1/places/9000000000017/safety-status -> {"isSequestered":false,"moderationStatus":"Approved"}
[2026-06-16 13:21:19] << /content-safety/v1/places/9000000000089/safety-status -> {"isSequestered":false,"moderationStatus":"Approved"}
[2026-06-16 13:21:19] << /content-safety/v1/places/9000000000065/safety-status -> {"isSequestered":false,"moderationStatus":"Approved"}
[2026-06-16 13:21:19] >> GET /content-safety/v1/places/9000000000093/safety-status
[2026-06-16 13:21:19] >> GET /content-safety/v1/places/9000000000097/safety-status
[2026-06-16 13:21:19] >> GET /content-safety/v1/places/9000000000081/safety-status
[2026-06-16 13:21:19] >> GET /content-safety/v1/places/9000000000019/safety-status
[2026-06-16 13:21:19] << /content-safety/v1/places/9000000000093/safety-status -> {"isSequestered":false,"moderationStatus":"Approved"}
[2026-06-16 13:21:19] << /content-safety/v1/places/9000000000097/safety-status -> {"isSequestered":false,"moderationStatus":"Approved"}
[2026-06-16 13:21:19] << /content-safety/v1/places/9000000000081/safety-status -> {"isSequestered":false,"moderationStatus":"Approved"}
[2026-06-16 13:21:19] << /content-safety/v1/places/9000000000019/safety-status -> {"isSequestered":false,"moderationStatus":"Approved"}
[2026-06-16 13:21:19] >> GET /content-safety/v1/places/9000000000041/safety-status
[2026-06-16 13:21:19] >> GET /content-safety/v1/places/9000000000031/safety-status
[2026-06-16 13:21:19] >> GET /content-safety/v1/places/9000000000071/safety-status
[2026-06-16 13:21:19] << /content-safety/v1/places/9000000000041/safety-status -> {"isSequestered":false,"moderationStatus":"Approved"}
[2026-06-16 13:21:19] << /content-safety/v1/places/9000000000031/safety-status -> {"isSequestered":false,"moderationStatus":"Approved"}
[2026-06-16 13:21:19] >> GET /content-safety/v1/places/9000000000035/safety-status
[2026-06-16 13:21:19] << /content-safety/v1/places/9000000000071/safety-status -> {"isSequestered":false,"moderationStatus":"Approved"}
[2026-06-16 13:21:19] << /content-safety/v1/places/9000000000035/safety-status -> {"isSequestered":false,"moderationStatus":"Approved"}
[2026-06-16 13:21:19] >> GET /content-safety/v1/places/9000000000021/safety-status
[2026-06-16 13:21:19] >> GET /content-safety/v1/places/9000000000003/safety-status
[2026-06-16 13:21:19] >> GET /content-safety/v1/places/9000000000027/safety-status
[2026-06-16 13:21:19] << /content-safety/v1/places/9000000000021/safety-status -> {"isSequestered":false,"moderationStatus":"Approved"}
[2026-06-16 13:21:19] << /content-safety/v1/places/9000000000003/safety-status -> {"isSequestered":false,"moderationStatus":"Approved"}
[2026-06-16 13:21:19] << /content-safety/v1/places/9000000000027/safety-status -> {"isSequestered":false,"moderationStatus":"Approved"}
[2026-06-16 13:21:19] >> GET /content-safety/v1/places/9000000000053/safety-status
[2026-06-16 13:21:19] >> GET /content-safety/v1/places/9000000000023/safety-status
[2026-06-16 13:21:19] >> GET /content-safety/v1/places/9000000000051/safety-status
[2026-06-16 13:21:19] << /content-safety/v1/places/9000000000053/safety-status -> {"isSequestered":false,"moderationStatus":"Approved"}
[2026-06-16 13:21:19] << /content-safety/v1/places/9000000000023/safety-status -> {"isSequestered":false,"moderationStatus":"Approved"}
[2026-06-16 13:21:19] << /content-safety/v1/places/9000000000051/safety-status -> {"isSequestered":false,"moderationStatus":"Approved"}
[2026-06-16 13:21:19] >> GET /content-safety/v1/places/9000000000063/safety-status
[2026-06-16 13:21:19] >> GET /content-safety/v1/places/9000000000045/safety-status
[2026-06-16 13:21:19] << /content-safety/v1/places/9000000000045/safety-status -> {"isSequestered":false,"moderationStatus":"Approved"}
[2026-06-16 13:21:19] >> GET /content-safety/v1/places/9000000000061/safety-status
[2026-06-16 13:21:19] << /content-safety/v1/places/9000000000063/safety-status -> {"isSequestered":false,"moderationStatus":"Approved"}
[2026-06-16 13:21:19] >> GET /Thumbs/gameicon.ashx?id=28220420
[2026-06-16 13:21:19] << /content-safety/v1/places/9000000000061/safety-status -> {"isSequestered":false,"moderationStatus":"Approved"}
[2026-06-16 13:21:20] >> GET /Thumbs/gameicon.ashx?id=9000000000046
[2026-06-16 13:21:20] >> GET /Thumbs/gameicon.ashx?id=9000000000098
[2026-06-16 13:21:20] >> GET /Thumbs/gameicon.ashx?id=9000000000048
[2026-06-16 13:21:20] >> GET /Thumbs/gameicon.ashx?id=9000000000068
[2026-06-16 13:21:20] >> GET /Thumbs/gameicon.ashx?id=9000000000016
[2026-06-16 13:21:20] >> GET /Thumbs/gameicon.ashx?id=9000000000088
[2026-06-16 13:21:20] >> GET /Thumbs/gameicon.ashx?id=9000000000064
[2026-06-16 13:21:20] >> GET /Thumbs/gameicon.ashx?id=9000000000092
[2026-06-16 13:21:20] >> GET /Thumbs/gameicon.ashx?id=9000000000096
[2026-06-16 13:21:20] >> GET /Thumbs/gameicon.ashx?id=9000000000080
[2026-06-16 13:21:20] >> GET /Thumbs/gameicon.ashx?id=9000000000018
[2026-06-16 13:21:20] >> GET /Thumbs/gameicon.ashx?id=9000000000040
[2026-06-16 13:21:20] >> GET /Thumbs/gameicon.ashx?id=9000000000030
[2026-06-16 13:21:20] >> GET /Thumbs/gameicon.ashx?id=9000000000070
[2026-06-16 13:21:20] >> GET /Thumbs/gameicon.ashx?id=9000000000034
[2026-06-16 13:21:20] >> GET /Thumbs/gameicon.ashx?id=9000000000020
[2026-06-16 13:21:20] >> GET /Thumbs/gameicon.ashx?id=9000000000002
[2026-06-16 13:21:20] >> GET /Thumbs/gameicon.ashx?id=9000000000026
[2026-06-16 13:21:20] >> GET /Thumbs/gameicon.ashx?id=9000000000052
[2026-06-16 13:21:20] >> GET /Thumbs/gameicon.ashx?id=9000000000022
[2026-06-16 13:21:20] >> GET /Thumbs/gameicon.ashx?id=9000000000050
[2026-06-16 13:21:20] >> GET /Thumbs/gameicon.ashx?id=9000000000062
[2026-06-16 13:21:20] >> GET /Thumbs/gameicon.ashx?id=9000000000044
[2026-06-16 13:21:20] >> GET /Thumbs/gameicon.ashx?id=9000000000060
[2026-06-16 13:21:22] >> GET /userhub/?id=
[2026-06-16 13:21:22] 404 GET /userhub/
[2026-06-16 13:21:22] << /userhub/ -> {"errors":[{"code":"NotFound","message":"Not found"}]}
[2026-06-16 13:21:23] >> POST /offblox/appearance?username=HearMeRoar
[2026-06-16 13:21:24] Avatar: stored appearance for 'HearMeRoar' (userId 14463315, 1266 chars)
[2026-06-16 13:21:24] << /offblox/appearance -> {"ok":true}
[2026-06-16 13:21:24] >> POST /v1.0/SequenceStatistics/BatchAddToSequencesV2?apiKey=76E5A40C-3AE1-4028-9F10-7C62520BD94F
[2026-06-16 13:21:24] >> POST /v1.1/Counters/BatchIncrement?apiKey=76E5A40C-3AE1-4028-9F10-7C62520BD94F
[2026-06-16 13:21:24] << /v1.0/SequenceStatistics/BatchAddToSequencesV2 -> {}
[2026-06-16 13:21:24] << /v1.1/Counters/BatchIncrement -> {}
[2026-06-16 13:21:24] >> GET /access-management/v1/rcc-user-feature-access?featureNames=CanUseInExperienceChat&userId=14463315&nameSpace=user_comm_safety/UserBehavior&extraParameters=W3sibmFtZSI6InJlYWRGcmVzaERhdGEiLCJ0eXBlIjoiQm9vbGVhbiIsInZhbHVlIjpmYWxzZX1d
[2026-06-16 13:21:24] >> POST /user-blocking-api/v1/users/rcc/get-user-blocking-data
[2026-06-16 13:21:24] >> POST /access-management/v2/rcc-user-feature-evaluation
[2026-06-16 13:21:24] << /access-management/v1/rcc-user-feature-access -> {"featureAccess":[],"data":[]}
[2026-06-16 13:21:24] 404 POST /user-blocking-api/v1/users/rcc/get-user-blocking-data
[2026-06-16 13:21:24] 404 POST /access-management/v2/rcc-user-feature-evaluation
[2026-06-16 13:21:24] << /user-blocking-api/v1/users/rcc/get-user-blocking-data -> {"errors":[{"code":"NotFound","message":"Not found"}]}
[2026-06-16 13:21:24] << /access-management/v2/rcc-user-feature-evaluation -> {"errors":[{"code":"NotFound","message":"Not found"}]}
[2026-06-16 13:21:24] >> GET /v2/persistence/9000000000020/datastores/objects/object?datastore=Wins2015&objectKey=global%2F14463315
[2026-06-16 13:21:24] >> GET /guac-v2/v1/bundles/app-policy
[2026-06-16 13:21:24] >> GET /v1/asset/?id=139572272&permissionContext=ignoreUniverse&xcachesplit=0
[2026-06-16 13:21:24] >> GET /v1/asset/?id=134012322&permissionContext=ignoreUniverse&xcachesplit=0
[2026-06-16 13:21:24] >> GET /v1/asset/?id=142446794&permissionContext=ignoreUniverse&xcachesplit=0
[2026-06-16 13:21:24] >> GET /v1/asset/?id=142448886&permissionContext=ignoreUniverse&xcachesplit=0
[2026-06-16 13:21:24] >> GET /v1/asset/?id=142448870&permissionContext=ignoreUniverse&xcachesplit=0
[2026-06-16 13:21:24] << /guac-v2/v1/bundles/app-policy -> {"version":"1","bundle":{"name":"studio","configurations":{"Feature_DisableOldCookieManagementSticky":"0;100","Feature_UnifiedCookieProtocolEnabled":"0;100","Feature_UnifiedCookieProtocolEnabledSticky":"0;100","Feature_AccessCookiesWithUrlEnabledSticky":"0;100"},"experiments":{}}}
[2026-06-16 13:21:24] >> GET /universe-chat-api/v1/universe-chat-settings?userId=14463315&universeId=9000000000020&rccInstanceId=
[2026-06-16 13:21:24] >> GET /v1/asset?id=175728189&xcachesplit=9000000000020
[2026-06-16 13:21:24] >> GET /v2/avatar/avatar-fetch/?placeId=9000000000021&userId=14463315
[2026-06-16 13:21:24] >> GET /v2/users/14463315/groups/roles
[2026-06-16 13:21:24] 404 GET /universe-chat-api/v1/universe-chat-settings
[2026-06-16 13:21:24] << /v2/users/14463315/groups/roles -> {"data":[{"group":{"id":13538101,"name":"GC' Sus Games","memberCount":11,"hasVerifiedBadge":false},"role":{"id":77381526,"name":"Member","rank":1}},{"group":{"id":391929292,"name":"FilteringEnabled=false","memberCount":6,"hasVerifiedBadge":false},"role":{"id":700687000,"name":"Owner","rank":255}},{"group":{"id":4347428,"name":"The State of Mind","memberCount":416796,"hasVerifiedBadge":false},"role":{"id":29322544,"name":"⭐️ Important Member","rank":1}},{"group":{"id":33142130,"name":"Legence Clothes","memberCount":6,"hasVerifiedBadge":false},"role":{"id":101719466,"name":"🎀📝 Love📝","rank":1}},{"group":{"id":13273531,"name":"_RARE NAMES_","memberCount":11049,"hasVerifiedBadge":false},"role":{"id":76113545,"name":"Incredible names","rank":45}},{"group":{"id":5995136,"name":"- Old Roblox Accounts -","memberCount":62907,"hasVerifiedBadge":false},"role":{"id":93679233,"name":"2006 / 2007","rank":170}},{"group":{"id":32818995,"name":"(Project Aincrad SAO)","member
[2026-06-16 13:21:24] << /universe-chat-api/v1/universe-chat-settings -> {"errors":[{"code":"NotFound","message":"Not found"}]}
[2026-06-16 13:21:24] >> GET /v2/persistence/9000000000020/datastores/objects/object?datastore=MapSelect&objectKey=global%2F14463315
[2026-06-16 13:21:24] >> GET /userhub/?id=
[2026-06-16 13:21:24] >> GET /v1/asset/?id=130778099&permissionContext=ignoreUniverse&xcachesplit=0
[2026-06-16 13:21:24] >> GET /v1/asset/?id=154072955&permissionContext=ignoreUniverse&xcachesplit=0
[2026-06-16 13:21:24] 404 GET /userhub/
[2026-06-16 13:21:24] Asset 139572272 fetched OK (7293 bytes)
[2026-06-16 13:21:24] Asset 134012322 fetched OK (15014 bytes)
[2026-06-16 13:21:24] << /userhub/ -> {"errors":[{"code":"NotFound","message":"Not found"}]}
[2026-06-16 13:21:24] >> GET /v1/universes/9000000000020/configuration
[2026-06-16 13:21:24] << /v1/universes/9000000000020/configuration -> {"allowPrivateServers":true,"privateServerPrice":null,"id":9000000000020,"name":"Flood Escape 1.6.5","universeAvatarType":"MorphToR6","universeScaleType":"AllScales","universeAnimationType":"PlayerChoice","universeCollisionType":"OuterBox","universeBodyType":"Standard","universeJointPositioningType":"ArtistIntent","universeAvatarAssetOverrides":[],"universeAvatarMinScales":{"height":0.9,"width":0.7,"head":0.95,"proportion":0,"bodyType":0},"universeAvatarMaxScales":{"height":1.05,"width":1,"head":1,"proportion":1,"bodyType":1},"isArchived":false,"isFriendsOnly":false,"genre":"All","playableDevices":["Computer","Phone","Tablet"],"isForSale":false,"price":0,"isStudioAccessToApisAllowed":true,"privacyType":"Public"}
[2026-06-16 13:21:24] Asset 130778099 fetched OK (8310 bytes)
[2026-06-16 13:21:24] Asset 154072955 fetched OK (16402 bytes)
[2026-06-16 13:21:24] Asset 142448886 fetched OK (5891 bytes)
[2026-06-16 13:21:24] Asset 142448870 fetched OK (8332 bytes)
[2026-06-16 13:21:24] >> GET /v1/asset/?id=34320952&permissionContext=ignoreUniverse&xcachesplit=0
[2026-06-16 13:21:25] Asset 142446794 fetched OK (17529 bytes)
[2026-06-16 13:21:25] FetchUrl: HTTP 403 for https://assetdelivery.roblox.com/v1/asset/?id=175728189
[2026-06-16 13:21:25] >> GET /v1/asset/?id=10548108&permissionContext=ignoreUniverse&xcachesplit=0
[2026-06-16 13:21:25] Asset 175728189: fetch failed, falling back to redirect
[2026-06-16 13:21:25] Avatar: batch resolved 0/2 assets
[2026-06-16 13:21:25] >> GET /v1/asset/?id=175728189&permissionContext=ignoreUniverse&xcachesplit=0
[2026-06-16 13:21:25] >> POST /v1/persistence/sorted?key=Highscore2015&scope=global&target=14463315
[2026-06-16 13:21:25] DS-v1: M=POST type=sorted rest= ds=Highscore2015 scope=global target=14463315 usnParam=no bodylen=1 body=[1]
[2026-06-16 13:21:25] << /v1/persistence/sorted -> {"value":1,"version":"6","usn":"6"}
[2026-06-16 13:21:25] Asset 34320952 fetched OK (8427 bytes)
[2026-06-16 13:21:25] Avatar: batch resolved 0/1 assets
[2026-06-16 13:21:25] >> GET /v1/asset/?id=130806452&permissionContext=ignoreUniverse&xcachesplit=0
[2026-06-16 13:21:25] >> GET /asset/?id=911772435&xcachesplit=0
[2026-06-16 13:21:25] FetchUrl: HTTP 403 for https://assetdelivery.roblox.com/v1/asset/?id=175728189
[2026-06-16 13:21:25] Asset 10548108 fetched OK (10300 bytes)
[2026-06-16 13:21:25] Asset 175728189: fetch failed, falling back to redirect
[2026-06-16 13:21:25] >> GET /v1/asset/?id=99173388&permissionContext=ignoreUniverse&xcachesplit=0
[2026-06-16 13:21:25] >> GET /v1/asset/?id=10730819&permissionContext=ignoreUniverse&xcachesplit=0
[2026-06-16 13:21:25] >> GET /v1/asset/?id=174984562&permissionContext=ignoreUniverse&xcachesplit=0
[2026-06-16 13:21:25] Avatar: batch resolved 0/1 assets
[2026-06-16 13:21:25] << /v2/avatar/avatar-fetch/ -> {"resolvedAvatarType":"R6","equippedGearVersionIds":[],"backpackGearVersionIds":[],"assetAndAssetTypeIds":[{"assetId":86499666,"assetTypeId":27},{"assetId":86499716,"assetTypeId":29},{"assetId":86499698,"assetTypeId":28},{"assetId":86499753,"assetTypeId":30},{"assetId":86499793,"assetTypeId":31},{"assetId":18658405017,"assetTypeId":46},{"assetId":135892587710035,"assetTypeId":8},{"assetId":10804923951,"assetTypeId":67},{"assetId":132133317685629,"assetTypeId":41},{"assetId":14702520072,"assetTypeId":43},{"assetId":11921498664,"assetTypeId":11},{"assetId":140565896620871,"assetTypeId":12},{"assetId":90772666356782,"assetTypeId":79}],"animationAssetIds":{"run":16744214662,"swim":18538158932,"fall":76868289213402,"climb":122281742555667,"jump":114806832298003,"idle":82009039247070,"walk":124733969277188},"bodyColor3s":{"headColor3":"ffcc99","torsoColor3":"ffcc99","rightArmColor3":"ffcc99","leftArmColor3":"ffcc99","rightLegColor3":"ffcc99","leftLegColor3":"ffcc99"},"scales":{"heigh
[2026-06-16 13:21:25] >> POST /v2/persistence/9000000000020/datastores/objects/object?datastore=Wins2015&objectKey=global%2F14463315
[2026-06-16 13:21:25] >> GET /v1/asset/?id=147490190&permissionContext=ignoreUniverse&xcachesplit=0
[2026-06-16 13:21:25] << /v2/persistence/9000000000020/datastores/objects/object -> {"version":"08DEFED348A9F9B5.0000000003.08DEF9B5AB4EFED3.03","deleted":false,"contentLength":7,"createdTime":"2026-06-16T20:21:25.0000000Z","objectCreatedTime":"2026-06-11T19:17:41Z"}
[2026-06-16 13:21:25] Asset 130806452 fetched OK (113897 bytes)
[2026-06-16 13:21:25] Asset 10730819 fetched OK (7774 bytes)
[2026-06-16 13:21:25] FetchUrl: HTTP 403 for https://assetdelivery.roblox.com/v1/asset/?id=174984562
[2026-06-16 13:21:25] >> GET /v1/asset/?id=174979025&permissionContext=ignoreUniverse&xcachesplit=0
[2026-06-16 13:21:25] Asset 99173388 fetched OK (10706 bytes)
[2026-06-16 13:21:25] >> GET /v1/asset/?id=11450310&permissionContext=ignoreUniverse&xcachesplit=0
[2026-06-16 13:21:25] Asset 911772435 fetched OK (3175 bytes)
[2026-06-16 13:21:25] Asset 174984562: fetch failed, falling back to redirect
[2026-06-16 13:21:25] Asset 147490190 fetched OK (32712 bytes)
[2026-06-16 13:21:25] Asset 174979025 fetched OK (49465 bytes)
[2026-06-16 13:21:25] Asset 11450310 fetched OK (9989 bytes)
[2026-06-16 13:21:25] >> GET /v1/asset/?id=147490163&permissionContext=ignoreUniverse&xcachesplit=0
[2026-06-16 13:21:25] >> GET /v1/asset/?id=150664559&permissionContext=ignoreUniverse&xcachesplit=0
[2026-06-16 13:21:25] >> GET /v1/asset/?id=34320976&permissionContext=ignoreUniverse&xcachesplit=0
[2026-06-16 13:21:25] >> GET /v1/asset/?id=21343225&permissionContext=ignoreUniverse&xcachesplit=0
[2026-06-16 13:21:25] >> GET /v1/asset/?id=174988344&permissionContext=ignoreUniverse&xcachesplit=0
[2026-06-16 13:21:25] >> GET /v1/asset/?id=174988382&permissionContext=ignoreUniverse&xcachesplit=0
[2026-06-16 13:21:25] Asset 147490163 fetched OK (31697 bytes)
[2026-06-16 13:21:25] >> GET /v1/universes/multiget?ids=9000000000046&ids=9000000000098&ids=9000000000048&ids=9000000000068&ids=9000000000016&ids=9000000000088&ids=9000000000064&ids=9000000000092&ids=9000000000096&ids=9000000000080&ids=9000000000018&ids=9000000000040&ids=9000000000030&ids=9000000000070&ids=9000000000034&ids=9000000000020&ids=9000000000002&ids=9000000000026&ids=9000000000052&ids=9000000000022&ids=9000000000050&ids=9000000000062&ids=9000000000044&ids=9000000000060
[2026-06-16 13:21:25] Asset 21343225 fetched OK (16225 bytes)
[2026-06-16 13:21:25] FetchUrl: HTTP 403 for https://assetdelivery.roblox.com/v1/asset/?id=174988344
[2026-06-16 13:21:25] Asset 174988344: fetch failed, falling back to redirect
[2026-06-16 13:21:25] Asset 34320976 fetched OK (11209 bytes)
[2026-06-16 13:21:25] Asset 150664559 fetched OK (122443 bytes)
[2026-06-16 13:21:25] >> POST /studio/pbe
[2026-06-16 13:21:25] << /studio/pbe -> {}
[2026-06-16 13:21:25] FetchUrl: HTTP 403 for https://assetdelivery.roblox.com/v1/asset/?id=174988382
[2026-06-16 13:21:25] Asset 174988382: fetch failed, falling back to redirect
[2026-06-16 13:21:26] >> GET /player-policy-service/v1/player-policy-client
[2026-06-16 13:21:26] 404 GET /player-policy-service/v1/player-policy-client
[2026-06-16 13:21:26] << /player-policy-service/v1/player-policy-client -> {"errors":[{"code":"NotFound","message":"Not found"}]}
[2026-06-16 13:21:26] >> POST /v1/batch
[2026-06-16 13:21:26] >> GET /asset/?hash=9648afba5d3d7f66550213469e074213&contentRepresentationPriorityList=W3siZm9ybWF0IjoiUmVzaWR1YWwiLCJtYWpvclZlcnNpb24iOiIyIiwiZmlkZWxpdHkiOiJPcmlnaW5hbCJ9XQ%3D%3D&doNotFallbackToBaselineRepresentation=true
[2026-06-16 13:21:26] << /v1/batch -> {"data":[]}
[2026-06-16 13:21:26] >> GET /v2/assets/179997786/details
[2026-06-16 13:21:26] >> GET /v1/universes/multiget/teamcreate?ids=9000000000046&ids=9000000000098&ids=9000000000048&ids=9000000000068&ids=9000000000016&ids=9000000000088&ids=9000000000064&ids=9000000000092&ids=9000000000096&ids=9000000000080&ids=9000000000018&ids=9000000000040&ids=9000000000030&ids=9000000000070&ids=9000000000034&ids=9000000000020&ids=9000000000002&ids=9000000000026&ids=9000000000052&ids=9000000000022&ids=9000000000050&ids=9000000000062&ids=9000000000044&ids=9000000000060
[2026-06-16 13:21:26] << /v2/assets/179997786/details -> {"TargetId":179997786,"AssetId":179997786,"ProductId":179997786,"assetId":179997786,"id":179997786,"Id":179997786,"TargetPlaceId":179997786,"PlaceId":179997786,"ProductType":"User Product","Name":"Baseplate","Description":"","AssetTypeId":9,"assetTypeId":9,"Creator":{"Id":14463315,"Name":"HearMeRoar","CreatorType":"User","CreatorTargetId":14463315,"HasVerifiedBadge":false,"id":14463315,"type":1,"creatorType":"User","creatorTargetId":14463315},"IconImageAssetId":0,"Created":"2022-05-11T13:27:09.897Z","Updated":"2022-06-19T07:23:39.03Z","created":"2022-05-11T13:27:09.897Z","updated":"2022-06-19T07:23:39.03Z","PriceInRobux":null,"Sales":0,"IsNew":false,"IsForSale":false,"IsPublicDomain":true,"IsLimited":false,"IsLimitedUnique":false,"isPublic":true,"isForSale":false,"isLimited":false,"isLimitedUnique":false,"enableComments":false}
[2026-06-16 13:21:26] TeamCreate stub (disabled): GET /v1/universes/multiget/teamcreate
[2026-06-16 13:21:26] << /v1/universes/multiget/teamcreate -> {"data":[{"id":9000000000046,"isEnabled":false},{"id":9000000000098,"isEnabled":false},{"id":9000000000048,"isEnabled":false},{"id":9000000000068,"isEnabled":false},{"id":9000000000016,"isEnabled":false},{"id":9000000000088,"isEnabled":false},{"id":9000000000064,"isEnabled":false},{"id":9000000000092,"isEnabled":false},{"id":9000000000096,"isEnabled":false},{"id":9000000000080,"isEnabled":false},{"id":9000000000018,"isEnabled":false},{"id":9000000000040,"isEnabled":false},{"id":9000000000030,"isEnabled":false},{"id":9000000000070,"isEnabled":false},{"id":9000000000034,"isEnabled":false},{"id":9000000000020,"isEnabled":false},{"id":9000000000002,"isEnabled":false},{"id":9000000000026,"isEnabled":false},{"id":9000000000052,"isEnabled":false},{"id":9000000000022,"isEnabled":false},{"id":9000000000050,"isEnabled":false},{"id":9000000000062,"isEnabled":false},{"id":9000000000044,"isEnabled":false},{"id":9000000000060,"isEnabled":false}]}
[2026-06-16 13:21:26] >> POST /v1.0/SequenceStatistics/BatchAddToSequencesV2?apiKey=76E5A40C-3AE1-4028-9F10-7C62520BD94F
[2026-06-16 13:21:26] >> POST /v1.1/Counters/BatchIncrement?apiKey=76E5A40C-3AE1-4028-9F10-7C62520BD94F
[2026-06-16 13:21:26] << /v1.0/SequenceStatistics/BatchAddToSequencesV2 -> {}
[2026-06-16 13:21:26] << /v1.1/Counters/BatchIncrement -> {}
[2026-06-16 13:21:26] >> GET /player-policy-service/v1/player-policy-client
[2026-06-16 13:21:26] 404 GET /player-policy-service/v1/player-policy-client
[2026-06-16 13:21:26] << /player-policy-service/v1/player-policy-client -> {"errors":[{"code":"NotFound","message":"Not found"}]}
[2026-06-16 13:21:26] >> GET /v1/users/14463315/items/asset/179997786/is-owned
[2026-06-16 13:21:26] << /v1/users/14463315/items/asset/179997786/is-owned -> false
[2026-06-16 13:21:27] >> GET /v1/users/14463315/badges/80657745/awarded-date
[2026-06-16 13:21:27] << /v1/users/14463315/badges/80657745/awarded-date -> {"badgeId":80657745,"awardedDate":null}
[2026-06-16 13:21:27] >> GET /player-policy-service/v1/player-policy-client
[2026-06-16 13:21:27] 404 GET /player-policy-service/v1/player-policy-client
[2026-06-16 13:21:27] << /player-policy-service/v1/player-policy-client -> {"errors":[{"code":"NotFound","message":"Not found"}]}
[2026-06-16 13:21:27] >> GET /v2/assets/113059724/details
[2026-06-16 13:21:27] << /v2/assets/113059724/details -> {"TargetId":113059724,"AssetId":113059724,"ProductId":113059724,"assetId":113059724,"id":113059724,"Id":113059724,"TargetPlaceId":113059724,"PlaceId":113059724,"ProductType":"User Product","Name":"Baseplate","Description":"","AssetTypeId":9,"assetTypeId":9,"Creator":{"Id":14463315,"Name":"HearMeRoar","CreatorType":"User","CreatorTargetId":14463315,"HasVerifiedBadge":false,"id":14463315,"type":1,"creatorType":"User","creatorTargetId":14463315},"IconImageAssetId":0,"Created":"2022-05-11T13:27:09.897Z","Updated":"2022-06-19T07:23:39.03Z","created":"2022-05-11T13:27:09.897Z","updated":"2022-06-19T07:23:39.03Z","PriceInRobux":null,"Sales":0,"IsNew":false,"IsForSale":false,"IsPublicDomain":true,"IsLimited":false,"IsLimitedUnique":false,"isPublic":true,"isForSale":false,"isLimited":false,"isLimitedUnique":false,"enableComments":false}
[2026-06-16 13:21:27] >> GET /v1/users/14463315/items/asset/113059724/is-owned
[2026-06-16 13:21:27] << /v1/users/14463315/items/asset/113059724/is-owned -> false
[2026-06-16 13:21:28] >> GET /v2/assets/122759935/details
[2026-06-16 13:21:28] << /v2/assets/122759935/details -> {"TargetId":122759935,"AssetId":122759935,"ProductId":122759935,"assetId":122759935,"id":122759935,"Id":122759935,"TargetPlaceId":122759935,"PlaceId":122759935,"ProductType":"User Product","Name":"Baseplate","Description":"","AssetTypeId":9,"assetTypeId":9,"Creator":{"Id":14463315,"Name":"HearMeRoar","CreatorType":"User","CreatorTargetId":14463315,"HasVerifiedBadge":false,"id":14463315,"type":1,"creatorType":"User","creatorTargetId":14463315},"IconImageAssetId":0,"Created":"2022-05-11T13:27:09.897Z","Updated":"2022-06-19T07:23:39.03Z","created":"2022-05-11T13:27:09.897Z","updated":"2022-06-19T07:23:39.03Z","PriceInRobux":null,"Sales":0,"IsNew":false,"IsForSale":false,"IsPublicDomain":true,"IsLimited":false,"IsLimitedUnique":false,"isPublic":true,"isForSale":false,"isLimited":false,"isLimitedUnique":false,"enableComments":false}
[2026-06-16 13:21:28] >> GET /v1/users/14463315/items/asset/122759935/is-owned
[2026-06-16 13:21:28] << /v1/users/14463315/items/asset/122759935/is-owned -> false
[2026-06-16 13:21:28] >> GET /asset/?hash=9648afba5d3d7f66550213469e074213&contentRepresentationPriorityList=W3siZm9ybWF0IjoiT3JpZ2luYWwiLCJtYWpvclZlcnNpb24iOiJPcmlnaW5hbCIsImZpZGVsaXR5IjoiT3JpZ2luYWwifV0%3D
[2026-06-16 13:21:28] >> GET /v2/assets/237714537/details
[2026-06-16 13:21:28] << /v2/assets/237714537/details -> {"TargetId":237714537,"AssetId":237714537,"ProductId":237714537,"assetId":237714537,"id":237714537,"Id":237714537,"TargetPlaceId":237714537,"PlaceId":237714537,"ProductType":"User Product","Name":"Baseplate","Description":"","AssetTypeId":9,"assetTypeId":9,"Creator":{"Id":14463315,"Name":"HearMeRoar","CreatorType":"User","CreatorTargetId":14463315,"HasVerifiedBadge":false,"id":14463315,"type":1,"creatorType":"User","creatorTargetId":14463315},"IconImageAssetId":0,"Created":"2022-05-11T13:27:09.897Z","Updated":"2022-06-19T07:23:39.03Z","created":"2022-05-11T13:27:09.897Z","updated":"2022-06-19T07:23:39.03Z","PriceInRobux":null,"Sales":0,"IsNew":false,"IsForSale":false,"IsPublicDomain":true,"IsLimited":false,"IsLimitedUnique":false,"isPublic":true,"isForSale":false,"isLimited":false,"isLimitedUnique":false,"enableComments":false}
[2026-06-16 13:21:28] >> GET /v1/users/14463315/items/asset/237714537/is-owned
[2026-06-16 13:21:28] << /v1/users/14463315/items/asset/237714537/is-owned -> false
[2026-06-16 13:21:28] >> GET /v2/assets/231103379/details
[2026-06-16 13:21:29] << /v2/assets/231103379/details -> {"TargetId":231103379,"AssetId":231103379,"ProductId":231103379,"assetId":231103379,"id":231103379,"Id":231103379,"TargetPlaceId":231103379,"PlaceId":231103379,"ProductType":"User Product","Name":"Baseplate","Description":"","AssetTypeId":9,"assetTypeId":9,"Creator":{"Id":14463315,"Name":"HearMeRoar","CreatorType":"User","CreatorTargetId":14463315,"HasVerifiedBadge":false,"id":14463315,"type":1,"creatorType":"User","creatorTargetId":14463315},"IconImageAssetId":0,"Created":"2022-05-11T13:27:09.897Z","Updated":"2022-06-19T07:23:39.03Z","created":"2022-05-11T13:27:09.897Z","updated":"2022-06-19T07:23:39.03Z","PriceInRobux":null,"Sales":0,"IsNew":false,"IsForSale":false,"IsPublicDomain":true,"IsLimited":false,"IsLimitedUnique":false,"isPublic":true,"isForSale":false,"isLimited":false,"isLimitedUnique":false,"enableComments":false}
[2026-06-16 13:21:29] >> GET /v1/users/14463315/items/asset/231103379/is-owned
[2026-06-16 13:21:29] << /v1/users/14463315/items/asset/231103379/is-owned -> false
[2026-06-16 13:21:29] >> GET /player-policy-service/v1/player-policy-client
[2026-06-16 13:21:29] 404 GET /player-policy-service/v1/player-policy-client
[2026-06-16 13:21:29] << /player-policy-service/v1/player-policy-client -> {"errors":[{"code":"NotFound","message":"Not found"}]}
[2026-06-16 13:21:29] >> POST /product-experimentation-platform/v1/projects/1/values
[2026-06-16 13:21:29] << /product-experimentation-platform/v1/projects/1/values -> {"assignments":[]}
[2026-06-16 13:21:30] >> GET /v1/settings
[2026-06-16 13:21:30] << /v1/settings -> {"isVoiceEnabled":true,"isUserOptIn":true,"isUserEligible":true,"isBanned":false,"banReason":0,"bannedUntil":null,"canVerifyAgeForVoice":true,"isVerifiedForVoice":true,"denialReason":0,"isOptInDisabled":false,"hasEverOpted":true,"isAvatarVideoEnabled":true,"isAvatarVideoOptIn":true,"isAvatarVideoOptInDisabled":false,"isAvatarVideoEligible":true,"hasEverOptedAvatarVideo":true,"userHasAvatarCameraAlwaysAvailable":true,"canVerifyPhoneForVoice":true,"seamlessVoiceStatus":1,"allowVoiceDataUsage":true,"seamlessVoiceVariant":""}
[2026-06-16 13:21:30] >> GET /v1/settings
[2026-06-16 13:21:30] << /v1/settings -> {"isVoiceEnabled":true,"isUserOptIn":true,"isUserEligible":true,"isBanned":false,"banReason":0,"bannedUntil":null,"canVerifyAgeForVoice":true,"isVerifiedForVoice":true,"denialReason":0,"isOptInDisabled":false,"hasEverOpted":true,"isAvatarVideoEnabled":true,"isAvatarVideoOptIn":true,"isAvatarVideoOptInDisabled":false,"isAvatarVideoEligible":true,"hasEverOptedAvatarVideo":true,"userHasAvatarCameraAlwaysAvailable":true,"canVerifyPhoneForVoice":true,"seamlessVoiceStatus":1,"allowVoiceDataUsage":true,"seamlessVoiceVariant":""}
[2026-06-16 13:21:30] >> GET /v2/users/14463315/groups/roles
[2026-06-16 13:21:30] << /v2/users/14463315/groups/roles -> {"data":[{"group":{"id":13538101,"name":"GC' Sus Games","memberCount":11,"hasVerifiedBadge":false},"role":{"id":77381526,"name":"Member","rank":1}},{"group":{"id":391929292,"name":"FilteringEnabled=false","memberCount":6,"hasVerifiedBadge":false},"role":{"id":700687000,"name":"Owner","rank":255}},{"group":{"id":4347428,"name":"The State of Mind","memberCount":416796,"hasVerifiedBadge":false},"role":{"id":29322544,"name":"⭐️ Important Member","rank":1}},{"group":{"id":33142130,"name":"Legence Clothes","memberCount":6,"hasVerifiedBadge":false},"role":{"id":101719466,"name":"🎀📝 Love📝","rank":1}},{"group":{"id":13273531,"name":"_RARE NAMES_","memberCount":11049,"hasVerifiedBadge":false},"role":{"id":76113545,"name":"Incredible names","rank":45}},{"group":{"id":5995136,"name":"- Old Roblox Accounts -","memberCount":62907,"hasVerifiedBadge":false},"role":{"id":93679233,"name":"2006 / 2007","rank":170}},{"group":{"id":32818995,"name":"(Project Aincrad SAO)","member
[2026-06-16 13:21:34] >> POST /v1.1/Counters/BatchIncrement?apiKey=76E5A40C-3AE1-4028-9F10-7C62520BD94F
[2026-06-16 13:21:34] >> POST /v1.0/SequenceStatistics/BatchAddToSequencesV2?apiKey=76E5A40C-3AE1-4028-9F10-7C62520BD94F
[2026-06-16 13:21:34] >> POST /studio/pbe
[2026-06-16 13:21:34] >> POST /timespent/pbe
[2026-06-16 13:21:34] >> POST /experience-signals-ingest/public/v1/events/single
[2026-06-16 13:21:34] << /v1.1/Counters/BatchIncrement -> {}
[2026-06-16 13:21:34] << /v1.0/SequenceStatistics/BatchAddToSequencesV2 -> {}
[2026-06-16 13:21:34] << /studio/pbe -> {}
[2026-06-16 13:21:34] << /timespent/pbe -> {}
[2026-06-16 13:21:34] << /experience-signals-ingest/public/v1/events/single -> {}
[2026-06-16 13:21:37] >> POST /v1.1/Counters/BatchIncrement?apiKey=76E5A40C-3AE1-4028-9F10-7C62520BD94F
[2026-06-16 13:21:37] >> POST /v1.0/SequenceStatistics/BatchAddToSequencesV2?apiKey=76E5A40C-3AE1-4028-9F10-7C62520BD94F
[2026-06-16 13:21:37] >> POST /timespent/pbe
[2026-06-16 13:21:37] >> POST /studio/pbe
[2026-06-16 13:21:37] >> POST /client/pbe
[2026-06-16 13:21:37] >> POST /experience-signals-ingest/public/v1/events/single
[2026-06-16 13:21:37] << /v1.1/Counters/BatchIncrement -> {}
[2026-06-16 13:21:37] << /v1.0/SequenceStatistics/BatchAddToSequencesV2 -> {}
[2026-06-16 13:21:37] << /timespent/pbe -> {}
[2026-06-16 13:21:37] << /studio/pbe -> {}
[2026-06-16 13:21:37] << /client/pbe -> {}
[2026-06-16 13:21:37] << /experience-signals-ingest/public/v1/events/single -> {}
[2026-06-16 13:21:39] >> POST /user-heartbeats-api/pulse
[2026-06-16 13:21:39] << /user-heartbeats-api/pulse -> {"accounts": [{"username": "HearMeRoar","robloxCookie": "","pulseInterval": 30000,"enableLogging": true}],"globalConfig": {"retryAttempts": 3,"retryDelay": 5000}}
[2026-06-16 13:21:41] >> POST /user-heartbeats-api/pulse
[2026-06-16 13:21:41] << /user-heartbeats-api/pulse -> {"accounts": [{"username": "HearMeRoar","robloxCookie": "","pulseInterval": 30000,"enableLogging": true}],"globalConfig": {"retryAttempts": 3,"retryDelay": 5000}}
[2026-06-16 13:21:43] >> POST /v1.0/SequenceStatistics/BatchAddToSequencesV2?apiKey=76E5A40C-3AE1-4028-9F10-7C62520BD94F
[2026-06-16 13:21:43] << /v1.0/SequenceStatistics/BatchAddToSequencesV2 -> {}
[2026-06-16 13:21:43] >> POST /v1.1/Counters/BatchIncrement?apiKey=76E5A40C-3AE1-4028-9F10-7C62520BD94F
[2026-06-16 13:21:43] << /v1.1/Counters/BatchIncrement -> {}
[2026-06-16 13:21:53] >> GET /userhub/?id=
[2026-06-16 13:21:53] 404 GET /userhub/
[2026-06-16 13:21:53] << /userhub/ -> {"errors":[{"code":"NotFound","message":"Not found"}]}
[2026-06-16 13:21:54] >> POST /v1/batch
[2026-06-16 13:21:54] << /v1/batch -> {"data":[]}
[2026-06-16 13:21:55] >> GET /userhub/?id=
[2026-06-16 13:21:55] 404 GET /userhub/
[2026-06-16 13:21:55] << /userhub/ -> {"errors":[{"code":"NotFound","message":"Not found"}]}
[2026-06-16 13:21:56] >> POST /v1.0/SequenceStatistics/BatchAddToSequencesV2?apiKey=76E5A40C-3AE1-4028-9F10-7C62520BD94F
[2026-06-16 13:21:56] << /v1.0/SequenceStatistics/BatchAddToSequencesV2 -> {}
[2026-06-16 13:21:56] >> POST /v1.1/Counters/BatchIncrement?apiKey=76E5A40C-3AE1-4028-9F10-7C62520BD94F
[2026-06-16 13:21:56] << /v1.1/Counters/BatchIncrement -> {}
[2026-06-16 13:22:02] >> POST /studio/pbe
[2026-06-16 13:22:02] >> POST /studio/pbe
[2026-06-16 13:22:02] >> PATCH /studio-user-settings/v1/user/studiodata/CloudEditKey_placeId0
[2026-06-16 13:22:02] << /studio/pbe -> {}
[2026-06-16 13:22:02] << /studio/pbe -> {}
[2026-06-16 13:22:02] << /studio-user-settings/v1/user/studiodata/CloudEditKey_placeId0 -> {}
[2026-06-16 13:22:03] >> GET /v1/not-approved
[2026-06-16 13:22:03] >> POST /user-heartbeats-api/action-report
[2026-06-16 13:22:03] << /v1/not-approved -> {}
[2026-06-16 13:22:03] << /user-heartbeats-api/action-report -> {"accounts": [{"username": "HearMeRoar","robloxCookie": "","pulseInterval": 30000,"enableLogging": true}],"globalConfig": {"retryAttempts": 3,"retryDelay": 5000}}
[2026-06-16 13:22:03] >> POST /studio/pbe
[2026-06-16 13:22:03] >> POST /studio/pbe
[2026-06-16 13:22:03] << /studio/pbe -> {}
[2026-06-16 13:22:03] << /studio/pbe -> {}
[2026-06-16 13:22:03] >> POST /user-heartbeats-api/action-report
[2026-06-16 13:22:03] << /user-heartbeats-api/action-report -> {"accounts": [{"username": "HearMeRoar","robloxCookie": "","pulseInterval": 30000,"enableLogging": true}],"globalConfig": {"retryAttempts": 3,"retryDelay": 5000}}
[2026-06-16 13:22:03] >> GET /v1/universes/multiget?ids=9000000000046&ids=9000000000098&ids=9000000000048&ids=9000000000068&ids=9000000000016&ids=9000000000088&ids=9000000000064&ids=9000000000092&ids=9000000000096&ids=9000000000080&ids=9000000000018&ids=9000000000040&ids=9000000000030&ids=9000000000070&ids=9000000000034&ids=9000000000020&ids=9000000000002&ids=9000000000026&ids=9000000000052&ids=9000000000022&ids=9000000000050&ids=9000000000062&ids=9000000000044&ids=9000000000060
[2026-06-16 13:22:03] >> POST /v1.0/SequenceStatistics/BatchAddToSequencesV2?apiKey=76E5A40C-3AE1-4028-9F10-7C62520BD94F
[2026-06-16 13:22:03] >> POST /v1.1/Counters/BatchIncrement?apiKey=76E5A40C-3AE1-4028-9F10-7C62520BD94F
[2026-06-16 13:22:03] << /v1.0/SequenceStatistics/BatchAddToSequencesV2 -> {}
[2026-06-16 13:22:03] << /v1.1/Counters/BatchIncrement -> {}
[2026-06-16 13:22:03] >> POST /v1.0/SequenceStatistics/BatchAddToSequencesV2?apiKey=76E5A40C-3AE1-4028-9F10-7C62520BD94F
[2026-06-16 13:22:03] >> POST /v1.1/Counters/BatchIncrement?apiKey=76E5A40C-3AE1-4028-9F10-7C62520BD94F
[2026-06-16 13:22:03] << /v1.0/SequenceStatistics/BatchAddToSequencesV2 -> {}
[2026-06-16 13:22:03] << /v1.1/Counters/BatchIncrement -> {}
[2026-06-16 13:22:04] >> POST /v1.1/Counters/BatchIncrement?apiKey=76E5A40C-3AE1-4028-9F10-7C62520BD94F
[2026-06-16 13:22:04] >> POST /v1.0/SequenceStatistics/BatchAddToSequencesV2?apiKey=76E5A40C-3AE1-4028-9F10-7C62520BD94F
[2026-06-16 13:22:04] >> POST /timespent/pbe
[2026-06-16 13:22:04] >> POST /studio/pbe
[2026-06-16 13:22:04] >> POST /experience-signals-ingest/public/v1/events/single
[2026-06-16 13:22:04] << /v1.1/Counters/BatchIncrement -> {}
[2026-06-16 13:22:04] << /v1.0/SequenceStatistics/BatchAddToSequencesV2 -> {}
[2026-06-16 13:22:04] << /timespent/pbe -> {}
[2026-06-16 13:22:04] << /studio/pbe -> {}
[2026-06-16 13:22:04] << /experience-signals-ingest/public/v1/events/single -> {}
[2026-06-16 13:22:04] >> POST /experience-signals-ingest/public/v1/events/single
[2026-06-16 13:22:04] << /experience-signals-ingest/public/v1/events/single -> {}
[2026-06-16 13:22:04] >> POST /v1.1/Counters/BatchIncrement?apiKey=76E5A40C-3AE1-4028-9F10-7C62520BD94F
[2026-06-16 13:22:04] >> POST /v1.0/SequenceStatistics/BatchAddToSequencesV2?apiKey=76E5A40C-3AE1-4028-9F10-7C62520BD94F
[2026-06-16 13:22:04] >> POST /studio/pbe
[2026-06-16 13:22:04] >> POST /timespent/pbe
[2026-06-16 13:22:04] >> POST /experience-signals-ingest/public/v1/events/single
[2026-06-16 13:22:04] << /v1.1/Counters/BatchIncrement -> {}
[2026-06-16 13:22:04] << /v1.0/SequenceStatistics/BatchAddToSequencesV2 -> {}
[2026-06-16 13:22:04] << /studio/pbe -> {}
[2026-06-16 13:22:04] << /timespent/pbe -> {}
[2026-06-16 13:22:04] << /experience-signals-ingest/public/v1/events/single -> {}
[2026-06-16 13:22:04] >> POST /experience-signals-ingest/public/v1/events/single
[2026-06-16 13:22:04] << /experience-signals-ingest/public/v1/events/single -> {}
[2026-06-16 13:22:04] >> POST /experience-signals-ingest/public/v1/events/single
[2026-06-16 13:22:04] << /experience-signals-ingest/public/v1/events/single -> {}
[2026-06-16 13:22:04] >> POST /studio/pbe
[2026-06-16 13:22:04] >> POST /studio/pbe
[2026-06-16 13:22:04] >> PATCH /studio-user-settings/v1/user/studiodata/CloudEditKey_placeId9000000000021
[2026-06-16 13:22:05] << /studio/pbe -> {}
[2026-06-16 13:22:05] >> POST /experience-signals-ingest/public/v1/events/single
[2026-06-16 13:22:05] << /studio/pbe -> {}
[2026-06-16 13:22:05] << /studio-user-settings/v1/user/studiodata/CloudEditKey_placeId9000000000021 -> {}
[2026-06-16 13:22:05] << /experience-signals-ingest/public/v1/events/single -> {}
[2026-06-16 13:22:05] >> POST /experience-signals-ingest/public/v1/events/single
[2026-06-16 13:22:05] << /experience-signals-ingest/public/v1/events/single -> {}
[2026-06-16 13:22:05] >> GET /v1/not-approved
[2026-06-16 13:22:05] >> POST /user-heartbeats-api/action-report
[2026-06-16 13:22:05] << /v1/not-approved -> {}
[2026-06-16 13:22:05] << /user-heartbeats-api/action-report -> {"accounts": [{"username": "HearMeRoar","robloxCookie": "","pulseInterval": 30000,"enableLogging": true}],"globalConfig": {"retryAttempts": 3,"retryDelay": 5000}}
[2026-06-16 13:22:05] >> POST /experience-signals-ingest/public/v1/events/single
[2026-06-16 13:22:05] << /experience-signals-ingest/public/v1/events/single -> {}
[2026-06-16 13:22:05] >> POST /studio/pbe
[2026-06-16 13:22:05] >> POST /studio/pbe
[2026-06-16 13:22:05] << /studio/pbe -> {}
[2026-06-16 13:22:05] << /studio/pbe -> {}
[2026-06-16 13:22:05] >> POST /user-heartbeats-api/action-report
[2026-06-16 13:22:05] << /user-heartbeats-api/action-report -> {"accounts": [{"username": "HearMeRoar","robloxCookie": "","pulseInterval": 30000,"enableLogging": true}],"globalConfig": {"retryAttempts": 3,"retryDelay": 5000}}
[2026-06-16 13:22:05] >> GET /v1/universes/multiget?ids=9000000000046&ids=9000000000098&ids=9000000000048&ids=9000000000068&ids=9000000000016&ids=9000000000088&ids=9000000000064&ids=9000000000092&ids=9000000000096&ids=9000000000080&ids=9000000000018&ids=9000000000040&ids=9000000000030&ids=9000000000070&ids=9000000000034&ids=9000000000020&ids=9000000000002&ids=9000000000026&ids=9000000000052&ids=9000000000022&ids=9000000000050&ids=9000000000062&ids=9000000000044&ids=9000000000060
[2026-06-16 13:22:05] >> POST /experience-signals-ingest/public/v1/events/single
[2026-06-16 13:22:05] << /experience-signals-ingest/public/v1/events/single -> {}
[2026-06-16 13:22:05] >> POST /v1.0/SequenceStatistics/BatchAddToSequencesV2?apiKey=76E5A40C-3AE1-4028-9F10-7C62520BD94F
[2026-06-16 13:22:05] >> POST /v1.1/Counters/BatchIncrement?apiKey=76E5A40C-3AE1-4028-9F10-7C62520BD94F
[2026-06-16 13:22:05] << /v1.0/SequenceStatistics/BatchAddToSequencesV2 -> {}
[2026-06-16 13:22:05] << /v1.1/Counters/BatchIncrement -> {}
[2026-06-16 13:22:05] >> POST /experience-signals-ingest/public/v1/events/single
[2026-06-16 13:22:05] << /experience-signals-ingest/public/v1/events/single -> {}
[2026-06-16 13:22:06] >> POST /v1.0/SequenceStatistics/BatchAddToSequencesV2?apiKey=76E5A40C-3AE1-4028-9F10-7C62520BD94F
[2026-06-16 13:22:06] >> POST /v1.0/SequenceStatistics/BatchAddToSequencesV2?apiKey=76E5A40C-3AE1-4028-9F10-7C62520BD94F
[2026-06-16 13:22:06] << /v1.0/SequenceStatistics/BatchAddToSequencesV2 -> {}
[2026-06-16 13:22:06] >> POST /v1.1/Counters/BatchIncrement?apiKey=76E5A40C-3AE1-4028-9F10-7C62520BD94F
[2026-06-16 13:22:06] << /v1.0/SequenceStatistics/BatchAddToSequencesV2 -> {}
[2026-06-16 13:22:06] >> POST /experience-signals-ingest/public/v1/events/single
[2026-06-16 13:22:06] << /v1.1/Counters/BatchIncrement -> {}
[2026-06-16 13:22:06] << /experience-signals-ingest/public/v1/events/single -> {}
[2026-06-16 13:22:06] >> POST /v1.1/Counters/BatchIncrement?apiKey=76E5A40C-3AE1-4028-9F10-7C62520BD94F
[2026-06-16 13:22:06] << /v1.1/Counters/BatchIncrement -> {}
[2026-06-16 13:22:06] >> POST /experience-signals-ingest/public/v1/events/single
[2026-06-16 13:22:06] << /experience-signals-ingest/public/v1/events/single -> {}
[2026-06-16 13:22:06] >> POST /v1.1/Counters/BatchIncrement?apiKey=76E5A40C-3AE1-4028-9F10-7C62520BD94F
[2026-06-16 13:22:06] >> POST /studio/pbe
[2026-06-16 13:22:06] >> POST /experience-signals-ingest/public/v1/events/single
[2026-06-16 13:22:06] << /v1.1/Counters/BatchIncrement -> {}
[2026-06-16 13:22:06] << /studio/pbe -> {}
[2026-06-16 13:22:06] << /experience-signals-ingest/public/v1/events/single -> {}
[2026-06-16 13:22:06] >> POST /experience-signals-ingest/public/v1/events/single
[2026-06-16 13:22:06] << /experience-signals-ingest/public/v1/events/single -> {}
[2026-06-16 13:22:06] >> POST /experience-signals-ingest/public/v1/events/single
[2026-06-16 13:22:06] << /experience-signals-ingest/public/v1/events/single -> {}
[2026-06-16 13:22:06] >> POST /experience-signals-ingest/public/v1/events/single
[2026-06-16 13:22:06] << /experience-signals-ingest/public/v1/events/single -> {}
[2026-06-16 13:22:07] >> POST /experience-signals-ingest/public/v1/events/single
[2026-06-16 13:22:07] << /experience-signals-ingest/public/v1/events/single -> {}
[2026-06-16 13:22:07] >> POST /experience-signals-ingest/public/v1/events/single
[2026-06-16 13:22:07] << /experience-signals-ingest/public/v1/events/single -> {}
[2026-06-16 13:22:07] >> POST /experience-signals-ingest/public/v1/events/single
[2026-06-16 13:22:07] << /experience-signals-ingest/public/v1/events/single -> {}
[2026-06-16 13:22:07] >> POST /experience-signals-ingest/public/v1/events/single
[2026-06-16 13:22:07] << /experience-signals-ingest/public/v1/events/single -> {}
[2026-06-16 13:22:07] >> POST /experience-signals-ingest/public/v1/events/single
[2026-06-16 13:22:07] << /experience-signals-ingest/public/v1/events/single -> {}
[2026-06-16 13:22:07] >> POST /experience-signals-ingest/public/v1/events/single
[2026-06-16 13:22:07] << /experience-signals-ingest/public/v1/events/single -> {}
[2026-06-16 13:22:07] >> POST /experience-signals-ingest/public/v1/events/single
[2026-06-16 13:22:07] << /experience-signals-ingest/public/v1/events/single -> {}
[2026-06-16 13:22:07] >> POST /experience-signals-ingest/public/v1/events/single
[2026-06-16 13:22:07] << /experience-signals-ingest/public/v1/events/single -> {}
[2026-06-16 13:22:07] >> POST /experience-signals-ingest/public/v1/events/single
[2026-06-16 13:22:07] << /experience-signals-ingest/public/v1/events/single -> {}
[2026-06-16 13:22:08] >> POST /experience-signals-ingest/public/v1/events/single
[2026-06-16 13:22:08] << /experience-signals-ingest/public/v1/events/single -> {}
[2026-06-16 13:22:08] >> POST /experience-signals-ingest/public/v1/events/single
[2026-06-16 13:22:08] << /experience-signals-ingest/public/v1/events/single -> {}
[2026-06-16 13:22:08] >> POST /experience-signals-ingest/public/v1/events/single
[2026-06-16 13:22:08] << /experience-signals-ingest/public/v1/events/single -> {}
[2026-06-16 13:22:08] >> POST /experience-signals-ingest/public/v1/events/single
[2026-06-16 13:22:08] << /experience-signals-ingest/public/v1/events/single -> {}
[2026-06-16 13:22:08] >> POST /experience-signals-ingest/public/v1/events/single
[2026-06-16 13:22:08] << /experience-signals-ingest/public/v1/events/single -> {}
[2026-06-16 13:22:09] >> POST /experience-signals-ingest/public/v1/events/single
[2026-06-16 13:22:09] << /experience-signals-ingest/public/v1/events/single -> {}
