[2026-06-16 14:25:40] === HookedWebserver startup ===
[2026-06-16 14:25:40] DLL directory: C:\Users\catoa\Desktop\Roblox Downloads\OffBloxModern\Clients\OffBlox\
[2026-06-16 14:25:40] Username: HearMeRoar  UserId: 14463315
[2026-06-16 14:25:40] HTTP port: 80  HTTPS port: 443
[2026-06-16 14:25:40] Winsock initialized
[2026-06-16 14:25:40] Sign key: loaded OK
[2026-06-16 14:25:40] SSL: PEM cert+key loaded OK (PKCS#8 key, no PFX needed)
[2026-06-16 14:25:40] SSL/TLS: loaded OK
[2026-06-16 14:25:40] Server ACTIVE — listening on HTTP:80 and HTTPS:443
[2026-06-16 14:25:40] Startup complete.
[2026-06-16 14:25:40] Roblox cookie probe (users/authenticated): HTTP 200 -> valid
[2026-06-16 14:25:40] Roblox cookie: loaded & valid
[2026-06-16 14:25:40] >> GET /guac-v2/v1/bundles/studio
[2026-06-16 14:25:40] >> GET /v2/client-version/WindowsStudio64
[2026-06-16 14:25:40] << /guac-v2/v1/bundles/studio -> {"version":"1","bundle":{"name":"studio","configurations":{"Feature_DisableOldCookieManagementSticky":"0;100","Feature_UnifiedCookieProtocolEnabled":"0;100","Feature_UnifiedCookieProtocolEnabledSticky":"0;100","Feature_AccessCookiesWithUrlEnabledSticky":"0;100"},"experiments":{}}}
[2026-06-16 14:25:40] >> GET /v2/settings/application/PCStudioApp
[2026-06-16 14:25:40] << /v2/client-version/WindowsStudio64 -> {"version":"0.578.0.5780566","clientVersionUpload":"version-f0b439683245446c","bootstrapperVersion":"1.0.0.0","nextClientVersion":"0.578.0.5780566","nextClientVersionUpload":"version-f0b439683245446c","flagOnly":true}
[2026-06-16 14:25:40] >> GET /oauth/.well-known/openid-configuration
[2026-06-16 14:25:40] << /oauth/.well-known/openid-configuration -> {"issuer":"http://localhost/oauth/","authorization_endpoint":"http://localhost/oauth/v1/authorize","token_endpoint":"http://localhost/oauth/v1/token","introspection_endpoint":"http://localhost/oauth/v1/token/introspect","revocation_endpoint":"http://localhost/oauth/v1/token/revoke","resources_endpoint":"http://localhost/oauth/v1/token/resources","userinfo_endpoint":"http://localhost/oauth/v1/userinfo","jwks_uri":"http://localhost/oauth/v1/certs","registration_endpoint":"http://localhost/dashboard/credentials","service_documentation":"http://localhost/docs/reference/cloud","scopes_supported":["openid","profile","email","verification","credentials","age","premium","roles","attributes"],"response_types_supported":["none","code"],"subject_types_supported":["public"],"id_token_signing_alg_values_supported":["ES256"],"claims_supported":["sub","type","iss","aud","exp","iat","nonce","name","nickname","preferred_username","created_at","profile","picture","email","email_ve
[2026-06-16 14:25:40] >> POST /studio/pbe
[2026-06-16 14:25:40] << /studio/pbe -> {}
[2026-06-16 14:25:41] >> POST /product-experimentation-platform/v1/projects/1/values
[2026-06-16 14:25:41] << /product-experimentation-platform/v1/projects/1/values -> {"assignments":[]}
[2026-06-16 14:25:41] >> POST /studio/pbe
[2026-06-16 14:25:41] << /studio/pbe -> {}
[2026-06-16 14:25:41] >> POST /v1.0/SequenceStatistics/BatchAddToSequencesV2?apiKey=76E5A40C-3AE1-4028-9F10-7C62520BD94F
[2026-06-16 14:25:41] << /v1.0/SequenceStatistics/BatchAddToSequencesV2 -> {}
[2026-06-16 14:25:42] >> POST /v1.1/Counters/BatchIncrement?apiKey=76E5A40C-3AE1-4028-9F10-7C62520BD94F
[2026-06-16 14:25:42] << /v1.1/Counters/BatchIncrement -> {}
[2026-06-16 14:25:42] >> GET /oauth/v1/authorize?response_type=code&code_challenge=kEKQ6SMraNCACbmThw0RAfQuSu9DEaLZncf0If1Sw9w&code_challenge_method=S256&client_id&redirect_uri=roblox-studio-auth%3A%2F&scope=openid+credentials+profile+age+roles+premium+verification&nonce=id-roblox&state=eyJwaWQiOiIzMzEyOCIsImV2ZW50X2hhbmRsZXJfbmFtZSI6IkV4dGVybmFsTG9naW5GbG93IiwiZGF0YSI6IkZ5ZEVNRVU1U2N2V0hCMzhRQnFyUUw4VVpBRThablNLUnpPZGh4UDV6RFEifQ%3D%3D
[2026-06-16 14:25:42] /authorize: client_id='roblox_studio_client' nonce='id-roblox' redirect_uri='roblox-studio-auth:/'
[2026-06-16 14:25:43] >> POST /oauth/v1/token
[2026-06-16 14:25:43] /v1/token body: [grant_type=authorization_code&code=hardcoded_auth_code_2023&code_verifier=9Fp6ILazOu3aI2RAUtFdCx63TIIG5KEKUJYK6oIWp_Q&client_id=]
[2026-06-16 14:25:43] /v1/token qs client_id: [(missing)]
[2026-06-16 14:25:43] << /oauth/v1/token -> {"access_token":"hardcoded_access_token","token_type":"Bearer","expires_in":1800,"refresh_token":"hardcoded_refresh_token","scope":"openid credentials profile age roles premium","id_token":"eyJhbGciOiJFUzI1NiIsInR5cCI6IkpXVCIsImtpZCI6ImhhcmRjb2RlZC1rZXktMSJ9.eyJzdWIiOiIxNDQ2MzMxNSIsInR5cGUiOiJVc2VyIiwiaXNzIjoiaHR0cDovL2xvY2FsaG9zdC9vYXV0aC8iLCJhdWQiOiJyb2Jsb3hfc3R1ZGlvX2NsaWVudCIsImV4cCI6MTc4MTY0NjkzOCwiaWF0IjoxNzgxNjQ1MTM4LCJub25jZSI6ImlkLXJvYmxveCIsIm5hbWUiOiJIZWFyTWVSb2FyIiwibmlja25hbWUiOiJEZXYiLCJwcmVmZXJyZWRfdXNlcm5hbWUiOiJIZWFyTWVSb2FyIiwiY3JlYXRlZF9hdCI6MTY4MDAwMDAwMCwicHJvZmlsZSI6Imh0dHBzOi8vd3d3LnJvYmxveC5jb20vdXNlcnMvMTQ0NjMzMTUvcHJvZmlsZSIsInBpY3R1cmUiOiJodHRwczovL3d3dy5yb2Jsb3guY29tL2hlYWRzaG90LXRodW1ibmFpbC9pbWFnZT91c2VySWQ9MTQ0NjMzMTUmd2lkdGg9NDIwJmhlaWdodD00MjAiLCJlbWFpbCI6ImRldkByb2Jsb3guZXhhbXBsZSIsImVtYWlsX3ZlcmlmaWVkIjp0cnVlLCJ2ZXJpZmllZCI6dHJ1ZSwiYWdlX2JyYWNrZXQiOiIxOCsiLCJwcmVtaXVtIjp0cnVlLCJyb2xlcyI6WyJEZXZlbG9wZXIiXSwiaW50ZXJuYWxfdXNlciI6ZmFsc2UsImF0dHJpYnV0ZXMiOn
[2026-06-16 14:25:43] >> GET /oauth/v1/userinfo
[2026-06-16 14:25:43] << /oauth/v1/userinfo -> {"sub":"14463315","type":"User","iss":"http://localhost/oauth/","aud":"roblox_studio_client","exp":1781648743,"iat":1781645143,"nonce":"id-roblox","name":"HearMeRoar","nickname":"Dev","preferred_username":"HearMeRoar","created_at":1680000000,"email":"dev@roblox.example","email_verified":true,"verified":true,"age_bracket":"18+","premium":true,"roles":["Developer"],"internal_user":false,"attributes":{}}
[2026-06-16 14:25:43] >> POST /validate-machine
[2026-06-16 14:25:43] << /validate-machine -> {}
[2026-06-16 14:25:44] >> GET /v1/not-approved
[2026-06-16 14:25:44] << /v1/not-approved -> {}
[2026-06-16 14:25:44] >> POST /product-experimentation-platform/v1/projects/1/values
[2026-06-16 14:25:44] >> POST /product-experimentation-platform/v1/projects/1/values
[2026-06-16 14:25:44] << /product-experimentation-platform/v1/projects/1/values -> {"assignments":[]}
[2026-06-16 14:25:44] << /product-experimentation-platform/v1/projects/1/values -> {"assignments":[]}
[2026-06-16 14:25:44] >> POST /user-heartbeats-api/action-report
[2026-06-16 14:25:44] >> POST /product-experimentation-platform/v1/projects/1/values
[2026-06-16 14:25:44] >> GET /userhub/?id=
[2026-06-16 14:25:44] << /user-heartbeats-api/action-report -> {"accounts": [{"username": "HearMeRoar","robloxCookie": "","pulseInterval": 30000,"enableLogging": true}],"globalConfig": {"retryAttempts": 3,"retryDelay": 5000}}
[2026-06-16 14:25:44] << /product-experimentation-platform/v1/projects/1/values -> {"assignments":[]}
[2026-06-16 14:25:44] 404 GET /userhub/
[2026-06-16 14:25:44] << /userhub/ -> {"errors":[{"code":"NotFound","message":"Not found"}]}
[2026-06-16 14:25:44] >> GET /studio-user-data-api/beta-feature?pageSize=1000000000
[2026-06-16 14:25:44] << /studio-user-data-api/beta-feature -> {}
[2026-06-16 14:25:44] >> GET /studio-user-data-api/beta-feature-metadata
[2026-06-16 14:25:44] >> GET /studio-user-settings/plugin-permissions/v2/plugins?permissionType=ScriptInjection&cursor&pageSize=100
[2026-06-16 14:25:44] >> GET /studio-user-settings/plugin-permissions/v2/plugins?permissionType=HttpService&cursor&pageSize=100
[2026-06-16 14:25:44] >> GET /studio-user-data-api/plugin-metadata?pageSize=1000000000
[2026-06-16 14:25:44] >> GET /v2/user-channel?binaryType=WindowsStudio64
[2026-06-16 14:25:44] << /studio-user-data-api/beta-feature-metadata -> {}
[2026-06-16 14:25:44] << /studio-user-settings/plugin-permissions/v2/plugins -> {}
[2026-06-16 14:25:44] << /studio-user-settings/plugin-permissions/v2/plugins -> {}
[2026-06-16 14:25:44] << /studio-user-data-api/plugin-metadata -> {}
[2026-06-16 14:25:44] << /v2/user-channel -> {}
[2026-06-16 14:25:44] >> GET /access-management/v1/feature-access?featureNames=ShowIllegalContentReport&nameSpace=studio%2FSafetyFeatures
[2026-06-16 14:25:44] << /access-management/v1/feature-access -> {"featureAccess":[],"data":[]}
[2026-06-16 14:25:45] >> GET /v1/universes/multiget?ids=9000000000020&ids=9000000000124&ids=9000000000088&ids=9000000000048&ids=9000000000046&ids=9000000000098&ids=9000000000068&ids=9000000000016&ids=9000000000064&ids=9000000000092&ids=9000000000096&ids=9000000000080&ids=9000000000018&ids=9000000000040&ids=9000000000030&ids=9000000000070&ids=9000000000034&ids=9000000000002&ids=9000000000026&ids=9000000000052&ids=9000000000022&ids=9000000000050&ids=9000000000062&ids=9000000000044
[2026-06-16 14:25:45] >> GET /my/settings/json
[2026-06-16 14:25:45] << /my/settings/json -> {"UserId":14463315,"UserName":"HearMeRoar","DisplayName":"HearMeRoar","RobuxBalance":9999999999,"IsEmailVerified":true,"IsPremiumUser":true,"AgeBracket":0,"CountryCode":"US","Roles":["Developer","Soothsayer"],"AccountAgeInDays":1324354}
[2026-06-16 14:25:45] >> GET /v2/assets/9000000000021/details
[2026-06-16 14:25:45] >> GET /v1/games/icons?universeIds=9000000000020&returnPolicy=AutoGenerated&size=256x256&format=Png&isCircular=false
[2026-06-16 14:25:45] << /v2/assets/9000000000021/details -> {"TargetId":9000000000021,"AssetId":9000000000021,"ProductId":9000000000021,"assetId":9000000000021,"id":9000000000021,"Id":9000000000021,"TargetPlaceId":9000000000021,"PlaceId":9000000000021,"ProductType":"User Product","Name":"Flood Escape 1.6.5","Description":"","AssetTypeId":9,"assetTypeId":9,"Creator":{"Id":14463315,"Name":"HearMeRoar","CreatorType":"User","CreatorTargetId":14463315,"HasVerifiedBadge":false,"id":14463315,"type":1,"creatorType":"User","creatorTargetId":14463315},"IconImageAssetId":0,"Created":"2022-05-11T13:27:09.897Z","Updated":"2022-06-19T07:23:39.03Z","created":"2022-05-11T13:27:09.897Z","updated":"2022-06-19T07:23:39.03Z","PriceInRobux":null,"Sales":0,"IsNew":false,"IsForSale":false,"IsPublicDomain":true,"IsLimited":false,"IsLimitedUnique":false,"isPublic":true,"isForSale":false,"isLimited":false,"isLimitedUnique":false,"enableComments":false}
[2026-06-16 14:25:45] << /v1/games/icons -> {"data":[{"targetId":9000000000020,"state":"Completed","imageUrl":"http://localhost/Png.png"}]}
[2026-06-16 14:25:45] >> GET /Png.png
[2026-06-16 14:25:45] >> GET /userhub/?id=
[2026-06-16 14:25:45] 404 GET /userhub/
[2026-06-16 14:25:45] << /userhub/ -> {"errors":[{"code":"NotFound","message":"Not found"}]}
[2026-06-16 14:25:45] >> GET /v1/universes/multiget/teamcreate?ids=9000000000020&ids=9000000000124&ids=9000000000088&ids=9000000000048&ids=9000000000046&ids=9000000000098&ids=9000000000068&ids=9000000000016&ids=9000000000064&ids=9000000000092&ids=9000000000096&ids=9000000000080&ids=9000000000018&ids=9000000000040&ids=9000000000030&ids=9000000000070&ids=9000000000034&ids=9000000000002&ids=9000000000026&ids=9000000000052&ids=9000000000022&ids=9000000000050&ids=9000000000062&ids=9000000000044
[2026-06-16 14:25:45] TeamCreate stub (disabled): GET /v1/universes/multiget/teamcreate
[2026-06-16 14:25:45] << /v1/universes/multiget/teamcreate -> {"data":[{"id":9000000000020,"isEnabled":false},{"id":9000000000124,"isEnabled":false},{"id":9000000000088,"isEnabled":false},{"id":9000000000048,"isEnabled":false},{"id":9000000000046,"isEnabled":false},{"id":9000000000098,"isEnabled":false},{"id":9000000000068,"isEnabled":false},{"id":9000000000016,"isEnabled":false},{"id":9000000000064,"isEnabled":false},{"id":9000000000092,"isEnabled":false},{"id":9000000000096,"isEnabled":false},{"id":9000000000080,"isEnabled":false},{"id":9000000000018,"isEnabled":false},{"id":9000000000040,"isEnabled":false},{"id":9000000000030,"isEnabled":false},{"id":9000000000070,"isEnabled":false},{"id":9000000000034,"isEnabled":false},{"id":9000000000002,"isEnabled":false},{"id":9000000000026,"isEnabled":false},{"id":9000000000052,"isEnabled":false},{"id":9000000000022,"isEnabled":false},{"id":9000000000050,"isEnabled":false},{"id":9000000000062,"isEnabled":false},{"id":9000000000044,"isEnabled":false}]}
[2026-06-16 14:25:45] >> POST /v1/users
[2026-06-16 14:25:45] << /v1/users -> {"data":[{"hasVerifiedBadge":false,"id":14463315,"name":"HearMeRoar","displayName":"HearMeRoar"}]}
[2026-06-16 14:25:45] >> GET /studio-open-place/v1/openplace?placeId=9000000000021
[2026-06-16 14:25:45] << /studio-open-place/v1/openplace -> {"universe":{"Id":9000000000020,"RootPlaceId":9000000000021,"Name":"Flood Escape 1.6.5","Description":"","IsArchived":false,"CreatorType":"User","CreatorTargetId":14463315,"PrivacyType":"Private","Created":"2022-01-01T00:00:00.000+00:00","Updated":"2022-01-01T00:00:00.000+00:00"},"teamCreateEnabled":false,"place":{"Creator":{"CreatorType":"User","CreatorTargetId":14463315}}}
[2026-06-16 14:25:45] >> POST /asset-permissions-api/v1/assets/check-permissions
[2026-06-16 14:25:45] asset-permissions assetId=9000000000021 -> HasPermission
[2026-06-16 14:25:45] asset-permissions check done: /asset-permissions-api/v1/assets/check-permissions
[2026-06-16 14:25:45] << /asset-permissions-api/v1/assets/check-permissions -> {"results":[{"value":{"status":"HasPermission"}}]}
[2026-06-16 14:25:45] >> GET /v1/gametemplates?searchKey=Templates&pageSize=30&search=All&isTemplates=true
[2026-06-16 14:25:45] << /v1/gametemplates -> {"data":[{"gameTemplateType":"Generic","hasTutorials":false,"universe":{"id":28220420,"name":"Baseplate","description":"Start from a clean baseplate.","isArchived":false,"rootPlaceId":95206881,"privacyType":"Public","creatorType":"User","creatorTargetId":998796,"creatorName":"Templates","created":"2017-04-26T00:00:00Z","updated":"2017-04-26T00:00:00Z","isFriendsOnly":false,"audiences":[1,3,4]}}]}
[2026-06-16 14:25:46] >> GET /doc-site/v2/feeds?surfaceType=StudioStart
[2026-06-16 14:25:46] << /doc-site/v2/feeds -> {"data":{"feedItems":[]}}
[2026-06-16 14:25:46] >> GET /v2/universes/9000000000020/places?limit=50&SortOrder=Asc
[2026-06-16 14:25:46] << /v2/universes/9000000000020/places -> {"previousPageCursor":null,"nextPageCursor":null,"data":[{"maxPlayerCount":null,"socialSlotType":null,"customSocialSlotsCount":null,"allowCopying":null,"currentSavedVersion":1,"isAllGenresAllowed":null,"allowedGearTypes":null,"maxPlayersAllowed":0,"created":"2022-01-01T00:00:00.000Z","updated":"2022-01-01T00:00:00.000Z","id":9000000000021,"universeId":9000000000020,"name":"Flood Escape 1.6.5","description":"","isRootPlace":true}]}
[2026-06-16 14:25:46] >> GET /v2/universes/9000000000124/places?limit=50&SortOrder=Asc
[2026-06-16 14:25:46] << /v2/universes/9000000000124/places -> {"previousPageCursor":null,"nextPageCursor":null,"data":[{"maxPlayerCount":null,"socialSlotType":null,"customSocialSlotsCount":null,"allowCopying":null,"currentSavedVersion":1,"isAllGenresAllowed":null,"allowedGearTypes":null,"maxPlayersAllowed":0,"created":"2022-01-01T00:00:00.000Z","updated":"2022-01-01T00:00:00.000Z","id":9000000000125,"universeId":9000000000124,"name":"testt","description":"","isRootPlace":true}]}
[2026-06-16 14:25:46] >> GET /v2/universes/9000000000088/places?limit=50&SortOrder=Asc
[2026-06-16 14:25:46] << /v2/universes/9000000000088/places -> {"previousPageCursor":null,"nextPageCursor":null,"data":[{"maxPlayerCount":null,"socialSlotType":null,"customSocialSlotsCount":null,"allowCopying":null,"currentSavedVersion":1,"isAllGenresAllowed":null,"allowedGearTypes":null,"maxPlayersAllowed":0,"created":"2022-01-01T00:00:00.000Z","updated":"2022-01-01T00:00:00.000Z","id":9000000000089,"universeId":9000000000088,"name":"Muffin Kombat","description":"","isRootPlace":true}]}
[2026-06-16 14:25:47] >> GET /v2/universes/9000000000048/places?limit=50&SortOrder=Asc
[2026-06-16 14:25:47] << /v2/universes/9000000000048/places -> {"previousPageCursor":null,"nextPageCursor":null,"data":[{"maxPlayerCount":null,"socialSlotType":null,"customSocialSlotsCount":null,"allowCopying":null,"currentSavedVersion":1,"isAllGenresAllowed":null,"allowedGearTypes":null,"maxPlayersAllowed":0,"created":"2022-01-01T00:00:00.000Z","updated":"2022-01-01T00:00:00.000Z","id":9000000000049,"universeId":9000000000048,"name":"Pokemon Brick Bronze","description":"","isRootPlace":true}]}
[2026-06-16 14:25:47] >> GET /v2/universes/9000000000046/places?limit=50&SortOrder=Asc
[2026-06-16 14:25:47] >> POST /v1/batch
[2026-06-16 14:25:47] << /v2/universes/9000000000046/places -> {"previousPageCursor":null,"nextPageCursor":null,"data":[{"maxPlayerCount":null,"socialSlotType":null,"customSocialSlotsCount":null,"allowCopying":null,"currentSavedVersion":1,"isAllGenresAllowed":null,"allowedGearTypes":null,"maxPlayersAllowed":0,"created":"2022-01-01T00:00:00.000Z","updated":"2022-01-01T00:00:00.000Z","id":9000000000047,"universeId":9000000000046,"name":"Phantom Forces","description":"","isRootPlace":true}]}
[2026-06-16 14:25:47] << /v1/batch -> {"data":[]}
[2026-06-16 14:25:47] >> GET /v2/universes/9000000000098/places?limit=50&SortOrder=Asc
[2026-06-16 14:25:47] << /v2/universes/9000000000098/places -> {"previousPageCursor":null,"nextPageCursor":null,"data":[{"maxPlayerCount":null,"socialSlotType":null,"customSocialSlotsCount":null,"allowCopying":null,"currentSavedVersion":1,"isAllGenresAllowed":null,"allowedGearTypes":null,"maxPlayersAllowed":0,"created":"2022-01-01T00:00:00.000Z","updated":"2022-01-01T00:00:00.000Z","id":9000000000099,"universeId":9000000000098,"name":"Youtube Tycoon","description":"","isRootPlace":true}]}
[2026-06-16 14:25:47] >> GET /userhub/?id=
[2026-06-16 14:25:47] 404 GET /userhub/
[2026-06-16 14:25:47] << /userhub/ -> {"errors":[{"code":"NotFound","message":"Not found"}]}
[2026-06-16 14:25:47] >> GET /v2/universes/9000000000068/places?limit=50&SortOrder=Asc
[2026-06-16 14:25:47] << /v2/universes/9000000000068/places -> {"previousPageCursor":null,"nextPageCursor":null,"data":[{"maxPlayerCount":null,"socialSlotType":null,"customSocialSlotsCount":null,"allowCopying":null,"currentSavedVersion":1,"isAllGenresAllowed":null,"allowedGearTypes":null,"maxPlayersAllowed":0,"created":"2022-01-01T00:00:00.000Z","updated":"2022-01-01T00:00:00.000Z","id":9000000000069,"universeId":9000000000068,"name":"Weight Lifting Simulator 2","description":"","isRootPlace":true}]}
[2026-06-16 14:25:47] >> GET /v2/universes/9000000000016/places?limit=50&SortOrder=Asc
[2026-06-16 14:25:47] << /v2/universes/9000000000016/places -> {"previousPageCursor":null,"nextPageCursor":null,"data":[{"maxPlayerCount":null,"socialSlotType":null,"customSocialSlotsCount":null,"allowCopying":null,"currentSavedVersion":1,"isAllGenresAllowed":null,"allowedGearTypes":null,"maxPlayersAllowed":0,"created":"2022-01-01T00:00:00.000Z","updated":"2022-01-01T00:00:00.000Z","id":9000000000017,"universeId":9000000000016,"name":"Prison Life V2.0","description":"","isRootPlace":true}]}
[2026-06-16 14:25:48] >> GET /v2/universes/9000000000064/places?limit=50&SortOrder=Asc
[2026-06-16 14:25:48] << /v2/universes/9000000000064/places -> {"previousPageCursor":null,"nextPageCursor":null,"data":[{"maxPlayerCount":null,"socialSlotType":null,"customSocialSlotsCount":null,"allowCopying":null,"currentSavedVersion":1,"isAllGenresAllowed":null,"allowedGearTypes":null,"maxPlayersAllowed":0,"created":"2022-01-01T00:00:00.000Z","updated":"2022-01-01T00:00:00.000Z","id":9000000000065,"universeId":9000000000064,"name":"New MM2","description":"","isRootPlace":true}]}
[2026-06-16 14:25:48] >> GET /v2/universes/9000000000092/places?limit=50&SortOrder=Asc
[2026-06-16 14:25:48] << /v2/universes/9000000000092/places -> {"previousPageCursor":null,"nextPageCursor":null,"data":[{"maxPlayerCount":null,"socialSlotType":null,"customSocialSlotsCount":null,"allowCopying":null,"currentSavedVersion":1,"isAllGenresAllowed":null,"allowedGearTypes":null,"maxPlayersAllowed":0,"created":"2022-01-01T00:00:00.000Z","updated":"2022-01-01T00:00:00.000Z","id":9000000000093,"universeId":9000000000092,"name":"Meepcity","description":"","isRootPlace":true}]}
[2026-06-16 14:25:48] >> GET /v2/universes/9000000000096/places?limit=50&SortOrder=Asc
[2026-06-16 14:25:48] << /v2/universes/9000000000096/places -> {"previousPageCursor":null,"nextPageCursor":null,"data":[{"maxPlayerCount":null,"socialSlotType":null,"customSocialSlotsCount":null,"allowCopying":null,"currentSavedVersion":1,"isAllGenresAllowed":null,"allowedGearTypes":null,"maxPlayersAllowed":0,"created":"2022-01-01T00:00:00.000Z","updated":"2022-01-01T00:00:00.000Z","id":9000000000097,"universeId":9000000000096,"name":"Tower of hell","description":"","isRootPlace":true}]}
[2026-06-16 14:25:48] >> GET /v2/universes/9000000000080/places?limit=50&SortOrder=Asc
[2026-06-16 14:25:48] << /v2/universes/9000000000080/places -> {"previousPageCursor":null,"nextPageCursor":null,"data":[{"maxPlayerCount":null,"socialSlotType":null,"customSocialSlotsCount":null,"allowCopying":null,"currentSavedVersion":1,"isAllGenresAllowed":null,"allowedGearTypes":null,"maxPlayersAllowed":0,"created":"2022-01-01T00:00:00.000Z","updated":"2022-01-01T00:00:00.000Z","id":9000000000081,"universeId":9000000000080,"name":"Work at a pizza place","description":"","isRootPlace":true}]}
[2026-06-16 14:25:48] >> GET /v2/universes/9000000000018/places?limit=50&SortOrder=Asc
[2026-06-16 14:25:48] << /v2/universes/9000000000018/places -> {"previousPageCursor":null,"nextPageCursor":null,"data":[{"maxPlayerCount":null,"socialSlotType":null,"customSocialSlotsCount":null,"allowCopying":null,"currentSavedVersion":1,"isAllGenresAllowed":null,"allowedGearTypes":null,"maxPlayersAllowed":0,"created":"2022-01-01T00:00:00.000Z","updated":"2022-01-01T00:00:00.000Z","id":9000000000019,"universeId":9000000000018,"name":"Natural Disaster Survival","description":"","isRootPlace":true}]}
[2026-06-16 14:25:49] >> GET /v2/universes/9000000000040/places?limit=50&SortOrder=Asc
[2026-06-16 14:25:49] << /v2/universes/9000000000040/places -> {"previousPageCursor":null,"nextPageCursor":null,"data":[{"maxPlayerCount":null,"socialSlotType":null,"customSocialSlotsCount":null,"allowCopying":null,"currentSavedVersion":1,"isAllGenresAllowed":null,"allowedGearTypes":null,"maxPlayersAllowed":0,"created":"2022-01-01T00:00:00.000Z","updated":"2022-01-01T00:00:00.000Z","id":9000000000041,"universeId":9000000000040,"name":"Epic Minigames","description":"","isRootPlace":true}]}
[2026-06-16 14:25:49] >> GET /v2/universes/9000000000030/places?limit=50&SortOrder=Asc
[2026-06-16 14:25:49] << /v2/universes/9000000000030/places -> {"previousPageCursor":null,"nextPageCursor":null,"data":[{"maxPlayerCount":null,"socialSlotType":null,"customSocialSlotsCount":null,"allowCopying":null,"currentSavedVersion":1,"isAllGenresAllowed":null,"allowedGearTypes":null,"maxPlayersAllowed":0,"created":"2022-01-01T00:00:00.000Z","updated":"2022-01-01T00:00:00.000Z","id":9000000000031,"universeId":9000000000030,"name":"Twisted Murderer","description":"","isRootPlace":true}]}
[2026-06-16 14:25:49] >> GET /v2/universes/9000000000070/places?limit=50&SortOrder=Asc
[2026-06-16 14:25:49] << /v2/universes/9000000000070/places -> {"previousPageCursor":null,"nextPageCursor":null,"data":[{"maxPlayerCount":null,"socialSlotType":null,"customSocialSlotsCount":null,"allowCopying":null,"currentSavedVersion":1,"isAllGenresAllowed":null,"allowedGearTypes":null,"maxPlayersAllowed":0,"created":"2022-01-01T00:00:00.000Z","updated":"2022-01-01T00:00:00.000Z","id":9000000000071,"universeId":9000000000070,"name":"Speed run 4","description":"","isRootPlace":true}]}
[2026-06-16 14:25:49] >> GET /v2/universes/9000000000034/places?limit=50&SortOrder=Asc
[2026-06-16 14:25:49] << /v2/universes/9000000000034/places -> {"previousPageCursor":null,"nextPageCursor":null,"data":[{"maxPlayerCount":null,"socialSlotType":null,"customSocialSlotsCount":null,"allowCopying":null,"currentSavedVersion":1,"isAllGenresAllowed":null,"allowedGearTypes":null,"maxPlayersAllowed":0,"created":"2022-01-01T00:00:00.000Z","updated":"2022-01-01T00:00:00.000Z","id":9000000000035,"universeId":9000000000034,"name":"Assassin","description":"","isRootPlace":true}]}
[2026-06-16 14:25:50] >> GET /v2/universes/9000000000002/places?limit=50&SortOrder=Asc
[2026-06-16 14:25:50] << /v2/universes/9000000000002/places -> {"previousPageCursor":null,"nextPageCursor":null,"data":[{"maxPlayerCount":null,"socialSlotType":null,"customSocialSlotsCount":null,"allowCopying":null,"currentSavedVersion":1,"isAllGenresAllowed":null,"allowedGearTypes":null,"maxPlayersAllowed":0,"created":"2022-01-01T00:00:00.000Z","updated":"2022-01-01T00:00:00.000Z","id":9000000000003,"universeId":9000000000002,"name":"Theme park tycoon 2","description":"","isRootPlace":true}]}
[2026-06-16 14:25:50] >> GET /v2/universes/9000000000026/places?limit=50&SortOrder=Asc
[2026-06-16 14:25:50] >> POST /user-heartbeats-api/action-report
[2026-06-16 14:25:50] << /v2/universes/9000000000026/places -> {"previousPageCursor":null,"nextPageCursor":null,"data":[{"maxPlayerCount":null,"socialSlotType":null,"customSocialSlotsCount":null,"allowCopying":null,"currentSavedVersion":1,"isAllGenresAllowed":null,"allowedGearTypes":null,"maxPlayersAllowed":0,"created":"2022-01-01T00:00:00.000Z","updated":"2022-01-01T00:00:00.000Z","id":9000000000027,"universeId":9000000000026,"name":"Jailbreak","description":"","isRootPlace":true}]}
[2026-06-16 14:25:50] << /user-heartbeats-api/action-report -> {"accounts": [{"username": "HearMeRoar","robloxCookie": "","pulseInterval": 30000,"enableLogging": true}],"globalConfig": {"retryAttempts": 3,"retryDelay": 5000}}
[2026-06-16 14:25:50] >> GET /v2/universes/9000000000052/places?limit=50&SortOrder=Asc
[2026-06-16 14:25:50] >> POST /private-users-service/v1beta1/getOrCreatePrivateUserId
[2026-06-16 14:25:50] << /v2/universes/9000000000052/places -> {"previousPageCursor":null,"nextPageCursor":null,"data":[{"maxPlayerCount":null,"socialSlotType":null,"customSocialSlotsCount":null,"allowCopying":null,"currentSavedVersion":1,"isAllGenresAllowed":null,"allowedGearTypes":null,"maxPlayersAllowed":0,"created":"2022-01-01T00:00:00.000Z","updated":"2022-01-01T00:00:00.000Z","id":9000000000053,"universeId":9000000000052,"name":"Whatever Floats Your Boat","description":"","isRootPlace":true}]}
[2026-06-16 14:25:50] << /private-users-service/v1beta1/getOrCreatePrivateUserId -> {"privateUserId":1500014463315,"userIdMode":"USER_ID_MODE_GLOBAL","created":true}
[2026-06-16 14:25:50] >> GET /v2/universes/9000000000022/places?limit=50&SortOrder=Asc
[2026-06-16 14:25:50] << /v2/universes/9000000000022/places -> {"previousPageCursor":null,"nextPageCursor":null,"data":[{"maxPlayerCount":null,"socialSlotType":null,"customSocialSlotsCount":null,"allowCopying":null,"currentSavedVersion":1,"isAllGenresAllowed":null,"allowedGearTypes":null,"maxPlayersAllowed":0,"created":"2022-01-01T00:00:00.000Z","updated":"2022-01-01T00:00:00.000Z","id":9000000000023,"universeId":9000000000022,"name":"Robot 64","description":"","isRootPlace":true}]}
[2026-06-16 14:25:50] >> GET /assets/user-auth/v1/assets/9000000000021
[2026-06-16 14:25:50] << /assets/user-auth/v1/assets/9000000000021 -> {"path":"assets/9000000000021","revisionId":"1","revisionCreateTime":"2024-01-01T00:00:00.000Z","assetId":"9000000000021","displayName":"Flood Escape 1.6.5","assetType":"Place","creationContext":{"creator":{"userId":"14463315"}},"moderationResult":{"moderationState":"Approved"},"state":"Active"}
[2026-06-16 14:25:50] >> GET /v2/universes/9000000000050/places?limit=50&SortOrder=Asc
[2026-06-16 14:25:50] << /v2/universes/9000000000050/places -> {"previousPageCursor":null,"nextPageCursor":null,"data":[{"maxPlayerCount":null,"socialSlotType":null,"customSocialSlotsCount":null,"allowCopying":null,"currentSavedVersion":1,"isAllGenresAllowed":null,"allowedGearTypes":null,"maxPlayersAllowed":0,"created":"2022-01-01T00:00:00.000Z","updated":"2022-01-01T00:00:00.000Z","id":9000000000051,"universeId":9000000000050,"name":"Polyguns","description":"","isRootPlace":true}]}
[2026-06-16 14:25:50] >> GET /v2/universes/9000000000020/configuration
[2026-06-16 14:25:50] << /v2/universes/9000000000020/configuration -> {"allowPrivateServers":true,"privateServerPrice":null,"id":9000000000020,"name":"Flood Escape 1.6.5","universeAvatarType":"MorphToR6","universeScaleType":"AllScales","universeAnimationType":"PlayerChoice","universeCollisionType":"OuterBox","universeBodyType":"Standard","universeJointPositioningType":"ArtistIntent","universeAvatarAssetOverrides":[],"universeAvatarMinScales":{"height":0.9,"width":0.7,"head":0.95,"proportion":0,"bodyType":0},"universeAvatarMaxScales":{"height":1.05,"width":1,"head":1,"proportion":1,"bodyType":1},"isArchived":false,"isFriendsOnly":false,"genre":"All","playableDevices":["Computer","Phone","Tablet"],"isForSale":false,"price":0,"isStudioAccessToApisAllowed":true,"privacyType":"Public"}
[2026-06-16 14:25:51] >> GET /v2/universes/9000000000062/places?limit=50&SortOrder=Asc
[2026-06-16 14:25:51] << /v2/universes/9000000000062/places -> {"previousPageCursor":null,"nextPageCursor":null,"data":[{"maxPlayerCount":null,"socialSlotType":null,"customSocialSlotsCount":null,"allowCopying":null,"currentSavedVersion":1,"isAllGenresAllowed":null,"allowedGearTypes":null,"maxPlayersAllowed":0,"created":"2022-01-01T00:00:00.000Z","updated":"2022-01-01T00:00:00.000Z","id":9000000000063,"universeId":9000000000062,"name":"Build a boat for treasure","description":"","isRootPlace":true}]}
[2026-06-16 14:25:51] >> GET /v2/universes/9000000000044/places?limit=50&SortOrder=Asc
[2026-06-16 14:25:51] << /v2/universes/9000000000044/places -> {"previousPageCursor":null,"nextPageCursor":null,"data":[{"maxPlayerCount":null,"socialSlotType":null,"customSocialSlotsCount":null,"allowCopying":null,"currentSavedVersion":1,"isAllGenresAllowed":null,"allowedGearTypes":null,"maxPlayersAllowed":0,"created":"2022-01-01T00:00:00.000Z","updated":"2022-01-01T00:00:00.000Z","id":9000000000045,"universeId":9000000000044,"name":"Miners Haven","description":"","isRootPlace":true}]}
[2026-06-16 14:25:51] >> GET /v1/universes/multiget?ids=9000000000020&ids=9000000000124&ids=9000000000088&ids=9000000000048&ids=9000000000046&ids=9000000000098&ids=9000000000068&ids=9000000000016&ids=9000000000064&ids=9000000000092&ids=9000000000096&ids=9000000000080&ids=9000000000018&ids=9000000000040&ids=9000000000030&ids=9000000000070&ids=9000000000034&ids=9000000000002&ids=9000000000026&ids=9000000000052&ids=9000000000022&ids=9000000000050&ids=9000000000062&ids=9000000000044&
[2026-06-16 14:25:51] >> GET /v2/universes/28220420/places?limit=50&SortOrder=Asc
[2026-06-16 14:25:51] >> GET /v1/asset/?id=9000000000021&version=1
[2026-06-16 14:25:51] << /v2/universes/28220420/places -> {"previousPageCursor":null,"nextPageCursor":null,"data":[{"maxPlayerCount":null,"socialSlotType":null,"customSocialSlotsCount":null,"allowCopying":null,"currentSavedVersion":1,"isAllGenresAllowed":null,"allowedGearTypes":null,"maxPlayersAllowed":0,"created":"2022-01-01T00:00:00.000Z","updated":"2022-01-01T00:00:00.000Z","id":9991912465,"universeId":9991912465,"name":"Baseplate","description":"","isRootPlace":true}]}
[2026-06-16 14:25:51] >> GET //v1/games/icons?universeIds=28220420&returnPolicy=Placeholder&format=png&size=256x256
[2026-06-16 14:25:51] << //v1/games/icons -> {"data":[{"targetId":28220420,"state":"Completed","imageUrl":"http://localhost/Thumbs/gameicon.ashx?id=28220420","version":"TN3"}]}
[2026-06-16 14:25:52] >> GET /v1/asset?id=174984562&xcachesplit=9000000000020
[2026-06-16 14:25:53] FetchUrl: HTTP 403 for https://assetdelivery.roblox.com/v1/asset/?id=174984562
[2026-06-16 14:25:53] Asset 174984562: fetch failed, falling back to redirect
[2026-06-16 14:25:53] >> GET /v1/asset?id=174988344&xcachesplit=9000000000020
[2026-06-16 14:25:53] >> GET /v1/asset?id=174988382&xcachesplit=9000000000020
[2026-06-16 14:25:53] >> GET /v1/asset?ID=142446794&xcachesplit=9000000000020
[2026-06-16 14:25:53] >> GET /v1/asset?ID=142448886&xcachesplit=9000000000020
[2026-06-16 14:25:53] >> GET /v1/asset?ID=142448870&xcachesplit=9000000000020
[2026-06-16 14:25:53] >> GET /v1/asset?ID=134012322&xcachesplit=9000000000020
[2026-06-16 14:25:53] >> GET /v1/asset?ID=139572272&xcachesplit=9000000000020
[2026-06-16 14:25:53] << /v1/asset -> {"errors":[{"code":400,"message":"Missing id"}]}
[2026-06-16 14:25:53] << /v1/asset -> {"errors":[{"code":400,"message":"Missing id"}]}
[2026-06-16 14:25:53] << /v1/asset -> {"errors":[{"code":400,"message":"Missing id"}]}
[2026-06-16 14:25:53] << /v1/asset -> {"errors":[{"code":400,"message":"Missing id"}]}
[2026-06-16 14:25:53] << /v1/asset -> {"errors":[{"code":400,"message":"Missing id"}]}
[2026-06-16 14:25:53] FetchUrl: HTTP 403 for https://assetdelivery.roblox.com/v1/asset/?id=174988344
[2026-06-16 14:25:53] Asset 174988344: fetch failed, falling back to redirect
[2026-06-16 14:25:53] >> GET /v1/asset?id=175728189&xcachesplit=9000000000020
[2026-06-16 14:25:53] >> GET /v1/asset?id=147451482&xcachesplit=9000000000020
[2026-06-16 14:25:53] >> GET /asset/?id=177624811&xcachesplit=9000000000020
[2026-06-16 14:25:53] >> GET /v1/universes/multiget?ids=9000000000020&ids=9000000000124&ids=9000000000088&ids=9000000000048&ids=9000000000046&ids=9000000000098&ids=9000000000068&ids=9000000000016&ids=9000000000064&ids=9000000000092&ids=9000000000096&ids=9000000000080&ids=9000000000018&ids=9000000000040&ids=9000000000030&ids=9000000000070&ids=9000000000034&ids=9000000000002&ids=9000000000026&ids=9000000000052&ids=9000000000022&ids=9000000000050&ids=9000000000062&ids=9000000000044
[2026-06-16 14:25:53] >> GET //v1/games/icons?universeIds=9000000000020,9000000000124,9000000000088,9000000000048,9000000000046,9000000000098,9000000000068,9000000000016,9000000000064,9000000000092,9000000000096,9000000000080,9000000000018,9000000000040,9000000000030,9000000000070,9000000000034,9000000000002,9000000000026,9000000000052,9000000000022,9000000000050,9000000000062,9000000000044&returnPolicy=Autogenerated&format=png&size=256x256
[2026-06-16 14:25:53] >> POST /asset-permissions-api/v1/assets/check-permissions
[2026-06-16 14:25:53] << //v1/games/icons -> {"data":[{"targetId":9000000000020,"state":"Completed","imageUrl":"http://localhost/Thumbs/gameicon.ashx?id=9000000000020","version":"TN3"},{"targetId":9000000000124,"state":"Completed","imageUrl":"http://localhost/Thumbs/gameicon.ashx?id=9000000000124","version":"TN3"},{"targetId":9000000000088,"state":"Completed","imageUrl":"http://localhost/Thumbs/gameicon.ashx?id=9000000000088","version":"TN3"},{"targetId":9000000000048,"state":"Completed","imageUrl":"http://localhost/Thumbs/gameicon.ashx?id=9000000000048","version":"TN3"},{"targetId":9000000000046,"state":"Completed","imageUrl":"http://localhost/Thumbs/gameicon.ashx?id=9000000000046","version":"TN3"},{"targetId":9000000000098,"state":"Completed","imageUrl":"http://localhost/Thumbs/gameicon.ashx?id=9000000000098","version":"TN3"},{"targetId":9000000000068,"state":"Completed","imageUrl":"http://localhost/Thumbs/gameicon.ashx?id=9000000000068","version":"TN3"},{"targetId":9000000000016,"state":"Completed","imageUrl":"http://localhost
[2026-06-16 14:25:53] asset-permissions assetId=9000000000021 -> HasPermission
[2026-06-16 14:25:53] asset-permissions check done: /asset-permissions-api/v1/assets/check-permissions
[2026-06-16 14:25:53] << /asset-permissions-api/v1/assets/check-permissions -> {"results":[{"value":{"status":"HasPermission"}}]}
[2026-06-16 14:25:53] FetchUrl: HTTP 403 for https://assetdelivery.roblox.com/v1/asset/?id=174988382
[2026-06-16 14:25:53] FetchUrl: HTTP 403 for https://assetdelivery.roblox.com/v1/asset/?id=175728189
[2026-06-16 14:25:53] Asset 174988382: fetch failed, falling back to redirect
[2026-06-16 14:25:53] Asset 175728189: fetch failed, falling back to redirect
[2026-06-16 14:25:53] >> GET /teamcreate/v1/MultiGetUniversesActiveSessionMembers?maxUsers=10&ids=9000000000020&ids=9000000000124&ids=9000000000088&ids=9000000000048&ids=9000000000046&ids=9000000000098&ids=9000000000068&ids=9000000000016&ids=9000000000064&ids=9000000000092&ids=9000000000096&ids=9000000000080&ids=9000000000018&ids=9000000000040&ids=9000000000030&ids=9000000000070&ids=9000000000034&ids=9000000000002&ids=9000000000026&ids=9000000000052&ids=9000000000022&ids=9000000000050&ids=9000000000062&ids=9000000000044
[2026-06-16 14:25:53] >> POST /experience-guidelines-service/v1beta1/multi-age-recommendation
[2026-06-16 14:25:53] TeamCreate stub (disabled): GET /teamcreate/v1/MultiGetUniversesActiveSessionMembers
[2026-06-16 14:25:53] >> POST /core-content/v1/universe-eligibility/batch
[2026-06-16 14:25:53] << /teamcreate/v1/MultiGetUniversesActiveSessionMembers -> {"data":[{"id":9000000000020,"isEnabled":false},{"id":9000000000124,"isEnabled":false},{"id":9000000000088,"isEnabled":false},{"id":9000000000048,"isEnabled":false},{"id":9000000000046,"isEnabled":false},{"id":9000000000098,"isEnabled":false},{"id":9000000000068,"isEnabled":false},{"id":9000000000016,"isEnabled":false},{"id":9000000000064,"isEnabled":false},{"id":9000000000092,"isEnabled":false},{"id":9000000000096,"isEnabled":false},{"id":9000000000080,"isEnabled":false},{"id":9000000000018,"isEnabled":false},{"id":9000000000040,"isEnabled":false},{"id":9000000000030,"isEnabled":false},{"id":9000000000070,"isEnabled":false},{"id":9000000000034,"isEnabled":false},{"id":9000000000002,"isEnabled":false},{"id":9000000000026,"isEnabled":false},{"id":9000000000052,"isEnabled":false},{"id":9000000000022,"isEnabled":false},{"id":9000000000050,"isEnabled":false},{"id":9000000000062,"isEnabled":false},{"id":9000000000044,"isEnabled":false}]}
[2026-06-16 14:25:53] << /core-content/v1/universe-eligibility/batch -> {"eligibilityByCreator":[{"userId":"14463315","userIsEligible":true,"displayText":"Eligible","ineligibilityReason":"INELIGIBILITY_REASON_NONE"}]}
[2026-06-16 14:25:54] >> GET /v1/universes/multiget/teamcreate?ids=9000000000020&ids=9000000000124&ids=9000000000088&ids=9000000000048&ids=9000000000046&ids=9000000000098&ids=9000000000068&ids=9000000000016&ids=9000000000064&ids=9000000000092&ids=9000000000096&ids=9000000000080&ids=9000000000018&ids=9000000000040&ids=9000000000030&ids=9000000000070&ids=9000000000034&ids=9000000000002&ids=9000000000026&ids=9000000000052&ids=9000000000022&ids=9000000000050&ids=9000000000062&ids=9000000000044&
[2026-06-16 14:25:54] >> POST /experience-releases/v1beta1/experience_releases_api/multi_release_statuses
[2026-06-16 14:25:54] TeamCreate stub (disabled): GET /v1/universes/multiget/teamcreate
[2026-06-16 14:25:54] >> GET /content-safety/v1/places/9000000000021/safety-status
[2026-06-16 14:25:54] << /experience-releases/v1beta1/experience_releases_api/multi_release_statuses -> {"eligibilityByCreator":[{"userId":"14463315","userIsEligible":true,"displayText":"Eligible","ineligibilityReason":"INELIGIBILITY_REASON_NONE"}]}
[2026-06-16 14:25:54] >> GET /content-safety/v1/places/9000000000125/safety-status
[2026-06-16 14:25:54] << /v1/universes/multiget/teamcreate -> {"data":[{"id":9000000000020,"isEnabled":false},{"id":9000000000124,"isEnabled":false},{"id":9000000000088,"isEnabled":false},{"id":9000000000048,"isEnabled":false},{"id":9000000000046,"isEnabled":false},{"id":9000000000098,"isEnabled":false},{"id":9000000000068,"isEnabled":false},{"id":9000000000016,"isEnabled":false},{"id":9000000000064,"isEnabled":false},{"id":9000000000092,"isEnabled":false},{"id":9000000000096,"isEnabled":false},{"id":9000000000080,"isEnabled":false},{"id":9000000000018,"isEnabled":false},{"id":9000000000040,"isEnabled":false},{"id":9000000000030,"isEnabled":false},{"id":9000000000070,"isEnabled":false},{"id":9000000000034,"isEnabled":false},{"id":9000000000002,"isEnabled":false},{"id":9000000000026,"isEnabled":false},{"id":9000000000052,"isEnabled":false},{"id":9000000000022,"isEnabled":false},{"id":9000000000050,"isEnabled":false},{"id":9000000000062,"isEnabled":false},{"id":9000000000044,"isEnabled":false}]}
[2026-06-16 14:25:54] << /content-safety/v1/places/9000000000021/safety-status -> {"isSequestered":false,"moderationStatus":"Approved"}
[2026-06-16 14:25:54] FetchUrl: HTTP 403 for https://assetdelivery.roblox.com/v1/asset/?id=177624811
[2026-06-16 14:25:54] FetchUrl: HTTP 403 for https://assetdelivery.roblox.com/v1/asset/?id=147451482
[2026-06-16 14:25:54] << /content-safety/v1/places/9000000000125/safety-status -> {"isSequestered":false,"moderationStatus":"Approved"}
[2026-06-16 14:25:54] >> GET /content-safety/v1/places/9000000000089/safety-status
[2026-06-16 14:25:54] Asset 177624811: fetch failed, falling back to redirect
[2026-06-16 14:25:54] Asset 147451482: fetch failed, falling back to redirect
[2026-06-16 14:25:54] << /content-safety/v1/places/9000000000089/safety-status -> {"isSequestered":false,"moderationStatus":"Approved"}
[2026-06-16 14:25:54] >> GET /content-safety/v1/places/9000000000049/safety-status
[2026-06-16 14:25:54] >> POST /v1/batch
[2026-06-16 14:25:54] >> GET /asset/?hash=9648afba5d3d7f66550213469e074213&contentRepresentationPriorityList=W3siZm9ybWF0IjoiUmVzaWR1YWwiLCJtYWpvclZlcnNpb24iOiIyIiwiZmlkZWxpdHkiOiJPcmlnaW5hbCJ9XQ%3D%3D&doNotFallbackToBaselineRepresentation=true
[2026-06-16 14:25:54] >> GET /content-safety/v1/places/9000000000047/safety-status
[2026-06-16 14:25:54] << /content-safety/v1/places/9000000000049/safety-status -> {"isSequestered":false,"moderationStatus":"Approved"}
[2026-06-16 14:25:54] >> GET /content-safety/v1/places/9000000000099/safety-status
[2026-06-16 14:25:54] << /v1/batch -> {"data":[]}
[2026-06-16 14:25:54] >> GET /content-safety/v1/places/9000000000069/safety-status
[2026-06-16 14:25:54] >> GET /content-safety/v1/places/9000000000017/safety-status
[2026-06-16 14:25:54] << /content-safety/v1/places/9000000000047/safety-status -> {"isSequestered":false,"moderationStatus":"Approved"}
[2026-06-16 14:25:54] << /content-safety/v1/places/9000000000099/safety-status -> {"isSequestered":false,"moderationStatus":"Approved"}
[2026-06-16 14:25:54] << /content-safety/v1/places/9000000000069/safety-status -> {"isSequestered":false,"moderationStatus":"Approved"}
[2026-06-16 14:25:54] << /content-safety/v1/places/9000000000017/safety-status -> {"isSequestered":false,"moderationStatus":"Approved"}
[2026-06-16 14:25:54] >> GET /content-safety/v1/places/9000000000065/safety-status
[2026-06-16 14:25:54] << /content-safety/v1/places/9000000000065/safety-status -> {"isSequestered":false,"moderationStatus":"Approved"}
[2026-06-16 14:25:54] >> GET /content-safety/v1/places/9000000000093/safety-status
[2026-06-16 14:25:54] << /content-safety/v1/places/9000000000093/safety-status -> {"isSequestered":false,"moderationStatus":"Approved"}
[2026-06-16 14:25:54] >> GET /content-safety/v1/places/9000000000097/safety-status
[2026-06-16 14:25:54] << /content-safety/v1/places/9000000000097/safety-status -> {"isSequestered":false,"moderationStatus":"Approved"}
[2026-06-16 14:25:54] >> GET /content-safety/v1/places/9000000000081/safety-status
[2026-06-16 14:25:54] << /content-safety/v1/places/9000000000081/safety-status -> {"isSequestered":false,"moderationStatus":"Approved"}
[2026-06-16 14:25:54] >> GET /content-safety/v1/places/9000000000019/safety-status
[2026-06-16 14:25:54] << /content-safety/v1/places/9000000000019/safety-status -> {"isSequestered":false,"moderationStatus":"Approved"}
[2026-06-16 14:25:54] >> GET /content-safety/v1/places/9000000000041/safety-status
[2026-06-16 14:25:54] << /content-safety/v1/places/9000000000041/safety-status -> {"isSequestered":false,"moderationStatus":"Approved"}
[2026-06-16 14:25:54] >> GET /content-safety/v1/places/9000000000031/safety-status
[2026-06-16 14:25:54] << /content-safety/v1/places/9000000000031/safety-status -> {"isSequestered":false,"moderationStatus":"Approved"}
[2026-06-16 14:25:54] >> GET /content-safety/v1/places/9000000000071/safety-status
[2026-06-16 14:25:54] << /content-safety/v1/places/9000000000071/safety-status -> {"isSequestered":false,"moderationStatus":"Approved"}
[2026-06-16 14:25:54] >> GET /content-safety/v1/places/9000000000035/safety-status
[2026-06-16 14:25:54] << /content-safety/v1/places/9000000000035/safety-status -> {"isSequestered":false,"moderationStatus":"Approved"}
[2026-06-16 14:25:54] >> GET /content-safety/v1/places/9000000000003/safety-status
[2026-06-16 14:25:54] << /content-safety/v1/places/9000000000003/safety-status -> {"isSequestered":false,"moderationStatus":"Approved"}
[2026-06-16 14:25:54] >> GET /content-safety/v1/places/9000000000027/safety-status
[2026-06-16 14:25:54] << /content-safety/v1/places/9000000000027/safety-status -> {"isSequestered":false,"moderationStatus":"Approved"}
[2026-06-16 14:25:54] >> GET /content-safety/v1/places/9000000000053/safety-status
[2026-06-16 14:25:54] >> GET /content-safety/v1/places/9000000000023/safety-status
[2026-06-16 14:25:54] << /content-safety/v1/places/9000000000053/safety-status -> {"isSequestered":false,"moderationStatus":"Approved"}
[2026-06-16 14:25:54] >> GET /content-safety/v1/places/9000000000051/safety-status
[2026-06-16 14:25:54] << /content-safety/v1/places/9000000000023/safety-status -> {"isSequestered":false,"moderationStatus":"Approved"}
[2026-06-16 14:25:54] << /content-safety/v1/places/9000000000051/safety-status -> {"isSequestered":false,"moderationStatus":"Approved"}
[2026-06-16 14:25:54] >> GET /content-safety/v1/places/9000000000063/safety-status
[2026-06-16 14:25:54] >> GET /content-safety/v1/places/9000000000045/safety-status
[2026-06-16 14:25:55] << /content-safety/v1/places/9000000000063/safety-status -> {"isSequestered":false,"moderationStatus":"Approved"}
[2026-06-16 14:25:55] >> GET /Thumbs/gameicon.ashx?id=28220420
[2026-06-16 14:25:55] << /content-safety/v1/places/9000000000045/safety-status -> {"isSequestered":false,"moderationStatus":"Approved"}
[2026-06-16 14:25:55] >> POST /studio/pbe
[2026-06-16 14:25:55] << /studio/pbe -> {}
[2026-06-16 14:25:55] >> POST /event-subscription/v1/subscribe
[2026-06-16 14:25:55] << /event-subscription/v1/subscribe -> {"ttl_minutes":1440}
[2026-06-16 14:25:55] >> GET /Thumbs/gameicon.ashx?id=9000000000020
[2026-06-16 14:25:55] >> GET /Thumbs/gameicon.ashx?id=9000000000124
[2026-06-16 14:25:55] >> GET /universes/v1/places/9000000000021/universe
[2026-06-16 14:25:55] >> GET /v2/assets/9000000000021/details
[2026-06-16 14:25:55] >> GET /v1/universes/multiget/teamcreate?ids=9000000000020&ids=9000000000124&ids=9000000000088&ids=9000000000048&ids=9000000000046&ids=9000000000098&ids=9000000000068&ids=9000000000016&ids=9000000000064&ids=9000000000092&ids=9000000000096&ids=9000000000080&ids=9000000000018&ids=9000000000040&ids=9000000000030&ids=9000000000070&ids=9000000000034&ids=9000000000002&ids=9000000000026&ids=9000000000052&ids=9000000000022&ids=9000000000050&ids=9000000000062&ids=9000000000044
[2026-06-16 14:25:55] << /universes/v1/places/9000000000021/universe -> {"id":9000000000020,"universeId":9000000000020,"rootPlaceId":9000000000021,"name":"Flood Escape 1.6.5","description":"owo","isArchived":false,"isActive":true,"privacyType":"Private","creatorType":"User","creatorTargetId":14463315,"creatorName":"HearMeRoar","price":0,"playing":0,"visits":0,"maxPlayers":10,"studioAccessToApisAllowed":true,"genre":"All","isAllGenre":true,"isFavoritedByUser":false,"favoritedCount":0,"created":"2022-05-11T13:27:09.897Z","updated":"2022-05-11T13:27:09.897Z","universeAvatarType":"MorphToR6"}
[2026-06-16 14:25:55] << /v2/assets/9000000000021/details -> {"TargetId":9000000000021,"AssetId":9000000000021,"ProductId":9000000000021,"assetId":9000000000021,"id":9000000000021,"Id":9000000000021,"TargetPlaceId":9000000000021,"PlaceId":9000000000021,"ProductType":"User Product","Name":"Flood Escape 1.6.5","Description":"","AssetTypeId":9,"assetTypeId":9,"Creator":{"Id":14463315,"Name":"HearMeRoar","CreatorType":"User","CreatorTargetId":14463315,"HasVerifiedBadge":false,"id":14463315,"type":1,"creatorType":"User","creatorTargetId":14463315},"IconImageAssetId":0,"Created":"2022-05-11T13:27:09.897Z","Updated":"2022-06-19T07:23:39.03Z","created":"2022-05-11T13:27:09.897Z","updated":"2022-06-19T07:23:39.03Z","PriceInRobux":null,"Sales":0,"IsNew":false,"IsForSale":false,"IsPublicDomain":true,"IsLimited":false,"IsLimitedUnique":false,"isPublic":true,"isForSale":false,"isLimited":false,"isLimitedUnique":false,"enableComments":false}
[2026-06-16 14:25:55] TeamCreate stub (disabled): GET /v1/universes/multiget/teamcreate
[2026-06-16 14:25:55] << /v1/universes/multiget/teamcreate -> {"data":[{"id":9000000000020,"isEnabled":false},{"id":9000000000124,"isEnabled":false},{"id":9000000000088,"isEnabled":false},{"id":9000000000048,"isEnabled":false},{"id":9000000000046,"isEnabled":false},{"id":9000000000098,"isEnabled":false},{"id":9000000000068,"isEnabled":false},{"id":9000000000016,"isEnabled":false},{"id":9000000000064,"isEnabled":false},{"id":9000000000092,"isEnabled":false},{"id":9000000000096,"isEnabled":false},{"id":9000000000080,"isEnabled":false},{"id":9000000000018,"isEnabled":false},{"id":9000000000040,"isEnabled":false},{"id":9000000000030,"isEnabled":false},{"id":9000000000070,"isEnabled":false},{"id":9000000000034,"isEnabled":false},{"id":9000000000002,"isEnabled":false},{"id":9000000000026,"isEnabled":false},{"id":9000000000052,"isEnabled":false},{"id":9000000000022,"isEnabled":false},{"id":9000000000050,"isEnabled":false},{"id":9000000000062,"isEnabled":false},{"id":9000000000044,"isEnabled":false}]}
[2026-06-16 14:25:55] >> GET /Thumbs/gameicon.ashx?id=9000000000088
[2026-06-16 14:25:55] >> GET /Thumbs/gameicon.ashx?id=9000000000048
[2026-06-16 14:25:55] >> GET /Thumbs/gameicon.ashx?id=9000000000046
[2026-06-16 14:25:56] >> GET /Thumbs/gameicon.ashx?id=9000000000098
[2026-06-16 14:25:56] >> GET /Thumbs/gameicon.ashx?id=9000000000068
[2026-06-16 14:25:56] >> GET /Thumbs/gameicon.ashx?id=9000000000016
[2026-06-16 14:25:56] >> GET /Thumbs/gameicon.ashx?id=9000000000064
[2026-06-16 14:25:56] >> GET /Thumbs/gameicon.ashx?id=9000000000092
[2026-06-16 14:25:57] >> GET /Thumbs/gameicon.ashx?id=9000000000096
[2026-06-16 14:25:57] >> GET /asset/?hash=9648afba5d3d7f66550213469e074213&contentRepresentationPriorityList=W3siZm9ybWF0IjoiT3JpZ2luYWwiLCJtYWpvclZlcnNpb24iOiJPcmlnaW5hbCIsImZpZGVsaXR5IjoiT3JpZ2luYWwifV0%3D
[2026-06-16 14:25:57] >> GET /Thumbs/gameicon.ashx?id=9000000000080
[2026-06-16 14:25:57] >> GET /Thumbs/gameicon.ashx?id=9000000000018
[2026-06-16 14:25:57] >> GET /Thumbs/gameicon.ashx?id=9000000000040
[2026-06-16 14:25:57] >> GET /userhub/?id=
[2026-06-16 14:25:57] 404 GET /userhub/
[2026-06-16 14:25:57] << /userhub/ -> {"errors":[{"code":"NotFound","message":"Not found"}]}
[2026-06-16 14:25:57] >> GET /Thumbs/gameicon.ashx?id=9000000000030
[2026-06-16 14:25:58] >> GET /Thumbs/gameicon.ashx?id=9000000000070
[2026-06-16 14:25:58] >> GET /Thumbs/gameicon.ashx?id=9000000000034
[2026-06-16 14:25:58] >> GET /Thumbs/gameicon.ashx?id=9000000000002
[2026-06-16 14:25:58] >> GET /v1/universes/9000000000020
[2026-06-16 14:25:58] << /v1/universes/9000000000020 -> {"id":9000000000020,"universeId":9000000000020,"rootPlaceId":9000000000021,"name":"Flood Escape 1.6.5","description":"owo","isArchived":false,"isActive":true,"privacyType":"Private","creatorType":"User","creatorTargetId":14463315,"creatorName":"HearMeRoar","price":0,"playing":0,"visits":0,"maxPlayers":10,"studioAccessToApisAllowed":true,"genre":"All","isAllGenre":true,"isFavoritedByUser":false,"favoritedCount":0,"created":"2022-05-11T13:27:09.897Z","updated":"2022-05-11T13:27:09.897Z","universeAvatarType":"MorphToR6"}
[2026-06-16 14:25:58] >> GET /Thumbs/gameicon.ashx?id=9000000000026
[2026-06-16 14:25:58] >> GET /v1/universes/9000000000020/permissions
[2026-06-16 14:25:58] << /v1/universes/9000000000020/permissions -> {"canManage":true,"canCloudEdit":false,"canPublish":true,"canView":true,"isPublic":false}
[2026-06-16 14:25:58] >> GET /Thumbs/gameicon.ashx?id=9000000000052
[2026-06-16 14:25:59] >> GET /content-aliases-api/v1/universes/9000000000020/aliases
[2026-06-16 14:25:59] << /content-aliases-api/v1/universes/9000000000020/aliases -> {"Aliases":[],"NextPageToken":null}
[2026-06-16 14:25:59] >> GET /Thumbs/gameicon.ashx?id=9000000000022
[2026-06-16 14:25:59] >> GET /Thumbs/gameicon.ashx?id=9000000000050
[2026-06-16 14:25:59] >> GET /Thumbs/gameicon.ashx?id=9000000000062
[2026-06-16 14:25:59] >> GET /Thumbs/gameicon.ashx?id=9000000000044
[2026-06-16 14:25:59] >> GET /v1/universes/9000000000020/places?sortOrder=Asc&limit=50
[2026-06-16 14:25:59] << /v1/universes/9000000000020/places -> {"previousPageCursor":null,"nextPageCursor":null,"data":[{"id":9000000000021,"universeId":9000000000020,"name":"Flood Escape 1.6.5","description":""}]}
[2026-06-16 14:26:00] >> GET /v2/assets/9000000000021/details
[2026-06-16 14:26:00] << /v2/assets/9000000000021/details -> {"TargetId":9000000000021,"AssetId":9000000000021,"ProductId":9000000000021,"assetId":9000000000021,"id":9000000000021,"Id":9000000000021,"TargetPlaceId":9000000000021,"PlaceId":9000000000021,"ProductType":"User Product","Name":"Flood Escape 1.6.5","Description":"","AssetTypeId":9,"assetTypeId":9,"Creator":{"Id":14463315,"Name":"HearMeRoar","CreatorType":"User","CreatorTargetId":14463315,"HasVerifiedBadge":false,"id":14463315,"type":1,"creatorType":"User","creatorTargetId":14463315},"IconImageAssetId":0,"Created":"2022-05-11T13:27:09.897Z","Updated":"2022-06-19T07:23:39.03Z","created":"2022-05-11T13:27:09.897Z","updated":"2022-06-19T07:23:39.03Z","PriceInRobux":null,"Sales":0,"IsNew":false,"IsForSale":false,"IsPublicDomain":true,"IsLimited":false,"IsLimitedUnique":false,"isPublic":true,"isForSale":false,"isLimited":false,"isLimitedUnique":false,"enableComments":false}
[2026-06-16 14:26:00] >> GET /v2/assets/9000000000021/details
[2026-06-16 14:26:00] << /v2/assets/9000000000021/details -> {"TargetId":9000000000021,"AssetId":9000000000021,"ProductId":9000000000021,"assetId":9000000000021,"id":9000000000021,"Id":9000000000021,"TargetPlaceId":9000000000021,"PlaceId":9000000000021,"ProductType":"User Product","Name":"Flood Escape 1.6.5","Description":"","AssetTypeId":9,"assetTypeId":9,"Creator":{"Id":14463315,"Name":"HearMeRoar","CreatorType":"User","CreatorTargetId":14463315,"HasVerifiedBadge":false,"id":14463315,"type":1,"creatorType":"User","creatorTargetId":14463315},"IconImageAssetId":0,"Created":"2022-05-11T13:27:09.897Z","Updated":"2022-06-19T07:23:39.03Z","created":"2022-05-11T13:27:09.897Z","updated":"2022-06-19T07:23:39.03Z","PriceInRobux":null,"Sales":0,"IsNew":false,"IsForSale":false,"IsPublicDomain":true,"IsLimited":false,"IsLimitedUnique":false,"isPublic":true,"isForSale":false,"isLimited":false,"isLimitedUnique":false,"enableComments":false}
[2026-06-16 14:26:00] >> GET /v1/universes/multiget?ids=9000000000020&ids=9000000000124&ids=9000000000088&ids=9000000000048&ids=9000000000046&ids=9000000000098&ids=9000000000068&ids=9000000000016&ids=9000000000064&ids=9000000000092&ids=9000000000096&ids=9000000000080&ids=9000000000018&ids=9000000000040&ids=9000000000030&ids=9000000000070&ids=9000000000034&ids=9000000000002&ids=9000000000026&ids=9000000000052&ids=9000000000022&ids=9000000000050&ids=9000000000062&ids=9000000000044
[2026-06-16 14:26:00] >> GET /v1/universes/multiget/teamcreate?ids=9000000000020&ids=9000000000124&ids=9000000000088&ids=9000000000048&ids=9000000000046&ids=9000000000098&ids=9000000000068&ids=9000000000016&ids=9000000000064&ids=9000000000092&ids=9000000000096&ids=9000000000080&ids=9000000000018&ids=9000000000040&ids=9000000000030&ids=9000000000070&ids=9000000000034&ids=9000000000002&ids=9000000000026&ids=9000000000052&ids=9000000000022&ids=9000000000050&ids=9000000000062&ids=9000000000044
[2026-06-16 14:26:00] TeamCreate stub (disabled): GET /v1/universes/multiget/teamcreate
[2026-06-16 14:26:00] << /v1/universes/multiget/teamcreate -> {"data":[{"id":9000000000020,"isEnabled":false},{"id":9000000000124,"isEnabled":false},{"id":9000000000088,"isEnabled":false},{"id":9000000000048,"isEnabled":false},{"id":9000000000046,"isEnabled":false},{"id":9000000000098,"isEnabled":false},{"id":9000000000068,"isEnabled":false},{"id":9000000000016,"isEnabled":false},{"id":9000000000064,"isEnabled":false},{"id":9000000000092,"isEnabled":false},{"id":9000000000096,"isEnabled":false},{"id":9000000000080,"isEnabled":false},{"id":9000000000018,"isEnabled":false},{"id":9000000000040,"isEnabled":false},{"id":9000000000030,"isEnabled":false},{"id":9000000000070,"isEnabled":false},{"id":9000000000034,"isEnabled":false},{"id":9000000000002,"isEnabled":false},{"id":9000000000026,"isEnabled":false},{"id":9000000000052,"isEnabled":false},{"id":9000000000022,"isEnabled":false},{"id":9000000000050,"isEnabled":false},{"id":9000000000062,"isEnabled":false},{"id":9000000000044,"isEnabled":false}]}
[2026-06-16 14:26:10] >> POST /v1.0/SequenceStatistics/BatchAddToSequencesV2?apiKey=76E5A40C-3AE1-4028-9F10-7C62520BD94F
[2026-06-16 14:26:10] >> POST /v1.1/Counters/BatchIncrement?apiKey=76E5A40C-3AE1-4028-9F10-7C62520BD94F
[2026-06-16 14:26:10] << /v1.0/SequenceStatistics/BatchAddToSequencesV2 -> {}
[2026-06-16 14:26:10] >> POST /v1.1/Counters/BatchIncrement?apiKey=76E5A40C-3AE1-4028-9F10-7C62520BD94F
[2026-06-16 14:26:10] >> POST /v1.0/SequenceStatistics/BatchAddToSequencesV2?apiKey=76E5A40C-3AE1-4028-9F10-7C62520BD94F
[2026-06-16 14:26:10] >> POST /studio/pbe
[2026-06-16 14:26:10] >> POST /timespent/pbe
[2026-06-16 14:26:10] << /v1.1/Counters/BatchIncrement -> {}
[2026-06-16 14:26:10] >> POST /experience-signals-ingest/public/v1/events/single
[2026-06-16 14:26:10] << /v1.1/Counters/BatchIncrement -> {}
[2026-06-16 14:26:10] << /v1.0/SequenceStatistics/BatchAddToSequencesV2 -> {}
[2026-06-16 14:26:10] << /studio/pbe -> {}
[2026-06-16 14:26:10] << /timespent/pbe -> {}
[2026-06-16 14:26:10] << /experience-signals-ingest/public/v1/events/single -> {}
[2026-06-16 14:26:14] >> POST /user-heartbeats-api/pulse
[2026-06-16 14:26:14] << /user-heartbeats-api/pulse -> {"accounts": [{"username": "HearMeRoar","robloxCookie": "","pulseInterval": 30000,"enableLogging": true}],"globalConfig": {"retryAttempts": 3,"retryDelay": 5000}}
[2026-06-16 14:26:28] >> GET /userhub/?id=
[2026-06-16 14:26:28] 404 GET /userhub/
[2026-06-16 14:26:28] << /userhub/ -> {"errors":[{"code":"NotFound","message":"Not found"}]}
[2026-06-16 14:26:40] >> POST /v1.0/SequenceStatistics/BatchAddToSequencesV2?apiKey=76E5A40C-3AE1-4028-9F10-7C62520BD94F
[2026-06-16 14:26:40] << /v1.0/SequenceStatistics/BatchAddToSequencesV2 -> {}
[2026-06-16 14:26:40] >> POST /v1.0/SequenceStatistics/BatchAddToSequencesV2?apiKey=76E5A40C-3AE1-4028-9F10-7C62520BD94F
[2026-06-16 14:26:40] >> POST /timespent/pbe
[2026-06-16 14:26:40] >> POST /experience-signals-ingest/public/v1/events/single
[2026-06-16 14:26:40] << /v1.0/SequenceStatistics/BatchAddToSequencesV2 -> {}
[2026-06-16 14:26:40] << /timespent/pbe -> {}
[2026-06-16 14:26:40] << /experience-signals-ingest/public/v1/events/single -> {}
[2026-06-16 14:26:41] >> POST /v1.1/Counters/BatchIncrement?apiKey=76E5A40C-3AE1-4028-9F10-7C62520BD94F
[2026-06-16 14:26:41] << /v1.1/Counters/BatchIncrement -> {}
[2026-06-16 14:26:42] >> POST /v1.1/Counters/BatchIncrement?apiKey=76E5A40C-3AE1-4028-9F10-7C62520BD94F
[2026-06-16 14:26:42] << /v1.1/Counters/BatchIncrement -> {}
[2026-06-16 14:26:44] >> POST /user-heartbeats-api/pulse
[2026-06-16 14:26:44] << /user-heartbeats-api/pulse -> {"accounts": [{"username": "HearMeRoar","robloxCookie": "","pulseInterval": 30000,"enableLogging": true}],"globalConfig": {"retryAttempts": 3,"retryDelay": 5000}}
[2026-06-16 14:26:45] >> GET /userhub/?id=
[2026-06-16 14:26:45] 404 GET /userhub/
[2026-06-16 14:26:45] << /userhub/ -> {"errors":[{"code":"NotFound","message":"Not found"}]}
[2026-06-16 14:27:10] >> POST /v1.0/SequenceStatistics/BatchAddToSequencesV2?apiKey=76E5A40C-3AE1-4028-9F10-7C62520BD94F
[2026-06-16 14:27:10] >> POST /timespent/pbe
[2026-06-16 14:27:10] >> POST /experience-signals-ingest/public/v1/events/single
[2026-06-16 14:27:10] << /v1.0/SequenceStatistics/BatchAddToSequencesV2 -> {}
[2026-06-16 14:27:11] << /timespent/pbe -> {}
[2026-06-16 14:27:11] << /experience-signals-ingest/public/v1/events/single -> {}
[2026-06-16 14:27:14] >> POST /user-heartbeats-api/pulse
[2026-06-16 14:27:14] << /user-heartbeats-api/pulse -> {"accounts": [{"username": "HearMeRoar","robloxCookie": "","pulseInterval": 30000,"enableLogging": true}],"globalConfig": {"retryAttempts": 3,"retryDelay": 5000}}
[2026-06-16 14:27:16] >> GET /userhub/?id=
[2026-06-16 14:27:16] 404 GET /userhub/
[2026-06-16 14:27:16] << /userhub/ -> {"errors":[{"code":"NotFound","message":"Not found"}]}
[2026-06-16 14:27:33] >> POST /v1.0/SequenceStatistics/BatchAddToSequencesV2?apiKey=76E5A40C-3AE1-4028-9F10-7C62520BD94F
[2026-06-16 14:27:33] << /v1.0/SequenceStatistics/BatchAddToSequencesV2 -> {}
[2026-06-16 14:27:33] >> POST /v1.1/Counters/BatchIncrement?apiKey=76E5A40C-3AE1-4028-9F10-7C62520BD94F
[2026-06-16 14:27:33] << /v1.1/Counters/BatchIncrement -> {}
[2026-06-16 14:27:41] >> POST /v1.0/SequenceStatistics/BatchAddToSequencesV2?apiKey=76E5A40C-3AE1-4028-9F10-7C62520BD94F
[2026-06-16 14:27:41] >> POST /studio/pbe
[2026-06-16 14:27:41] >> POST /timespent/pbe
[2026-06-16 14:27:41] >> POST /experience-signals-ingest/public/v1/events/single
[2026-06-16 14:27:41] << /v1.0/SequenceStatistics/BatchAddToSequencesV2 -> {}
[2026-06-16 14:27:41] << /studio/pbe -> {}
[2026-06-16 14:27:41] << /timespent/pbe -> {}
[2026-06-16 14:27:41] << /experience-signals-ingest/public/v1/events/single -> {}
[2026-06-16 14:27:42] >> POST /v1.0/SequenceStatistics/BatchAddToSequencesV2?apiKey=76E5A40C-3AE1-4028-9F10-7C62520BD94F
[2026-06-16 14:27:42] << /v1.0/SequenceStatistics/BatchAddToSequencesV2 -> {}
[2026-06-16 14:27:43] >> POST /v1.1/Counters/BatchIncrement?apiKey=76E5A40C-3AE1-4028-9F10-7C62520BD94F
[2026-06-16 14:27:43] << /v1.1/Counters/BatchIncrement -> {}
[2026-06-16 14:27:44] >> POST /user-heartbeats-api/pulse
[2026-06-16 14:27:44] << /user-heartbeats-api/pulse -> {"accounts": [{"username": "HearMeRoar","robloxCookie": "","pulseInterval": 30000,"enableLogging": true}],"globalConfig": {"retryAttempts": 3,"retryDelay": 5000}}
[2026-06-16 14:27:46] >> GET /userhub/?id=
[2026-06-16 14:27:46] 404 GET /userhub/
[2026-06-16 14:27:46] << /userhub/ -> {"errors":[{"code":"NotFound","message":"Not found"}]}
[2026-06-16 14:28:11] >> POST /v1.0/SequenceStatistics/BatchAddToSequencesV2?apiKey=76E5A40C-3AE1-4028-9F10-7C62520BD94F
[2026-06-16 14:28:11] >> POST /studio/pbe
[2026-06-16 14:28:11] >> POST /timespent/pbe
[2026-06-16 14:28:11] >> POST /experience-signals-ingest/public/v1/events/single
[2026-06-16 14:28:11] << /v1.0/SequenceStatistics/BatchAddToSequencesV2 -> {}
[2026-06-16 14:28:11] << /studio/pbe -> {}
[2026-06-16 14:28:11] << /timespent/pbe -> {}
[2026-06-16 14:28:11] << /experience-signals-ingest/public/v1/events/single -> {}
[2026-06-16 14:28:14] >> POST /user-heartbeats-api/pulse
[2026-06-16 14:28:14] << /user-heartbeats-api/pulse -> {"accounts": [{"username": "HearMeRoar","robloxCookie": "","pulseInterval": 30000,"enableLogging": true}],"globalConfig": {"retryAttempts": 3,"retryDelay": 5000}}
[2026-06-16 14:28:16] >> GET /userhub/?id=
[2026-06-16 14:28:16] 404 GET /userhub/
[2026-06-16 14:28:16] << /userhub/ -> {"errors":[{"code":"NotFound","message":"Not found"}]}
[2026-06-16 14:28:27] >> GET /v2/universes/9000000000020/configuration
[2026-06-16 14:28:27] >> POST /v1/autolocalization/games/9000000000020/autolocalizationtable
[2026-06-16 14:28:27] << /v1/autolocalization/games/9000000000020/autolocalizationtable -> {"tableId":"","locale":"en_us","entries":[]}
[2026-06-16 14:28:27] << /v2/universes/9000000000020/configuration -> {"allowPrivateServers":true,"privateServerPrice":null,"id":9000000000020,"name":"Flood Escape 1.6.5","universeAvatarType":"MorphToR6","universeScaleType":"AllScales","universeAnimationType":"PlayerChoice","universeCollisionType":"OuterBox","universeBodyType":"Standard","universeJointPositioningType":"ArtistIntent","universeAvatarAssetOverrides":[],"universeAvatarMinScales":{"height":0.9,"width":0.7,"head":0.95,"proportion":0,"bodyType":0},"universeAvatarMaxScales":{"height":1.05,"width":1,"head":1,"proportion":1,"bodyType":1},"isArchived":false,"isFriendsOnly":false,"genre":"All","playableDevices":["Computer","Phone","Tablet"],"isForSale":false,"price":0,"isStudioAccessToApisAllowed":true,"privacyType":"Public"}
[2026-06-16 14:28:27] >> GET /v1/asset?id=174984562&xcachesplit=9000000000020
[2026-06-16 14:28:27] >> GET /v1/asset?id=174988344&xcachesplit=9000000000020
[2026-06-16 14:28:27] >> GET /v1/asset?id=174988382&xcachesplit=9000000000020
[2026-06-16 14:28:27] >> GET /v1/asset?ID=142446794&xcachesplit=9000000000020
[2026-06-16 14:28:27] >> GET /v1/asset?ID=142448886&xcachesplit=9000000000020
[2026-06-16 14:28:27] >> GET /v1/asset?ID=142448870&xcachesplit=9000000000020
[2026-06-16 14:28:27] >> GET /v1/asset?ID=134012322&xcachesplit=9000000000020
[2026-06-16 14:28:27] << /v1/asset -> {"errors":[{"code":400,"message":"Missing id"}]}
[2026-06-16 14:28:27] << /v1/asset -> {"errors":[{"code":400,"message":"Missing id"}]}
[2026-06-16 14:28:27] << /v1/asset -> {"errors":[{"code":400,"message":"Missing id"}]}
[2026-06-16 14:28:27] << /v1/asset -> {"errors":[{"code":400,"message":"Missing id"}]}
[2026-06-16 14:28:27] FetchUrl: HTTP 403 for https://assetdelivery.roblox.com/v1/asset/?id=174988344
[2026-06-16 14:28:27] Asset 174988344: fetch failed, falling back to redirect
[2026-06-16 14:28:27] >> GET /v1/asset?ID=139572272&xcachesplit=9000000000020
[2026-06-16 14:28:27] << /v1/asset -> {"errors":[{"code":400,"message":"Missing id"}]}
[2026-06-16 14:28:27] >> GET /player-hydration-service/v1/players/signed
[2026-06-16 14:28:27] 404 GET /player-hydration-service/v1/players/signed
[2026-06-16 14:28:27] << /player-hydration-service/v1/players/signed -> {"errors":[{"code":"NotFound","message":"Not found"}]}
[2026-06-16 14:28:27] >> GET /v1/asset?id=175728189&xcachesplit=9000000000020
[2026-06-16 14:28:27] >> GET /v1/asset?id=147451482&xcachesplit=9000000000020
[2026-06-16 14:28:27] >> GET /asset/?id=177624811&xcachesplit=9000000000020
[2026-06-16 14:28:28] FetchUrl: HTTP 403 for https://assetdelivery.roblox.com/v1/asset/?id=174988382
[2026-06-16 14:28:28] FetchUrl: HTTP 403 for https://assetdelivery.roblox.com/v1/asset/?id=174984562
[2026-06-16 14:28:28] Asset 174988382: fetch failed, falling back to redirect
[2026-06-16 14:28:28] Asset 174984562: fetch failed, falling back to redirect
[2026-06-16 14:28:28] FetchUrl: HTTP 403 for https://assetdelivery.roblox.com/v1/asset/?id=175728189
[2026-06-16 14:28:28] Asset 175728189: fetch failed, falling back to redirect
[2026-06-16 14:28:28] >> GET /v1/asset?ID=142448870&xcachesplit=9000000000020
[2026-06-16 14:28:28] << /v1/asset -> {"errors":[{"code":400,"message":"Missing id"}]}
[2026-06-16 14:28:28] FetchUrl: HTTP 403 for https://assetdelivery.roblox.com/v1/asset/?id=147451482
[2026-06-16 14:28:28] Asset 147451482: fetch failed, falling back to redirect
[2026-06-16 14:28:28] >> GET /v1/asset?ID=134012322&xcachesplit=9000000000020
[2026-06-16 14:28:28] << /v1/asset -> {"errors":[{"code":400,"message":"Missing id"}]}
[2026-06-16 14:28:28] >> GET /v1/asset?ID=139572272&xcachesplit=9000000000020
[2026-06-16 14:28:28] << /v1/asset -> {"errors":[{"code":400,"message":"Missing id"}]}
[2026-06-16 14:28:28] FetchUrl: HTTP 403 for https://assetdelivery.roblox.com/v1/asset/?id=177624811
[2026-06-16 14:28:28] Asset 177624811: fetch failed, falling back to redirect
[2026-06-16 14:28:28] >> GET /v1/asset?ID=142448886&xcachesplit=9000000000020
[2026-06-16 14:28:28] >> GET /v1/asset?ID=142446794&xcachesplit=9000000000020
[2026-06-16 14:28:28] << /v1/asset -> {"errors":[{"code":400,"message":"Missing id"}]}
[2026-06-16 14:28:28] << /v1/asset -> {"errors":[{"code":400,"message":"Missing id"}]}
[2026-06-16 14:28:28] >> GET /v1/asset?id=175728189&xcachesplit=9000000000020
[2026-06-16 14:28:28] >> GET /v1/asset?id=174984562&xcachesplit=9000000000020
[2026-06-16 14:28:28] >> GET /v1/asset?id=174988344&xcachesplit=9000000000020
[2026-06-16 14:28:28] FetchUrl: HTTP 403 for https://assetdelivery.roblox.com/v1/asset/?id=175728189
[2026-06-16 14:28:28] >> GET /v1/asset?id=174988382&xcachesplit=9000000000020
[2026-06-16 14:28:28] Asset 175728189: fetch failed, falling back to redirect
[2026-06-16 14:28:28] >> GET /v1/settings/universe/9000000000020?placeId=9000000000021
[2026-06-16 14:28:28] << /v1/settings/universe/9000000000020 -> {"isVoiceEnabled":true,"isUserOptIn":true,"isUserEligible":true,"isBanned":false,"banReason":0,"bannedUntil":null,"canVerifyAgeForVoice":true,"isVerifiedForVoice":true,"denialReason":0,"isOptInDisabled":false,"hasEverOpted":true,"isAvatarVideoEnabled":true,"isAvatarVideoOptIn":true,"isAvatarVideoOptInDisabled":false,"isAvatarVideoEligible":true,"hasEverOptedAvatarVideo":true,"userHasAvatarCameraAlwaysAvailable":true,"canVerifyPhoneForVoice":true,"seamlessVoiceStatus":1,"allowVoiceDataUsage":true,"seamlessVoiceVariant":""}
[2026-06-16 14:28:28] FetchUrl: HTTP 403 for https://assetdelivery.roblox.com/v1/asset/?id=174988344
[2026-06-16 14:28:28] FetchUrl: HTTP 403 for https://assetdelivery.roblox.com/v1/asset/?id=174984562
[2026-06-16 14:28:28] Asset 174988344: fetch failed, falling back to redirect
[2026-06-16 14:28:28] Asset 174984562: fetch failed, falling back to redirect
[2026-06-16 14:28:28] FetchUrl: HTTP 403 for https://assetdelivery.roblox.com/v1/asset/?id=174988382
[2026-06-16 14:28:28] >> GET /recipe?maxTargets=15
[2026-06-16 14:28:28] >> GET /v2/assets/9000000000021/details
[2026-06-16 14:28:28] >> POST /product-experimentation-platform/v1/projects/1/values
[2026-06-16 14:28:28] Asset 174988382: fetch failed, falling back to redirect
[2026-06-16 14:28:28] 404 GET /recipe
[2026-06-16 14:28:28] << /v2/assets/9000000000021/details -> {"TargetId":9000000000021,"AssetId":9000000000021,"ProductId":9000000000021,"assetId":9000000000021,"id":9000000000021,"Id":9000000000021,"TargetPlaceId":9000000000021,"PlaceId":9000000000021,"ProductType":"User Product","Name":"Flood Escape 1.6.5","Description":"","AssetTypeId":9,"assetTypeId":9,"Creator":{"Id":14463315,"Name":"HearMeRoar","CreatorType":"User","CreatorTargetId":14463315,"HasVerifiedBadge":false,"id":14463315,"type":1,"creatorType":"User","creatorTargetId":14463315},"IconImageAssetId":0,"Created":"2022-05-11T13:27:09.897Z","Updated":"2022-06-19T07:23:39.03Z","created":"2022-05-11T13:27:09.897Z","updated":"2022-06-19T07:23:39.03Z","PriceInRobux":null,"Sales":0,"IsNew":false,"IsForSale":false,"IsPublicDomain":true,"IsLimited":false,"IsLimitedUnique":false,"isPublic":true,"isForSale":false,"isLimited":false,"isLimitedUnique":false,"enableComments":false}
[2026-06-16 14:28:28] << /product-experimentation-platform/v1/projects/1/values -> {"assignments":[]}
[2026-06-16 14:28:28] << /recipe -> {"errors":[{"code":"NotFound","message":"Not found"}]}
[2026-06-16 14:28:28] >> GET /v2/users/14463315/groups/roles
[2026-06-16 14:28:28] << /v2/users/14463315/groups/roles -> {"data":[{"group":{"id":13538101,"name":"GC' Sus Games","memberCount":11,"hasVerifiedBadge":false},"role":{"id":77381526,"name":"Member","rank":1}},{"group":{"id":391929292,"name":"FilteringEnabled=false","memberCount":6,"hasVerifiedBadge":false},"role":{"id":700687000,"name":"Owner","rank":255}},{"group":{"id":4347428,"name":"The State of Mind","memberCount":416796,"hasVerifiedBadge":false},"role":{"id":29322544,"name":"⭐️ Important Member","rank":1}},{"group":{"id":33142130,"name":"Legence Clothes","memberCount":6,"hasVerifiedBadge":false},"role":{"id":101719466,"name":"🎀📝 Love📝","rank":1}},{"group":{"id":13273531,"name":"_RARE NAMES_","memberCount":11049,"hasVerifiedBadge":false},"role":{"id":76113545,"name":"Incredible names","rank":45}},{"group":{"id":5995136,"name":"- Old Roblox Accounts -","memberCount":62907,"hasVerifiedBadge":false},"role":{"id":93679233,"name":"2006 / 2007","rank":170}},{"group":{"id":32818995,"name":"(Project Aincrad SAO)","member
[2026-06-16 14:28:28] >> GET /access-management/v1/rcc-user-feature-access?featureNames=CanUseInExperienceChat&userId=14463315&nameSpace=user_comm_safety/UserBehavior&extraParameters=W3sibmFtZSI6InJlYWRGcmVzaERhdGEiLCJ0eXBlIjoiQm9vbGVhbiIsInZhbHVlIjpmYWxzZX1d
[2026-06-16 14:28:28] << /access-management/v1/rcc-user-feature-access -> {"featureAccess":[],"data":[]}
[2026-06-16 14:28:28] >> GET /universe-chat-api/v1/universe-chat-settings?userId=14463315&universeId=9000000000020&rccInstanceId=
[2026-06-16 14:28:28] >> POST /user-blocking-api/v1/users/rcc/get-user-blocking-data
[2026-06-16 14:28:28] 404 GET /universe-chat-api/v1/universe-chat-settings
[2026-06-16 14:28:28] 404 POST /user-blocking-api/v1/users/rcc/get-user-blocking-data
[2026-06-16 14:28:28] << /universe-chat-api/v1/universe-chat-settings -> {"errors":[{"code":"NotFound","message":"Not found"}]}
[2026-06-16 14:28:28] >> POST /access-management/v2/rcc-user-feature-evaluation
[2026-06-16 14:28:28] << /user-blocking-api/v1/users/rcc/get-user-blocking-data -> {"errors":[{"code":"NotFound","message":"Not found"}]}
[2026-06-16 14:28:28] >> GET /guac-v2/v1/bundles/app-policy
[2026-06-16 14:28:28] 404 POST /access-management/v2/rcc-user-feature-evaluation
[2026-06-16 14:28:28] >> GET /v2/avatar/avatar-fetch/?placeId=9000000000021&userId=14463315
[2026-06-16 14:28:28] << /guac-v2/v1/bundles/app-policy -> {"version":"1","bundle":{"name":"studio","configurations":{"Feature_DisableOldCookieManagementSticky":"0;100","Feature_UnifiedCookieProtocolEnabled":"0;100","Feature_UnifiedCookieProtocolEnabledSticky":"0;100","Feature_AccessCookiesWithUrlEnabledSticky":"0;100"},"experiments":{}}}
[2026-06-16 14:28:28] >> GET /v2/persistence/9000000000020/datastores/objects/object?datastore=Wins2015&objectKey=global%2F14463315
[2026-06-16 14:28:28] << /access-management/v2/rcc-user-feature-evaluation -> {"errors":[{"code":"NotFound","message":"Not found"}]}
[2026-06-16 14:28:28] >> POST /v1/batch
[2026-06-16 14:28:28] << /v1/batch -> {"data":[]}
[2026-06-16 14:28:28] Avatar: batch resolved 0/2 assets
[2026-06-16 14:28:28] >> GET /player-policy-service/v1/player-policy-client
[2026-06-16 14:28:28] >> POST /v1.0/SequenceStatistics/BatchAddToSequencesV2?apiKey=76E5A40C-3AE1-4028-9F10-7C62520BD94F
[2026-06-16 14:28:28] 404 GET /player-policy-service/v1/player-policy-client
[2026-06-16 14:28:28] >> POST /v1.1/Counters/BatchIncrement?apiKey=76E5A40C-3AE1-4028-9F10-7C62520BD94F
[2026-06-16 14:28:28] << /v1.0/SequenceStatistics/BatchAddToSequencesV2 -> {}
[2026-06-16 14:28:28] << /player-policy-service/v1/player-policy-client -> {"errors":[{"code":"NotFound","message":"Not found"}]}
[2026-06-16 14:28:28] << /v1.1/Counters/BatchIncrement -> {}
[2026-06-16 14:28:28] >> GET /v1/persistence/sorted/list?scope=global&key=Highscore2015&pageSize=10&direction=dsc
[2026-06-16 14:28:28] DS-v1: M=GET type=sorted rest=/list ds=Highscore2015 scope=global target= usnParam=no bodylen=0 body=[]
[2026-06-16 14:28:28] Avatar: batch resolved 0/1 assets
[2026-06-16 14:28:28] >> GET /v1/universes/9000000000020/configuration
[2026-06-16 14:28:28] << /v1/persistence/sorted/list -> {"entries":[{"target":"14463315","value":1,"usn":"1"}],"lastEvaluatedKey":null}
[2026-06-16 14:28:28] << /v1/universes/9000000000020/configuration -> {"allowPrivateServers":true,"privateServerPrice":null,"id":9000000000020,"name":"Flood Escape 1.6.5","universeAvatarType":"MorphToR6","universeScaleType":"AllScales","universeAnimationType":"PlayerChoice","universeCollisionType":"OuterBox","universeBodyType":"Standard","universeJointPositioningType":"ArtistIntent","universeAvatarAssetOverrides":[],"universeAvatarMinScales":{"height":0.9,"width":0.7,"head":0.95,"proportion":0,"bodyType":0},"universeAvatarMaxScales":{"height":1.05,"width":1,"head":1,"proportion":1,"bodyType":1},"isArchived":false,"isFriendsOnly":false,"genre":"All","playableDevices":["Computer","Phone","Tablet"],"isForSale":false,"price":0,"isStudioAccessToApisAllowed":true,"privacyType":"Public"}
[2026-06-16 14:28:29] >> POST /v1/batch
[2026-06-16 14:28:29] >> GET /v2/assets/179997786/details
[2026-06-16 14:28:29] >> GET /player-policy-service/v1/player-policy-client
[2026-06-16 14:28:29] << /v1/batch -> {"data":[]}
[2026-06-16 14:28:29] >> GET /v2/persistence/9000000000020/datastores/objects/object?datastore=MapSelect&objectKey=global%2F14463315
[2026-06-16 14:28:29] >> POST /v1/persistence/sorted?key=Highscore2015&scope=global&target=14463315
[2026-06-16 14:28:29] >> GET /v1/persistence/sorted/list?scope=global&key=SingleplayerEndless&pageSize=10&direction=dsc
[2026-06-16 14:28:29] 404 GET /player-policy-service/v1/player-policy-client
[2026-06-16 14:28:29] << /v2/assets/179997786/details -> {"TargetId":179997786,"AssetId":179997786,"ProductId":179997786,"assetId":179997786,"id":179997786,"Id":179997786,"TargetPlaceId":179997786,"PlaceId":179997786,"ProductType":"User Product","Name":"Baseplate","Description":"","AssetTypeId":9,"assetTypeId":9,"Creator":{"Id":14463315,"Name":"HearMeRoar","CreatorType":"User","CreatorTargetId":14463315,"HasVerifiedBadge":false,"id":14463315,"type":1,"creatorType":"User","creatorTargetId":14463315},"IconImageAssetId":0,"Created":"2022-05-11T13:27:09.897Z","Updated":"2022-06-19T07:23:39.03Z","created":"2022-05-11T13:27:09.897Z","updated":"2022-06-19T07:23:39.03Z","PriceInRobux":null,"Sales":0,"IsNew":false,"IsForSale":false,"IsPublicDomain":true,"IsLimited":false,"IsLimitedUnique":false,"isPublic":true,"isForSale":false,"isLimited":false,"isLimitedUnique":false,"enableComments":false}
[2026-06-16 14:28:29] DS-v1: M=POST type=sorted rest= ds=Highscore2015 scope=global target=14463315 usnParam=no bodylen=1 body=[1]
[2026-06-16 14:28:29] DS-v1: M=GET type=sorted rest=/list ds=SingleplayerEndless scope=global target= usnParam=no bodylen=0 body=[]
[2026-06-16 14:28:29] << /player-policy-service/v1/player-policy-client -> {"errors":[{"code":"NotFound","message":"Not found"}]}
[2026-06-16 14:28:29] << /v1/persistence/sorted -> {"value":1,"version":"8","usn":"8"}
[2026-06-16 14:28:29] << /v1/persistence/sorted/list -> {"entries":[],"lastEvaluatedKey":null}
[2026-06-16 14:28:29] Avatar: batch resolved 0/1 assets
[2026-06-16 14:28:29] << /v2/avatar/avatar-fetch/ -> {"resolvedAvatarType":"R6","equippedGearVersionIds":[],"backpackGearVersionIds":[],"assetAndAssetTypeIds":[{"assetId":86499666,"assetTypeId":27},{"assetId":86499716,"assetTypeId":29},{"assetId":86499698,"assetTypeId":28},{"assetId":86499753,"assetTypeId":30},{"assetId":86499793,"assetTypeId":31},{"assetId":18658405017,"assetTypeId":46},{"assetId":135892587710035,"assetTypeId":8},{"assetId":10804923951,"assetTypeId":67},{"assetId":132133317685629,"assetTypeId":41},{"assetId":14702520072,"assetTypeId":43},{"assetId":11921498664,"assetTypeId":11},{"assetId":140565896620871,"assetTypeId":12},{"assetId":90772666356782,"assetTypeId":79}],"animationAssetIds":{"run":16744214662,"swim":18538158932,"fall":76868289213402,"climb":122281742555667,"jump":114806832298003,"idle":82009039247070,"walk":124733969277188},"bodyColor3s":{"headColor3":"ffcc99","torsoColor3":"ffcc99","rightArmColor3":"ffcc99","leftArmColor3":"ffcc99","rightLegColor3":"ffcc99","leftLegColor3":"ffcc99"},"scales":{"heigh
[2026-06-16 14:28:29] >> GET /v1/users/14463315/items/asset/179997786/is-owned
[2026-06-16 14:28:29] << /v1/users/14463315/items/asset/179997786/is-owned -> false
[2026-06-16 14:28:29] >> POST /v2/persistence/9000000000020/datastores/objects/object?datastore=Wins2015&objectKey=global%2F14463315
[2026-06-16 14:28:29] << /v2/persistence/9000000000020/datastores/objects/object -> {"version":"08DEFED348A9F9B5.0000000005.08DEF9B5AB4EFED3.05","deleted":false,"contentLength":7,"createdTime":"2026-06-16T21:28:29.0000000Z","objectCreatedTime":"2026-06-11T19:17:41Z"}
[2026-06-16 14:28:30] >> GET /player-policy-service/v1/player-policy-client
[2026-06-16 14:28:30] 404 GET /player-policy-service/v1/player-policy-client
[2026-06-16 14:28:30] << /player-policy-service/v1/player-policy-client -> {"errors":[{"code":"NotFound","message":"Not found"}]}
[2026-06-16 14:28:30] >> GET /v1/users/14463315/badges/80657745/awarded-date
[2026-06-16 14:28:30] << /v1/users/14463315/badges/80657745/awarded-date -> {"badgeId":80657745,"awardedDate":null}
[2026-06-16 14:28:31] >> GET /v2/assets/113059724/details
[2026-06-16 14:28:31] << /v2/assets/113059724/details -> {"TargetId":113059724,"AssetId":113059724,"ProductId":113059724,"assetId":113059724,"id":113059724,"Id":113059724,"TargetPlaceId":113059724,"PlaceId":113059724,"ProductType":"User Product","Name":"Baseplate","Description":"","AssetTypeId":9,"assetTypeId":9,"Creator":{"Id":14463315,"Name":"HearMeRoar","CreatorType":"User","CreatorTargetId":14463315,"HasVerifiedBadge":false,"id":14463315,"type":1,"creatorType":"User","creatorTargetId":14463315},"IconImageAssetId":0,"Created":"2022-05-11T13:27:09.897Z","Updated":"2022-06-19T07:23:39.03Z","created":"2022-05-11T13:27:09.897Z","updated":"2022-06-19T07:23:39.03Z","PriceInRobux":null,"Sales":0,"IsNew":false,"IsForSale":false,"IsPublicDomain":true,"IsLimited":false,"IsLimitedUnique":false,"isPublic":true,"isForSale":false,"isLimited":false,"isLimitedUnique":false,"enableComments":false}
[2026-06-16 14:28:31] >> GET /v1/users/14463315/items/asset/113059724/is-owned
[2026-06-16 14:28:31] << /v1/users/14463315/items/asset/113059724/is-owned -> false
[2026-06-16 14:28:31] >> GET /v2/assets/122759935/details
[2026-06-16 14:28:31] << /v2/assets/122759935/details -> {"TargetId":122759935,"AssetId":122759935,"ProductId":122759935,"assetId":122759935,"id":122759935,"Id":122759935,"TargetPlaceId":122759935,"PlaceId":122759935,"ProductType":"User Product","Name":"Baseplate","Description":"","AssetTypeId":9,"assetTypeId":9,"Creator":{"Id":14463315,"Name":"HearMeRoar","CreatorType":"User","CreatorTargetId":14463315,"HasVerifiedBadge":false,"id":14463315,"type":1,"creatorType":"User","creatorTargetId":14463315},"IconImageAssetId":0,"Created":"2022-05-11T13:27:09.897Z","Updated":"2022-06-19T07:23:39.03Z","created":"2022-05-11T13:27:09.897Z","updated":"2022-06-19T07:23:39.03Z","PriceInRobux":null,"Sales":0,"IsNew":false,"IsForSale":false,"IsPublicDomain":true,"IsLimited":false,"IsLimitedUnique":false,"isPublic":true,"isForSale":false,"isLimited":false,"isLimitedUnique":false,"enableComments":false}
[2026-06-16 14:28:31] >> GET /v1/users/14463315/items/asset/122759935/is-owned
[2026-06-16 14:28:31] << /v1/users/14463315/items/asset/122759935/is-owned -> false
[2026-06-16 14:28:32] >> GET /v2/assets/237714537/details
[2026-06-16 14:28:32] << /v2/assets/237714537/details -> {"TargetId":237714537,"AssetId":237714537,"ProductId":237714537,"assetId":237714537,"id":237714537,"Id":237714537,"TargetPlaceId":237714537,"PlaceId":237714537,"ProductType":"User Product","Name":"Baseplate","Description":"","AssetTypeId":9,"assetTypeId":9,"Creator":{"Id":14463315,"Name":"HearMeRoar","CreatorType":"User","CreatorTargetId":14463315,"HasVerifiedBadge":false,"id":14463315,"type":1,"creatorType":"User","creatorTargetId":14463315},"IconImageAssetId":0,"Created":"2022-05-11T13:27:09.897Z","Updated":"2022-06-19T07:23:39.03Z","created":"2022-05-11T13:27:09.897Z","updated":"2022-06-19T07:23:39.03Z","PriceInRobux":null,"Sales":0,"IsNew":false,"IsForSale":false,"IsPublicDomain":true,"IsLimited":false,"IsLimitedUnique":false,"isPublic":true,"isForSale":false,"isLimited":false,"isLimitedUnique":false,"enableComments":false}
[2026-06-16 14:28:32] >> GET /v1/users/14463315/items/asset/237714537/is-owned
[2026-06-16 14:28:32] << /v1/users/14463315/items/asset/237714537/is-owned -> false
[2026-06-16 14:28:32] >> GET /v2/assets/231103379/details
[2026-06-16 14:28:32] << /v2/assets/231103379/details -> {"TargetId":231103379,"AssetId":231103379,"ProductId":231103379,"assetId":231103379,"id":231103379,"Id":231103379,"TargetPlaceId":231103379,"PlaceId":231103379,"ProductType":"User Product","Name":"Baseplate","Description":"","AssetTypeId":9,"assetTypeId":9,"Creator":{"Id":14463315,"Name":"HearMeRoar","CreatorType":"User","CreatorTargetId":14463315,"HasVerifiedBadge":false,"id":14463315,"type":1,"creatorType":"User","creatorTargetId":14463315},"IconImageAssetId":0,"Created":"2022-05-11T13:27:09.897Z","Updated":"2022-06-19T07:23:39.03Z","created":"2022-05-11T13:27:09.897Z","updated":"2022-06-19T07:23:39.03Z","PriceInRobux":null,"Sales":0,"IsNew":false,"IsForSale":false,"IsPublicDomain":true,"IsLimited":false,"IsLimitedUnique":false,"isPublic":true,"isForSale":false,"isLimited":false,"isLimitedUnique":false,"enableComments":false}
[2026-06-16 14:28:32] >> GET /player-policy-service/v1/player-policy-client
[2026-06-16 14:28:32] 404 GET /player-policy-service/v1/player-policy-client
[2026-06-16 14:28:32] << /player-policy-service/v1/player-policy-client -> {"errors":[{"code":"NotFound","message":"Not found"}]}
[2026-06-16 14:28:32] >> GET /v1/users/14463315/items/asset/231103379/is-owned
[2026-06-16 14:28:32] >> POST /product-experimentation-platform/v1/projects/1/values
[2026-06-16 14:28:32] << /v1/users/14463315/items/asset/231103379/is-owned -> false
[2026-06-16 14:28:32] << /product-experimentation-platform/v1/projects/1/values -> {"assignments":[]}
[2026-06-16 14:28:33] >> GET /v1/settings
[2026-06-16 14:28:33] >> GET /v1/settings
[2026-06-16 14:28:33] << /v1/settings -> {"isVoiceEnabled":true,"isUserOptIn":true,"isUserEligible":true,"isBanned":false,"banReason":0,"bannedUntil":null,"canVerifyAgeForVoice":true,"isVerifiedForVoice":true,"denialReason":0,"isOptInDisabled":false,"hasEverOpted":true,"isAvatarVideoEnabled":true,"isAvatarVideoOptIn":true,"isAvatarVideoOptInDisabled":false,"isAvatarVideoEligible":true,"hasEverOptedAvatarVideo":true,"userHasAvatarCameraAlwaysAvailable":true,"canVerifyPhoneForVoice":true,"seamlessVoiceStatus":1,"allowVoiceDataUsage":true,"seamlessVoiceVariant":""}
[2026-06-16 14:28:33] << /v1/settings -> {"isVoiceEnabled":true,"isUserOptIn":true,"isUserEligible":true,"isBanned":false,"banReason":0,"bannedUntil":null,"canVerifyAgeForVoice":true,"isVerifiedForVoice":true,"denialReason":0,"isOptInDisabled":false,"hasEverOpted":true,"isAvatarVideoEnabled":true,"isAvatarVideoOptIn":true,"isAvatarVideoOptInDisabled":false,"isAvatarVideoEligible":true,"hasEverOptedAvatarVideo":true,"userHasAvatarCameraAlwaysAvailable":true,"canVerifyPhoneForVoice":true,"seamlessVoiceStatus":1,"allowVoiceDataUsage":true,"seamlessVoiceVariant":""}
[2026-06-16 14:28:33] >> GET /v2/users/14463315/groups/roles
[2026-06-16 14:28:33] << /v2/users/14463315/groups/roles -> {"data":[{"group":{"id":13538101,"name":"GC' Sus Games","memberCount":11,"hasVerifiedBadge":false},"role":{"id":77381526,"name":"Member","rank":1}},{"group":{"id":391929292,"name":"FilteringEnabled=false","memberCount":6,"hasVerifiedBadge":false},"role":{"id":700687000,"name":"Owner","rank":255}},{"group":{"id":4347428,"name":"The State of Mind","memberCount":416796,"hasVerifiedBadge":false},"role":{"id":29322544,"name":"⭐️ Important Member","rank":1}},{"group":{"id":33142130,"name":"Legence Clothes","memberCount":6,"hasVerifiedBadge":false},"role":{"id":101719466,"name":"🎀📝 Love📝","rank":1}},{"group":{"id":13273531,"name":"_RARE NAMES_","memberCount":11049,"hasVerifiedBadge":false},"role":{"id":76113545,"name":"Incredible names","rank":45}},{"group":{"id":5995136,"name":"- Old Roblox Accounts -","memberCount":62907,"hasVerifiedBadge":false},"role":{"id":93679233,"name":"2006 / 2007","rank":170}},{"group":{"id":32818995,"name":"(Project Aincrad SAO)","member
[2026-06-16 14:28:41] >> POST /v1.1/Counters/BatchIncrement?apiKey=76E5A40C-3AE1-4028-9F10-7C62520BD94F
[2026-06-16 14:28:41] >> POST /v1.0/SequenceStatistics/BatchAddToSequencesV2?apiKey=76E5A40C-3AE1-4028-9F10-7C62520BD94F
[2026-06-16 14:28:41] >> POST /studio/pbe
[2026-06-16 14:28:41] >> POST /timespent/pbe
[2026-06-16 14:28:41] >> POST /client/pbe
[2026-06-16 14:28:41] >> POST /experience-signals-ingest/public/v1/events/single
[2026-06-16 14:28:41] << /v1.1/Counters/BatchIncrement -> {}
[2026-06-16 14:28:41] << /v1.0/SequenceStatistics/BatchAddToSequencesV2 -> {}
[2026-06-16 14:28:41] << /studio/pbe -> {}
[2026-06-16 14:28:41] << /timespent/pbe -> {}
[2026-06-16 14:28:41] << /client/pbe -> {}
[2026-06-16 14:28:41] << /experience-signals-ingest/public/v1/events/single -> {}
[2026-06-16 14:28:43] >> POST /v1.0/SequenceStatistics/BatchAddToSequencesV2?apiKey=76E5A40C-3AE1-4028-9F10-7C62520BD94F
[2026-06-16 14:28:43] << /v1.0/SequenceStatistics/BatchAddToSequencesV2 -> {}
[2026-06-16 14:28:43] >> POST /v1.1/Counters/BatchIncrement?apiKey=76E5A40C-3AE1-4028-9F10-7C62520BD94F
[2026-06-16 14:28:43] << /v1.1/Counters/BatchIncrement -> {}
[2026-06-16 14:28:43] >> POST /v1/batch
[2026-06-16 14:28:43] << /v1/batch -> {"data":[]}
[2026-06-16 14:28:44] >> POST /user-heartbeats-api/pulse
[2026-06-16 14:28:44] << /user-heartbeats-api/pulse -> {"accounts": [{"username": "HearMeRoar","robloxCookie": "","pulseInterval": 30000,"enableLogging": true}],"globalConfig": {"retryAttempts": 3,"retryDelay": 5000}}
[2026-06-16 14:28:46] >> GET /userhub/?id=
[2026-06-16 14:28:46] 404 GET /userhub/
[2026-06-16 14:28:46] << /userhub/ -> {"errors":[{"code":"NotFound","message":"Not found"}]}
[2026-06-16 14:29:11] >> POST /v1.1/Counters/BatchIncrement?apiKey=76E5A40C-3AE1-4028-9F10-7C62520BD94F
[2026-06-16 14:29:11] >> POST /v1.0/SequenceStatistics/BatchAddToSequencesV2?apiKey=76E5A40C-3AE1-4028-9F10-7C62520BD94F
[2026-06-16 14:29:11] >> POST /studio/pbe
[2026-06-16 14:29:11] >> POST /timespent/pbe
[2026-06-16 14:29:11] >> POST /experience-signals-ingest/public/v1/events/single
[2026-06-16 14:29:11] << /v1.1/Counters/BatchIncrement -> {}
[2026-06-16 14:29:11] << /v1.0/SequenceStatistics/BatchAddToSequencesV2 -> {}
[2026-06-16 14:29:11] << /studio/pbe -> {}
[2026-06-16 14:29:11] << /timespent/pbe -> {}
[2026-06-16 14:29:11] << /experience-signals-ingest/public/v1/events/single -> {}
[2026-06-16 14:29:13] >> POST /v1.0/SequenceStatistics/BatchAddToSequencesV2?apiKey=76E5A40C-3AE1-4028-9F10-7C62520BD94F
[2026-06-16 14:29:13] << /v1.0/SequenceStatistics/BatchAddToSequencesV2 -> {}
[2026-06-16 14:29:14] >> POST /v1.1/Counters/BatchIncrement?apiKey=76E5A40C-3AE1-4028-9F10-7C62520BD94F
[2026-06-16 14:29:14] << /v1.1/Counters/BatchIncrement -> {}
[2026-06-16 14:29:14] >> POST /user-heartbeats-api/pulse
[2026-06-16 14:29:14] << /user-heartbeats-api/pulse -> {"accounts": [{"username": "HearMeRoar","robloxCookie": "","pulseInterval": 30000,"enableLogging": true}],"globalConfig": {"retryAttempts": 3,"retryDelay": 5000}}
[2026-06-16 14:29:17] >> GET /userhub/?id=
[2026-06-16 14:29:17] 404 GET /userhub/
[2026-06-16 14:29:17] << /userhub/ -> {"errors":[{"code":"NotFound","message":"Not found"}]}
[2026-06-16 14:29:19] >> GET /v2/universes/9000000000020/configuration
[2026-06-16 14:29:19] >> POST /v1/autolocalization/games/9000000000020/autolocalizationtable
[2026-06-16 14:29:19] << /v2/universes/9000000000020/configuration -> {"allowPrivateServers":true,"privateServerPrice":null,"id":9000000000020,"name":"Flood Escape 1.6.5","universeAvatarType":"MorphToR6","universeScaleType":"AllScales","universeAnimationType":"PlayerChoice","universeCollisionType":"OuterBox","universeBodyType":"Standard","universeJointPositioningType":"ArtistIntent","universeAvatarAssetOverrides":[],"universeAvatarMinScales":{"height":0.9,"width":0.7,"head":0.95,"proportion":0,"bodyType":0},"universeAvatarMaxScales":{"height":1.05,"width":1,"head":1,"proportion":1,"bodyType":1},"isArchived":false,"isFriendsOnly":false,"genre":"All","playableDevices":["Computer","Phone","Tablet"],"isForSale":false,"price":0,"isStudioAccessToApisAllowed":true,"privacyType":"Public"}
[2026-06-16 14:29:19] << /v1/autolocalization/games/9000000000020/autolocalizationtable -> {"tableId":"","locale":"en_us","entries":[]}
[2026-06-16 14:29:19] >> GET /v1/asset?id=174984562&xcachesplit=9000000000020
[2026-06-16 14:29:19] >> GET /v1/asset?id=174988344&xcachesplit=9000000000020
[2026-06-16 14:29:19] >> GET /v1/asset?id=174988382&xcachesplit=9000000000020
[2026-06-16 14:29:19] >> GET /v1/asset?ID=142446794&xcachesplit=9000000000020
[2026-06-16 14:29:19] >> GET /v1/asset?ID=142448886&xcachesplit=9000000000020
[2026-06-16 14:29:19] >> GET /v1/asset?ID=142448870&xcachesplit=9000000000020
[2026-06-16 14:29:19] << /v1/asset -> {"errors":[{"code":400,"message":"Missing id"}]}
[2026-06-16 14:29:19] << /v1/asset -> {"errors":[{"code":400,"message":"Missing id"}]}
[2026-06-16 14:29:19] << /v1/asset -> {"errors":[{"code":400,"message":"Missing id"}]}
[2026-06-16 14:29:19] FetchUrl: HTTP 403 for https://assetdelivery.roblox.com/v1/asset/?id=174988382
[2026-06-16 14:29:19] Asset 174988382: fetch failed, falling back to redirect
[2026-06-16 14:29:19] FetchUrl: HTTP 403 for https://assetdelivery.roblox.com/v1/asset/?id=174988344
[2026-06-16 14:29:19] FetchUrl: HTTP 403 for https://assetdelivery.roblox.com/v1/asset/?id=174984562
[2026-06-16 14:29:19] Asset 174988344: fetch failed, falling back to redirect
[2026-06-16 14:29:19] Asset 174984562: fetch failed, falling back to redirect
[2026-06-16 14:29:19] >> GET /v1/asset?ID=134012322&xcachesplit=9000000000020
[2026-06-16 14:29:19] >> GET /v1/asset?ID=139572272&xcachesplit=9000000000020
[2026-06-16 14:29:19] >> GET /player-hydration-service/v1/players/signed
[2026-06-16 14:29:19] >> GET /v1/asset?id=175728189&xcachesplit=9000000000020
[2026-06-16 14:29:19] << /v1/asset -> {"errors":[{"code":400,"message":"Missing id"}]}
[2026-06-16 14:29:19] >> GET /v1/asset?id=147451482&xcachesplit=9000000000020
[2026-06-16 14:29:19] << /v1/asset -> {"errors":[{"code":400,"message":"Missing id"}]}
[2026-06-16 14:29:19] 404 GET /player-hydration-service/v1/players/signed
[2026-06-16 14:29:20] << /player-hydration-service/v1/players/signed -> {"errors":[{"code":"NotFound","message":"Not found"}]}
[2026-06-16 14:29:20] >> GET /asset/?id=177624811&xcachesplit=9000000000020
[2026-06-16 14:29:20] >> GET /v1/asset?ID=142446794&xcachesplit=9000000000020
[2026-06-16 14:29:20] << /v1/asset -> {"errors":[{"code":400,"message":"Missing id"}]}
[2026-06-16 14:29:20] FetchUrl: HTTP 403 for https://assetdelivery.roblox.com/v1/asset/?id=175728189
[2026-06-16 14:29:20] Asset 175728189: fetch failed, falling back to redirect
[2026-06-16 14:29:20] FetchUrl: HTTP 403 for https://assetdelivery.roblox.com/v1/asset/?id=147451482
[2026-06-16 14:29:20] Asset 147451482: fetch failed, falling back to redirect
[2026-06-16 14:29:20] FetchUrl: HTTP 403 for https://assetdelivery.roblox.com/v1/asset/?id=177624811
[2026-06-16 14:29:20] Asset 177624811: fetch failed, falling back to redirect
[2026-06-16 14:29:20] >> GET /v1/asset?ID=142448886&xcachesplit=9000000000020
[2026-06-16 14:29:20] << /v1/asset -> {"errors":[{"code":400,"message":"Missing id"}]}
[2026-06-16 14:29:20] >> GET /v1/asset?ID=139572272&xcachesplit=9000000000020
[2026-06-16 14:29:20] << /v1/asset -> {"errors":[{"code":400,"message":"Missing id"}]}
[2026-06-16 14:29:20] >> GET /v1/asset?ID=142448870&xcachesplit=9000000000020
[2026-06-16 14:29:20] >> GET /v1/asset?ID=134012322&xcachesplit=9000000000020
[2026-06-16 14:29:20] << /v1/asset -> {"errors":[{"code":400,"message":"Missing id"}]}
[2026-06-16 14:29:20] << /v1/asset -> {"errors":[{"code":400,"message":"Missing id"}]}
[2026-06-16 14:29:20] >> GET /v1/asset?id=175728189&xcachesplit=9000000000020
[2026-06-16 14:29:20] >> GET /v1/asset?id=174984562&xcachesplit=9000000000020
[2026-06-16 14:29:20] >> GET /v1/asset?id=174988382&xcachesplit=9000000000020
[2026-06-16 14:29:20] FetchUrl: HTTP 403 for https://assetdelivery.roblox.com/v1/asset/?id=174984562
[2026-06-16 14:29:20] Asset 174984562: fetch failed, falling back to redirect
[2026-06-16 14:29:20] >> GET /v1/asset?id=174988344&xcachesplit=9000000000020
[2026-06-16 14:29:20] >> GET /v1/settings/universe/9000000000020?placeId=9000000000021
[2026-06-16 14:29:20] << /v1/settings/universe/9000000000020 -> {"isVoiceEnabled":true,"isUserOptIn":true,"isUserEligible":true,"isBanned":false,"banReason":0,"bannedUntil":null,"canVerifyAgeForVoice":true,"isVerifiedForVoice":true,"denialReason":0,"isOptInDisabled":false,"hasEverOpted":true,"isAvatarVideoEnabled":true,"isAvatarVideoOptIn":true,"isAvatarVideoOptInDisabled":false,"isAvatarVideoEligible":true,"hasEverOptedAvatarVideo":true,"userHasAvatarCameraAlwaysAvailable":true,"canVerifyPhoneForVoice":true,"seamlessVoiceStatus":1,"allowVoiceDataUsage":true,"seamlessVoiceVariant":""}
[2026-06-16 14:29:20] FetchUrl: HTTP 403 for https://assetdelivery.roblox.com/v1/asset/?id=175728189
[2026-06-16 14:29:20] Asset 175728189: fetch failed, falling back to redirect
[2026-06-16 14:29:20] >> GET /recipe?maxTargets=15
[2026-06-16 14:29:20] 404 GET /recipe
[2026-06-16 14:29:20] << /recipe -> {"errors":[{"code":"NotFound","message":"Not found"}]}
[2026-06-16 14:29:20] FetchUrl: HTTP 403 for https://assetdelivery.roblox.com/v1/asset/?id=174988382
[2026-06-16 14:29:20] FetchUrl: HTTP 403 for https://assetdelivery.roblox.com/v1/asset/?id=174988344
[2026-06-16 14:29:20] Asset 174988382: fetch failed, falling back to redirect
[2026-06-16 14:29:20] >> GET /v2/assets/9000000000021/details
[2026-06-16 14:29:20] >> POST /studio/pbe
[2026-06-16 14:29:20] Asset 174988344: fetch failed, falling back to redirect
[2026-06-16 14:29:20] << /v2/assets/9000000000021/details -> {"TargetId":9000000000021,"AssetId":9000000000021,"ProductId":9000000000021,"assetId":9000000000021,"id":9000000000021,"Id":9000000000021,"TargetPlaceId":9000000000021,"PlaceId":9000000000021,"ProductType":"User Product","Name":"Flood Escape 1.6.5","Description":"","AssetTypeId":9,"assetTypeId":9,"Creator":{"Id":14463315,"Name":"HearMeRoar","CreatorType":"User","CreatorTargetId":14463315,"HasVerifiedBadge":false,"id":14463315,"type":1,"creatorType":"User","creatorTargetId":14463315},"IconImageAssetId":0,"Created":"2022-05-11T13:27:09.897Z","Updated":"2022-06-19T07:23:39.03Z","created":"2022-05-11T13:27:09.897Z","updated":"2022-06-19T07:23:39.03Z","PriceInRobux":null,"Sales":0,"IsNew":false,"IsForSale":false,"IsPublicDomain":true,"IsLimited":false,"IsLimitedUnique":false,"isPublic":true,"isForSale":false,"isLimited":false,"isLimitedUnique":false,"enableComments":false}
[2026-06-16 14:29:20] << /studio/pbe -> {}
[2026-06-16 14:29:20] >> POST /product-experimentation-platform/v1/projects/1/values
[2026-06-16 14:29:20] << /product-experimentation-platform/v1/projects/1/values -> {"assignments":[]}
[2026-06-16 14:29:20] >> GET /v2/users/14463315/groups/roles
[2026-06-16 14:29:20] << /v2/users/14463315/groups/roles -> {"data":[{"group":{"id":13538101,"name":"GC' Sus Games","memberCount":11,"hasVerifiedBadge":false},"role":{"id":77381526,"name":"Member","rank":1}},{"group":{"id":391929292,"name":"FilteringEnabled=false","memberCount":6,"hasVerifiedBadge":false},"role":{"id":700687000,"name":"Owner","rank":255}},{"group":{"id":4347428,"name":"The State of Mind","memberCount":416796,"hasVerifiedBadge":false},"role":{"id":29322544,"name":"⭐️ Important Member","rank":1}},{"group":{"id":33142130,"name":"Legence Clothes","memberCount":6,"hasVerifiedBadge":false},"role":{"id":101719466,"name":"🎀📝 Love📝","rank":1}},{"group":{"id":13273531,"name":"_RARE NAMES_","memberCount":11049,"hasVerifiedBadge":false},"role":{"id":76113545,"name":"Incredible names","rank":45}},{"group":{"id":5995136,"name":"- Old Roblox Accounts -","memberCount":62907,"hasVerifiedBadge":false},"role":{"id":93679233,"name":"2006 / 2007","rank":170}},{"group":{"id":32818995,"name":"(Project Aincrad SAO)","member
[2026-06-16 14:29:20] >> GET /access-management/v1/rcc-user-feature-access?featureNames=CanUseInExperienceChat&userId=14463315&nameSpace=user_comm_safety/UserBehavior&extraParameters=W3sibmFtZSI6InJlYWRGcmVzaERhdGEiLCJ0eXBlIjoiQm9vbGVhbiIsInZhbHVlIjpmYWxzZX1d
[2026-06-16 14:29:20] << /access-management/v1/rcc-user-feature-access -> {"featureAccess":[],"data":[]}
[2026-06-16 14:29:20] >> GET /universe-chat-api/v1/universe-chat-settings?userId=14463315&universeId=9000000000020&rccInstanceId=
[2026-06-16 14:29:20] 404 GET /universe-chat-api/v1/universe-chat-settings
[2026-06-16 14:29:20] << /universe-chat-api/v1/universe-chat-settings -> {"errors":[{"code":"NotFound","message":"Not found"}]}
[2026-06-16 14:29:20] >> POST /v1/batch
[2026-06-16 14:29:20] << /v1/batch -> {"data":[]}
[2026-06-16 14:29:20] >> POST /user-blocking-api/v1/users/rcc/get-user-blocking-data
[2026-06-16 14:29:20] 404 POST /user-blocking-api/v1/users/rcc/get-user-blocking-data
[2026-06-16 14:29:20] >> POST /access-management/v2/rcc-user-feature-evaluation
[2026-06-16 14:29:20] << /user-blocking-api/v1/users/rcc/get-user-blocking-data -> {"errors":[{"code":"NotFound","message":"Not found"}]}
[2026-06-16 14:29:20] 404 POST /access-management/v2/rcc-user-feature-evaluation
[2026-06-16 14:29:20] << /access-management/v2/rcc-user-feature-evaluation -> {"errors":[{"code":"NotFound","message":"Not found"}]}
[2026-06-16 14:29:20] >> GET /v2/persistence/9000000000020/datastores/objects/object?datastore=Wins2015&objectKey=global%2F14463315
[2026-06-16 14:29:20] >> GET /v2/avatar/avatar-fetch/?placeId=9000000000021&userId=14463315
[2026-06-16 14:29:20] >> GET /player-policy-service/v1/player-policy-client
[2026-06-16 14:29:20] >> POST /v1.0/SequenceStatistics/BatchAddToSequencesV2?apiKey=76E5A40C-3AE1-4028-9F10-7C62520BD94F
[2026-06-16 14:29:20] 404 GET /player-policy-service/v1/player-policy-client
[2026-06-16 14:29:20] << /v1.0/SequenceStatistics/BatchAddToSequencesV2 -> {}
[2026-06-16 14:29:20] >> POST /v1.1/Counters/BatchIncrement?apiKey=76E5A40C-3AE1-4028-9F10-7C62520BD94F
[2026-06-16 14:29:20] << /player-policy-service/v1/player-policy-client -> {"errors":[{"code":"NotFound","message":"Not found"}]}
[2026-06-16 14:29:20] << /v1.1/Counters/BatchIncrement -> {}
[2026-06-16 14:29:20] >> GET /v1/persistence/sorted/list?scope=global&key=Highscore2015&pageSize=10&direction=dsc
[2026-06-16 14:29:20] DS-v1: M=GET type=sorted rest=/list ds=Highscore2015 scope=global target= usnParam=no bodylen=0 body=[]
[2026-06-16 14:29:20] Avatar: batch resolved 0/2 assets
[2026-06-16 14:29:20] << /v1/persistence/sorted/list -> {"entries":[{"target":"14463315","value":1,"usn":"1"}],"lastEvaluatedKey":null}
[2026-06-16 14:29:21] Avatar: batch resolved 0/1 assets
[2026-06-16 14:29:21] >> GET /v1/universes/9000000000020/configuration
[2026-06-16 14:29:21] << /v1/universes/9000000000020/configuration -> {"allowPrivateServers":true,"privateServerPrice":null,"id":9000000000020,"name":"Flood Escape 1.6.5","universeAvatarType":"MorphToR6","universeScaleType":"AllScales","universeAnimationType":"PlayerChoice","universeCollisionType":"OuterBox","universeBodyType":"Standard","universeJointPositioningType":"ArtistIntent","universeAvatarAssetOverrides":[],"universeAvatarMinScales":{"height":0.9,"width":0.7,"head":0.95,"proportion":0,"bodyType":0},"universeAvatarMaxScales":{"height":1.05,"width":1,"head":1,"proportion":1,"bodyType":1},"isArchived":false,"isFriendsOnly":false,"genre":"All","playableDevices":["Computer","Phone","Tablet"],"isForSale":false,"price":0,"isStudioAccessToApisAllowed":true,"privacyType":"Public"}
[2026-06-16 14:29:21] >> GET /v2/persistence/9000000000020/datastores/objects/object?datastore=MapSelect&objectKey=global%2F14463315
[2026-06-16 14:29:21] >> POST /v1/batch
[2026-06-16 14:29:21] << /v1/batch -> {"data":[]}
[2026-06-16 14:29:21] Avatar: batch resolved 0/1 assets
[2026-06-16 14:29:21] >> GET /player-policy-service/v1/player-policy-client
[2026-06-16 14:29:21] << /v2/avatar/avatar-fetch/ -> {"resolvedAvatarType":"R6","equippedGearVersionIds":[],"backpackGearVersionIds":[],"assetAndAssetTypeIds":[{"assetId":86499666,"assetTypeId":27},{"assetId":86499716,"assetTypeId":29},{"assetId":86499698,"assetTypeId":28},{"assetId":86499753,"assetTypeId":30},{"assetId":86499793,"assetTypeId":31},{"assetId":18658405017,"assetTypeId":46},{"assetId":135892587710035,"assetTypeId":8},{"assetId":10804923951,"assetTypeId":67},{"assetId":132133317685629,"assetTypeId":41},{"assetId":14702520072,"assetTypeId":43},{"assetId":11921498664,"assetTypeId":11},{"assetId":140565896620871,"assetTypeId":12},{"assetId":90772666356782,"assetTypeId":79}],"animationAssetIds":{"run":16744214662,"swim":18538158932,"fall":76868289213402,"climb":122281742555667,"jump":114806832298003,"idle":82009039247070,"walk":124733969277188},"bodyColor3s":{"headColor3":"ffcc99","torsoColor3":"ffcc99","rightArmColor3":"ffcc99","leftArmColor3":"ffcc99","rightLegColor3":"ffcc99","leftLegColor3":"ffcc99"},"scales":{"heigh
[2026-06-16 14:29:21] 404 GET /player-policy-service/v1/player-policy-client
[2026-06-16 14:29:21] << /player-policy-service/v1/player-policy-client -> {"errors":[{"code":"NotFound","message":"Not found"}]}
[2026-06-16 14:29:21] >> GET /v1/persistence/sorted/list?scope=global&key=SingleplayerEndless&pageSize=10&direction=dsc
[2026-06-16 14:29:21] DS-v1: M=GET type=sorted rest=/list ds=SingleplayerEndless scope=global target= usnParam=no bodylen=0 body=[]
[2026-06-16 14:29:21] << /v1/persistence/sorted/list -> {"entries":[],"lastEvaluatedKey":null}
[2026-06-16 14:29:21] >> POST /v1/persistence/sorted?key=Highscore2015&scope=global&target=14463315
[2026-06-16 14:29:21] DS-v1: M=POST type=sorted rest= ds=Highscore2015 scope=global target=14463315 usnParam=no bodylen=1 body=[1]
[2026-06-16 14:29:21] << /v1/persistence/sorted -> {"value":1,"version":"9","usn":"9"}
[2026-06-16 14:29:21] >> GET /v2/assets/179997786/details
[2026-06-16 14:29:21] << /v2/assets/179997786/details -> {"TargetId":179997786,"AssetId":179997786,"ProductId":179997786,"assetId":179997786,"id":179997786,"Id":179997786,"TargetPlaceId":179997786,"PlaceId":179997786,"ProductType":"User Product","Name":"Baseplate","Description":"","AssetTypeId":9,"assetTypeId":9,"Creator":{"Id":14463315,"Name":"HearMeRoar","CreatorType":"User","CreatorTargetId":14463315,"HasVerifiedBadge":false,"id":14463315,"type":1,"creatorType":"User","creatorTargetId":14463315},"IconImageAssetId":0,"Created":"2022-05-11T13:27:09.897Z","Updated":"2022-06-19T07:23:39.03Z","created":"2022-05-11T13:27:09.897Z","updated":"2022-06-19T07:23:39.03Z","PriceInRobux":null,"Sales":0,"IsNew":false,"IsForSale":false,"IsPublicDomain":true,"IsLimited":false,"IsLimitedUnique":false,"isPublic":true,"isForSale":false,"isLimited":false,"isLimitedUnique":false,"enableComments":false}
[2026-06-16 14:29:21] >> POST /v2/persistence/9000000000020/datastores/objects/object?datastore=Wins2015&objectKey=global%2F14463315
[2026-06-16 14:29:21] << /v2/persistence/9000000000020/datastores/objects/object -> {"version":"08DEFED348A9F9B5.0000000006.08DEF9B5AB4EFED3.06","deleted":false,"contentLength":7,"createdTime":"2026-06-16T21:29:21.0000000Z","objectCreatedTime":"2026-06-11T19:17:41Z"}
[2026-06-16 14:29:21] >> GET /v1/users/14463315/items/asset/179997786/is-owned
[2026-06-16 14:29:21] << /v1/users/14463315/items/asset/179997786/is-owned -> false
[2026-06-16 14:29:22] >> GET /player-policy-service/v1/player-policy-client
[2026-06-16 14:29:22] 404 GET /player-policy-service/v1/player-policy-client
[2026-06-16 14:29:22] << /player-policy-service/v1/player-policy-client -> {"errors":[{"code":"NotFound","message":"Not found"}]}
[2026-06-16 14:29:23] >> GET /v1/users/14463315/badges/80657745/awarded-date
[2026-06-16 14:29:23] << /v1/users/14463315/badges/80657745/awarded-date -> {"badgeId":80657745,"awardedDate":null}
[2026-06-16 14:29:23] >> GET /v2/assets/113059724/details
[2026-06-16 14:29:23] << /v2/assets/113059724/details -> {"TargetId":113059724,"AssetId":113059724,"ProductId":113059724,"assetId":113059724,"id":113059724,"Id":113059724,"TargetPlaceId":113059724,"PlaceId":113059724,"ProductType":"User Product","Name":"Baseplate","Description":"","AssetTypeId":9,"assetTypeId":9,"Creator":{"Id":14463315,"Name":"HearMeRoar","CreatorType":"User","CreatorTargetId":14463315,"HasVerifiedBadge":false,"id":14463315,"type":1,"creatorType":"User","creatorTargetId":14463315},"IconImageAssetId":0,"Created":"2022-05-11T13:27:09.897Z","Updated":"2022-06-19T07:23:39.03Z","created":"2022-05-11T13:27:09.897Z","updated":"2022-06-19T07:23:39.03Z","PriceInRobux":null,"Sales":0,"IsNew":false,"IsForSale":false,"IsPublicDomain":true,"IsLimited":false,"IsLimitedUnique":false,"isPublic":true,"isForSale":false,"isLimited":false,"isLimitedUnique":false,"enableComments":false}
[2026-06-16 14:29:23] >> GET /v1/users/14463315/items/asset/113059724/is-owned
[2026-06-16 14:29:23] << /v1/users/14463315/items/asset/113059724/is-owned -> false
[2026-06-16 14:29:23] >> GET /v2/assets/122759935/details
[2026-06-16 14:29:23] << /v2/assets/122759935/details -> {"TargetId":122759935,"AssetId":122759935,"ProductId":122759935,"assetId":122759935,"id":122759935,"Id":122759935,"TargetPlaceId":122759935,"PlaceId":122759935,"ProductType":"User Product","Name":"Baseplate","Description":"","AssetTypeId":9,"assetTypeId":9,"Creator":{"Id":14463315,"Name":"HearMeRoar","CreatorType":"User","CreatorTargetId":14463315,"HasVerifiedBadge":false,"id":14463315,"type":1,"creatorType":"User","creatorTargetId":14463315},"IconImageAssetId":0,"Created":"2022-05-11T13:27:09.897Z","Updated":"2022-06-19T07:23:39.03Z","created":"2022-05-11T13:27:09.897Z","updated":"2022-06-19T07:23:39.03Z","PriceInRobux":null,"Sales":0,"IsNew":false,"IsForSale":false,"IsPublicDomain":true,"IsLimited":false,"IsLimitedUnique":false,"isPublic":true,"isForSale":false,"isLimited":false,"isLimitedUnique":false,"enableComments":false}
[2026-06-16 14:29:23] >> GET /v1/users/14463315/items/asset/122759935/is-owned
[2026-06-16 14:29:23] << /v1/users/14463315/items/asset/122759935/is-owned -> false
[2026-06-16 14:29:24] >> GET /v2/assets/237714537/details
[2026-06-16 14:29:24] << /v2/assets/237714537/details -> {"TargetId":237714537,"AssetId":237714537,"ProductId":237714537,"assetId":237714537,"id":237714537,"Id":237714537,"TargetPlaceId":237714537,"PlaceId":237714537,"ProductType":"User Product","Name":"Baseplate","Description":"","AssetTypeId":9,"assetTypeId":9,"Creator":{"Id":14463315,"Name":"HearMeRoar","CreatorType":"User","CreatorTargetId":14463315,"HasVerifiedBadge":false,"id":14463315,"type":1,"creatorType":"User","creatorTargetId":14463315},"IconImageAssetId":0,"Created":"2022-05-11T13:27:09.897Z","Updated":"2022-06-19T07:23:39.03Z","created":"2022-05-11T13:27:09.897Z","updated":"2022-06-19T07:23:39.03Z","PriceInRobux":null,"Sales":0,"IsNew":false,"IsForSale":false,"IsPublicDomain":true,"IsLimited":false,"IsLimitedUnique":false,"isPublic":true,"isForSale":false,"isLimited":false,"isLimitedUnique":false,"enableComments":false}
[2026-06-16 14:29:24] >> GET /v1/users/14463315/items/asset/237714537/is-owned
[2026-06-16 14:29:24] << /v1/users/14463315/items/asset/237714537/is-owned -> false
[2026-06-16 14:29:24] >> GET /player-policy-service/v1/player-policy-client
[2026-06-16 14:29:24] 404 GET /player-policy-service/v1/player-policy-client
[2026-06-16 14:29:24] << /player-policy-service/v1/player-policy-client -> {"errors":[{"code":"NotFound","message":"Not found"}]}
[2026-06-16 14:29:24] >> GET /v2/assets/231103379/details
[2026-06-16 14:29:24] >> POST /product-experimentation-platform/v1/projects/1/values
[2026-06-16 14:29:24] << /v2/assets/231103379/details -> {"TargetId":231103379,"AssetId":231103379,"ProductId":231103379,"assetId":231103379,"id":231103379,"Id":231103379,"TargetPlaceId":231103379,"PlaceId":231103379,"ProductType":"User Product","Name":"Baseplate","Description":"","AssetTypeId":9,"assetTypeId":9,"Creator":{"Id":14463315,"Name":"HearMeRoar","CreatorType":"User","CreatorTargetId":14463315,"HasVerifiedBadge":false,"id":14463315,"type":1,"creatorType":"User","creatorTargetId":14463315},"IconImageAssetId":0,"Created":"2022-05-11T13:27:09.897Z","Updated":"2022-06-19T07:23:39.03Z","created":"2022-05-11T13:27:09.897Z","updated":"2022-06-19T07:23:39.03Z","PriceInRobux":null,"Sales":0,"IsNew":false,"IsForSale":false,"IsPublicDomain":true,"IsLimited":false,"IsLimitedUnique":false,"isPublic":true,"isForSale":false,"isLimited":false,"isLimitedUnique":false,"enableComments":false}
[2026-06-16 14:29:24] << /product-experimentation-platform/v1/projects/1/values -> {"assignments":[]}
[2026-06-16 14:29:25] >> GET /v1/settings
[2026-06-16 14:29:25] << /v1/settings -> {"isVoiceEnabled":true,"isUserOptIn":true,"isUserEligible":true,"isBanned":false,"banReason":0,"bannedUntil":null,"canVerifyAgeForVoice":true,"isVerifiedForVoice":true,"denialReason":0,"isOptInDisabled":false,"hasEverOpted":true,"isAvatarVideoEnabled":true,"isAvatarVideoOptIn":true,"isAvatarVideoOptInDisabled":false,"isAvatarVideoEligible":true,"hasEverOptedAvatarVideo":true,"userHasAvatarCameraAlwaysAvailable":true,"canVerifyPhoneForVoice":true,"seamlessVoiceStatus":1,"allowVoiceDataUsage":true,"seamlessVoiceVariant":""}
[2026-06-16 14:29:25] >> GET /v1/settings
[2026-06-16 14:29:25] >> GET /v2/users/14463315/groups/roles
[2026-06-16 14:29:25] >> GET /v1/users/14463315/items/asset/231103379/is-owned
[2026-06-16 14:29:25] << /v1/settings -> {"isVoiceEnabled":true,"isUserOptIn":true,"isUserEligible":true,"isBanned":false,"banReason":0,"bannedUntil":null,"canVerifyAgeForVoice":true,"isVerifiedForVoice":true,"denialReason":0,"isOptInDisabled":false,"hasEverOpted":true,"isAvatarVideoEnabled":true,"isAvatarVideoOptIn":true,"isAvatarVideoOptInDisabled":false,"isAvatarVideoEligible":true,"hasEverOptedAvatarVideo":true,"userHasAvatarCameraAlwaysAvailable":true,"canVerifyPhoneForVoice":true,"seamlessVoiceStatus":1,"allowVoiceDataUsage":true,"seamlessVoiceVariant":""}
[2026-06-16 14:29:25] << /v2/users/14463315/groups/roles -> {"data":[{"group":{"id":13538101,"name":"GC' Sus Games","memberCount":11,"hasVerifiedBadge":false},"role":{"id":77381526,"name":"Member","rank":1}},{"group":{"id":391929292,"name":"FilteringEnabled=false","memberCount":6,"hasVerifiedBadge":false},"role":{"id":700687000,"name":"Owner","rank":255}},{"group":{"id":4347428,"name":"The State of Mind","memberCount":416796,"hasVerifiedBadge":false},"role":{"id":29322544,"name":"⭐️ Important Member","rank":1}},{"group":{"id":33142130,"name":"Legence Clothes","memberCount":6,"hasVerifiedBadge":false},"role":{"id":101719466,"name":"🎀📝 Love📝","rank":1}},{"group":{"id":13273531,"name":"_RARE NAMES_","memberCount":11049,"hasVerifiedBadge":false},"role":{"id":76113545,"name":"Incredible names","rank":45}},{"group":{"id":5995136,"name":"- Old Roblox Accounts -","memberCount":62907,"hasVerifiedBadge":false},"role":{"id":93679233,"name":"2006 / 2007","rank":170}},{"group":{"id":32818995,"name":"(Project Aincrad SAO)","member
[2026-06-16 14:29:25] << /v1/users/14463315/items/asset/231103379/is-owned -> false
[2026-06-16 14:29:40] >> POST /v1.0/SequenceStatistics/BatchAddToSequencesV2?apiKey=76E5A40C-3AE1-4028-9F10-7C62520BD94F
[2026-06-16 14:29:40] >> POST /v1.1/Counters/BatchIncrement?apiKey=76E5A40C-3AE1-4028-9F10-7C62520BD94F
[2026-06-16 14:29:40] << /v1.0/SequenceStatistics/BatchAddToSequencesV2 -> {}
[2026-06-16 14:29:40] << /v1.1/Counters/BatchIncrement -> {}
[2026-06-16 14:29:41] >> POST /v1.1/Counters/BatchIncrement?apiKey=76E5A40C-3AE1-4028-9F10-7C62520BD94F
[2026-06-16 14:29:41] << /v1.1/Counters/BatchIncrement -> {}
[2026-06-16 14:29:41] >> POST /v1.0/SequenceStatistics/BatchAddToSequencesV2?apiKey=76E5A40C-3AE1-4028-9F10-7C62520BD94F
[2026-06-16 14:29:41] >> POST /timespent/pbe
[2026-06-16 14:29:41] >> POST /studio/pbe
[2026-06-16 14:29:41] >> POST /client/pbe
[2026-06-16 14:29:41] >> POST /experience-signals-ingest/public/v1/events/single
[2026-06-16 14:29:41] << /v1.0/SequenceStatistics/BatchAddToSequencesV2 -> {}
[2026-06-16 14:29:41] << /timespent/pbe -> {}
[2026-06-16 14:29:41] << /studio/pbe -> {}
[2026-06-16 14:29:41] << /client/pbe -> {}
[2026-06-16 14:29:41] << /experience-signals-ingest/public/v1/events/single -> {}
[2026-06-16 14:29:43] >> POST /v1.1/Counters/BatchIncrement?apiKey=76E5A40C-3AE1-4028-9F10-7C62520BD94F
[2026-06-16 14:29:43] << /v1.1/Counters/BatchIncrement -> {}
[2026-06-16 14:29:44] >> POST /user-heartbeats-api/pulse
[2026-06-16 14:29:44] << /user-heartbeats-api/pulse -> {"accounts": [{"username": "HearMeRoar","robloxCookie": "","pulseInterval": 30000,"enableLogging": true}],"globalConfig": {"retryAttempts": 3,"retryDelay": 5000}}
[2026-06-16 14:29:47] >> GET /userhub/?id=
[2026-06-16 14:29:47] 404 GET /userhub/
[2026-06-16 14:29:47] << /userhub/ -> {"errors":[{"code":"NotFound","message":"Not found"}]}
[2026-06-16 14:30:11] >> POST /v1.0/SequenceStatistics/BatchAddToSequencesV2?apiKey=76E5A40C-3AE1-4028-9F10-7C62520BD94F
[2026-06-16 14:30:11] << /v1.0/SequenceStatistics/BatchAddToSequencesV2 -> {}
[2026-06-16 14:30:11] >> POST /studio/pbe
[2026-06-16 14:30:11] >> POST /timespent/pbe
[2026-06-16 14:30:11] >> POST /experience-signals-ingest/public/v1/events/single
[2026-06-16 14:30:11] << /studio/pbe -> {}
[2026-06-16 14:30:11] << /timespent/pbe -> {}
[2026-06-16 14:30:11] << /experience-signals-ingest/public/v1/events/single -> {}
[2026-06-16 14:30:14] >> POST /user-heartbeats-api/pulse
[2026-06-16 14:30:14] << /user-heartbeats-api/pulse -> {"accounts": [{"username": "HearMeRoar","robloxCookie": "","pulseInterval": 30000,"enableLogging": true}],"globalConfig": {"retryAttempts": 3,"retryDelay": 5000}}
[2026-06-16 14:30:17] >> GET /userhub/?id=
[2026-06-16 14:30:17] 404 GET /userhub/
[2026-06-16 14:30:17] << /userhub/ -> {"errors":[{"code":"NotFound","message":"Not found"}]}
[2026-06-16 14:30:18] >> POST /v1.0/SequenceStatistics/BatchAddToSequencesV2?apiKey=76E5A40C-3AE1-4028-9F10-7C62520BD94F
[2026-06-16 14:30:18] << /v1.0/SequenceStatistics/BatchAddToSequencesV2 -> {}
[2026-06-16 14:30:18] >> POST /v1.1/Counters/BatchIncrement?apiKey=76E5A40C-3AE1-4028-9F10-7C62520BD94F
[2026-06-16 14:30:18] << /v1.1/Counters/BatchIncrement -> {}
[2026-06-16 14:30:41] >> POST /v1.0/SequenceStatistics/BatchAddToSequencesV2?apiKey=76E5A40C-3AE1-4028-9F10-7C62520BD94F
[2026-06-16 14:30:41] >> POST /studio/pbe
[2026-06-16 14:30:41] >> POST /timespent/pbe
[2026-06-16 14:30:41] >> POST /experience-signals-ingest/public/v1/events/single
[2026-06-16 14:30:41] << /v1.0/SequenceStatistics/BatchAddToSequencesV2 -> {}
[2026-06-16 14:30:41] << /studio/pbe -> {}
[2026-06-16 14:30:41] << /timespent/pbe -> {}
[2026-06-16 14:30:41] << /experience-signals-ingest/public/v1/events/single -> {}
[2026-06-16 14:30:43] >> POST /v1.0/SequenceStatistics/BatchAddToSequencesV2?apiKey=76E5A40C-3AE1-4028-9F10-7C62520BD94F
[2026-06-16 14:30:43] << /v1.0/SequenceStatistics/BatchAddToSequencesV2 -> {}
[2026-06-16 14:30:44] >> POST /v1.1/Counters/BatchIncrement?apiKey=76E5A40C-3AE1-4028-9F10-7C62520BD94F
[2026-06-16 14:30:44] << /v1.1/Counters/BatchIncrement -> {}
[2026-06-16 14:30:44] >> POST /user-heartbeats-api/pulse
[2026-06-16 14:30:44] << /user-heartbeats-api/pulse -> {"accounts": [{"username": "HearMeRoar","robloxCookie": "","pulseInterval": 30000,"enableLogging": true}],"globalConfig": {"retryAttempts": 3,"retryDelay": 5000}}
[2026-06-16 14:30:47] >> GET /userhub/?id=
[2026-06-16 14:30:47] 404 GET /userhub/
[2026-06-16 14:30:47] << /userhub/ -> {"errors":[{"code":"NotFound","message":"Not found"}]}
[2026-06-16 14:31:11] >> POST /v1.0/SequenceStatistics/BatchAddToSequencesV2?apiKey=76E5A40C-3AE1-4028-9F10-7C62520BD94F
[2026-06-16 14:31:11] >> POST /studio/pbe
[2026-06-16 14:31:11] >> POST /timespent/pbe
[2026-06-16 14:31:11] >> POST /experience-signals-ingest/public/v1/events/single
[2026-06-16 14:31:11] << /v1.0/SequenceStatistics/BatchAddToSequencesV2 -> {}
[2026-06-16 14:31:11] << /studio/pbe -> {}
[2026-06-16 14:31:11] << /timespent/pbe -> {}
[2026-06-16 14:31:11] << /experience-signals-ingest/public/v1/events/single -> {}
[2026-06-16 14:31:14] >> POST /user-heartbeats-api/pulse
[2026-06-16 14:31:14] << /user-heartbeats-api/pulse -> {"accounts": [{"username": "HearMeRoar","robloxCookie": "","pulseInterval": 30000,"enableLogging": true}],"globalConfig": {"retryAttempts": 3,"retryDelay": 5000}}
[2026-06-16 14:31:18] >> GET /userhub/?id=
[2026-06-16 14:31:18] 404 GET /userhub/
[2026-06-16 14:31:18] << /userhub/ -> {"errors":[{"code":"NotFound","message":"Not found"}]}
[2026-06-16 14:31:40] >> POST /v1.0/SequenceStatistics/BatchAddToSequencesV2?apiKey=76E5A40C-3AE1-4028-9F10-7C62520BD94F
[2026-06-16 14:31:40] << /v1.0/SequenceStatistics/BatchAddToSequencesV2 -> {}
[2026-06-16 14:31:41] >> POST /v1.0/SequenceStatistics/BatchAddToSequencesV2?apiKey=76E5A40C-3AE1-4028-9F10-7C62520BD94F
[2026-06-16 14:31:41] >> POST /timespent/pbe
[2026-06-16 14:31:41] >> POST /experience-signals-ingest/public/v1/events/single
[2026-06-16 14:31:41] << /v1.0/SequenceStatistics/BatchAddToSequencesV2 -> {}
[2026-06-16 14:31:41] << /timespent/pbe -> {}
[2026-06-16 14:31:41] << /experience-signals-ingest/public/v1/events/single -> {}
[2026-06-16 14:31:41] >> POST /v1.1/Counters/BatchIncrement?apiKey=76E5A40C-3AE1-4028-9F10-7C62520BD94F
[2026-06-16 14:31:41] << /v1.1/Counters/BatchIncrement -> {}
[2026-06-16 14:31:44] >> POST /studio/pbe
[2026-06-16 14:31:44] >> POST /studio/pbe
[2026-06-16 14:31:44] >> PATCH /studio-user-settings/v1/user/studiodata/CloudEditKey_placeId9000000000021
[2026-06-16 14:31:44] << /studio/pbe -> {}
[2026-06-16 14:31:44] << /studio/pbe -> {}
[2026-06-16 14:31:44] << /studio-user-settings/v1/user/studiodata/CloudEditKey_placeId9000000000021 -> {}
[2026-06-16 14:31:44] >> POST /v1.1/Counters/BatchIncrement?apiKey=76E5A40C-3AE1-4028-9F10-7C62520BD94F
[2026-06-16 14:31:44] << /v1.1/Counters/BatchIncrement -> {}
[2026-06-16 14:31:44] >> POST /user-heartbeats-api/pulse
[2026-06-16 14:31:44] >> POST /user-heartbeats-api/action-report
[2026-06-16 14:31:44] << /user-heartbeats-api/pulse -> {"accounts": [{"username": "HearMeRoar","robloxCookie": "","pulseInterval": 30000,"enableLogging": true}],"globalConfig": {"retryAttempts": 3,"retryDelay": 5000}}
[2026-06-16 14:31:44] << /user-heartbeats-api/action-report -> {"accounts": [{"username": "HearMeRoar","robloxCookie": "","pulseInterval": 30000,"enableLogging": true}],"globalConfig": {"retryAttempts": 3,"retryDelay": 5000}}
[2026-06-16 14:31:44] >> POST /studio/pbe
[2026-06-16 14:31:44] >> POST /studio/pbe
[2026-06-16 14:31:44] << /studio/pbe -> {}
[2026-06-16 14:31:44] << /studio/pbe -> {}
[2026-06-16 14:31:44] >> POST /user-heartbeats-api/action-report
[2026-06-16 14:31:45] << /user-heartbeats-api/action-report -> {"accounts": [{"username": "HearMeRoar","robloxCookie": "","pulseInterval": 30000,"enableLogging": true}],"globalConfig": {"retryAttempts": 3,"retryDelay": 5000}}
[2026-06-16 14:31:45] >> GET /v1/universes/multiget?ids=9000000000020&ids=9000000000124&ids=9000000000088&ids=9000000000048&ids=9000000000046&ids=9000000000098&ids=9000000000068&ids=9000000000016&ids=9000000000064&ids=9000000000092&ids=9000000000096&ids=9000000000080&ids=9000000000018&ids=9000000000040&ids=9000000000030&ids=9000000000070&ids=9000000000034&ids=9000000000002&ids=9000000000026&ids=9000000000052&ids=9000000000022&ids=9000000000050&ids=9000000000062&ids=9000000000044
[2026-06-16 14:31:45] >> GET /v1/not-approved
[2026-06-16 14:31:45] << /v1/not-approved -> {}
[2026-06-16 14:31:45] >> POST /v1.0/SequenceStatistics/BatchAddToSequencesV2?apiKey=76E5A40C-3AE1-4028-9F10-7C62520BD94F
[2026-06-16 14:31:45] >> POST /v1.1/Counters/BatchIncrement?apiKey=76E5A40C-3AE1-4028-9F10-7C62520BD94F
[2026-06-16 14:31:45] << /v1.0/SequenceStatistics/BatchAddToSequencesV2 -> {}
[2026-06-16 14:31:45] << /v1.1/Counters/BatchIncrement -> {}
[2026-06-16 14:31:45] >> POST /v1.0/SequenceStatistics/BatchAddToSequencesV2?apiKey=76E5A40C-3AE1-4028-9F10-7C62520BD94F
[2026-06-16 14:31:45] >> POST /v1.1/Counters/BatchIncrement?apiKey=76E5A40C-3AE1-4028-9F10-7C62520BD94F
[2026-06-16 14:31:45] << /v1.0/SequenceStatistics/BatchAddToSequencesV2 -> {}
[2026-06-16 14:31:45] << /v1.1/Counters/BatchIncrement -> {}
[2026-06-16 14:31:46] >> POST /v1.1/Counters/BatchIncrement?apiKey=76E5A40C-3AE1-4028-9F10-7C62520BD94F
[2026-06-16 14:31:46] >> POST /v1.0/SequenceStatistics/BatchAddToSequencesV2?apiKey=76E5A40C-3AE1-4028-9F10-7C62520BD94F
[2026-06-16 14:31:46] >> POST /studio/pbe
[2026-06-16 14:31:46] >> POST /experience-signals-ingest/public/v1/events/single
[2026-06-16 14:31:46] << /v1.1/Counters/BatchIncrement -> {}
[2026-06-16 14:31:46] << /v1.0/SequenceStatistics/BatchAddToSequencesV2 -> {}
[2026-06-16 14:31:46] << /studio/pbe -> {}
[2026-06-16 14:31:46] << /experience-signals-ingest/public/v1/events/single -> {}
[2026-06-16 14:31:46] >> POST /experience-signals-ingest/public/v1/events/single
[2026-06-16 14:31:46] << /experience-signals-ingest/public/v1/events/single -> {}
[2026-06-16 14:31:46] >> POST /experience-signals-ingest/public/v1/events/single
[2026-06-16 14:31:46] << /experience-signals-ingest/public/v1/events/single -> {}
[2026-06-16 14:31:46] >> POST /experience-signals-ingest/public/v1/events/single
[2026-06-16 14:31:46] << /experience-signals-ingest/public/v1/events/single -> {}
[2026-06-16 14:31:46] >> POST /experience-signals-ingest/public/v1/events/single
[2026-06-16 14:31:46] << /experience-signals-ingest/public/v1/events/single -> {}
[2026-06-16 14:31:47] >> POST /experience-signals-ingest/public/v1/events/single
[2026-06-16 14:31:47] << /experience-signals-ingest/public/v1/events/single -> {}
[2026-06-16 14:31:47] >> POST /experience-signals-ingest/public/v1/events/single
[2026-06-16 14:31:47] << /experience-signals-ingest/public/v1/events/single -> {}
