[2026-06-15 20:04:51] === HookedWebserver startup ===
[2026-06-15 20:04:51] DLL directory: C:\Users\catoa\Desktop\Roblox Downloads\OffBloxModern\Clients\OffBlox\
[2026-06-15 20:04:51] Username: HearMeRoar  UserId: 14463315
[2026-06-15 20:04:51] HTTP port: 80  HTTPS port: 443
[2026-06-15 20:04:51] Winsock initialized
[2026-06-15 20:04:51] Sign key: loaded OK
[2026-06-15 20:04:51] SSL: PEM cert+key loaded OK (PKCS#8 key, no PFX needed)
[2026-06-15 20:04:51] SSL/TLS: loaded OK
[2026-06-15 20:04:51] Server WATCHDOG — another instance owns port 80, monitoring...
[2026-06-15 20:04:51] Startup complete.
[2026-06-15 20:04:51] Roblox cookie probe (users/authenticated): HTTP 200 -> valid
[2026-06-15 20:04:51] Roblox cookie: loaded & valid
[2026-06-15 20:05:12] >> GET /v2/universes/9000000000048/places?limit=50&SortOrder=Asc
[2026-06-15 20:05:12] << /v2/universes/9000000000048/places -> {"previousPageCursor":null,"nextPageCursor":null,"data":[{"id":9000000000049,"universeId":9000000000048,"name":"Pokemon Brick Bronze","description":""}]}
[2026-06-15 20:05:13] >> GET /userhub/?id=
[2026-06-15 20:05:13] 404 GET /userhub/
[2026-06-15 20:05:13] << /userhub/ -> {"errors":[{"code":"NotFound","message":"Not found"}]}
[2026-06-15 20:05:13] >> GET /v2/universes/9000000000068/places?limit=50&SortOrder=Asc
[2026-06-15 20:05:13] << /v2/universes/9000000000068/places -> {"previousPageCursor":null,"nextPageCursor":null,"data":[{"id":9000000000069,"universeId":9000000000068,"name":"Weight Lifting Simulator 2","description":""}]}
[2026-06-15 20:05:13] >> GET /v2/universes/9000000000016/places?limit=50&SortOrder=Asc
[2026-06-15 20:05:13] << /v2/universes/9000000000016/places -> {"previousPageCursor":null,"nextPageCursor":null,"data":[{"id":9000000000017,"universeId":9000000000016,"name":"Prison Life V2.0","description":""}]}
[2026-06-15 20:05:13] >> GET /v2/universes/9000000000088/places?limit=50&SortOrder=Asc
[2026-06-15 20:05:13] << /v2/universes/9000000000088/places -> {"previousPageCursor":null,"nextPageCursor":null,"data":[{"id":9000000000089,"universeId":9000000000088,"name":"Muffin Kombat","description":""}]}
[2026-06-15 20:05:13] >> GET /v2/universes/9000000000064/places?limit=50&SortOrder=Asc
[2026-06-15 20:05:13] << /v2/universes/9000000000064/places -> {"previousPageCursor":null,"nextPageCursor":null,"data":[{"id":9000000000065,"universeId":9000000000064,"name":"New MM2","description":""}]}
[2026-06-15 20:05:14] >> GET /v2/universes/9000000000092/places?limit=50&SortOrder=Asc
[2026-06-15 20:05:14] << /v2/universes/9000000000092/places -> {"previousPageCursor":null,"nextPageCursor":null,"data":[{"id":9000000000093,"universeId":9000000000092,"name":"Meepcity","description":""}]}
[2026-06-15 20:05:14] >> GET /v2/universes/9000000000096/places?limit=50&SortOrder=Asc
[2026-06-15 20:05:14] << /v2/universes/9000000000096/places -> {"previousPageCursor":null,"nextPageCursor":null,"data":[{"id":9000000000097,"universeId":9000000000096,"name":"Tower of hell","description":""}]}
[2026-06-15 20:05:14] >> GET /v2/universes/9000000000080/places?limit=50&SortOrder=Asc
[2026-06-15 20:05:14] << /v2/universes/9000000000080/places -> {"previousPageCursor":null,"nextPageCursor":null,"data":[{"id":9000000000081,"universeId":9000000000080,"name":"Work at a pizza place","description":""}]}
[2026-06-15 20:05:14] >> GET /v2/universes/9000000000018/places?limit=50&SortOrder=Asc
[2026-06-15 20:05:14] << /v2/universes/9000000000018/places -> {"previousPageCursor":null,"nextPageCursor":null,"data":[{"id":9000000000019,"universeId":9000000000018,"name":"Natural Disaster Survival","description":""}]}
[2026-06-15 20:05:14] >> GET /v2/universes/9000000000040/places?limit=50&SortOrder=Asc
[2026-06-15 20:05:14] << /v2/universes/9000000000040/places -> {"previousPageCursor":null,"nextPageCursor":null,"data":[{"id":9000000000041,"universeId":9000000000040,"name":"Epic Minigames","description":""}]}
[2026-06-15 20:05:15] >> GET /v2/universes/9000000000030/places?limit=50&SortOrder=Asc
[2026-06-15 20:05:15] << /v2/universes/9000000000030/places -> {"previousPageCursor":null,"nextPageCursor":null,"data":[{"id":9000000000031,"universeId":9000000000030,"name":"Twisted Murderer","description":""}]}
[2026-06-15 20:05:15] >> GET /userhub/?id=
[2026-06-15 20:05:15] 404 GET /userhub/
[2026-06-15 20:05:15] << /userhub/ -> {"errors":[{"code":"NotFound","message":"Not found"}]}
[2026-06-15 20:05:15] >> GET /v2/universes/9000000000070/places?limit=50&SortOrder=Asc
[2026-06-15 20:05:15] << /v2/universes/9000000000070/places -> {"previousPageCursor":null,"nextPageCursor":null,"data":[{"id":9000000000071,"universeId":9000000000070,"name":"Speed run 4","description":""}]}
[2026-06-15 20:05:15] >> GET /v2/universes/9000000000034/places?limit=50&SortOrder=Asc
[2026-06-15 20:05:15] << /v2/universes/9000000000034/places -> {"previousPageCursor":null,"nextPageCursor":null,"data":[{"id":9000000000035,"universeId":9000000000034,"name":"Assassin","description":""}]}
[2026-06-15 20:05:15] >> GET /v2/universes/9000000000020/places?limit=50&SortOrder=Asc
[2026-06-15 20:05:15] << /v2/universes/9000000000020/places -> {"previousPageCursor":null,"nextPageCursor":null,"data":[{"id":9000000000021,"universeId":9000000000020,"name":"Flood Escape 1.6.5","description":""}]}
[2026-06-15 20:05:15] >> GET /v2/universes/9000000000002/places?limit=50&SortOrder=Asc
[2026-06-15 20:05:15] << /v2/universes/9000000000002/places -> {"previousPageCursor":null,"nextPageCursor":null,"data":[{"id":9000000000003,"universeId":9000000000002,"name":"Theme park tycoon 2","description":""}]}
[2026-06-15 20:05:16] >> GET /v2/universes/9000000000026/places?limit=50&SortOrder=Asc
[2026-06-15 20:05:16] << /v2/universes/9000000000026/places -> {"previousPageCursor":null,"nextPageCursor":null,"data":[{"id":9000000000027,"universeId":9000000000026,"name":"Jailbreak","description":""}]}
[2026-06-15 20:05:16] >> GET /v2/universes/9000000000052/places?limit=50&SortOrder=Asc
[2026-06-15 20:05:16] << /v2/universes/9000000000052/places -> {"previousPageCursor":null,"nextPageCursor":null,"data":[{"id":9000000000053,"universeId":9000000000052,"name":"Whatever Floats Your Boat","description":""}]}
[2026-06-15 20:05:16] >> GET /v2/universes/9000000000022/places?limit=50&SortOrder=Asc
[2026-06-15 20:05:16] << /v2/universes/9000000000022/places -> {"previousPageCursor":null,"nextPageCursor":null,"data":[{"id":9000000000023,"universeId":9000000000022,"name":"Robot 64","description":""}]}
[2026-06-15 20:05:16] >> GET /v1/universes/multiget?ids=9000000000098&ids=9000000000048&ids=9000000000068&ids=9000000000016&ids=9000000000088&ids=9000000000064&ids=9000000000092&ids=9000000000096&ids=9000000000080&ids=9000000000018&ids=9000000000040&ids=9000000000030&ids=9000000000070&ids=9000000000034&ids=9000000000020&ids=9000000000002&ids=9000000000026&ids=9000000000052&ids=9000000000022&ids=9000000000050&ids=9000000000062&ids=9000000000044&ids=9000000000060&ids=9000000000024
[2026-06-15 20:05:16] >> GET /v2/universes/9000000000050/places?limit=50&SortOrder=Asc
[2026-06-15 20:05:16] << /v2/universes/9000000000050/places -> {"previousPageCursor":null,"nextPageCursor":null,"data":[{"id":9000000000051,"universeId":9000000000050,"name":"Polyguns","description":""}]}
[2026-06-15 20:05:16] >> POST /studio/pbe
[2026-06-15 20:05:16] << /studio/pbe -> {}
[2026-06-15 20:05:16] >> GET /v2/universes/9000000000062/places?limit=50&SortOrder=Asc
[2026-06-15 20:05:16] << /v2/universes/9000000000062/places -> {"previousPageCursor":null,"nextPageCursor":null,"data":[{"id":9000000000063,"universeId":9000000000062,"name":"Build a boat for treasure","description":""}]}
[2026-06-15 20:05:16] >> GET /v1/universes/multiget/teamcreate?ids=9000000000098&ids=9000000000048&ids=9000000000068&ids=9000000000016&ids=9000000000088&ids=9000000000064&ids=9000000000092&ids=9000000000096&ids=9000000000080&ids=9000000000018&ids=9000000000040&ids=9000000000030&ids=9000000000070&ids=9000000000034&ids=9000000000020&ids=9000000000002&ids=9000000000026&ids=9000000000052&ids=9000000000022&ids=9000000000050&ids=9000000000062&ids=9000000000044&ids=9000000000060&ids=9000000000024
[2026-06-15 20:05:16] TeamCreate stub (disabled): GET /v1/universes/multiget/teamcreate
[2026-06-15 20:05:16] << /v1/universes/multiget/teamcreate -> {"data":[{"id":9000000000098,"isEnabled":false},{"id":9000000000048,"isEnabled":false},{"id":9000000000068,"isEnabled":false},{"id":9000000000016,"isEnabled":false},{"id":9000000000088,"isEnabled":false},{"id":9000000000064,"isEnabled":false},{"id":9000000000092,"isEnabled":false},{"id":9000000000096,"isEnabled":false},{"id":9000000000080,"isEnabled":false},{"id":9000000000018,"isEnabled":false},{"id":9000000000040,"isEnabled":false},{"id":9000000000030,"isEnabled":false},{"id":9000000000070,"isEnabled":false},{"id":9000000000034,"isEnabled":false},{"id":9000000000020,"isEnabled":false},{"id":9000000000002,"isEnabled":false},{"id":9000000000026,"isEnabled":false},{"id":9000000000052,"isEnabled":false},{"id":9000000000022,"isEnabled":false},{"id":9000000000050,"isEnabled":false},{"id":9000000000062,"isEnabled":false},{"id":9000000000044,"isEnabled":false},{"id":9000000000060,"isEnabled":false},{"id":9000000000024,"isEnabled":false}]}
[2026-06-15 20:05:17] >> GET /v2/universes/9000000000044/places?limit=50&SortOrder=Asc
[2026-06-15 20:05:17] << /v2/universes/9000000000044/places -> {"previousPageCursor":null,"nextPageCursor":null,"data":[{"id":9000000000045,"universeId":9000000000044,"name":"Miners Haven","description":""}]}
[2026-06-15 20:05:17] >> GET /v2/universes/9000000000060/places?limit=50&SortOrder=Asc
[2026-06-15 20:05:17] << /v2/universes/9000000000060/places -> {"previousPageCursor":null,"nextPageCursor":null,"data":[{"id":9000000000061,"universeId":9000000000060,"name":"SPTS","description":""}]}
[2026-06-15 20:05:17] >> GET /v2/universes/9000000000024/places?limit=50&SortOrder=Asc
[2026-06-15 20:05:17] << /v2/universes/9000000000024/places -> {"previousPageCursor":null,"nextPageCursor":null,"data":[{"id":9000000000025,"universeId":9000000000024,"name":"The Streets","description":""}]}
[2026-06-15 20:05:17] >> GET /v1/universes/multiget?ids=9000000000098&ids=9000000000048&ids=9000000000068&ids=9000000000016&ids=9000000000088&ids=9000000000064&ids=9000000000092&ids=9000000000096&ids=9000000000080&ids=9000000000018&ids=9000000000040&ids=9000000000030&ids=9000000000070&ids=9000000000034&ids=9000000000020&ids=9000000000002&ids=9000000000026&ids=9000000000052&ids=9000000000022&ids=9000000000050&ids=9000000000062&ids=9000000000044&ids=9000000000060&ids=9000000000024&
[2026-06-15 20:05:17] >> GET /universes/v1/search?isTemplates=false&isArchived=false&creatorTargetId=14463315&searchKey=Experiences&sortOrder=Desc&search=&creatorType=User&pageSize=30&sortParam=LastUpdated&surface=StudioStartPage&PageIndex=0&needsAssetOptions=true
[2026-06-15 20:05:18] >> POST /experience-guidelines-service/v1beta1/multi-age-recommendation
[2026-06-15 20:05:18] >> POST /core-content/v1/universe-eligibility/batch
[2026-06-15 20:05:18] >> POST /experience-releases/v1beta1/experience_releases_api/multi_release_statuses
[2026-06-15 20:05:18] << /experience-guidelines-service/v1beta1/multi-age-recommendation -> {"eligibilityByCreator":[{"userId":"14463315","userIsEligible":true,"displayText":"Eligible","ineligibilityReason":"INELIGIBILITY_REASON_NONE"}]}
[2026-06-15 20:05:18] << /core-content/v1/universe-eligibility/batch -> {"eligibilityByCreator":[{"userId":"14463315","userIsEligible":true,"displayText":"Eligible","ineligibilityReason":"INELIGIBILITY_REASON_NONE"}]}
[2026-06-15 20:05:18] << /experience-releases/v1beta1/experience_releases_api/multi_release_statuses -> {"eligibilityByCreator":[{"userId":"14463315","userIsEligible":true,"displayText":"Eligible","ineligibilityReason":"INELIGIBILITY_REASON_NONE"}]}
[2026-06-15 20:05:18] >> GET /creator-home-api/v1/groups?surface=StudioStartPage
[2026-06-15 20:05:18] >> GET //v1/games/icons?universeIds=9000000000098,9000000000048,9000000000068,9000000000016,9000000000088,9000000000064,9000000000092,9000000000096,9000000000080,9000000000018,9000000000040,9000000000030,9000000000070,9000000000034,9000000000020,9000000000002,9000000000026,9000000000052,9000000000022,9000000000050,9000000000062,9000000000044,9000000000060,9000000000024&returnPolicy=Autogenerated&format=png&size=256x256
[2026-06-15 20:05:18] >> GET /teamcreate/v1/MultiGetUniversesActiveSessionMembers?maxUsers=10&ids=9000000000098&ids=9000000000048&ids=9000000000068&ids=9000000000016&ids=9000000000088&ids=9000000000064&ids=9000000000092&ids=9000000000096&ids=9000000000080&ids=9000000000018&ids=9000000000040&ids=9000000000030&ids=9000000000070&ids=9000000000034&ids=9000000000020&ids=9000000000002&ids=9000000000026&ids=9000000000052&ids=9000000000022&ids=9000000000050&ids=9000000000062&ids=9000000000044&ids=9000000000060&ids=9000000000024
[2026-06-15 20:05:18] >> GET /v1/universes/multiget/teamcreate?ids=9000000000098&ids=9000000000048&ids=9000000000068&ids=9000000000016&ids=9000000000088&ids=9000000000064&ids=9000000000092&ids=9000000000096&ids=9000000000080&ids=9000000000018&ids=9000000000040&ids=9000000000030&ids=9000000000070&ids=9000000000034&ids=9000000000020&ids=9000000000002&ids=9000000000026&ids=9000000000052&ids=9000000000022&ids=9000000000050&ids=9000000000062&ids=9000000000044&ids=9000000000060&ids=9000000000024&
[2026-06-15 20:05:18] << /creator-home-api/v1/groups -> {"data":[]}
[2026-06-15 20:05:18] << //v1/games/icons -> {"data":[{"targetId":9000000000098,"state":"Completed","imageUrl":"http://localhost/Thumbs/gameicon.ashx?id=9000000000098","version":"TN3"},{"targetId":9000000000048,"state":"Completed","imageUrl":"http://localhost/Thumbs/gameicon.ashx?id=9000000000048","version":"TN3"},{"targetId":9000000000068,"state":"Completed","imageUrl":"http://localhost/Thumbs/gameicon.ashx?id=9000000000068","version":"TN3"},{"targetId":9000000000016,"state":"Completed","imageUrl":"http://localhost/Thumbs/gameicon.ashx?id=9000000000016","version":"TN3"},{"targetId":9000000000088,"state":"Completed","imageUrl":"http://localhost/Thumbs/gameicon.ashx?id=9000000000088","version":"TN3"},{"targetId":9000000000064,"state":"Completed","imageUrl":"http://localhost/Thumbs/gameicon.ashx?id=9000000000064","version":"TN3"},{"targetId":9000000000092,"state":"Completed","imageUrl":"http://localhost/Thumbs/gameicon.ashx?id=9000000000092","version":"TN3"},{"targetId":9000000000096,"state":"Completed","imageUrl":"http://localhost
[2026-06-15 20:05:18] TeamCreate stub (disabled): GET /teamcreate/v1/MultiGetUniversesActiveSessionMembers
[2026-06-15 20:05:18] TeamCreate stub (disabled): GET /v1/universes/multiget/teamcreate
[2026-06-15 20:05:18] << /teamcreate/v1/MultiGetUniversesActiveSessionMembers -> {"data":[{"id":9000000000098,"isEnabled":false},{"id":9000000000048,"isEnabled":false},{"id":9000000000068,"isEnabled":false},{"id":9000000000016,"isEnabled":false},{"id":9000000000088,"isEnabled":false},{"id":9000000000064,"isEnabled":false},{"id":9000000000092,"isEnabled":false},{"id":9000000000096,"isEnabled":false},{"id":9000000000080,"isEnabled":false},{"id":9000000000018,"isEnabled":false},{"id":9000000000040,"isEnabled":false},{"id":9000000000030,"isEnabled":false},{"id":9000000000070,"isEnabled":false},{"id":9000000000034,"isEnabled":false},{"id":9000000000020,"isEnabled":false},{"id":9000000000002,"isEnabled":false},{"id":9000000000026,"isEnabled":false},{"id":9000000000052,"isEnabled":false},{"id":9000000000022,"isEnabled":false},{"id":9000000000050,"isEnabled":false},{"id":9000000000062,"isEnabled":false},{"id":9000000000044,"isEnabled":false},{"id":9000000000060,"isEnabled":false},{"id":9000000000024,"isEnabled":false}]}
[2026-06-15 20:05:18] << /v1/universes/multiget/teamcreate -> {"data":[{"id":9000000000098,"isEnabled":false},{"id":9000000000048,"isEnabled":false},{"id":9000000000068,"isEnabled":false},{"id":9000000000016,"isEnabled":false},{"id":9000000000088,"isEnabled":false},{"id":9000000000064,"isEnabled":false},{"id":9000000000092,"isEnabled":false},{"id":9000000000096,"isEnabled":false},{"id":9000000000080,"isEnabled":false},{"id":9000000000018,"isEnabled":false},{"id":9000000000040,"isEnabled":false},{"id":9000000000030,"isEnabled":false},{"id":9000000000070,"isEnabled":false},{"id":9000000000034,"isEnabled":false},{"id":9000000000020,"isEnabled":false},{"id":9000000000002,"isEnabled":false},{"id":9000000000026,"isEnabled":false},{"id":9000000000052,"isEnabled":false},{"id":9000000000022,"isEnabled":false},{"id":9000000000050,"isEnabled":false},{"id":9000000000062,"isEnabled":false},{"id":9000000000044,"isEnabled":false},{"id":9000000000060,"isEnabled":false},{"id":9000000000024,"isEnabled":false}]}
[2026-06-15 20:05:18] >> GET /content-safety/v1/places/9000000000099/safety-status
[2026-06-15 20:05:18] >> GET /content-safety/v1/places/9000000000049/safety-status
[2026-06-15 20:05:18] >> GET /content-safety/v1/places/9000000000069/safety-status
[2026-06-15 20:05:18] >> GET /content-safety/v1/places/9000000000017/safety-status
[2026-06-15 20:05:18] >> GET /content-safety/v1/places/9000000000089/safety-status
[2026-06-15 20:05:18] >> GET /content-safety/v1/places/9000000000065/safety-status
[2026-06-15 20:05:18] << /content-safety/v1/places/9000000000099/safety-status -> {"isSequestered":false,"moderationStatus":"Approved"}
[2026-06-15 20:05:18] << /content-safety/v1/places/9000000000049/safety-status -> {"isSequestered":false,"moderationStatus":"Approved"}
[2026-06-15 20:05:18] >> GET /content-safety/v1/places/9000000000093/safety-status
[2026-06-15 20:05:18] << /content-safety/v1/places/9000000000069/safety-status -> {"isSequestered":false,"moderationStatus":"Approved"}
[2026-06-15 20:05:18] << /content-safety/v1/places/9000000000017/safety-status -> {"isSequestered":false,"moderationStatus":"Approved"}
[2026-06-15 20:05:18] << /content-safety/v1/places/9000000000089/safety-status -> {"isSequestered":false,"moderationStatus":"Approved"}
[2026-06-15 20:05:18] << /content-safety/v1/places/9000000000065/safety-status -> {"isSequestered":false,"moderationStatus":"Approved"}
[2026-06-15 20:05:18] << /content-safety/v1/places/9000000000093/safety-status -> {"isSequestered":false,"moderationStatus":"Approved"}
[2026-06-15 20:05:18] >> GET /content-safety/v1/places/9000000000097/safety-status
[2026-06-15 20:05:18] >> GET /content-safety/v1/places/9000000000081/safety-status
[2026-06-15 20:05:18] >> GET /content-safety/v1/places/9000000000019/safety-status
[2026-06-15 20:05:18] << /content-safety/v1/places/9000000000097/safety-status -> {"isSequestered":false,"moderationStatus":"Approved"}
[2026-06-15 20:05:18] << /content-safety/v1/places/9000000000081/safety-status -> {"isSequestered":false,"moderationStatus":"Approved"}
[2026-06-15 20:05:18] << /content-safety/v1/places/9000000000019/safety-status -> {"isSequestered":false,"moderationStatus":"Approved"}
[2026-06-15 20:05:18] >> GET /content-safety/v1/places/9000000000041/safety-status
[2026-06-15 20:05:18] >> GET /content-safety/v1/places/9000000000031/safety-status
[2026-06-15 20:05:18] >> GET /content-safety/v1/places/9000000000071/safety-status
[2026-06-15 20:05:18] >> GET /content-safety/v1/places/9000000000035/safety-status
[2026-06-15 20:05:18] << /content-safety/v1/places/9000000000041/safety-status -> {"isSequestered":false,"moderationStatus":"Approved"}
[2026-06-15 20:05:18] << /content-safety/v1/places/9000000000031/safety-status -> {"isSequestered":false,"moderationStatus":"Approved"}
[2026-06-15 20:05:18] << /content-safety/v1/places/9000000000071/safety-status -> {"isSequestered":false,"moderationStatus":"Approved"}
[2026-06-15 20:05:18] << /content-safety/v1/places/9000000000035/safety-status -> {"isSequestered":false,"moderationStatus":"Approved"}
[2026-06-15 20:05:19] >> GET /content-safety/v1/places/9000000000021/safety-status
[2026-06-15 20:05:19] >> GET /content-safety/v1/places/9000000000003/safety-status
[2026-06-15 20:05:19] << /content-safety/v1/places/9000000000021/safety-status -> {"isSequestered":false,"moderationStatus":"Approved"}
[2026-06-15 20:05:19] << /content-safety/v1/places/9000000000003/safety-status -> {"isSequestered":false,"moderationStatus":"Approved"}
[2026-06-15 20:05:19] >> GET /content-safety/v1/places/9000000000027/safety-status
[2026-06-15 20:05:19] >> GET /content-safety/v1/places/9000000000053/safety-status
[2026-06-15 20:05:19] << /content-safety/v1/places/9000000000027/safety-status -> {"isSequestered":false,"moderationStatus":"Approved"}
[2026-06-15 20:05:19] << /content-safety/v1/places/9000000000053/safety-status -> {"isSequestered":false,"moderationStatus":"Approved"}
[2026-06-15 20:05:19] >> GET /content-safety/v1/places/9000000000023/safety-status
[2026-06-15 20:05:19] >> GET /content-safety/v1/places/9000000000051/safety-status
[2026-06-15 20:05:19] << /content-safety/v1/places/9000000000023/safety-status -> {"isSequestered":false,"moderationStatus":"Approved"}
[2026-06-15 20:05:19] >> GET /content-safety/v1/places/9000000000063/safety-status
[2026-06-15 20:05:19] << /content-safety/v1/places/9000000000051/safety-status -> {"isSequestered":false,"moderationStatus":"Approved"}
[2026-06-15 20:05:19] << /content-safety/v1/places/9000000000063/safety-status -> {"isSequestered":false,"moderationStatus":"Approved"}
[2026-06-15 20:05:19] >> GET /content-safety/v1/places/9000000000045/safety-status
[2026-06-15 20:05:19] >> GET /content-safety/v1/places/9000000000061/safety-status
[2026-06-15 20:05:19] >> GET /content-safety/v1/places/9000000000025/safety-status
[2026-06-15 20:05:19] << /content-safety/v1/places/9000000000045/safety-status -> {"isSequestered":false,"moderationStatus":"Approved"}
[2026-06-15 20:05:19] >> GET /v2/universes/9000000000014/places?limit=50&SortOrder=Asc
[2026-06-15 20:05:19] << /content-safety/v1/places/9000000000025/safety-status -> {"isSequestered":false,"moderationStatus":"Approved"}
[2026-06-15 20:05:19] >> GET /v2/universes/9000000000002/places?limit=50&SortOrder=Asc
[2026-06-15 20:05:19] << /content-safety/v1/places/9000000000061/safety-status -> {"isSequestered":false,"moderationStatus":"Approved"}
[2026-06-15 20:05:19] << /v2/universes/9000000000014/places -> {"previousPageCursor":null,"nextPageCursor":null,"data":[{"id":9000000000015,"universeId":9000000000014,"name":"Doomspire Brickbattle","description":""}]}
[2026-06-15 20:05:19] >> GET /v2/universes/9000000000016/places?limit=50&SortOrder=Asc
[2026-06-15 20:05:19] << /v2/universes/9000000000002/places -> {"previousPageCursor":null,"nextPageCursor":null,"data":[{"id":9000000000003,"universeId":9000000000002,"name":"Theme park tycoon 2","description":""}]}
[2026-06-15 20:05:19] >> GET /v2/universes/9000000000018/places?limit=50&SortOrder=Asc
[2026-06-15 20:05:19] << /v2/universes/9000000000016/places -> {"previousPageCursor":null,"nextPageCursor":null,"data":[{"id":9000000000017,"universeId":9000000000016,"name":"Prison Life V2.0","description":""}]}
[2026-06-15 20:05:19] << /v2/universes/9000000000018/places -> {"previousPageCursor":null,"nextPageCursor":null,"data":[{"id":9000000000019,"universeId":9000000000018,"name":"Natural Disaster Survival","description":""}]}
[2026-06-15 20:05:19] >> GET /v2/universes/9000000000020/places?limit=50&SortOrder=Asc
[2026-06-15 20:05:19] >> GET /v2/universes/9000000000022/places?limit=50&SortOrder=Asc
[2026-06-15 20:05:19] << /v2/universes/9000000000020/places -> {"previousPageCursor":null,"nextPageCursor":null,"data":[{"id":9000000000021,"universeId":9000000000020,"name":"Flood Escape 1.6.5","description":""}]}
[2026-06-15 20:05:19] >> GET /v2/universes/9000000000024/places?limit=50&SortOrder=Asc
[2026-06-15 20:05:19] << /v2/universes/9000000000022/places -> {"previousPageCursor":null,"nextPageCursor":null,"data":[{"id":9000000000023,"universeId":9000000000022,"name":"Robot 64","description":""}]}
[2026-06-15 20:05:19] >> GET /v2/universes/9000000000026/places?limit=50&SortOrder=Asc
[2026-06-15 20:05:19] << /v2/universes/9000000000024/places -> {"previousPageCursor":null,"nextPageCursor":null,"data":[{"id":9000000000025,"universeId":9000000000024,"name":"The Streets","description":""}]}
[2026-06-15 20:05:19] >> GET /v2/universes/9000000000028/places?limit=50&SortOrder=Asc
[2026-06-15 20:05:19] >> GET /v2/universes/9000000000030/places?limit=50&SortOrder=Asc
[2026-06-15 20:05:19] << /v2/universes/9000000000026/places -> {"previousPageCursor":null,"nextPageCursor":null,"data":[{"id":9000000000027,"universeId":9000000000026,"name":"Jailbreak","description":""}]}
[2026-06-15 20:05:19] >> GET /v2/universes/9000000000032/places?limit=50&SortOrder=Asc
[2026-06-15 20:05:19] << /v2/universes/9000000000028/places -> {"previousPageCursor":null,"nextPageCursor":null,"data":[{"id":9000000000029,"universeId":9000000000028,"name":"The Normal Elevator","description":""}]}
[2026-06-15 20:05:19] << /v2/universes/9000000000030/places -> {"previousPageCursor":null,"nextPageCursor":null,"data":[{"id":9000000000031,"universeId":9000000000030,"name":"Twisted Murderer","description":""}]}
[2026-06-15 20:05:19] << /v2/universes/9000000000032/places -> {"previousPageCursor":null,"nextPageCursor":null,"data":[{"id":9000000000033,"universeId":9000000000032,"name":"MM2","description":""}]}
[2026-06-15 20:05:19] >> GET /v2/universes/9000000000034/places?limit=50&SortOrder=Asc
[2026-06-15 20:05:19] >> GET /v2/universes/9000000000036/places?limit=50&SortOrder=Asc
[2026-06-15 20:05:19] << /v2/universes/9000000000034/places -> {"previousPageCursor":null,"nextPageCursor":null,"data":[{"id":9000000000035,"universeId":9000000000034,"name":"Assassin","description":""}]}
[2026-06-15 20:05:19] >> GET /v2/universes/9000000000038/places?limit=50&SortOrder=Asc
[2026-06-15 20:05:19] << /v2/universes/9000000000036/places -> {"previousPageCursor":null,"nextPageCursor":null,"data":[{"id":9000000000037,"universeId":9000000000036,"name":"Booga Booga","description":""}]}
[2026-06-15 20:05:19] >> GET /v2/universes/9000000000040/places?limit=50&SortOrder=Asc
[2026-06-15 20:05:19] << /v2/universes/9000000000038/places -> {"previousPageCursor":null,"nextPageCursor":null,"data":[{"id":9000000000039,"universeId":9000000000038,"name":"Lumber Tycoon 2","description":""}]}
[2026-06-15 20:05:19] >> GET /v2/universes/9000000000042/places?limit=50&SortOrder=Asc
[2026-06-15 20:05:19] << /v2/universes/9000000000040/places -> {"previousPageCursor":null,"nextPageCursor":null,"data":[{"id":9000000000041,"universeId":9000000000040,"name":"Epic Minigames","description":""}]}
[2026-06-15 20:05:19] >> GET /v2/universes/9000000000044/places?limit=50&SortOrder=Asc
[2026-06-15 20:05:19] << /v2/universes/9000000000042/places -> {"previousPageCursor":null,"nextPageCursor":null,"data":[{"id":9000000000043,"universeId":9000000000042,"name":"Mad Games","description":""}]}
[2026-06-15 20:05:19] >> GET /v2/universes/9000000000046/places?limit=50&SortOrder=Asc
[2026-06-15 20:05:19] << /v2/universes/9000000000044/places -> {"previousPageCursor":null,"nextPageCursor":null,"data":[{"id":9000000000045,"universeId":9000000000044,"name":"Miners Haven","description":""}]}
[2026-06-15 20:05:19] << /v2/universes/9000000000046/places -> {"previousPageCursor":null,"nextPageCursor":null,"data":[{"id":9000000000047,"universeId":9000000000046,"name":"Phantom Forces","description":""}]}
[2026-06-15 20:05:19] >> GET /v2/universes/9000000000048/places?limit=50&SortOrder=Asc
[2026-06-15 20:05:19] >> GET /v2/universes/9000000000050/places?limit=50&SortOrder=Asc
[2026-06-15 20:05:19] >> GET /v2/universes/9000000000052/places?limit=50&SortOrder=Asc
[2026-06-15 20:05:19] << /v2/universes/9000000000048/places -> {"previousPageCursor":null,"nextPageCursor":null,"data":[{"id":9000000000049,"universeId":9000000000048,"name":"Pokemon Brick Bronze","description":""}]}
[2026-06-15 20:05:19] << /v2/universes/9000000000050/places -> {"previousPageCursor":null,"nextPageCursor":null,"data":[{"id":9000000000051,"universeId":9000000000050,"name":"Polyguns","description":""}]}
[2026-06-15 20:05:19] >> GET /v2/universes/9000000000054/places?limit=50&SortOrder=Asc
[2026-06-15 20:05:19] << /v2/universes/9000000000052/places -> {"previousPageCursor":null,"nextPageCursor":null,"data":[{"id":9000000000053,"universeId":9000000000052,"name":"Whatever Floats Your Boat","description":""}]}
[2026-06-15 20:05:19] >> GET /v2/universes/9000000000056/places?limit=50&SortOrder=Asc
[2026-06-15 20:05:19] >> GET /v2/universes/9000000000058/places?limit=50&SortOrder=Asc
[2026-06-15 20:05:19] << /v2/universes/9000000000054/places -> {"previousPageCursor":null,"nextPageCursor":null,"data":[{"id":9000000000055,"universeId":9000000000054,"name":"Redwood Prison","description":""}]}
[2026-06-15 20:05:19] >> GET /v2/universes/9000000000060/places?limit=50&SortOrder=Asc
[2026-06-15 20:05:19] << /v2/universes/9000000000056/places -> {"previousPageCursor":null,"nextPageCursor":null,"data":[{"id":9000000000057,"universeId":9000000000056,"name":"Apocalypse Rising","description":""}]}
[2026-06-15 20:05:19] << /v2/universes/9000000000058/places -> {"previousPageCursor":null,"nextPageCursor":null,"data":[{"id":9000000000059,"universeId":9000000000058,"name":"Parkour","description":""}]}
[2026-06-15 20:05:19] << /v2/universes/9000000000060/places -> {"previousPageCursor":null,"nextPageCursor":null,"data":[{"id":9000000000061,"universeId":9000000000060,"name":"SPTS","description":""}]}
[2026-06-15 20:05:20] >> GET /v2/universes/9000000000062/places?limit=50&SortOrder=Asc
[2026-06-15 20:05:20] >> GET /v2/universes/9000000000064/places?limit=50&SortOrder=Asc
[2026-06-15 20:05:20] >> GET /v2/universes/9000000000066/places?limit=50&SortOrder=Asc
[2026-06-15 20:05:20] << /v2/universes/9000000000062/places -> {"previousPageCursor":null,"nextPageCursor":null,"data":[{"id":9000000000063,"universeId":9000000000062,"name":"Build a boat for treasure","description":""}]}
[2026-06-15 20:05:20] << /v2/universes/9000000000064/places -> {"previousPageCursor":null,"nextPageCursor":null,"data":[{"id":9000000000065,"universeId":9000000000064,"name":"New MM2","description":""}]}
[2026-06-15 20:05:20] >> GET /v2/universes/9000000000068/places?limit=50&SortOrder=Asc
[2026-06-15 20:05:20] << /v2/universes/9000000000066/places -> {"previousPageCursor":null,"nextPageCursor":null,"data":[{"id":9000000000067,"universeId":9000000000066,"name":"Roblox High School","description":""}]}
[2026-06-15 20:05:20] >> GET /v2/universes/9000000000070/places?limit=50&SortOrder=Asc
[2026-06-15 20:05:20] << /v2/universes/9000000000068/places -> {"previousPageCursor":null,"nextPageCursor":null,"data":[{"id":9000000000069,"universeId":9000000000068,"name":"Weight Lifting Simulator 2","description":""}]}
[2026-06-15 20:05:20] >> GET /v2/universes/9000000000080/places?limit=50&SortOrder=Asc
[2026-06-15 20:05:20] << /v2/universes/9000000000070/places -> {"previousPageCursor":null,"nextPageCursor":null,"data":[{"id":9000000000071,"universeId":9000000000070,"name":"Speed run 4","description":""}]}
[2026-06-15 20:05:20] >> GET /v2/universes/9000000000088/places?limit=50&SortOrder=Asc
[2026-06-15 20:05:20] << /v2/universes/9000000000080/places -> {"previousPageCursor":null,"nextPageCursor":null,"data":[{"id":9000000000081,"universeId":9000000000080,"name":"Work at a pizza place","description":""}]}
[2026-06-15 20:05:20] << /v2/universes/9000000000088/places -> {"previousPageCursor":null,"nextPageCursor":null,"data":[{"id":9000000000089,"universeId":9000000000088,"name":"Muffin Kombat","description":""}]}
[2026-06-15 20:05:20] >> GET /v2/universes/9000000000092/places?limit=50&SortOrder=Asc
[2026-06-15 20:05:20] >> GET /v2/universes/9000000000096/places?limit=50&SortOrder=Asc
[2026-06-15 20:05:20] << /v2/universes/9000000000092/places -> {"previousPageCursor":null,"nextPageCursor":null,"data":[{"id":9000000000093,"universeId":9000000000092,"name":"Meepcity","description":""}]}
[2026-06-15 20:05:20] >> GET /v2/universes/9000000000098/places?limit=50&SortOrder=Asc
[2026-06-15 20:05:20] << /v2/universes/9000000000096/places -> {"previousPageCursor":null,"nextPageCursor":null,"data":[{"id":9000000000097,"universeId":9000000000096,"name":"Tower of hell","description":""}]}
[2026-06-15 20:05:20] >> GET /v2/universes/9000000000124/places?limit=50&SortOrder=Asc
[2026-06-15 20:05:20] << /v2/universes/9000000000098/places -> {"previousPageCursor":null,"nextPageCursor":null,"data":[{"id":9000000000099,"universeId":9000000000098,"name":"Youtube Tycoon","description":""}]}
[2026-06-15 20:05:20] >> GET //v1/games/icons?universeIds=9000000000002,9000000000014,9000000000016,9000000000018,9000000000020,9000000000022,9000000000024,9000000000026,9000000000028,9000000000030,9000000000032,9000000000034,9000000000036,9000000000038,9000000000040,9000000000042,9000000000044,9000000000046,9000000000048,9000000000050,9000000000052,9000000000054,9000000000056,9000000000058,9000000000060,9000000000062,9000000000064,9000000000066,9000000000068,9000000000070,9000000000080,9000000000088,9000000000092,9000000000096,9000000000098,9000000000124&returnPolicy=Autogenerated&format=png&size=256x256
[2026-06-15 20:05:20] << /v2/universes/9000000000124/places -> {"previousPageCursor":null,"nextPageCursor":null,"data":[{"id":9000000000125,"universeId":9000000000124,"name":"testt","description":""}]}
[2026-06-15 20:05:20] >> GET /teamcreate/v1/MultiGetUniversesActiveSessionMembers?maxUsers=10&ids=9000000000002&ids=9000000000014&ids=9000000000016&ids=9000000000018&ids=9000000000020&ids=9000000000022&ids=9000000000024&ids=9000000000026&ids=9000000000028&ids=9000000000030&ids=9000000000032&ids=9000000000034&ids=9000000000036&ids=9000000000038&ids=9000000000040&ids=9000000000042&ids=9000000000044&ids=9000000000046&ids=9000000000048&ids=9000000000050&ids=9000000000052&ids=9000000000054&ids=9000000000056&ids=9000000000058&ids=9000000000060&ids=9000000000062&ids=9000000000064&ids=9000000000066&ids=9000000000068&ids=9000000000070&ids=9000000000080&ids=9000000000088&ids=9000000000092&ids=9000000000096&ids=9000000000098&ids=9000000000124
[2026-06-15 20:05:20] >> POST /experience-guidelines-service/v1beta1/multi-age-recommendation
[2026-06-15 20:05:20] TeamCreate stub (disabled): GET /teamcreate/v1/MultiGetUniversesActiveSessionMembers
[2026-06-15 20:05:20] << /experience-guidelines-service/v1beta1/multi-age-recommendation -> {"eligibilityByCreator":[{"userId":"14463315","userIsEligible":true,"displayText":"Eligible","ineligibilityReason":"INELIGIBILITY_REASON_NONE"}]}
[2026-06-15 20:05:20] << /teamcreate/v1/MultiGetUniversesActiveSessionMembers -> {"data":[{"id":9000000000002,"isEnabled":false},{"id":9000000000014,"isEnabled":false},{"id":9000000000016,"isEnabled":false},{"id":9000000000018,"isEnabled":false},{"id":9000000000020,"isEnabled":false},{"id":9000000000022,"isEnabled":false},{"id":9000000000024,"isEnabled":false},{"id":9000000000026,"isEnabled":false},{"id":9000000000028,"isEnabled":false},{"id":9000000000030,"isEnabled":false},{"id":9000000000032,"isEnabled":false},{"id":9000000000034,"isEnabled":false},{"id":9000000000036,"isEnabled":false},{"id":9000000000038,"isEnabled":false},{"id":9000000000040,"isEnabled":false},{"id":9000000000042,"isEnabled":false},{"id":9000000000044,"isEnabled":false},{"id":9000000000046,"isEnabled":false},{"id":9000000000048,"isEnabled":false},{"id":9000000000050,"isEnabled":false},{"id":9000000000052,"isEnabled":false},{"id":9000000000054,"isEnabled":false},{"id":9000000000056,"isEnabled":false},{"id":9000000000058,"isEnabled":false},{"id":9000000000060
[2026-06-15 20:05:20] >> GET /v1/universes/multiget/teamcreate?ids=9000000000002&ids=9000000000014&ids=9000000000016&ids=9000000000018&ids=9000000000020&ids=9000000000022&ids=9000000000024&ids=9000000000026&ids=9000000000028&ids=9000000000030&ids=9000000000032&ids=9000000000034&ids=9000000000036&ids=9000000000038&ids=9000000000040&ids=9000000000042&ids=9000000000044&ids=9000000000046&ids=9000000000048&ids=9000000000050&ids=9000000000052&ids=9000000000054&ids=9000000000056&ids=9000000000058&ids=9000000000060&ids=9000000000062&ids=9000000000064&ids=9000000000066&ids=9000000000068&ids=9000000000070&ids=9000000000080&ids=9000000000088&ids=9000000000092&ids=9000000000096&ids=9000000000098&ids=9000000000124&
[2026-06-15 20:05:20] >> POST /core-content/v1/universe-eligibility/batch
[2026-06-15 20:05:20] TeamCreate stub (disabled): GET /v1/universes/multiget/teamcreate
[2026-06-15 20:05:20] >> POST /experience-releases/v1beta1/experience_releases_api/multi_release_statuses
[2026-06-15 20:05:20] << /core-content/v1/universe-eligibility/batch -> {"eligibilityByCreator":[{"userId":"14463315","userIsEligible":true,"displayText":"Eligible","ineligibilityReason":"INELIGIBILITY_REASON_NONE"}]}
[2026-06-15 20:05:20] << /v1/universes/multiget/teamcreate -> {"data":[{"id":9000000000002,"isEnabled":false},{"id":9000000000014,"isEnabled":false},{"id":9000000000016,"isEnabled":false},{"id":9000000000018,"isEnabled":false},{"id":9000000000020,"isEnabled":false},{"id":9000000000022,"isEnabled":false},{"id":9000000000024,"isEnabled":false},{"id":9000000000026,"isEnabled":false},{"id":9000000000028,"isEnabled":false},{"id":9000000000030,"isEnabled":false},{"id":9000000000032,"isEnabled":false},{"id":9000000000034,"isEnabled":false},{"id":9000000000036,"isEnabled":false},{"id":9000000000038,"isEnabled":false},{"id":9000000000040,"isEnabled":false},{"id":9000000000042,"isEnabled":false},{"id":9000000000044,"isEnabled":false},{"id":9000000000046,"isEnabled":false},{"id":9000000000048,"isEnabled":false},{"id":9000000000050,"isEnabled":false},{"id":9000000000052,"isEnabled":false},{"id":9000000000054,"isEnabled":false},{"id":9000000000056,"isEnabled":false},{"id":9000000000058,"isEnabled":false},{"id":9000000000060,"isEnabled":false}
[2026-06-15 20:05:20] >> GET /content-safety/v1/places/9000000000003/safety-status
[2026-06-15 20:05:20] >> GET /content-safety/v1/places/9000000000015/safety-status
[2026-06-15 20:05:20] << /experience-releases/v1beta1/experience_releases_api/multi_release_statuses -> {"eligibilityByCreator":[{"userId":"14463315","userIsEligible":true,"displayText":"Eligible","ineligibilityReason":"INELIGIBILITY_REASON_NONE"}]}
[2026-06-15 20:05:20] >> GET /content-safety/v1/places/9000000000017/safety-status
[2026-06-15 20:05:20] << /content-safety/v1/places/9000000000003/safety-status -> {"isSequestered":false,"moderationStatus":"Approved"}
[2026-06-15 20:05:20] << /content-safety/v1/places/9000000000015/safety-status -> {"isSequestered":false,"moderationStatus":"Approved"}
[2026-06-15 20:05:20] >> GET /content-safety/v1/places/9000000000019/safety-status
[2026-06-15 20:05:20] << /content-safety/v1/places/9000000000017/safety-status -> {"isSequestered":false,"moderationStatus":"Approved"}
[2026-06-15 20:05:20] << /content-safety/v1/places/9000000000019/safety-status -> {"isSequestered":false,"moderationStatus":"Approved"}
[2026-06-15 20:05:20] >> GET /content-safety/v1/places/9000000000021/safety-status
[2026-06-15 20:05:20] >> GET /content-safety/v1/places/9000000000023/safety-status
[2026-06-15 20:05:20] >> GET /content-safety/v1/places/9000000000025/safety-status
[2026-06-15 20:05:20] << /content-safety/v1/places/9000000000021/safety-status -> {"isSequestered":false,"moderationStatus":"Approved"}
[2026-06-15 20:05:20] << /content-safety/v1/places/9000000000023/safety-status -> {"isSequestered":false,"moderationStatus":"Approved"}
[2026-06-15 20:05:20] << /content-safety/v1/places/9000000000025/safety-status -> {"isSequestered":false,"moderationStatus":"Approved"}
[2026-06-15 20:05:20] >> GET /content-safety/v1/places/9000000000027/safety-status
[2026-06-15 20:05:20] << /content-safety/v1/places/9000000000027/safety-status -> {"isSequestered":false,"moderationStatus":"Approved"}
[2026-06-15 20:05:20] >> GET /content-safety/v1/places/9000000000031/safety-status
[2026-06-15 20:05:20] >> GET /content-safety/v1/places/9000000000029/safety-status
[2026-06-15 20:05:20] >> GET /content-safety/v1/places/9000000000033/safety-status
[2026-06-15 20:05:20] << /content-safety/v1/places/9000000000031/safety-status -> {"isSequestered":false,"moderationStatus":"Approved"}
[2026-06-15 20:05:20] << /content-safety/v1/places/9000000000029/safety-status -> {"isSequestered":false,"moderationStatus":"Approved"}
[2026-06-15 20:05:20] << /content-safety/v1/places/9000000000033/safety-status -> {"isSequestered":false,"moderationStatus":"Approved"}
[2026-06-15 20:05:21] >> GET /content-safety/v1/places/9000000000035/safety-status
[2026-06-15 20:05:21] >> GET /content-safety/v1/places/9000000000037/safety-status
[2026-06-15 20:05:21] << /content-safety/v1/places/9000000000035/safety-status -> {"isSequestered":false,"moderationStatus":"Approved"}
[2026-06-15 20:05:21] >> GET /content-safety/v1/places/9000000000039/safety-status
[2026-06-15 20:05:21] >> GET /content-safety/v1/places/9000000000041/safety-status
[2026-06-15 20:05:21] << /content-safety/v1/places/9000000000037/safety-status -> {"isSequestered":false,"moderationStatus":"Approved"}
[2026-06-15 20:05:21] << /content-safety/v1/places/9000000000039/safety-status -> {"isSequestered":false,"moderationStatus":"Approved"}
[2026-06-15 20:05:21] >> GET /content-safety/v1/places/9000000000043/safety-status
[2026-06-15 20:05:21] << /content-safety/v1/places/9000000000041/safety-status -> {"isSequestered":false,"moderationStatus":"Approved"}
[2026-06-15 20:05:21] >> GET /content-safety/v1/places/9000000000045/safety-status
[2026-06-15 20:05:21] << /content-safety/v1/places/9000000000043/safety-status -> {"isSequestered":false,"moderationStatus":"Approved"}
[2026-06-15 20:05:21] >> GET /content-safety/v1/places/9000000000047/safety-status
[2026-06-15 20:05:21] << /content-safety/v1/places/9000000000045/safety-status -> {"isSequestered":false,"moderationStatus":"Approved"}
[2026-06-15 20:05:21] << /content-safety/v1/places/9000000000047/safety-status -> {"isSequestered":false,"moderationStatus":"Approved"}
[2026-06-15 20:05:21] >> GET /content-safety/v1/places/9000000000049/safety-status
[2026-06-15 20:05:21] >> GET /content-safety/v1/places/9000000000051/safety-status
[2026-06-15 20:05:21] << /content-safety/v1/places/9000000000049/safety-status -> {"isSequestered":false,"moderationStatus":"Approved"}
[2026-06-15 20:05:21] << /content-safety/v1/places/9000000000051/safety-status -> {"isSequestered":false,"moderationStatus":"Approved"}
[2026-06-15 20:05:21] >> GET /content-safety/v1/places/9000000000053/safety-status
[2026-06-15 20:05:21] >> GET /content-safety/v1/places/9000000000055/safety-status
[2026-06-15 20:05:21] << /content-safety/v1/places/9000000000053/safety-status -> {"isSequestered":false,"moderationStatus":"Approved"}
[2026-06-15 20:05:21] >> GET /content-safety/v1/places/9000000000057/safety-status
[2026-06-15 20:05:21] << /content-safety/v1/places/9000000000055/safety-status -> {"isSequestered":false,"moderationStatus":"Approved"}
[2026-06-15 20:05:21] >> GET /content-safety/v1/places/9000000000059/safety-status
[2026-06-15 20:05:21] << /content-safety/v1/places/9000000000057/safety-status -> {"isSequestered":false,"moderationStatus":"Approved"}
[2026-06-15 20:05:21] >> GET /content-safety/v1/places/9000000000061/safety-status
[2026-06-15 20:05:21] << /content-safety/v1/places/9000000000059/safety-status -> {"isSequestered":false,"moderationStatus":"Approved"}
[2026-06-15 20:05:21] << /content-safety/v1/places/9000000000061/safety-status -> {"isSequestered":false,"moderationStatus":"Approved"}
[2026-06-15 20:05:21] >> GET /content-safety/v1/places/9000000000063/safety-status
[2026-06-15 20:05:21] >> GET /content-safety/v1/places/9000000000065/safety-status
[2026-06-15 20:05:21] >> GET /content-safety/v1/places/9000000000067/safety-status
[2026-06-15 20:05:21] << /content-safety/v1/places/9000000000063/safety-status -> {"isSequestered":false,"moderationStatus":"Approved"}
[2026-06-15 20:05:21] << /content-safety/v1/places/9000000000065/safety-status -> {"isSequestered":false,"moderationStatus":"Approved"}
[2026-06-15 20:05:21] >> GET /content-safety/v1/places/9000000000069/safety-status
[2026-06-15 20:05:21] << /content-safety/v1/places/9000000000067/safety-status -> {"isSequestered":false,"moderationStatus":"Approved"}
[2026-06-15 20:05:21] >> GET /content-safety/v1/places/9000000000071/safety-status
[2026-06-15 20:05:21] << /content-safety/v1/places/9000000000069/safety-status -> {"isSequestered":false,"moderationStatus":"Approved"}
[2026-06-15 20:05:21] >> GET /content-safety/v1/places/9000000000081/safety-status
[2026-06-15 20:05:21] << /content-safety/v1/places/9000000000071/safety-status -> {"isSequestered":false,"moderationStatus":"Approved"}
[2026-06-15 20:05:21] >> GET /content-safety/v1/places/9000000000089/safety-status
[2026-06-15 20:05:21] << /content-safety/v1/places/9000000000081/safety-status -> {"isSequestered":false,"moderationStatus":"Approved"}
[2026-06-15 20:05:21] << /content-safety/v1/places/9000000000089/safety-status -> {"isSequestered":false,"moderationStatus":"Approved"}
[2026-06-15 20:05:21] >> GET /content-safety/v1/places/9000000000093/safety-status
[2026-06-15 20:05:21] >> GET /content-safety/v1/places/9000000000097/safety-status
[2026-06-15 20:05:21] >> GET /content-safety/v1/places/9000000000099/safety-status
[2026-06-15 20:05:21] << /content-safety/v1/places/9000000000093/safety-status -> {"isSequestered":false,"moderationStatus":"Approved"}
[2026-06-15 20:05:21] << /content-safety/v1/places/9000000000097/safety-status -> {"isSequestered":false,"moderationStatus":"Approved"}
[2026-06-15 20:05:21] << /content-safety/v1/places/9000000000099/safety-status -> {"isSequestered":false,"moderationStatus":"Approved"}
[2026-06-15 20:05:21] >> GET /content-safety/v1/places/9000000000125/safety-status
[2026-06-15 20:05:21] >> GET /Thumbs/gameicon.ashx?id=9000000000098
[2026-06-15 20:05:21] << /content-safety/v1/places/9000000000125/safety-status -> {"isSequestered":false,"moderationStatus":"Approved"}
[2026-06-15 20:05:21] >> GET /Thumbs/gameicon.ashx?id=9000000000048
[2026-06-15 20:05:21] >> GET /Thumbs/gameicon.ashx?id=9000000000068
[2026-06-15 20:05:21] >> GET /Thumbs/gameicon.ashx?id=9000000000016
[2026-06-15 20:05:21] >> GET /Thumbs/gameicon.ashx?id=9000000000088
[2026-06-15 20:05:21] >> GET /Thumbs/gameicon.ashx?id=9000000000064
[2026-06-15 20:05:21] >> GET /Thumbs/gameicon.ashx?id=9000000000092
[2026-06-15 20:05:21] >> GET /Thumbs/gameicon.ashx?id=9000000000096
[2026-06-15 20:05:21] >> GET /Thumbs/gameicon.ashx?id=9000000000080
[2026-06-15 20:05:21] >> GET /Thumbs/gameicon.ashx?id=9000000000018
[2026-06-15 20:05:22] >> GET /Thumbs/gameicon.ashx?id=9000000000040
[2026-06-15 20:05:22] >> GET /Thumbs/gameicon.ashx?id=9000000000030
[2026-06-15 20:05:22] >> GET /Thumbs/gameicon.ashx?id=9000000000070
[2026-06-15 20:05:22] >> GET /Thumbs/gameicon.ashx?id=9000000000034
[2026-06-15 20:05:22] >> GET /Thumbs/gameicon.ashx?id=9000000000020
[2026-06-15 20:05:22] >> GET /Thumbs/gameicon.ashx?id=9000000000002
[2026-06-15 20:05:22] >> GET /Thumbs/gameicon.ashx?id=9000000000026
[2026-06-15 20:05:22] >> GET /Thumbs/gameicon.ashx?id=9000000000052
[2026-06-15 20:05:22] >> GET /Thumbs/gameicon.ashx?id=9000000000022
[2026-06-15 20:05:22] >> GET /Thumbs/gameicon.ashx?id=9000000000050
[2026-06-15 20:05:22] >> GET /Thumbs/gameicon.ashx?id=9000000000062
[2026-06-15 20:05:22] >> GET /Thumbs/gameicon.ashx?id=9000000000044
[2026-06-15 20:05:22] >> GET /Thumbs/gameicon.ashx?id=9000000000060
[2026-06-15 20:05:22] >> GET /Thumbs/gameicon.ashx?id=9000000000024
[2026-06-15 20:05:22] >> GET /Thumbs/gameicon.ashx?id=9000000000002
[2026-06-15 20:05:22] >> GET /Thumbs/gameicon.ashx?id=9000000000014
[2026-06-15 20:05:22] >> GET /Thumbs/gameicon.ashx?id=9000000000016
[2026-06-15 20:05:22] >> GET /Thumbs/gameicon.ashx?id=9000000000018
[2026-06-15 20:05:22] >> GET /Thumbs/gameicon.ashx?id=9000000000020
[2026-06-15 20:05:22] >> GET /Thumbs/gameicon.ashx?id=9000000000022
[2026-06-15 20:05:22] >> GET /Thumbs/gameicon.ashx?id=9000000000024
[2026-06-15 20:05:22] >> GET /Thumbs/gameicon.ashx?id=9000000000026
[2026-06-15 20:05:22] >> GET /Thumbs/gameicon.ashx?id=9000000000028
[2026-06-15 20:05:22] >> GET /Thumbs/gameicon.ashx?id=9000000000030
[2026-06-15 20:05:22] >> GET /Thumbs/gameicon.ashx?id=9000000000032
[2026-06-15 20:05:22] >> GET /Thumbs/gameicon.ashx?id=9000000000034
[2026-06-15 20:05:22] >> GET /Thumbs/gameicon.ashx?id=9000000000036
[2026-06-15 20:05:22] >> GET /Thumbs/gameicon.ashx?id=9000000000038
[2026-06-15 20:05:22] >> GET /Thumbs/gameicon.ashx?id=9000000000040
[2026-06-15 20:05:22] >> GET /Thumbs/gameicon.ashx?id=9000000000042
[2026-06-15 20:05:22] >> GET /Thumbs/gameicon.ashx?id=9000000000044
[2026-06-15 20:05:22] >> GET /Thumbs/gameicon.ashx?id=9000000000046
[2026-06-15 20:05:22] >> GET /Thumbs/gameicon.ashx?id=9000000000048
[2026-06-15 20:05:22] >> GET /Thumbs/gameicon.ashx?id=9000000000050
[2026-06-15 20:05:22] >> GET /Thumbs/gameicon.ashx?id=9000000000052
[2026-06-15 20:05:23] >> GET /Thumbs/gameicon.ashx?id=9000000000054
[2026-06-15 20:05:23] >> GET /Thumbs/gameicon.ashx?id=9000000000056
[2026-06-15 20:05:23] >> GET /Thumbs/gameicon.ashx?id=9000000000058
[2026-06-15 20:05:23] >> GET /Thumbs/gameicon.ashx?id=9000000000060
[2026-06-15 20:05:23] >> GET /Thumbs/gameicon.ashx?id=9000000000062
[2026-06-15 20:05:23] >> GET /Thumbs/gameicon.ashx?id=9000000000064
[2026-06-15 20:05:23] >> GET /Thumbs/gameicon.ashx?id=9000000000066
[2026-06-15 20:05:23] >> GET /Thumbs/gameicon.ashx?id=9000000000068
[2026-06-15 20:05:23] >> GET /Thumbs/gameicon.ashx?id=9000000000070
[2026-06-15 20:05:23] >> GET /Thumbs/gameicon.ashx?id=9000000000080
[2026-06-15 20:05:23] >> GET /Thumbs/gameicon.ashx?id=9000000000088
[2026-06-15 20:05:23] >> GET /Thumbs/gameicon.ashx?id=9000000000092
[2026-06-15 20:05:23] >> GET /Thumbs/gameicon.ashx?id=9000000000096
[2026-06-15 20:05:23] >> GET /Thumbs/gameicon.ashx?id=9000000000098
[2026-06-15 20:05:23] >> GET /Thumbs/gameicon.ashx?id=9000000000124
[2026-06-15 20:05:23] >> POST /v1.1/Counters/BatchIncrement?apiKey=76E5A40C-3AE1-4028-9F10-7C62520BD94F
[2026-06-15 20:05:23] >> POST /v1.0/SequenceStatistics/BatchAddToSequencesV2?apiKey=76E5A40C-3AE1-4028-9F10-7C62520BD94F
[2026-06-15 20:05:23] << /v1.1/Counters/BatchIncrement -> {}
[2026-06-15 20:05:23] >> POST /studio/pbe
[2026-06-15 20:05:23] << /v1.0/SequenceStatistics/BatchAddToSequencesV2 -> {}
[2026-06-15 20:05:23] >> POST /timespent/pbe
[2026-06-15 20:05:23] >> POST /experience-signals-ingest/public/v1/events/single
[2026-06-15 20:05:23] << /studio/pbe -> {}
[2026-06-15 20:05:23] >> GET /universes/v1/search?isTemplates=false&isArchived=false&creatorTargetId=14463315&searchKey=Experiences&sortOrder=Desc&search=&creatorType=User&pageSize=30&sortParam=LastUpdated&surface=StudioStartPage&PageIndex=1&needsAssetOptions=true
[2026-06-15 20:05:23] << /timespent/pbe -> {}
[2026-06-15 20:05:23] << /experience-signals-ingest/public/v1/events/single -> {}
[2026-06-15 20:05:24] >> GET /v2/universes/9000000000002/places?limit=50&SortOrder=Asc
[2026-06-15 20:05:24] << /v2/universes/9000000000002/places -> {"previousPageCursor":null,"nextPageCursor":null,"data":[{"id":9000000000003,"universeId":9000000000002,"name":"Theme park tycoon 2","description":""}]}
[2026-06-15 20:05:24] >> GET /v2/universes/9000000000014/places?limit=50&SortOrder=Asc
[2026-06-15 20:05:24] << /v2/universes/9000000000014/places -> {"previousPageCursor":null,"nextPageCursor":null,"data":[{"id":9000000000015,"universeId":9000000000014,"name":"Doomspire Brickbattle","description":""}]}
[2026-06-15 20:05:24] >> GET /v2/universes/9000000000016/places?limit=50&SortOrder=Asc
[2026-06-15 20:05:24] << /v2/universes/9000000000016/places -> {"previousPageCursor":null,"nextPageCursor":null,"data":[{"id":9000000000017,"universeId":9000000000016,"name":"Prison Life V2.0","description":""}]}
[2026-06-15 20:05:24] >> GET /v2/universes/9000000000018/places?limit=50&SortOrder=Asc
[2026-06-15 20:05:24] << /v2/universes/9000000000018/places -> {"previousPageCursor":null,"nextPageCursor":null,"data":[{"id":9000000000019,"universeId":9000000000018,"name":"Natural Disaster Survival","description":""}]}
[2026-06-15 20:05:24] >> GET /v2/universes/9000000000020/places?limit=50&SortOrder=Asc
[2026-06-15 20:05:24] << /v2/universes/9000000000020/places -> {"previousPageCursor":null,"nextPageCursor":null,"data":[{"id":9000000000021,"universeId":9000000000020,"name":"Flood Escape 1.6.5","description":""}]}
[2026-06-15 20:05:25] >> GET /v2/universes/9000000000022/places?limit=50&SortOrder=Asc
[2026-06-15 20:05:25] << /v2/universes/9000000000022/places -> {"previousPageCursor":null,"nextPageCursor":null,"data":[{"id":9000000000023,"universeId":9000000000022,"name":"Robot 64","description":""}]}
[2026-06-15 20:05:25] >> GET /v2/universes/9000000000024/places?limit=50&SortOrder=Asc
[2026-06-15 20:05:25] << /v2/universes/9000000000024/places -> {"previousPageCursor":null,"nextPageCursor":null,"data":[{"id":9000000000025,"universeId":9000000000024,"name":"The Streets","description":""}]}
[2026-06-15 20:05:25] >> GET /userhub/?id=
[2026-06-15 20:05:25] 404 GET /userhub/
[2026-06-15 20:05:25] << /userhub/ -> {"errors":[{"code":"NotFound","message":"Not found"}]}
[2026-06-15 20:05:25] >> GET /v2/universes/9000000000026/places?limit=50&SortOrder=Asc
[2026-06-15 20:05:25] << /v2/universes/9000000000026/places -> {"previousPageCursor":null,"nextPageCursor":null,"data":[{"id":9000000000027,"universeId":9000000000026,"name":"Jailbreak","description":""}]}
[2026-06-15 20:05:25] >> GET /v2/universes/9000000000028/places?limit=50&SortOrder=Asc
[2026-06-15 20:05:25] << /v2/universes/9000000000028/places -> {"previousPageCursor":null,"nextPageCursor":null,"data":[{"id":9000000000029,"universeId":9000000000028,"name":"The Normal Elevator","description":""}]}
[2026-06-15 20:05:25] >> GET /v2/universes/9000000000030/places?limit=50&SortOrder=Asc
[2026-06-15 20:05:25] << /v2/universes/9000000000030/places -> {"previousPageCursor":null,"nextPageCursor":null,"data":[{"id":9000000000031,"universeId":9000000000030,"name":"Twisted Murderer","description":""}]}
[2026-06-15 20:05:26] >> GET /v2/universes/9000000000032/places?limit=50&SortOrder=Asc
[2026-06-15 20:05:26] << /v2/universes/9000000000032/places -> {"previousPageCursor":null,"nextPageCursor":null,"data":[{"id":9000000000033,"universeId":9000000000032,"name":"MM2","description":""}]}
[2026-06-15 20:05:26] >> GET /v2/universes/9000000000034/places?limit=50&SortOrder=Asc
[2026-06-15 20:05:26] << /v2/universes/9000000000034/places -> {"previousPageCursor":null,"nextPageCursor":null,"data":[{"id":9000000000035,"universeId":9000000000034,"name":"Assassin","description":""}]}
[2026-06-15 20:05:26] >> GET /v2/universes/9000000000036/places?limit=50&SortOrder=Asc
[2026-06-15 20:05:26] << /v2/universes/9000000000036/places -> {"previousPageCursor":null,"nextPageCursor":null,"data":[{"id":9000000000037,"universeId":9000000000036,"name":"Booga Booga","description":""}]}
[2026-06-15 20:05:26] >> GET /v2/universes/9000000000038/places?limit=50&SortOrder=Asc
[2026-06-15 20:05:26] << /v2/universes/9000000000038/places -> {"previousPageCursor":null,"nextPageCursor":null,"data":[{"id":9000000000039,"universeId":9000000000038,"name":"Lumber Tycoon 2","description":""}]}
[2026-06-15 20:05:27] >> GET /v2/universes/9000000000040/places?limit=50&SortOrder=Asc
[2026-06-15 20:05:27] << /v2/universes/9000000000040/places -> {"previousPageCursor":null,"nextPageCursor":null,"data":[{"id":9000000000041,"universeId":9000000000040,"name":"Epic Minigames","description":""}]}
[2026-06-15 20:05:27] >> GET /v2/universes/9000000000042/places?limit=50&SortOrder=Asc
[2026-06-15 20:05:27] << /v2/universes/9000000000042/places -> {"previousPageCursor":null,"nextPageCursor":null,"data":[{"id":9000000000043,"universeId":9000000000042,"name":"Mad Games","description":""}]}
[2026-06-15 20:05:27] >> GET /v2/universes/9000000000044/places?limit=50&SortOrder=Asc
[2026-06-15 20:05:27] << /v2/universes/9000000000044/places -> {"previousPageCursor":null,"nextPageCursor":null,"data":[{"id":9000000000045,"universeId":9000000000044,"name":"Miners Haven","description":""}]}
[2026-06-15 20:05:27] >> GET /v2/universes/9000000000046/places?limit=50&SortOrder=Asc
[2026-06-15 20:05:27] << /v2/universes/9000000000046/places -> {"previousPageCursor":null,"nextPageCursor":null,"data":[{"id":9000000000047,"universeId":9000000000046,"name":"Phantom Forces","description":""}]}
[2026-06-15 20:05:27] >> GET /v2/universes/9000000000048/places?limit=50&SortOrder=Asc
[2026-06-15 20:05:27] << /v2/universes/9000000000048/places -> {"previousPageCursor":null,"nextPageCursor":null,"data":[{"id":9000000000049,"universeId":9000000000048,"name":"Pokemon Brick Bronze","description":""}]}
[2026-06-15 20:05:28] >> GET /v2/universes/9000000000050/places?limit=50&SortOrder=Asc
[2026-06-15 20:05:28] << /v2/universes/9000000000050/places -> {"previousPageCursor":null,"nextPageCursor":null,"data":[{"id":9000000000051,"universeId":9000000000050,"name":"Polyguns","description":""}]}
[2026-06-15 20:05:28] >> GET /v2/universes/9000000000052/places?limit=50&SortOrder=Asc
[2026-06-15 20:05:28] << /v2/universes/9000000000052/places -> {"previousPageCursor":null,"nextPageCursor":null,"data":[{"id":9000000000053,"universeId":9000000000052,"name":"Whatever Floats Your Boat","description":""}]}
[2026-06-15 20:05:28] >> GET /v2/universes/9000000000054/places?limit=50&SortOrder=Asc
[2026-06-15 20:05:28] << /v2/universes/9000000000054/places -> {"previousPageCursor":null,"nextPageCursor":null,"data":[{"id":9000000000055,"universeId":9000000000054,"name":"Redwood Prison","description":""}]}
[2026-06-15 20:05:28] >> GET /v2/universes/9000000000056/places?limit=50&SortOrder=Asc
[2026-06-15 20:05:28] << /v2/universes/9000000000056/places -> {"previousPageCursor":null,"nextPageCursor":null,"data":[{"id":9000000000057,"universeId":9000000000056,"name":"Apocalypse Rising","description":""}]}
[2026-06-15 20:05:28] >> GET /v2/universes/9000000000058/places?limit=50&SortOrder=Asc
[2026-06-15 20:05:28] << /v2/universes/9000000000058/places -> {"previousPageCursor":null,"nextPageCursor":null,"data":[{"id":9000000000059,"universeId":9000000000058,"name":"Parkour","description":""}]}
[2026-06-15 20:05:29] >> GET /v2/universes/9000000000060/places?limit=50&SortOrder=Asc
[2026-06-15 20:05:29] << /v2/universes/9000000000060/places -> {"previousPageCursor":null,"nextPageCursor":null,"data":[{"id":9000000000061,"universeId":9000000000060,"name":"SPTS","description":""}]}
[2026-06-15 20:05:29] >> GET /v2/universes/9000000000062/places?limit=50&SortOrder=Asc
[2026-06-15 20:05:29] << /v2/universes/9000000000062/places -> {"previousPageCursor":null,"nextPageCursor":null,"data":[{"id":9000000000063,"universeId":9000000000062,"name":"Build a boat for treasure","description":""}]}
[2026-06-15 20:05:29] >> GET /v2/universes/9000000000064/places?limit=50&SortOrder=Asc
[2026-06-15 20:05:29] << /v2/universes/9000000000064/places -> {"previousPageCursor":null,"nextPageCursor":null,"data":[{"id":9000000000065,"universeId":9000000000064,"name":"New MM2","description":""}]}
[2026-06-15 20:05:29] >> GET /v2/universes/9000000000066/places?limit=50&SortOrder=Asc
[2026-06-15 20:05:29] << /v2/universes/9000000000066/places -> {"previousPageCursor":null,"nextPageCursor":null,"data":[{"id":9000000000067,"universeId":9000000000066,"name":"Roblox High School","description":""}]}
[2026-06-15 20:05:29] >> GET /v2/universes/9000000000068/places?limit=50&SortOrder=Asc
[2026-06-15 20:05:29] << /v2/universes/9000000000068/places -> {"previousPageCursor":null,"nextPageCursor":null,"data":[{"id":9000000000069,"universeId":9000000000068,"name":"Weight Lifting Simulator 2","description":""}]}
[2026-06-15 20:05:30] >> GET /v2/universes/9000000000070/places?limit=50&SortOrder=Asc
[2026-06-15 20:05:30] << /v2/universes/9000000000070/places -> {"previousPageCursor":null,"nextPageCursor":null,"data":[{"id":9000000000071,"universeId":9000000000070,"name":"Speed run 4","description":""}]}
[2026-06-15 20:05:30] >> GET /v2/universes/9000000000080/places?limit=50&SortOrder=Asc
[2026-06-15 20:05:30] << /v2/universes/9000000000080/places -> {"previousPageCursor":null,"nextPageCursor":null,"data":[{"id":9000000000081,"universeId":9000000000080,"name":"Work at a pizza place","description":""}]}
[2026-06-15 20:05:30] >> GET /v2/universes/9000000000088/places?limit=50&SortOrder=Asc
[2026-06-15 20:05:30] >> POST /experience-guidelines-service/v1beta1/multi-age-recommendation
[2026-06-15 20:05:30] << /v2/universes/9000000000088/places -> {"previousPageCursor":null,"nextPageCursor":null,"data":[{"id":9000000000089,"universeId":9000000000088,"name":"Muffin Kombat","description":""}]}
[2026-06-15 20:05:30] << /experience-guidelines-service/v1beta1/multi-age-recommendation -> {"eligibilityByCreator":[{"userId":"14463315","userIsEligible":true,"displayText":"Eligible","ineligibilityReason":"INELIGIBILITY_REASON_NONE"}]}
[2026-06-15 20:05:30] >> GET /v2/universes/9000000000092/places?limit=50&SortOrder=Asc
[2026-06-15 20:05:30] >> GET /v2/universes/9000000000096/places?limit=50&SortOrder=Asc
[2026-06-15 20:05:30] >> GET /v2/universes/9000000000098/places?limit=50&SortOrder=Asc
[2026-06-15 20:05:30] >> GET /v2/universes/9000000000124/places?limit=50&SortOrder=Asc
[2026-06-15 20:05:30] >> GET //v1/games/icons?universeIds=9000000000002,9000000000014,9000000000016,9000000000018,9000000000020,9000000000022,9000000000024,9000000000026,9000000000028,9000000000030,9000000000032,9000000000034,9000000000036,9000000000038,9000000000040,9000000000042,9000000000044,9000000000046,9000000000048,9000000000050,9000000000052,9000000000054,9000000000056,9000000000058,9000000000060,9000000000062,9000000000064,9000000000066,9000000000068,9000000000070,9000000000080,9000000000088,9000000000092,9000000000096,9000000000098,9000000000124&returnPolicy=Autogenerated&format=png&size=256x256
[2026-06-15 20:05:30] >> GET /teamcreate/v1/MultiGetUniversesActiveSessionMembers?maxUsers=10&ids=9000000000002&ids=9000000000014&ids=9000000000016&ids=9000000000018&ids=9000000000020&ids=9000000000022&ids=9000000000024&ids=9000000000026&ids=9000000000028&ids=9000000000030&ids=9000000000032&ids=9000000000034&ids=9000000000036&ids=9000000000038&ids=9000000000040&ids=9000000000042&ids=9000000000044&ids=9000000000046&ids=9000000000048&ids=9000000000050&ids=9000000000052&ids=9000000000054&ids=9000000000056&ids=9000000000058&ids=9000000000060&ids=9000000000062&ids=9000000000064&ids=9000000000066&ids=9000000000068&ids=9000000000070&ids=9000000000080&ids=9000000000088&ids=9000000000092&ids=9000000000096&ids=9000000000098&ids=9000000000124
[2026-06-15 20:05:30] >> POST /core-content/v1/universe-eligibility/batch
[2026-06-15 20:05:30] << /v2/universes/9000000000092/places -> {"previousPageCursor":null,"nextPageCursor":null,"data":[{"id":9000000000093,"universeId":9000000000092,"name":"Meepcity","description":""}]}
[2026-06-15 20:05:30] << /v2/universes/9000000000096/places -> {"previousPageCursor":null,"nextPageCursor":null,"data":[{"id":9000000000097,"universeId":9000000000096,"name":"Tower of hell","description":""}]}
[2026-06-15 20:05:30] << /v2/universes/9000000000098/places -> {"previousPageCursor":null,"nextPageCursor":null,"data":[{"id":9000000000099,"universeId":9000000000098,"name":"Youtube Tycoon","description":""}]}
[2026-06-15 20:05:30] << /v2/universes/9000000000124/places -> {"previousPageCursor":null,"nextPageCursor":null,"data":[{"id":9000000000125,"universeId":9000000000124,"name":"testt","description":""}]}
[2026-06-15 20:05:30] TeamCreate stub (disabled): GET /teamcreate/v1/MultiGetUniversesActiveSessionMembers
[2026-06-15 20:05:30] << /core-content/v1/universe-eligibility/batch -> {"eligibilityByCreator":[{"userId":"14463315","userIsEligible":true,"displayText":"Eligible","ineligibilityReason":"INELIGIBILITY_REASON_NONE"}]}
[2026-06-15 20:05:30] << /teamcreate/v1/MultiGetUniversesActiveSessionMembers -> {"data":[{"id":9000000000002,"isEnabled":false},{"id":9000000000014,"isEnabled":false},{"id":9000000000016,"isEnabled":false},{"id":9000000000018,"isEnabled":false},{"id":9000000000020,"isEnabled":false},{"id":9000000000022,"isEnabled":false},{"id":9000000000024,"isEnabled":false},{"id":9000000000026,"isEnabled":false},{"id":9000000000028,"isEnabled":false},{"id":9000000000030,"isEnabled":false},{"id":9000000000032,"isEnabled":false},{"id":9000000000034,"isEnabled":false},{"id":9000000000036,"isEnabled":false},{"id":9000000000038,"isEnabled":false},{"id":9000000000040,"isEnabled":false},{"id":9000000000042,"isEnabled":false},{"id":9000000000044,"isEnabled":false},{"id":9000000000046,"isEnabled":false},{"id":9000000000048,"isEnabled":false},{"id":9000000000050,"isEnabled":false},{"id":9000000000052,"isEnabled":false},{"id":9000000000054,"isEnabled":false},{"id":9000000000056,"isEnabled":false},{"id":9000000000058,"isEnabled":false},{"id":9000000000060
[2026-06-15 20:05:31] >> GET /v1/universes/multiget/teamcreate?ids=9000000000002&ids=9000000000014&ids=9000000000016&ids=9000000000018&ids=9000000000020&ids=9000000000022&ids=9000000000024&ids=9000000000026&ids=9000000000028&ids=9000000000030&ids=9000000000032&ids=9000000000034&ids=9000000000036&ids=9000000000038&ids=9000000000040&ids=9000000000042&ids=9000000000044&ids=9000000000046&ids=9000000000048&ids=9000000000050&ids=9000000000052&ids=9000000000054&ids=9000000000056&ids=9000000000058&ids=9000000000060&ids=9000000000062&ids=9000000000064&ids=9000000000066&ids=9000000000068&ids=9000000000070&ids=9000000000080&ids=9000000000088&ids=9000000000092&ids=9000000000096&ids=9000000000098&ids=9000000000124&
[2026-06-15 20:05:31] >> POST /experience-releases/v1beta1/experience_releases_api/multi_release_statuses
[2026-06-15 20:05:31] TeamCreate stub (disabled): GET /v1/universes/multiget/teamcreate
[2026-06-15 20:05:31] << /experience-releases/v1beta1/experience_releases_api/multi_release_statuses -> {"eligibilityByCreator":[{"userId":"14463315","userIsEligible":true,"displayText":"Eligible","ineligibilityReason":"INELIGIBILITY_REASON_NONE"}]}
[2026-06-15 20:05:31] >> GET /content-safety/v1/places/9000000000003/safety-status
[2026-06-15 20:05:31] << /v1/universes/multiget/teamcreate -> {"data":[{"id":9000000000002,"isEnabled":false},{"id":9000000000014,"isEnabled":false},{"id":9000000000016,"isEnabled":false},{"id":9000000000018,"isEnabled":false},{"id":9000000000020,"isEnabled":false},{"id":9000000000022,"isEnabled":false},{"id":9000000000024,"isEnabled":false},{"id":9000000000026,"isEnabled":false},{"id":9000000000028,"isEnabled":false},{"id":9000000000030,"isEnabled":false},{"id":9000000000032,"isEnabled":false},{"id":9000000000034,"isEnabled":false},{"id":9000000000036,"isEnabled":false},{"id":9000000000038,"isEnabled":false},{"id":9000000000040,"isEnabled":false},{"id":9000000000042,"isEnabled":false},{"id":9000000000044,"isEnabled":false},{"id":9000000000046,"isEnabled":false},{"id":9000000000048,"isEnabled":false},{"id":9000000000050,"isEnabled":false},{"id":9000000000052,"isEnabled":false},{"id":9000000000054,"isEnabled":false},{"id":9000000000056,"isEnabled":false},{"id":9000000000058,"isEnabled":false},{"id":9000000000060,"isEnabled":false}
[2026-06-15 20:05:31] >> GET /content-safety/v1/places/9000000000015/safety-status
[2026-06-15 20:05:31] >> GET /content-safety/v1/places/9000000000017/safety-status
[2026-06-15 20:05:31] << /content-safety/v1/places/9000000000003/safety-status -> {"isSequestered":false,"moderationStatus":"Approved"}
[2026-06-15 20:05:31] >> GET /content-safety/v1/places/9000000000019/safety-status
[2026-06-15 20:05:31] >> GET /content-safety/v1/places/9000000000021/safety-status
[2026-06-15 20:05:31] << /content-safety/v1/places/9000000000015/safety-status -> {"isSequestered":false,"moderationStatus":"Approved"}
[2026-06-15 20:05:31] << /content-safety/v1/places/9000000000017/safety-status -> {"isSequestered":false,"moderationStatus":"Approved"}
[2026-06-15 20:05:31] << /content-safety/v1/places/9000000000019/safety-status -> {"isSequestered":false,"moderationStatus":"Approved"}
[2026-06-15 20:05:31] << /content-safety/v1/places/9000000000021/safety-status -> {"isSequestered":false,"moderationStatus":"Approved"}
[2026-06-15 20:05:31] >> GET /content-safety/v1/places/9000000000023/safety-status
[2026-06-15 20:05:31] << /content-safety/v1/places/9000000000023/safety-status -> {"isSequestered":false,"moderationStatus":"Approved"}
[2026-06-15 20:05:31] >> GET /content-safety/v1/places/9000000000025/safety-status
[2026-06-15 20:05:31] >> GET /content-safety/v1/places/9000000000027/safety-status
[2026-06-15 20:05:31] << /content-safety/v1/places/9000000000025/safety-status -> {"isSequestered":false,"moderationStatus":"Approved"}
[2026-06-15 20:05:31] << /content-safety/v1/places/9000000000027/safety-status -> {"isSequestered":false,"moderationStatus":"Approved"}
[2026-06-15 20:05:31] >> GET /content-safety/v1/places/9000000000029/safety-status
[2026-06-15 20:05:31] << /content-safety/v1/places/9000000000029/safety-status -> {"isSequestered":false,"moderationStatus":"Approved"}
[2026-06-15 20:05:31] >> GET /content-safety/v1/places/9000000000031/safety-status
[2026-06-15 20:05:31] >> GET /content-safety/v1/places/9000000000033/safety-status
[2026-06-15 20:05:31] << /content-safety/v1/places/9000000000031/safety-status -> {"isSequestered":false,"moderationStatus":"Approved"}
[2026-06-15 20:05:31] >> GET /content-safety/v1/places/9000000000035/safety-status
[2026-06-15 20:05:31] << /content-safety/v1/places/9000000000033/safety-status -> {"isSequestered":false,"moderationStatus":"Approved"}
[2026-06-15 20:05:31] << /content-safety/v1/places/9000000000035/safety-status -> {"isSequestered":false,"moderationStatus":"Approved"}
[2026-06-15 20:05:31] >> GET /content-safety/v1/places/9000000000037/safety-status
[2026-06-15 20:05:31] >> GET /content-safety/v1/places/9000000000039/safety-status
[2026-06-15 20:05:31] << /content-safety/v1/places/9000000000037/safety-status -> {"isSequestered":false,"moderationStatus":"Approved"}
[2026-06-15 20:05:31] << /content-safety/v1/places/9000000000039/safety-status -> {"isSequestered":false,"moderationStatus":"Approved"}
[2026-06-15 20:05:31] >> GET /content-safety/v1/places/9000000000041/safety-status
[2026-06-15 20:05:31] >> GET /content-safety/v1/places/9000000000043/safety-status
[2026-06-15 20:05:31] << /content-safety/v1/places/9000000000041/safety-status -> {"isSequestered":false,"moderationStatus":"Approved"}
[2026-06-15 20:05:31] << /content-safety/v1/places/9000000000043/safety-status -> {"isSequestered":false,"moderationStatus":"Approved"}
[2026-06-15 20:05:31] >> GET /content-safety/v1/places/9000000000045/safety-status
[2026-06-15 20:05:31] << /content-safety/v1/places/9000000000045/safety-status -> {"isSequestered":false,"moderationStatus":"Approved"}
[2026-06-15 20:05:31] >> GET /content-safety/v1/places/9000000000047/safety-status
[2026-06-15 20:05:31] << /content-safety/v1/places/9000000000047/safety-status -> {"isSequestered":false,"moderationStatus":"Approved"}
[2026-06-15 20:05:31] >> GET /content-safety/v1/places/9000000000049/safety-status
[2026-06-15 20:05:31] << /content-safety/v1/places/9000000000049/safety-status -> {"isSequestered":false,"moderationStatus":"Approved"}
[2026-06-15 20:05:31] >> GET /content-safety/v1/places/9000000000051/safety-status
[2026-06-15 20:05:31] >> GET /content-safety/v1/places/9000000000053/safety-status
[2026-06-15 20:05:31] >> GET /content-safety/v1/places/9000000000055/safety-status
[2026-06-15 20:05:31] << /content-safety/v1/places/9000000000051/safety-status -> {"isSequestered":false,"moderationStatus":"Approved"}
[2026-06-15 20:05:31] << /content-safety/v1/places/9000000000053/safety-status -> {"isSequestered":false,"moderationStatus":"Approved"}
[2026-06-15 20:05:31] << /content-safety/v1/places/9000000000055/safety-status -> {"isSequestered":false,"moderationStatus":"Approved"}
[2026-06-15 20:05:31] >> GET /content-safety/v1/places/9000000000057/safety-status
[2026-06-15 20:05:31] >> GET /content-safety/v1/places/9000000000059/safety-status
[2026-06-15 20:05:31] >> GET /content-safety/v1/places/9000000000061/safety-status
[2026-06-15 20:05:31] << /content-safety/v1/places/9000000000057/safety-status -> {"isSequestered":false,"moderationStatus":"Approved"}
[2026-06-15 20:05:31] >> GET /content-safety/v1/places/9000000000063/safety-status
[2026-06-15 20:05:31] << /content-safety/v1/places/9000000000059/safety-status -> {"isSequestered":false,"moderationStatus":"Approved"}
[2026-06-15 20:05:31] << /content-safety/v1/places/9000000000061/safety-status -> {"isSequestered":false,"moderationStatus":"Approved"}
[2026-06-15 20:05:31] << /content-safety/v1/places/9000000000063/safety-status -> {"isSequestered":false,"moderationStatus":"Approved"}
[2026-06-15 20:05:31] >> GET /content-safety/v1/places/9000000000065/safety-status
[2026-06-15 20:05:31] >> GET /content-safety/v1/places/9000000000067/safety-status
[2026-06-15 20:05:31] >> GET /content-safety/v1/places/9000000000069/safety-status
[2026-06-15 20:05:31] << /content-safety/v1/places/9000000000065/safety-status -> {"isSequestered":false,"moderationStatus":"Approved"}
[2026-06-15 20:05:31] >> GET /content-safety/v1/places/9000000000071/safety-status
[2026-06-15 20:05:31] << /content-safety/v1/places/9000000000067/safety-status -> {"isSequestered":false,"moderationStatus":"Approved"}
[2026-06-15 20:05:31] << /content-safety/v1/places/9000000000069/safety-status -> {"isSequestered":false,"moderationStatus":"Approved"}
[2026-06-15 20:05:31] << /content-safety/v1/places/9000000000071/safety-status -> {"isSequestered":false,"moderationStatus":"Approved"}
[2026-06-15 20:05:31] >> GET /content-safety/v1/places/9000000000081/safety-status
[2026-06-15 20:05:31] >> GET /content-safety/v1/places/9000000000089/safety-status
[2026-06-15 20:05:31] << /content-safety/v1/places/9000000000089/safety-status -> {"isSequestered":false,"moderationStatus":"Approved"}
[2026-06-15 20:05:31] << /content-safety/v1/places/9000000000081/safety-status -> {"isSequestered":false,"moderationStatus":"Approved"}
[2026-06-15 20:05:31] >> GET /content-safety/v1/places/9000000000093/safety-status
[2026-06-15 20:05:31] << /content-safety/v1/places/9000000000093/safety-status -> {"isSequestered":false,"moderationStatus":"Approved"}
[2026-06-15 20:05:32] >> GET /content-safety/v1/places/9000000000097/safety-status
[2026-06-15 20:05:32] >> GET /content-safety/v1/places/9000000000099/safety-status
[2026-06-15 20:05:32] << /content-safety/v1/places/9000000000097/safety-status -> {"isSequestered":false,"moderationStatus":"Approved"}
[2026-06-15 20:05:32] << /content-safety/v1/places/9000000000099/safety-status -> {"isSequestered":false,"moderationStatus":"Approved"}
[2026-06-15 20:05:32] >> GET /content-safety/v1/places/9000000000125/safety-status
[2026-06-15 20:05:32] >> POST /experience-guidelines-service/v1beta1/multi-creator-eligibility
[2026-06-15 20:05:32] << /content-safety/v1/places/9000000000125/safety-status -> {"isSequestered":false,"moderationStatus":"Approved"}
[2026-06-15 20:05:32] >> POST /v1.0/SequenceStatistics/BatchAddToSequencesV2?apiKey=76E5A40C-3AE1-4028-9F10-7C62520BD94F
[2026-06-15 20:05:32] << /experience-guidelines-service/v1beta1/multi-creator-eligibility -> {"eligibilityByCreator":[{"userId":"14463315","userIsEligible":true,"displayText":"Eligible","ineligibilityReason":"INELIGIBILITY_REASON_NONE"}]}
[2026-06-15 20:05:32] << /v1.0/SequenceStatistics/BatchAddToSequencesV2 -> {}
[2026-06-15 20:05:32] >> POST /user-heartbeats-api/pulse
[2026-06-15 20:05:32] >> GET /Thumbs/gameicon.ashx?id=9000000000002
[2026-06-15 20:05:32] << /user-heartbeats-api/pulse -> {"accounts": [{"username": "HearMeRoar","robloxCookie": "","pulseInterval": 30000,"enableLogging": true}],"globalConfig": {"retryAttempts": 3,"retryDelay": 5000}}
[2026-06-15 20:05:32] >> GET /Thumbs/gameicon.ashx?id=9000000000014
[2026-06-15 20:05:32] >> GET /Thumbs/gameicon.ashx?id=9000000000016
[2026-06-15 20:05:32] >> GET /Thumbs/gameicon.ashx?id=9000000000018
[2026-06-15 20:05:32] >> GET /Thumbs/gameicon.ashx?id=9000000000020
[2026-06-15 20:05:32] >> GET /Thumbs/gameicon.ashx?id=9000000000022
[2026-06-15 20:05:32] >> GET /Thumbs/gameicon.ashx?id=9000000000024
[2026-06-15 20:05:32] >> GET /Thumbs/gameicon.ashx?id=9000000000026
[2026-06-15 20:05:32] >> GET /Thumbs/gameicon.ashx?id=9000000000028
[2026-06-15 20:05:32] >> GET /Thumbs/gameicon.ashx?id=9000000000030
[2026-06-15 20:05:32] >> GET /Thumbs/gameicon.ashx?id=9000000000032
[2026-06-15 20:05:32] >> GET /Thumbs/gameicon.ashx?id=9000000000034
[2026-06-15 20:05:32] >> GET /Thumbs/gameicon.ashx?id=9000000000036
[2026-06-15 20:05:32] >> GET /Thumbs/gameicon.ashx?id=9000000000038
[2026-06-15 20:05:32] >> GET /Thumbs/gameicon.ashx?id=9000000000040
[2026-06-15 20:05:32] >> GET /Thumbs/gameicon.ashx?id=9000000000042
[2026-06-15 20:05:32] >> GET /Thumbs/gameicon.ashx?id=9000000000044
[2026-06-15 20:05:32] >> GET /Thumbs/gameicon.ashx?id=9000000000046
[2026-06-15 20:05:32] >> GET /Thumbs/gameicon.ashx?id=9000000000048
[2026-06-15 20:05:32] >> GET /Thumbs/gameicon.ashx?id=9000000000050
[2026-06-15 20:05:32] >> GET /Thumbs/gameicon.ashx?id=9000000000052
[2026-06-15 20:05:33] >> GET /Thumbs/gameicon.ashx?id=9000000000054
[2026-06-15 20:05:33] >> GET /Thumbs/gameicon.ashx?id=9000000000056
[2026-06-15 20:05:33] >> GET /Thumbs/gameicon.ashx?id=9000000000058
[2026-06-15 20:05:33] >> GET /Thumbs/gameicon.ashx?id=9000000000060
[2026-06-15 20:05:33] >> GET /Thumbs/gameicon.ashx?id=9000000000062
[2026-06-15 20:05:33] >> GET /Thumbs/gameicon.ashx?id=9000000000064
[2026-06-15 20:05:33] >> GET /Thumbs/gameicon.ashx?id=9000000000066
[2026-06-15 20:05:33] >> GET /Thumbs/gameicon.ashx?id=9000000000068
[2026-06-15 20:05:33] >> GET /Thumbs/gameicon.ashx?id=9000000000070
[2026-06-15 20:05:33] >> GET /Thumbs/gameicon.ashx?id=9000000000080
[2026-06-15 20:05:33] >> GET /Thumbs/gameicon.ashx?id=9000000000088
[2026-06-15 20:05:33] >> GET /Thumbs/gameicon.ashx?id=9000000000092
[2026-06-15 20:05:33] >> GET /Thumbs/gameicon.ashx?id=9000000000096
[2026-06-15 20:05:33] >> GET /Thumbs/gameicon.ashx?id=9000000000098
[2026-06-15 20:05:33] >> GET /Thumbs/gameicon.ashx?id=9000000000124
[2026-06-15 20:05:33] >> GET /content-safety/v1/places/9000000000019/safety-status
[2026-06-15 20:05:33] >> POST /v1.1/Counters/BatchIncrement?apiKey=76E5A40C-3AE1-4028-9F10-7C62520BD94F
[2026-06-15 20:05:33] << /content-safety/v1/places/9000000000019/safety-status -> {"isSequestered":false,"moderationStatus":"Approved"}
[2026-06-15 20:05:33] << /v1.1/Counters/BatchIncrement -> {}
[2026-06-15 20:05:33] >> GET /v1/games/icons?universeIds=9000000000018&returnPolicy=AutoGenerated&size=256x256&format=Png&isCircular=false
[2026-06-15 20:05:33] << /v1/games/icons -> {"data":[{"targetId":9000000000018,"state":"Completed","imageUrl":"http://localhost/Png.png"}]}
[2026-06-15 20:05:33] >> GET /Png.png
[2026-06-15 20:05:33] >> GET /v2/assets/9000000000019/details
[2026-06-15 20:05:33] << /v2/assets/9000000000019/details -> {"TargetId":9000000000019,"AssetId":9000000000019,"ProductId":9000000000019,"assetId":9000000000019,"id":9000000000019,"Id":9000000000019,"TargetPlaceId":9000000000019,"PlaceId":9000000000019,"ProductType":"User Product","Name":"Natural Disaster Survival","Description":"","AssetTypeId":9,"assetTypeId":9,"Creator":{"Id":14463315,"Name":"HearMeRoar","CreatorType":"User","CreatorTargetId":14463315,"HasVerifiedBadge":false,"id":14463315,"type":1,"creatorType":"User","creatorTargetId":14463315},"IconImageAssetId":0,"Created":"2022-05-11T13:27:09.897Z","Updated":"2022-06-19T07:23:39.03Z","created":"2022-05-11T13:27:09.897Z","updated":"2022-06-19T07:23:39.03Z","PriceInRobux":null,"Sales":0,"IsNew":false,"IsForSale":false,"IsPublicDomain":true,"IsLimited":false,"IsLimitedUnique":false,"isPublic":true,"isForSale":false,"isLimited":false,"isLimitedUnique":false,"enableComments":false}
[2026-06-15 20:05:34] >> GET /studio-open-place/v1/openplace?placeId=9000000000019
[2026-06-15 20:05:34] << /studio-open-place/v1/openplace -> {"universe":{"Id":9000000000018,"RootPlaceId":9000000000019,"Name":"Natural Disaster Survival","Description":"","IsArchived":false,"CreatorType":"User","CreatorTargetId":14463315,"PrivacyType":"Private","Created":"2022-01-01T00:00:00.000+00:00","Updated":"2022-01-01T00:00:00.000+00:00"},"teamCreateEnabled":false,"place":{"Creator":{"CreatorType":"User","CreatorTargetId":14463315}}}
[2026-06-15 20:05:34] >> POST /asset-permissions-api/v1/assets/check-permissions
[2026-06-15 20:05:34] asset-permissions assetId=9000000000019 -> HasPermission
[2026-06-15 20:05:34] asset-permissions check done: /asset-permissions-api/v1/assets/check-permissions
[2026-06-15 20:05:34] << /asset-permissions-api/v1/assets/check-permissions -> {"results":[{"value":{"status":"HasPermission"}}]}
[2026-06-15 20:05:34] >> POST /user-heartbeats-api/action-report
[2026-06-15 20:05:34] >> POST /private-users-service/v1beta1/getOrCreatePrivateUserId
[2026-06-15 20:05:34] << /user-heartbeats-api/action-report -> {"accounts": [{"username": "HearMeRoar","robloxCookie": "","pulseInterval": 30000,"enableLogging": true}],"globalConfig": {"retryAttempts": 3,"retryDelay": 5000}}
[2026-06-15 20:05:34] << /private-users-service/v1beta1/getOrCreatePrivateUserId -> {"privateUserId":1500014463315,"userIdMode":"USER_ID_MODE_GLOBAL","created":true}
[2026-06-15 20:05:35] >> GET /assets/user-auth/v1/assets/9000000000019
[2026-06-15 20:05:35] << /assets/user-auth/v1/assets/9000000000019 -> {"path":"assets/9000000000019","revisionId":"1","revisionCreateTime":"2024-01-01T00:00:00.000Z","assetId":"9000000000019","displayName":"Natural Disaster Survival","assetType":"Place","creationContext":{"creator":{"userId":"14463315"}},"moderationResult":{"moderationState":"Approved"},"state":"Active"}
[2026-06-15 20:05:35] >> GET /v2/universes/9000000000018/configuration
[2026-06-15 20:05:35] << /v2/universes/9000000000018/configuration -> {"allowPrivateServers":true,"privateServerPrice":null,"id":9000000000018,"name":"Natural Disaster Survival","universeAvatarType":"MorphToR15","universeScaleType":"AllScales","universeAnimationType":"PlayerChoice","universeCollisionType":"OuterBox","universeBodyType":"Standard","universeJointPositioningType":"ArtistIntent","universeAvatarAssetOverrides":[],"universeAvatarMinScales":{"height":0.9,"width":0.7,"head":0.95,"proportion":0,"bodyType":0},"universeAvatarMaxScales":{"height":1.05,"width":1,"head":1,"proportion":1,"bodyType":1},"isArchived":false,"isFriendsOnly":false,"genre":"All","playableDevices":["Computer","Phone","Tablet"],"isForSale":false,"price":0,"isStudioAccessToApisAllowed":true,"privacyType":"Public"}
[2026-06-15 20:05:35] >> GET /v1/asset/?id=9000000000019&version=1
[2026-06-15 20:05:36] >> GET /asset/?id=397006727&xcachesplit=9000000000018
[2026-06-15 20:05:36] Asset 397006727 fetched OK (117830 bytes)
[2026-06-15 20:05:37] >> GET /asset/?id=75338443&xcachesplit=9000000000018
[2026-06-15 20:05:37] Asset 75338443 fetched OK (38139 bytes)
[2026-06-15 20:05:37] >> GET /v1/asset?id=96478259&xcachesplit=9000000000018
[2026-06-15 20:05:37] Asset 96478259 fetched OK (44961 bytes)
[2026-06-15 20:05:38] >> GET /v1/asset?id=96478346&xcachesplit=9000000000018
[2026-06-15 20:05:38] Asset 96478346 fetched OK (20731 bytes)
[2026-06-15 20:05:38] >> GET /v1/asset?id=96478426&xcachesplit=9000000000018
[2026-06-15 20:05:38] Asset 96478426 fetched OK (33027 bytes)
[2026-06-15 20:05:38] >> GET /v1/asset?id=96478505&xcachesplit=9000000000018
[2026-06-15 20:05:39] Asset 96478505 fetched OK (26944 bytes)
[2026-06-15 20:05:39] >> GET /v1/asset?id=96478567&xcachesplit=9000000000018
[2026-06-15 20:05:39] >> GET /v1/asset?id=96481249&xcachesplit=9000000000018
[2026-06-15 20:05:39] >> GET /v1/asset?id=96485468&xcachesplit=9000000000018
[2026-06-15 20:05:39] >> GET /v1/asset?id=96482944&xcachesplit=9000000000018
[2026-06-15 20:05:39] >> GET /v1/asset?id=96485431&xcachesplit=9000000000018
[2026-06-15 20:05:39] >> GET /v1/asset?id=138186576&xcachesplit=9000000000018
[2026-06-15 20:05:39] >> GET /v1/asset?id=3270017&contentRepresentationPriorityList=W3siZm9ybWF0IjoiZm1kIiwibWFqb3JWZXJzaW9uIjoiMS4wLjEiLCJmaWRlbGl0eSI6IkFMTCJ9XQ%3D%3D
[2026-06-15 20:05:39] Asset 96478567 fetched OK (18498 bytes)
[2026-06-15 20:05:39] Asset 96485468 fetched OK (16565 bytes)
[2026-06-15 20:05:39] >> GET /v1/asset?id=396441598
[2026-06-15 20:05:39] >> GET /v1/asset?id=396338305
[2026-06-15 20:05:39] Asset 96481249 fetched OK (55559 bytes)
[2026-06-15 20:05:39] Asset 96485431 fetched OK (20095 bytes)
[2026-06-15 20:05:39] Asset 138186576 fetched OK (60563 bytes)
[2026-06-15 20:05:39] Asset 3270017 fetched OK (69758 bytes)
[2026-06-15 20:05:39] Asset 96482944 fetched OK (49039 bytes)
[2026-06-15 20:05:39] >> GET /v1/asset?id=396583040
[2026-06-15 20:05:39] Asset 396441598 fetched OK (16022 bytes)
[2026-06-15 20:05:39] Asset 396338305 fetched OK (39398 bytes)
[2026-06-15 20:05:39] >> GET /v1/asset?id=397107801
[2026-06-15 20:05:39] >> GET /v1/asset?id=143630310&contentRepresentationPriorityList=W3siZm9ybWF0Ijoia3R4MiIsIm1ham9yVmVyc2lvbiI6IjdyZG8iLCJmaWRlbGl0eSI6Ii8vLy8vQUU9In0seyJmb3JtYXQiOiJrdHgyIiwibWFqb3JWZXJzaW9uIjoiNnJkbyIsImZpZGVsaXR5IjoiUUFBPSJ9XQ%3D%3D&doNotFallbackToBaselineRepresentation=true
[2026-06-15 20:05:39] >> GET /asset/?hash=9648afba5d3d7f66550213469e074213&contentRepresentationPriorityList=W3siZm9ybWF0IjoiUmVzaWR1YWwiLCJtYWpvclZlcnNpb24iOiIyIiwiZmlkZWxpdHkiOiJPcmlnaW5hbCJ9XQ%3D%3D&doNotFallbackToBaselineRepresentation=true
[2026-06-15 20:05:39] >> GET /v1/asset?id=1008744&contentRepresentationPriorityList=W3siZm9ybWF0Ijoia3R4MiIsIm1ham9yVmVyc2lvbiI6IjdyZG8iLCJmaWRlbGl0eSI6Ii8vLy8vQUU9In0seyJmb3JtYXQiOiJrdHgyIiwibWFqb3JWZXJzaW9uIjoiNnJkbyIsImZpZGVsaXR5IjoiUUFBPSJ9XQ%3D%3D&doNotFallbackToBaselineRepresentation=true
[2026-06-15 20:05:39] >> GET /v1/asset?id=184773920&contentRepresentationPriorityList=W3siZm9ybWF0Ijoia3R4MiIsIm1ham9yVmVyc2lvbiI6IjdyZG8iLCJmaWRlbGl0eSI6Ii8vLy8vQUU9In0seyJmb3JtYXQiOiJrdHgyIiwibWFqb3JWZXJzaW9uIjoiNnJkbyIsImZpZGVsaXR5IjoiUUFBPSJ9XQ%3D%3D&doNotFallbackToBaselineRepresentation=true
[2026-06-15 20:05:39] Asset 396583040 fetched OK (24569 bytes)
[2026-06-15 20:05:39] >> GET /v1/asset?id=102546080&xcachesplit=9000000000018
[2026-06-15 20:05:40] >> GET /v1/asset?id=141649183&xcachesplit=9000000000018
[2026-06-15 20:05:40] Asset 397107801 fetched OK (17971 bytes)
[2026-06-15 20:05:40] >> GET /v1/asset?id=141649188&xcachesplit=9000000000018
[2026-06-15 20:05:40] Asset 1008744 fetched OK (55907 bytes)
[2026-06-15 20:05:40] Asset 143630310 fetched OK (116307 bytes)
[2026-06-15 20:05:40] Asset 184773920 fetched OK (167681 bytes)
[2026-06-15 20:05:40] Asset 102546080 fetched OK (25580 bytes)
[2026-06-15 20:05:40] Asset 141649183 fetched OK (44553 bytes)
[2026-06-15 20:05:40] >> GET /v1/asset?id=26723422&xcachesplit=9000000000018
[2026-06-15 20:05:40] >> GET /v1/asset?id=138168416&xcachesplit=9000000000018
[2026-06-15 20:05:40] Asset 141649188 fetched OK (29321 bytes)
[2026-06-15 20:05:40] >> GET /v1/asset?id=130792180&xcachesplit=9000000000018
[2026-06-15 20:05:40] >> GET /asset/?id=397019288&xcachesplit=9000000000018
[2026-06-15 20:05:40] >> GET /v1/asset?id=111816866&xcachesplit=9000000000018
[2026-06-15 20:05:40] >> GET /v1/asset?id=64447011&xcachesplit=9000000000018
[2026-06-15 20:05:40] >> GET /v1/asset?id=102544922&xcachesplit=9000000000018
[2026-06-15 20:05:40] Asset 26723422 fetched OK (7348 bytes)
[2026-06-15 20:05:40] Asset 138168416 fetched OK (52899 bytes)
[2026-06-15 20:05:40] >> GET /asset/?id=2233908&xcachesplit=9000000000018
[2026-06-15 20:05:40] Asset 397019288 fetched OK (100728 bytes)
[2026-06-15 20:05:40] Asset 130792180 fetched OK (10841 bytes)
[2026-06-15 20:05:40] Asset 102544922 fetched OK (20057 bytes)
[2026-06-15 20:05:40] Asset 64447011 fetched OK (31130 bytes)
[2026-06-15 20:05:40] Asset 111816866 fetched OK (102409 bytes)
[2026-06-15 20:05:40] >> GET /asset/?id=322479943&xcachesplit=9000000000018
[2026-06-15 20:05:40] Asset 2233908 fetched OK (12240 bytes)
[2026-06-15 20:05:40] >> GET /v1/asset?id=138168360&xcachesplit=9000000000018
[2026-06-15 20:05:40] >> GET /v1/asset?id=158859808&xcachesplit=9000000000018
[2026-06-15 20:05:40] >> GET /asset/?id=361550324&xcachesplit=9000000000018
[2026-06-15 20:05:40] Asset 322479943 fetched OK (35132 bytes)
[2026-06-15 20:05:40] >> GET /asset/?id=90641846&xcachesplit=9000000000018
[2026-06-15 20:05:40] >> GET /asset/?id=131573697&xcachesplit=9000000000018
[2026-06-15 20:05:40] >> GET /asset/?id=112503990&xcachesplit=9000000000018
[2026-06-15 20:05:40] Asset 138168360 fetched OK (63780 bytes)
[2026-06-15 20:05:40] >> GET /asset/?id=365318797&xcachesplit=9000000000018
[2026-06-15 20:05:40] Asset 158859808 fetched OK (8352 bytes)
[2026-06-15 20:05:40] Asset 361550324 fetched OK (12039 bytes)
[2026-06-15 20:05:40] Asset 131573697 fetched OK (100819 bytes)
[2026-06-15 20:05:40] FetchUrl: HTTP 403 for https://assetdelivery.roblox.com/v1/asset/?id=365318797
[2026-06-15 20:05:40] Asset 90641846 fetched OK (9825 bytes)
[2026-06-15 20:05:40] Asset 365318797: fetch failed, falling back to redirect
[2026-06-15 20:05:40] Asset 112503990 fetched OK (10659 bytes)
[2026-06-15 20:05:40] >> GET /v1/universes/multiget?ids=9000000000098&ids=9000000000048&ids=9000000000068&ids=9000000000016&ids=9000000000088&ids=9000000000064&ids=9000000000092&ids=9000000000096&ids=9000000000080&ids=9000000000018&ids=9000000000040&ids=9000000000030&ids=9000000000070&ids=9000000000034&ids=9000000000020&ids=9000000000002&ids=9000000000026&ids=9000000000052&ids=9000000000022&ids=9000000000050&ids=9000000000062&ids=9000000000044&ids=9000000000060&ids=9000000000024
[2026-06-15 20:05:41] >> POST /asset-permissions-api/v1/assets/check-permissions
[2026-06-15 20:05:41] asset-permissions assetId=9000000000019 -> HasPermission
[2026-06-15 20:05:41] asset-permissions check done: /asset-permissions-api/v1/assets/check-permissions
[2026-06-15 20:05:41] << /asset-permissions-api/v1/assets/check-permissions -> {"results":[{"value":{"status":"HasPermission"}}]}
[2026-06-15 20:05:41] >> POST /studio/pbe
[2026-06-15 20:05:41] << /studio/pbe -> {}
[2026-06-15 20:05:41] >> POST /studio/pbe
[2026-06-15 20:05:41] << /studio/pbe -> {}
[2026-06-15 20:05:41] >> GET /universes/v1/places/9000000000019/universe
[2026-06-15 20:05:41] << /universes/v1/places/9000000000019/universe -> {"id":9000000000018,"universeId":9000000000018,"rootPlaceId":9000000000019,"name":"Natural Disaster Survival","description":"owo","isArchived":false,"isActive":true,"privacyType":"Private","creatorType":"User","creatorTargetId":14463315,"creatorName":"HearMeRoar","price":0,"playing":0,"visits":0,"maxPlayers":10,"studioAccessToApisAllowed":true,"genre":"All","isAllGenre":true,"isFavoritedByUser":false,"favoritedCount":0,"created":"2022-05-11T13:27:09.897Z","updated":"2022-05-11T13:27:09.897Z"}
[2026-06-15 20:05:41] >> GET /v2/assets/9000000000019/details
[2026-06-15 20:05:41] << /v2/assets/9000000000019/details -> {"TargetId":9000000000019,"AssetId":9000000000019,"ProductId":9000000000019,"assetId":9000000000019,"id":9000000000019,"Id":9000000000019,"TargetPlaceId":9000000000019,"PlaceId":9000000000019,"ProductType":"User Product","Name":"Natural Disaster Survival","Description":"","AssetTypeId":9,"assetTypeId":9,"Creator":{"Id":14463315,"Name":"HearMeRoar","CreatorType":"User","CreatorTargetId":14463315,"HasVerifiedBadge":false,"id":14463315,"type":1,"creatorType":"User","creatorTargetId":14463315},"IconImageAssetId":0,"Created":"2022-05-11T13:27:09.897Z","Updated":"2022-06-19T07:23:39.03Z","created":"2022-05-11T13:27:09.897Z","updated":"2022-06-19T07:23:39.03Z","PriceInRobux":null,"Sales":0,"IsNew":false,"IsForSale":false,"IsPublicDomain":true,"IsLimited":false,"IsLimitedUnique":false,"isPublic":true,"isForSale":false,"isLimited":false,"isLimitedUnique":false,"enableComments":false}
[2026-06-15 20:05:41] >> POST /event-subscription/v1/subscribe
[2026-06-15 20:05:41] << /event-subscription/v1/subscribe -> {"ttl_minutes":1440}
[2026-06-15 20:05:41] >> GET /v1/universes/multiget/teamcreate?ids=9000000000098&ids=9000000000048&ids=9000000000068&ids=9000000000016&ids=9000000000088&ids=9000000000064&ids=9000000000092&ids=9000000000096&ids=9000000000080&ids=9000000000018&ids=9000000000040&ids=9000000000030&ids=9000000000070&ids=9000000000034&ids=9000000000020&ids=9000000000002&ids=9000000000026&ids=9000000000052&ids=9000000000022&ids=9000000000050&ids=9000000000062&ids=9000000000044&ids=9000000000060&ids=9000000000024
[2026-06-15 20:05:41] >> GET /v1/universes/9000000000018
[2026-06-15 20:05:41] TeamCreate stub (disabled): GET /v1/universes/multiget/teamcreate
[2026-06-15 20:05:41] << /v1/universes/9000000000018 -> {"id":9000000000018,"universeId":9000000000018,"rootPlaceId":9000000000019,"name":"Natural Disaster Survival","description":"owo","isArchived":false,"isActive":true,"privacyType":"Private","creatorType":"User","creatorTargetId":14463315,"creatorName":"HearMeRoar","price":0,"playing":0,"visits":0,"maxPlayers":10,"studioAccessToApisAllowed":true,"genre":"All","isAllGenre":true,"isFavoritedByUser":false,"favoritedCount":0,"created":"2022-05-11T13:27:09.897Z","updated":"2022-05-11T13:27:09.897Z"}
[2026-06-15 20:05:41] << /v1/universes/multiget/teamcreate -> {"data":[{"id":9000000000098,"isEnabled":false},{"id":9000000000048,"isEnabled":false},{"id":9000000000068,"isEnabled":false},{"id":9000000000016,"isEnabled":false},{"id":9000000000088,"isEnabled":false},{"id":9000000000064,"isEnabled":false},{"id":9000000000092,"isEnabled":false},{"id":9000000000096,"isEnabled":false},{"id":9000000000080,"isEnabled":false},{"id":9000000000018,"isEnabled":false},{"id":9000000000040,"isEnabled":false},{"id":9000000000030,"isEnabled":false},{"id":9000000000070,"isEnabled":false},{"id":9000000000034,"isEnabled":false},{"id":9000000000020,"isEnabled":false},{"id":9000000000002,"isEnabled":false},{"id":9000000000026,"isEnabled":false},{"id":9000000000052,"isEnabled":false},{"id":9000000000022,"isEnabled":false},{"id":9000000000050,"isEnabled":false},{"id":9000000000062,"isEnabled":false},{"id":9000000000044,"isEnabled":false},{"id":9000000000060,"isEnabled":false},{"id":9000000000024,"isEnabled":false}]}
[2026-06-15 20:05:41] >> GET /v1/universes/9000000000018/permissions
[2026-06-15 20:05:41] << /v1/universes/9000000000018/permissions -> {"canManage":true,"canCloudEdit":false,"canPublish":true,"canView":true,"isPublic":false}
[2026-06-15 20:05:41] >> GET /content-aliases-api/v1/universes/9000000000018/aliases
[2026-06-15 20:05:41] << /content-aliases-api/v1/universes/9000000000018/aliases -> {"FinalPage":true,"Aliases":[],"PageSize":50}
[2026-06-15 20:05:42] >> GET /v1/universes/9000000000018/places?sortOrder=Asc&limit=50
[2026-06-15 20:05:42] << /v1/universes/9000000000018/places -> {"previousPageCursor":null,"nextPageCursor":null,"data":[{"id":9000000000019,"universeId":9000000000018,"name":"Natural Disaster Survival","description":""}]}
[2026-06-15 20:05:42] >> GET /v2/assets/9000000000019/details
[2026-06-15 20:05:42] << /v2/assets/9000000000019/details -> {"TargetId":9000000000019,"AssetId":9000000000019,"ProductId":9000000000019,"assetId":9000000000019,"id":9000000000019,"Id":9000000000019,"TargetPlaceId":9000000000019,"PlaceId":9000000000019,"ProductType":"User Product","Name":"Natural Disaster Survival","Description":"","AssetTypeId":9,"assetTypeId":9,"Creator":{"Id":14463315,"Name":"HearMeRoar","CreatorType":"User","CreatorTargetId":14463315,"HasVerifiedBadge":false,"id":14463315,"type":1,"creatorType":"User","creatorTargetId":14463315},"IconImageAssetId":0,"Created":"2022-05-11T13:27:09.897Z","Updated":"2022-06-19T07:23:39.03Z","created":"2022-05-11T13:27:09.897Z","updated":"2022-06-19T07:23:39.03Z","PriceInRobux":null,"Sales":0,"IsNew":false,"IsForSale":false,"IsPublicDomain":true,"IsLimited":false,"IsLimitedUnique":false,"isPublic":true,"isForSale":false,"isLimited":false,"isLimitedUnique":false,"enableComments":false}
[2026-06-15 20:05:42] >> GET /asset/?hash=9648afba5d3d7f66550213469e074213&contentRepresentationPriorityList=W3siZm9ybWF0IjoiT3JpZ2luYWwiLCJtYWpvclZlcnNpb24iOiJPcmlnaW5hbCIsImZpZGVsaXR5IjoiT3JpZ2luYWwifV0%3D
[2026-06-15 20:05:42] >> GET /v2/assets/9000000000019/details
[2026-06-15 20:05:42] << /v2/assets/9000000000019/details -> {"TargetId":9000000000019,"AssetId":9000000000019,"ProductId":9000000000019,"assetId":9000000000019,"id":9000000000019,"Id":9000000000019,"TargetPlaceId":9000000000019,"PlaceId":9000000000019,"ProductType":"User Product","Name":"Natural Disaster Survival","Description":"","AssetTypeId":9,"assetTypeId":9,"Creator":{"Id":14463315,"Name":"HearMeRoar","CreatorType":"User","CreatorTargetId":14463315,"HasVerifiedBadge":false,"id":14463315,"type":1,"creatorType":"User","creatorTargetId":14463315},"IconImageAssetId":0,"Created":"2022-05-11T13:27:09.897Z","Updated":"2022-06-19T07:23:39.03Z","created":"2022-05-11T13:27:09.897Z","updated":"2022-06-19T07:23:39.03Z","PriceInRobux":null,"Sales":0,"IsNew":false,"IsForSale":false,"IsPublicDomain":true,"IsLimited":false,"IsLimitedUnique":false,"isPublic":true,"isForSale":false,"isLimited":false,"isLimitedUnique":false,"enableComments":false}
[2026-06-15 20:05:52] >> POST /v1.1/Counters/BatchIncrement?apiKey=76E5A40C-3AE1-4028-9F10-7C62520BD94F
[2026-06-15 20:05:52] >> POST /v1.0/SequenceStatistics/BatchAddToSequencesV2?apiKey=76E5A40C-3AE1-4028-9F10-7C62520BD94F
[2026-06-15 20:05:52] << /v1.1/Counters/BatchIncrement -> {}
[2026-06-15 20:05:52] >> POST /studio/pbe
[2026-06-15 20:05:52] >> POST /timespent/pbe
[2026-06-15 20:05:52] >> POST /experience-signals-ingest/public/v1/events/single
[2026-06-15 20:05:52] << /v1.0/SequenceStatistics/BatchAddToSequencesV2 -> {}
[2026-06-15 20:05:52] << /studio/pbe -> {}
[2026-06-15 20:05:52] << /timespent/pbe -> {}
[2026-06-15 20:05:52] << /experience-signals-ingest/public/v1/events/single -> {}
[2026-06-15 20:05:53] >> POST /v1.0/SequenceStatistics/BatchAddToSequencesV2?apiKey=76E5A40C-3AE1-4028-9F10-7C62520BD94F
[2026-06-15 20:05:53] << /v1.0/SequenceStatistics/BatchAddToSequencesV2 -> {}
[2026-06-15 20:05:53] >> POST /v1.1/Counters/BatchIncrement?apiKey=76E5A40C-3AE1-4028-9F10-7C62520BD94F
[2026-06-15 20:05:53] << /v1.1/Counters/BatchIncrement -> {}
[2026-06-15 20:05:55] >> POST /user-heartbeats-api/pulse
[2026-06-15 20:05:55] << /user-heartbeats-api/pulse -> {"accounts": [{"username": "HearMeRoar","robloxCookie": "","pulseInterval": 30000,"enableLogging": true}],"globalConfig": {"retryAttempts": 3,"retryDelay": 5000}}
[2026-06-15 20:05:55] >> GET /userhub/?id=
[2026-06-15 20:05:55] 404 GET /userhub/
[2026-06-15 20:05:55] << /userhub/ -> {"errors":[{"code":"NotFound","message":"Not found"}]}
[2026-06-15 20:06:07] >> GET /v2/universes/9000000000018/configuration
[2026-06-15 20:06:07] << /v2/universes/9000000000018/configuration -> {"allowPrivateServers":true,"privateServerPrice":null,"id":9000000000018,"name":"Natural Disaster Survival","universeAvatarType":"MorphToR15","universeScaleType":"AllScales","universeAnimationType":"PlayerChoice","universeCollisionType":"OuterBox","universeBodyType":"Standard","universeJointPositioningType":"ArtistIntent","universeAvatarAssetOverrides":[],"universeAvatarMinScales":{"height":0.9,"width":0.7,"head":0.95,"proportion":0,"bodyType":0},"universeAvatarMaxScales":{"height":1.05,"width":1,"head":1,"proportion":1,"bodyType":1},"isArchived":false,"isFriendsOnly":false,"genre":"All","playableDevices":["Computer","Phone","Tablet"],"isForSale":false,"price":0,"isStudioAccessToApisAllowed":true,"privacyType":"Public"}
[2026-06-15 20:06:08] >> GET /asset/?id=365318797&xcachesplit=9000000000018
[2026-06-15 20:06:08] FetchUrl: HTTP 403 for https://assetdelivery.roblox.com/v1/asset/?id=365318797
[2026-06-15 20:06:08] Asset 365318797: fetch failed, falling back to redirect
[2026-06-15 20:06:08] >> GET /player-hydration-service/v1/players/signed
[2026-06-15 20:06:08] >> GET /v1/settings/universe/9000000000018?placeId=9000000000019
[2026-06-15 20:06:08] >> GET /recipe?maxTargets=15
[2026-06-15 20:06:08] >> POST /product-experimentation-platform/v1/projects/1/values
[2026-06-15 20:06:08] 404 GET /player-hydration-service/v1/players/signed
[2026-06-15 20:06:08] << /v1/settings/universe/9000000000018 -> {"isVoiceEnabled":true,"isUserOptIn":true,"isUserEligible":true,"isBanned":false,"banReason":0,"bannedUntil":null,"canVerifyAgeForVoice":true,"isVerifiedForVoice":true,"denialReason":0,"isOptInDisabled":false,"hasEverOpted":true,"isAvatarVideoEnabled":true,"isAvatarVideoOptIn":true,"isAvatarVideoOptInDisabled":false,"isAvatarVideoEligible":true,"hasEverOptedAvatarVideo":true,"userHasAvatarCameraAlwaysAvailable":true,"canVerifyPhoneForVoice":true,"seamlessVoiceStatus":1,"allowVoiceDataUsage":true,"seamlessVoiceVariant":""}
[2026-06-15 20:06:08] 404 GET /recipe
[2026-06-15 20:06:08] >> GET /v2/users/14463315/groups/roles
[2026-06-15 20:06:08] >> GET /access-management/v1/rcc-user-feature-access?featureNames=CanUseInExperienceChat&userId=14463315&nameSpace=user_comm_safety/UserBehavior&extraParameters=W3sibmFtZSI6InJlYWRGcmVzaERhdGEiLCJ0eXBlIjoiQm9vbGVhbiIsInZhbHVlIjpmYWxzZX1d
[2026-06-15 20:06:08] >> GET /universe-chat-api/v1/universe-chat-settings?userId=14463315&universeId=9000000000018&rccInstanceId=
[2026-06-15 20:06:08] << /product-experimentation-platform/v1/projects/1/values -> {"assignments":[]}
[2026-06-15 20:06:08] << /player-hydration-service/v1/players/signed -> {"errors":[{"code":"NotFound","message":"Not found"}]}
[2026-06-15 20:06:08] << /recipe -> {"errors":[{"code":"NotFound","message":"Not found"}]}
[2026-06-15 20:06:08] << /v2/users/14463315/groups/roles -> {"data":[{"group":{"id":13538101,"name":"GC' Sus Games","memberCount":11,"hasVerifiedBadge":false},"role":{"id":77381526,"name":"Member","rank":1}},{"group":{"id":391929292,"name":"FilteringEnabled=false","memberCount":6,"hasVerifiedBadge":false},"role":{"id":700687000,"name":"Owner","rank":255}},{"group":{"id":4347428,"name":"The State of Mind","memberCount":416796,"hasVerifiedBadge":false},"role":{"id":29322544,"name":"⭐️ Important Member","rank":1}},{"group":{"id":33142130,"name":"Legence Clothes","memberCount":6,"hasVerifiedBadge":false},"role":{"id":101719466,"name":"🎀📝 Love📝","rank":1}},{"group":{"id":13273531,"name":"_RARE NAMES_","memberCount":11049,"hasVerifiedBadge":false},"role":{"id":76113545,"name":"Incredible names","rank":45}},{"group":{"id":5995136,"name":"- Old Roblox Accounts -","memberCount":62907,"hasVerifiedBadge":false},"role":{"id":93679233,"name":"2006 / 2007","rank":170}},{"group":{"id":32818995,"name":"(Project Aincrad SAO)","member
[2026-06-15 20:06:08] << /access-management/v1/rcc-user-feature-access -> {"featureAccess":[],"data":[]}
[2026-06-15 20:06:08] 404 GET /universe-chat-api/v1/universe-chat-settings
[2026-06-15 20:06:08] << /universe-chat-api/v1/universe-chat-settings -> {"errors":[{"code":"NotFound","message":"Not found"}]}
[2026-06-15 20:06:08] >> POST /user-blocking-api/v1/users/rcc/get-user-blocking-data
[2026-06-15 20:06:08] 404 POST /user-blocking-api/v1/users/rcc/get-user-blocking-data
[2026-06-15 20:06:08] << /user-blocking-api/v1/users/rcc/get-user-blocking-data -> {"errors":[{"code":"NotFound","message":"Not found"}]}
[2026-06-15 20:06:08] >> POST /access-management/v2/rcc-user-feature-evaluation
[2026-06-15 20:06:08] 404 POST /access-management/v2/rcc-user-feature-evaluation
[2026-06-15 20:06:08] << /access-management/v2/rcc-user-feature-evaluation -> {"errors":[{"code":"NotFound","message":"Not found"}]}
[2026-06-15 20:06:08] >> GET /guac-v2/v1/bundles/app-policy
[2026-06-15 20:06:08] >> GET /v2/avatar/avatar-fetch/?placeId=9000000000019&userId=14463315
[2026-06-15 20:06:08] >> GET /v2/persistence/9000000000018/datastores/objects/object?datastore=SurvivesData&objectKey=global%2Fid14463315
[2026-06-15 20:06:08] << /guac-v2/v1/bundles/app-policy -> {"version":"1","bundle":{"name":"studio","configurations":{"Feature_DisableOldCookieManagementSticky":"0;100","Feature_UnifiedCookieProtocolEnabled":"0;100","Feature_UnifiedCookieProtocolEnabledSticky":"0;100","Feature_AccessCookiesWithUrlEnabledSticky":"0;100"},"experiments":{}}}
[2026-06-15 20:06:08] >> GET /player-policy-service/v1/player-policy-client
[2026-06-15 20:06:08] 404 GET /player-policy-service/v1/player-policy-client
[2026-06-15 20:06:08] << /player-policy-service/v1/player-policy-client -> {"errors":[{"code":"NotFound","message":"Not found"}]}
[2026-06-15 20:06:08] Avatar: batch resolved 0/2 assets
[2026-06-15 20:06:08] Avatar: batch resolved 0/1 assets
[2026-06-15 20:06:09] >> GET /player-policy-service/v1/player-policy-client
[2026-06-15 20:06:09] 404 GET /player-policy-service/v1/player-policy-client
[2026-06-15 20:06:09] << /player-policy-service/v1/player-policy-client -> {"errors":[{"code":"NotFound","message":"Not found"}]}
[2026-06-15 20:06:09] Avatar: batch resolved 0/1 assets
[2026-06-15 20:06:09] << /v2/avatar/avatar-fetch/ -> {"resolvedAvatarType":"R15","equippedGearVersionIds":[],"backpackGearVersionIds":[],"assetAndAssetTypeIds":[{"assetId":86499666,"assetTypeId":27},{"assetId":86499716,"assetTypeId":29},{"assetId":86499698,"assetTypeId":28},{"assetId":86499753,"assetTypeId":30},{"assetId":86499793,"assetTypeId":31},{"assetId":18658405017,"assetTypeId":46},{"assetId":135892587710035,"assetTypeId":8},{"assetId":10804923951,"assetTypeId":67},{"assetId":132133317685629,"assetTypeId":41},{"assetId":14702520072,"assetTypeId":43},{"assetId":11921498664,"assetTypeId":11},{"assetId":140565896620871,"assetTypeId":12},{"assetId":90772666356782,"assetTypeId":79}],"animationAssetIds":{"run":16744214662,"swim":18538158932,"fall":76868289213402,"climb":122281742555667,"jump":114806832298003,"idle":82009039247070,"walk":124733969277188},"bodyColor3s":{"headColor3":"ffcc99","torsoColor3":"ffcc99","rightArmColor3":"ffcc99","leftArmColor3":"ffcc99","rightLegColor3":"ffcc99","leftLegColor3":"ffcc99"},"scales":{"heig
[2026-06-15 20:06:09] >> POST /v1.0/SequenceStatistics/BatchAddToSequencesV2?apiKey=76E5A40C-3AE1-4028-9F10-7C62520BD94F
[2026-06-15 20:06:09] >> POST /v1.1/Counters/BatchIncrement?apiKey=76E5A40C-3AE1-4028-9F10-7C62520BD94F
[2026-06-15 20:06:09] << /v1.0/SequenceStatistics/BatchAddToSequencesV2 -> {}
[2026-06-15 20:06:09] << /v1.1/Counters/BatchIncrement -> {}
[2026-06-15 20:06:09] >> GET /v1/asset/?id=86499716&serverplaceid=9000000000019&expectedAssetType=LeftArm&assetResolutionMode=MPHA
[2026-06-15 20:06:09] >> GET /v2/users/14463315/inventory/61?limit=50&cursor=
[2026-06-15 20:06:09] << /v2/users/14463315/inventory/61 -> {}
[2026-06-15 20:06:09] Asset 86499716 fetched OK (6724 bytes)
[2026-06-15 20:06:09] >> GET /v1/asset/?id=86499666&serverplaceid=9000000000019&expectedAssetType=Torso&assetResolutionMode=MPHA
[2026-06-15 20:06:09] >> GET /v1/asset/?id=11921498664&serverplaceid=9000000000019&expectedAssetType=Shirt&assetResolutionMode=MPHA
[2026-06-15 20:06:09] >> GET /v1/asset/?id=86499698&serverplaceid=9000000000019&expectedAssetType=RightArm&assetResolutionMode=MPHA
[2026-06-15 20:06:09] >> GET /v1/asset/?id=140565896620871&serverplaceid=9000000000019&expectedAssetType=Pants&assetResolutionMode=MPHA
[2026-06-15 20:06:09] >> GET /v1/asset/?id=90772666356782&serverplaceid=9000000000019&expectedAssetType=Head&assetResolutionMode=MPHA
[2026-06-15 20:06:09] >> GET /v1/asset/?id=86499753&serverplaceid=9000000000019&expectedAssetType=LeftLeg&assetResolutionMode=MPHA
[2026-06-15 20:06:09] >> GET /v1/asset/?id=86499793&serverplaceid=9000000000019&expectedAssetType=RightLeg&assetResolutionMode=MPHA
[2026-06-15 20:06:10] Asset 11921498664 fetched OK (548 bytes)
[2026-06-15 20:06:10] Asset 86499666 fetched OK (16727 bytes)
[2026-06-15 20:06:10] Asset 86499793 fetched OK (12356 bytes)
[2026-06-15 20:06:10] Asset 90772666356782 fetched OK (1211 bytes)
[2026-06-15 20:06:10] Asset 140565896620871 fetched OK (540 bytes)
[2026-06-15 20:06:10] Asset 86499753 fetched OK (12369 bytes)
[2026-06-15 20:06:10] Asset 86499698 fetched OK (12932 bytes)
[2026-06-15 20:06:10] >> GET /v1/asset/?id=18658405017&serverplaceid=9000000000019&expectedAssetType=BackAccessory&assetResolutionMode=MPHA
[2026-06-15 20:06:10] >> GET /v1/asset/?id=135892587710035&serverplaceid=9000000000019&expectedAssetType=Hat&assetResolutionMode=MPHA
[2026-06-15 20:06:10] >> GET /v1/asset/?id=114806832298003&serverplaceid=9000000000019&expectedAssetType=JumpAnimation&assetResolutionMode=MPHA
[2026-06-15 20:06:10] >> GET /v1/asset/?id=132133317685629&serverplaceid=9000000000019&expectedAssetType=HairAccessory&assetResolutionMode=MPHA
[2026-06-15 20:06:10] >> GET /v1/asset/?id=124733969277188&serverplaceid=9000000000019&expectedAssetType=WalkAnimation&assetResolutionMode=MPHA
[2026-06-15 20:06:10] >> GET /v1/asset/?id=76868289213402&serverplaceid=9000000000019&expectedAssetType=FallAnimation&assetResolutionMode=MPHA
[2026-06-15 20:06:10] >> GET /v1/asset/?id=18538158932&serverplaceid=9000000000019&expectedAssetType=SwimAnimation&assetResolutionMode=MPHA
[2026-06-15 20:06:10] Asset 114806832298003 fetched OK (1185 bytes)
[2026-06-15 20:06:10] Asset 124733969277188 fetched OK (1184 bytes)
[2026-06-15 20:06:10] Asset 18658405017 fetched OK (5488 bytes)
[2026-06-15 20:06:10] Asset 18538158932 fetched OK (1265 bytes)
[2026-06-15 20:06:10] Asset 76868289213402 fetched OK (1184 bytes)
[2026-06-15 20:06:10] Asset 135892587710035 fetched OK (5518 bytes)
[2026-06-15 20:06:10] Asset 132133317685629 fetched OK (5524 bytes)
[2026-06-15 20:06:10] >> GET /v1/asset/?id=14702520072&serverplaceid=9000000000019&expectedAssetType=NeckAccessory&assetResolutionMode=MPHA
[2026-06-15 20:06:10] >> GET /v1/asset/?id=16744214662&serverplaceid=9000000000019&expectedAssetType=RunAnimation&assetResolutionMode=MPHA
[2026-06-15 20:06:10] >> GET /v1/asset/?id=122281742555667&serverplaceid=9000000000019&expectedAssetType=ClimbAnimation&assetResolutionMode=MPHA
[2026-06-15 20:06:10] >> GET /v1/asset/?id=10804923951&serverplaceid=9000000000019&expectedAssetType=JacketAccessory&assetResolutionMode=MPHA
[2026-06-15 20:06:10] >> GET /v1/asset/?id=82009039247070&serverplaceid=9000000000019&expectedAssetType=IdleAnimation&assetResolutionMode=MPHA
[2026-06-15 20:06:10] >> GET /player-policy-service/v1/player-policy-client
[2026-06-15 20:06:10] 404 GET /player-policy-service/v1/player-policy-client
[2026-06-15 20:06:10] << /player-policy-service/v1/player-policy-client -> {"errors":[{"code":"NotFound","message":"Not found"}]}
[2026-06-15 20:06:10] Asset 14702520072 fetched OK (6300 bytes)
[2026-06-15 20:06:10] Asset 16744214662 fetched OK (1198 bytes)
[2026-06-15 20:06:10] Asset 122281742555667 fetched OK (1187 bytes)
[2026-06-15 20:06:10] Asset 10804923951 fetched OK (5490 bytes)
[2026-06-15 20:06:10] Asset 82009039247070 fetched OK (1703 bytes)
[2026-06-15 20:06:11] >> GET /v2/assets/118764786/details
[2026-06-15 20:06:11] << /v2/assets/118764786/details -> {"TargetId":118764786,"AssetId":118764786,"ProductId":118764786,"assetId":118764786,"id":118764786,"Id":118764786,"TargetPlaceId":118764786,"PlaceId":118764786,"ProductType":"User Product","Name":"Baseplate","Description":"","AssetTypeId":9,"assetTypeId":9,"Creator":{"Id":14463315,"Name":"HearMeRoar","CreatorType":"User","CreatorTargetId":14463315,"HasVerifiedBadge":false,"id":14463315,"type":1,"creatorType":"User","creatorTargetId":14463315},"IconImageAssetId":0,"Created":"2022-05-11T13:27:09.897Z","Updated":"2022-06-19T07:23:39.03Z","created":"2022-05-11T13:27:09.897Z","updated":"2022-06-19T07:23:39.03Z","PriceInRobux":null,"Sales":0,"IsNew":false,"IsForSale":false,"IsPublicDomain":true,"IsLimited":false,"IsLimitedUnique":false,"isPublic":true,"isForSale":false,"isLimited":false,"isLimitedUnique":false,"enableComments":false}
[2026-06-15 20:06:11] >> GET /v1/asset?id=569125949&serverplaceid=0
[2026-06-15 20:06:11] FetchUrl: HTTP 403 for https://assetdelivery.roblox.com/v1/asset/?id=569125949
[2026-06-15 20:06:11] Asset 569125949: fetch failed, falling back to redirect
[2026-06-15 20:06:11] >> GET /v1/asset?id=569145055&serverplaceid=0
[2026-06-15 20:06:11] >> GET /v1/users/14463315/items/asset/118764786/is-owned
[2026-06-15 20:06:11] >> GET /v1/asset?id=64429011
[2026-06-15 20:06:11] >> GET /asset/?id=593040146
[2026-06-15 20:06:11] >> GET /v1/asset?id=27471616
[2026-06-15 20:06:11] << /v1/users/14463315/items/asset/118764786/is-owned -> {"data":[{"id":14463315,"name":"HearMeRoar","displayName":"HearMeRoar"}]}
[2026-06-15 20:06:11] FetchUrl: HTTP 403 for https://assetdelivery.roblox.com/v1/asset/?id=569145055
[2026-06-15 20:06:11] Asset 569145055: fetch failed, falling back to redirect
[2026-06-15 20:06:11] Asset 64429011 fetched OK (17689 bytes)
[2026-06-15 20:06:11] Asset 593040146 fetched OK (81515 bytes)
[2026-06-15 20:06:11] Asset 27471616 fetched OK (3756 bytes)
[2026-06-15 20:06:11] >> GET /v2/assets/66670555/details
[2026-06-15 20:06:11] << /v2/assets/66670555/details -> {"TargetId":66670555,"AssetId":66670555,"ProductId":66670555,"assetId":66670555,"id":66670555,"Id":66670555,"TargetPlaceId":66670555,"PlaceId":66670555,"ProductType":"User Product","Name":"Baseplate","Description":"","AssetTypeId":9,"assetTypeId":9,"Creator":{"Id":14463315,"Name":"HearMeRoar","CreatorType":"User","CreatorTargetId":14463315,"HasVerifiedBadge":false,"id":14463315,"type":1,"creatorType":"User","creatorTargetId":14463315},"IconImageAssetId":0,"Created":"2022-05-11T13:27:09.897Z","Updated":"2022-06-19T07:23:39.03Z","created":"2022-05-11T13:27:09.897Z","updated":"2022-06-19T07:23:39.03Z","PriceInRobux":null,"Sales":0,"IsNew":false,"IsForSale":false,"IsPublicDomain":true,"IsLimited":false,"IsLimitedUnique":false,"isPublic":true,"isForSale":false,"isLimited":false,"isLimitedUnique":false,"enableComments":false}
[2026-06-15 20:06:12] >> GET /v1/users/14463315/items/asset/66670555/is-owned
[2026-06-15 20:06:12] << /v1/users/14463315/items/asset/66670555/is-owned -> {"data":[{"id":14463315,"name":"HearMeRoar","displayName":"HearMeRoar"}]}
[2026-06-15 20:06:12] >> GET /v2/assets/184766955/details
[2026-06-15 20:06:12] << /v2/assets/184766955/details -> {"TargetId":184766955,"AssetId":184766955,"ProductId":184766955,"assetId":184766955,"id":184766955,"Id":184766955,"TargetPlaceId":184766955,"PlaceId":184766955,"ProductType":"User Product","Name":"Baseplate","Description":"","AssetTypeId":9,"assetTypeId":9,"Creator":{"Id":14463315,"Name":"HearMeRoar","CreatorType":"User","CreatorTargetId":14463315,"HasVerifiedBadge":false,"id":14463315,"type":1,"creatorType":"User","creatorTargetId":14463315},"IconImageAssetId":0,"Created":"2022-05-11T13:27:09.897Z","Updated":"2022-06-19T07:23:39.03Z","created":"2022-05-11T13:27:09.897Z","updated":"2022-06-19T07:23:39.03Z","PriceInRobux":null,"Sales":0,"IsNew":false,"IsForSale":false,"IsPublicDomain":true,"IsLimited":false,"IsLimitedUnique":false,"isPublic":true,"isForSale":false,"isLimited":false,"isLimitedUnique":false,"enableComments":false}
[2026-06-15 20:06:12] >> GET /v1/users/14463315/items/asset/184766955/is-owned
[2026-06-15 20:06:12] << /v1/users/14463315/items/asset/184766955/is-owned -> {"data":[{"id":14463315,"name":"HearMeRoar","displayName":"HearMeRoar"}]}
[2026-06-15 20:06:12] >> GET /v2/assets/634643698/details
[2026-06-15 20:06:12] << /v2/assets/634643698/details -> {"TargetId":634643698,"AssetId":634643698,"ProductId":634643698,"assetId":634643698,"id":634643698,"Id":634643698,"TargetPlaceId":634643698,"PlaceId":634643698,"ProductType":"User Product","Name":"Baseplate","Description":"","AssetTypeId":9,"assetTypeId":9,"Creator":{"Id":14463315,"Name":"HearMeRoar","CreatorType":"User","CreatorTargetId":14463315,"HasVerifiedBadge":false,"id":14463315,"type":1,"creatorType":"User","creatorTargetId":14463315},"IconImageAssetId":0,"Created":"2022-05-11T13:27:09.897Z","Updated":"2022-06-19T07:23:39.03Z","created":"2022-05-11T13:27:09.897Z","updated":"2022-06-19T07:23:39.03Z","PriceInRobux":null,"Sales":0,"IsNew":false,"IsForSale":false,"IsPublicDomain":true,"IsLimited":false,"IsLimitedUnique":false,"isPublic":true,"isForSale":false,"isLimited":false,"isLimitedUnique":false,"enableComments":false}
[2026-06-15 20:06:12] >> GET /player-policy-service/v1/player-policy-client
[2026-06-15 20:06:12] 404 GET /player-policy-service/v1/player-policy-client
[2026-06-15 20:06:12] << /player-policy-service/v1/player-policy-client -> {"errors":[{"code":"NotFound","message":"Not found"}]}
[2026-06-15 20:06:13] >> GET /v1/users/14463315/items/asset/634643698/is-owned
[2026-06-15 20:06:13] >> POST /product-experimentation-platform/v1/projects/1/values
[2026-06-15 20:06:13] << /v1/users/14463315/items/asset/634643698/is-owned -> {"data":[{"id":14463315,"name":"HearMeRoar","displayName":"HearMeRoar"}]}
[2026-06-15 20:06:13] << /product-experimentation-platform/v1/projects/1/values -> {"assignments":[]}
[2026-06-15 20:06:13] >> GET /v1/settings
[2026-06-15 20:06:13] >> GET /v1/settings
[2026-06-15 20:06:13] << /v1/settings -> {"isVoiceEnabled":true,"isUserOptIn":true,"isUserEligible":true,"isBanned":false,"banReason":0,"bannedUntil":null,"canVerifyAgeForVoice":true,"isVerifiedForVoice":true,"denialReason":0,"isOptInDisabled":false,"hasEverOpted":true,"isAvatarVideoEnabled":true,"isAvatarVideoOptIn":true,"isAvatarVideoOptInDisabled":false,"isAvatarVideoEligible":true,"hasEverOptedAvatarVideo":true,"userHasAvatarCameraAlwaysAvailable":true,"canVerifyPhoneForVoice":true,"seamlessVoiceStatus":1,"allowVoiceDataUsage":true,"seamlessVoiceVariant":""}
[2026-06-15 20:06:13] << /v1/settings -> {"isVoiceEnabled":true,"isUserOptIn":true,"isUserEligible":true,"isBanned":false,"banReason":0,"bannedUntil":null,"canVerifyAgeForVoice":true,"isVerifiedForVoice":true,"denialReason":0,"isOptInDisabled":false,"hasEverOpted":true,"isAvatarVideoEnabled":true,"isAvatarVideoOptIn":true,"isAvatarVideoOptInDisabled":false,"isAvatarVideoEligible":true,"hasEverOptedAvatarVideo":true,"userHasAvatarCameraAlwaysAvailable":true,"canVerifyPhoneForVoice":true,"seamlessVoiceStatus":1,"allowVoiceDataUsage":true,"seamlessVoiceVariant":""}
[2026-06-15 20:06:13] >> GET /userhub/?id=
[2026-06-15 20:06:13] 404 GET /userhub/
[2026-06-15 20:06:13] << /userhub/ -> {"errors":[{"code":"NotFound","message":"Not found"}]}
[2026-06-15 20:06:13] >> GET /v2/users/14463315/groups/roles
[2026-06-15 20:06:13] >> GET /v2/assets/581328195/details
[2026-06-15 20:06:13] << /v2/users/14463315/groups/roles -> {"data":[{"group":{"id":13538101,"name":"GC' Sus Games","memberCount":11,"hasVerifiedBadge":false},"role":{"id":77381526,"name":"Member","rank":1}},{"group":{"id":391929292,"name":"FilteringEnabled=false","memberCount":6,"hasVerifiedBadge":false},"role":{"id":700687000,"name":"Owner","rank":255}},{"group":{"id":4347428,"name":"The State of Mind","memberCount":416796,"hasVerifiedBadge":false},"role":{"id":29322544,"name":"⭐️ Important Member","rank":1}},{"group":{"id":33142130,"name":"Legence Clothes","memberCount":6,"hasVerifiedBadge":false},"role":{"id":101719466,"name":"🎀📝 Love📝","rank":1}},{"group":{"id":13273531,"name":"_RARE NAMES_","memberCount":11049,"hasVerifiedBadge":false},"role":{"id":76113545,"name":"Incredible names","rank":45}},{"group":{"id":5995136,"name":"- Old Roblox Accounts -","memberCount":62907,"hasVerifiedBadge":false},"role":{"id":93679233,"name":"2006 / 2007","rank":170}},{"group":{"id":32818995,"name":"(Project Aincrad SAO)","member
[2026-06-15 20:06:13] << /v2/assets/581328195/details -> {"TargetId":581328195,"AssetId":581328195,"ProductId":581328195,"assetId":581328195,"id":581328195,"Id":581328195,"TargetPlaceId":581328195,"PlaceId":581328195,"ProductType":"User Product","Name":"Baseplate","Description":"","AssetTypeId":9,"assetTypeId":9,"Creator":{"Id":14463315,"Name":"HearMeRoar","CreatorType":"User","CreatorTargetId":14463315,"HasVerifiedBadge":false,"id":14463315,"type":1,"creatorType":"User","creatorTargetId":14463315},"IconImageAssetId":0,"Created":"2022-05-11T13:27:09.897Z","Updated":"2022-06-19T07:23:39.03Z","created":"2022-05-11T13:27:09.897Z","updated":"2022-06-19T07:23:39.03Z","PriceInRobux":null,"Sales":0,"IsNew":false,"IsForSale":false,"IsPublicDomain":true,"IsLimited":false,"IsLimitedUnique":false,"isPublic":true,"isForSale":false,"isLimited":false,"isLimitedUnique":false,"enableComments":false}
[2026-06-15 20:06:13] >> GET /v1/users/14463315/items/asset/581328195/is-owned
[2026-06-15 20:06:13] << /v1/users/14463315/items/asset/581328195/is-owned -> {"data":[{"id":14463315,"name":"HearMeRoar","displayName":"HearMeRoar"}]}
[2026-06-15 20:06:19] >> POST /studio/pbe
[2026-06-15 20:06:19] >> PATCH /studio-user-settings/v1/user/studiodata/CloudEditKey_placeId9000000000019
[2026-06-15 20:06:19] >> POST /studio/pbe
[2026-06-15 20:06:19] << /studio/pbe -> {}
[2026-06-15 20:06:19] << /studio-user-settings/v1/user/studiodata/CloudEditKey_placeId9000000000019 -> {}
[2026-06-15 20:06:19] << /studio/pbe -> {}
[2026-06-15 20:06:20] >> GET /v1/not-approved
[2026-06-15 20:06:20] >> POST /user-heartbeats-api/action-report
[2026-06-15 20:06:20] << /v1/not-approved -> {}
[2026-06-15 20:06:20] << /user-heartbeats-api/action-report -> {"accounts": [{"username": "HearMeRoar","robloxCookie": "","pulseInterval": 30000,"enableLogging": true}],"globalConfig": {"retryAttempts": 3,"retryDelay": 5000}}
[2026-06-15 20:06:20] >> POST /studio/pbe
[2026-06-15 20:06:20] >> POST /studio/pbe
[2026-06-15 20:06:20] << /studio/pbe -> {}
[2026-06-15 20:06:20] << /studio/pbe -> {}
[2026-06-15 20:06:20] >> POST /v1.0/SequenceStatistics/BatchAddToSequencesV2?apiKey=76E5A40C-3AE1-4028-9F10-7C62520BD94F
[2026-06-15 20:06:20] >> POST /v1.1/Counters/BatchIncrement?apiKey=76E5A40C-3AE1-4028-9F10-7C62520BD94F
[2026-06-15 20:06:20] >> POST /user-heartbeats-api/action-report
[2026-06-15 20:06:20] << /v1.0/SequenceStatistics/BatchAddToSequencesV2 -> {}
[2026-06-15 20:06:20] << /v1.1/Counters/BatchIncrement -> {}
[2026-06-15 20:06:20] << /user-heartbeats-api/action-report -> {"accounts": [{"username": "HearMeRoar","robloxCookie": "","pulseInterval": 30000,"enableLogging": true}],"globalConfig": {"retryAttempts": 3,"retryDelay": 5000}}
[2026-06-15 20:06:20] >> GET /v1/universes/multiget?ids=9000000000098&ids=9000000000048&ids=9000000000068&ids=9000000000016&ids=9000000000088&ids=9000000000064&ids=9000000000092&ids=9000000000096&ids=9000000000080&ids=9000000000018&ids=9000000000040&ids=9000000000030&ids=9000000000070&ids=9000000000034&ids=9000000000020&ids=9000000000002&ids=9000000000026&ids=9000000000052&ids=9000000000022&ids=9000000000050&ids=9000000000062&ids=9000000000044&ids=9000000000060&ids=9000000000024
[2026-06-15 20:06:21] >> POST /v1.0/SequenceStatistics/BatchAddToSequencesV2?apiKey=76E5A40C-3AE1-4028-9F10-7C62520BD94F
[2026-06-15 20:06:21] >> POST /v1.1/Counters/BatchIncrement?apiKey=76E5A40C-3AE1-4028-9F10-7C62520BD94F
[2026-06-15 20:06:21] << /v1.0/SequenceStatistics/BatchAddToSequencesV2 -> {}
[2026-06-15 20:06:21] << /v1.1/Counters/BatchIncrement -> {}
[2026-06-15 20:06:21] >> POST /v1.0/SequenceStatistics/BatchAddToSequencesV2?apiKey=76E5A40C-3AE1-4028-9F10-7C62520BD94F
[2026-06-15 20:06:21] >> POST /v1.1/Counters/BatchIncrement?apiKey=76E5A40C-3AE1-4028-9F10-7C62520BD94F
[2026-06-15 20:06:21] << /v1.0/SequenceStatistics/BatchAddToSequencesV2 -> {}
[2026-06-15 20:06:21] << /v1.1/Counters/BatchIncrement -> {}
[2026-06-15 20:06:21] >> POST /v1.1/Counters/BatchIncrement?apiKey=76E5A40C-3AE1-4028-9F10-7C62520BD94F
[2026-06-15 20:06:21] << /v1.1/Counters/BatchIncrement -> {}
[2026-06-15 20:06:21] >> POST /v1.0/SequenceStatistics/BatchAddToSequencesV2?apiKey=76E5A40C-3AE1-4028-9F10-7C62520BD94F
[2026-06-15 20:06:21] >> POST /studio/pbe
[2026-06-15 20:06:21] >> POST /timespent/pbe
[2026-06-15 20:06:21] >> POST /client/pbe
[2026-06-15 20:06:21] >> POST /experience-signals-ingest/public/v1/events/single
[2026-06-15 20:06:21] << /v1.0/SequenceStatistics/BatchAddToSequencesV2 -> {}
[2026-06-15 20:06:21] << /studio/pbe -> {}
[2026-06-15 20:06:21] << /timespent/pbe -> {}
[2026-06-15 20:06:21] << /client/pbe -> {}
[2026-06-15 20:06:21] << /experience-signals-ingest/public/v1/events/single -> {}
[2026-06-15 20:06:22] >> POST /experience-signals-ingest/public/v1/events/single
[2026-06-15 20:06:22] << /experience-signals-ingest/public/v1/events/single -> {}
[2026-06-15 20:06:22] >> POST /experience-signals-ingest/public/v1/events/single
[2026-06-15 20:06:22] << /experience-signals-ingest/public/v1/events/single -> {}
[2026-06-15 20:06:22] >> POST /experience-signals-ingest/public/v1/events/single
[2026-06-15 20:06:22] << /experience-signals-ingest/public/v1/events/single -> {}
[2026-06-15 20:06:22] >> POST /experience-signals-ingest/public/v1/events/single
[2026-06-15 20:06:22] << /experience-signals-ingest/public/v1/events/single -> {}
[2026-06-15 20:06:22] >> POST /experience-signals-ingest/public/v1/events/single
[2026-06-15 20:06:22] << /experience-signals-ingest/public/v1/events/single -> {}
[2026-06-15 20:06:23] >> POST /experience-signals-ingest/public/v1/events/single
[2026-06-15 20:06:23] << /experience-signals-ingest/public/v1/events/single -> {}
[2026-06-15 20:06:23] >> POST /experience-signals-ingest/public/v1/events/single
[2026-06-15 20:06:23] << /experience-signals-ingest/public/v1/events/single -> {}
[2026-06-15 20:06:23] >> POST /experience-signals-ingest/public/v1/events/single
[2026-06-15 20:06:23] << /experience-signals-ingest/public/v1/events/single -> {}
[2026-06-15 20:06:23] >> POST /experience-signals-ingest/public/v1/events/single
[2026-06-15 20:06:23] << /experience-signals-ingest/public/v1/events/single -> {}
[2026-06-15 20:06:23] >> POST /experience-signals-ingest/public/v1/events/single
[2026-06-15 20:06:23] << /experience-signals-ingest/public/v1/events/single -> {}
[2026-06-15 20:06:24] >> POST /experience-signals-ingest/public/v1/events/single
[2026-06-15 20:06:24] << /experience-signals-ingest/public/v1/events/single -> {}
[2026-06-15 20:06:24] >> POST /experience-signals-ingest/public/v1/events/single
[2026-06-15 20:06:24] << /experience-signals-ingest/public/v1/events/single -> {}
[2026-06-15 20:06:24] >> POST /experience-signals-ingest/public/v1/events/single
[2026-06-15 20:06:24] << /experience-signals-ingest/public/v1/events/single -> {}
[2026-06-15 20:06:24] >> POST /experience-signals-ingest/public/v1/events/single
[2026-06-15 20:06:24] << /experience-signals-ingest/public/v1/events/single -> {}
[2026-06-15 20:06:25] >> POST /experience-signals-ingest/public/v1/events/single
[2026-06-15 20:06:25] << /experience-signals-ingest/public/v1/events/single -> {}
[2026-06-15 20:06:25] >> POST /experience-signals-ingest/public/v1/events/single
[2026-06-15 20:06:25] << /experience-signals-ingest/public/v1/events/single -> {}
[2026-06-15 20:06:25] >> POST /experience-signals-ingest/public/v1/events/single
[2026-06-15 20:06:25] << /experience-signals-ingest/public/v1/events/single -> {}
[2026-06-15 20:06:25] >> POST /experience-signals-ingest/public/v1/events/single
[2026-06-15 20:06:25] << /experience-signals-ingest/public/v1/events/single -> {}
[2026-06-15 20:06:25] >> POST /experience-signals-ingest/public/v1/events/single
[2026-06-15 20:06:25] << /experience-signals-ingest/public/v1/events/single -> {}
[2026-06-15 20:06:26] >> POST /experience-signals-ingest/public/v1/events/single
[2026-06-15 20:06:26] << /experience-signals-ingest/public/v1/events/single -> {}
[2026-06-15 20:06:26] >> POST /experience-signals-ingest/public/v1/events/single
[2026-06-15 20:06:26] << /experience-signals-ingest/public/v1/events/single -> {}
[2026-06-15 20:06:26] >> POST /experience-signals-ingest/public/v1/events/single
[2026-06-15 20:06:26] << /experience-signals-ingest/public/v1/events/single -> {}
[2026-06-15 20:06:26] >> POST /experience-signals-ingest/public/v1/events/single
[2026-06-15 20:06:26] << /experience-signals-ingest/public/v1/events/single -> {}
[2026-06-15 20:06:27] >> POST /experience-signals-ingest/public/v1/events/single
[2026-06-15 20:06:27] << /experience-signals-ingest/public/v1/events/single -> {}
