[2026-06-16 13:30:00] === HookedWebserver startup ===
[2026-06-16 13:30:00] DLL directory: C:\Users\catoa\Desktop\Roblox Downloads\OffBloxModern\Clients\OffBlox\
[2026-06-16 13:30:00] Username: HearMeRoar  UserId: 14463315
[2026-06-16 13:30:00] HTTP port: 80  HTTPS port: 443
[2026-06-16 13:30:00] Winsock initialized
[2026-06-16 13:30:00] Sign key: loaded OK
[2026-06-16 13:30:00] SSL: PEM cert+key loaded OK (PKCS#8 key, no PFX needed)
[2026-06-16 13:30:00] SSL/TLS: loaded OK
[2026-06-16 13:30:00] Server ACTIVE — listening on HTTP:80 and HTTPS:443
[2026-06-16 13:30:00] Startup complete.
[2026-06-16 13:30:00] Roblox cookie probe (users/authenticated): HTTP 200 -> valid
[2026-06-16 13:30:00] Roblox cookie: loaded & valid
[2026-06-16 13:30:02] >> GET /guac-v2/v1/bundles/studio
[2026-06-16 13:30:02] >> GET /v2/client-version/WindowsStudio64
[2026-06-16 13:30:02] >> GET /v2/settings/application/PCStudioApp
[2026-06-16 13:30:02] << /guac-v2/v1/bundles/studio -> {"version":"1","bundle":{"name":"studio","configurations":{"Feature_DisableOldCookieManagementSticky":"0;100","Feature_UnifiedCookieProtocolEnabled":"0;100","Feature_UnifiedCookieProtocolEnabledSticky":"0;100","Feature_AccessCookiesWithUrlEnabledSticky":"0;100"},"experiments":{}}}
[2026-06-16 13:30:02] << /v2/client-version/WindowsStudio64 -> {"version":"0.578.0.5780566","clientVersionUpload":"version-f0b439683245446c","bootstrapperVersion":"1.0.0.0","nextClientVersion":"0.578.0.5780566","nextClientVersionUpload":"version-f0b439683245446c","flagOnly":true}
[2026-06-16 13:30:03] >> GET /oauth/.well-known/openid-configuration
[2026-06-16 13:30:03] >> POST /studio/pbe
[2026-06-16 13:30:03] << /oauth/.well-known/openid-configuration -> {"issuer":"http://localhost/oauth/","authorization_endpoint":"http://localhost/oauth/v1/authorize","token_endpoint":"http://localhost/oauth/v1/token","introspection_endpoint":"http://localhost/oauth/v1/token/introspect","revocation_endpoint":"http://localhost/oauth/v1/token/revoke","resources_endpoint":"http://localhost/oauth/v1/token/resources","userinfo_endpoint":"http://localhost/oauth/v1/userinfo","jwks_uri":"http://localhost/oauth/v1/certs","registration_endpoint":"http://localhost/dashboard/credentials","service_documentation":"http://localhost/docs/reference/cloud","scopes_supported":["openid","profile","email","verification","credentials","age","premium","roles","attributes"],"response_types_supported":["none","code"],"subject_types_supported":["public"],"id_token_signing_alg_values_supported":["ES256"],"claims_supported":["sub","type","iss","aud","exp","iat","nonce","name","nickname","preferred_username","created_at","profile","picture","email","email_ve
[2026-06-16 13:30:03] << /studio/pbe -> {}
[2026-06-16 13:30:03] >> POST /product-experimentation-platform/v1/projects/1/values
[2026-06-16 13:30:03] << /product-experimentation-platform/v1/projects/1/values -> {"assignments":[]}
[2026-06-16 13:30:03] >> POST /studio/pbe
[2026-06-16 13:30:03] << /studio/pbe -> {}
[2026-06-16 13:30:04] >> POST /v1.0/SequenceStatistics/BatchAddToSequencesV2?apiKey=76E5A40C-3AE1-4028-9F10-7C62520BD94F
[2026-06-16 13:30:04] << /v1.0/SequenceStatistics/BatchAddToSequencesV2 -> {}
[2026-06-16 13:30:04] >> POST /v1.1/Counters/BatchIncrement?apiKey=76E5A40C-3AE1-4028-9F10-7C62520BD94F
[2026-06-16 13:30:04] << /v1.1/Counters/BatchIncrement -> {}
[2026-06-16 13:30:04] >> GET /oauth/v1/authorize?response_type=code&code_challenge=C25cG_36AtCy0kWkXejLh8788v9bhaozzjULoZciBzg&code_challenge_method=S256&client_id&redirect_uri=roblox-studio-auth%3A%2F&scope=openid+credentials+profile+age+roles+premium+verification&nonce=id-roblox&state=eyJwaWQiOiIyMTkxNiIsImV2ZW50X2hhbmRsZXJfbmFtZSI6IkV4dGVybmFsTG9naW5GbG93IiwiZGF0YSI6IkJqbUgzWGhPQTAza0xBLXQ1d2NNQk1xRUs0dURVamY3LXpxUmJZMHZTaGMifQ%3D%3D
[2026-06-16 13:30:04] /authorize: client_id='roblox_studio_client' nonce='id-roblox' redirect_uri='roblox-studio-auth:/'
[2026-06-16 13:30:05] >> POST /oauth/v1/token
[2026-06-16 13:30:05] /v1/token body: [grant_type=authorization_code&code=hardcoded_auth_code_2023&code_verifier=HZBPSf4b90j0OYVu9LxvZymBPwb7FWu4l-ZwlM1uLlQ&client_id=]
[2026-06-16 13:30:05] /v1/token qs client_id: [(missing)]
[2026-06-16 13:30:05] << /oauth/v1/token -> {"access_token":"hardcoded_access_token","token_type":"Bearer","expires_in":1800,"refresh_token":"hardcoded_refresh_token","scope":"openid credentials profile age roles premium","id_token":"eyJhbGciOiJFUzI1NiIsInR5cCI6IkpXVCIsImtpZCI6ImhhcmRjb2RlZC1rZXktMSJ9.eyJzdWIiOiIxNDQ2MzMxNSIsInR5cGUiOiJVc2VyIiwiaXNzIjoiaHR0cDovL2xvY2FsaG9zdC9vYXV0aC8iLCJhdWQiOiJyb2Jsb3hfc3R1ZGlvX2NsaWVudCIsImV4cCI6MTc4MTY0MzYwMCwiaWF0IjoxNzgxNjQxODAwLCJub25jZSI6ImlkLXJvYmxveCIsIm5hbWUiOiJIZWFyTWVSb2FyIiwibmlja25hbWUiOiJEZXYiLCJwcmVmZXJyZWRfdXNlcm5hbWUiOiJIZWFyTWVSb2FyIiwiY3JlYXRlZF9hdCI6MTY4MDAwMDAwMCwicHJvZmlsZSI6Imh0dHBzOi8vd3d3LnJvYmxveC5jb20vdXNlcnMvMTQ0NjMzMTUvcHJvZmlsZSIsInBpY3R1cmUiOiJodHRwczovL3d3dy5yb2Jsb3guY29tL2hlYWRzaG90LXRodW1ibmFpbC9pbWFnZT91c2VySWQ9MTQ0NjMzMTUmd2lkdGg9NDIwJmhlaWdodD00MjAiLCJlbWFpbCI6ImRldkByb2Jsb3guZXhhbXBsZSIsImVtYWlsX3ZlcmlmaWVkIjp0cnVlLCJ2ZXJpZmllZCI6dHJ1ZSwiYWdlX2JyYWNrZXQiOiIxOCsiLCJwcmVtaXVtIjp0cnVlLCJyb2xlcyI6WyJEZXZlbG9wZXIiXSwiaW50ZXJuYWxfdXNlciI6ZmFsc2UsImF0dHJpYnV0ZXMiOn
[2026-06-16 13:30:05] >> GET /oauth/v1/userinfo
[2026-06-16 13:30:05] << /oauth/v1/userinfo -> {"sub":"14463315","type":"User","iss":"http://localhost/oauth/","aud":"roblox_studio_client","exp":1781645405,"iat":1781641805,"nonce":"id-roblox","name":"HearMeRoar","nickname":"Dev","preferred_username":"HearMeRoar","created_at":1680000000,"email":"dev@roblox.example","email_verified":true,"verified":true,"age_bracket":"18+","premium":true,"roles":["Developer"],"internal_user":false,"attributes":{}}
[2026-06-16 13:30:05] >> POST /validate-machine
[2026-06-16 13:30:05] << /validate-machine -> {}
[2026-06-16 13:30:06] >> GET /v1/not-approved
[2026-06-16 13:30:06] << /v1/not-approved -> {}
[2026-06-16 13:30:06] >> POST /product-experimentation-platform/v1/projects/1/values
[2026-06-16 13:30:06] >> POST /product-experimentation-platform/v1/projects/1/values
[2026-06-16 13:30:06] << /product-experimentation-platform/v1/projects/1/values -> {"assignments":[]}
[2026-06-16 13:30:06] << /product-experimentation-platform/v1/projects/1/values -> {"assignments":[]}
[2026-06-16 13:30:06] >> POST /product-experimentation-platform/v1/projects/1/values
[2026-06-16 13:30:06] >> POST /user-heartbeats-api/action-report
[2026-06-16 13:30:06] >> GET /userhub/?id=
[2026-06-16 13:30:06] << /product-experimentation-platform/v1/projects/1/values -> {"assignments":[]}
[2026-06-16 13:30:06] << /user-heartbeats-api/action-report -> {"accounts": [{"username": "HearMeRoar","robloxCookie": "","pulseInterval": 30000,"enableLogging": true}],"globalConfig": {"retryAttempts": 3,"retryDelay": 5000}}
[2026-06-16 13:30:06] 404 GET /userhub/
[2026-06-16 13:30:06] << /userhub/ -> {"errors":[{"code":"NotFound","message":"Not found"}]}
[2026-06-16 13:30:06] >> GET /studio-user-data-api/beta-feature-metadata
[2026-06-16 13:30:06] >> GET /studio-user-data-api/beta-feature?pageSize=1000000000
[2026-06-16 13:30:06] >> GET /studio-user-settings/plugin-permissions/v2/plugins?permissionType=ScriptInjection&cursor&pageSize=100
[2026-06-16 13:30:06] << /studio-user-data-api/beta-feature-metadata -> {}
[2026-06-16 13:30:06] << /studio-user-data-api/beta-feature -> {}
[2026-06-16 13:30:06] >> GET /studio-user-settings/plugin-permissions/v2/plugins?permissionType=HttpService&cursor&pageSize=100
[2026-06-16 13:30:06] >> GET /studio-user-data-api/plugin-metadata?pageSize=1000000000
[2026-06-16 13:30:06] >> GET /v2/user-channel?binaryType=WindowsStudio64
[2026-06-16 13:30:06] >> GET /access-management/v1/feature-access?featureNames=ShowIllegalContentReport&nameSpace=studio%2FSafetyFeatures
[2026-06-16 13:30:06] << /studio-user-settings/plugin-permissions/v2/plugins -> {}
[2026-06-16 13:30:06] << /studio-user-settings/plugin-permissions/v2/plugins -> {}
[2026-06-16 13:30:06] << /studio-user-data-api/plugin-metadata -> {}
[2026-06-16 13:30:06] << /v2/user-channel -> {}
[2026-06-16 13:30:06] << /access-management/v1/feature-access -> {"featureAccess":[],"data":[]}
[2026-06-16 13:30:07] >> GET /v1/universes/multiget?ids=9000000000124&ids=9000000000020&ids=9000000000046&ids=9000000000098&ids=9000000000048&ids=9000000000068&ids=9000000000016&ids=9000000000088&ids=9000000000064&ids=9000000000092&ids=9000000000096&ids=9000000000080&ids=9000000000018&ids=9000000000040&ids=9000000000030&ids=9000000000070&ids=9000000000034&ids=9000000000002&ids=9000000000026&ids=9000000000052&ids=9000000000022&ids=9000000000050&ids=9000000000062&ids=9000000000044
[2026-06-16 13:30:07] >> GET /my/settings/json
[2026-06-16 13:30:07] >> GET /v1/games/icons?universeIds=9000000000048&returnPolicy=AutoGenerated&size=256x256&format=Png&isCircular=false
[2026-06-16 13:30:07] >> GET /v2/assets/9000000000049/details
[2026-06-16 13:30:07] << /my/settings/json -> {"UserId":14463315,"UserName":"HearMeRoar","DisplayName":"HearMeRoar","RobuxBalance":9999999999,"IsEmailVerified":true,"IsPremiumUser":true,"AgeBracket":0,"CountryCode":"US","Roles":["Developer","Soothsayer"],"AccountAgeInDays":1324354}
[2026-06-16 13:30:07] << /v1/games/icons -> {"data":[{"targetId":9000000000048,"state":"Completed","imageUrl":"http://localhost/Png.png"}]}
[2026-06-16 13:30:07] << /v2/assets/9000000000049/details -> {"TargetId":9000000000049,"AssetId":9000000000049,"ProductId":9000000000049,"assetId":9000000000049,"id":9000000000049,"Id":9000000000049,"TargetPlaceId":9000000000049,"PlaceId":9000000000049,"ProductType":"User Product","Name":"Pokemon Brick Bronze","Description":"","AssetTypeId":9,"assetTypeId":9,"Creator":{"Id":14463315,"Name":"HearMeRoar","CreatorType":"User","CreatorTargetId":14463315,"HasVerifiedBadge":false,"id":14463315,"type":1,"creatorType":"User","creatorTargetId":14463315},"IconImageAssetId":0,"Created":"2022-05-11T13:27:09.897Z","Updated":"2022-06-19T07:23:39.03Z","created":"2022-05-11T13:27:09.897Z","updated":"2022-06-19T07:23:39.03Z","PriceInRobux":null,"Sales":0,"IsNew":false,"IsForSale":false,"IsPublicDomain":true,"IsLimited":false,"IsLimitedUnique":false,"isPublic":true,"isForSale":false,"isLimited":false,"isLimitedUnique":false,"enableComments":false}
[2026-06-16 13:30:07] >> GET /userhub/?id=
[2026-06-16 13:30:07] 404 GET /userhub/
[2026-06-16 13:30:07] << /userhub/ -> {"errors":[{"code":"NotFound","message":"Not found"}]}
[2026-06-16 13:30:07] >> GET /Png.png
[2026-06-16 13:30:07] >> GET /v1/universes/multiget/teamcreate?ids=9000000000124&ids=9000000000020&ids=9000000000046&ids=9000000000098&ids=9000000000048&ids=9000000000068&ids=9000000000016&ids=9000000000088&ids=9000000000064&ids=9000000000092&ids=9000000000096&ids=9000000000080&ids=9000000000018&ids=9000000000040&ids=9000000000030&ids=9000000000070&ids=9000000000034&ids=9000000000002&ids=9000000000026&ids=9000000000052&ids=9000000000022&ids=9000000000050&ids=9000000000062&ids=9000000000044
[2026-06-16 13:30:07] TeamCreate stub (disabled): GET /v1/universes/multiget/teamcreate
[2026-06-16 13:30:07] << /v1/universes/multiget/teamcreate -> {"data":[{"id":9000000000124,"isEnabled":false},{"id":9000000000020,"isEnabled":false},{"id":9000000000046,"isEnabled":false},{"id":9000000000098,"isEnabled":false},{"id":9000000000048,"isEnabled":false},{"id":9000000000068,"isEnabled":false},{"id":9000000000016,"isEnabled":false},{"id":9000000000088,"isEnabled":false},{"id":9000000000064,"isEnabled":false},{"id":9000000000092,"isEnabled":false},{"id":9000000000096,"isEnabled":false},{"id":9000000000080,"isEnabled":false},{"id":9000000000018,"isEnabled":false},{"id":9000000000040,"isEnabled":false},{"id":9000000000030,"isEnabled":false},{"id":9000000000070,"isEnabled":false},{"id":9000000000034,"isEnabled":false},{"id":9000000000002,"isEnabled":false},{"id":9000000000026,"isEnabled":false},{"id":9000000000052,"isEnabled":false},{"id":9000000000022,"isEnabled":false},{"id":9000000000050,"isEnabled":false},{"id":9000000000062,"isEnabled":false},{"id":9000000000044,"isEnabled":false}]}
[2026-06-16 13:30:07] >> POST /v1/users
[2026-06-16 13:30:07] << /v1/users -> {"data":[{"hasVerifiedBadge":false,"id":14463315,"name":"HearMeRoar","displayName":"HearMeRoar"}]}
[2026-06-16 13:30:07] >> GET /studio-open-place/v1/openplace?placeId=9000000000049
[2026-06-16 13:30:07] << /studio-open-place/v1/openplace -> {"universe":{"Id":9000000000048,"RootPlaceId":9000000000049,"Name":"Pokemon Brick Bronze","Description":"","IsArchived":false,"CreatorType":"User","CreatorTargetId":14463315,"PrivacyType":"Private","Created":"2022-01-01T00:00:00.000+00:00","Updated":"2022-01-01T00:00:00.000+00:00"},"teamCreateEnabled":false,"place":{"Creator":{"CreatorType":"User","CreatorTargetId":14463315}}}
[2026-06-16 13:30:07] >> POST /asset-permissions-api/v1/assets/check-permissions
[2026-06-16 13:30:07] asset-permissions assetId=9000000000049 -> HasPermission
[2026-06-16 13:30:07] asset-permissions check done: /asset-permissions-api/v1/assets/check-permissions
[2026-06-16 13:30:07] << /asset-permissions-api/v1/assets/check-permissions -> {"results":[{"value":{"status":"HasPermission"}}]}
[2026-06-16 13:30:08] >> GET /v1/gametemplates?searchKey=Templates&pageSize=30&search=All&isTemplates=true
[2026-06-16 13:30:08] << /v1/gametemplates -> {"data":[{"gameTemplateType":"Generic","hasTutorials":false,"universe":{"id":28220420,"name":"Baseplate","description":"Start from a clean baseplate.","isArchived":false,"rootPlaceId":95206881,"privacyType":"Public","creatorType":"User","creatorTargetId":998796,"creatorName":"Templates","created":"2017-04-26T00:00:00Z","updated":"2017-04-26T00:00:00Z","isFriendsOnly":false,"audiences":[1,3,4]}}]}
[2026-06-16 13:30:08] >> POST /user-heartbeats-api/action-report
[2026-06-16 13:30:08] >> POST /private-users-service/v1beta1/getOrCreatePrivateUserId
[2026-06-16 13:30:08] << /user-heartbeats-api/action-report -> {"accounts": [{"username": "HearMeRoar","robloxCookie": "","pulseInterval": 30000,"enableLogging": true}],"globalConfig": {"retryAttempts": 3,"retryDelay": 5000}}
[2026-06-16 13:30:08] << /private-users-service/v1beta1/getOrCreatePrivateUserId -> {"privateUserId":1500014463315,"userIdMode":"USER_ID_MODE_GLOBAL","created":true}
[2026-06-16 13:30:08] >> GET /doc-site/v2/feeds?surfaceType=StudioStart
[2026-06-16 13:30:08] << /doc-site/v2/feeds -> {"data":{"feedItems":[]}}
[2026-06-16 13:30:08] >> GET /v2/universes/9000000000124/places?limit=50&SortOrder=Asc
[2026-06-16 13:30:08] << /v2/universes/9000000000124/places -> {"previousPageCursor":null,"nextPageCursor":null,"data":[{"maxPlayerCount":null,"socialSlotType":null,"customSocialSlotsCount":null,"allowCopying":null,"currentSavedVersion":1,"isAllGenresAllowed":null,"allowedGearTypes":null,"maxPlayersAllowed":0,"created":"2022-01-01T00:00:00.000Z","updated":"2022-01-01T00:00:00.000Z","id":9000000000125,"universeId":9000000000124,"name":"testt","description":"","isRootPlace":true}]}
[2026-06-16 13:30:08] >> GET /v2/universes/9000000000020/places?limit=50&SortOrder=Asc
[2026-06-16 13:30:08] << /v2/universes/9000000000020/places -> {"previousPageCursor":null,"nextPageCursor":null,"data":[{"maxPlayerCount":null,"socialSlotType":null,"customSocialSlotsCount":null,"allowCopying":null,"currentSavedVersion":1,"isAllGenresAllowed":null,"allowedGearTypes":null,"maxPlayersAllowed":0,"created":"2022-01-01T00:00:00.000Z","updated":"2022-01-01T00:00:00.000Z","id":9000000000021,"universeId":9000000000020,"name":"Flood Escape 1.6.5","description":"","isRootPlace":true}]}
[2026-06-16 13:30:08] >> GET /v2/universes/9000000000046/places?limit=50&SortOrder=Asc
[2026-06-16 13:30:08] << /v2/universes/9000000000046/places -> {"previousPageCursor":null,"nextPageCursor":null,"data":[{"maxPlayerCount":null,"socialSlotType":null,"customSocialSlotsCount":null,"allowCopying":null,"currentSavedVersion":1,"isAllGenresAllowed":null,"allowedGearTypes":null,"maxPlayersAllowed":0,"created":"2022-01-01T00:00:00.000Z","updated":"2022-01-01T00:00:00.000Z","id":9000000000047,"universeId":9000000000046,"name":"Phantom Forces","description":"","isRootPlace":true}]}
[2026-06-16 13:30:09] >> GET /v2/universes/9000000000098/places?limit=50&SortOrder=Asc
[2026-06-16 13:30:09] << /v2/universes/9000000000098/places -> {"previousPageCursor":null,"nextPageCursor":null,"data":[{"maxPlayerCount":null,"socialSlotType":null,"customSocialSlotsCount":null,"allowCopying":null,"currentSavedVersion":1,"isAllGenresAllowed":null,"allowedGearTypes":null,"maxPlayersAllowed":0,"created":"2022-01-01T00:00:00.000Z","updated":"2022-01-01T00:00:00.000Z","id":9000000000099,"universeId":9000000000098,"name":"Youtube Tycoon","description":"","isRootPlace":true}]}
[2026-06-16 13:30:09] >> GET /v2/universes/9000000000048/places?limit=50&SortOrder=Asc
[2026-06-16 13:30:09] >> POST /v1/batch
[2026-06-16 13:30:09] << /v2/universes/9000000000048/places -> {"previousPageCursor":null,"nextPageCursor":null,"data":[{"maxPlayerCount":null,"socialSlotType":null,"customSocialSlotsCount":null,"allowCopying":null,"currentSavedVersion":1,"isAllGenresAllowed":null,"allowedGearTypes":null,"maxPlayersAllowed":0,"created":"2022-01-01T00:00:00.000Z","updated":"2022-01-01T00:00:00.000Z","id":9000000000049,"universeId":9000000000048,"name":"Pokemon Brick Bronze","description":"","isRootPlace":true}]}
[2026-06-16 13:30:09] << /v1/batch -> {"data":[]}
[2026-06-16 13:30:09] >> GET /v2/universes/9000000000068/places?limit=50&SortOrder=Asc
[2026-06-16 13:30:09] >> GET /v2/universes/9000000000016/places?limit=50&SortOrder=Asc
[2026-06-16 13:30:09] >> GET /v2/universes/9000000000088/places?limit=50&SortOrder=Asc
[2026-06-16 13:30:09] >> GET /v2/universes/9000000000064/places?limit=50&SortOrder=Asc
[2026-06-16 13:30:09] >> GET /v2/universes/9000000000092/places?limit=50&SortOrder=Asc
[2026-06-16 13:30:09] >> GET /v2/universes/9000000000096/places?limit=50&SortOrder=Asc
[2026-06-16 13:30:09] << /v2/universes/9000000000068/places -> {"previousPageCursor":null,"nextPageCursor":null,"data":[{"maxPlayerCount":null,"socialSlotType":null,"customSocialSlotsCount":null,"allowCopying":null,"currentSavedVersion":1,"isAllGenresAllowed":null,"allowedGearTypes":null,"maxPlayersAllowed":0,"created":"2022-01-01T00:00:00.000Z","updated":"2022-01-01T00:00:00.000Z","id":9000000000069,"universeId":9000000000068,"name":"Weight Lifting Simulator 2","description":"","isRootPlace":true}]}
[2026-06-16 13:30:09] >> GET /userhub/?id=
[2026-06-16 13:30:09] << /v2/universes/9000000000016/places -> {"previousPageCursor":null,"nextPageCursor":null,"data":[{"maxPlayerCount":null,"socialSlotType":null,"customSocialSlotsCount":null,"allowCopying":null,"currentSavedVersion":1,"isAllGenresAllowed":null,"allowedGearTypes":null,"maxPlayersAllowed":0,"created":"2022-01-01T00:00:00.000Z","updated":"2022-01-01T00:00:00.000Z","id":9000000000017,"universeId":9000000000016,"name":"Prison Life V2.0","description":"","isRootPlace":true}]}
[2026-06-16 13:30:09] << /v2/universes/9000000000088/places -> {"previousPageCursor":null,"nextPageCursor":null,"data":[{"maxPlayerCount":null,"socialSlotType":null,"customSocialSlotsCount":null,"allowCopying":null,"currentSavedVersion":1,"isAllGenresAllowed":null,"allowedGearTypes":null,"maxPlayersAllowed":0,"created":"2022-01-01T00:00:00.000Z","updated":"2022-01-01T00:00:00.000Z","id":9000000000089,"universeId":9000000000088,"name":"Muffin Kombat","description":"","isRootPlace":true}]}
[2026-06-16 13:30:09] << /v2/universes/9000000000064/places -> {"previousPageCursor":null,"nextPageCursor":null,"data":[{"maxPlayerCount":null,"socialSlotType":null,"customSocialSlotsCount":null,"allowCopying":null,"currentSavedVersion":1,"isAllGenresAllowed":null,"allowedGearTypes":null,"maxPlayersAllowed":0,"created":"2022-01-01T00:00:00.000Z","updated":"2022-01-01T00:00:00.000Z","id":9000000000065,"universeId":9000000000064,"name":"New MM2","description":"","isRootPlace":true}]}
[2026-06-16 13:30:09] << /v2/universes/9000000000092/places -> {"previousPageCursor":null,"nextPageCursor":null,"data":[{"maxPlayerCount":null,"socialSlotType":null,"customSocialSlotsCount":null,"allowCopying":null,"currentSavedVersion":1,"isAllGenresAllowed":null,"allowedGearTypes":null,"maxPlayersAllowed":0,"created":"2022-01-01T00:00:00.000Z","updated":"2022-01-01T00:00:00.000Z","id":9000000000093,"universeId":9000000000092,"name":"Meepcity","description":"","isRootPlace":true}]}
[2026-06-16 13:30:09] << /v2/universes/9000000000096/places -> {"previousPageCursor":null,"nextPageCursor":null,"data":[{"maxPlayerCount":null,"socialSlotType":null,"customSocialSlotsCount":null,"allowCopying":null,"currentSavedVersion":1,"isAllGenresAllowed":null,"allowedGearTypes":null,"maxPlayersAllowed":0,"created":"2022-01-01T00:00:00.000Z","updated":"2022-01-01T00:00:00.000Z","id":9000000000097,"universeId":9000000000096,"name":"Tower of hell","description":"","isRootPlace":true}]}
[2026-06-16 13:30:09] 404 GET /userhub/
[2026-06-16 13:30:09] << /userhub/ -> {"errors":[{"code":"NotFound","message":"Not found"}]}
[2026-06-16 13:30:09] >> GET /v2/universes/9000000000080/places?limit=50&SortOrder=Asc
[2026-06-16 13:30:09] >> GET /v2/universes/9000000000018/places?limit=50&SortOrder=Asc
[2026-06-16 13:30:09] << /v2/universes/9000000000080/places -> {"previousPageCursor":null,"nextPageCursor":null,"data":[{"maxPlayerCount":null,"socialSlotType":null,"customSocialSlotsCount":null,"allowCopying":null,"currentSavedVersion":1,"isAllGenresAllowed":null,"allowedGearTypes":null,"maxPlayersAllowed":0,"created":"2022-01-01T00:00:00.000Z","updated":"2022-01-01T00:00:00.000Z","id":9000000000081,"universeId":9000000000080,"name":"Work at a pizza place","description":"","isRootPlace":true}]}
[2026-06-16 13:30:09] << /v2/universes/9000000000018/places -> {"previousPageCursor":null,"nextPageCursor":null,"data":[{"maxPlayerCount":null,"socialSlotType":null,"customSocialSlotsCount":null,"allowCopying":null,"currentSavedVersion":1,"isAllGenresAllowed":null,"allowedGearTypes":null,"maxPlayersAllowed":0,"created":"2022-01-01T00:00:00.000Z","updated":"2022-01-01T00:00:00.000Z","id":9000000000019,"universeId":9000000000018,"name":"Natural Disaster Survival","description":"","isRootPlace":true}]}
[2026-06-16 13:30:09] >> GET /v2/universes/9000000000040/places?limit=50&SortOrder=Asc
[2026-06-16 13:30:09] << /v2/universes/9000000000040/places -> {"previousPageCursor":null,"nextPageCursor":null,"data":[{"maxPlayerCount":null,"socialSlotType":null,"customSocialSlotsCount":null,"allowCopying":null,"currentSavedVersion":1,"isAllGenresAllowed":null,"allowedGearTypes":null,"maxPlayersAllowed":0,"created":"2022-01-01T00:00:00.000Z","updated":"2022-01-01T00:00:00.000Z","id":9000000000041,"universeId":9000000000040,"name":"Epic Minigames","description":"","isRootPlace":true}]}
[2026-06-16 13:30:09] >> GET /v2/universes/9000000000030/places?limit=50&SortOrder=Asc
[2026-06-16 13:30:09] << /v2/universes/9000000000030/places -> {"previousPageCursor":null,"nextPageCursor":null,"data":[{"maxPlayerCount":null,"socialSlotType":null,"customSocialSlotsCount":null,"allowCopying":null,"currentSavedVersion":1,"isAllGenresAllowed":null,"allowedGearTypes":null,"maxPlayersAllowed":0,"created":"2022-01-01T00:00:00.000Z","updated":"2022-01-01T00:00:00.000Z","id":9000000000031,"universeId":9000000000030,"name":"Twisted Murderer","description":"","isRootPlace":true}]}
[2026-06-16 13:30:09] >> GET /v2/universes/9000000000070/places?limit=50&SortOrder=Asc
[2026-06-16 13:30:09] >> GET /v2/universes/9000000000034/places?limit=50&SortOrder=Asc
[2026-06-16 13:30:09] >> GET /v2/universes/9000000000002/places?limit=50&SortOrder=Asc
[2026-06-16 13:30:09] << /v2/universes/9000000000070/places -> {"previousPageCursor":null,"nextPageCursor":null,"data":[{"maxPlayerCount":null,"socialSlotType":null,"customSocialSlotsCount":null,"allowCopying":null,"currentSavedVersion":1,"isAllGenresAllowed":null,"allowedGearTypes":null,"maxPlayersAllowed":0,"created":"2022-01-01T00:00:00.000Z","updated":"2022-01-01T00:00:00.000Z","id":9000000000071,"universeId":9000000000070,"name":"Speed run 4","description":"","isRootPlace":true}]}
[2026-06-16 13:30:09] << /v2/universes/9000000000034/places -> {"previousPageCursor":null,"nextPageCursor":null,"data":[{"maxPlayerCount":null,"socialSlotType":null,"customSocialSlotsCount":null,"allowCopying":null,"currentSavedVersion":1,"isAllGenresAllowed":null,"allowedGearTypes":null,"maxPlayersAllowed":0,"created":"2022-01-01T00:00:00.000Z","updated":"2022-01-01T00:00:00.000Z","id":9000000000035,"universeId":9000000000034,"name":"Assassin","description":"","isRootPlace":true}]}
[2026-06-16 13:30:09] << /v2/universes/9000000000002/places -> {"previousPageCursor":null,"nextPageCursor":null,"data":[{"maxPlayerCount":null,"socialSlotType":null,"customSocialSlotsCount":null,"allowCopying":null,"currentSavedVersion":1,"isAllGenresAllowed":null,"allowedGearTypes":null,"maxPlayersAllowed":0,"created":"2022-01-01T00:00:00.000Z","updated":"2022-01-01T00:00:00.000Z","id":9000000000003,"universeId":9000000000002,"name":"Theme park tycoon 2","description":"","isRootPlace":true}]}
[2026-06-16 13:30:09] >> GET /v2/universes/9000000000026/places?limit=50&SortOrder=Asc
[2026-06-16 13:30:09] >> GET /v2/universes/9000000000052/places?limit=50&SortOrder=Asc
[2026-06-16 13:30:09] << /v2/universes/9000000000026/places -> {"previousPageCursor":null,"nextPageCursor":null,"data":[{"maxPlayerCount":null,"socialSlotType":null,"customSocialSlotsCount":null,"allowCopying":null,"currentSavedVersion":1,"isAllGenresAllowed":null,"allowedGearTypes":null,"maxPlayersAllowed":0,"created":"2022-01-01T00:00:00.000Z","updated":"2022-01-01T00:00:00.000Z","id":9000000000027,"universeId":9000000000026,"name":"Jailbreak","description":"","isRootPlace":true}]}
[2026-06-16 13:30:09] << /v2/universes/9000000000052/places -> {"previousPageCursor":null,"nextPageCursor":null,"data":[{"maxPlayerCount":null,"socialSlotType":null,"customSocialSlotsCount":null,"allowCopying":null,"currentSavedVersion":1,"isAllGenresAllowed":null,"allowedGearTypes":null,"maxPlayersAllowed":0,"created":"2022-01-01T00:00:00.000Z","updated":"2022-01-01T00:00:00.000Z","id":9000000000053,"universeId":9000000000052,"name":"Whatever Floats Your Boat","description":"","isRootPlace":true}]}
[2026-06-16 13:30:09] >> GET /v2/universes/9000000000022/places?limit=50&SortOrder=Asc
[2026-06-16 13:30:09] >> GET /v2/universes/9000000000050/places?limit=50&SortOrder=Asc
[2026-06-16 13:30:09] >> GET /v2/universes/9000000000062/places?limit=50&SortOrder=Asc
[2026-06-16 13:30:09] << /v2/universes/9000000000022/places -> {"previousPageCursor":null,"nextPageCursor":null,"data":[{"maxPlayerCount":null,"socialSlotType":null,"customSocialSlotsCount":null,"allowCopying":null,"currentSavedVersion":1,"isAllGenresAllowed":null,"allowedGearTypes":null,"maxPlayersAllowed":0,"created":"2022-01-01T00:00:00.000Z","updated":"2022-01-01T00:00:00.000Z","id":9000000000023,"universeId":9000000000022,"name":"Robot 64","description":"","isRootPlace":true}]}
[2026-06-16 13:30:09] << /v2/universes/9000000000050/places -> {"previousPageCursor":null,"nextPageCursor":null,"data":[{"maxPlayerCount":null,"socialSlotType":null,"customSocialSlotsCount":null,"allowCopying":null,"currentSavedVersion":1,"isAllGenresAllowed":null,"allowedGearTypes":null,"maxPlayersAllowed":0,"created":"2022-01-01T00:00:00.000Z","updated":"2022-01-01T00:00:00.000Z","id":9000000000051,"universeId":9000000000050,"name":"Polyguns","description":"","isRootPlace":true}]}
[2026-06-16 13:30:09] << /v2/universes/9000000000062/places -> {"previousPageCursor":null,"nextPageCursor":null,"data":[{"maxPlayerCount":null,"socialSlotType":null,"customSocialSlotsCount":null,"allowCopying":null,"currentSavedVersion":1,"isAllGenresAllowed":null,"allowedGearTypes":null,"maxPlayersAllowed":0,"created":"2022-01-01T00:00:00.000Z","updated":"2022-01-01T00:00:00.000Z","id":9000000000063,"universeId":9000000000062,"name":"Build a boat for treasure","description":"","isRootPlace":true}]}
[2026-06-16 13:30:09] >> GET /v2/universes/9000000000044/places?limit=50&SortOrder=Asc
[2026-06-16 13:30:10] >> GET /v1/universes/multiget?ids=9000000000124&ids=9000000000020&ids=9000000000046&ids=9000000000098&ids=9000000000048&ids=9000000000068&ids=9000000000016&ids=9000000000088&ids=9000000000064&ids=9000000000092&ids=9000000000096&ids=9000000000080&ids=9000000000018&ids=9000000000040&ids=9000000000030&ids=9000000000070&ids=9000000000034&ids=9000000000002&ids=9000000000026&ids=9000000000052&ids=9000000000022&ids=9000000000050&ids=9000000000062&ids=9000000000044&
[2026-06-16 13:30:10] << /v2/universes/9000000000044/places -> {"previousPageCursor":null,"nextPageCursor":null,"data":[{"maxPlayerCount":null,"socialSlotType":null,"customSocialSlotsCount":null,"allowCopying":null,"currentSavedVersion":1,"isAllGenresAllowed":null,"allowedGearTypes":null,"maxPlayersAllowed":0,"created":"2022-01-01T00:00:00.000Z","updated":"2022-01-01T00:00:00.000Z","id":9000000000045,"universeId":9000000000044,"name":"Miners Haven","description":"","isRootPlace":true}]}
[2026-06-16 13:30:10] >> GET /v2/universes/28220420/places?limit=50&SortOrder=Asc
[2026-06-16 13:30:10] << /v2/universes/28220420/places -> {"previousPageCursor":null,"nextPageCursor":null,"data":[{"maxPlayerCount":null,"socialSlotType":null,"customSocialSlotsCount":null,"allowCopying":null,"currentSavedVersion":1,"isAllGenresAllowed":null,"allowedGearTypes":null,"maxPlayersAllowed":0,"created":"2022-01-01T00:00:00.000Z","updated":"2022-01-01T00:00:00.000Z","id":9991912465,"universeId":9991912465,"name":"Baseplate","description":"","isRootPlace":true}]}
[2026-06-16 13:30:10] >> GET //v1/games/icons?universeIds=28220420&returnPolicy=Placeholder&format=png&size=256x256
[2026-06-16 13:30:10] << //v1/games/icons -> {"data":[{"targetId":28220420,"state":"Completed","imageUrl":"http://localhost/Thumbs/gameicon.ashx?id=28220420","version":"TN3"}]}
[2026-06-16 13:30:10] >> GET /assets/user-auth/v1/assets/9000000000049
[2026-06-16 13:30:10] << /assets/user-auth/v1/assets/9000000000049 -> {"path":"assets/9000000000049","revisionId":"1","revisionCreateTime":"2024-01-01T00:00:00.000Z","assetId":"9000000000049","displayName":"Pokemon Brick Bronze","assetType":"Place","creationContext":{"creator":{"userId":"14463315"}},"moderationResult":{"moderationState":"Approved"},"state":"Active"}
[2026-06-16 13:30:10] >> GET /v2/universes/9000000000048/configuration
[2026-06-16 13:30:10] << /v2/universes/9000000000048/configuration -> {"allowPrivateServers":true,"privateServerPrice":null,"id":9000000000048,"name":"Pokemon Brick Bronze","universeAvatarType":"MorphToR6","universeScaleType":"AllScales","universeAnimationType":"PlayerChoice","universeCollisionType":"OuterBox","universeBodyType":"Standard","universeJointPositioningType":"ArtistIntent","universeAvatarAssetOverrides":[],"universeAvatarMinScales":{"height":0.9,"width":0.7,"head":0.95,"proportion":0,"bodyType":0},"universeAvatarMaxScales":{"height":1.05,"width":1,"head":1,"proportion":1,"bodyType":1},"isArchived":false,"isFriendsOnly":false,"genre":"All","playableDevices":["Computer","Phone","Tablet"],"isForSale":false,"price":0,"isStudioAccessToApisAllowed":true,"privacyType":"Public"}
[2026-06-16 13:30:10] >> GET //v1/games/icons?universeIds=9000000000124,9000000000020,9000000000046,9000000000098,9000000000048,9000000000068,9000000000016,9000000000088,9000000000064,9000000000092,9000000000096,9000000000080,9000000000018,9000000000040,9000000000030,9000000000070,9000000000034,9000000000002,9000000000026,9000000000052,9000000000022,9000000000050,9000000000062,9000000000044&returnPolicy=Autogenerated&format=png&size=256x256
[2026-06-16 13:30:10] >> POST /experience-guidelines-service/v1beta1/multi-age-recommendation
[2026-06-16 13:30:10] >> POST /core-content/v1/universe-eligibility/batch
[2026-06-16 13:30:10] >> POST /experience-releases/v1beta1/experience_releases_api/multi_release_statuses
[2026-06-16 13:30:10] << //v1/games/icons -> {"data":[{"targetId":9000000000124,"state":"Completed","imageUrl":"http://localhost/Thumbs/gameicon.ashx?id=9000000000124","version":"TN3"},{"targetId":9000000000020,"state":"Completed","imageUrl":"http://localhost/Thumbs/gameicon.ashx?id=9000000000020","version":"TN3"},{"targetId":9000000000046,"state":"Completed","imageUrl":"http://localhost/Thumbs/gameicon.ashx?id=9000000000046","version":"TN3"},{"targetId":9000000000098,"state":"Completed","imageUrl":"http://localhost/Thumbs/gameicon.ashx?id=9000000000098","version":"TN3"},{"targetId":9000000000048,"state":"Completed","imageUrl":"http://localhost/Thumbs/gameicon.ashx?id=9000000000048","version":"TN3"},{"targetId":9000000000068,"state":"Completed","imageUrl":"http://localhost/Thumbs/gameicon.ashx?id=9000000000068","version":"TN3"},{"targetId":9000000000016,"state":"Completed","imageUrl":"http://localhost/Thumbs/gameicon.ashx?id=9000000000016","version":"TN3"},{"targetId":9000000000088,"state":"Completed","imageUrl":"http://localhost
[2026-06-16 13:30:10] << /core-content/v1/universe-eligibility/batch -> {"eligibilityByCreator":[{"userId":"14463315","userIsEligible":true,"displayText":"Eligible","ineligibilityReason":"INELIGIBILITY_REASON_NONE"}]}
[2026-06-16 13:30:10] << /experience-releases/v1beta1/experience_releases_api/multi_release_statuses -> {"eligibilityByCreator":[{"userId":"14463315","userIsEligible":true,"displayText":"Eligible","ineligibilityReason":"INELIGIBILITY_REASON_NONE"}]}
[2026-06-16 13:30:10] >> GET /v1/asset/?id=9000000000049&version=1
[2026-06-16 13:30:10] >> GET /teamcreate/v1/MultiGetUniversesActiveSessionMembers?maxUsers=10&ids=9000000000124&ids=9000000000020&ids=9000000000046&ids=9000000000098&ids=9000000000048&ids=9000000000068&ids=9000000000016&ids=9000000000088&ids=9000000000064&ids=9000000000092&ids=9000000000096&ids=9000000000080&ids=9000000000018&ids=9000000000040&ids=9000000000030&ids=9000000000070&ids=9000000000034&ids=9000000000002&ids=9000000000026&ids=9000000000052&ids=9000000000022&ids=9000000000050&ids=9000000000062&ids=9000000000044
[2026-06-16 13:30:10] >> GET /v1/universes/multiget/teamcreate?ids=9000000000124&ids=9000000000020&ids=9000000000046&ids=9000000000098&ids=9000000000048&ids=9000000000068&ids=9000000000016&ids=9000000000088&ids=9000000000064&ids=9000000000092&ids=9000000000096&ids=9000000000080&ids=9000000000018&ids=9000000000040&ids=9000000000030&ids=9000000000070&ids=9000000000034&ids=9000000000002&ids=9000000000026&ids=9000000000052&ids=9000000000022&ids=9000000000050&ids=9000000000062&ids=9000000000044&
[2026-06-16 13:30:10] >> GET /content-safety/v1/places/9000000000125/safety-status
[2026-06-16 13:30:10] >> GET /content-safety/v1/places/9000000000021/safety-status
[2026-06-16 13:30:10] TeamCreate stub (disabled): GET /teamcreate/v1/MultiGetUniversesActiveSessionMembers
[2026-06-16 13:30:10] >> GET /content-safety/v1/places/9000000000047/safety-status
[2026-06-16 13:30:10] TeamCreate stub (disabled): GET /v1/universes/multiget/teamcreate
[2026-06-16 13:30:10] >> GET /content-safety/v1/places/9000000000099/safety-status
[2026-06-16 13:30:10] << /content-safety/v1/places/9000000000125/safety-status -> {"isSequestered":false,"moderationStatus":"Approved"}
[2026-06-16 13:30:10] << /content-safety/v1/places/9000000000021/safety-status -> {"isSequestered":false,"moderationStatus":"Approved"}
[2026-06-16 13:30:10] << /teamcreate/v1/MultiGetUniversesActiveSessionMembers -> {"data":[{"id":9000000000124,"isEnabled":false},{"id":9000000000020,"isEnabled":false},{"id":9000000000046,"isEnabled":false},{"id":9000000000098,"isEnabled":false},{"id":9000000000048,"isEnabled":false},{"id":9000000000068,"isEnabled":false},{"id":9000000000016,"isEnabled":false},{"id":9000000000088,"isEnabled":false},{"id":9000000000064,"isEnabled":false},{"id":9000000000092,"isEnabled":false},{"id":9000000000096,"isEnabled":false},{"id":9000000000080,"isEnabled":false},{"id":9000000000018,"isEnabled":false},{"id":9000000000040,"isEnabled":false},{"id":9000000000030,"isEnabled":false},{"id":9000000000070,"isEnabled":false},{"id":9000000000034,"isEnabled":false},{"id":9000000000002,"isEnabled":false},{"id":9000000000026,"isEnabled":false},{"id":9000000000052,"isEnabled":false},{"id":9000000000022,"isEnabled":false},{"id":9000000000050,"isEnabled":false},{"id":9000000000062,"isEnabled":false},{"id":9000000000044,"isEnabled":false}]}
[2026-06-16 13:30:10] << /content-safety/v1/places/9000000000047/safety-status -> {"isSequestered":false,"moderationStatus":"Approved"}
[2026-06-16 13:30:10] << /v1/universes/multiget/teamcreate -> {"data":[{"id":9000000000124,"isEnabled":false},{"id":9000000000020,"isEnabled":false},{"id":9000000000046,"isEnabled":false},{"id":9000000000098,"isEnabled":false},{"id":9000000000048,"isEnabled":false},{"id":9000000000068,"isEnabled":false},{"id":9000000000016,"isEnabled":false},{"id":9000000000088,"isEnabled":false},{"id":9000000000064,"isEnabled":false},{"id":9000000000092,"isEnabled":false},{"id":9000000000096,"isEnabled":false},{"id":9000000000080,"isEnabled":false},{"id":9000000000018,"isEnabled":false},{"id":9000000000040,"isEnabled":false},{"id":9000000000030,"isEnabled":false},{"id":9000000000070,"isEnabled":false},{"id":9000000000034,"isEnabled":false},{"id":9000000000002,"isEnabled":false},{"id":9000000000026,"isEnabled":false},{"id":9000000000052,"isEnabled":false},{"id":9000000000022,"isEnabled":false},{"id":9000000000050,"isEnabled":false},{"id":9000000000062,"isEnabled":false},{"id":9000000000044,"isEnabled":false}]}
[2026-06-16 13:30:10] << /content-safety/v1/places/9000000000099/safety-status -> {"isSequestered":false,"moderationStatus":"Approved"}
[2026-06-16 13:30:10] >> GET /content-safety/v1/places/9000000000049/safety-status
[2026-06-16 13:30:10] >> GET /content-safety/v1/places/9000000000069/safety-status
[2026-06-16 13:30:10] << /content-safety/v1/places/9000000000049/safety-status -> {"isSequestered":false,"moderationStatus":"Approved"}
[2026-06-16 13:30:10] << /content-safety/v1/places/9000000000069/safety-status -> {"isSequestered":false,"moderationStatus":"Approved"}
[2026-06-16 13:30:10] >> GET /content-safety/v1/places/9000000000017/safety-status
[2026-06-16 13:30:10] >> GET /content-safety/v1/places/9000000000089/safety-status
[2026-06-16 13:30:10] << /content-safety/v1/places/9000000000017/safety-status -> {"isSequestered":false,"moderationStatus":"Approved"}
[2026-06-16 13:30:10] >> GET /content-safety/v1/places/9000000000065/safety-status
[2026-06-16 13:30:10] << /content-safety/v1/places/9000000000089/safety-status -> {"isSequestered":false,"moderationStatus":"Approved"}
[2026-06-16 13:30:10] >> GET /content-safety/v1/places/9000000000093/safety-status
[2026-06-16 13:30:10] >> GET /content-safety/v1/places/9000000000097/safety-status
[2026-06-16 13:30:10] << /content-safety/v1/places/9000000000065/safety-status -> {"isSequestered":false,"moderationStatus":"Approved"}
[2026-06-16 13:30:10] << /content-safety/v1/places/9000000000093/safety-status -> {"isSequestered":false,"moderationStatus":"Approved"}
[2026-06-16 13:30:10] << /content-safety/v1/places/9000000000097/safety-status -> {"isSequestered":false,"moderationStatus":"Approved"}
[2026-06-16 13:30:11] >> GET /content-safety/v1/places/9000000000081/safety-status
[2026-06-16 13:30:11] >> GET /content-safety/v1/places/9000000000019/safety-status
[2026-06-16 13:30:11] >> GET /content-safety/v1/places/9000000000041/safety-status
[2026-06-16 13:30:11] << /content-safety/v1/places/9000000000081/safety-status -> {"isSequestered":false,"moderationStatus":"Approved"}
[2026-06-16 13:30:11] << /content-safety/v1/places/9000000000019/safety-status -> {"isSequestered":false,"moderationStatus":"Approved"}
[2026-06-16 13:30:11] << /content-safety/v1/places/9000000000041/safety-status -> {"isSequestered":false,"moderationStatus":"Approved"}
[2026-06-16 13:30:11] >> GET /content-safety/v1/places/9000000000031/safety-status
[2026-06-16 13:30:11] >> GET /content-safety/v1/places/9000000000071/safety-status
[2026-06-16 13:30:11] << /content-safety/v1/places/9000000000031/safety-status -> {"isSequestered":false,"moderationStatus":"Approved"}
[2026-06-16 13:30:11] << /content-safety/v1/places/9000000000071/safety-status -> {"isSequestered":false,"moderationStatus":"Approved"}
[2026-06-16 13:30:11] >> GET /content-safety/v1/places/9000000000035/safety-status
[2026-06-16 13:30:11] >> GET /content-safety/v1/places/9000000000003/safety-status
[2026-06-16 13:30:11] << /content-safety/v1/places/9000000000035/safety-status -> {"isSequestered":false,"moderationStatus":"Approved"}
[2026-06-16 13:30:11] << /content-safety/v1/places/9000000000003/safety-status -> {"isSequestered":false,"moderationStatus":"Approved"}
[2026-06-16 13:30:11] >> GET /content-safety/v1/places/9000000000027/safety-status
[2026-06-16 13:30:11] >> GET /content-safety/v1/places/9000000000053/safety-status
[2026-06-16 13:30:11] >> GET /content-safety/v1/places/9000000000023/safety-status
[2026-06-16 13:30:11] << /content-safety/v1/places/9000000000027/safety-status -> {"isSequestered":false,"moderationStatus":"Approved"}
[2026-06-16 13:30:11] >> GET /content-safety/v1/places/9000000000051/safety-status
[2026-06-16 13:30:11] << /content-safety/v1/places/9000000000053/safety-status -> {"isSequestered":false,"moderationStatus":"Approved"}
[2026-06-16 13:30:11] << /content-safety/v1/places/9000000000023/safety-status -> {"isSequestered":false,"moderationStatus":"Approved"}
[2026-06-16 13:30:11] << /content-safety/v1/places/9000000000051/safety-status -> {"isSequestered":false,"moderationStatus":"Approved"}
[2026-06-16 13:30:11] >> GET /content-safety/v1/places/9000000000063/safety-status
[2026-06-16 13:30:11] >> GET /content-safety/v1/places/9000000000045/safety-status
[2026-06-16 13:30:11] << /content-safety/v1/places/9000000000063/safety-status -> {"isSequestered":false,"moderationStatus":"Approved"}
[2026-06-16 13:30:11] << /content-safety/v1/places/9000000000045/safety-status -> {"isSequestered":false,"moderationStatus":"Approved"}
[2026-06-16 13:30:12] >> GET /asset/?id=185041503&xcachesplit=9000000000048
[2026-06-16 13:30:13] FetchUrl: HTTP 403 for https://assetdelivery.roblox.com/v1/asset/?id=185041503
[2026-06-16 13:30:13] Asset 185041503: fetch failed, falling back to redirect
[2026-06-16 13:30:13] >> GET /asset/?id=424126550&xcachesplit=9000000000048
[2026-06-16 13:30:13] FetchUrl: HTTP 403 for https://assetdelivery.roblox.com/v1/asset/?id=424126550
[2026-06-16 13:30:13] Asset 424126550: fetch failed, falling back to redirect
[2026-06-16 13:30:13] >> GET /asset/?id=594478911&xcachesplit=9000000000048
[2026-06-16 13:30:13] FetchUrl: HTTP 403 for https://assetdelivery.roblox.com/v1/asset/?id=594478911
[2026-06-16 13:30:13] Asset 594478911: fetch failed, falling back to redirect
[2026-06-16 13:30:13] >> GET /asset/?id=534995636&xcachesplit=9000000000048
[2026-06-16 13:30:14] FetchUrl: HTTP 403 for https://assetdelivery.roblox.com/v1/asset/?id=534995636
[2026-06-16 13:30:14] Asset 534995636: fetch failed, falling back to redirect
[2026-06-16 13:30:16] >> GET /v1/universes/multiget?ids=9000000000124&ids=9000000000020&ids=9000000000046&ids=9000000000098&ids=9000000000048&ids=9000000000068&ids=9000000000016&ids=9000000000088&ids=9000000000064&ids=9000000000092&ids=9000000000096&ids=9000000000080&ids=9000000000018&ids=9000000000040&ids=9000000000030&ids=9000000000070&ids=9000000000034&ids=9000000000002&ids=9000000000026&ids=9000000000052&ids=9000000000022&ids=9000000000050&ids=9000000000062&ids=9000000000044
[2026-06-16 13:30:16] >> POST /studio/pbe
[2026-06-16 13:30:16] << /studio/pbe -> {}
[2026-06-16 13:30:16] >> GET /v1/universes/multiget/teamcreate?ids=9000000000124&ids=9000000000020&ids=9000000000046&ids=9000000000098&ids=9000000000048&ids=9000000000068&ids=9000000000016&ids=9000000000088&ids=9000000000064&ids=9000000000092&ids=9000000000096&ids=9000000000080&ids=9000000000018&ids=9000000000040&ids=9000000000030&ids=9000000000070&ids=9000000000034&ids=9000000000002&ids=9000000000026&ids=9000000000052&ids=9000000000022&ids=9000000000050&ids=9000000000062&ids=9000000000044
[2026-06-16 13:30:16] >> POST /asset-permissions-api/v1/assets/check-permissions
[2026-06-16 13:30:16] TeamCreate stub (disabled): GET /v1/universes/multiget/teamcreate
[2026-06-16 13:30:16] asset-permissions assetId=9000000000049 -> HasPermission
[2026-06-16 13:30:16] << /v1/universes/multiget/teamcreate -> {"data":[{"id":9000000000124,"isEnabled":false},{"id":9000000000020,"isEnabled":false},{"id":9000000000046,"isEnabled":false},{"id":9000000000098,"isEnabled":false},{"id":9000000000048,"isEnabled":false},{"id":9000000000068,"isEnabled":false},{"id":9000000000016,"isEnabled":false},{"id":9000000000088,"isEnabled":false},{"id":9000000000064,"isEnabled":false},{"id":9000000000092,"isEnabled":false},{"id":9000000000096,"isEnabled":false},{"id":9000000000080,"isEnabled":false},{"id":9000000000018,"isEnabled":false},{"id":9000000000040,"isEnabled":false},{"id":9000000000030,"isEnabled":false},{"id":9000000000070,"isEnabled":false},{"id":9000000000034,"isEnabled":false},{"id":9000000000002,"isEnabled":false},{"id":9000000000026,"isEnabled":false},{"id":9000000000052,"isEnabled":false},{"id":9000000000022,"isEnabled":false},{"id":9000000000050,"isEnabled":false},{"id":9000000000062,"isEnabled":false},{"id":9000000000044,"isEnabled":false}]}
[2026-06-16 13:30:16] asset-permissions check done: /asset-permissions-api/v1/assets/check-permissions
[2026-06-16 13:30:16] << /asset-permissions-api/v1/assets/check-permissions -> {"results":[{"value":{"status":"HasPermission"}}]}
[2026-06-16 13:30:16] >> GET /Thumbs/gameicon.ashx?id=28220420
[2026-06-16 13:30:16] >> GET /asset/?hash=9648afba5d3d7f66550213469e074213&contentRepresentationPriorityList=W3siZm9ybWF0IjoiUmVzaWR1YWwiLCJtYWpvclZlcnNpb24iOiIyIiwiZmlkZWxpdHkiOiJPcmlnaW5hbCJ9XQ%3D%3D&doNotFallbackToBaselineRepresentation=true
[2026-06-16 13:30:16] >> GET /Thumbs/gameicon.ashx?id=9000000000124
[2026-06-16 13:30:16] >> GET /Thumbs/gameicon.ashx?id=9000000000020
[2026-06-16 13:30:16] >> GET /Thumbs/gameicon.ashx?id=9000000000046
[2026-06-16 13:30:16] >> GET /Thumbs/gameicon.ashx?id=9000000000098
[2026-06-16 13:30:16] >> GET /Thumbs/gameicon.ashx?id=9000000000048
[2026-06-16 13:30:16] >> GET /Thumbs/gameicon.ashx?id=9000000000068
[2026-06-16 13:30:17] >> GET /Thumbs/gameicon.ashx?id=9000000000016
[2026-06-16 13:30:17] >> GET /Thumbs/gameicon.ashx?id=9000000000088
[2026-06-16 13:30:17] >> GET /Thumbs/gameicon.ashx?id=9000000000064
[2026-06-16 13:30:17] >> GET /Thumbs/gameicon.ashx?id=9000000000092
[2026-06-16 13:30:17] >> GET /Thumbs/gameicon.ashx?id=9000000000096
[2026-06-16 13:30:17] >> GET /Thumbs/gameicon.ashx?id=9000000000080
[2026-06-16 13:30:17] >> GET /Thumbs/gameicon.ashx?id=9000000000018
[2026-06-16 13:30:17] >> GET /Thumbs/gameicon.ashx?id=9000000000040
[2026-06-16 13:30:17] >> GET /Thumbs/gameicon.ashx?id=9000000000030
[2026-06-16 13:30:17] >> GET /Thumbs/gameicon.ashx?id=9000000000070
[2026-06-16 13:30:17] >> GET /Thumbs/gameicon.ashx?id=9000000000034
[2026-06-16 13:30:17] >> GET /Thumbs/gameicon.ashx?id=9000000000002
[2026-06-16 13:30:17] >> GET /Thumbs/gameicon.ashx?id=9000000000026
[2026-06-16 13:30:17] >> GET /Thumbs/gameicon.ashx?id=9000000000052
[2026-06-16 13:30:17] >> GET /Thumbs/gameicon.ashx?id=9000000000022
[2026-06-16 13:30:17] >> GET /Thumbs/gameicon.ashx?id=9000000000050
[2026-06-16 13:30:17] >> GET /Thumbs/gameicon.ashx?id=9000000000062
[2026-06-16 13:30:17] >> GET /Thumbs/gameicon.ashx?id=9000000000044
[2026-06-16 13:30:17] >> GET /universes/v1/places/9000000000049/universe
[2026-06-16 13:30:17] << /universes/v1/places/9000000000049/universe -> {"id":9000000000048,"universeId":9000000000048,"rootPlaceId":9000000000049,"name":"Pokemon Brick Bronze","description":"","isArchived":false,"isActive":true,"privacyType":"Private","creatorType":"User","creatorTargetId":14463315,"creatorName":"HearMeRoar","price":0,"playing":0,"visits":0,"maxPlayers":10,"studioAccessToApisAllowed":true,"genre":"All","isAllGenre":true,"isFavoritedByUser":false,"favoritedCount":0,"created":"2022-05-11T13:27:09.897Z","updated":"2022-05-11T13:27:09.897Z","universeAvatarType":"MorphToR6"}
[2026-06-16 13:30:18] >> GET /v2/assets/9000000000049/details
[2026-06-16 13:30:18] << /v2/assets/9000000000049/details -> {"TargetId":9000000000049,"AssetId":9000000000049,"ProductId":9000000000049,"assetId":9000000000049,"id":9000000000049,"Id":9000000000049,"TargetPlaceId":9000000000049,"PlaceId":9000000000049,"ProductType":"User Product","Name":"Pokemon Brick Bronze","Description":"","AssetTypeId":9,"assetTypeId":9,"Creator":{"Id":14463315,"Name":"HearMeRoar","CreatorType":"User","CreatorTargetId":14463315,"HasVerifiedBadge":false,"id":14463315,"type":1,"creatorType":"User","creatorTargetId":14463315},"IconImageAssetId":0,"Created":"2022-05-11T13:27:09.897Z","Updated":"2022-06-19T07:23:39.03Z","created":"2022-05-11T13:27:09.897Z","updated":"2022-06-19T07:23:39.03Z","PriceInRobux":null,"Sales":0,"IsNew":false,"IsForSale":false,"IsPublicDomain":true,"IsLimited":false,"IsLimitedUnique":false,"isPublic":true,"isForSale":false,"isLimited":false,"isLimitedUnique":false,"enableComments":false}
[2026-06-16 13:30:18] >> GET /v1/universes/9000000000048
[2026-06-16 13:30:18] << /v1/universes/9000000000048 -> {"id":9000000000048,"universeId":9000000000048,"rootPlaceId":9000000000049,"name":"Pokemon Brick Bronze","description":"","isArchived":false,"isActive":true,"privacyType":"Private","creatorType":"User","creatorTargetId":14463315,"creatorName":"HearMeRoar","price":0,"playing":0,"visits":0,"maxPlayers":10,"studioAccessToApisAllowed":true,"genre":"All","isAllGenre":true,"isFavoritedByUser":false,"favoritedCount":0,"created":"2022-05-11T13:27:09.897Z","updated":"2022-05-11T13:27:09.897Z","universeAvatarType":"MorphToR6"}
[2026-06-16 13:30:19] >> GET /v1/universes/9000000000048/permissions
[2026-06-16 13:30:19] << /v1/universes/9000000000048/permissions -> {"canManage":true,"canCloudEdit":false,"canPublish":true,"canView":true,"isPublic":false}
[2026-06-16 13:30:19] >> POST /v1/batch
[2026-06-16 13:30:19] << /v1/batch -> {"data":[]}
[2026-06-16 13:30:19] >> POST /event-subscription/v1/subscribe
[2026-06-16 13:30:19] >> GET /v1/universes/9000000000048/places?sortOrder=Asc&limit=50
[2026-06-16 13:30:19] >> GET /content-aliases-api/v1/universes/9000000000048/aliases
[2026-06-16 13:30:20] << /event-subscription/v1/subscribe -> {"ttl_minutes":1440}
[2026-06-16 13:30:20] << /v1/universes/9000000000048/places -> {"previousPageCursor":null,"nextPageCursor":null,"data":[{"id":9000000000049,"universeId":9000000000048,"name":"Pokemon Brick Bronze","description":""}]}
[2026-06-16 13:30:20] << /content-aliases-api/v1/universes/9000000000048/aliases -> {"Aliases":[],"NextPageToken":null}
[2026-06-16 13:30:20] >> GET /userhub/?id=
[2026-06-16 13:30:20] 404 GET /userhub/
[2026-06-16 13:30:20] << /userhub/ -> {"errors":[{"code":"NotFound","message":"Not found"}]}
[2026-06-16 13:30:20] >> GET /v2/assets/9000000000049/details
[2026-06-16 13:30:20] << /v2/assets/9000000000049/details -> {"TargetId":9000000000049,"AssetId":9000000000049,"ProductId":9000000000049,"assetId":9000000000049,"id":9000000000049,"Id":9000000000049,"TargetPlaceId":9000000000049,"PlaceId":9000000000049,"ProductType":"User Product","Name":"Pokemon Brick Bronze","Description":"","AssetTypeId":9,"assetTypeId":9,"Creator":{"Id":14463315,"Name":"HearMeRoar","CreatorType":"User","CreatorTargetId":14463315,"HasVerifiedBadge":false,"id":14463315,"type":1,"creatorType":"User","creatorTargetId":14463315},"IconImageAssetId":0,"Created":"2022-05-11T13:27:09.897Z","Updated":"2022-06-19T07:23:39.03Z","created":"2022-05-11T13:27:09.897Z","updated":"2022-06-19T07:23:39.03Z","PriceInRobux":null,"Sales":0,"IsNew":false,"IsForSale":false,"IsPublicDomain":true,"IsLimited":false,"IsLimitedUnique":false,"isPublic":true,"isForSale":false,"isLimited":false,"isLimitedUnique":false,"enableComments":false}
[2026-06-16 13:30:20] >> GET /v2/assets/9000000000049/details
[2026-06-16 13:30:20] << /v2/assets/9000000000049/details -> {"TargetId":9000000000049,"AssetId":9000000000049,"ProductId":9000000000049,"assetId":9000000000049,"id":9000000000049,"Id":9000000000049,"TargetPlaceId":9000000000049,"PlaceId":9000000000049,"ProductType":"User Product","Name":"Pokemon Brick Bronze","Description":"","AssetTypeId":9,"assetTypeId":9,"Creator":{"Id":14463315,"Name":"HearMeRoar","CreatorType":"User","CreatorTargetId":14463315,"HasVerifiedBadge":false,"id":14463315,"type":1,"creatorType":"User","creatorTargetId":14463315},"IconImageAssetId":0,"Created":"2022-05-11T13:27:09.897Z","Updated":"2022-06-19T07:23:39.03Z","created":"2022-05-11T13:27:09.897Z","updated":"2022-06-19T07:23:39.03Z","PriceInRobux":null,"Sales":0,"IsNew":false,"IsForSale":false,"IsPublicDomain":true,"IsLimited":false,"IsLimitedUnique":false,"isPublic":true,"isForSale":false,"isLimited":false,"isLimitedUnique":false,"enableComments":false}
[2026-06-16 13:30:20] >> GET /asset/?hash=9648afba5d3d7f66550213469e074213&contentRepresentationPriorityList=W3siZm9ybWF0IjoiT3JpZ2luYWwiLCJtYWpvclZlcnNpb24iOiJPcmlnaW5hbCIsImZpZGVsaXR5IjoiT3JpZ2luYWwifV0%3D
[2026-06-16 13:30:21] >> GET /v1/universes/multiget?ids=9000000000048&ids=9000000000124&ids=9000000000020&ids=9000000000046&ids=9000000000098&ids=9000000000068&ids=9000000000016&ids=9000000000088&ids=9000000000064&ids=9000000000092&ids=9000000000096&ids=9000000000080&ids=9000000000018&ids=9000000000040&ids=9000000000030&ids=9000000000070&ids=9000000000034&ids=9000000000002&ids=9000000000026&ids=9000000000052&ids=9000000000022&ids=9000000000050&ids=9000000000062&ids=9000000000044
[2026-06-16 13:30:21] >> GET /v1/universes/multiget/teamcreate?ids=9000000000048&ids=9000000000124&ids=9000000000020&ids=9000000000046&ids=9000000000098&ids=9000000000068&ids=9000000000016&ids=9000000000088&ids=9000000000064&ids=9000000000092&ids=9000000000096&ids=9000000000080&ids=9000000000018&ids=9000000000040&ids=9000000000030&ids=9000000000070&ids=9000000000034&ids=9000000000002&ids=9000000000026&ids=9000000000052&ids=9000000000022&ids=9000000000050&ids=9000000000062&ids=9000000000044
[2026-06-16 13:30:21] TeamCreate stub (disabled): GET /v1/universes/multiget/teamcreate
[2026-06-16 13:30:21] << /v1/universes/multiget/teamcreate -> {"data":[{"id":9000000000048,"isEnabled":false},{"id":9000000000124,"isEnabled":false},{"id":9000000000020,"isEnabled":false},{"id":9000000000046,"isEnabled":false},{"id":9000000000098,"isEnabled":false},{"id":9000000000068,"isEnabled":false},{"id":9000000000016,"isEnabled":false},{"id":9000000000088,"isEnabled":false},{"id":9000000000064,"isEnabled":false},{"id":9000000000092,"isEnabled":false},{"id":9000000000096,"isEnabled":false},{"id":9000000000080,"isEnabled":false},{"id":9000000000018,"isEnabled":false},{"id":9000000000040,"isEnabled":false},{"id":9000000000030,"isEnabled":false},{"id":9000000000070,"isEnabled":false},{"id":9000000000034,"isEnabled":false},{"id":9000000000002,"isEnabled":false},{"id":9000000000026,"isEnabled":false},{"id":9000000000052,"isEnabled":false},{"id":9000000000022,"isEnabled":false},{"id":9000000000050,"isEnabled":false},{"id":9000000000062,"isEnabled":false},{"id":9000000000044,"isEnabled":false}]}
[2026-06-16 13:30:26] >> GET /v2/universes/9000000000048/configuration
[2026-06-16 13:30:26] >> POST /v1/autolocalization/games/9000000000048/autolocalizationtable
[2026-06-16 13:30:26] << /v2/universes/9000000000048/configuration -> {"allowPrivateServers":true,"privateServerPrice":null,"id":9000000000048,"name":"Pokemon Brick Bronze","universeAvatarType":"MorphToR6","universeScaleType":"AllScales","universeAnimationType":"PlayerChoice","universeCollisionType":"OuterBox","universeBodyType":"Standard","universeJointPositioningType":"ArtistIntent","universeAvatarAssetOverrides":[],"universeAvatarMinScales":{"height":0.9,"width":0.7,"head":0.95,"proportion":0,"bodyType":0},"universeAvatarMaxScales":{"height":1.05,"width":1,"head":1,"proportion":1,"bodyType":1},"isArchived":false,"isFriendsOnly":false,"genre":"All","playableDevices":["Computer","Phone","Tablet"],"isForSale":false,"price":0,"isStudioAccessToApisAllowed":true,"privacyType":"Public"}
[2026-06-16 13:30:26] << /v1/autolocalization/games/9000000000048/autolocalizationtable -> {"tableId":"","locale":"en_us","entries":[]}
[2026-06-16 13:30:28] >> GET /asset/?id=185041503&xcachesplit=9000000000048
[2026-06-16 13:30:28] FetchUrl: HTTP 403 for https://assetdelivery.roblox.com/v1/asset/?id=185041503
[2026-06-16 13:30:28] Asset 185041503: fetch failed, falling back to redirect
[2026-06-16 13:30:29] >> GET /asset/?id=594478911&xcachesplit=9000000000048
[2026-06-16 13:30:29] FetchUrl: HTTP 403 for https://assetdelivery.roblox.com/v1/asset/?id=594478911
[2026-06-16 13:30:29] Asset 594478911: fetch failed, falling back to redirect
[2026-06-16 13:30:29] >> GET /asset/?id=424126550&xcachesplit=9000000000048
[2026-06-16 13:30:29] FetchUrl: HTTP 403 for https://assetdelivery.roblox.com/v1/asset/?id=424126550
[2026-06-16 13:30:29] >> POST /v1.0/SequenceStatistics/BatchAddToSequencesV2?apiKey=76E5A40C-3AE1-4028-9F10-7C62520BD94F
[2026-06-16 13:30:29] >> POST /v1.1/Counters/BatchIncrement?apiKey=76E5A40C-3AE1-4028-9F10-7C62520BD94F
[2026-06-16 13:30:29] Asset 424126550: fetch failed, falling back to redirect
[2026-06-16 13:30:29] << /v1.0/SequenceStatistics/BatchAddToSequencesV2 -> {}
[2026-06-16 13:30:29] << /v1.1/Counters/BatchIncrement -> {}
[2026-06-16 13:30:29] >> POST /product-experimentation-platform/v1/projects/1/values
[2026-06-16 13:30:29] << /product-experimentation-platform/v1/projects/1/values -> {"assignments":[]}
[2026-06-16 13:30:29] >> GET /asset/?id=534995636&xcachesplit=9000000000048
[2026-06-16 13:30:29] >> GET /v1/settings/universe/9000000000048?placeId=9000000000049
[2026-06-16 13:30:29] >> GET /recipe?maxTargets=15
[2026-06-16 13:30:29] >> GET /player-hydration-service/v1/players/signed
[2026-06-16 13:30:29] << /v1/settings/universe/9000000000048 -> {"isVoiceEnabled":true,"isUserOptIn":true,"isUserEligible":true,"isBanned":false,"banReason":0,"bannedUntil":null,"canVerifyAgeForVoice":true,"isVerifiedForVoice":true,"denialReason":0,"isOptInDisabled":false,"hasEverOpted":true,"isAvatarVideoEnabled":true,"isAvatarVideoOptIn":true,"isAvatarVideoOptInDisabled":false,"isAvatarVideoEligible":true,"hasEverOptedAvatarVideo":true,"userHasAvatarCameraAlwaysAvailable":true,"canVerifyPhoneForVoice":true,"seamlessVoiceStatus":1,"allowVoiceDataUsage":true,"seamlessVoiceVariant":""}
[2026-06-16 13:30:29] 404 GET /recipe
[2026-06-16 13:30:29] 404 GET /player-hydration-service/v1/players/signed
[2026-06-16 13:30:29] << /recipe -> {"errors":[{"code":"NotFound","message":"Not found"}]}
[2026-06-16 13:30:29] << /player-hydration-service/v1/players/signed -> {"errors":[{"code":"NotFound","message":"Not found"}]}
[2026-06-16 13:30:29] FetchUrl: HTTP 403 for https://assetdelivery.roblox.com/v1/asset/?id=534995636
[2026-06-16 13:30:29] Asset 534995636: fetch failed, falling back to redirect
[2026-06-16 13:30:30] >> GET /v2/users/14463315/groups/roles
[2026-06-16 13:30:30] << /v2/users/14463315/groups/roles -> {"data":[{"group":{"id":13538101,"name":"GC' Sus Games","memberCount":11,"hasVerifiedBadge":false},"role":{"id":77381526,"name":"Member","rank":1}},{"group":{"id":391929292,"name":"FilteringEnabled=false","memberCount":6,"hasVerifiedBadge":false},"role":{"id":700687000,"name":"Owner","rank":255}},{"group":{"id":4347428,"name":"The State of Mind","memberCount":416796,"hasVerifiedBadge":false},"role":{"id":29322544,"name":"⭐️ Important Member","rank":1}},{"group":{"id":33142130,"name":"Legence Clothes","memberCount":6,"hasVerifiedBadge":false},"role":{"id":101719466,"name":"🎀📝 Love📝","rank":1}},{"group":{"id":13273531,"name":"_RARE NAMES_","memberCount":11049,"hasVerifiedBadge":false},"role":{"id":76113545,"name":"Incredible names","rank":45}},{"group":{"id":5995136,"name":"- Old Roblox Accounts -","memberCount":62907,"hasVerifiedBadge":false},"role":{"id":93679233,"name":"2006 / 2007","rank":170}},{"group":{"id":32818995,"name":"(Project Aincrad SAO)","member
[2026-06-16 13:30:30] >> GET /v2/persistence/9000000000048/datastores/objects/object?datastore=BanTable&objectKey=global%2F14463315
[2026-06-16 13:30:30] >> GET /access-management/v1/rcc-user-feature-access?featureNames=CanUseInExperienceChat&userId=14463315&nameSpace=user_comm_safety/UserBehavior&extraParameters=W3sibmFtZSI6InJlYWRGcmVzaERhdGEiLCJ0eXBlIjoiQm9vbGVhbiIsInZhbHVlIjpmYWxzZX1d
[2026-06-16 13:30:30] >> GET /universe-chat-api/v1/universe-chat-settings?userId=14463315&universeId=9000000000048&rccInstanceId=
[2026-06-16 13:30:30] >> POST /user-blocking-api/v1/users/rcc/get-user-blocking-data
[2026-06-16 13:30:30] << /access-management/v1/rcc-user-feature-access -> {"featureAccess":[],"data":[]}
[2026-06-16 13:30:30] >> POST /access-management/v2/rcc-user-feature-evaluation
[2026-06-16 13:30:30] 404 GET /universe-chat-api/v1/universe-chat-settings
[2026-06-16 13:30:30] 404 POST /user-blocking-api/v1/users/rcc/get-user-blocking-data
[2026-06-16 13:30:30] 404 POST /access-management/v2/rcc-user-feature-evaluation
[2026-06-16 13:30:30] << /universe-chat-api/v1/universe-chat-settings -> {"errors":[{"code":"NotFound","message":"Not found"}]}
[2026-06-16 13:30:30] << /user-blocking-api/v1/users/rcc/get-user-blocking-data -> {"errors":[{"code":"NotFound","message":"Not found"}]}
[2026-06-16 13:30:30] << /access-management/v2/rcc-user-feature-evaluation -> {"errors":[{"code":"NotFound","message":"Not found"}]}
[2026-06-16 13:30:30] >> GET /guac-v2/v1/bundles/app-policy
[2026-06-16 13:30:30] >> GET /asset/?id=594478911&xcachesplit=9000000000048
[2026-06-16 13:30:30] >> GET /asset/?id=185041503&xcachesplit=9000000000048
[2026-06-16 13:30:30] >> GET /asset/?id=534995636&xcachesplit=9000000000048
[2026-06-16 13:30:30] << /guac-v2/v1/bundles/app-policy -> {"version":"1","bundle":{"name":"studio","configurations":{"Feature_DisableOldCookieManagementSticky":"0;100","Feature_UnifiedCookieProtocolEnabled":"0;100","Feature_UnifiedCookieProtocolEnabledSticky":"0;100","Feature_AccessCookiesWithUrlEnabledSticky":"0;100"},"experiments":{}}}
[2026-06-16 13:30:30] >> GET /asset/?id=424126550&xcachesplit=9000000000048
[2026-06-16 13:30:30] >> GET /v2/avatar/avatar-fetch/?placeId=9000000000049&userId=14463315
[2026-06-16 13:30:30] FetchUrl: HTTP 403 for https://assetdelivery.roblox.com/v1/asset/?id=594478911
[2026-06-16 13:30:30] Asset 594478911: fetch failed, falling back to redirect
[2026-06-16 13:30:30] >> GET /player-policy-service/v1/player-policy-client
[2026-06-16 13:30:30] 404 GET /player-policy-service/v1/player-policy-client
[2026-06-16 13:30:30] << /player-policy-service/v1/player-policy-client -> {"errors":[{"code":"NotFound","message":"Not found"}]}
[2026-06-16 13:30:30] FetchUrl: HTTP 403 for https://assetdelivery.roblox.com/v1/asset/?id=185041503
[2026-06-16 13:30:30] FetchUrl: HTTP 403 for https://assetdelivery.roblox.com/v1/asset/?id=534995636
[2026-06-16 13:30:30] Asset 185041503: fetch failed, falling back to redirect
[2026-06-16 13:30:30] FetchUrl: HTTP 403 for https://assetdelivery.roblox.com/v1/asset/?id=424126550
[2026-06-16 13:30:30] Asset 534995636: fetch failed, falling back to redirect
[2026-06-16 13:30:30] Asset 424126550: fetch failed, falling back to redirect
[2026-06-16 13:30:30] Avatar: batch resolved 0/2 assets
[2026-06-16 13:30:30] Avatar: batch resolved 0/1 assets
[2026-06-16 13:30:31] Avatar: batch resolved 0/1 assets
[2026-06-16 13:30:31] << /v2/avatar/avatar-fetch/ -> {"resolvedAvatarType":"R6","equippedGearVersionIds":[],"backpackGearVersionIds":[],"assetAndAssetTypeIds":[{"assetId":86499666,"assetTypeId":27},{"assetId":86499716,"assetTypeId":29},{"assetId":86499698,"assetTypeId":28},{"assetId":86499753,"assetTypeId":30},{"assetId":86499793,"assetTypeId":31},{"assetId":18658405017,"assetTypeId":46},{"assetId":135892587710035,"assetTypeId":8},{"assetId":10804923951,"assetTypeId":67},{"assetId":132133317685629,"assetTypeId":41},{"assetId":14702520072,"assetTypeId":43},{"assetId":11921498664,"assetTypeId":11},{"assetId":140565896620871,"assetTypeId":12},{"assetId":90772666356782,"assetTypeId":79}],"animationAssetIds":{"run":16744214662,"swim":18538158932,"fall":76868289213402,"climb":122281742555667,"jump":114806832298003,"idle":82009039247070,"walk":124733969277188},"bodyColor3s":{"headColor3":"ffcc99","torsoColor3":"ffcc99","rightArmColor3":"ffcc99","leftArmColor3":"ffcc99","rightLegColor3":"ffcc99","leftLegColor3":"ffcc99"},"scales":{"heigh
[2026-06-16 13:30:31] >> GET /asset/?id=288621494
[2026-06-16 13:30:31] FetchUrl: HTTP 403 for https://assetdelivery.roblox.com/v1/asset/?id=288621494
[2026-06-16 13:30:31] Asset 288621494: fetch failed, falling back to redirect
[2026-06-16 13:30:31] >> GET /asset/?id=288621623
[2026-06-16 13:30:31] >> POST /v1/batch
[2026-06-16 13:30:31] << /v1/batch -> {"data":[]}
[2026-06-16 13:30:31] FetchUrl: HTTP 403 for https://assetdelivery.roblox.com/v1/asset/?id=288621623
[2026-06-16 13:30:31] Asset 288621623: fetch failed, falling back to redirect
[2026-06-16 13:30:31] >> GET /asset/?id=288621744
[2026-06-16 13:30:31] >> GET /asset/?id=288621878
[2026-06-16 13:30:31] >> GET /asset/?id=191836129
[2026-06-16 13:30:31] >> GET /asset/?id=191836172
[2026-06-16 13:30:31] >> GET /asset/?id=288652352
[2026-06-16 13:30:31] >> GET /asset/?id=191836194
[2026-06-16 13:30:31] >> GET /v1/asset/?id=86499666&serverplaceid=9000000000049&expectedAssetType=Torso
[2026-06-16 13:30:32] FetchUrl: HTTP 403 for https://assetdelivery.roblox.com/v1/asset/?id=288621744
[2026-06-16 13:30:32] Asset 288621744: fetch failed, falling back to redirect
[2026-06-16 13:30:32] FetchUrl: HTTP 403 for https://assetdelivery.roblox.com/v1/asset/?id=288621878
[2026-06-16 13:30:32] Asset 288621878: fetch failed, falling back to redirect
[2026-06-16 13:30:32] Asset 191836172 fetched OK (124379 bytes)
[2026-06-16 13:30:32] Asset 191836129 fetched OK (125452 bytes)
[2026-06-16 13:30:32] >> GET /v1/asset/?id=11921498664&serverplaceid=9000000000049&expectedAssetType=Shirt
[2026-06-16 13:30:32] >> GET /v1/asset/?id=656180015&serverplaceid=0&scriptinsert=1&clientinsert=0
[2026-06-16 13:30:32] >> GET /v1/asset/?id=86499698&serverplaceid=9000000000049&expectedAssetType=RightArm
[2026-06-16 13:30:32] FetchUrl: HTTP 403 for https://assetdelivery.roblox.com/v1/asset/?id=288652352
[2026-06-16 13:30:32] Asset 288652352: fetch failed, falling back to redirect
[2026-06-16 13:30:32] Asset 86499666 fetched OK (16727 bytes)
[2026-06-16 13:30:32] FetchUrl: HTTP 403 for https://assetdelivery.roblox.com/v1/asset/?id=656180015
[2026-06-16 13:30:32] Asset 656180015: fetch failed, falling back to redirect
[2026-06-16 13:30:32] Asset 191836194 fetched OK (127028 bytes)
[2026-06-16 13:30:32] >> GET /asset/?id=6876035202&serverplaceid=0
[2026-06-16 13:30:32] >> GET /asset/?id=6876036095&serverplaceid=0
[2026-06-16 13:30:32] Asset 11921498664 fetched OK (548 bytes)
[2026-06-16 13:30:32] Asset 86499698 fetched OK (12932 bytes)
[2026-06-16 13:30:32] >> GET /asset/?id=6876033942&serverplaceid=0
[2026-06-16 13:30:32] FetchUrl: HTTP 403 for https://assetdelivery.roblox.com/v1/asset/?id=6876035202
[2026-06-16 13:30:32] FetchUrl: HTTP 403 for https://assetdelivery.roblox.com/v1/asset/?id=6876036095
[2026-06-16 13:30:32] Asset 6876035202: fetch failed, falling back to redirect
[2026-06-16 13:30:32] >> GET /v1/asset/?id=140565896620871&serverplaceid=9000000000049&expectedAssetType=Pants
[2026-06-16 13:30:32] Asset 6876036095: fetch failed, falling back to redirect
[2026-06-16 13:30:32] >> GET /v1/asset/?id=86499716&serverplaceid=9000000000049&expectedAssetType=LeftArm
[2026-06-16 13:30:32] >> GET /v1/asset/?id=90772666356782&serverplaceid=9000000000049&expectedAssetType=Head
[2026-06-16 13:30:32] >> GET /v1/asset/?id=86499793&serverplaceid=9000000000049&expectedAssetType=RightLeg
[2026-06-16 13:30:32] >> GET /v1/asset/?id=18658405017&serverplaceid=9000000000049&expectedAssetType=BackAccessory
[2026-06-16 13:30:32] Asset 86499716 fetched OK (6724 bytes)
[2026-06-16 13:30:32] FetchUrl: HTTP 403 for https://assetdelivery.roblox.com/v1/asset/?id=6876033942
[2026-06-16 13:30:32] Asset 140565896620871 fetched OK (540 bytes)
[2026-06-16 13:30:32] Asset 6876033942: fetch failed, falling back to redirect
[2026-06-16 13:30:32] Asset 90772666356782 fetched OK (1211 bytes)
[2026-06-16 13:30:32] Asset 86499793 fetched OK (12356 bytes)
[2026-06-16 13:30:32] Asset 18658405017 fetched OK (5488 bytes)
[2026-06-16 13:30:32] >> GET /v1/asset/?id=132133317685629&serverplaceid=9000000000049&expectedAssetType=HairAccessory
[2026-06-16 13:30:32] >> GET /v1/asset/?id=124733969277188&serverplaceid=9000000000049&expectedAssetType=WalkAnimation
[2026-06-16 13:30:32] >> GET /v1/asset/?id=114806832298003&serverplaceid=9000000000049&expectedAssetType=JumpAnimation
[2026-06-16 13:30:32] Asset 124733969277188 fetched OK (1184 bytes)
[2026-06-16 13:30:32] >> GET /v1/asset/?id=76868289213402&serverplaceid=9000000000049&expectedAssetType=FallAnimation
[2026-06-16 13:30:32] >> GET /v1/asset/?id=18538158932&serverplaceid=9000000000049&expectedAssetType=SwimAnimation
[2026-06-16 13:30:32] Asset 132133317685629 fetched OK (5524 bytes)
[2026-06-16 13:30:32] >> GET /v1/asset/?id=16744214662&serverplaceid=9000000000049&expectedAssetType=RunAnimation
[2026-06-16 13:30:32] >> GET /v1/asset/?id=86499753&serverplaceid=9000000000049&expectedAssetType=LeftLeg
[2026-06-16 13:30:32] >> GET /v1/asset/?id=14702520072&serverplaceid=9000000000049&expectedAssetType=NeckAccessory
[2026-06-16 13:30:32] Asset 114806832298003 fetched OK (1185 bytes)
[2026-06-16 13:30:33] Asset 76868289213402 fetched OK (1184 bytes)
[2026-06-16 13:30:33] Asset 18538158932 fetched OK (1265 bytes)
[2026-06-16 13:30:33] Asset 14702520072 fetched OK (6300 bytes)
[2026-06-16 13:30:33] >> GET /v1/asset/?id=10804923951&serverplaceid=9000000000049&expectedAssetType=JacketAccessory
[2026-06-16 13:30:33] Asset 16744214662 fetched OK (1198 bytes)
[2026-06-16 13:30:33] Asset 86499753 fetched OK (12369 bytes)
[2026-06-16 13:30:33] >> GET /v1/asset/?id=135892587710035&serverplaceid=9000000000049&expectedAssetType=Hat
[2026-06-16 13:30:33] >> GET /v1/asset/?id=656180015&serverplaceid=0&scriptinsert=1&clientinsert=0
[2026-06-16 13:30:33] Asset 10804923951 fetched OK (5490 bytes)
[2026-06-16 13:30:33] >> GET /v1/asset/?id=122281742555667&serverplaceid=9000000000049&expectedAssetType=ClimbAnimation
[2026-06-16 13:30:33] >> GET /v1/asset/?id=82009039247070&serverplaceid=9000000000049&expectedAssetType=IdleAnimation
[2026-06-16 13:30:33] Asset 135892587710035 fetched OK (5518 bytes)
[2026-06-16 13:30:33] >> GET /asset/?id=191836210
[2026-06-16 13:30:33] >> GET /asset/?id=191836102
[2026-06-16 13:30:33] >> GET /asset/?id=288686590
[2026-06-16 13:30:33] FetchUrl: HTTP 403 for https://assetdelivery.roblox.com/v1/asset/?id=656180015
[2026-06-16 13:30:33] Asset 656180015: fetch failed, falling back to redirect
[2026-06-16 13:30:33] Asset 122281742555667 fetched OK (1187 bytes)
[2026-06-16 13:30:33] Asset 82009039247070 fetched OK (1703 bytes)
[2026-06-16 13:30:33] >> GET /asset/?id=313110711
[2026-06-16 13:30:33] Asset 191836210 fetched OK (113218 bytes)
[2026-06-16 13:30:33] FetchUrl: HTTP 403 for https://assetdelivery.roblox.com/v1/asset/?id=288686590
[2026-06-16 13:30:33] Asset 288686590: fetch failed, falling back to redirect
[2026-06-16 13:30:33] Asset 191836102 fetched OK (105090 bytes)
[2026-06-16 13:30:33] >> GET /asset/?id=270154756
[2026-06-16 13:30:33] >> GET /asset/?id=313609630
[2026-06-16 13:30:33] >> GET /asset/?id=6299613262
[2026-06-16 13:30:33] >> GET /asset/?id=7214222605
[2026-06-16 13:30:33] FetchUrl: HTTP 403 for https://assetdelivery.roblox.com/v1/asset/?id=270154756
[2026-06-16 13:30:33] Asset 313110711 fetched OK (213345 bytes)
[2026-06-16 13:30:33] Asset 270154756: fetch failed, falling back to redirect
[2026-06-16 13:30:33] >> GET /asset/?id=5011545323
[2026-06-16 13:30:33] >> GET /v2/persistence/9000000000048/datastores/objects/object?datastore=SaveData&objectKey=global%2F14463315
[2026-06-16 13:30:33] >> POST /v1.0/SequenceStatistics/BatchAddToSequencesV2?apiKey=76E5A40C-3AE1-4028-9F10-7C62520BD94F
[2026-06-16 13:30:33] << /v1.0/SequenceStatistics/BatchAddToSequencesV2 -> {}
[2026-06-16 13:30:33] Asset 6299613262 fetched OK (5249 bytes)
[2026-06-16 13:30:33] Asset 313609630 fetched OK (215680 bytes)
[2026-06-16 13:30:33] Asset 7214222605 fetched OK (73219 bytes)
[2026-06-16 13:30:33] >> POST /v1.1/Counters/BatchIncrement?apiKey=76E5A40C-3AE1-4028-9F10-7C62520BD94F
[2026-06-16 13:30:33] >> GET /player-policy-service/v1/player-policy-client
[2026-06-16 13:30:33] << /v1.1/Counters/BatchIncrement -> {}
[2026-06-16 13:30:33] 404 GET /player-policy-service/v1/player-policy-client
[2026-06-16 13:30:33] << /player-policy-service/v1/player-policy-client -> {"errors":[{"code":"NotFound","message":"Not found"}]}
[2026-06-16 13:30:33] Asset 5011545323 fetched OK (32748 bytes)
[2026-06-16 13:30:33] >> POST /game-passes/v1/game-passes:batchGetOwnership
[2026-06-16 13:30:33] batchGetOwnership userId=14463315 ids=1 body=[{"ownershipIdentifiers":[{"userId":14463315,"gamePassId":17791598}]}]
[2026-06-16 13:30:33] << /game-passes/v1/game-passes:batchGetOwnership -> {"data":[{"gamePassId":17791598,"userId":14463315,"owned":true,"isOwned":true}],"errors":[],"gamePasses":[{"path":"game-passes/17791598","gamePassId":17791598,"userId":14463315,"owned":true,"isOwned":true}]}
[2026-06-16 13:30:33] >> POST /v1.1/Counters/BatchIncrement?apiKey=76E5A40C-3AE1-4028-9F10-7C62520BD94F
[2026-06-16 13:30:33] << /v1.1/Counters/BatchIncrement -> {}
[2026-06-16 13:30:33] >> POST /v1.0/SequenceStatistics/BatchAddToSequencesV2?apiKey=76E5A40C-3AE1-4028-9F10-7C62520BD94F
[2026-06-16 13:30:33] << /v1.0/SequenceStatistics/BatchAddToSequencesV2 -> {}
[2026-06-16 13:30:33] >> POST /studio/pbe
[2026-06-16 13:30:33] >> POST /timespent/pbe
[2026-06-16 13:30:33] << /studio/pbe -> {}
[2026-06-16 13:30:33] << /timespent/pbe -> {}
[2026-06-16 13:30:34] >> POST /client/pbe
[2026-06-16 13:30:34] << /client/pbe -> {}
[2026-06-16 13:30:34] >> POST /experience-signals-ingest/public/v1/events/single
[2026-06-16 13:30:34] << /experience-signals-ingest/public/v1/events/single -> {}
[2026-06-16 13:30:34] >> GET /v1/asset/?id=656180015&serverplaceid=0&scriptinsert=1&clientinsert=0
[2026-06-16 13:30:34] >> POST /game-passes/v1/game-passes:batchGetOwnership
[2026-06-16 13:30:34] batchGetOwnership userId=14463315 ids=1 body=[{"ownershipIdentifiers":[{"userId":14463315,"gamePassId":17791149}]}]
[2026-06-16 13:30:34] << /game-passes/v1/game-passes:batchGetOwnership -> {"data":[{"gamePassId":17791149,"userId":14463315,"owned":true,"isOwned":true}],"errors":[],"gamePasses":[{"path":"game-passes/17791149","gamePassId":17791149,"userId":14463315,"owned":true,"isOwned":true}]}
[2026-06-16 13:30:34] FetchUrl: HTTP 403 for https://assetdelivery.roblox.com/v1/asset/?id=656180015
[2026-06-16 13:30:34] Asset 656180015: fetch failed, falling back to redirect
[2026-06-16 13:30:34] >> POST /game-passes/v1/game-passes:batchGetOwnership
[2026-06-16 13:30:34] batchGetOwnership userId=14463315 ids=1 body=[{"ownershipIdentifiers":[{"userId":14463315,"gamePassId":15018932}]}]
[2026-06-16 13:30:34] << /game-passes/v1/game-passes:batchGetOwnership -> {"data":[{"gamePassId":15018932,"userId":14463315,"owned":true,"isOwned":true}],"errors":[],"gamePasses":[{"path":"game-passes/15018932","gamePassId":15018932,"userId":14463315,"owned":true,"isOwned":true}]}
[2026-06-16 13:30:34] >> GET /asset/?id=594478911&contentRepresentationPriorityList=W3siZm9ybWF0Ijoia3R4MiIsIm1ham9yVmVyc2lvbiI6IjdyZG8iLCJmaWRlbGl0eSI6Ii8vLy8vQUU9In0seyJmb3JtYXQiOiJrdHgyIiwibWFqb3JWZXJzaW9uIjoiNnJkbyIsImZpZGVsaXR5IjoiUUFBPSJ9XQ%3D%3D
[2026-06-16 13:30:34] FetchUrl: HTTP 403 for https://assetdelivery.roblox.com/v1/asset/?id=594478911
[2026-06-16 13:30:34] Asset 594478911: fetch failed, falling back to redirect
[2026-06-16 13:30:35] >> GET /player-policy-service/v1/player-policy-client
[2026-06-16 13:30:35] >> POST /game-passes/v1/game-passes:batchGetOwnership
[2026-06-16 13:30:35] 404 GET /player-policy-service/v1/player-policy-client
[2026-06-16 13:30:35] batchGetOwnership userId=14463315 ids=1 body=[{"ownershipIdentifiers":[{"userId":14463315,"gamePassId":17456705}]}]
[2026-06-16 13:30:35] << /player-policy-service/v1/player-policy-client -> {"errors":[{"code":"NotFound","message":"Not found"}]}
[2026-06-16 13:30:35] << /game-passes/v1/game-passes:batchGetOwnership -> {"data":[{"gamePassId":17456705,"userId":14463315,"owned":true,"isOwned":true}],"errors":[],"gamePasses":[{"path":"game-passes/17456705","gamePassId":17456705,"userId":14463315,"owned":true,"isOwned":true}]}
[2026-06-16 13:30:35] >> GET /v1/asset/?id=656180015&serverplaceid=0&scriptinsert=1&clientinsert=0
[2026-06-16 13:30:35] FetchUrl: HTTP 403 for https://assetdelivery.roblox.com/v1/asset/?id=656180015
[2026-06-16 13:30:35] Asset 656180015: fetch failed, falling back to redirect
[2026-06-16 13:30:35] >> GET /asset/?id=594478911&xcachesplit=9000000000048
[2026-06-16 13:30:35] FetchUrl: HTTP 403 for https://assetdelivery.roblox.com/v1/asset/?id=594478911
[2026-06-16 13:30:35] >> POST /game-passes/v1/game-passes:batchGetOwnership
[2026-06-16 13:30:35] Asset 594478911: fetch failed, falling back to redirect
[2026-06-16 13:30:35] batchGetOwnership userId=14463315 ids=1 body=[{"ownershipIdentifiers":[{"userId":14463315,"gamePassId":17791697}]}]
[2026-06-16 13:30:35] << /game-passes/v1/game-passes:batchGetOwnership -> {"data":[{"gamePassId":17791697,"userId":14463315,"owned":true,"isOwned":true}],"errors":[],"gamePasses":[{"path":"game-passes/17791697","gamePassId":17791697,"userId":14463315,"owned":true,"isOwned":true}]}
[2026-06-16 13:30:35] >> POST /game-passes/v1/game-passes:batchGetOwnership
[2026-06-16 13:30:35] batchGetOwnership userId=14463315 ids=1 body=[{"ownershipIdentifiers":[{"userId":14463315,"gamePassId":17791662}]}]
[2026-06-16 13:30:35] << /game-passes/v1/game-passes:batchGetOwnership -> {"data":[{"gamePassId":17791662,"userId":14463315,"owned":true,"isOwned":true}],"errors":[],"gamePasses":[{"path":"game-passes/17791662","gamePassId":17791662,"userId":14463315,"owned":true,"isOwned":true}]}
[2026-06-16 13:30:36] >> GET /v1/asset/?id=656180015&serverplaceid=0&scriptinsert=1&clientinsert=0
[2026-06-16 13:30:36] FetchUrl: HTTP 403 for https://assetdelivery.roblox.com/v1/asset/?id=656180015
[2026-06-16 13:30:36] Asset 656180015: fetch failed, falling back to redirect
[2026-06-16 13:30:36] >> POST /game-passes/v1/game-passes:batchGetOwnership
[2026-06-16 13:30:36] batchGetOwnership userId=14463315 ids=1 body=[{"ownershipIdentifiers":[{"userId":14463315,"gamePassId":17791324}]}]
[2026-06-16 13:30:36] << /game-passes/v1/game-passes:batchGetOwnership -> {"data":[{"gamePassId":17791324,"userId":14463315,"owned":true,"isOwned":true}],"errors":[],"gamePasses":[{"path":"game-passes/17791324","gamePassId":17791324,"userId":14463315,"owned":true,"isOwned":true}]}
[2026-06-16 13:30:36] >> POST /user-heartbeats-api/pulse
[2026-06-16 13:30:36] << /user-heartbeats-api/pulse -> {"accounts": [{"username": "HearMeRoar","robloxCookie": "","pulseInterval": 30000,"enableLogging": true}],"globalConfig": {"retryAttempts": 3,"retryDelay": 5000}}
[2026-06-16 13:30:36] >> POST /game-passes/v1/game-passes:batchGetOwnership
[2026-06-16 13:30:36] batchGetOwnership userId=14463315 ids=1 body=[{"ownershipIdentifiers":[{"userId":14463315,"gamePassId":17791636}]}]
[2026-06-16 13:30:36] << /game-passes/v1/game-passes:batchGetOwnership -> {"data":[{"gamePassId":17791636,"userId":14463315,"owned":true,"isOwned":true}],"errors":[],"gamePasses":[{"path":"game-passes/17791636","gamePassId":17791636,"userId":14463315,"owned":true,"isOwned":true}]}
[2026-06-16 13:30:37] >> GET /v1/asset/?id=656180015&serverplaceid=0&scriptinsert=1&clientinsert=0
[2026-06-16 13:30:37] FetchUrl: HTTP 403 for https://assetdelivery.roblox.com/v1/asset/?id=656180015
[2026-06-16 13:30:37] Asset 656180015: fetch failed, falling back to redirect
[2026-06-16 13:30:37] >> GET /asset/?id=1753618137
[2026-06-16 13:30:37] Asset 1753618137 fetched OK (52990 bytes)
[2026-06-16 13:30:37] >> GET /asset/?id=235605833
[2026-06-16 13:30:37] Asset 235605833 fetched OK (257924 bytes)
[2026-06-16 13:30:38] >> GET /v1/asset/?id=656180015&serverplaceid=0&scriptinsert=1&clientinsert=0
[2026-06-16 13:30:38] FetchUrl: HTTP 403 for https://assetdelivery.roblox.com/v1/asset/?id=656180015
[2026-06-16 13:30:38] Asset 656180015: fetch failed, falling back to redirect
[2026-06-16 13:30:38] >> GET /player-policy-service/v1/player-policy-client
[2026-06-16 13:30:38] 404 GET /player-policy-service/v1/player-policy-client
[2026-06-16 13:30:38] << /player-policy-service/v1/player-policy-client -> {"errors":[{"code":"NotFound","message":"Not found"}]}
[2026-06-16 13:30:38] >> GET /asset/?id=1753552436
[2026-06-16 13:30:38] >> POST /product-experimentation-platform/v1/projects/1/values
[2026-06-16 13:30:38] << /product-experimentation-platform/v1/projects/1/values -> {"assignments":[]}
[2026-06-16 13:30:38] Asset 1753552436 fetched OK (41193 bytes)
[2026-06-16 13:30:38] >> GET /v1/settings
[2026-06-16 13:30:38] >> GET /v1/settings
[2026-06-16 13:30:38] >> GET /v2/users/14463315/groups/roles
[2026-06-16 13:30:38] << /v1/settings -> {"isVoiceEnabled":true,"isUserOptIn":true,"isUserEligible":true,"isBanned":false,"banReason":0,"bannedUntil":null,"canVerifyAgeForVoice":true,"isVerifiedForVoice":true,"denialReason":0,"isOptInDisabled":false,"hasEverOpted":true,"isAvatarVideoEnabled":true,"isAvatarVideoOptIn":true,"isAvatarVideoOptInDisabled":false,"isAvatarVideoEligible":true,"hasEverOptedAvatarVideo":true,"userHasAvatarCameraAlwaysAvailable":true,"canVerifyPhoneForVoice":true,"seamlessVoiceStatus":1,"allowVoiceDataUsage":true,"seamlessVoiceVariant":""}
[2026-06-16 13:30:38] << /v1/settings -> {"isVoiceEnabled":true,"isUserOptIn":true,"isUserEligible":true,"isBanned":false,"banReason":0,"bannedUntil":null,"canVerifyAgeForVoice":true,"isVerifiedForVoice":true,"denialReason":0,"isOptInDisabled":false,"hasEverOpted":true,"isAvatarVideoEnabled":true,"isAvatarVideoOptIn":true,"isAvatarVideoOptInDisabled":false,"isAvatarVideoEligible":true,"hasEverOptedAvatarVideo":true,"userHasAvatarCameraAlwaysAvailable":true,"canVerifyPhoneForVoice":true,"seamlessVoiceStatus":1,"allowVoiceDataUsage":true,"seamlessVoiceVariant":""}
[2026-06-16 13:30:38] << /v2/users/14463315/groups/roles -> {"data":[{"group":{"id":13538101,"name":"GC' Sus Games","memberCount":11,"hasVerifiedBadge":false},"role":{"id":77381526,"name":"Member","rank":1}},{"group":{"id":391929292,"name":"FilteringEnabled=false","memberCount":6,"hasVerifiedBadge":false},"role":{"id":700687000,"name":"Owner","rank":255}},{"group":{"id":4347428,"name":"The State of Mind","memberCount":416796,"hasVerifiedBadge":false},"role":{"id":29322544,"name":"⭐️ Important Member","rank":1}},{"group":{"id":33142130,"name":"Legence Clothes","memberCount":6,"hasVerifiedBadge":false},"role":{"id":101719466,"name":"🎀📝 Love📝","rank":1}},{"group":{"id":13273531,"name":"_RARE NAMES_","memberCount":11049,"hasVerifiedBadge":false},"role":{"id":76113545,"name":"Incredible names","rank":45}},{"group":{"id":5995136,"name":"- Old Roblox Accounts -","memberCount":62907,"hasVerifiedBadge":false},"role":{"id":93679233,"name":"2006 / 2007","rank":170}},{"group":{"id":32818995,"name":"(Project Aincrad SAO)","member
[2026-06-16 13:30:39] >> GET /v1/asset/?id=656180015&serverplaceid=0&scriptinsert=1&clientinsert=0
[2026-06-16 13:30:40] FetchUrl: HTTP 403 for https://assetdelivery.roblox.com/v1/asset/?id=656180015
[2026-06-16 13:30:40] Asset 656180015: fetch failed, falling back to redirect
[2026-06-16 13:30:40] >> GET /v1/asset/?id=656180015&serverplaceid=0&scriptinsert=1&clientinsert=0
[2026-06-16 13:30:41] FetchUrl: HTTP 403 for https://assetdelivery.roblox.com/v1/asset/?id=656180015
[2026-06-16 13:30:41] Asset 656180015: fetch failed, falling back to redirect
[2026-06-16 13:30:41] >> GET /v1/asset/?id=656180015&serverplaceid=0&scriptinsert=1&clientinsert=0
[2026-06-16 13:30:41] FetchUrl: HTTP 403 for https://assetdelivery.roblox.com/v1/asset/?id=656180015
[2026-06-16 13:30:41] Asset 656180015: fetch failed, falling back to redirect
[2026-06-16 13:30:42] >> GET /asset/?id=3016970283
[2026-06-16 13:30:42] Asset 3016970283 fetched OK (9750 bytes)
[2026-06-16 13:30:42] >> GET /v1/asset/?id=656180015&serverplaceid=0&scriptinsert=1&clientinsert=0
[2026-06-16 13:30:42] FetchUrl: HTTP 403 for https://assetdelivery.roblox.com/v1/asset/?id=656180015
[2026-06-16 13:30:42] Asset 656180015: fetch failed, falling back to redirect
[2026-06-16 13:30:43] >> GET /asset/?id=1753551721
[2026-06-16 13:30:43] Asset 1753551721 fetched OK (57372 bytes)
[2026-06-16 13:30:43] >> GET /v1/asset/?id=656180015&serverplaceid=0&scriptinsert=1&clientinsert=0
[2026-06-16 13:30:43] FetchUrl: HTTP 403 for https://assetdelivery.roblox.com/v1/asset/?id=656180015
[2026-06-16 13:30:43] Asset 656180015: fetch failed, falling back to redirect
[2026-06-16 13:30:44] >> GET /v1/asset/?id=656180015&serverplaceid=0&scriptinsert=1&clientinsert=0
[2026-06-16 13:30:44] FetchUrl: HTTP 403 for https://assetdelivery.roblox.com/v1/asset/?id=656180015
[2026-06-16 13:30:44] Asset 656180015: fetch failed, falling back to redirect
[2026-06-16 13:30:45] >> GET /v1/asset/?id=656180015&serverplaceid=0&scriptinsert=1&clientinsert=0
[2026-06-16 13:30:45] FetchUrl: HTTP 403 for https://assetdelivery.roblox.com/v1/asset/?id=656180015
[2026-06-16 13:30:45] Asset 656180015: fetch failed, falling back to redirect
[2026-06-16 13:30:45] >> GET /asset/?id=5478522832
[2026-06-16 13:30:46] Asset 5478522832 fetched OK (885016 bytes)
[2026-06-16 13:30:46] >> GET /asset/?id=5478524690
[2026-06-16 13:30:46] Asset 5478524690 fetched OK (873790 bytes)
[2026-06-16 13:30:46] >> GET /asset/?id=5478523727
[2026-06-16 13:30:46] Asset 5478523727 fetched OK (949592 bytes)
[2026-06-16 13:30:47] >> GET /asset/?id=5478525432
[2026-06-16 13:30:47] Asset 5478525432 fetched OK (833887 bytes)
[2026-06-16 13:30:47] >> GET /v1/asset/?id=656180015&serverplaceid=0&scriptinsert=1&clientinsert=0
[2026-06-16 13:30:47] FetchUrl: HTTP 403 for https://assetdelivery.roblox.com/v1/asset/?id=656180015
[2026-06-16 13:30:47] Asset 656180015: fetch failed, falling back to redirect
[2026-06-16 13:30:47] >> GET /asset/?id=6396951583
[2026-06-16 13:30:48] Asset 6396951583 fetched OK (210488 bytes)
[2026-06-16 13:30:48] >> GET /v1/asset/?id=656180015&serverplaceid=0&scriptinsert=1&clientinsert=0
[2026-06-16 13:30:48] FetchUrl: HTTP 403 for https://assetdelivery.roblox.com/v1/asset/?id=656180015
[2026-06-16 13:30:48] Asset 656180015: fetch failed, falling back to redirect
[2026-06-16 13:30:49] >> GET /v1/asset/?id=656180015&serverplaceid=0&scriptinsert=1&clientinsert=0
[2026-06-16 13:30:49] FetchUrl: HTTP 403 for https://assetdelivery.roblox.com/v1/asset/?id=656180015
[2026-06-16 13:30:49] Asset 656180015: fetch failed, falling back to redirect
[2026-06-16 13:30:50] >> GET /v1/asset/?id=656180015&serverplaceid=0&scriptinsert=1&clientinsert=0
[2026-06-16 13:30:50] FetchUrl: HTTP 403 for https://assetdelivery.roblox.com/v1/asset/?id=656180015
[2026-06-16 13:30:50] Asset 656180015: fetch failed, falling back to redirect
[2026-06-16 13:30:50] >> GET /userhub/?id=
[2026-06-16 13:30:50] 404 GET /userhub/
[2026-06-16 13:30:50] << /userhub/ -> {"errors":[{"code":"NotFound","message":"Not found"}]}
[2026-06-16 13:30:51] >> GET /v1/asset/?id=656180015&serverplaceid=0&scriptinsert=1&clientinsert=0
[2026-06-16 13:30:51] FetchUrl: HTTP 403 for https://assetdelivery.roblox.com/v1/asset/?id=656180015
[2026-06-16 13:30:51] Asset 656180015: fetch failed, falling back to redirect
[2026-06-16 13:30:52] >> GET /v1/asset/?id=656180015&serverplaceid=0&scriptinsert=1&clientinsert=0
[2026-06-16 13:30:52] FetchUrl: HTTP 403 for https://assetdelivery.roblox.com/v1/asset/?id=656180015
[2026-06-16 13:30:52] Asset 656180015: fetch failed, falling back to redirect
[2026-06-16 13:30:52] >> GET /asset/?id=6396952441
[2026-06-16 13:30:52] Asset 6396952441 fetched OK (124142 bytes)
[2026-06-16 13:30:53] >> GET /v1/asset/?id=656180015&serverplaceid=0&scriptinsert=1&clientinsert=0
[2026-06-16 13:30:53] FetchUrl: HTTP 403 for https://assetdelivery.roblox.com/v1/asset/?id=656180015
[2026-06-16 13:30:53] Asset 656180015: fetch failed, falling back to redirect
[2026-06-16 13:30:54] >> GET /v1/asset/?id=656180015&serverplaceid=0&scriptinsert=1&clientinsert=0
[2026-06-16 13:30:54] FetchUrl: HTTP 403 for https://assetdelivery.roblox.com/v1/asset/?id=656180015
[2026-06-16 13:30:54] Asset 656180015: fetch failed, falling back to redirect
[2026-06-16 13:30:55] >> GET /v1/asset/?id=656180015&serverplaceid=0&scriptinsert=1&clientinsert=0
[2026-06-16 13:30:55] FetchUrl: HTTP 403 for https://assetdelivery.roblox.com/v1/asset/?id=656180015
[2026-06-16 13:30:55] Asset 656180015: fetch failed, falling back to redirect
[2026-06-16 13:30:56] >> GET /v1/asset/?id=656180015&serverplaceid=0&scriptinsert=1&clientinsert=0
[2026-06-16 13:30:56] FetchUrl: HTTP 403 for https://assetdelivery.roblox.com/v1/asset/?id=656180015
[2026-06-16 13:30:56] Asset 656180015: fetch failed, falling back to redirect
[2026-06-16 13:30:56] >> GET /v1/asset/?id=656180015&serverplaceid=0&scriptinsert=1&clientinsert=0
[2026-06-16 13:30:57] FetchUrl: HTTP 403 for https://assetdelivery.roblox.com/v1/asset/?id=656180015
[2026-06-16 13:30:57] Asset 656180015: fetch failed, falling back to redirect
[2026-06-16 13:30:57] >> GET /v1/asset/?id=656180015&serverplaceid=0&scriptinsert=1&clientinsert=0
[2026-06-16 13:30:58] FetchUrl: HTTP 403 for https://assetdelivery.roblox.com/v1/asset/?id=656180015
[2026-06-16 13:30:58] Asset 656180015: fetch failed, falling back to redirect
[2026-06-16 13:30:58] >> GET /v1/asset/?id=656180015&serverplaceid=0&scriptinsert=1&clientinsert=0
[2026-06-16 13:30:59] FetchUrl: HTTP 403 for https://assetdelivery.roblox.com/v1/asset/?id=656180015
[2026-06-16 13:30:59] Asset 656180015: fetch failed, falling back to redirect
[2026-06-16 13:30:59] >> GET /asset/?id=424126550&xcachesplit=9000000000048
[2026-06-16 13:30:59] FetchUrl: HTTP 403 for https://assetdelivery.roblox.com/v1/asset/?id=424126550
[2026-06-16 13:30:59] Asset 424126550: fetch failed, falling back to redirect
[2026-06-16 13:30:59] >> GET /v1/asset/?id=656180015&serverplaceid=0&scriptinsert=1&clientinsert=0
[2026-06-16 13:30:59] FetchUrl: HTTP 403 for https://assetdelivery.roblox.com/v1/asset/?id=656180015
[2026-06-16 13:31:00] Asset 656180015: fetch failed, falling back to redirect
[2026-06-16 13:31:00] >> GET /v1/asset/?id=656180015&serverplaceid=0&scriptinsert=1&clientinsert=0
[2026-06-16 13:31:00] FetchUrl: HTTP 403 for https://assetdelivery.roblox.com/v1/asset/?id=656180015
[2026-06-16 13:31:00] Asset 656180015: fetch failed, falling back to redirect
[2026-06-16 13:31:01] >> GET /asset/?id=608775689
[2026-06-16 13:31:01] >> GET /asset/?id=608776631
[2026-06-16 13:31:01] >> GET /asset/?id=6547048561
[2026-06-16 13:31:01] >> GET /asset/?id=6547057340
[2026-06-16 13:31:01] >> GET /asset/?id=6547129063
[2026-06-16 13:31:01] >> GET /asset/?id=287531241
[2026-06-16 13:31:01] >> GET /asset/?id=282237234
[2026-06-16 13:31:01] FetchUrl: HTTP 403 for https://assetdelivery.roblox.com/v1/asset/?id=608776631
[2026-06-16 13:31:01] Asset 608776631: fetch failed, falling back to redirect
[2026-06-16 13:31:01] FetchUrl: HTTP 403 for https://assetdelivery.roblox.com/v1/asset/?id=608775689
[2026-06-16 13:31:01] Asset 6547057340 fetched OK (14756 bytes)
[2026-06-16 13:31:01] Asset 6547048561 fetched OK (9308 bytes)
[2026-06-16 13:31:01] Asset 6547129063 fetched OK (7560 bytes)
[2026-06-16 13:31:01] Asset 608775689: fetch failed, falling back to redirect
[2026-06-16 13:31:01] Asset 287531241 fetched OK (27168 bytes)
[2026-06-16 13:31:01] >> GET /asset/?id=287784334
[2026-06-16 13:31:01] >> GET /asset/?id=82907945&contentRepresentationPriorityList=W3siZm9ybWF0IjoiZm1kIiwibWFqb3JWZXJzaW9uIjoiMS4wLjEiLCJmaWRlbGl0eSI6IkFMTCJ9XQ%3D%3D
[2026-06-16 13:31:01] >> GET /v1/asset?id=273173792
[2026-06-16 13:31:01] >> GET /v1/asset?id=273181256
[2026-06-16 13:31:01] >> GET /asset/?id=510670078&contentRepresentationPriorityList=W3siZm9ybWF0IjoiZm1kIiwibWFqb3JWZXJzaW9uIjoiMS4wLjEiLCJmaWRlbGl0eSI6IkFMTCJ9XQ%3D%3D
[2026-06-16 13:31:01] >> GET /v1/asset?id=201277727
[2026-06-16 13:31:01] >> GET /v1/asset?id=201277724
[2026-06-16 13:31:01] Asset 282237234 fetched OK (21181 bytes)
[2026-06-16 13:31:01] Asset 287784334 fetched OK (20469 bytes)
[2026-06-16 13:31:01] Asset 82907945 fetched OK (28981 bytes)
[2026-06-16 13:31:01] Asset 273181256 fetched OK (181621 bytes)
[2026-06-16 13:31:01] Asset 273173792 fetched OK (133522 bytes)
[2026-06-16 13:31:01] Asset 510670078 fetched OK (12385 bytes)
[2026-06-16 13:31:01] Asset 201277727 fetched OK (104938 bytes)
[2026-06-16 13:31:01] Asset 201277724 fetched OK (155208 bytes)
[2026-06-16 13:31:01] >> GET /v1/asset?id=316611701
[2026-06-16 13:31:01] >> GET /v1/asset?id=316611703
[2026-06-16 13:31:01] >> GET /v1/asset?id=277890430
[2026-06-16 13:31:01] >> GET /v1/asset?id=298723786
[2026-06-16 13:31:01] >> GET /asset/?id=3037308484&contentRepresentationPriorityList=W3siZm9ybWF0IjoiZm1kIiwibWFqb3JWZXJzaW9uIjoiMS4wLjEiLCJmaWRlbGl0eSI6IkFMTCJ9XQ%3D%3D
[2026-06-16 13:31:01] >> GET /asset/?id=3037289960&contentRepresentationPriorityList=W3siZm9ybWF0IjoiZm1kIiwibWFqb3JWZXJzaW9uIjoiMS4wLjEiLCJmaWRlbGl0eSI6IkFMTCJ9XQ%3D%3D
[2026-06-16 13:31:01] Asset 316611701 fetched OK (16591 bytes)
[2026-06-16 13:31:01] >> GET /v1/asset?id=273216596
[2026-06-16 13:31:01] Asset 316611703 fetched OK (15129 bytes)
[2026-06-16 13:31:01] Asset 277890430 fetched OK (25411 bytes)
[2026-06-16 13:31:01] Asset 3037308484 fetched OK (10585 bytes)
[2026-06-16 13:31:01] Asset 298723786 fetched OK (115520 bytes)
[2026-06-16 13:31:02] Asset 273216596 fetched OK (9926 bytes)
[2026-06-16 13:31:02] Asset 3037289960 fetched OK (81601 bytes)
[2026-06-16 13:31:02] >> GET /v1/asset?id=9430377605
[2026-06-16 13:31:02] >> GET /v1/asset?id=9430377648
[2026-06-16 13:31:02] >> GET /v1/asset?id=9430377825
[2026-06-16 13:31:02] >> GET /v1/asset?id=306939114
[2026-06-16 13:31:02] >> GET /v1/asset?id=306939115
[2026-06-16 13:31:02] >> GET /v1/asset?id=306939118
[2026-06-16 13:31:02] >> GET /v1/asset?id=29811157&contentRepresentationPriorityList=W3siZm9ybWF0IjoiZm1kIiwibWFqb3JWZXJzaW9uIjoiMS4wLjEiLCJmaWRlbGl0eSI6IkFMTCJ9XQ%3D%3D
[2026-06-16 13:31:02] Asset 9430377605 fetched OK (9640 bytes)
[2026-06-16 13:31:02] Asset 9430377648 fetched OK (9337 bytes)
[2026-06-16 13:31:02] Asset 306939114 fetched OK (94164 bytes)
[2026-06-16 13:31:02] Asset 306939115 fetched OK (6569 bytes)
[2026-06-16 13:31:02] Asset 306939118 fetched OK (108818 bytes)
[2026-06-16 13:31:02] Asset 9430377825 fetched OK (4298 bytes)
[2026-06-16 13:31:02] Asset 29811157 fetched OK (194966 bytes)
[2026-06-16 13:31:02] >> GET /asset/?id=1545393085&contentRepresentationPriorityList=W3siZm9ybWF0IjoiZm1kIiwibWFqb3JWZXJzaW9uIjoiMS4wLjEiLCJmaWRlbGl0eSI6IkFMTCJ9XQ%3D%3D
[2026-06-16 13:31:02] >> GET /v1/asset?id=9430377763
[2026-06-16 13:31:02] >> GET /asset/?id=2557003083&contentRepresentationPriorityList=W3siZm9ybWF0IjoiZm1kIiwibWFqb3JWZXJzaW9uIjoiMS4wLjEiLCJmaWRlbGl0eSI6IkFMTCJ9XQ%3D%3D
[2026-06-16 13:31:02] >> GET /v1/asset?id=274641842
[2026-06-16 13:31:02] >> GET /v1/asset?id=9430377703
[2026-06-16 13:31:02] >> GET /v1/asset?id=147149482&contentRepresentationPriorityList=W3siZm9ybWF0Ijoia3R4MiIsIm1ham9yVmVyc2lvbiI6IjdyZG8iLCJmaWRlbGl0eSI6Ii8vLy8vQUU9In0seyJmb3JtYXQiOiJrdHgyIiwibWFqb3JWZXJzaW9uIjoiNnJkbyIsImZpZGVsaXR5IjoiUUFBPSJ9XQ%3D%3D&doNotFallbackToBaselineRepresentation=true
[2026-06-16 13:31:02] >> GET /v1/asset?id=250042786&contentRepresentationPriorityList=W3siZm9ybWF0Ijoia3R4MiIsIm1ham9yVmVyc2lvbiI6IjdyZG8iLCJmaWRlbGl0eSI6Ii8vLy8vQUU9In0seyJmb3JtYXQiOiJrdHgyIiwibWFqb3JWZXJzaW9uIjoiNnJkbyIsImZpZGVsaXR5IjoiUUFBPSJ9XQ%3D%3D&doNotFallbackToBaselineRepresentation=true
[2026-06-16 13:31:02] Asset 1545393085 fetched OK (3025 bytes)
[2026-06-16 13:31:02] Asset 2557003083 fetched OK (8825 bytes)
[2026-06-16 13:31:02] Asset 9430377763 fetched OK (8448 bytes)
[2026-06-16 13:31:02] Asset 274641842 fetched OK (29419 bytes)
[2026-06-16 13:31:02] Asset 147149482 fetched OK (155487 bytes)
[2026-06-16 13:31:02] Asset 250042786 fetched OK (76206 bytes)
[2026-06-16 13:31:02] Asset 9430377703 fetched OK (94407 bytes)
[2026-06-16 13:31:02] >> GET /v1/asset?id=253898882&contentRepresentationPriorityList=W3siZm9ybWF0Ijoia3R4MiIsIm1ham9yVmVyc2lvbiI6IjdyZG8iLCJmaWRlbGl0eSI6Ii8vLy8vQUU9In0seyJmb3JtYXQiOiJrdHgyIiwibWFqb3JWZXJzaW9uIjoiNnJkbyIsImZpZGVsaXR5IjoiUUFBPSJ9XQ%3D%3D&doNotFallbackToBaselineRepresentation=true
[2026-06-16 13:31:02] >> GET /v1/asset?id=244982565&contentRepresentationPriorityList=W3siZm9ybWF0Ijoia3R4MiIsIm1ham9yVmVyc2lvbiI6IjdyZG8iLCJmaWRlbGl0eSI6Ii8vLy8vQUU9In0seyJmb3JtYXQiOiJrdHgyIiwibWFqb3JWZXJzaW9uIjoiNnJkbyIsImZpZGVsaXR5IjoiUUFBPSJ9XQ%3D%3D&doNotFallbackToBaselineRepresentation=true
[2026-06-16 13:31:02] >> GET /v1/asset?id=249337830&contentRepresentationPriorityList=W3siZm9ybWF0Ijoia3R4MiIsIm1ham9yVmVyc2lvbiI6IjdyZG8iLCJmaWRlbGl0eSI6Ii8vLy8vQUU9In0seyJmb3JtYXQiOiJrdHgyIiwibWFqb3JWZXJzaW9uIjoiNnJkbyIsImZpZGVsaXR5IjoiUUFBPSJ9XQ%3D%3D&doNotFallbackToBaselineRepresentation=true
[2026-06-16 13:31:02] >> GET /v1/asset?id=250001751&contentRepresentationPriorityList=W3siZm9ybWF0Ijoia3R4MiIsIm1ham9yVmVyc2lvbiI6IjdyZG8iLCJmaWRlbGl0eSI6Ii8vLy8vQUU9In0seyJmb3JtYXQiOiJrdHgyIiwibWFqb3JWZXJzaW9uIjoiNnJkbyIsImZpZGVsaXR5IjoiUUFBPSJ9XQ%3D%3D&doNotFallbackToBaselineRepresentation=true
[2026-06-16 13:31:02] >> GET /asset/?id=6858317867&contentRepresentationPriorityList=W3siZm9ybWF0Ijoia3R4MiIsIm1ham9yVmVyc2lvbiI6IjdyZG8iLCJmaWRlbGl0eSI6Ii8vLy8vQUU9In0seyJmb3JtYXQiOiJrdHgyIiwibWFqb3JWZXJzaW9uIjoiNnJkbyIsImZpZGVsaXR5IjoiUUFBPSJ9XQ%3D%3D&doNotFallbackToBaselineRepresentation=true
[2026-06-16 13:31:02] >> GET /v1/asset?id=12259192&contentRepresentationPriorityList=W3siZm9ybWF0Ijoia3R4MiIsIm1ham9yVmVyc2lvbiI6IjdyZG8iLCJmaWRlbGl0eSI6Ii8vLy8vQUU9In0seyJmb3JtYXQiOiJrdHgyIiwibWFqb3JWZXJzaW9uIjoiNnJkbyIsImZpZGVsaXR5IjoiUUFBPSJ9XQ%3D%3D&doNotFallbackToBaselineRepresentation=true
[2026-06-16 13:31:02] >> GET /v1/asset?id=1029588&contentRepresentationPriorityList=W3siZm9ybWF0Ijoia3R4MiIsIm1ham9yVmVyc2lvbiI6IjdyZG8iLCJmaWRlbGl0eSI6Ii8vLy8vQUU9In0seyJmb3JtYXQiOiJrdHgyIiwibWFqb3JWZXJzaW9uIjoiNnJkbyIsImZpZGVsaXR5IjoiUUFBPSJ9XQ%3D%3D&doNotFallbackToBaselineRepresentation=true
[2026-06-16 13:31:03] Asset 249337830 fetched OK (105016 bytes)
[2026-06-16 13:31:03] Asset 244982565 fetched OK (125450 bytes)
[2026-06-16 13:31:03] Asset 253898882 fetched OK (513275 bytes)
[2026-06-16 13:31:03] Asset 6858317867 fetched OK (78261 bytes)
[2026-06-16 13:31:03] Asset 250001751 fetched OK (983787 bytes)
[2026-06-16 13:31:03] Asset 12259192 fetched OK (50573 bytes)
[2026-06-16 13:31:03] Asset 1029588 fetched OK (412 bytes)
[2026-06-16 13:31:03] >> GET /v1/asset?id=13694600&contentRepresentationPriorityList=W3siZm9ybWF0Ijoia3R4MiIsIm1ham9yVmVyc2lvbiI6IjdyZG8iLCJmaWRlbGl0eSI6Ii8vLy8vQUU9In0seyJmb3JtYXQiOiJrdHgyIiwibWFqb3JWZXJzaW9uIjoiNnJkbyIsImZpZGVsaXR5IjoiUUFBPSJ9XQ%3D%3D&doNotFallbackToBaselineRepresentation=true
[2026-06-16 13:31:03] >> GET /v1/asset?id=14765363&contentRepresentationPriorityList=W3siZm9ybWF0Ijoia3R4MiIsIm1ham9yVmVyc2lvbiI6IjdyZG8iLCJmaWRlbGl0eSI6Ii8vLy8vQUU9In0seyJmb3JtYXQiOiJrdHgyIiwibWFqb3JWZXJzaW9uIjoiNnJkbyIsImZpZGVsaXR5IjoiUUFBPSJ9XQ%3D%3D&doNotFallbackToBaselineRepresentation=true
[2026-06-16 13:31:03] >> GET /v1/asset?id=10699860&contentRepresentationPriorityList=W3siZm9ybWF0Ijoia3R4MiIsIm1ham9yVmVyc2lvbiI6IjdyZG8iLCJmaWRlbGl0eSI6Ii8vLy8vQUU9In0seyJmb3JtYXQiOiJrdHgyIiwibWFqb3JWZXJzaW9uIjoiNnJkbyIsImZpZGVsaXR5IjoiUUFBPSJ9XQ%3D%3D&doNotFallbackToBaselineRepresentation=true
[2026-06-16 13:31:03] >> GET /v1/asset?id=78194650&contentRepresentationPriorityList=W3siZm9ybWF0Ijoia3R4MiIsIm1ham9yVmVyc2lvbiI6IjdyZG8iLCJmaWRlbGl0eSI6Ii8vLy8vQUU9In0seyJmb3JtYXQiOiJrdHgyIiwibWFqb3JWZXJzaW9uIjoiNnJkbyIsImZpZGVsaXR5IjoiUUFBPSJ9XQ%3D%3D&doNotFallbackToBaselineRepresentation=true
[2026-06-16 13:31:03] >> GET /v1/asset?id=116424495&contentRepresentationPriorityList=W3siZm9ybWF0Ijoia3R4MiIsIm1ham9yVmVyc2lvbiI6IjdyZG8iLCJmaWRlbGl0eSI6Ii8vLy8vQUU9In0seyJmb3JtYXQiOiJrdHgyIiwibWFqb3JWZXJzaW9uIjoiNnJkbyIsImZpZGVsaXR5IjoiUUFBPSJ9XQ%3D%3D&doNotFallbackToBaselineRepresentation=true
[2026-06-16 13:31:03] >> GET /v1/asset?id=29938532&contentRepresentationPriorityList=W3siZm9ybWF0Ijoia3R4MiIsIm1ham9yVmVyc2lvbiI6IjdyZG8iLCJmaWRlbGl0eSI6Ii8vLy8vQUU9In0seyJmb3JtYXQiOiJrdHgyIiwibWFqb3JWZXJzaW9uIjoiNnJkbyIsImZpZGVsaXR5IjoiUUFBPSJ9XQ%3D%3D&doNotFallbackToBaselineRepresentation=true
[2026-06-16 13:31:03] >> GET /v1/asset?id=66305621&contentRepresentationPriorityList=W3siZm9ybWF0Ijoia3R4MiIsIm1ham9yVmVyc2lvbiI6IjdyZG8iLCJmaWRlbGl0eSI6Ii8vLy8vQUU9In0seyJmb3JtYXQiOiJrdHgyIiwibWFqb3JWZXJzaW9uIjoiNnJkbyIsImZpZGVsaXR5IjoiUUFBPSJ9XQ%3D%3D&doNotFallbackToBaselineRepresentation=true
[2026-06-16 13:31:03] Asset 14765363 fetched OK (8811 bytes)
[2026-06-16 13:31:03] Asset 10699860 fetched OK (3023 bytes)
[2026-06-16 13:31:03] Asset 78194650 fetched OK (100560 bytes)
[2026-06-16 13:31:03] Asset 29938532 fetched OK (55820 bytes)
[2026-06-16 13:31:03] Asset 116424495 fetched OK (146477 bytes)
[2026-06-16 13:31:03] Asset 66305621 fetched OK (18157 bytes)
[2026-06-16 13:31:03] Asset 13694600 fetched OK (56368 bytes)
[2026-06-16 13:31:03] >> GET /v1/asset?id=61458051&contentRepresentationPriorityList=W3siZm9ybWF0Ijoia3R4MiIsIm1ham9yVmVyc2lvbiI6IjdyZG8iLCJmaWRlbGl0eSI6Ii8vLy8vQUU9In0seyJmb3JtYXQiOiJrdHgyIiwibWFqb3JWZXJzaW9uIjoiNnJkbyIsImZpZGVsaXR5IjoiUUFBPSJ9XQ%3D%3D&doNotFallbackToBaselineRepresentation=true
[2026-06-16 13:31:03] >> GET /v1/asset?id=181593657&contentRepresentationPriorityList=W3siZm9ybWF0Ijoia3R4MiIsIm1ham9yVmVyc2lvbiI6IjdyZG8iLCJmaWRlbGl0eSI6Ii8vLy8vQUU9In0seyJmb3JtYXQiOiJrdHgyIiwibWFqb3JWZXJzaW9uIjoiNnJkbyIsImZpZGVsaXR5IjoiUUFBPSJ9XQ%3D%3D&doNotFallbackToBaselineRepresentation=true
[2026-06-16 13:31:03] >> GET /v1/asset?id=188004320&contentRepresentationPriorityList=W3siZm9ybWF0Ijoia3R4MiIsIm1ham9yVmVyc2lvbiI6IjdyZG8iLCJmaWRlbGl0eSI6Ii8vLy8vQUU9In0seyJmb3JtYXQiOiJrdHgyIiwibWFqb3JWZXJzaW9uIjoiNnJkbyIsImZpZGVsaXR5IjoiUUFBPSJ9XQ%3D%3D&doNotFallbackToBaselineRepresentation=true
[2026-06-16 13:31:03] >> GET /v1/asset?id=26724037&contentRepresentationPriorityList=W3siZm9ybWF0Ijoia3R4MiIsIm1ham9yVmVyc2lvbiI6IjdyZG8iLCJmaWRlbGl0eSI6Ii8vLy8vQUU9In0seyJmb3JtYXQiOiJrdHgyIiwibWFqb3JWZXJzaW9uIjoiNnJkbyIsImZpZGVsaXR5IjoiUUFBPSJ9XQ%3D%3D&doNotFallbackToBaselineRepresentation=true
[2026-06-16 13:31:03] >> GET /v1/asset?id=164382884&contentRepresentationPriorityList=W3siZm9ybWF0Ijoia3R4MiIsIm1ham9yVmVyc2lvbiI6IjdyZG8iLCJmaWRlbGl0eSI6Ii8vLy8vQUU9In0seyJmb3JtYXQiOiJrdHgyIiwibWFqb3JWZXJzaW9uIjoiNnJkbyIsImZpZGVsaXR5IjoiUUFBPSJ9XQ%3D%3D&doNotFallbackToBaselineRepresentation=true
[2026-06-16 13:31:03] >> GET /v1/asset/?id=656180015&serverplaceid=0&scriptinsert=1&clientinsert=0
[2026-06-16 13:31:03] >> GET /asset/?id=82907977&contentRepresentationPriorityList=W3siZm9ybWF0IjoiZm1kIiwibWFqb3JWZXJzaW9uIjoiMS4wLjEiLCJmaWRlbGl0eSI6IkFMTCJ9XQ%3D%3D
[2026-06-16 13:31:03] Asset 61458051 fetched OK (51102 bytes)
[2026-06-16 13:31:03] Asset 188004320 fetched OK (63652 bytes)
[2026-06-16 13:31:03] Asset 181593657 fetched OK (60362 bytes)
[2026-06-16 13:31:03] FetchUrl: HTTP 403 for https://assetdelivery.roblox.com/v1/asset/?id=656180015
[2026-06-16 13:31:03] Asset 656180015: fetch failed, falling back to redirect
[2026-06-16 13:31:03] Asset 164382884 fetched OK (75504 bytes)
[2026-06-16 13:31:03] Asset 82907977 fetched OK (50185 bytes)
[2026-06-16 13:31:03] Asset 26724037 fetched OK (87830 bytes)
[2026-06-16 13:31:03] >> GET /asset/?id=81487710&contentRepresentationPriorityList=W3siZm9ybWF0IjoiZm1kIiwibWFqb3JWZXJzaW9uIjoiMS4wLjEiLCJmaWRlbGl0eSI6IkFMTCJ9XQ%3D%3D
[2026-06-16 13:31:03] >> GET /asset/?id=81487640&contentRepresentationPriorityList=W3siZm9ybWF0IjoiZm1kIiwibWFqb3JWZXJzaW9uIjoiMS4wLjEiLCJmaWRlbGl0eSI6IkFMTCJ9XQ%3D%3D
[2026-06-16 13:31:03] >> GET /asset/?id=82908019&contentRepresentationPriorityList=W3siZm9ybWF0IjoiZm1kIiwibWFqb3JWZXJzaW9uIjoiMS4wLjEiLCJmaWRlbGl0eSI6IkFMTCJ9XQ%3D%3D
[2026-06-16 13:31:03] >> GET /v1/asset?id=144080495
[2026-06-16 13:31:03] >> GET /v1/asset?id=144076759
[2026-06-16 13:31:03] >> GET /v1/asset?id=144076357
[2026-06-16 13:31:04] Asset 81487710 fetched OK (39745 bytes)
[2026-06-16 13:31:04] >> GET /v1/asset?id=12259089&contentRepresentationPriorityList=W3siZm9ybWF0IjoiZm1kIiwibWFqb3JWZXJzaW9uIjoiMS4wLjEiLCJmaWRlbGl0eSI6IkFMTCJ9XQ%3D%3D
[2026-06-16 13:31:04] Asset 81487640 fetched OK (39745 bytes)
[2026-06-16 13:31:04] Asset 82908019 fetched OK (50185 bytes)
[2026-06-16 13:31:04] Asset 144080495 fetched OK (2312 bytes)
[2026-06-16 13:31:04] Asset 144076759 fetched OK (83354 bytes)
[2026-06-16 13:31:04] Asset 144076357 fetched OK (101237 bytes)
[2026-06-16 13:31:04] Asset 12259089 fetched OK (142482 bytes)
[2026-06-16 13:31:04] >> GET /v1/asset?id=1029586&contentRepresentationPriorityList=W3siZm9ybWF0IjoiZm1kIiwibWFqb3JWZXJzaW9uIjoiMS4wLjEiLCJmaWRlbGl0eSI6IkFMTCJ9XQ%3D%3D
[2026-06-16 13:31:04] >> GET /asset/?id=6876021647&serverplaceid=0
[2026-06-16 13:31:04] >> GET /asset/?id=6876023117&serverplaceid=0
[2026-06-16 13:31:04] >> GET /v1/asset?id=149816692
[2026-06-16 13:31:04] >> GET /v1/asset?id=223722223
[2026-06-16 13:31:04] >> GET /v1/asset?id=28653012
[2026-06-16 13:31:04] >> GET /v1/asset?id=161124757
[2026-06-16 13:31:04] Asset 1029586 fetched OK (137482 bytes)
[2026-06-16 13:31:04] FetchUrl: HTTP 403 for https://assetdelivery.roblox.com/v1/asset/?id=6876021647
[2026-06-16 13:31:04] Asset 6876021647: fetch failed, falling back to redirect
[2026-06-16 13:31:04] FetchUrl: HTTP 403 for https://assetdelivery.roblox.com/v1/asset/?id=6876023117
[2026-06-16 13:31:04] Asset 6876023117: fetch failed, falling back to redirect
[2026-06-16 13:31:04] Asset 149816692 fetched OK (19844 bytes)
[2026-06-16 13:31:04] Asset 223722223 fetched OK (141752 bytes)
[2026-06-16 13:31:04] Asset 161124757 fetched OK (2309 bytes)
[2026-06-16 13:31:04] Asset 28653012 fetched OK (194175 bytes)
[2026-06-16 13:31:04] >> GET /v1/asset?id=498621795
[2026-06-16 13:31:04] >> GET /v1/asset?id=227197266
[2026-06-16 13:31:04] >> GET /v1/asset/?id=656180015&serverplaceid=0&scriptinsert=1&clientinsert=0
[2026-06-16 13:31:04] >> GET /v1/asset?id=223830142
[2026-06-16 13:31:04] >> GET /asset/?id=498621517
[2026-06-16 13:31:04] >> GET /v1/asset?id=21635489
[2026-06-16 13:31:04] >> GET /v1/asset?id=33269424
[2026-06-16 13:31:04] Asset 498621795 fetched OK (332575 bytes)
[2026-06-16 13:31:04] FetchUrl: HTTP 403 for https://assetdelivery.roblox.com/v1/asset/?id=656180015
[2026-06-16 13:31:04] Asset 656180015: fetch failed, falling back to redirect
[2026-06-16 13:31:04] Asset 227197266 fetched OK (304108 bytes)
[2026-06-16 13:31:04] Asset 223830142 fetched OK (102399 bytes)
[2026-06-16 13:31:04] Asset 498621517 fetched OK (322797 bytes)
[2026-06-16 13:31:04] Asset 33269424 fetched OK (120685 bytes)
[2026-06-16 13:31:04] Asset 21635489 fetched OK (3964 bytes)
[2026-06-16 13:31:04] >> GET /v1/asset?id=128535812
[2026-06-16 13:31:04] >> GET /v1/asset?id=105746136
[2026-06-16 13:31:04] >> GET /v1/asset?id=97648389
[2026-06-16 13:31:04] >> GET /v1/asset?id=165388219
[2026-06-16 13:31:04] >> GET /v1/asset?id=143469340
[2026-06-16 13:31:05] >> GET /v1/asset?id=155216161
[2026-06-16 13:31:05] >> GET /v1/asset?id=175291808
[2026-06-16 13:31:05] Asset 128535812 fetched OK (290934 bytes)
[2026-06-16 13:31:05] Asset 105746136 fetched OK (9169 bytes)
[2026-06-16 13:31:05] Asset 165388219 fetched OK (102669 bytes)
[2026-06-16 13:31:05] Asset 97648389 fetched OK (30263 bytes)
[2026-06-16 13:31:05] >> GET /v1/asset?id=175291879
[2026-06-16 13:31:05] Asset 143469340 fetched OK (31510 bytes)
[2026-06-16 13:31:05] Asset 155216161 fetched OK (19526 bytes)
[2026-06-16 13:31:05] Asset 175291808 fetched OK (84845 bytes)
[2026-06-16 13:31:05] Asset 175291879 fetched OK (64748 bytes)
[2026-06-16 13:31:05] >> GET /v1/asset?id=498621644
[2026-06-16 13:31:05] >> GET /v1/asset?id=498621517
[2026-06-16 13:31:05] >> GET /v1/asset?id=277939506
[2026-06-16 13:31:05] >> GET /v1/asset?id=50725748
[2026-06-16 13:31:05] >> GET /v1/asset?id=128111220
[2026-06-16 13:31:05] >> GET /v1/asset?id=124607116
[2026-06-16 13:31:05] >> GET /v1/asset?id=151769183
[2026-06-16 13:31:05] Asset 498621644 fetched OK (348403 bytes)
[2026-06-16 13:31:05] Asset 50725748 fetched OK (9839 bytes)
[2026-06-16 13:31:05] Asset 498621517 fetched OK (322797 bytes)
[2026-06-16 13:31:05] Asset 277939506 fetched OK (3395 bytes)
[2026-06-16 13:31:05] >> GET /v1/asset?id=95532465
[2026-06-16 13:31:05] Asset 128111220 fetched OK (104279 bytes)
[2026-06-16 13:31:05] Asset 124607116 fetched OK (265368 bytes)
[2026-06-16 13:31:05] Asset 151769183 fetched OK (125276 bytes)
[2026-06-16 13:31:05] Asset 95532465 fetched OK (102955 bytes)
[2026-06-16 13:31:05] >> GET /v1/asset/?id=656180015&serverplaceid=0&scriptinsert=1&clientinsert=0
[2026-06-16 13:31:05] >> GET /v1/asset?id=210657685
[2026-06-16 13:31:05] >> GET /v1/asset?id=13070796&contentRepresentationPriorityList=W3siZm9ybWF0IjoiZm1kIiwibWFqb3JWZXJzaW9uIjoiMS4wLjEiLCJmaWRlbGl0eSI6IkFMTCJ9XQ%3D%3D
[2026-06-16 13:31:05] >> GET /v1/asset?id=10700718&contentRepresentationPriorityList=W3siZm9ybWF0IjoiZm1kIiwibWFqb3JWZXJzaW9uIjoiMS4wLjEiLCJmaWRlbGl0eSI6IkFMTCJ9XQ%3D%3D
[2026-06-16 13:31:05] >> GET /v1/asset?id=74878559&contentRepresentationPriorityList=W3siZm9ybWF0IjoiZm1kIiwibWFqb3JWZXJzaW9uIjoiMS4wLjEiLCJmaWRlbGl0eSI6IkFMTCJ9XQ%3D%3D
[2026-06-16 13:31:05] >> GET /v1/asset?id=116425085&contentRepresentationPriorityList=W3siZm9ybWF0IjoiZm1kIiwibWFqb3JWZXJzaW9uIjoiMS4wLjEiLCJmaWRlbGl0eSI6IkFMTCJ9XQ%3D%3D
[2026-06-16 13:31:05] >> GET /v1/asset?id=29938421&contentRepresentationPriorityList=W3siZm9ybWF0IjoiZm1kIiwibWFqb3JWZXJzaW9uIjoiMS4wLjEiLCJmaWRlbGl0eSI6IkFMTCJ9XQ%3D%3D
[2026-06-16 13:31:05] FetchUrl: HTTP 403 for https://assetdelivery.roblox.com/v1/asset/?id=656180015
[2026-06-16 13:31:05] Asset 210657685 fetched OK (31413 bytes)
[2026-06-16 13:31:05] Asset 656180015: fetch failed, falling back to redirect
[2026-06-16 13:31:05] Asset 10700718 fetched OK (410276 bytes)
[2026-06-16 13:31:05] Asset 13070796 fetched OK (177253 bytes)
[2026-06-16 13:31:05] Asset 116425085 fetched OK (250308 bytes)
[2026-06-16 13:31:05] Asset 74878559 fetched OK (465102 bytes)
[2026-06-16 13:31:05] Asset 29938421 fetched OK (196635 bytes)
[2026-06-16 13:31:06] >> GET /v1/asset?id=16101994&contentRepresentationPriorityList=W3siZm9ybWF0IjoiZm1kIiwibWFqb3JWZXJzaW9uIjoiMS4wLjEiLCJmaWRlbGl0eSI6IkFMTCJ9XQ%3D%3D
[2026-06-16 13:31:06] >> GET /v1/asset?id=61457929&contentRepresentationPriorityList=W3siZm9ybWF0IjoiZm1kIiwibWFqb3JWZXJzaW9uIjoiMS4wLjEiLCJmaWRlbGl0eSI6IkFMTCJ9XQ%3D%3D
[2026-06-16 13:31:06] >> GET /v1/asset?id=164382853&contentRepresentationPriorityList=W3siZm9ybWF0IjoiZm1kIiwibWFqb3JWZXJzaW9uIjoiMS4wLjEiLCJmaWRlbGl0eSI6IkFMTCJ9XQ%3D%3D
[2026-06-16 13:31:06] >> GET /v1/asset?id=188004660&contentRepresentationPriorityList=W3siZm9ybWF0IjoiZm1kIiwibWFqb3JWZXJzaW9uIjoiMS4wLjEiLCJmaWRlbGl0eSI6IkFMTCJ9XQ%3D%3D
[2026-06-16 13:31:06] >> GET /v1/asset?id=26400959&contentRepresentationPriorityList=W3siZm9ybWF0IjoiZm1kIiwibWFqb3JWZXJzaW9uIjoiMS4wLjEiLCJmaWRlbGl0eSI6IkFMTCJ9XQ%3D%3D
[2026-06-16 13:31:06] >> GET /asset/?id=7218162079&serverplaceid=0
[2026-06-16 13:31:06] >> GET /asset/?id=7218160831&serverplaceid=0
[2026-06-16 13:31:06] Asset 16101994 fetched OK (99399 bytes)
[2026-06-16 13:31:06] Asset 61457929 fetched OK (275227 bytes)
[2026-06-16 13:31:06] Asset 164382853 fetched OK (451685 bytes)
[2026-06-16 13:31:06] Asset 188004660 fetched OK (163435 bytes)
[2026-06-16 13:31:06] Asset 26400959 fetched OK (68634 bytes)
[2026-06-16 13:31:06] FetchUrl: HTTP 403 for https://assetdelivery.roblox.com/v1/asset/?id=7218162079
[2026-06-16 13:31:06] Asset 7218162079: fetch failed, falling back to redirect
[2026-06-16 13:31:06] FetchUrl: HTTP 403 for https://assetdelivery.roblox.com/v1/asset/?id=7218160831
[2026-06-16 13:31:06] Asset 7218160831: fetch failed, falling back to redirect
[2026-06-16 13:31:06] >> GET /asset/?id=7101241660&serverplaceid=0
[2026-06-16 13:31:06] >> GET /asset/?id=5893225426&xcachesplit=9000000000048
[2026-06-16 13:31:06] >> GET /asset/?id=287785336
[2026-06-16 13:31:06] >> GET /asset/?id=278827181
[2026-06-16 13:31:06] >> GET /asset/?id=300394663
[2026-06-16 13:31:06] >> GET /asset/?id=300394723
[2026-06-16 13:31:06] >> GET /asset/?id=300394776
[2026-06-16 13:31:06] FetchUrl: HTTP 403 for https://assetdelivery.roblox.com/v1/asset/?id=287785336
[2026-06-16 13:31:06] FetchUrl: HTTP 403 for https://assetdelivery.roblox.com/v1/asset/?id=278827181
[2026-06-16 13:31:06] Asset 287785336: fetch failed, falling back to redirect
[2026-06-16 13:31:06] FetchUrl: HTTP 403 for https://assetdelivery.roblox.com/v1/asset/?id=7101241660
[2026-06-16 13:31:06] FetchUrl: HTTP 403 for https://assetdelivery.roblox.com/v1/asset/?id=5893225426
[2026-06-16 13:31:06] Asset 278827181: fetch failed, falling back to redirect
[2026-06-16 13:31:06] Asset 300394663 fetched OK (78574 bytes)
[2026-06-16 13:31:06] Asset 300394723 fetched OK (57271 bytes)
[2026-06-16 13:31:06] Asset 7101241660: fetch failed, falling back to redirect
[2026-06-16 13:31:06] Asset 5893225426: fetch failed, falling back to redirect
[2026-06-16 13:31:06] Asset 300394776 fetched OK (23642 bytes)
[2026-06-16 13:31:06] >> GET /asset/?id=301970857
[2026-06-16 13:31:06] >> GET /v1/asset/?id=656180015&serverplaceid=0&scriptinsert=1&clientinsert=0
[2026-06-16 13:31:06] >> GET /asset/?id=300394866
[2026-06-16 13:31:06] >> GET /asset/?id=288899943
[2026-06-16 13:31:06] >> GET /asset/?id=301976260
[2026-06-16 13:31:06] >> GET /asset/?id=301976189
[2026-06-16 13:31:06] >> GET /asset/?id=301816032
[2026-06-16 13:31:06] FetchUrl: HTTP 403 for https://assetdelivery.roblox.com/v1/asset/?id=656180015
[2026-06-16 13:31:06] Asset 656180015: fetch failed, falling back to redirect
[2026-06-16 13:31:06] Asset 301970857 fetched OK (5687 bytes)
[2026-06-16 13:31:06] Asset 300394866 fetched OK (48208 bytes)
[2026-06-16 13:31:06] FetchUrl: HTTP 403 for https://assetdelivery.roblox.com/v1/asset/?id=301816032
[2026-06-16 13:31:06] Asset 288899943 fetched OK (78177 bytes)
[2026-06-16 13:31:06] Asset 301816032: fetch failed, falling back to redirect
[2026-06-16 13:31:06] Asset 301976260 fetched OK (12661 bytes)
[2026-06-16 13:31:06] Asset 301976189 fetched OK (9345 bytes)
[2026-06-16 13:31:07] >> GET /asset/?id=306170183
[2026-06-16 13:31:07] >> GET /asset/?id=304774035
[2026-06-16 13:31:07] >> GET /asset/?id=486262895
[2026-06-16 13:31:07] >> GET /asset/?id=301815648
[2026-06-16 13:31:07] FetchUrl: HTTP 403 for https://assetdelivery.roblox.com/v1/asset/?id=306170183
[2026-06-16 13:31:07] >> GET /asset/?id=301815760
[2026-06-16 13:31:07] >> GET /asset/?id=301815895
[2026-06-16 13:31:07] Asset 306170183: fetch failed, falling back to redirect
[2026-06-16 13:31:07] >> GET /asset/?id=301815944
[2026-06-16 13:31:07] Asset 304774035 fetched OK (66273 bytes)
[2026-06-16 13:31:07] Asset 486262895 fetched OK (118277 bytes)
[2026-06-16 13:31:07] FetchUrl: HTTP 403 for https://assetdelivery.roblox.com/v1/asset/?id=301815648
[2026-06-16 13:31:07] Asset 301815648: fetch failed, falling back to redirect
[2026-06-16 13:31:07] FetchUrl: HTTP 403 for https://assetdelivery.roblox.com/v1/asset/?id=301815760
[2026-06-16 13:31:07] FetchUrl: HTTP 403 for https://assetdelivery.roblox.com/v1/asset/?id=301815895
[2026-06-16 13:31:07] Asset 301815760: fetch failed, falling back to redirect
[2026-06-16 13:31:07] Asset 301815895: fetch failed, falling back to redirect
[2026-06-16 13:31:07] FetchUrl: HTTP 403 for https://assetdelivery.roblox.com/v1/asset/?id=301815944
[2026-06-16 13:31:07] Asset 301815944: fetch failed, falling back to redirect
[2026-06-16 13:31:07] >> GET /asset/?id=301815982
[2026-06-16 13:31:07] >> GET /asset/?id=301816086
[2026-06-16 13:31:07] >> GET /asset/?id=301816124
[2026-06-16 13:31:07] >> GET /asset/?id=479390302
[2026-06-16 13:31:07] >> GET /asset/?id=301816205
[2026-06-16 13:31:07] >> GET /asset/?id=301816307
[2026-06-16 13:31:07] >> GET /asset/?id=5217868182
[2026-06-16 13:31:07] FetchUrl: HTTP 403 for https://assetdelivery.roblox.com/v1/asset/?id=301816124
[2026-06-16 13:31:07] FetchUrl: HTTP 403 for https://assetdelivery.roblox.com/v1/asset/?id=301815982
[2026-06-16 13:31:07] Asset 301816124: fetch failed, falling back to redirect
[2026-06-16 13:31:07] FetchUrl: HTTP 403 for https://assetdelivery.roblox.com/v1/asset/?id=301816086
[2026-06-16 13:31:07] Asset 301815982: fetch failed, falling back to redirect
[2026-06-16 13:31:07] Asset 301816086: fetch failed, falling back to redirect
[2026-06-16 13:31:07] FetchUrl: HTTP 403 for https://assetdelivery.roblox.com/v1/asset/?id=479390302
[2026-06-16 13:31:07] Asset 479390302: fetch failed, falling back to redirect
[2026-06-16 13:31:07] FetchUrl: HTTP 403 for https://assetdelivery.roblox.com/v1/asset/?id=301816205
[2026-06-16 13:31:07] Asset 301816205: fetch failed, falling back to redirect
[2026-06-16 13:31:07] >> GET /asset/?id=301816397
[2026-06-16 13:31:07] FetchUrl: HTTP 403 for https://assetdelivery.roblox.com/v1/asset/?id=301816307
[2026-06-16 13:31:07] Asset 301816307: fetch failed, falling back to redirect
[2026-06-16 13:31:07] FetchUrl: HTTP 403 for https://assetdelivery.roblox.com/v1/asset/?id=301816397
[2026-06-16 13:31:07] Asset 301816397: fetch failed, falling back to redirect
[2026-06-16 13:31:07] >> GET /v1/asset/?id=656180015&serverplaceid=0&scriptinsert=1&clientinsert=0
[2026-06-16 13:31:07] >> GET /asset/?id=301816525
[2026-06-16 13:31:07] >> GET /asset/?id=301816578
[2026-06-16 13:31:07] >> GET /asset/?id=377125933
[2026-06-16 13:31:07] >> GET /asset/?id=5217870014
[2026-06-16 13:31:07] Asset 5217868182 fetched OK (1904 bytes)
[2026-06-16 13:31:07] >> GET /asset/?id=5217871449
[2026-06-16 13:31:07] FetchUrl: HTTP 403 for https://assetdelivery.roblox.com/v1/asset/?id=656180015
[2026-06-16 13:31:07] Asset 656180015: fetch failed, falling back to redirect
[2026-06-16 13:31:07] FetchUrl: HTTP 403 for https://assetdelivery.roblox.com/v1/asset/?id=301816525
[2026-06-16 13:31:07] Asset 301816525: fetch failed, falling back to redirect
[2026-06-16 13:31:07] FetchUrl: HTTP 403 for https://assetdelivery.roblox.com/v1/asset/?id=377125933
[2026-06-16 13:31:07] Asset 377125933: fetch failed, falling back to redirect
[2026-06-16 13:31:07] Asset 301816578 fetched OK (394809 bytes)
[2026-06-16 13:31:07] >> GET /asset/?id=5217873000
[2026-06-16 13:31:08] >> GET /asset/?id=6222466249
[2026-06-16 13:31:08] Asset 5217873000 fetched OK (14389 bytes)
[2026-06-16 13:31:08] >> GET /asset/?id=5210273144
[2026-06-16 13:31:08] >> GET /asset/?id=6222192306
[2026-06-16 13:31:08] Asset 5217870014 fetched OK (1785 bytes)
[2026-06-16 13:31:08] >> GET /asset/?id=5120116026
[2026-06-16 13:31:08] >> GET /asset/?id=282175706
[2026-06-16 13:31:08] Asset 5210273144 fetched OK (3425 bytes)
[2026-06-16 13:31:08] Asset 6222192306 fetched OK (12963 bytes)
[2026-06-16 13:31:08] FetchUrl: HTTP 403 for https://assetdelivery.roblox.com/v1/asset/?id=282175706
[2026-06-16 13:31:08] Asset 282175706: fetch failed, falling back to redirect
[2026-06-16 13:31:08] >> GET /asset/?id=5119875044
[2026-06-16 13:31:08] Asset 5217871449 fetched OK (3986 bytes)
[2026-06-16 13:31:08] >> GET /asset/?id=5217879961
[2026-06-16 13:31:08] >> GET /userhub/?id=
[2026-06-16 13:31:08] 404 GET /userhub/
[2026-06-16 13:31:08] << /userhub/ -> {"errors":[{"code":"NotFound","message":"Not found"}]}
[2026-06-16 13:31:08] Asset 5119875044 fetched OK (8925 bytes)
[2026-06-16 13:31:08] >> GET /asset/?id=5217881600
[2026-06-16 13:31:08] Asset 6222466249 fetched OK (3206 bytes)
[2026-06-16 13:31:08] >> GET /asset/?id=537390360
[2026-06-16 13:31:08] >> GET /asset/?id=537391979
[2026-06-16 13:31:08] Asset 5217879961 fetched OK (3150 bytes)
[2026-06-16 13:31:08] FetchUrl: HTTP 403 for https://assetdelivery.roblox.com/v1/asset/?id=537390360
[2026-06-16 13:31:08] Asset 537390360: fetch failed, falling back to redirect
[2026-06-16 13:31:08] >> GET /asset/?id=6002846947
[2026-06-16 13:31:08] FetchUrl: HTTP 403 for https://assetdelivery.roblox.com/v1/asset/?id=537391979
[2026-06-16 13:31:08] Asset 537391979: fetch failed, falling back to redirect
[2026-06-16 13:31:08] >> GET /asset/?id=6002858270
[2026-06-16 13:31:08] Asset 5217881600 fetched OK (2393 bytes)
[2026-06-16 13:31:08] Asset 5120116026 fetched OK (5016 bytes)
[2026-06-16 13:31:08] >> GET /asset/?id=6002838731
[2026-06-16 13:31:08] Asset 6002846947 fetched OK (37377 bytes)
[2026-06-16 13:31:08] >> GET /v1/asset/?id=656180015&serverplaceid=0&scriptinsert=1&clientinsert=0
[2026-06-16 13:31:08] >> POST /v1.0/SequenceStatistics/BatchAddToSequencesV2?apiKey=76E5A40C-3AE1-4028-9F10-7C62520BD94F
[2026-06-16 13:31:08] << /v1.0/SequenceStatistics/BatchAddToSequencesV2 -> {}
[2026-06-16 13:31:08] Asset 6002858270 fetched OK (79414 bytes)
[2026-06-16 13:31:08] >> POST /v1.1/Counters/BatchIncrement?apiKey=76E5A40C-3AE1-4028-9F10-7C62520BD94F
[2026-06-16 13:31:08] << /v1.1/Counters/BatchIncrement -> {}
[2026-06-16 13:31:08] Asset 6002838731 fetched OK (609469 bytes)
[2026-06-16 13:31:08] >> POST /v1.0/SequenceStatistics/BatchAddToSequencesV2?apiKey=76E5A40C-3AE1-4028-9F10-7C62520BD94F
[2026-06-16 13:31:08] >> POST /studio/pbe
[2026-06-16 13:31:08] << /v1.0/SequenceStatistics/BatchAddToSequencesV2 -> {}
[2026-06-16 13:31:08] << /studio/pbe -> {}
[2026-06-16 13:31:08] FetchUrl: HTTP 403 for https://assetdelivery.roblox.com/v1/asset/?id=656180015
[2026-06-16 13:31:08] Asset 656180015: fetch failed, falling back to redirect
[2026-06-16 13:31:08] >> POST /timespent/pbe
[2026-06-16 13:31:08] << /timespent/pbe -> {}
[2026-06-16 13:31:09] >> POST /experience-signals-ingest/public/v1/events/single
[2026-06-16 13:31:09] << /experience-signals-ingest/public/v1/events/single -> {}
[2026-06-16 13:31:09] >> POST /user-heartbeats-api/pulse
[2026-06-16 13:31:09] << /user-heartbeats-api/pulse -> {"accounts": [{"username": "HearMeRoar","robloxCookie": "","pulseInterval": 30000,"enableLogging": true}],"globalConfig": {"retryAttempts": 3,"retryDelay": 5000}}
[2026-06-16 13:31:09] >> POST /v1.1/Counters/BatchIncrement?apiKey=76E5A40C-3AE1-4028-9F10-7C62520BD94F
[2026-06-16 13:31:09] << /v1.1/Counters/BatchIncrement -> {}
[2026-06-16 13:31:09] >> GET /v1/asset/?id=656180015&serverplaceid=0&scriptinsert=1&clientinsert=0
[2026-06-16 13:31:09] FetchUrl: HTTP 403 for https://assetdelivery.roblox.com/v1/asset/?id=656180015
[2026-06-16 13:31:09] Asset 656180015: fetch failed, falling back to redirect
[2026-06-16 13:31:10] >> POST /v1.0/SequenceStatistics/BatchAddToSequencesV2?apiKey=76E5A40C-3AE1-4028-9F10-7C62520BD94F
[2026-06-16 13:31:10] << /v1.0/SequenceStatistics/BatchAddToSequencesV2 -> {}
[2026-06-16 13:31:10] >> POST /v1.1/Counters/BatchIncrement?apiKey=76E5A40C-3AE1-4028-9F10-7C62520BD94F
[2026-06-16 13:31:10] << /v1.1/Counters/BatchIncrement -> {}
[2026-06-16 13:31:10] >> GET /v1/asset/?id=656180015&serverplaceid=0&scriptinsert=1&clientinsert=0
[2026-06-16 13:31:10] FetchUrl: HTTP 403 for https://assetdelivery.roblox.com/v1/asset/?id=656180015
[2026-06-16 13:31:10] Asset 656180015: fetch failed, falling back to redirect
[2026-06-16 13:31:11] >> GET /v1/asset/?id=656180015&serverplaceid=0&scriptinsert=1&clientinsert=0
[2026-06-16 13:31:11] FetchUrl: HTTP 403 for https://assetdelivery.roblox.com/v1/asset/?id=656180015
[2026-06-16 13:31:11] Asset 656180015: fetch failed, falling back to redirect
[2026-06-16 13:31:12] >> GET /v1/asset/?id=656180015&serverplaceid=0&scriptinsert=1&clientinsert=0
[2026-06-16 13:31:12] FetchUrl: HTTP 403 for https://assetdelivery.roblox.com/v1/asset/?id=656180015
[2026-06-16 13:31:12] Asset 656180015: fetch failed, falling back to redirect
[2026-06-16 13:31:13] >> GET /v1/asset/?id=656180015&serverplaceid=0&scriptinsert=1&clientinsert=0
[2026-06-16 13:31:13] FetchUrl: HTTP 403 for https://assetdelivery.roblox.com/v1/asset/?id=656180015
[2026-06-16 13:31:13] Asset 656180015: fetch failed, falling back to redirect
[2026-06-16 13:31:14] >> GET /v1/asset/?id=656180015&serverplaceid=0&scriptinsert=1&clientinsert=0
[2026-06-16 13:31:14] FetchUrl: HTTP 403 for https://assetdelivery.roblox.com/v1/asset/?id=656180015
[2026-06-16 13:31:14] Asset 656180015: fetch failed, falling back to redirect
[2026-06-16 13:31:15] >> GET /v1/asset/?id=656180015&serverplaceid=0&scriptinsert=1&clientinsert=0
[2026-06-16 13:31:15] FetchUrl: HTTP 403 for https://assetdelivery.roblox.com/v1/asset/?id=656180015
[2026-06-16 13:31:15] Asset 656180015: fetch failed, falling back to redirect
[2026-06-16 13:31:16] >> GET /v1/asset/?id=656180015&serverplaceid=0&scriptinsert=1&clientinsert=0
[2026-06-16 13:31:16] FetchUrl: HTTP 403 for https://assetdelivery.roblox.com/v1/asset/?id=656180015
[2026-06-16 13:31:16] Asset 656180015: fetch failed, falling back to redirect
[2026-06-16 13:31:17] >> GET /v1/asset/?id=656180015&serverplaceid=0&scriptinsert=1&clientinsert=0
[2026-06-16 13:31:17] FetchUrl: HTTP 403 for https://assetdelivery.roblox.com/v1/asset/?id=656180015
[2026-06-16 13:31:17] Asset 656180015: fetch failed, falling back to redirect
[2026-06-16 13:31:18] >> GET /v1/asset/?id=656180015&serverplaceid=0&scriptinsert=1&clientinsert=0
[2026-06-16 13:31:18] FetchUrl: HTTP 403 for https://assetdelivery.roblox.com/v1/asset/?id=656180015
[2026-06-16 13:31:18] Asset 656180015: fetch failed, falling back to redirect
[2026-06-16 13:31:19] >> GET /v1/asset/?id=656180015&serverplaceid=0&scriptinsert=1&clientinsert=0
[2026-06-16 13:31:19] FetchUrl: HTTP 403 for https://assetdelivery.roblox.com/v1/asset/?id=656180015
[2026-06-16 13:31:19] Asset 656180015: fetch failed, falling back to redirect
[2026-06-16 13:31:20] >> GET /v1/asset/?id=656180015&serverplaceid=0&scriptinsert=1&clientinsert=0
[2026-06-16 13:31:20] FetchUrl: HTTP 403 for https://assetdelivery.roblox.com/v1/asset/?id=656180015
[2026-06-16 13:31:20] Asset 656180015: fetch failed, falling back to redirect
[2026-06-16 13:31:21] >> GET /v1/asset/?id=656180015&serverplaceid=0&scriptinsert=1&clientinsert=0
[2026-06-16 13:31:21] FetchUrl: HTTP 403 for https://assetdelivery.roblox.com/v1/asset/?id=656180015
[2026-06-16 13:31:21] Asset 656180015: fetch failed, falling back to redirect
[2026-06-16 13:31:22] >> GET /v1/asset/?id=656180015&serverplaceid=0&scriptinsert=1&clientinsert=0
[2026-06-16 13:31:22] FetchUrl: HTTP 403 for https://assetdelivery.roblox.com/v1/asset/?id=656180015
[2026-06-16 13:31:22] Asset 656180015: fetch failed, falling back to redirect
[2026-06-16 13:31:22] >> GET /v1/asset/?id=656180015&serverplaceid=0&scriptinsert=1&clientinsert=0
[2026-06-16 13:31:23] FetchUrl: HTTP 403 for https://assetdelivery.roblox.com/v1/asset/?id=656180015
[2026-06-16 13:31:23] Asset 656180015: fetch failed, falling back to redirect
[2026-06-16 13:31:23] >> GET /v1/asset/?id=656180015&serverplaceid=0&scriptinsert=1&clientinsert=0
[2026-06-16 13:31:24] FetchUrl: HTTP 403 for https://assetdelivery.roblox.com/v1/asset/?id=656180015
[2026-06-16 13:31:24] Asset 656180015: fetch failed, falling back to redirect
[2026-06-16 13:31:24] >> GET /v1/asset/?id=656180015&serverplaceid=0&scriptinsert=1&clientinsert=0
[2026-06-16 13:31:24] FetchUrl: HTTP 403 for https://assetdelivery.roblox.com/v1/asset/?id=656180015
[2026-06-16 13:31:24] Asset 656180015: fetch failed, falling back to redirect
[2026-06-16 13:31:25] >> GET /v1/asset/?id=656180015&serverplaceid=0&scriptinsert=1&clientinsert=0
[2026-06-16 13:31:25] FetchUrl: HTTP 403 for https://assetdelivery.roblox.com/v1/asset/?id=656180015
[2026-06-16 13:31:25] Asset 656180015: fetch failed, falling back to redirect
[2026-06-16 13:31:26] >> GET /v1/asset/?id=656180015&serverplaceid=0&scriptinsert=1&clientinsert=0
[2026-06-16 13:31:26] FetchUrl: HTTP 403 for https://assetdelivery.roblox.com/v1/asset/?id=656180015
[2026-06-16 13:31:26] Asset 656180015: fetch failed, falling back to redirect
[2026-06-16 13:31:27] >> POST /experience-signals-ingest/rcc/v1/events/uniform
[2026-06-16 13:31:27] << /experience-signals-ingest/rcc/v1/events/uniform -> {}
[2026-06-16 13:31:27] >> GET /v1/asset/?id=656180015&serverplaceid=0&scriptinsert=1&clientinsert=0
[2026-06-16 13:31:27] FetchUrl: HTTP 403 for https://assetdelivery.roblox.com/v1/asset/?id=656180015
[2026-06-16 13:31:27] Asset 656180015: fetch failed, falling back to redirect
[2026-06-16 13:31:28] >> GET /v1/asset/?id=656180015&serverplaceid=0&scriptinsert=1&clientinsert=0
[2026-06-16 13:31:28] FetchUrl: HTTP 403 for https://assetdelivery.roblox.com/v1/asset/?id=656180015
[2026-06-16 13:31:28] Asset 656180015: fetch failed, falling back to redirect
[2026-06-16 13:31:29] >> GET /v1/asset/?id=656180015&serverplaceid=0&scriptinsert=1&clientinsert=0
[2026-06-16 13:31:29] FetchUrl: HTTP 403 for https://assetdelivery.roblox.com/v1/asset/?id=656180015
[2026-06-16 13:31:29] Asset 656180015: fetch failed, falling back to redirect
[2026-06-16 13:31:30] >> GET /v1/asset/?id=656180015&serverplaceid=0&scriptinsert=1&clientinsert=0
[2026-06-16 13:31:30] FetchUrl: HTTP 403 for https://assetdelivery.roblox.com/v1/asset/?id=656180015
[2026-06-16 13:31:30] Asset 656180015: fetch failed, falling back to redirect
[2026-06-16 13:31:31] >> GET /v1/asset/?id=656180015&serverplaceid=0&scriptinsert=1&clientinsert=0
[2026-06-16 13:31:31] FetchUrl: HTTP 403 for https://assetdelivery.roblox.com/v1/asset/?id=656180015
[2026-06-16 13:31:31] Asset 656180015: fetch failed, falling back to redirect
[2026-06-16 13:31:32] >> GET /v1/asset/?id=656180015&serverplaceid=0&scriptinsert=1&clientinsert=0
[2026-06-16 13:31:32] FetchUrl: HTTP 403 for https://assetdelivery.roblox.com/v1/asset/?id=656180015
[2026-06-16 13:31:32] Asset 656180015: fetch failed, falling back to redirect
[2026-06-16 13:31:33] >> POST /v1.0/SequenceStatistics/BatchAddToSequencesV2?apiKey=76E5A40C-3AE1-4028-9F10-7C62520BD94F
[2026-06-16 13:31:33] >> POST /studio/pbe
[2026-06-16 13:31:33] >> POST /timespent/pbe
[2026-06-16 13:31:33] >> POST /experience-signals-ingest/public/v1/events/single
[2026-06-16 13:31:33] << /v1.0/SequenceStatistics/BatchAddToSequencesV2 -> {}
[2026-06-16 13:31:33] << /studio/pbe -> {}
[2026-06-16 13:31:33] << /timespent/pbe -> {}
[2026-06-16 13:31:33] << /experience-signals-ingest/public/v1/events/single -> {}
[2026-06-16 13:31:33] >> GET /v1/asset/?id=656180015&serverplaceid=0&scriptinsert=1&clientinsert=0
[2026-06-16 13:31:33] FetchUrl: HTTP 403 for https://assetdelivery.roblox.com/v1/asset/?id=656180015
[2026-06-16 13:31:33] Asset 656180015: fetch failed, falling back to redirect
[2026-06-16 13:31:34] >> GET /v1/asset/?id=656180015&serverplaceid=0&scriptinsert=1&clientinsert=0
[2026-06-16 13:31:34] FetchUrl: HTTP 403 for https://assetdelivery.roblox.com/v1/asset/?id=656180015
[2026-06-16 13:31:34] Asset 656180015: fetch failed, falling back to redirect
[2026-06-16 13:31:35] >> GET /v1/asset/?id=656180015&serverplaceid=0&scriptinsert=1&clientinsert=0
[2026-06-16 13:31:35] FetchUrl: HTTP 403 for https://assetdelivery.roblox.com/v1/asset/?id=656180015
[2026-06-16 13:31:35] Asset 656180015: fetch failed, falling back to redirect
[2026-06-16 13:31:36] >> GET /asset/?id=5894638529&xcachesplit=9000000000048
[2026-06-16 13:31:36] FetchUrl: HTTP 403 for https://assetdelivery.roblox.com/v1/asset/?id=5894638529
[2026-06-16 13:31:36] Asset 5894638529: fetch failed, falling back to redirect
[2026-06-16 13:31:36] >> GET /v1/asset/?id=656180015&serverplaceid=0&scriptinsert=1&clientinsert=0
[2026-06-16 13:31:36] >> GET /v1/asset?id=279137851
[2026-06-16 13:31:36] >> GET /v1/asset?id=11655656&contentRepresentationPriorityList=W3siZm9ybWF0Ijoia3R4MiIsIm1ham9yVmVyc2lvbiI6IjdyZG8iLCJmaWRlbGl0eSI6Ii8vLy8vQUU9In0seyJmb3JtYXQiOiJrdHgyIiwibWFqb3JWZXJzaW9uIjoiNnJkbyIsImZpZGVsaXR5IjoiUUFBPSJ9XQ%3D%3D&doNotFallbackToBaselineRepresentation=true
[2026-06-16 13:31:36] >> GET /asset/?id=6876021647&serverplaceid=0
[2026-06-16 13:31:36] >> GET /v1/asset?id=205591155&contentRepresentationPriorityList=W3siZm9ybWF0Ijoia3R4MiIsIm1ham9yVmVyc2lvbiI6IjdyZG8iLCJmaWRlbGl0eSI6Ii8vLy8vQUU9In0seyJmb3JtYXQiOiJrdHgyIiwibWFqb3JWZXJzaW9uIjoiNnJkbyIsImZpZGVsaXR5IjoiUUFBPSJ9XQ%3D%3D&doNotFallbackToBaselineRepresentation=true
[2026-06-16 13:31:36] >> GET /v1/asset?id=29892426&contentRepresentationPriorityList=W3siZm9ybWF0Ijoia3R4MiIsIm1ham9yVmVyc2lvbiI6IjdyZG8iLCJmaWRlbGl0eSI6Ii8vLy8vQUU9In0seyJmb3JtYXQiOiJrdHgyIiwibWFqb3JWZXJzaW9uIjoiNnJkbyIsImZpZGVsaXR5IjoiUUFBPSJ9XQ%3D%3D&doNotFallbackToBaselineRepresentation=true
[2026-06-16 13:31:36] >> GET /asset/?id=526020488&contentRepresentationPriorityList=W3siZm9ybWF0Ijoia3R4MiIsIm1ham9yVmVyc2lvbiI6IjdyZG8iLCJmaWRlbGl0eSI6Ii8vLy8vQUU9In0seyJmb3JtYXQiOiJrdHgyIiwibWFqb3JWZXJzaW9uIjoiNnJkbyIsImZpZGVsaXR5IjoiUUFBPSJ9XQ%3D%3D&doNotFallbackToBaselineRepresentation=true
[2026-06-16 13:31:36] FetchUrl: HTTP 403 for https://assetdelivery.roblox.com/v1/asset/?id=656180015
[2026-06-16 13:31:36] Asset 656180015: fetch failed, falling back to redirect
[2026-06-16 13:31:36] FetchUrl: HTTP 403 for https://assetdelivery.roblox.com/v1/asset/?id=6876021647
[2026-06-16 13:31:36] Asset 6876021647: fetch failed, falling back to redirect
[2026-06-16 13:31:36] Asset 279137851 fetched OK (24928 bytes)
[2026-06-16 13:31:36] >> POST /user-heartbeats-api/pulse
[2026-06-16 13:31:36] << /user-heartbeats-api/pulse -> {"accounts": [{"username": "HearMeRoar","robloxCookie": "","pulseInterval": 30000,"enableLogging": true}],"globalConfig": {"retryAttempts": 3,"retryDelay": 5000}}
[2026-06-16 13:31:36] Asset 29892426 fetched OK (145892 bytes)
[2026-06-16 13:31:36] Asset 11655656 fetched OK (70700 bytes)
[2026-06-16 13:31:36] Asset 526020488 fetched OK (983117 bytes)
[2026-06-16 13:31:36] Asset 205591155 fetched OK (1637889 bytes)
[2026-06-16 13:31:37] >> GET /v1/asset/?id=656180015&serverplaceid=0&scriptinsert=1&clientinsert=0
[2026-06-16 13:31:37] FetchUrl: HTTP 403 for https://assetdelivery.roblox.com/v1/asset/?id=656180015
[2026-06-16 13:31:37] Asset 656180015: fetch failed, falling back to redirect
[2026-06-16 13:31:38] >> GET /v1/asset/?id=656180015&serverplaceid=0&scriptinsert=1&clientinsert=0
[2026-06-16 13:31:38] FetchUrl: HTTP 403 for https://assetdelivery.roblox.com/v1/asset/?id=656180015
[2026-06-16 13:31:38] Asset 656180015: fetch failed, falling back to redirect
[2026-06-16 13:31:38] >> GET /userhub/?id=
[2026-06-16 13:31:38] 404 GET /userhub/
[2026-06-16 13:31:38] << /userhub/ -> {"errors":[{"code":"NotFound","message":"Not found"}]}
[2026-06-16 13:31:39] >> GET /v1/asset/?id=656180015&serverplaceid=0&scriptinsert=1&clientinsert=0
[2026-06-16 13:31:39] FetchUrl: HTTP 403 for https://assetdelivery.roblox.com/v1/asset/?id=656180015
[2026-06-16 13:31:39] Asset 656180015: fetch failed, falling back to redirect
[2026-06-16 13:31:40] >> GET /v1/asset/?id=656180015&serverplaceid=0&scriptinsert=1&clientinsert=0
[2026-06-16 13:31:40] FetchUrl: HTTP 403 for https://assetdelivery.roblox.com/v1/asset/?id=656180015
[2026-06-16 13:31:40] Asset 656180015: fetch failed, falling back to redirect
[2026-06-16 13:31:40] >> POST /v1.0/SequenceStatistics/BatchAddToSequencesV2?apiKey=76E5A40C-3AE1-4028-9F10-7C62520BD94F
[2026-06-16 13:31:40] << /v1.0/SequenceStatistics/BatchAddToSequencesV2 -> {}
[2026-06-16 13:31:40] >> POST /v1.1/Counters/BatchIncrement?apiKey=76E5A40C-3AE1-4028-9F10-7C62520BD94F
[2026-06-16 13:31:40] << /v1.1/Counters/BatchIncrement -> {}
[2026-06-16 13:31:41] >> GET /v1/asset/?id=656180015&serverplaceid=0&scriptinsert=1&clientinsert=0
[2026-06-16 13:31:41] FetchUrl: HTTP 403 for https://assetdelivery.roblox.com/v1/asset/?id=656180015
[2026-06-16 13:31:41] Asset 656180015: fetch failed, falling back to redirect
[2026-06-16 13:31:42] >> GET /v1/asset/?id=656180015&serverplaceid=0&scriptinsert=1&clientinsert=0
[2026-06-16 13:31:42] FetchUrl: HTTP 403 for https://assetdelivery.roblox.com/v1/asset/?id=656180015
[2026-06-16 13:31:42] Asset 656180015: fetch failed, falling back to redirect
[2026-06-16 13:31:43] >> GET /v1/asset/?id=656180015&serverplaceid=0&scriptinsert=1&clientinsert=0
[2026-06-16 13:31:43] FetchUrl: HTTP 403 for https://assetdelivery.roblox.com/v1/asset/?id=656180015
[2026-06-16 13:31:43] Asset 656180015: fetch failed, falling back to redirect
[2026-06-16 13:31:43] >> GET /v1/asset/?id=656180015&serverplaceid=0&scriptinsert=1&clientinsert=0
[2026-06-16 13:31:44] FetchUrl: HTTP 403 for https://assetdelivery.roblox.com/v1/asset/?id=656180015
[2026-06-16 13:31:44] Asset 656180015: fetch failed, falling back to redirect
[2026-06-16 13:31:44] >> GET /v1/asset/?id=656180015&serverplaceid=0&scriptinsert=1&clientinsert=0
[2026-06-16 13:31:44] FetchUrl: HTTP 403 for https://assetdelivery.roblox.com/v1/asset/?id=656180015
[2026-06-16 13:31:44] Asset 656180015: fetch failed, falling back to redirect
[2026-06-16 13:31:45] >> GET /v1/asset/?id=656180015&serverplaceid=0&scriptinsert=1&clientinsert=0
[2026-06-16 13:31:45] FetchUrl: HTTP 403 for https://assetdelivery.roblox.com/v1/asset/?id=656180015
[2026-06-16 13:31:45] Asset 656180015: fetch failed, falling back to redirect
[2026-06-16 13:31:46] >> GET /v1/asset/?id=656180015&serverplaceid=0&scriptinsert=1&clientinsert=0
[2026-06-16 13:31:46] FetchUrl: HTTP 403 for https://assetdelivery.roblox.com/v1/asset/?id=656180015
[2026-06-16 13:31:46] Asset 656180015: fetch failed, falling back to redirect
[2026-06-16 13:31:47] >> GET /v1/asset/?id=656180015&serverplaceid=0&scriptinsert=1&clientinsert=0
[2026-06-16 13:31:47] FetchUrl: HTTP 403 for https://assetdelivery.roblox.com/v1/asset/?id=656180015
[2026-06-16 13:31:47] Asset 656180015: fetch failed, falling back to redirect
[2026-06-16 13:31:48] >> GET /asset/?id=5894640507&xcachesplit=9000000000048
[2026-06-16 13:31:48] Asset 5894640507 fetched OK (24284 bytes)
[2026-06-16 13:31:48] >> GET /v1/asset/?id=656180015&serverplaceid=0&scriptinsert=1&clientinsert=0
[2026-06-16 13:31:48] FetchUrl: HTTP 403 for https://assetdelivery.roblox.com/v1/asset/?id=656180015
[2026-06-16 13:31:48] Asset 656180015: fetch failed, falling back to redirect
[2026-06-16 13:31:49] >> GET /v1/asset/?id=656180015&serverplaceid=0&scriptinsert=1&clientinsert=0
[2026-06-16 13:31:49] FetchUrl: HTTP 403 for https://assetdelivery.roblox.com/v1/asset/?id=656180015
[2026-06-16 13:31:49] Asset 656180015: fetch failed, falling back to redirect
[2026-06-16 13:31:50] >> GET /v1/asset/?id=656180015&serverplaceid=0&scriptinsert=1&clientinsert=0
[2026-06-16 13:31:50] FetchUrl: HTTP 403 for https://assetdelivery.roblox.com/v1/asset/?id=656180015
[2026-06-16 13:31:50] Asset 656180015: fetch failed, falling back to redirect
[2026-06-16 13:31:50] >> GET /asset/?id=14912464
[2026-06-16 13:31:50] Asset 14912464 fetched OK (5568 bytes)
[2026-06-16 13:31:51] >> GET /v1/asset/?id=656180015&serverplaceid=0&scriptinsert=1&clientinsert=0
[2026-06-16 13:31:51] FetchUrl: HTTP 403 for https://assetdelivery.roblox.com/v1/asset/?id=656180015
[2026-06-16 13:31:51] Asset 656180015: fetch failed, falling back to redirect
[2026-06-16 13:31:51] >> GET /asset/?id=6876023117&serverplaceid=0
[2026-06-16 13:31:51] FetchUrl: HTTP 403 for https://assetdelivery.roblox.com/v1/asset/?id=6876023117
[2026-06-16 13:31:51] Asset 6876023117: fetch failed, falling back to redirect
[2026-06-16 13:31:52] >> GET /v1/asset/?id=656180015&serverplaceid=0&scriptinsert=1&clientinsert=0
[2026-06-16 13:31:52] FetchUrl: HTTP 403 for https://assetdelivery.roblox.com/v1/asset/?id=656180015
[2026-06-16 13:31:52] Asset 656180015: fetch failed, falling back to redirect
[2026-06-16 13:31:53] >> GET /v1/asset/?id=656180015&serverplaceid=0&scriptinsert=1&clientinsert=0
[2026-06-16 13:31:53] FetchUrl: HTTP 403 for https://assetdelivery.roblox.com/v1/asset/?id=656180015
[2026-06-16 13:31:53] Asset 656180015: fetch failed, falling back to redirect
[2026-06-16 13:31:54] >> GET /v1/asset/?id=656180015&serverplaceid=0&scriptinsert=1&clientinsert=0
[2026-06-16 13:31:54] FetchUrl: HTTP 403 for https://assetdelivery.roblox.com/v1/asset/?id=656180015
[2026-06-16 13:31:54] Asset 656180015: fetch failed, falling back to redirect
[2026-06-16 13:31:55] >> GET /v1/asset/?id=656180015&serverplaceid=0&scriptinsert=1&clientinsert=0
[2026-06-16 13:31:55] FetchUrl: HTTP 403 for https://assetdelivery.roblox.com/v1/asset/?id=656180015
[2026-06-16 13:31:55] Asset 656180015: fetch failed, falling back to redirect
[2026-06-16 13:31:56] >> GET /v1/asset/?id=656180015&serverplaceid=0&scriptinsert=1&clientinsert=0
[2026-06-16 13:31:56] FetchUrl: HTTP 403 for https://assetdelivery.roblox.com/v1/asset/?id=656180015
[2026-06-16 13:31:56] Asset 656180015: fetch failed, falling back to redirect
[2026-06-16 13:31:57] >> GET /v1/asset/?id=656180015&serverplaceid=0&scriptinsert=1&clientinsert=0
[2026-06-16 13:31:57] FetchUrl: HTTP 403 for https://assetdelivery.roblox.com/v1/asset/?id=656180015
[2026-06-16 13:31:57] Asset 656180015: fetch failed, falling back to redirect
[2026-06-16 13:31:58] >> GET /v1/asset/?id=656180015&serverplaceid=0&scriptinsert=1&clientinsert=0
[2026-06-16 13:31:58] FetchUrl: HTTP 403 for https://assetdelivery.roblox.com/v1/asset/?id=656180015
[2026-06-16 13:31:58] Asset 656180015: fetch failed, falling back to redirect
[2026-06-16 13:31:59] >> GET /v1/asset/?id=656180015&serverplaceid=0&scriptinsert=1&clientinsert=0
[2026-06-16 13:31:59] FetchUrl: HTTP 403 for https://assetdelivery.roblox.com/v1/asset/?id=656180015
[2026-06-16 13:31:59] Asset 656180015: fetch failed, falling back to redirect
[2026-06-16 13:32:00] >> GET /v1/asset/?id=656180015&serverplaceid=0&scriptinsert=1&clientinsert=0
[2026-06-16 13:32:00] FetchUrl: HTTP 403 for https://assetdelivery.roblox.com/v1/asset/?id=656180015
[2026-06-16 13:32:00] Asset 656180015: fetch failed, falling back to redirect
[2026-06-16 13:32:01] >> GET /v1/asset/?id=656180015&serverplaceid=0&scriptinsert=1&clientinsert=0
[2026-06-16 13:32:01] FetchUrl: HTTP 403 for https://assetdelivery.roblox.com/v1/asset/?id=656180015
[2026-06-16 13:32:01] Asset 656180015: fetch failed, falling back to redirect
[2026-06-16 13:32:02] >> GET /v1/asset/?id=656180015&serverplaceid=0&scriptinsert=1&clientinsert=0
[2026-06-16 13:32:02] FetchUrl: HTTP 403 for https://assetdelivery.roblox.com/v1/asset/?id=656180015
[2026-06-16 13:32:02] Asset 656180015: fetch failed, falling back to redirect
[2026-06-16 13:32:03] >> POST /v1.1/Counters/BatchIncrement?apiKey=76E5A40C-3AE1-4028-9F10-7C62520BD94F
[2026-06-16 13:32:03] << /v1.1/Counters/BatchIncrement -> {}
[2026-06-16 13:32:03] >> POST /v1.0/SequenceStatistics/BatchAddToSequencesV2?apiKey=76E5A40C-3AE1-4028-9F10-7C62520BD94F
[2026-06-16 13:32:03] >> POST /v1/batch
[2026-06-16 13:32:03] >> POST /timespent/pbe
[2026-06-16 13:32:03] >> POST /studio/pbe
[2026-06-16 13:32:03] >> POST /experience-signals-ingest/public/v1/events/single
[2026-06-16 13:32:03] << /v1.0/SequenceStatistics/BatchAddToSequencesV2 -> {}
[2026-06-16 13:32:03] << /v1/batch -> {"data":[]}
[2026-06-16 13:32:03] << /timespent/pbe -> {}
[2026-06-16 13:32:03] << /studio/pbe -> {}
[2026-06-16 13:32:03] << /experience-signals-ingest/public/v1/events/single -> {}
[2026-06-16 13:32:03] >> GET /asset/?id=3297004259
[2026-06-16 13:32:03] >> GET /v1/asset/?id=656180015&serverplaceid=0&scriptinsert=1&clientinsert=0
[2026-06-16 13:32:03] FetchUrl: HTTP 403 for https://assetdelivery.roblox.com/v1/asset/?id=656180015
[2026-06-16 13:32:03] Asset 656180015: fetch failed, falling back to redirect
[2026-06-16 13:32:03] Asset 3297004259 fetched OK (8192 bytes)
[2026-06-16 13:32:04] >> GET /v1/asset/?id=656180015&serverplaceid=0&scriptinsert=1&clientinsert=0
[2026-06-16 13:32:04] FetchUrl: HTTP 403 for https://assetdelivery.roblox.com/v1/asset/?id=656180015
[2026-06-16 13:32:04] Asset 656180015: fetch failed, falling back to redirect
[2026-06-16 13:32:05] >> GET /v1/asset/?id=656180015&serverplaceid=0&scriptinsert=1&clientinsert=0
[2026-06-16 13:32:05] FetchUrl: HTTP 403 for https://assetdelivery.roblox.com/v1/asset/?id=656180015
[2026-06-16 13:32:05] Asset 656180015: fetch failed, falling back to redirect
[2026-06-16 13:32:06] >> GET /v1/asset/?id=656180015&serverplaceid=0&scriptinsert=1&clientinsert=0
[2026-06-16 13:32:06] FetchUrl: HTTP 403 for https://assetdelivery.roblox.com/v1/asset/?id=656180015
[2026-06-16 13:32:06] Asset 656180015: fetch failed, falling back to redirect
[2026-06-16 13:32:06] >> POST /user-heartbeats-api/pulse
[2026-06-16 13:32:06] << /user-heartbeats-api/pulse -> {"accounts": [{"username": "HearMeRoar","robloxCookie": "","pulseInterval": 30000,"enableLogging": true}],"globalConfig": {"retryAttempts": 3,"retryDelay": 5000}}
[2026-06-16 13:32:07] >> GET /v1/asset/?id=656180015&serverplaceid=0&scriptinsert=1&clientinsert=0
[2026-06-16 13:32:07] FetchUrl: HTTP 403 for https://assetdelivery.roblox.com/v1/asset/?id=656180015
[2026-06-16 13:32:07] Asset 656180015: fetch failed, falling back to redirect
[2026-06-16 13:32:08] >> GET /v1/asset/?id=656180015&serverplaceid=0&scriptinsert=1&clientinsert=0
[2026-06-16 13:32:08] FetchUrl: HTTP 403 for https://assetdelivery.roblox.com/v1/asset/?id=656180015
[2026-06-16 13:32:08] Asset 656180015: fetch failed, falling back to redirect
[2026-06-16 13:32:08] >> GET /userhub/?id=
[2026-06-16 13:32:08] 404 GET /userhub/
[2026-06-16 13:32:08] << /userhub/ -> {"errors":[{"code":"NotFound","message":"Not found"}]}
[2026-06-16 13:32:09] >> GET /v1/asset/?id=656180015&serverplaceid=0&scriptinsert=1&clientinsert=0
[2026-06-16 13:32:09] FetchUrl: HTTP 403 for https://assetdelivery.roblox.com/v1/asset/?id=656180015
[2026-06-16 13:32:09] Asset 656180015: fetch failed, falling back to redirect
[2026-06-16 13:32:10] >> GET /v1/asset/?id=656180015&serverplaceid=0&scriptinsert=1&clientinsert=0
[2026-06-16 13:32:10] FetchUrl: HTTP 403 for https://assetdelivery.roblox.com/v1/asset/?id=656180015
[2026-06-16 13:32:10] Asset 656180015: fetch failed, falling back to redirect
[2026-06-16 13:32:10] >> POST /v1.0/SequenceStatistics/BatchAddToSequencesV2?apiKey=76E5A40C-3AE1-4028-9F10-7C62520BD94F
[2026-06-16 13:32:10] << /v1.0/SequenceStatistics/BatchAddToSequencesV2 -> {}
[2026-06-16 13:32:10] >> POST /v1.1/Counters/BatchIncrement?apiKey=76E5A40C-3AE1-4028-9F10-7C62520BD94F
[2026-06-16 13:32:10] << /v1.1/Counters/BatchIncrement -> {}
[2026-06-16 13:32:10] >> GET /v1/asset/?id=656180015&serverplaceid=0&scriptinsert=1&clientinsert=0
[2026-06-16 13:32:11] FetchUrl: HTTP 403 for https://assetdelivery.roblox.com/v1/asset/?id=656180015
[2026-06-16 13:32:11] Asset 656180015: fetch failed, falling back to redirect
[2026-06-16 13:32:11] >> GET /v1/asset/?id=656180015&serverplaceid=0&scriptinsert=1&clientinsert=0
[2026-06-16 13:32:11] FetchUrl: HTTP 403 for https://assetdelivery.roblox.com/v1/asset/?id=656180015
[2026-06-16 13:32:11] Asset 656180015: fetch failed, falling back to redirect
[2026-06-16 13:32:12] >> GET /v1/asset/?id=656180015&serverplaceid=0&scriptinsert=1&clientinsert=0
[2026-06-16 13:32:12] FetchUrl: HTTP 403 for https://assetdelivery.roblox.com/v1/asset/?id=656180015
[2026-06-16 13:32:12] Asset 656180015: fetch failed, falling back to redirect
[2026-06-16 13:32:13] >> GET /v1/asset/?id=656180015&serverplaceid=0&scriptinsert=1&clientinsert=0
[2026-06-16 13:32:13] FetchUrl: HTTP 403 for https://assetdelivery.roblox.com/v1/asset/?id=656180015
[2026-06-16 13:32:13] Asset 656180015: fetch failed, falling back to redirect
[2026-06-16 13:32:14] >> GET /v1/asset/?id=656180015&serverplaceid=0&scriptinsert=1&clientinsert=0
[2026-06-16 13:32:14] FetchUrl: HTTP 403 for https://assetdelivery.roblox.com/v1/asset/?id=656180015
[2026-06-16 13:32:14] Asset 656180015: fetch failed, falling back to redirect
[2026-06-16 13:32:15] >> GET /v1/asset/?id=656180015&serverplaceid=0&scriptinsert=1&clientinsert=0
[2026-06-16 13:32:15] FetchUrl: HTTP 403 for https://assetdelivery.roblox.com/v1/asset/?id=656180015
[2026-06-16 13:32:15] Asset 656180015: fetch failed, falling back to redirect
[2026-06-16 13:32:16] >> GET /v1/asset/?id=656180015&serverplaceid=0&scriptinsert=1&clientinsert=0
[2026-06-16 13:32:16] FetchUrl: HTTP 403 for https://assetdelivery.roblox.com/v1/asset/?id=656180015
[2026-06-16 13:32:16] Asset 656180015: fetch failed, falling back to redirect
[2026-06-16 13:32:17] >> GET /v1/asset/?id=656180015&serverplaceid=0&scriptinsert=1&clientinsert=0
[2026-06-16 13:32:17] FetchUrl: HTTP 403 for https://assetdelivery.roblox.com/v1/asset/?id=656180015
[2026-06-16 13:32:17] Asset 656180015: fetch failed, falling back to redirect
[2026-06-16 13:32:18] >> GET /v1/asset/?id=656180015&serverplaceid=0&scriptinsert=1&clientinsert=0
[2026-06-16 13:32:18] FetchUrl: HTTP 403 for https://assetdelivery.roblox.com/v1/asset/?id=656180015
[2026-06-16 13:32:18] Asset 656180015: fetch failed, falling back to redirect
[2026-06-16 13:32:18] >> POST /v1/batch
[2026-06-16 13:32:18] << /v1/batch -> {"data":[]}
[2026-06-16 13:32:19] >> GET /v1/asset/?id=656180015&serverplaceid=0&scriptinsert=1&clientinsert=0
[2026-06-16 13:32:19] FetchUrl: HTTP 403 for https://assetdelivery.roblox.com/v1/asset/?id=656180015
[2026-06-16 13:32:19] Asset 656180015: fetch failed, falling back to redirect
[2026-06-16 13:32:20] >> GET /v1/asset/?id=656180015&serverplaceid=0&scriptinsert=1&clientinsert=0
[2026-06-16 13:32:20] FetchUrl: HTTP 403 for https://assetdelivery.roblox.com/v1/asset/?id=656180015
[2026-06-16 13:32:20] Asset 656180015: fetch failed, falling back to redirect
[2026-06-16 13:32:21] >> GET /v1/asset/?id=656180015&serverplaceid=0&scriptinsert=1&clientinsert=0
[2026-06-16 13:32:21] FetchUrl: HTTP 403 for https://assetdelivery.roblox.com/v1/asset/?id=656180015
[2026-06-16 13:32:21] Asset 656180015: fetch failed, falling back to redirect
[2026-06-16 13:32:22] >> GET /v1/asset/?id=656180015&serverplaceid=0&scriptinsert=1&clientinsert=0
[2026-06-16 13:32:22] FetchUrl: HTTP 403 for https://assetdelivery.roblox.com/v1/asset/?id=656180015
[2026-06-16 13:32:22] Asset 656180015: fetch failed, falling back to redirect
[2026-06-16 13:32:22] >> GET /v2/avatar/avatar-fetch/?placeId=0&userId=14463315
[2026-06-16 13:32:22] >> GET /v2/avatar/avatar-fetch/?placeId=0&userId=14463315
[2026-06-16 13:32:22] >> POST /v1/batch
[2026-06-16 13:32:22] << /v1/batch -> {"data":[]}
[2026-06-16 13:32:22] Avatar: batch resolved 0/2 assets
[2026-06-16 13:32:22] Avatar: batch resolved 0/2 assets
[2026-06-16 13:32:22] Avatar: batch resolved 0/1 assets
[2026-06-16 13:32:22] Avatar: batch resolved 0/1 assets
[2026-06-16 13:32:22] Avatar: batch resolved 0/1 assets
[2026-06-16 13:32:22] Avatar: batch resolved 0/1 assets
[2026-06-16 13:32:22] << /v2/avatar/avatar-fetch/ -> {"resolvedAvatarType":"R15","equippedGearVersionIds":[],"backpackGearVersionIds":[],"assetAndAssetTypeIds":[{"assetId":86499666,"assetTypeId":27},{"assetId":86499716,"assetTypeId":29},{"assetId":86499698,"assetTypeId":28},{"assetId":86499753,"assetTypeId":30},{"assetId":86499793,"assetTypeId":31},{"assetId":18658405017,"assetTypeId":46},{"assetId":135892587710035,"assetTypeId":8},{"assetId":10804923951,"assetTypeId":67},{"assetId":132133317685629,"assetTypeId":41},{"assetId":14702520072,"assetTypeId":43},{"assetId":11921498664,"assetTypeId":11},{"assetId":140565896620871,"assetTypeId":12},{"assetId":90772666356782,"assetTypeId":79}],"animationAssetIds":{"run":16744214662,"swim":18538158932,"fall":76868289213402,"climb":122281742555667,"jump":114806832298003,"idle":82009039247070,"walk":124733969277188},"bodyColor3s":{"headColor3":"ffcc99","torsoColor3":"ffcc99","rightArmColor3":"ffcc99","leftArmColor3":"ffcc99","rightLegColor3":"ffcc99","leftLegColor3":"ffcc99"},"scales":{"heig
[2026-06-16 13:32:22] << /v2/avatar/avatar-fetch/ -> {"resolvedAvatarType":"R15","equippedGearVersionIds":[],"backpackGearVersionIds":[],"assetAndAssetTypeIds":[{"assetId":86499666,"assetTypeId":27},{"assetId":86499716,"assetTypeId":29},{"assetId":86499698,"assetTypeId":28},{"assetId":86499753,"assetTypeId":30},{"assetId":86499793,"assetTypeId":31},{"assetId":18658405017,"assetTypeId":46},{"assetId":135892587710035,"assetTypeId":8},{"assetId":10804923951,"assetTypeId":67},{"assetId":132133317685629,"assetTypeId":41},{"assetId":14702520072,"assetTypeId":43},{"assetId":11921498664,"assetTypeId":11},{"assetId":140565896620871,"assetTypeId":12},{"assetId":90772666356782,"assetTypeId":79}],"animationAssetIds":{"run":16744214662,"swim":18538158932,"fall":76868289213402,"climb":122281742555667,"jump":114806832298003,"idle":82009039247070,"walk":124733969277188},"bodyColor3s":{"headColor3":"ffcc99","torsoColor3":"ffcc99","rightArmColor3":"ffcc99","leftArmColor3":"ffcc99","rightLegColor3":"ffcc99","leftLegColor3":"ffcc99"},"scales":{"heig
[2026-06-16 13:32:22] >> GET /v1/asset/?id=86499666&serverplaceid=9000000000049&expectedAssetType=Torso&assetResolutionMode=MPHA
[2026-06-16 13:32:23] Asset 86499666 fetched OK (16727 bytes)
[2026-06-16 13:32:23] >> GET /v1/asset/?id=11921498664&serverplaceid=9000000000049&expectedAssetType=Shirt&assetResolutionMode=MPHA
[2026-06-16 13:32:23] Asset 11921498664 fetched OK (548 bytes)
[2026-06-16 13:32:23] >> GET /v1/asset/?id=86499698&serverplaceid=9000000000049&expectedAssetType=RightArm&assetResolutionMode=MPHA
[2026-06-16 13:32:23] Asset 86499698 fetched OK (12932 bytes)
[2026-06-16 13:32:23] >> GET /v1/asset/?id=140565896620871&serverplaceid=9000000000049&expectedAssetType=Pants&assetResolutionMode=MPHA
[2026-06-16 13:32:24] Asset 140565896620871 fetched OK (540 bytes)
[2026-06-16 13:32:24] >> GET /v1/asset/?id=90772666356782&serverplaceid=9000000000049&expectedAssetType=Head&assetResolutionMode=MPHA
[2026-06-16 13:32:24] Asset 90772666356782 fetched OK (1211 bytes)
[2026-06-16 13:32:24] >> GET /v1/asset/?id=86499716&serverplaceid=9000000000049&expectedAssetType=LeftArm&assetResolutionMode=MPHA
[2026-06-16 13:32:24] Asset 86499716 fetched OK (6724 bytes)
[2026-06-16 13:32:25] >> GET /v1/asset/?id=86499753&serverplaceid=9000000000049&expectedAssetType=LeftLeg&assetResolutionMode=MPHA
[2026-06-16 13:32:25] Asset 86499753 fetched OK (12369 bytes)
[2026-06-16 13:32:25] >> GET /v1/asset/?id=86499793&serverplaceid=9000000000049&expectedAssetType=RightLeg&assetResolutionMode=MPHA
[2026-06-16 13:32:25] Asset 86499793 fetched OK (12356 bytes)
[2026-06-16 13:32:25] >> GET /v1/asset/?id=656180015&serverplaceid=0&scriptinsert=1&clientinsert=0
[2026-06-16 13:32:25] FetchUrl: HTTP 403 for https://assetdelivery.roblox.com/v1/asset/?id=656180015
[2026-06-16 13:32:25] Asset 656180015: fetch failed, falling back to redirect
[2026-06-16 13:32:26] >> GET /v1/asset/?id=135892587710035&serverplaceid=9000000000049&expectedAssetType=Hat&assetResolutionMode=MPHA
[2026-06-16 13:32:26] Asset 135892587710035 fetched OK (5518 bytes)
[2026-06-16 13:32:26] >> GET /v1/asset/?id=132133317685629&serverplaceid=9000000000049&expectedAssetType=HairAccessory&assetResolutionMode=MPHA
[2026-06-16 13:32:26] Asset 132133317685629 fetched OK (5524 bytes)
[2026-06-16 13:32:26] >> GET /v1/asset/?id=18658405017&serverplaceid=9000000000049&expectedAssetType=BackAccessory&assetResolutionMode=MPHA
[2026-06-16 13:32:27] Asset 18658405017 fetched OK (5488 bytes)
[2026-06-16 13:32:27] >> GET /v1/asset/?id=14702520072&serverplaceid=9000000000049&expectedAssetType=NeckAccessory&assetResolutionMode=MPHA
[2026-06-16 13:32:27] Asset 14702520072 fetched OK (6300 bytes)
[2026-06-16 13:32:27] >> GET /v1/asset/?id=124733969277188&serverplaceid=9000000000049&expectedAssetType=WalkAnimation&assetResolutionMode=MPHA
[2026-06-16 13:32:27] Asset 124733969277188 fetched OK (1184 bytes)
[2026-06-16 13:32:27] >> GET /v1/asset/?id=16744214662&serverplaceid=9000000000049&expectedAssetType=RunAnimation&assetResolutionMode=MPHA
[2026-06-16 13:32:28] Asset 16744214662 fetched OK (1198 bytes)
[2026-06-16 13:32:28] >> GET /v1/asset/?id=76868289213402&serverplaceid=9000000000049&expectedAssetType=FallAnimation&assetResolutionMode=MPHA
[2026-06-16 13:32:28] Asset 76868289213402 fetched OK (1184 bytes)
[2026-06-16 13:32:28] >> GET /v1/asset/?id=114806832298003&serverplaceid=9000000000049&expectedAssetType=JumpAnimation&assetResolutionMode=MPHA
[2026-06-16 13:32:28] >> GET /v1/asset/?id=18538158932&serverplaceid=9000000000049&expectedAssetType=SwimAnimation&assetResolutionMode=MPHA
[2026-06-16 13:32:28] >> GET /v1/asset/?id=656180015&serverplaceid=0&scriptinsert=1&clientinsert=0
[2026-06-16 13:32:28] >> GET /v1/asset/?id=122281742555667&serverplaceid=9000000000049&expectedAssetType=ClimbAnimation&assetResolutionMode=MPHA
[2026-06-16 13:32:28] >> GET /v1/asset/?id=82009039247070&serverplaceid=9000000000049&expectedAssetType=IdleAnimation&assetResolutionMode=MPHA
[2026-06-16 13:32:28] >> GET /v1/asset/?id=10804923951&serverplaceid=9000000000049&expectedAssetType=JacketAccessory&assetResolutionMode=MPHA
[2026-06-16 13:32:28] >> POST /experience-signals-ingest/rcc/v1/events/uniform
[2026-06-16 13:32:28] << /experience-signals-ingest/rcc/v1/events/uniform -> {}
[2026-06-16 13:32:28] Asset 114806832298003 fetched OK (1185 bytes)
[2026-06-16 13:32:28] Asset 82009039247070 fetched OK (1703 bytes)
[2026-06-16 13:32:28] Asset 122281742555667 fetched OK (1187 bytes)
[2026-06-16 13:32:28] Asset 18538158932 fetched OK (1265 bytes)
[2026-06-16 13:32:28] FetchUrl: HTTP 403 for https://assetdelivery.roblox.com/v1/asset/?id=656180015
[2026-06-16 13:32:28] Asset 656180015: fetch failed, falling back to redirect
[2026-06-16 13:32:28] Asset 10804923951 fetched OK (5490 bytes)
[2026-06-16 13:32:29] >> GET /v1/asset/?id=656180015&serverplaceid=0&scriptinsert=1&clientinsert=0
[2026-06-16 13:32:29] FetchUrl: HTTP 403 for https://assetdelivery.roblox.com/v1/asset/?id=656180015
[2026-06-16 13:32:29] Asset 656180015: fetch failed, falling back to redirect
[2026-06-16 13:32:30] >> GET /v1/asset/?id=656180015&serverplaceid=0&scriptinsert=1&clientinsert=0
[2026-06-16 13:32:30] FetchUrl: HTTP 403 for https://assetdelivery.roblox.com/v1/asset/?id=656180015
[2026-06-16 13:32:30] Asset 656180015: fetch failed, falling back to redirect
[2026-06-16 13:32:31] >> GET /v1/asset/?id=656180015&serverplaceid=0&scriptinsert=1&clientinsert=0
[2026-06-16 13:32:31] FetchUrl: HTTP 403 for https://assetdelivery.roblox.com/v1/asset/?id=656180015
[2026-06-16 13:32:31] Asset 656180015: fetch failed, falling back to redirect
[2026-06-16 13:32:32] >> GET /v1/asset/?id=656180015&serverplaceid=0&scriptinsert=1&clientinsert=0
[2026-06-16 13:32:32] FetchUrl: HTTP 403 for https://assetdelivery.roblox.com/v1/asset/?id=656180015
[2026-06-16 13:32:32] Asset 656180015: fetch failed, falling back to redirect
[2026-06-16 13:32:33] >> POST /v1.0/SequenceStatistics/BatchAddToSequencesV2?apiKey=76E5A40C-3AE1-4028-9F10-7C62520BD94F
[2026-06-16 13:32:33] >> POST /studio/pbe
[2026-06-16 13:32:33] >> POST /timespent/pbe
[2026-06-16 13:32:33] >> POST /experience-signals-ingest/public/v1/events/single
[2026-06-16 13:32:33] << /v1.0/SequenceStatistics/BatchAddToSequencesV2 -> {}
[2026-06-16 13:32:33] << /studio/pbe -> {}
[2026-06-16 13:32:33] << /timespent/pbe -> {}
[2026-06-16 13:32:33] << /experience-signals-ingest/public/v1/events/single -> {}
[2026-06-16 13:32:33] >> GET /v1/asset/?id=656180015&serverplaceid=0&scriptinsert=1&clientinsert=0
[2026-06-16 13:32:33] FetchUrl: HTTP 403 for https://assetdelivery.roblox.com/v1/asset/?id=656180015
[2026-06-16 13:32:33] Asset 656180015: fetch failed, falling back to redirect
[2026-06-16 13:32:34] >> GET /v1/asset/?id=656180015&serverplaceid=0&scriptinsert=1&clientinsert=0
[2026-06-16 13:32:34] FetchUrl: HTTP 403 for https://assetdelivery.roblox.com/v1/asset/?id=656180015
[2026-06-16 13:32:34] Asset 656180015: fetch failed, falling back to redirect
[2026-06-16 13:32:35] >> GET /v1/asset/?id=656180015&serverplaceid=0&scriptinsert=1&clientinsert=0
[2026-06-16 13:32:35] FetchUrl: HTTP 403 for https://assetdelivery.roblox.com/v1/asset/?id=656180015
[2026-06-16 13:32:35] Asset 656180015: fetch failed, falling back to redirect
[2026-06-16 13:32:36] >> GET /v1/asset/?id=656180015&serverplaceid=0&scriptinsert=1&clientinsert=0
[2026-06-16 13:32:36] FetchUrl: HTTP 403 for https://assetdelivery.roblox.com/v1/asset/?id=656180015
[2026-06-16 13:32:36] Asset 656180015: fetch failed, falling back to redirect
[2026-06-16 13:32:36] >> POST /user-heartbeats-api/pulse
[2026-06-16 13:32:36] << /user-heartbeats-api/pulse -> {"accounts": [{"username": "HearMeRoar","robloxCookie": "","pulseInterval": 30000,"enableLogging": true}],"globalConfig": {"retryAttempts": 3,"retryDelay": 5000}}
[2026-06-16 13:32:37] >> GET /v1/asset/?id=656180015&serverplaceid=0&scriptinsert=1&clientinsert=0
[2026-06-16 13:32:37] FetchUrl: HTTP 403 for https://assetdelivery.roblox.com/v1/asset/?id=656180015
[2026-06-16 13:32:37] Asset 656180015: fetch failed, falling back to redirect
[2026-06-16 13:32:38] >> GET /v1/asset/?id=656180015&serverplaceid=0&scriptinsert=1&clientinsert=0
[2026-06-16 13:32:38] FetchUrl: HTTP 403 for https://assetdelivery.roblox.com/v1/asset/?id=656180015
[2026-06-16 13:32:38] Asset 656180015: fetch failed, falling back to redirect
[2026-06-16 13:32:38] >> GET /v1/asset/?id=656180015&serverplaceid=0&scriptinsert=1&clientinsert=0
[2026-06-16 13:32:39] >> GET /userhub/?id=
[2026-06-16 13:32:39] 404 GET /userhub/
[2026-06-16 13:32:39] << /userhub/ -> {"errors":[{"code":"NotFound","message":"Not found"}]}
[2026-06-16 13:32:39] FetchUrl: HTTP 403 for https://assetdelivery.roblox.com/v1/asset/?id=656180015
[2026-06-16 13:32:39] Asset 656180015: fetch failed, falling back to redirect
[2026-06-16 13:32:39] >> GET /v1/asset/?id=656180015&serverplaceid=0&scriptinsert=1&clientinsert=0
[2026-06-16 13:32:40] FetchUrl: HTTP 403 for https://assetdelivery.roblox.com/v1/asset/?id=656180015
[2026-06-16 13:32:40] Asset 656180015: fetch failed, falling back to redirect
[2026-06-16 13:32:40] >> GET /v1/asset/?id=656180015&serverplaceid=0&scriptinsert=1&clientinsert=0
[2026-06-16 13:32:41] FetchUrl: HTTP 403 for https://assetdelivery.roblox.com/v1/asset/?id=656180015
[2026-06-16 13:32:41] Asset 656180015: fetch failed, falling back to redirect
[2026-06-16 13:32:41] >> GET /v1/asset/?id=656180015&serverplaceid=0&scriptinsert=1&clientinsert=0
[2026-06-16 13:32:41] FetchUrl: HTTP 403 for https://assetdelivery.roblox.com/v1/asset/?id=656180015
[2026-06-16 13:32:41] Asset 656180015: fetch failed, falling back to redirect
[2026-06-16 13:32:42] >> GET /v1/asset/?id=656180015&serverplaceid=0&scriptinsert=1&clientinsert=0
[2026-06-16 13:32:42] FetchUrl: HTTP 403 for https://assetdelivery.roblox.com/v1/asset/?id=656180015
[2026-06-16 13:32:42] Asset 656180015: fetch failed, falling back to redirect
[2026-06-16 13:32:43] >> GET /v1/asset/?id=656180015&serverplaceid=0&scriptinsert=1&clientinsert=0
[2026-06-16 13:32:43] FetchUrl: HTTP 403 for https://assetdelivery.roblox.com/v1/asset/?id=656180015
[2026-06-16 13:32:43] Asset 656180015: fetch failed, falling back to redirect
[2026-06-16 13:32:44] >> GET /v1/asset/?id=656180015&serverplaceid=0&scriptinsert=1&clientinsert=0
[2026-06-16 13:32:44] FetchUrl: HTTP 403 for https://assetdelivery.roblox.com/v1/asset/?id=656180015
[2026-06-16 13:32:44] Asset 656180015: fetch failed, falling back to redirect
[2026-06-16 13:32:45] >> GET /v1/asset/?id=656180015&serverplaceid=0&scriptinsert=1&clientinsert=0
[2026-06-16 13:32:45] FetchUrl: HTTP 403 for https://assetdelivery.roblox.com/v1/asset/?id=656180015
[2026-06-16 13:32:45] Asset 656180015: fetch failed, falling back to redirect
[2026-06-16 13:32:46] >> GET /v1/asset/?id=656180015&serverplaceid=0&scriptinsert=1&clientinsert=0
[2026-06-16 13:32:46] FetchUrl: HTTP 403 for https://assetdelivery.roblox.com/v1/asset/?id=656180015
[2026-06-16 13:32:46] Asset 656180015: fetch failed, falling back to redirect
[2026-06-16 13:32:47] >> GET /v1/asset/?id=656180015&serverplaceid=0&scriptinsert=1&clientinsert=0
[2026-06-16 13:32:47] FetchUrl: HTTP 403 for https://assetdelivery.roblox.com/v1/asset/?id=656180015
[2026-06-16 13:32:47] Asset 656180015: fetch failed, falling back to redirect
[2026-06-16 13:32:47] >> POST /v1.0/SequenceStatistics/BatchAddToSequencesV2?apiKey=76E5A40C-3AE1-4028-9F10-7C62520BD94F
[2026-06-16 13:32:47] << /v1.0/SequenceStatistics/BatchAddToSequencesV2 -> {}
[2026-06-16 13:32:47] >> POST /v1.1/Counters/BatchIncrement?apiKey=76E5A40C-3AE1-4028-9F10-7C62520BD94F
[2026-06-16 13:32:47] << /v1.1/Counters/BatchIncrement -> {}
[2026-06-16 13:32:48] >> GET /v1/asset/?id=656180015&serverplaceid=0&scriptinsert=1&clientinsert=0
[2026-06-16 13:32:48] FetchUrl: HTTP 403 for https://assetdelivery.roblox.com/v1/asset/?id=656180015
[2026-06-16 13:32:48] Asset 656180015: fetch failed, falling back to redirect
[2026-06-16 13:32:49] >> GET /v1/asset/?id=656180015&serverplaceid=0&scriptinsert=1&clientinsert=0
[2026-06-16 13:32:49] FetchUrl: HTTP 403 for https://assetdelivery.roblox.com/v1/asset/?id=656180015
[2026-06-16 13:32:49] Asset 656180015: fetch failed, falling back to redirect
[2026-06-16 13:32:50] >> GET /v1/asset/?id=656180015&serverplaceid=0&scriptinsert=1&clientinsert=0
[2026-06-16 13:32:50] FetchUrl: HTTP 403 for https://assetdelivery.roblox.com/v1/asset/?id=656180015
[2026-06-16 13:32:50] Asset 656180015: fetch failed, falling back to redirect
[2026-06-16 13:32:51] >> GET /v1/asset/?id=656180015&serverplaceid=0&scriptinsert=1&clientinsert=0
[2026-06-16 13:32:51] FetchUrl: HTTP 403 for https://assetdelivery.roblox.com/v1/asset/?id=656180015
[2026-06-16 13:32:51] Asset 656180015: fetch failed, falling back to redirect
[2026-06-16 13:32:52] >> GET /v1/asset/?id=656180015&serverplaceid=0&scriptinsert=1&clientinsert=0
[2026-06-16 13:32:52] FetchUrl: HTTP 403 for https://assetdelivery.roblox.com/v1/asset/?id=656180015
[2026-06-16 13:32:52] Asset 656180015: fetch failed, falling back to redirect
[2026-06-16 13:32:53] >> GET /v1/asset/?id=656180015&serverplaceid=0&scriptinsert=1&clientinsert=0
[2026-06-16 13:32:53] FetchUrl: HTTP 403 for https://assetdelivery.roblox.com/v1/asset/?id=656180015
[2026-06-16 13:32:53] Asset 656180015: fetch failed, falling back to redirect
[2026-06-16 13:32:53] >> GET /v1/asset/?id=656180015&serverplaceid=0&scriptinsert=1&clientinsert=0
[2026-06-16 13:32:54] FetchUrl: HTTP 403 for https://assetdelivery.roblox.com/v1/asset/?id=656180015
[2026-06-16 13:32:54] Asset 656180015: fetch failed, falling back to redirect
[2026-06-16 13:32:54] >> GET /v1/asset/?id=656180015&serverplaceid=0&scriptinsert=1&clientinsert=0
[2026-06-16 13:32:55] FetchUrl: HTTP 403 for https://assetdelivery.roblox.com/v1/asset/?id=656180015
[2026-06-16 13:32:55] Asset 656180015: fetch failed, falling back to redirect
[2026-06-16 13:32:55] >> GET /v1/asset/?id=656180015&serverplaceid=0&scriptinsert=1&clientinsert=0
[2026-06-16 13:32:56] FetchUrl: HTTP 403 for https://assetdelivery.roblox.com/v1/asset/?id=656180015
[2026-06-16 13:32:56] Asset 656180015: fetch failed, falling back to redirect
[2026-06-16 13:32:56] >> GET /v1/asset/?id=656180015&serverplaceid=0&scriptinsert=1&clientinsert=0
[2026-06-16 13:32:57] FetchUrl: HTTP 403 for https://assetdelivery.roblox.com/v1/asset/?id=656180015
[2026-06-16 13:32:57] Asset 656180015: fetch failed, falling back to redirect
[2026-06-16 13:32:57] >> GET /v1/asset/?id=656180015&serverplaceid=0&scriptinsert=1&clientinsert=0
[2026-06-16 13:32:57] FetchUrl: HTTP 403 for https://assetdelivery.roblox.com/v1/asset/?id=656180015
[2026-06-16 13:32:57] Asset 656180015: fetch failed, falling back to redirect
[2026-06-16 13:32:58] >> GET /v1/asset/?id=656180015&serverplaceid=0&scriptinsert=1&clientinsert=0
[2026-06-16 13:32:58] FetchUrl: HTTP 403 for https://assetdelivery.roblox.com/v1/asset/?id=656180015
[2026-06-16 13:32:58] Asset 656180015: fetch failed, falling back to redirect
[2026-06-16 13:32:59] >> GET /v1/asset/?id=656180015&serverplaceid=0&scriptinsert=1&clientinsert=0
[2026-06-16 13:32:59] FetchUrl: HTTP 403 for https://assetdelivery.roblox.com/v1/asset/?id=656180015
[2026-06-16 13:32:59] Asset 656180015: fetch failed, falling back to redirect
[2026-06-16 13:33:00] >> GET /v1/asset/?id=656180015&serverplaceid=0&scriptinsert=1&clientinsert=0
[2026-06-16 13:33:00] FetchUrl: HTTP 403 for https://assetdelivery.roblox.com/v1/asset/?id=656180015
[2026-06-16 13:33:00] Asset 656180015: fetch failed, falling back to redirect
[2026-06-16 13:33:01] >> GET /v1/asset/?id=656180015&serverplaceid=0&scriptinsert=1&clientinsert=0
[2026-06-16 13:33:01] FetchUrl: HTTP 403 for https://assetdelivery.roblox.com/v1/asset/?id=656180015
[2026-06-16 13:33:01] Asset 656180015: fetch failed, falling back to redirect
[2026-06-16 13:33:02] >> GET /v1/asset/?id=656180015&serverplaceid=0&scriptinsert=1&clientinsert=0
[2026-06-16 13:33:02] FetchUrl: HTTP 403 for https://assetdelivery.roblox.com/v1/asset/?id=656180015
[2026-06-16 13:33:02] Asset 656180015: fetch failed, falling back to redirect
[2026-06-16 13:33:03] >> POST /v1.0/SequenceStatistics/BatchAddToSequencesV2?apiKey=76E5A40C-3AE1-4028-9F10-7C62520BD94F
[2026-06-16 13:33:03] << /v1.0/SequenceStatistics/BatchAddToSequencesV2 -> {}
[2026-06-16 13:33:03] >> POST /studio/pbe
[2026-06-16 13:33:03] >> POST /timespent/pbe
[2026-06-16 13:33:03] >> POST /experience-signals-ingest/public/v1/events/single
[2026-06-16 13:33:03] << /studio/pbe -> {}
[2026-06-16 13:33:03] << /timespent/pbe -> {}
[2026-06-16 13:33:03] << /experience-signals-ingest/public/v1/events/single -> {}
[2026-06-16 13:33:03] >> GET /v1/asset/?id=656180015&serverplaceid=0&scriptinsert=1&clientinsert=0
[2026-06-16 13:33:03] FetchUrl: HTTP 403 for https://assetdelivery.roblox.com/v1/asset/?id=656180015
[2026-06-16 13:33:03] Asset 656180015: fetch failed, falling back to redirect
[2026-06-16 13:33:04] >> GET /v1/asset/?id=656180015&serverplaceid=0&scriptinsert=1&clientinsert=0
[2026-06-16 13:33:04] FetchUrl: HTTP 403 for https://assetdelivery.roblox.com/v1/asset/?id=656180015
[2026-06-16 13:33:04] Asset 656180015: fetch failed, falling back to redirect
[2026-06-16 13:33:05] >> GET /v1/asset/?id=656180015&serverplaceid=0&scriptinsert=1&clientinsert=0
[2026-06-16 13:33:05] FetchUrl: HTTP 403 for https://assetdelivery.roblox.com/v1/asset/?id=656180015
[2026-06-16 13:33:05] Asset 656180015: fetch failed, falling back to redirect
[2026-06-16 13:33:06] >> GET /v1/asset/?id=656180015&serverplaceid=0&scriptinsert=1&clientinsert=0
[2026-06-16 13:33:06] FetchUrl: HTTP 403 for https://assetdelivery.roblox.com/v1/asset/?id=656180015
[2026-06-16 13:33:06] Asset 656180015: fetch failed, falling back to redirect
[2026-06-16 13:33:06] >> POST /user-heartbeats-api/pulse
[2026-06-16 13:33:06] << /user-heartbeats-api/pulse -> {"accounts": [{"username": "HearMeRoar","robloxCookie": "","pulseInterval": 30000,"enableLogging": true}],"globalConfig": {"retryAttempts": 3,"retryDelay": 5000}}
[2026-06-16 13:33:07] >> GET /v1/asset/?id=656180015&serverplaceid=0&scriptinsert=1&clientinsert=0
[2026-06-16 13:33:07] FetchUrl: HTTP 403 for https://assetdelivery.roblox.com/v1/asset/?id=656180015
[2026-06-16 13:33:07] Asset 656180015: fetch failed, falling back to redirect
[2026-06-16 13:33:08] >> GET /v1/asset/?id=656180015&serverplaceid=0&scriptinsert=1&clientinsert=0
[2026-06-16 13:33:08] FetchUrl: HTTP 403 for https://assetdelivery.roblox.com/v1/asset/?id=656180015
[2026-06-16 13:33:08] Asset 656180015: fetch failed, falling back to redirect
[2026-06-16 13:33:09] >> GET /v1/asset/?id=656180015&serverplaceid=0&scriptinsert=1&clientinsert=0
[2026-06-16 13:33:09] >> GET /userhub/?id=
[2026-06-16 13:33:09] 404 GET /userhub/
[2026-06-16 13:33:09] << /userhub/ -> {"errors":[{"code":"NotFound","message":"Not found"}]}
[2026-06-16 13:33:09] FetchUrl: HTTP 403 for https://assetdelivery.roblox.com/v1/asset/?id=656180015
[2026-06-16 13:33:09] Asset 656180015: fetch failed, falling back to redirect
[2026-06-16 13:33:10] >> GET /v1/asset/?id=656180015&serverplaceid=0&scriptinsert=1&clientinsert=0
[2026-06-16 13:33:10] FetchUrl: HTTP 403 for https://assetdelivery.roblox.com/v1/asset/?id=656180015
[2026-06-16 13:33:10] Asset 656180015: fetch failed, falling back to redirect
[2026-06-16 13:33:11] >> POST /v1.0/SequenceStatistics/BatchAddToSequencesV2?apiKey=76E5A40C-3AE1-4028-9F10-7C62520BD94F
[2026-06-16 13:33:11] << /v1.0/SequenceStatistics/BatchAddToSequencesV2 -> {}
[2026-06-16 13:33:11] >> GET /v1/asset/?id=656180015&serverplaceid=0&scriptinsert=1&clientinsert=0
[2026-06-16 13:33:11] >> POST /v1.1/Counters/BatchIncrement?apiKey=76E5A40C-3AE1-4028-9F10-7C62520BD94F
[2026-06-16 13:33:11] << /v1.1/Counters/BatchIncrement -> {}
[2026-06-16 13:33:11] FetchUrl: HTTP 403 for https://assetdelivery.roblox.com/v1/asset/?id=656180015
[2026-06-16 13:33:11] Asset 656180015: fetch failed, falling back to redirect
[2026-06-16 13:33:12] >> GET /v1/asset/?id=656180015&serverplaceid=0&scriptinsert=1&clientinsert=0
[2026-06-16 13:33:12] FetchUrl: HTTP 403 for https://assetdelivery.roblox.com/v1/asset/?id=656180015
[2026-06-16 13:33:12] Asset 656180015: fetch failed, falling back to redirect
[2026-06-16 13:33:13] >> GET /v1/asset/?id=656180015&serverplaceid=0&scriptinsert=1&clientinsert=0
[2026-06-16 13:33:13] FetchUrl: HTTP 403 for https://assetdelivery.roblox.com/v1/asset/?id=656180015
[2026-06-16 13:33:13] Asset 656180015: fetch failed, falling back to redirect
[2026-06-16 13:33:14] >> GET /v1/asset/?id=656180015&serverplaceid=0&scriptinsert=1&clientinsert=0
[2026-06-16 13:33:14] FetchUrl: HTTP 403 for https://assetdelivery.roblox.com/v1/asset/?id=656180015
[2026-06-16 13:33:14] Asset 656180015: fetch failed, falling back to redirect
[2026-06-16 13:33:15] >> GET /v1/asset/?id=656180015&serverplaceid=0&scriptinsert=1&clientinsert=0
[2026-06-16 13:33:15] FetchUrl: HTTP 403 for https://assetdelivery.roblox.com/v1/asset/?id=656180015
[2026-06-16 13:33:15] Asset 656180015: fetch failed, falling back to redirect
[2026-06-16 13:33:15] >> GET /v1/asset/?id=656180015&serverplaceid=0&scriptinsert=1&clientinsert=0
[2026-06-16 13:33:16] FetchUrl: HTTP 403 for https://assetdelivery.roblox.com/v1/asset/?id=656180015
[2026-06-16 13:33:16] Asset 656180015: fetch failed, falling back to redirect
[2026-06-16 13:33:16] >> GET /v1/asset/?id=656180015&serverplaceid=0&scriptinsert=1&clientinsert=0
[2026-06-16 13:33:17] FetchUrl: HTTP 403 for https://assetdelivery.roblox.com/v1/asset/?id=656180015
[2026-06-16 13:33:17] Asset 656180015: fetch failed, falling back to redirect
[2026-06-16 13:33:17] >> GET /v1/asset/?id=656180015&serverplaceid=0&scriptinsert=1&clientinsert=0
[2026-06-16 13:33:17] FetchUrl: HTTP 403 for https://assetdelivery.roblox.com/v1/asset/?id=656180015
[2026-06-16 13:33:17] Asset 656180015: fetch failed, falling back to redirect
[2026-06-16 13:33:18] >> GET /v1/asset/?id=656180015&serverplaceid=0&scriptinsert=1&clientinsert=0
[2026-06-16 13:33:18] FetchUrl: HTTP 403 for https://assetdelivery.roblox.com/v1/asset/?id=656180015
[2026-06-16 13:33:18] Asset 656180015: fetch failed, falling back to redirect
[2026-06-16 13:33:19] >> GET /v1/asset/?id=656180015&serverplaceid=0&scriptinsert=1&clientinsert=0
[2026-06-16 13:33:19] FetchUrl: HTTP 403 for https://assetdelivery.roblox.com/v1/asset/?id=656180015
[2026-06-16 13:33:19] Asset 656180015: fetch failed, falling back to redirect
[2026-06-16 13:33:20] >> GET /v1/asset/?id=656180015&serverplaceid=0&scriptinsert=1&clientinsert=0
[2026-06-16 13:33:20] FetchUrl: HTTP 403 for https://assetdelivery.roblox.com/v1/asset/?id=656180015
[2026-06-16 13:33:20] Asset 656180015: fetch failed, falling back to redirect
[2026-06-16 13:33:21] >> GET /v1/asset/?id=656180015&serverplaceid=0&scriptinsert=1&clientinsert=0
[2026-06-16 13:33:21] FetchUrl: HTTP 403 for https://assetdelivery.roblox.com/v1/asset/?id=656180015
[2026-06-16 13:33:21] Asset 656180015: fetch failed, falling back to redirect
[2026-06-16 13:33:22] >> GET /v1/asset/?id=656180015&serverplaceid=0&scriptinsert=1&clientinsert=0
[2026-06-16 13:33:22] FetchUrl: HTTP 403 for https://assetdelivery.roblox.com/v1/asset/?id=656180015
[2026-06-16 13:33:22] Asset 656180015: fetch failed, falling back to redirect
[2026-06-16 13:33:23] >> GET /v1/asset/?id=656180015&serverplaceid=0&scriptinsert=1&clientinsert=0
[2026-06-16 13:33:23] FetchUrl: HTTP 403 for https://assetdelivery.roblox.com/v1/asset/?id=656180015
[2026-06-16 13:33:23] Asset 656180015: fetch failed, falling back to redirect
[2026-06-16 13:33:24] >> GET /v1/asset/?id=656180015&serverplaceid=0&scriptinsert=1&clientinsert=0
[2026-06-16 13:33:24] FetchUrl: HTTP 403 for https://assetdelivery.roblox.com/v1/asset/?id=656180015
[2026-06-16 13:33:24] Asset 656180015: fetch failed, falling back to redirect
[2026-06-16 13:33:25] >> GET /v1/asset/?id=656180015&serverplaceid=0&scriptinsert=1&clientinsert=0
[2026-06-16 13:33:25] FetchUrl: HTTP 403 for https://assetdelivery.roblox.com/v1/asset/?id=656180015
[2026-06-16 13:33:25] Asset 656180015: fetch failed, falling back to redirect
[2026-06-16 13:33:26] >> GET /v1/asset/?id=656180015&serverplaceid=0&scriptinsert=1&clientinsert=0
[2026-06-16 13:33:26] FetchUrl: HTTP 403 for https://assetdelivery.roblox.com/v1/asset/?id=656180015
[2026-06-16 13:33:26] Asset 656180015: fetch failed, falling back to redirect
[2026-06-16 13:33:27] >> GET /v1/asset/?id=656180015&serverplaceid=0&scriptinsert=1&clientinsert=0
[2026-06-16 13:33:27] FetchUrl: HTTP 403 for https://assetdelivery.roblox.com/v1/asset/?id=656180015
[2026-06-16 13:33:27] Asset 656180015: fetch failed, falling back to redirect
[2026-06-16 13:33:28] >> GET /v1/asset/?id=656180015&serverplaceid=0&scriptinsert=1&clientinsert=0
[2026-06-16 13:33:28] FetchUrl: HTTP 403 for https://assetdelivery.roblox.com/v1/asset/?id=656180015
[2026-06-16 13:33:28] Asset 656180015: fetch failed, falling back to redirect
[2026-06-16 13:33:29] >> GET /v1/asset/?id=656180015&serverplaceid=0&scriptinsert=1&clientinsert=0
[2026-06-16 13:33:29] FetchUrl: HTTP 403 for https://assetdelivery.roblox.com/v1/asset/?id=656180015
[2026-06-16 13:33:29] Asset 656180015: fetch failed, falling back to redirect
[2026-06-16 13:33:29] >> POST /experience-signals-ingest/rcc/v1/events/uniform
[2026-06-16 13:33:29] << /experience-signals-ingest/rcc/v1/events/uniform -> {}
[2026-06-16 13:33:29] >> GET /v1/asset/?id=656180015&serverplaceid=0&scriptinsert=1&clientinsert=0
[2026-06-16 13:33:30] FetchUrl: HTTP 403 for https://assetdelivery.roblox.com/v1/asset/?id=656180015
[2026-06-16 13:33:30] Asset 656180015: fetch failed, falling back to redirect
[2026-06-16 13:33:30] >> GET /v1/asset/?id=656180015&serverplaceid=0&scriptinsert=1&clientinsert=0
[2026-06-16 13:33:31] FetchUrl: HTTP 403 for https://assetdelivery.roblox.com/v1/asset/?id=656180015
[2026-06-16 13:33:31] Asset 656180015: fetch failed, falling back to redirect
[2026-06-16 13:33:31] >> GET /v1/asset/?id=656180015&serverplaceid=0&scriptinsert=1&clientinsert=0
[2026-06-16 13:33:32] FetchUrl: HTTP 403 for https://assetdelivery.roblox.com/v1/asset/?id=656180015
[2026-06-16 13:33:32] Asset 656180015: fetch failed, falling back to redirect
[2026-06-16 13:33:32] >> GET /v1/asset/?id=656180015&serverplaceid=0&scriptinsert=1&clientinsert=0
[2026-06-16 13:33:32] FetchUrl: HTTP 403 for https://assetdelivery.roblox.com/v1/asset/?id=656180015
[2026-06-16 13:33:32] Asset 656180015: fetch failed, falling back to redirect
[2026-06-16 13:33:33] >> POST /v1.0/SequenceStatistics/BatchAddToSequencesV2?apiKey=76E5A40C-3AE1-4028-9F10-7C62520BD94F
[2026-06-16 13:33:33] >> POST /timespent/pbe
[2026-06-16 13:33:33] >> POST /experience-signals-ingest/public/v1/events/single
[2026-06-16 13:33:33] << /v1.0/SequenceStatistics/BatchAddToSequencesV2 -> {}
[2026-06-16 13:33:33] << /timespent/pbe -> {}
[2026-06-16 13:33:33] << /experience-signals-ingest/public/v1/events/single -> {}
[2026-06-16 13:33:33] >> GET /v1/asset/?id=656180015&serverplaceid=0&scriptinsert=1&clientinsert=0
[2026-06-16 13:33:33] FetchUrl: HTTP 403 for https://assetdelivery.roblox.com/v1/asset/?id=656180015
[2026-06-16 13:33:33] Asset 656180015: fetch failed, falling back to redirect
[2026-06-16 13:33:34] >> GET /v1/asset/?id=656180015&serverplaceid=0&scriptinsert=1&clientinsert=0
[2026-06-16 13:33:34] FetchUrl: HTTP 403 for https://assetdelivery.roblox.com/v1/asset/?id=656180015
[2026-06-16 13:33:34] Asset 656180015: fetch failed, falling back to redirect
[2026-06-16 13:33:35] >> GET /v1/asset/?id=656180015&serverplaceid=0&scriptinsert=1&clientinsert=0
[2026-06-16 13:33:35] FetchUrl: HTTP 403 for https://assetdelivery.roblox.com/v1/asset/?id=656180015
[2026-06-16 13:33:35] Asset 656180015: fetch failed, falling back to redirect
[2026-06-16 13:33:36] >> GET /v1/asset/?id=656180015&serverplaceid=0&scriptinsert=1&clientinsert=0
[2026-06-16 13:33:36] >> POST /user-heartbeats-api/pulse
[2026-06-16 13:33:36] << /user-heartbeats-api/pulse -> {"accounts": [{"username": "HearMeRoar","robloxCookie": "","pulseInterval": 30000,"enableLogging": true}],"globalConfig": {"retryAttempts": 3,"retryDelay": 5000}}
[2026-06-16 13:33:36] FetchUrl: HTTP 403 for https://assetdelivery.roblox.com/v1/asset/?id=656180015
[2026-06-16 13:33:36] Asset 656180015: fetch failed, falling back to redirect
[2026-06-16 13:33:37] >> GET /v1/asset/?id=656180015&serverplaceid=0&scriptinsert=1&clientinsert=0
[2026-06-16 13:33:37] FetchUrl: HTTP 403 for https://assetdelivery.roblox.com/v1/asset/?id=656180015
[2026-06-16 13:33:37] Asset 656180015: fetch failed, falling back to redirect
[2026-06-16 13:33:38] >> GET /v1/asset/?id=656180015&serverplaceid=0&scriptinsert=1&clientinsert=0
[2026-06-16 13:33:38] FetchUrl: HTTP 403 for https://assetdelivery.roblox.com/v1/asset/?id=656180015
[2026-06-16 13:33:38] Asset 656180015: fetch failed, falling back to redirect
[2026-06-16 13:33:39] >> GET /v1/asset/?id=656180015&serverplaceid=0&scriptinsert=1&clientinsert=0
[2026-06-16 13:33:39] FetchUrl: HTTP 403 for https://assetdelivery.roblox.com/v1/asset/?id=656180015
[2026-06-16 13:33:39] Asset 656180015: fetch failed, falling back to redirect
[2026-06-16 13:33:39] >> GET /userhub/?id=
[2026-06-16 13:33:39] 404 GET /userhub/
[2026-06-16 13:33:39] << /userhub/ -> {"errors":[{"code":"NotFound","message":"Not found"}]}
[2026-06-16 13:33:40] >> GET /v1/asset/?id=656180015&serverplaceid=0&scriptinsert=1&clientinsert=0
[2026-06-16 13:33:40] FetchUrl: HTTP 403 for https://assetdelivery.roblox.com/v1/asset/?id=656180015
[2026-06-16 13:33:40] Asset 656180015: fetch failed, falling back to redirect
[2026-06-16 13:33:41] >> GET /v1/asset/?id=656180015&serverplaceid=0&scriptinsert=1&clientinsert=0
[2026-06-16 13:33:41] FetchUrl: HTTP 403 for https://assetdelivery.roblox.com/v1/asset/?id=656180015
[2026-06-16 13:33:41] Asset 656180015: fetch failed, falling back to redirect
[2026-06-16 13:33:42] >> GET /v1/asset/?id=656180015&serverplaceid=0&scriptinsert=1&clientinsert=0
[2026-06-16 13:33:42] FetchUrl: HTTP 403 for https://assetdelivery.roblox.com/v1/asset/?id=656180015
[2026-06-16 13:33:42] Asset 656180015: fetch failed, falling back to redirect
[2026-06-16 13:33:43] >> GET /v1/asset/?id=656180015&serverplaceid=0&scriptinsert=1&clientinsert=0
[2026-06-16 13:33:43] FetchUrl: HTTP 403 for https://assetdelivery.roblox.com/v1/asset/?id=656180015
[2026-06-16 13:33:43] Asset 656180015: fetch failed, falling back to redirect
[2026-06-16 13:33:44] >> GET /v1/asset/?id=656180015&serverplaceid=0&scriptinsert=1&clientinsert=0
[2026-06-16 13:33:44] FetchUrl: HTTP 403 for https://assetdelivery.roblox.com/v1/asset/?id=656180015
[2026-06-16 13:33:44] Asset 656180015: fetch failed, falling back to redirect
[2026-06-16 13:33:44] >> GET /v1/asset/?id=656180015&serverplaceid=0&scriptinsert=1&clientinsert=0
[2026-06-16 13:33:45] FetchUrl: HTTP 403 for https://assetdelivery.roblox.com/v1/asset/?id=656180015
[2026-06-16 13:33:45] Asset 656180015: fetch failed, falling back to redirect
[2026-06-16 13:33:45] >> GET /v1/asset/?id=656180015&serverplaceid=0&scriptinsert=1&clientinsert=0
[2026-06-16 13:33:46] FetchUrl: HTTP 403 for https://assetdelivery.roblox.com/v1/asset/?id=656180015
[2026-06-16 13:33:46] Asset 656180015: fetch failed, falling back to redirect
[2026-06-16 13:33:46] >> GET /v1/asset/?id=656180015&serverplaceid=0&scriptinsert=1&clientinsert=0
[2026-06-16 13:33:46] FetchUrl: HTTP 403 for https://assetdelivery.roblox.com/v1/asset/?id=656180015
[2026-06-16 13:33:46] Asset 656180015: fetch failed, falling back to redirect
[2026-06-16 13:33:47] >> GET /v1/asset/?id=656180015&serverplaceid=0&scriptinsert=1&clientinsert=0
[2026-06-16 13:33:47] FetchUrl: HTTP 403 for https://assetdelivery.roblox.com/v1/asset/?id=656180015
[2026-06-16 13:33:47] Asset 656180015: fetch failed, falling back to redirect
[2026-06-16 13:33:48] >> GET /v1/asset/?id=656180015&serverplaceid=0&scriptinsert=1&clientinsert=0
[2026-06-16 13:33:48] FetchUrl: HTTP 403 for https://assetdelivery.roblox.com/v1/asset/?id=656180015
[2026-06-16 13:33:48] Asset 656180015: fetch failed, falling back to redirect
[2026-06-16 13:33:49] >> GET /v1/asset/?id=656180015&serverplaceid=0&scriptinsert=1&clientinsert=0
[2026-06-16 13:33:49] FetchUrl: HTTP 403 for https://assetdelivery.roblox.com/v1/asset/?id=656180015
[2026-06-16 13:33:49] Asset 656180015: fetch failed, falling back to redirect
[2026-06-16 13:33:50] >> GET /v1/asset/?id=656180015&serverplaceid=0&scriptinsert=1&clientinsert=0
[2026-06-16 13:33:50] FetchUrl: HTTP 403 for https://assetdelivery.roblox.com/v1/asset/?id=656180015
[2026-06-16 13:33:50] Asset 656180015: fetch failed, falling back to redirect
[2026-06-16 13:33:51] >> GET /v1/asset/?id=656180015&serverplaceid=0&scriptinsert=1&clientinsert=0
[2026-06-16 13:33:51] FetchUrl: HTTP 403 for https://assetdelivery.roblox.com/v1/asset/?id=656180015
[2026-06-16 13:33:51] Asset 656180015: fetch failed, falling back to redirect
[2026-06-16 13:33:52] >> GET /v1/asset/?id=656180015&serverplaceid=0&scriptinsert=1&clientinsert=0
[2026-06-16 13:33:52] FetchUrl: HTTP 403 for https://assetdelivery.roblox.com/v1/asset/?id=656180015
[2026-06-16 13:33:52] Asset 656180015: fetch failed, falling back to redirect
[2026-06-16 13:33:53] >> GET /v1/asset/?id=656180015&serverplaceid=0&scriptinsert=1&clientinsert=0
[2026-06-16 13:33:53] FetchUrl: HTTP 403 for https://assetdelivery.roblox.com/v1/asset/?id=656180015
[2026-06-16 13:33:53] Asset 656180015: fetch failed, falling back to redirect
[2026-06-16 13:33:54] >> GET /v1/asset/?id=656180015&serverplaceid=0&scriptinsert=1&clientinsert=0
[2026-06-16 13:33:54] FetchUrl: HTTP 403 for https://assetdelivery.roblox.com/v1/asset/?id=656180015
[2026-06-16 13:33:54] Asset 656180015: fetch failed, falling back to redirect
[2026-06-16 13:33:55] >> GET /v1/asset/?id=656180015&serverplaceid=0&scriptinsert=1&clientinsert=0
[2026-06-16 13:33:55] FetchUrl: HTTP 403 for https://assetdelivery.roblox.com/v1/asset/?id=656180015
[2026-06-16 13:33:55] Asset 656180015: fetch failed, falling back to redirect
[2026-06-16 13:33:56] >> GET /v1/asset/?id=656180015&serverplaceid=0&scriptinsert=1&clientinsert=0
[2026-06-16 13:33:56] FetchUrl: HTTP 403 for https://assetdelivery.roblox.com/v1/asset/?id=656180015
[2026-06-16 13:33:56] Asset 656180015: fetch failed, falling back to redirect
[2026-06-16 13:33:57] >> GET /v1/asset/?id=656180015&serverplaceid=0&scriptinsert=1&clientinsert=0
[2026-06-16 13:33:57] FetchUrl: HTTP 403 for https://assetdelivery.roblox.com/v1/asset/?id=656180015
[2026-06-16 13:33:57] Asset 656180015: fetch failed, falling back to redirect
[2026-06-16 13:33:58] >> GET /v1/asset/?id=656180015&serverplaceid=0&scriptinsert=1&clientinsert=0
[2026-06-16 13:33:58] FetchUrl: HTTP 403 for https://assetdelivery.roblox.com/v1/asset/?id=656180015
[2026-06-16 13:33:58] Asset 656180015: fetch failed, falling back to redirect
[2026-06-16 13:33:59] >> GET /v1/asset/?id=656180015&serverplaceid=0&scriptinsert=1&clientinsert=0
[2026-06-16 13:33:59] FetchUrl: HTTP 403 for https://assetdelivery.roblox.com/v1/asset/?id=656180015
[2026-06-16 13:33:59] Asset 656180015: fetch failed, falling back to redirect
[2026-06-16 13:34:00] >> GET /v1/asset/?id=656180015&serverplaceid=0&scriptinsert=1&clientinsert=0
[2026-06-16 13:34:00] FetchUrl: HTTP 403 for https://assetdelivery.roblox.com/v1/asset/?id=656180015
[2026-06-16 13:34:00] Asset 656180015: fetch failed, falling back to redirect
[2026-06-16 13:34:01] >> GET /v1/asset/?id=656180015&serverplaceid=0&scriptinsert=1&clientinsert=0
[2026-06-16 13:34:01] FetchUrl: HTTP 403 for https://assetdelivery.roblox.com/v1/asset/?id=656180015
[2026-06-16 13:34:01] Asset 656180015: fetch failed, falling back to redirect
[2026-06-16 13:34:02] >> GET /v1/asset/?id=656180015&serverplaceid=0&scriptinsert=1&clientinsert=0
[2026-06-16 13:34:02] FetchUrl: HTTP 403 for https://assetdelivery.roblox.com/v1/asset/?id=656180015
[2026-06-16 13:34:02] Asset 656180015: fetch failed, falling back to redirect
[2026-06-16 13:34:03] >> POST /v1.0/SequenceStatistics/BatchAddToSequencesV2?apiKey=76E5A40C-3AE1-4028-9F10-7C62520BD94F
[2026-06-16 13:34:03] << /v1.0/SequenceStatistics/BatchAddToSequencesV2 -> {}
[2026-06-16 13:34:03] >> POST /v1.0/SequenceStatistics/BatchAddToSequencesV2?apiKey=76E5A40C-3AE1-4028-9F10-7C62520BD94F
[2026-06-16 13:34:03] >> POST /timespent/pbe
[2026-06-16 13:34:03] >> POST /experience-signals-ingest/public/v1/events/single
[2026-06-16 13:34:03] << /v1.0/SequenceStatistics/BatchAddToSequencesV2 -> {}
[2026-06-16 13:34:03] << /timespent/pbe -> {}
[2026-06-16 13:34:03] << /experience-signals-ingest/public/v1/events/single -> {}
[2026-06-16 13:34:03] >> POST /v1.1/Counters/BatchIncrement?apiKey=76E5A40C-3AE1-4028-9F10-7C62520BD94F
[2026-06-16 13:34:03] << /v1.1/Counters/BatchIncrement -> {}
[2026-06-16 13:34:03] >> GET /v1/asset/?id=656180015&serverplaceid=0&scriptinsert=1&clientinsert=0
[2026-06-16 13:34:03] FetchUrl: HTTP 403 for https://assetdelivery.roblox.com/v1/asset/?id=656180015
[2026-06-16 13:34:03] Asset 656180015: fetch failed, falling back to redirect
[2026-06-16 13:34:04] >> GET /v1/asset/?id=656180015&serverplaceid=0&scriptinsert=1&clientinsert=0
[2026-06-16 13:34:04] FetchUrl: HTTP 403 for https://assetdelivery.roblox.com/v1/asset/?id=656180015
[2026-06-16 13:34:04] Asset 656180015: fetch failed, falling back to redirect
[2026-06-16 13:34:05] >> GET /v1/asset/?id=656180015&serverplaceid=0&scriptinsert=1&clientinsert=0
[2026-06-16 13:34:05] FetchUrl: HTTP 403 for https://assetdelivery.roblox.com/v1/asset/?id=656180015
[2026-06-16 13:34:05] Asset 656180015: fetch failed, falling back to redirect
[2026-06-16 13:34:06] >> GET /v1/asset/?id=656180015&serverplaceid=0&scriptinsert=1&clientinsert=0
[2026-06-16 13:34:06] FetchUrl: HTTP 403 for https://assetdelivery.roblox.com/v1/asset/?id=656180015
[2026-06-16 13:34:06] Asset 656180015: fetch failed, falling back to redirect
[2026-06-16 13:34:06] >> POST /user-heartbeats-api/pulse
[2026-06-16 13:34:06] << /user-heartbeats-api/pulse -> {"accounts": [{"username": "HearMeRoar","robloxCookie": "","pulseInterval": 30000,"enableLogging": true}],"globalConfig": {"retryAttempts": 3,"retryDelay": 5000}}
[2026-06-16 13:34:07] >> GET /v1/asset/?id=656180015&serverplaceid=0&scriptinsert=1&clientinsert=0
[2026-06-16 13:34:07] FetchUrl: HTTP 403 for https://assetdelivery.roblox.com/v1/asset/?id=656180015
[2026-06-16 13:34:07] Asset 656180015: fetch failed, falling back to redirect
[2026-06-16 13:34:08] >> GET /v1/asset/?id=656180015&serverplaceid=0&scriptinsert=1&clientinsert=0
[2026-06-16 13:34:08] FetchUrl: HTTP 403 for https://assetdelivery.roblox.com/v1/asset/?id=656180015
[2026-06-16 13:34:08] Asset 656180015: fetch failed, falling back to redirect
[2026-06-16 13:34:09] >> GET /v1/asset/?id=656180015&serverplaceid=0&scriptinsert=1&clientinsert=0
[2026-06-16 13:34:09] FetchUrl: HTTP 403 for https://assetdelivery.roblox.com/v1/asset/?id=656180015
[2026-06-16 13:34:09] Asset 656180015: fetch failed, falling back to redirect
[2026-06-16 13:34:09] >> GET /userhub/?id=
[2026-06-16 13:34:09] 404 GET /userhub/
[2026-06-16 13:34:09] << /userhub/ -> {"errors":[{"code":"NotFound","message":"Not found"}]}
[2026-06-16 13:34:10] >> GET /v1/asset/?id=656180015&serverplaceid=0&scriptinsert=1&clientinsert=0
[2026-06-16 13:34:10] FetchUrl: HTTP 403 for https://assetdelivery.roblox.com/v1/asset/?id=656180015
[2026-06-16 13:34:10] Asset 656180015: fetch failed, falling back to redirect
[2026-06-16 13:34:10] >> GET /v1/asset/?id=656180015&serverplaceid=0&scriptinsert=1&clientinsert=0
[2026-06-16 13:34:11] FetchUrl: HTTP 403 for https://assetdelivery.roblox.com/v1/asset/?id=656180015
[2026-06-16 13:34:11] Asset 656180015: fetch failed, falling back to redirect
[2026-06-16 13:34:11] >> POST /v1.1/Counters/BatchIncrement?apiKey=76E5A40C-3AE1-4028-9F10-7C62520BD94F
[2026-06-16 13:34:11] << /v1.1/Counters/BatchIncrement -> {}
[2026-06-16 13:34:11] >> GET /v1/asset/?id=656180015&serverplaceid=0&scriptinsert=1&clientinsert=0
[2026-06-16 13:34:12] FetchUrl: HTTP 403 for https://assetdelivery.roblox.com/v1/asset/?id=656180015
[2026-06-16 13:34:12] Asset 656180015: fetch failed, falling back to redirect
[2026-06-16 13:34:12] >> GET /v1/asset/?id=656180015&serverplaceid=0&scriptinsert=1&clientinsert=0
[2026-06-16 13:34:12] FetchUrl: HTTP 403 for https://assetdelivery.roblox.com/v1/asset/?id=656180015
[2026-06-16 13:34:12] Asset 656180015: fetch failed, falling back to redirect
[2026-06-16 13:34:13] >> GET /v1/asset/?id=656180015&serverplaceid=0&scriptinsert=1&clientinsert=0
[2026-06-16 13:34:13] FetchUrl: HTTP 403 for https://assetdelivery.roblox.com/v1/asset/?id=656180015
[2026-06-16 13:34:13] Asset 656180015: fetch failed, falling back to redirect
[2026-06-16 13:34:14] >> GET /v1/asset/?id=656180015&serverplaceid=0&scriptinsert=1&clientinsert=0
[2026-06-16 13:34:14] FetchUrl: HTTP 403 for https://assetdelivery.roblox.com/v1/asset/?id=656180015
[2026-06-16 13:34:14] Asset 656180015: fetch failed, falling back to redirect
[2026-06-16 13:34:15] >> GET /v1/asset/?id=656180015&serverplaceid=0&scriptinsert=1&clientinsert=0
[2026-06-16 13:34:15] FetchUrl: HTTP 403 for https://assetdelivery.roblox.com/v1/asset/?id=656180015
[2026-06-16 13:34:15] Asset 656180015: fetch failed, falling back to redirect
[2026-06-16 13:34:16] >> GET /v1/asset/?id=656180015&serverplaceid=0&scriptinsert=1&clientinsert=0
[2026-06-16 13:34:16] FetchUrl: HTTP 403 for https://assetdelivery.roblox.com/v1/asset/?id=656180015
[2026-06-16 13:34:16] Asset 656180015: fetch failed, falling back to redirect
[2026-06-16 13:34:17] >> GET /v1/asset/?id=656180015&serverplaceid=0&scriptinsert=1&clientinsert=0
[2026-06-16 13:34:17] FetchUrl: HTTP 403 for https://assetdelivery.roblox.com/v1/asset/?id=656180015
[2026-06-16 13:34:17] Asset 656180015: fetch failed, falling back to redirect
[2026-06-16 13:34:18] >> GET /v1/asset/?id=656180015&serverplaceid=0&scriptinsert=1&clientinsert=0
[2026-06-16 13:34:18] FetchUrl: HTTP 403 for https://assetdelivery.roblox.com/v1/asset/?id=656180015
[2026-06-16 13:34:18] Asset 656180015: fetch failed, falling back to redirect
[2026-06-16 13:34:19] >> GET /v1/asset/?id=656180015&serverplaceid=0&scriptinsert=1&clientinsert=0
[2026-06-16 13:34:19] FetchUrl: HTTP 403 for https://assetdelivery.roblox.com/v1/asset/?id=656180015
[2026-06-16 13:34:19] Asset 656180015: fetch failed, falling back to redirect
[2026-06-16 13:34:20] >> GET /v1/asset/?id=656180015&serverplaceid=0&scriptinsert=1&clientinsert=0
[2026-06-16 13:34:20] FetchUrl: HTTP 403 for https://assetdelivery.roblox.com/v1/asset/?id=656180015
[2026-06-16 13:34:20] Asset 656180015: fetch failed, falling back to redirect
[2026-06-16 13:34:21] >> GET /v1/asset/?id=656180015&serverplaceid=0&scriptinsert=1&clientinsert=0
[2026-06-16 13:34:21] FetchUrl: HTTP 403 for https://assetdelivery.roblox.com/v1/asset/?id=656180015
[2026-06-16 13:34:21] Asset 656180015: fetch failed, falling back to redirect
[2026-06-16 13:34:22] >> GET /v1/asset/?id=656180015&serverplaceid=0&scriptinsert=1&clientinsert=0
[2026-06-16 13:34:22] FetchUrl: HTTP 403 for https://assetdelivery.roblox.com/v1/asset/?id=656180015
[2026-06-16 13:34:22] Asset 656180015: fetch failed, falling back to redirect
[2026-06-16 13:34:23] >> GET /v1/asset/?id=656180015&serverplaceid=0&scriptinsert=1&clientinsert=0
[2026-06-16 13:34:23] FetchUrl: HTTP 403 for https://assetdelivery.roblox.com/v1/asset/?id=656180015
[2026-06-16 13:34:23] Asset 656180015: fetch failed, falling back to redirect
[2026-06-16 13:34:24] >> GET /v1/asset/?id=656180015&serverplaceid=0&scriptinsert=1&clientinsert=0
[2026-06-16 13:34:24] FetchUrl: HTTP 403 for https://assetdelivery.roblox.com/v1/asset/?id=656180015
[2026-06-16 13:34:24] Asset 656180015: fetch failed, falling back to redirect
[2026-06-16 13:34:25] >> GET /v1/asset/?id=656180015&serverplaceid=0&scriptinsert=1&clientinsert=0
[2026-06-16 13:34:25] FetchUrl: HTTP 403 for https://assetdelivery.roblox.com/v1/asset/?id=656180015
[2026-06-16 13:34:25] Asset 656180015: fetch failed, falling back to redirect
[2026-06-16 13:34:26] >> GET /v1/asset/?id=656180015&serverplaceid=0&scriptinsert=1&clientinsert=0
[2026-06-16 13:34:26] FetchUrl: HTTP 403 for https://assetdelivery.roblox.com/v1/asset/?id=656180015
[2026-06-16 13:34:26] Asset 656180015: fetch failed, falling back to redirect
[2026-06-16 13:34:27] >> GET /v1/asset/?id=656180015&serverplaceid=0&scriptinsert=1&clientinsert=0
[2026-06-16 13:34:27] FetchUrl: HTTP 403 for https://assetdelivery.roblox.com/v1/asset/?id=656180015
[2026-06-16 13:34:27] Asset 656180015: fetch failed, falling back to redirect
[2026-06-16 13:34:28] >> GET /v1/asset/?id=656180015&serverplaceid=0&scriptinsert=1&clientinsert=0
[2026-06-16 13:34:28] FetchUrl: HTTP 403 for https://assetdelivery.roblox.com/v1/asset/?id=656180015
[2026-06-16 13:34:28] Asset 656180015: fetch failed, falling back to redirect
[2026-06-16 13:34:29] >> GET /v1/asset/?id=656180015&serverplaceid=0&scriptinsert=1&clientinsert=0
[2026-06-16 13:34:29] FetchUrl: HTTP 403 for https://assetdelivery.roblox.com/v1/asset/?id=656180015
[2026-06-16 13:34:29] Asset 656180015: fetch failed, falling back to redirect
[2026-06-16 13:34:30] >> GET /v1/asset/?id=656180015&serverplaceid=0&scriptinsert=1&clientinsert=0
[2026-06-16 13:34:30] FetchUrl: HTTP 403 for https://assetdelivery.roblox.com/v1/asset/?id=656180015
[2026-06-16 13:34:30] Asset 656180015: fetch failed, falling back to redirect
[2026-06-16 13:34:30] >> POST /experience-signals-ingest/rcc/v1/events/uniform
[2026-06-16 13:34:30] << /experience-signals-ingest/rcc/v1/events/uniform -> {}
[2026-06-16 13:34:30] >> GET /v1/asset/?id=656180015&serverplaceid=0&scriptinsert=1&clientinsert=0
[2026-06-16 13:34:31] FetchUrl: HTTP 403 for https://assetdelivery.roblox.com/v1/asset/?id=656180015
[2026-06-16 13:34:31] Asset 656180015: fetch failed, falling back to redirect
[2026-06-16 13:34:31] >> GET /v1/asset/?id=656180015&serverplaceid=0&scriptinsert=1&clientinsert=0
[2026-06-16 13:34:32] FetchUrl: HTTP 403 for https://assetdelivery.roblox.com/v1/asset/?id=656180015
[2026-06-16 13:34:32] Asset 656180015: fetch failed, falling back to redirect
[2026-06-16 13:34:32] >> GET /v1/asset/?id=656180015&serverplaceid=0&scriptinsert=1&clientinsert=0
[2026-06-16 13:34:32] FetchUrl: HTTP 403 for https://assetdelivery.roblox.com/v1/asset/?id=656180015
[2026-06-16 13:34:32] Asset 656180015: fetch failed, falling back to redirect
[2026-06-16 13:34:33] >> POST /v1.0/SequenceStatistics/BatchAddToSequencesV2?apiKey=76E5A40C-3AE1-4028-9F10-7C62520BD94F
[2026-06-16 13:34:33] >> POST /studio/pbe
[2026-06-16 13:34:33] >> POST /timespent/pbe
[2026-06-16 13:34:33] >> POST /experience-signals-ingest/public/v1/events/single
[2026-06-16 13:34:33] << /v1.0/SequenceStatistics/BatchAddToSequencesV2 -> {}
[2026-06-16 13:34:33] << /studio/pbe -> {}
[2026-06-16 13:34:33] << /timespent/pbe -> {}
[2026-06-16 13:34:33] << /experience-signals-ingest/public/v1/events/single -> {}
[2026-06-16 13:34:33] >> GET /v1/asset/?id=656180015&serverplaceid=0&scriptinsert=1&clientinsert=0
[2026-06-16 13:34:33] FetchUrl: HTTP 403 for https://assetdelivery.roblox.com/v1/asset/?id=656180015
[2026-06-16 13:34:33] Asset 656180015: fetch failed, falling back to redirect
[2026-06-16 13:34:34] >> GET /v1/asset/?id=656180015&serverplaceid=0&scriptinsert=1&clientinsert=0
[2026-06-16 13:34:34] FetchUrl: HTTP 403 for https://assetdelivery.roblox.com/v1/asset/?id=656180015
[2026-06-16 13:34:34] Asset 656180015: fetch failed, falling back to redirect
[2026-06-16 13:34:35] >> GET /v1/asset/?id=656180015&serverplaceid=0&scriptinsert=1&clientinsert=0
[2026-06-16 13:34:35] FetchUrl: HTTP 403 for https://assetdelivery.roblox.com/v1/asset/?id=656180015
[2026-06-16 13:34:35] Asset 656180015: fetch failed, falling back to redirect
[2026-06-16 13:34:36] >> GET /v1/asset/?id=656180015&serverplaceid=0&scriptinsert=1&clientinsert=0
[2026-06-16 13:34:36] >> POST /user-heartbeats-api/pulse
[2026-06-16 13:34:36] << /user-heartbeats-api/pulse -> {"accounts": [{"username": "HearMeRoar","robloxCookie": "","pulseInterval": 30000,"enableLogging": true}],"globalConfig": {"retryAttempts": 3,"retryDelay": 5000}}
[2026-06-16 13:34:36] FetchUrl: HTTP 403 for https://assetdelivery.roblox.com/v1/asset/?id=656180015
[2026-06-16 13:34:36] Asset 656180015: fetch failed, falling back to redirect
[2026-06-16 13:34:37] >> GET /v1/asset/?id=656180015&serverplaceid=0&scriptinsert=1&clientinsert=0
[2026-06-16 13:34:37] FetchUrl: HTTP 403 for https://assetdelivery.roblox.com/v1/asset/?id=656180015
[2026-06-16 13:34:37] Asset 656180015: fetch failed, falling back to redirect
[2026-06-16 13:34:38] >> GET /v1/asset/?id=656180015&serverplaceid=0&scriptinsert=1&clientinsert=0
[2026-06-16 13:34:38] FetchUrl: HTTP 403 for https://assetdelivery.roblox.com/v1/asset/?id=656180015
[2026-06-16 13:34:38] Asset 656180015: fetch failed, falling back to redirect
[2026-06-16 13:34:41] >> GET /userhub/?id=
[2026-06-16 13:34:41] 404 GET /userhub/
[2026-06-16 13:34:41] << /userhub/ -> {"errors":[{"code":"NotFound","message":"Not found"}]}
[2026-06-16 13:34:47] >> POST /v1.0/SequenceStatistics/BatchAddToSequencesV2?apiKey=76E5A40C-3AE1-4028-9F10-7C62520BD94F
[2026-06-16 13:34:47] << /v1.0/SequenceStatistics/BatchAddToSequencesV2 -> {}
[2026-06-16 13:34:47] >> POST /v1.1/Counters/BatchIncrement?apiKey=76E5A40C-3AE1-4028-9F10-7C62520BD94F
[2026-06-16 13:34:47] << /v1.1/Counters/BatchIncrement -> {}
[2026-06-16 13:35:03] >> POST /v1.1/Counters/BatchIncrement?apiKey=76E5A40C-3AE1-4028-9F10-7C62520BD94F
[2026-06-16 13:35:03] >> POST /v1.0/SequenceStatistics/BatchAddToSequencesV2?apiKey=76E5A40C-3AE1-4028-9F10-7C62520BD94F
[2026-06-16 13:35:03] << /v1.1/Counters/BatchIncrement -> {}
[2026-06-16 13:35:03] >> POST /studio/pbe
[2026-06-16 13:35:03] >> POST /timespent/pbe
[2026-06-16 13:35:03] >> POST /experience-signals-ingest/public/v1/events/single
[2026-06-16 13:35:03] << /v1.0/SequenceStatistics/BatchAddToSequencesV2 -> {}
[2026-06-16 13:35:03] << /studio/pbe -> {}
[2026-06-16 13:35:03] << /timespent/pbe -> {}
[2026-06-16 13:35:03] << /experience-signals-ingest/public/v1/events/single -> {}
[2026-06-16 13:35:06] >> POST /user-heartbeats-api/pulse
[2026-06-16 13:35:06] << /user-heartbeats-api/pulse -> {"accounts": [{"username": "HearMeRoar","robloxCookie": "","pulseInterval": 30000,"enableLogging": true}],"globalConfig": {"retryAttempts": 3,"retryDelay": 5000}}
[2026-06-16 13:35:11] >> GET /userhub/?id=
[2026-06-16 13:35:11] 404 GET /userhub/
[2026-06-16 13:35:11] << /userhub/ -> {"errors":[{"code":"NotFound","message":"Not found"}]}
[2026-06-16 13:35:12] >> POST /v1.0/SequenceStatistics/BatchAddToSequencesV2?apiKey=76E5A40C-3AE1-4028-9F10-7C62520BD94F
[2026-06-16 13:35:12] << /v1.0/SequenceStatistics/BatchAddToSequencesV2 -> {}
[2026-06-16 13:35:12] >> POST /v1.1/Counters/BatchIncrement?apiKey=76E5A40C-3AE1-4028-9F10-7C62520BD94F
[2026-06-16 13:35:12] << /v1.1/Counters/BatchIncrement -> {}
[2026-06-16 13:35:33] >> POST /v1.0/SequenceStatistics/BatchAddToSequencesV2?apiKey=76E5A40C-3AE1-4028-9F10-7C62520BD94F
[2026-06-16 13:35:33] >> POST /timespent/pbe
[2026-06-16 13:35:33] >> POST /studio/pbe
[2026-06-16 13:35:33] >> POST /experience-signals-ingest/public/v1/events/single
[2026-06-16 13:35:33] << /v1.0/SequenceStatistics/BatchAddToSequencesV2 -> {}
[2026-06-16 13:35:33] << /timespent/pbe -> {}
[2026-06-16 13:35:33] << /studio/pbe -> {}
[2026-06-16 13:35:33] << /experience-signals-ingest/public/v1/events/single -> {}
[2026-06-16 13:35:36] >> POST /user-heartbeats-api/pulse
[2026-06-16 13:35:36] << /user-heartbeats-api/pulse -> {"accounts": [{"username": "HearMeRoar","robloxCookie": "","pulseInterval": 30000,"enableLogging": true}],"globalConfig": {"retryAttempts": 3,"retryDelay": 5000}}
[2026-06-16 13:35:41] >> GET /userhub/?id=
[2026-06-16 13:35:41] 404 GET /userhub/
[2026-06-16 13:35:41] << /userhub/ -> {"errors":[{"code":"NotFound","message":"Not found"}]}
[2026-06-16 13:35:47] >> POST /studio/pbe
[2026-06-16 13:35:47] >> POST /studio/pbe
[2026-06-16 13:35:47] >> PATCH /studio-user-settings/v1/user/studiodata/CloudEditKey_placeId9000000000049
[2026-06-16 13:35:47] << /studio/pbe -> {}
[2026-06-16 13:35:47] << /studio/pbe -> {}
[2026-06-16 13:35:47] << /studio-user-settings/v1/user/studiodata/CloudEditKey_placeId9000000000049 -> {}
[2026-06-16 13:35:52] >> GET /v1/not-approved
[2026-06-16 13:35:52] >> POST /user-heartbeats-api/action-report
[2026-06-16 13:35:52] << /v1/not-approved -> {}
[2026-06-16 13:35:52] << /user-heartbeats-api/action-report -> {"accounts": [{"username": "HearMeRoar","robloxCookie": "","pulseInterval": 30000,"enableLogging": true}],"globalConfig": {"retryAttempts": 3,"retryDelay": 5000}}
[2026-06-16 13:35:52] >> POST /studio/pbe
[2026-06-16 13:35:52] >> POST /studio/pbe
[2026-06-16 13:35:52] << /studio/pbe -> {}
[2026-06-16 13:35:52] << /studio/pbe -> {}
[2026-06-16 13:35:52] >> POST /user-heartbeats-api/action-report
[2026-06-16 13:35:52] >> GET /v1/universes/multiget?ids=9000000000048&ids=9000000000124&ids=9000000000020&ids=9000000000046&ids=9000000000098&ids=9000000000068&ids=9000000000016&ids=9000000000088&ids=9000000000064&ids=9000000000092&ids=9000000000096&ids=9000000000080&ids=9000000000018&ids=9000000000040&ids=9000000000030&ids=9000000000070&ids=9000000000034&ids=9000000000002&ids=9000000000026&ids=9000000000052&ids=9000000000022&ids=9000000000050&ids=9000000000062&ids=9000000000044
[2026-06-16 13:35:52] << /user-heartbeats-api/action-report -> {"accounts": [{"username": "HearMeRoar","robloxCookie": "","pulseInterval": 30000,"enableLogging": true}],"globalConfig": {"retryAttempts": 3,"retryDelay": 5000}}
[2026-06-16 13:35:53] >> POST /v1.0/SequenceStatistics/BatchAddToSequencesV2?apiKey=76E5A40C-3AE1-4028-9F10-7C62520BD94F
[2026-06-16 13:35:53] >> POST /v1.1/Counters/BatchIncrement?apiKey=76E5A40C-3AE1-4028-9F10-7C62520BD94F
[2026-06-16 13:35:53] << /v1.0/SequenceStatistics/BatchAddToSequencesV2 -> {}
[2026-06-16 13:35:53] << /v1.1/Counters/BatchIncrement -> {}
[2026-06-16 13:35:53] >> POST /v1.0/SequenceStatistics/BatchAddToSequencesV2?apiKey=76E5A40C-3AE1-4028-9F10-7C62520BD94F
[2026-06-16 13:35:53] >> POST /v1.1/Counters/BatchIncrement?apiKey=76E5A40C-3AE1-4028-9F10-7C62520BD94F
[2026-06-16 13:35:53] << /v1.0/SequenceStatistics/BatchAddToSequencesV2 -> {}
[2026-06-16 13:35:53] << /v1.1/Counters/BatchIncrement -> {}
[2026-06-16 13:35:54] >> POST /v1.1/Counters/BatchIncrement?apiKey=76E5A40C-3AE1-4028-9F10-7C62520BD94F
[2026-06-16 13:35:54] >> POST /v1.0/SequenceStatistics/BatchAddToSequencesV2?apiKey=76E5A40C-3AE1-4028-9F10-7C62520BD94F
[2026-06-16 13:35:54] >> POST /studio/pbe
[2026-06-16 13:35:54] >> POST /timespent/pbe
[2026-06-16 13:35:54] >> POST /experience-signals-ingest/public/v1/events/single
[2026-06-16 13:35:54] << /v1.1/Counters/BatchIncrement -> {}
[2026-06-16 13:35:54] << /v1.0/SequenceStatistics/BatchAddToSequencesV2 -> {}
[2026-06-16 13:35:54] << /studio/pbe -> {}
[2026-06-16 13:35:54] << /timespent/pbe -> {}
[2026-06-16 13:35:54] << /experience-signals-ingest/public/v1/events/single -> {}
[2026-06-16 13:35:54] >> POST /experience-signals-ingest/public/v1/events/single
[2026-06-16 13:35:54] << /experience-signals-ingest/public/v1/events/single -> {}
[2026-06-16 13:35:54] >> POST /experience-signals-ingest/public/v1/events/single
[2026-06-16 13:35:54] << /experience-signals-ingest/public/v1/events/single -> {}
[2026-06-16 13:35:54] >> POST /experience-signals-ingest/public/v1/events/single
[2026-06-16 13:35:54] << /experience-signals-ingest/public/v1/events/single -> {}
[2026-06-16 13:35:54] >> POST /experience-signals-ingest/public/v1/events/single
[2026-06-16 13:35:54] << /experience-signals-ingest/public/v1/events/single -> {}
[2026-06-16 13:35:55] >> POST /experience-signals-ingest/public/v1/events/single
[2026-06-16 13:35:55] << /experience-signals-ingest/public/v1/events/single -> {}
[2026-06-16 13:35:55] >> POST /experience-signals-ingest/public/v1/events/single
[2026-06-16 13:35:55] << /experience-signals-ingest/public/v1/events/single -> {}
[2026-06-16 13:35:55] >> POST /experience-signals-ingest/public/v1/events/single
[2026-06-16 13:35:55] << /experience-signals-ingest/public/v1/events/single -> {}
[2026-06-16 13:35:55] >> POST /experience-signals-ingest/public/v1/events/single
[2026-06-16 13:35:55] << /experience-signals-ingest/public/v1/events/single -> {}
[2026-06-16 13:35:56] >> POST /experience-signals-ingest/public/v1/events/single
[2026-06-16 13:35:56] << /experience-signals-ingest/public/v1/events/single -> {}
[2026-06-16 13:35:56] >> POST /experience-signals-ingest/public/v1/events/single
[2026-06-16 13:35:56] << /experience-signals-ingest/public/v1/events/single -> {}
