[2026-06-16 12:33:24] === HookedWebserver startup ===
[2026-06-16 12:33:24] DLL directory: C:\Users\catoa\Desktop\Roblox Downloads\OffBloxModern\Clients\OffBlox\
[2026-06-16 12:33:24] Username: HearMeRoar  UserId: 14463315
[2026-06-16 12:33:24] HTTP port: 80  HTTPS port: 443
[2026-06-16 12:33:24] Winsock initialized
[2026-06-16 12:33:24] Sign key: loaded OK
[2026-06-16 12:33:24] SSL: PEM cert+key loaded OK (PKCS#8 key, no PFX needed)
[2026-06-16 12:33:24] SSL/TLS: loaded OK
[2026-06-16 12:33:24] Server ACTIVE — listening on HTTP:80 and HTTPS:443
[2026-06-16 12:33:24] Startup complete.
[2026-06-16 12:33:24] Roblox cookie probe (users/authenticated): HTTP 200 -> valid
[2026-06-16 12:33:24] Roblox cookie: loaded & valid
[2026-06-16 12:33:24] >> GET /guac-v2/v1/bundles/studio
[2026-06-16 12:33:24] >> GET /v2/client-version/WindowsStudio64
[2026-06-16 12:33:24] << /guac-v2/v1/bundles/studio -> {"version":"1","bundle":{"name":"studio","configurations":{"Feature_DisableOldCookieManagementSticky":"0;100","Feature_UnifiedCookieProtocolEnabled":"0;100","Feature_UnifiedCookieProtocolEnabledSticky":"0;100","Feature_AccessCookiesWithUrlEnabledSticky":"0;100"},"experiments":{}}}
[2026-06-16 12:33:24] >> GET /v2/settings/application/PCStudioApp
[2026-06-16 12:33:24] << /v2/client-version/WindowsStudio64 -> {"version":"0.578.0.5780566","clientVersionUpload":"version-f0b439683245446c","bootstrapperVersion":"1.0.0.0","nextClientVersion":"0.578.0.5780566","nextClientVersionUpload":"version-f0b439683245446c","flagOnly":true}
[2026-06-16 12:33:24] PCStudioApp: injected DebugLocalRccServerConnectionPort=25565
[2026-06-16 12:33:25] >> GET /oauth/.well-known/openid-configuration
[2026-06-16 12:33:25] >> POST /studio/pbe
[2026-06-16 12:33:25] << /oauth/.well-known/openid-configuration -> {"issuer":"http://localhost/oauth/","authorization_endpoint":"http://localhost/oauth/v1/authorize","token_endpoint":"http://localhost/oauth/v1/token","introspection_endpoint":"http://localhost/oauth/v1/token/introspect","revocation_endpoint":"http://localhost/oauth/v1/token/revoke","resources_endpoint":"http://localhost/oauth/v1/token/resources","userinfo_endpoint":"http://localhost/oauth/v1/userinfo","jwks_uri":"http://localhost/oauth/v1/certs","registration_endpoint":"http://localhost/dashboard/credentials","service_documentation":"http://localhost/docs/reference/cloud","scopes_supported":["openid","profile","email","verification","credentials","age","premium","roles","attributes"],"response_types_supported":["none","code"],"subject_types_supported":["public"],"id_token_signing_alg_values_supported":["ES256"],"claims_supported":["sub","type","iss","aud","exp","iat","nonce","name","nickname","preferred_username","created_at","profile","picture","email","email_ve
[2026-06-16 12:33:25] << /studio/pbe -> {}
[2026-06-16 12:33:25] >> POST /product-experimentation-platform/v1/projects/1/values
[2026-06-16 12:33:25] << /product-experimentation-platform/v1/projects/1/values -> {"assignments":[]}
[2026-06-16 12:33:25] >> POST /studio/pbe
[2026-06-16 12:33:25] << /studio/pbe -> {}
[2026-06-16 12:33:26] >> POST /v1.0/SequenceStatistics/BatchAddToSequencesV2?apiKey=76E5A40C-3AE1-4028-9F10-7C62520BD94F
[2026-06-16 12:33:26] << /v1.0/SequenceStatistics/BatchAddToSequencesV2 -> {}
[2026-06-16 12:33:26] >> POST /v1.1/Counters/BatchIncrement?apiKey=76E5A40C-3AE1-4028-9F10-7C62520BD94F
[2026-06-16 12:33:26] << /v1.1/Counters/BatchIncrement -> {}
[2026-06-16 12:33:28] >> GET /oauth/v1/authorize?response_type=code&code_challenge=0COMhPvRIQWU5_QE1gPGKyqmGAj0ONK_ctyouSjCapE&code_challenge_method=S256&client_id&redirect_uri=roblox-studio-auth%3A%2F&scope=openid+credentials+profile+age+roles+premium+verification&nonce=id-roblox&state=eyJwaWQiOiIyMzQwMCIsImV2ZW50X2hhbmRsZXJfbmFtZSI6IkV4dGVybmFsTG9naW5GbG93IiwiZGF0YSI6IkUxVHRMWnpMcERlY1ZkbWcydU1QRW5td1B2ZGdSRVZfMS1UZzJjZ0M2cXMifQ%3D%3D
[2026-06-16 12:33:28] /authorize: client_id='roblox_studio_client' nonce='id-roblox' redirect_uri='roblox-studio-auth:/'
[2026-06-16 12:33:28] >> POST /oauth/v1/token
[2026-06-16 12:33:28] /v1/token body: [grant_type=authorization_code&code=hardcoded_auth_code_2023&code_verifier=azghwhmUVZg9BB2HjiboJJmY90FMnhlsaK8aD5hnYIc&client_id=]
[2026-06-16 12:33:28] /v1/token qs client_id: [(missing)]
[2026-06-16 12:33:28] << /oauth/v1/token -> {"access_token":"hardcoded_access_token","token_type":"Bearer","expires_in":1800,"refresh_token":"hardcoded_refresh_token","scope":"openid credentials profile age roles premium","id_token":"eyJhbGciOiJFUzI1NiIsInR5cCI6IkpXVCIsImtpZCI6ImhhcmRjb2RlZC1rZXktMSJ9.eyJzdWIiOiIxNDQ2MzMxNSIsInR5cGUiOiJVc2VyIiwiaXNzIjoiaHR0cDovL2xvY2FsaG9zdC9vYXV0aC8iLCJhdWQiOiJyb2Jsb3hfc3R1ZGlvX2NsaWVudCIsImV4cCI6MTc4MTY0MDIwMywiaWF0IjoxNzgxNjM4NDAzLCJub25jZSI6ImlkLXJvYmxveCIsIm5hbWUiOiJIZWFyTWVSb2FyIiwibmlja25hbWUiOiJEZXYiLCJwcmVmZXJyZWRfdXNlcm5hbWUiOiJIZWFyTWVSb2FyIiwiY3JlYXRlZF9hdCI6MTY4MDAwMDAwMCwicHJvZmlsZSI6Imh0dHBzOi8vd3d3LnJvYmxveC5jb20vdXNlcnMvMTQ0NjMzMTUvcHJvZmlsZSIsInBpY3R1cmUiOiJodHRwczovL3d3dy5yb2Jsb3guY29tL2hlYWRzaG90LXRodW1ibmFpbC9pbWFnZT91c2VySWQ9MTQ0NjMzMTUmd2lkdGg9NDIwJmhlaWdodD00MjAiLCJlbWFpbCI6ImRldkByb2Jsb3guZXhhbXBsZSIsImVtYWlsX3ZlcmlmaWVkIjp0cnVlLCJ2ZXJpZmllZCI6dHJ1ZSwiYWdlX2JyYWNrZXQiOiIxOCsiLCJwcmVtaXVtIjp0cnVlLCJyb2xlcyI6WyJEZXZlbG9wZXIiXSwiaW50ZXJuYWxfdXNlciI6ZmFsc2UsImF0dHJpYnV0ZXMiOn
[2026-06-16 12:33:29] >> GET /oauth/v1/userinfo
[2026-06-16 12:33:29] << /oauth/v1/userinfo -> {"sub":"14463315","type":"User","iss":"http://localhost/oauth/","aud":"roblox_studio_client","exp":1781642009,"iat":1781638409,"nonce":"id-roblox","name":"HearMeRoar","nickname":"Dev","preferred_username":"HearMeRoar","created_at":1680000000,"email":"dev@roblox.example","email_verified":true,"verified":true,"age_bracket":"18+","premium":true,"roles":["Developer"],"internal_user":false,"attributes":{}}
[2026-06-16 12:33:29] >> POST /validate-machine
[2026-06-16 12:33:29] << /validate-machine -> {}
[2026-06-16 12:33:29] >> GET /v1/not-approved
[2026-06-16 12:33:29] << /v1/not-approved -> {}
[2026-06-16 12:33:29] >> POST /experience-signals-ingest/public/v1/events/single
[2026-06-16 12:33:29] << /experience-signals-ingest/public/v1/events/single -> {}
[2026-06-16 12:33:29] >> POST /product-experimentation-platform/v1/projects/1/values
[2026-06-16 12:33:29] >> POST /product-experimentation-platform/v1/projects/1/values
[2026-06-16 12:33:29] << /product-experimentation-platform/v1/projects/1/values -> {"assignments":[]}
[2026-06-16 12:33:29] << /product-experimentation-platform/v1/projects/1/values -> {"assignments":[]}
[2026-06-16 12:33:29] >> GET /oauth/.well-known/openid-configuration
[2026-06-16 12:33:29] << /oauth/.well-known/openid-configuration -> {"issuer":"http://localhost/oauth/","authorization_endpoint":"http://localhost/oauth/v1/authorize","token_endpoint":"http://localhost/oauth/v1/token","introspection_endpoint":"http://localhost/oauth/v1/token/introspect","revocation_endpoint":"http://localhost/oauth/v1/token/revoke","resources_endpoint":"http://localhost/oauth/v1/token/resources","userinfo_endpoint":"http://localhost/oauth/v1/userinfo","jwks_uri":"http://localhost/oauth/v1/certs","registration_endpoint":"http://localhost/dashboard/credentials","service_documentation":"http://localhost/docs/reference/cloud","scopes_supported":["openid","profile","email","verification","credentials","age","premium","roles","attributes"],"response_types_supported":["none","code"],"subject_types_supported":["public"],"id_token_signing_alg_values_supported":["ES256"],"claims_supported":["sub","type","iss","aud","exp","iat","nonce","name","nickname","preferred_username","created_at","profile","picture","email","email_ve
[2026-06-16 12:33:29] >> POST /studio/pbe
[2026-06-16 12:33:29] << /studio/pbe -> {}
[2026-06-16 12:33:29] >> POST /product-experimentation-platform/v1/projects/1/values
[2026-06-16 12:33:29] >> POST /user-heartbeats-api/action-report
[2026-06-16 12:33:29] << /product-experimentation-platform/v1/projects/1/values -> {"assignments":[]}
[2026-06-16 12:33:29] >> GET /userhub/?id=
[2026-06-16 12:33:29] << /user-heartbeats-api/action-report -> {"accounts": [{"username": "HearMeRoar","robloxCookie": "","pulseInterval": 30000,"enableLogging": true}],"globalConfig": {"retryAttempts": 3,"retryDelay": 5000}}
[2026-06-16 12:33:29] 404 GET /userhub/
[2026-06-16 12:33:29] << /userhub/ -> {"errors":[{"code":"NotFound","message":"Not found"}]}
[2026-06-16 12:33:30] >> POST /experience-signals-ingest/public/v1/events/single
[2026-06-16 12:33:30] << /experience-signals-ingest/public/v1/events/single -> {}
[2026-06-16 12:33:30] >> GET /studio-user-data-api/beta-feature-metadata
[2026-06-16 12:33:30] >> GET /studio-user-data-api/beta-feature?pageSize=1000000000
[2026-06-16 12:33:30] >> GET /studio-user-data-api/plugin-metadata?pageSize=1000000000
[2026-06-16 12:33:30] << /studio-user-data-api/beta-feature-metadata -> {}
[2026-06-16 12:33:30] >> GET /studio-user-settings/plugin-permissions/v2/plugins?permissionType=ScriptInjection&cursor&pageSize=100
[2026-06-16 12:33:30] >> GET /studio-user-settings/plugin-permissions/v2/plugins?permissionType=HttpService&cursor&pageSize=100
[2026-06-16 12:33:30] >> GET /v2/user-channel?binaryType=WindowsStudio64
[2026-06-16 12:33:30] >> GET /access-management/v1/feature-access?featureNames=ShowIllegalContentReport&nameSpace=studio%2FSafetyFeatures
[2026-06-16 12:33:30] << /studio-user-data-api/beta-feature -> {}
[2026-06-16 12:33:30] << /studio-user-data-api/plugin-metadata -> {}
[2026-06-16 12:33:30] << /studio-user-settings/plugin-permissions/v2/plugins -> {}
[2026-06-16 12:33:30] << /studio-user-settings/plugin-permissions/v2/plugins -> {}
[2026-06-16 12:33:30] << /v2/user-channel -> {}
[2026-06-16 12:33:30] << /access-management/v1/feature-access -> {"featureAccess":[],"data":[]}
[2026-06-16 12:33:30] >> GET /v1/universes/multiget?ids=9000000000098&ids=9000000000048&ids=9000000000068&ids=9000000000016&ids=9000000000088&ids=9000000000064&ids=9000000000092&ids=9000000000096&ids=9000000000080&ids=9000000000018&ids=9000000000040&ids=9000000000030&ids=9000000000070&ids=9000000000034&ids=9000000000020&ids=9000000000002&ids=9000000000026&ids=9000000000052&ids=9000000000022&ids=9000000000050&ids=9000000000062&ids=9000000000044&ids=9000000000060&ids=9000000000024
[2026-06-16 12:33:30] >> GET /my/settings/json
[2026-06-16 12:33:30] << /my/settings/json -> {"UserId":14463315,"UserName":"HearMeRoar","DisplayName":"HearMeRoar","RobuxBalance":9999999999,"IsEmailVerified":true,"IsPremiumUser":true,"AgeBracket":0,"CountryCode":"US","Roles":["Developer","Soothsayer"],"AccountAgeInDays":1324354}
[2026-06-16 12:33:30] >> GET /v1/games/icons?universeIds=9000000000046&returnPolicy=AutoGenerated&size=256x256&format=Png&isCircular=false
[2026-06-16 12:33:30] >> GET /v2/assets/9000000000047/details
[2026-06-16 12:33:30] << /v1/games/icons -> {"data":[{"targetId":9000000000046,"state":"Completed","imageUrl":"http://localhost/Png.png"}]}
[2026-06-16 12:33:30] << /v2/assets/9000000000047/details -> {"TargetId":9000000000047,"AssetId":9000000000047,"ProductId":9000000000047,"assetId":9000000000047,"id":9000000000047,"Id":9000000000047,"TargetPlaceId":9000000000047,"PlaceId":9000000000047,"ProductType":"User Product","Name":"Phantom Forces","Description":"","AssetTypeId":9,"assetTypeId":9,"Creator":{"Id":14463315,"Name":"HearMeRoar","CreatorType":"User","CreatorTargetId":14463315,"HasVerifiedBadge":false,"id":14463315,"type":1,"creatorType":"User","creatorTargetId":14463315},"IconImageAssetId":0,"Created":"2022-05-11T13:27:09.897Z","Updated":"2022-06-19T07:23:39.03Z","created":"2022-05-11T13:27:09.897Z","updated":"2022-06-19T07:23:39.03Z","PriceInRobux":null,"Sales":0,"IsNew":false,"IsForSale":false,"IsPublicDomain":true,"IsLimited":false,"IsLimitedUnique":false,"isPublic":true,"isForSale":false,"isLimited":false,"isLimitedUnique":false,"enableComments":false}
[2026-06-16 12:33:30] >> POST /product-experimentation-platform/v1/projects/1/values
[2026-06-16 12:33:30] << /product-experimentation-platform/v1/projects/1/values -> {"assignments":[]}
[2026-06-16 12:33:30] >> POST /studio/pbe
[2026-06-16 12:33:30] << /studio/pbe -> {}
[2026-06-16 12:33:30] >> GET /Png.png
[2026-06-16 12:33:30] >> GET /userhub/?id=
[2026-06-16 12:33:30] 404 GET /userhub/
[2026-06-16 12:33:30] << /userhub/ -> {"errors":[{"code":"NotFound","message":"Not found"}]}
[2026-06-16 12:33:30] >> GET /v1/universes/multiget/teamcreate?ids=9000000000098&ids=9000000000048&ids=9000000000068&ids=9000000000016&ids=9000000000088&ids=9000000000064&ids=9000000000092&ids=9000000000096&ids=9000000000080&ids=9000000000018&ids=9000000000040&ids=9000000000030&ids=9000000000070&ids=9000000000034&ids=9000000000020&ids=9000000000002&ids=9000000000026&ids=9000000000052&ids=9000000000022&ids=9000000000050&ids=9000000000062&ids=9000000000044&ids=9000000000060&ids=9000000000024
[2026-06-16 12:33:30] TeamCreate stub (disabled): GET /v1/universes/multiget/teamcreate
[2026-06-16 12:33:30] << /v1/universes/multiget/teamcreate -> {"data":[{"id":9000000000098,"isEnabled":false},{"id":9000000000048,"isEnabled":false},{"id":9000000000068,"isEnabled":false},{"id":9000000000016,"isEnabled":false},{"id":9000000000088,"isEnabled":false},{"id":9000000000064,"isEnabled":false},{"id":9000000000092,"isEnabled":false},{"id":9000000000096,"isEnabled":false},{"id":9000000000080,"isEnabled":false},{"id":9000000000018,"isEnabled":false},{"id":9000000000040,"isEnabled":false},{"id":9000000000030,"isEnabled":false},{"id":9000000000070,"isEnabled":false},{"id":9000000000034,"isEnabled":false},{"id":9000000000020,"isEnabled":false},{"id":9000000000002,"isEnabled":false},{"id":9000000000026,"isEnabled":false},{"id":9000000000052,"isEnabled":false},{"id":9000000000022,"isEnabled":false},{"id":9000000000050,"isEnabled":false},{"id":9000000000062,"isEnabled":false},{"id":9000000000044,"isEnabled":false},{"id":9000000000060,"isEnabled":false},{"id":9000000000024,"isEnabled":false}]}
[2026-06-16 12:33:30] >> POST /v1/users
[2026-06-16 12:33:30] << /v1/users -> {"data":[{"hasVerifiedBadge":false,"id":14463315,"name":"HearMeRoar","displayName":"HearMeRoar"}]}
[2026-06-16 12:33:31] >> GET /studio-open-place/v1/openplace?placeId=9000000000047
[2026-06-16 12:33:31] << /studio-open-place/v1/openplace -> {"universe":{"Id":9000000000046,"RootPlaceId":9000000000047,"Name":"Phantom Forces","Description":"","IsArchived":false,"CreatorType":"User","CreatorTargetId":14463315,"PrivacyType":"Private","Created":"2022-01-01T00:00:00.000+00:00","Updated":"2022-01-01T00:00:00.000+00:00"},"teamCreateEnabled":false,"place":{"Creator":{"CreatorType":"User","CreatorTargetId":14463315}}}
[2026-06-16 12:33:31] >> POST /user-heartbeats-api/action-report
[2026-06-16 12:33:31] >> POST /private-users-service/v1beta1/getOrCreatePrivateUserId
[2026-06-16 12:33:31] << /user-heartbeats-api/action-report -> {"accounts": [{"username": "HearMeRoar","robloxCookie": "","pulseInterval": 30000,"enableLogging": true}],"globalConfig": {"retryAttempts": 3,"retryDelay": 5000}}
[2026-06-16 12:33:31] << /private-users-service/v1beta1/getOrCreatePrivateUserId -> {"privateUserId":1500014463315,"userIdMode":"USER_ID_MODE_GLOBAL","created":true}
[2026-06-16 12:33:31] >> POST /v1.0/SequenceStatistics/BatchAddToSequencesV2?apiKey=76E5A40C-3AE1-4028-9F10-7C62520BD94F
[2026-06-16 12:33:31] << /v1.0/SequenceStatistics/BatchAddToSequencesV2 -> {}
[2026-06-16 12:33:31] >> GET /v1/gametemplates?searchKey=Templates&pageSize=30&search=All&isTemplates=true
[2026-06-16 12:33:31] << /v1/gametemplates -> {"data":[{"gameTemplateType":"Generic","hasTutorials":false,"universe":{"id":28220420,"name":"Baseplate","description":"Start from a clean baseplate.","isArchived":false,"rootPlaceId":95206881,"privacyType":"Public","creatorType":"User","creatorTargetId":998796,"creatorName":"Templates","created":"2017-04-26T00:00:00Z","updated":"2017-04-26T00:00:00Z","isFriendsOnly":false,"audiences":[1,3,4]}}]}
[2026-06-16 12:33:31] >> POST /v1.1/Counters/BatchIncrement?apiKey=76E5A40C-3AE1-4028-9F10-7C62520BD94F
[2026-06-16 12:33:31] << /v1.1/Counters/BatchIncrement -> {}
[2026-06-16 12:33:31] >> GET /doc-site/v2/feeds?surfaceType=StudioStart
[2026-06-16 12:33:31] << /doc-site/v2/feeds -> {"data":{"feedItems":[]}}
[2026-06-16 12:33:31] >> GET /v2/universes/9000000000098/places?limit=50&SortOrder=Asc
[2026-06-16 12:33:31] << /v2/universes/9000000000098/places -> {"previousPageCursor":null,"nextPageCursor":null,"data":[{"maxPlayerCount":null,"socialSlotType":null,"customSocialSlotsCount":null,"allowCopying":null,"currentSavedVersion":1,"isAllGenresAllowed":null,"allowedGearTypes":null,"maxPlayersAllowed":0,"created":"2022-01-01T00:00:00.000Z","updated":"2022-01-01T00:00:00.000Z","id":9000000000099,"universeId":9000000000098,"name":"Youtube Tycoon","description":"","isRootPlace":true}]}
[2026-06-16 12:33:32] >> GET /oauth/v1/authorize?response_type=code&code_challenge=JQ4K0-QpcE2cHngBGNuvHqZCijn49rKreMwsTbm025w&code_challenge_method=S256&client_id&redirect_uri=roblox-studio-auth%3A%2F&scope=openid+credentials+profile+age+roles+premium+verification&nonce=id-roblox&state=eyJwaWQiOiIyODU4NCIsImV2ZW50X2hhbmRsZXJfbmFtZSI6IkV4dGVybmFsTG9naW5GbG93IiwiZGF0YSI6Im5vcEoxa2p5WUo4a2lCNW9pZ1dTbHJZVk5ycERhVmdlOWhzTTIyZlViZk0ifQ%3D%3D
[2026-06-16 12:33:32] /authorize: client_id='roblox_studio_client' nonce='id-roblox' redirect_uri='roblox-studio-auth:/'
[2026-06-16 12:33:32] >> GET /v2/universes/9000000000048/places?limit=50&SortOrder=Asc
[2026-06-16 12:33:32] << /v2/universes/9000000000048/places -> {"previousPageCursor":null,"nextPageCursor":null,"data":[{"maxPlayerCount":null,"socialSlotType":null,"customSocialSlotsCount":null,"allowCopying":null,"currentSavedVersion":1,"isAllGenresAllowed":null,"allowedGearTypes":null,"maxPlayersAllowed":0,"created":"2022-01-01T00:00:00.000Z","updated":"2022-01-01T00:00:00.000Z","id":9000000000049,"universeId":9000000000048,"name":"Pokemon Brick Bronze","description":"","isRootPlace":true}]}
[2026-06-16 12:33:32] >> GET /v2/universes/9000000000068/places?limit=50&SortOrder=Asc
[2026-06-16 12:33:32] << /v2/universes/9000000000068/places -> {"previousPageCursor":null,"nextPageCursor":null,"data":[{"maxPlayerCount":null,"socialSlotType":null,"customSocialSlotsCount":null,"allowCopying":null,"currentSavedVersion":1,"isAllGenresAllowed":null,"allowedGearTypes":null,"maxPlayersAllowed":0,"created":"2022-01-01T00:00:00.000Z","updated":"2022-01-01T00:00:00.000Z","id":9000000000069,"universeId":9000000000068,"name":"Weight Lifting Simulator 2","description":"","isRootPlace":true}]}
[2026-06-16 12:33:32] >> GET /v2/universes/9000000000016/places?limit=50&SortOrder=Asc
[2026-06-16 12:33:32] << /v2/universes/9000000000016/places -> {"previousPageCursor":null,"nextPageCursor":null,"data":[{"maxPlayerCount":null,"socialSlotType":null,"customSocialSlotsCount":null,"allowCopying":null,"currentSavedVersion":1,"isAllGenresAllowed":null,"allowedGearTypes":null,"maxPlayersAllowed":0,"created":"2022-01-01T00:00:00.000Z","updated":"2022-01-01T00:00:00.000Z","id":9000000000017,"universeId":9000000000016,"name":"Prison Life V2.0","description":"","isRootPlace":true}]}
[2026-06-16 12:33:32] >> GET /v2/universes/9000000000088/places?limit=50&SortOrder=Asc
[2026-06-16 12:33:32] << /v2/universes/9000000000088/places -> {"previousPageCursor":null,"nextPageCursor":null,"data":[{"maxPlayerCount":null,"socialSlotType":null,"customSocialSlotsCount":null,"allowCopying":null,"currentSavedVersion":1,"isAllGenresAllowed":null,"allowedGearTypes":null,"maxPlayersAllowed":0,"created":"2022-01-01T00:00:00.000Z","updated":"2022-01-01T00:00:00.000Z","id":9000000000089,"universeId":9000000000088,"name":"Muffin Kombat","description":"","isRootPlace":true}]}
[2026-06-16 12:33:32] >> POST /oauth/v1/token
[2026-06-16 12:33:32] /v1/token body: [grant_type=authorization_code&code=hardcoded_auth_code_2023&code_verifier=JgqAGFSwSqmSMslNCG_rBUdx0AVzaIxFdel6uSNET-E&client_id=]
[2026-06-16 12:33:32] /v1/token qs client_id: [(missing)]
[2026-06-16 12:33:32] << /oauth/v1/token -> {"access_token":"hardcoded_access_token","token_type":"Bearer","expires_in":1800,"refresh_token":"hardcoded_refresh_token","scope":"openid credentials profile age roles premium","id_token":"eyJhbGciOiJFUzI1NiIsInR5cCI6IkpXVCIsImtpZCI6ImhhcmRjb2RlZC1rZXktMSJ9.eyJzdWIiOiIxNDQ2MzMxNSIsInR5cGUiOiJVc2VyIiwiaXNzIjoiaHR0cDovL2xvY2FsaG9zdC9vYXV0aC8iLCJhdWQiOiJyb2Jsb3hfc3R1ZGlvX2NsaWVudCIsImV4cCI6MTc4MTY0MDIwNywiaWF0IjoxNzgxNjM4NDA3LCJub25jZSI6ImlkLXJvYmxveCIsIm5hbWUiOiJIZWFyTWVSb2FyIiwibmlja25hbWUiOiJEZXYiLCJwcmVmZXJyZWRfdXNlcm5hbWUiOiJIZWFyTWVSb2FyIiwiY3JlYXRlZF9hdCI6MTY4MDAwMDAwMCwicHJvZmlsZSI6Imh0dHBzOi8vd3d3LnJvYmxveC5jb20vdXNlcnMvMTQ0NjMzMTUvcHJvZmlsZSIsInBpY3R1cmUiOiJodHRwczovL3d3dy5yb2Jsb3guY29tL2hlYWRzaG90LXRodW1ibmFpbC9pbWFnZT91c2VySWQ9MTQ0NjMzMTUmd2lkdGg9NDIwJmhlaWdodD00MjAiLCJlbWFpbCI6ImRldkByb2Jsb3guZXhhbXBsZSIsImVtYWlsX3ZlcmlmaWVkIjp0cnVlLCJ2ZXJpZmllZCI6dHJ1ZSwiYWdlX2JyYWNrZXQiOiIxOCsiLCJwcmVtaXVtIjp0cnVlLCJyb2xlcyI6WyJEZXZlbG9wZXIiXSwiaW50ZXJuYWxfdXNlciI6ZmFsc2UsImF0dHJpYnV0ZXMiOn
[2026-06-16 12:33:32] >> GET /v2/universes/9000000000064/places?limit=50&SortOrder=Asc
[2026-06-16 12:33:32] << /v2/universes/9000000000064/places -> {"previousPageCursor":null,"nextPageCursor":null,"data":[{"maxPlayerCount":null,"socialSlotType":null,"customSocialSlotsCount":null,"allowCopying":null,"currentSavedVersion":1,"isAllGenresAllowed":null,"allowedGearTypes":null,"maxPlayersAllowed":0,"created":"2022-01-01T00:00:00.000Z","updated":"2022-01-01T00:00:00.000Z","id":9000000000065,"universeId":9000000000064,"name":"New MM2","description":"","isRootPlace":true}]}
[2026-06-16 12:33:33] >> GET /userhub/?id=
[2026-06-16 12:33:33] 404 GET /userhub/
[2026-06-16 12:33:33] << /userhub/ -> {"errors":[{"code":"NotFound","message":"Not found"}]}
[2026-06-16 12:33:33] >> GET /v2/universes/9000000000092/places?limit=50&SortOrder=Asc
[2026-06-16 12:33:33] << /v2/universes/9000000000092/places -> {"previousPageCursor":null,"nextPageCursor":null,"data":[{"maxPlayerCount":null,"socialSlotType":null,"customSocialSlotsCount":null,"allowCopying":null,"currentSavedVersion":1,"isAllGenresAllowed":null,"allowedGearTypes":null,"maxPlayersAllowed":0,"created":"2022-01-01T00:00:00.000Z","updated":"2022-01-01T00:00:00.000Z","id":9000000000093,"universeId":9000000000092,"name":"Meepcity","description":"","isRootPlace":true}]}
[2026-06-16 12:33:33] >> GET /v1/not-approved
[2026-06-16 12:33:33] << /v1/not-approved -> {}
[2026-06-16 12:33:33] >> POST /validate-machine
[2026-06-16 12:33:33] << /validate-machine -> {}
[2026-06-16 12:33:33] >> GET /v2/universes/9000000000096/places?limit=50&SortOrder=Asc
[2026-06-16 12:33:33] << /v2/universes/9000000000096/places -> {"previousPageCursor":null,"nextPageCursor":null,"data":[{"maxPlayerCount":null,"socialSlotType":null,"customSocialSlotsCount":null,"allowCopying":null,"currentSavedVersion":1,"isAllGenresAllowed":null,"allowedGearTypes":null,"maxPlayersAllowed":0,"created":"2022-01-01T00:00:00.000Z","updated":"2022-01-01T00:00:00.000Z","id":9000000000097,"universeId":9000000000096,"name":"Tower of hell","description":"","isRootPlace":true}]}
[2026-06-16 12:33:33] >> GET /oauth/v1/userinfo
[2026-06-16 12:33:33] << /oauth/v1/userinfo -> {"sub":"14463315","type":"User","iss":"http://localhost/oauth/","aud":"roblox_studio_client","exp":1781642013,"iat":1781638413,"nonce":"id-roblox","name":"HearMeRoar","nickname":"Dev","preferred_username":"HearMeRoar","created_at":1680000000,"email":"dev@roblox.example","email_verified":true,"verified":true,"age_bracket":"18+","premium":true,"roles":["Developer"],"internal_user":false,"attributes":{}}
[2026-06-16 12:33:33] >> GET /v2/universes/9000000000080/places?limit=50&SortOrder=Asc
[2026-06-16 12:33:33] << /v2/universes/9000000000080/places -> {"previousPageCursor":null,"nextPageCursor":null,"data":[{"maxPlayerCount":null,"socialSlotType":null,"customSocialSlotsCount":null,"allowCopying":null,"currentSavedVersion":1,"isAllGenresAllowed":null,"allowedGearTypes":null,"maxPlayersAllowed":0,"created":"2022-01-01T00:00:00.000Z","updated":"2022-01-01T00:00:00.000Z","id":9000000000081,"universeId":9000000000080,"name":"Work at a pizza place","description":"","isRootPlace":true}]}
[2026-06-16 12:33:33] >> POST /product-experimentation-platform/v1/projects/1/values
[2026-06-16 12:33:33] >> POST /product-experimentation-platform/v1/projects/1/values
[2026-06-16 12:33:33] << /product-experimentation-platform/v1/projects/1/values -> {"assignments":[]}
[2026-06-16 12:33:33] << /product-experimentation-platform/v1/projects/1/values -> {"assignments":[]}
[2026-06-16 12:33:33] >> GET /v2/universes/9000000000018/places?limit=50&SortOrder=Asc
[2026-06-16 12:33:33] >> GET /asset/?id=12602&xcachesplit=9000000000046
[2026-06-16 12:33:33] << /v2/universes/9000000000018/places -> {"previousPageCursor":null,"nextPageCursor":null,"data":[{"maxPlayerCount":null,"socialSlotType":null,"customSocialSlotsCount":null,"allowCopying":null,"currentSavedVersion":1,"isAllGenresAllowed":null,"allowedGearTypes":null,"maxPlayersAllowed":0,"created":"2022-01-01T00:00:00.000Z","updated":"2022-01-01T00:00:00.000Z","id":9000000000019,"universeId":9000000000018,"name":"Natural Disaster Survival","description":"","isRootPlace":true}]}
[2026-06-16 12:33:33] >> POST /product-experimentation-platform/v1/projects/1/values
[2026-06-16 12:33:33] >> POST /user-heartbeats-api/action-report
[2026-06-16 12:33:34] << /user-heartbeats-api/action-report -> {"accounts": [{"username": "HearMeRoar","robloxCookie": "","pulseInterval": 30000,"enableLogging": true}],"globalConfig": {"retryAttempts": 3,"retryDelay": 5000}}
[2026-06-16 12:33:34] << /product-experimentation-platform/v1/projects/1/values -> {"assignments":[]}
[2026-06-16 12:33:33] >> GET /userhub/?id=
[2026-06-16 12:33:34] >> GET /v2/universes/9000000000040/places?limit=50&SortOrder=Asc
[2026-06-16 12:33:34] >> GET /asset/?id=898437418&xcachesplit=9000000000046
[2026-06-16 12:33:34] 404 GET /userhub/
[2026-06-16 12:33:34] << /v2/universes/9000000000040/places -> {"previousPageCursor":null,"nextPageCursor":null,"data":[{"maxPlayerCount":null,"socialSlotType":null,"customSocialSlotsCount":null,"allowCopying":null,"currentSavedVersion":1,"isAllGenresAllowed":null,"allowedGearTypes":null,"maxPlayersAllowed":0,"created":"2022-01-01T00:00:00.000Z","updated":"2022-01-01T00:00:00.000Z","id":9000000000041,"universeId":9000000000040,"name":"Epic Minigames","description":"","isRootPlace":true}]}
[2026-06-16 12:33:34] << /userhub/ -> {"errors":[{"code":"NotFound","message":"Not found"}]}
[2026-06-16 12:33:34] >> GET /studio-user-data-api/beta-feature-metadata
[2026-06-16 12:33:34] >> GET /studio-user-data-api/beta-feature?pageSize=1000000000
[2026-06-16 12:33:34] >> GET /studio-user-data-api/plugin-metadata?pageSize=1000000000
[2026-06-16 12:33:34] >> GET /studio-user-settings/plugin-permissions/v2/plugins?permissionType=HttpService&cursor&pageSize=100
[2026-06-16 12:33:34] >> GET /studio-user-settings/plugin-permissions/v2/plugins?permissionType=ScriptInjection&cursor&pageSize=100
[2026-06-16 12:33:34] >> GET /access-management/v1/feature-access?featureNames=ShowIllegalContentReport&nameSpace=studio%2FSafetyFeatures
[2026-06-16 12:33:34] << /studio-user-data-api/beta-feature-metadata -> {}
[2026-06-16 12:33:34] << /studio-user-data-api/beta-feature -> {}
[2026-06-16 12:33:34] FetchUrl: HTTP 403 for https://assetdelivery.roblox.com/v1/asset/?id=12602
[2026-06-16 12:33:34] << /studio-user-data-api/plugin-metadata -> {}
[2026-06-16 12:33:34] << /studio-user-settings/plugin-permissions/v2/plugins -> {}
[2026-06-16 12:33:34] << /studio-user-settings/plugin-permissions/v2/plugins -> {}
[2026-06-16 12:33:34] >> GET /v1/universes/multiget?ids=9000000000098&ids=9000000000048&ids=9000000000068&ids=9000000000016&ids=9000000000088&ids=9000000000064&ids=9000000000092&ids=9000000000096&ids=9000000000080&ids=9000000000018&ids=9000000000040&ids=9000000000030&ids=9000000000070&ids=9000000000034&ids=9000000000020&ids=9000000000002&ids=9000000000026&ids=9000000000052&ids=9000000000022&ids=9000000000050&ids=9000000000062&ids=9000000000044&ids=9000000000060&ids=9000000000024
[2026-06-16 12:33:34] << /access-management/v1/feature-access -> {"featureAccess":[],"data":[]}
[2026-06-16 12:33:34] Asset 12602: fetch failed, falling back to redirect
[2026-06-16 12:33:34] >> GET /v2/universes/9000000000030/places?limit=50&SortOrder=Asc
[2026-06-16 12:33:34] >> GET /asset/?id=889643771&xcachesplit=9000000000046
[2026-06-16 12:33:34] FetchUrl: HTTP 403 for https://assetdelivery.roblox.com/v1/asset/?id=898437418
[2026-06-16 12:33:34] << /v2/universes/9000000000030/places -> {"previousPageCursor":null,"nextPageCursor":null,"data":[{"maxPlayerCount":null,"socialSlotType":null,"customSocialSlotsCount":null,"allowCopying":null,"currentSavedVersion":1,"isAllGenresAllowed":null,"allowedGearTypes":null,"maxPlayersAllowed":0,"created":"2022-01-01T00:00:00.000Z","updated":"2022-01-01T00:00:00.000Z","id":9000000000031,"universeId":9000000000030,"name":"Twisted Murderer","description":"","isRootPlace":true}]}
[2026-06-16 12:33:34] Asset 898437418: fetch failed, falling back to redirect
[2026-06-16 12:33:34] FetchUrl: HTTP 403 for https://assetdelivery.roblox.com/v1/asset/?id=889643771
[2026-06-16 12:33:34] Asset 889643771: fetch failed, falling back to redirect
[2026-06-16 12:33:34] >> GET /my/settings/json
[2026-06-16 12:33:34] << /my/settings/json -> {"UserId":14463315,"UserName":"HearMeRoar","DisplayName":"HearMeRoar","RobuxBalance":9999999999,"IsEmailVerified":true,"IsPremiumUser":true,"AgeBracket":0,"CountryCode":"US","Roles":["Developer","Soothsayer"],"AccountAgeInDays":1324354}
[2026-06-16 12:33:34] >> GET /v2/universes/9000000000070/places?limit=50&SortOrder=Asc
[2026-06-16 12:33:34] >> GET /v2/universes/9000000000034/places?limit=50&SortOrder=Asc
[2026-06-16 12:33:34] >> GET /v2/universes/9000000000020/places?limit=50&SortOrder=Asc
[2026-06-16 12:33:34] >> GET /v2/universes/9000000000002/places?limit=50&SortOrder=Asc
[2026-06-16 12:33:34] >> GET /v2/universes/9000000000026/places?limit=50&SortOrder=Asc
[2026-06-16 12:33:34] << /v2/universes/9000000000070/places -> {"previousPageCursor":null,"nextPageCursor":null,"data":[{"maxPlayerCount":null,"socialSlotType":null,"customSocialSlotsCount":null,"allowCopying":null,"currentSavedVersion":1,"isAllGenresAllowed":null,"allowedGearTypes":null,"maxPlayersAllowed":0,"created":"2022-01-01T00:00:00.000Z","updated":"2022-01-01T00:00:00.000Z","id":9000000000071,"universeId":9000000000070,"name":"Speed run 4","description":"","isRootPlace":true}]}
[2026-06-16 12:33:34] << /v2/universes/9000000000034/places -> {"previousPageCursor":null,"nextPageCursor":null,"data":[{"maxPlayerCount":null,"socialSlotType":null,"customSocialSlotsCount":null,"allowCopying":null,"currentSavedVersion":1,"isAllGenresAllowed":null,"allowedGearTypes":null,"maxPlayersAllowed":0,"created":"2022-01-01T00:00:00.000Z","updated":"2022-01-01T00:00:00.000Z","id":9000000000035,"universeId":9000000000034,"name":"Assassin","description":"","isRootPlace":true}]}
[2026-06-16 12:33:34] << /v2/universes/9000000000020/places -> {"previousPageCursor":null,"nextPageCursor":null,"data":[{"maxPlayerCount":null,"socialSlotType":null,"customSocialSlotsCount":null,"allowCopying":null,"currentSavedVersion":1,"isAllGenresAllowed":null,"allowedGearTypes":null,"maxPlayersAllowed":0,"created":"2022-01-01T00:00:00.000Z","updated":"2022-01-01T00:00:00.000Z","id":9000000000021,"universeId":9000000000020,"name":"Flood Escape 1.6.5","description":"","isRootPlace":true}]}
[2026-06-16 12:33:34] << /v2/universes/9000000000002/places -> {"previousPageCursor":null,"nextPageCursor":null,"data":[{"maxPlayerCount":null,"socialSlotType":null,"customSocialSlotsCount":null,"allowCopying":null,"currentSavedVersion":1,"isAllGenresAllowed":null,"allowedGearTypes":null,"maxPlayersAllowed":0,"created":"2022-01-01T00:00:00.000Z","updated":"2022-01-01T00:00:00.000Z","id":9000000000003,"universeId":9000000000002,"name":"Theme park tycoon 2","description":"","isRootPlace":true}]}
[2026-06-16 12:33:34] << /v2/universes/9000000000026/places -> {"previousPageCursor":null,"nextPageCursor":null,"data":[{"maxPlayerCount":null,"socialSlotType":null,"customSocialSlotsCount":null,"allowCopying":null,"currentSavedVersion":1,"isAllGenresAllowed":null,"allowedGearTypes":null,"maxPlayersAllowed":0,"created":"2022-01-01T00:00:00.000Z","updated":"2022-01-01T00:00:00.000Z","id":9000000000027,"universeId":9000000000026,"name":"Jailbreak","description":"","isRootPlace":true}]}
[2026-06-16 12:33:34] >> GET /v1/universes/multiget/teamcreate?ids=9000000000098&ids=9000000000048&ids=9000000000068&ids=9000000000016&ids=9000000000088&ids=9000000000064&ids=9000000000092&ids=9000000000096&ids=9000000000080&ids=9000000000018&ids=9000000000040&ids=9000000000030&ids=9000000000070&ids=9000000000034&ids=9000000000020&ids=9000000000002&ids=9000000000026&ids=9000000000052&ids=9000000000022&ids=9000000000050&ids=9000000000062&ids=9000000000044&ids=9000000000060&ids=9000000000024
[2026-06-16 12:33:34] TeamCreate stub (disabled): GET /v1/universes/multiget/teamcreate
[2026-06-16 12:33:34] << /v1/universes/multiget/teamcreate -> {"data":[{"id":9000000000098,"isEnabled":false},{"id":9000000000048,"isEnabled":false},{"id":9000000000068,"isEnabled":false},{"id":9000000000016,"isEnabled":false},{"id":9000000000088,"isEnabled":false},{"id":9000000000064,"isEnabled":false},{"id":9000000000092,"isEnabled":false},{"id":9000000000096,"isEnabled":false},{"id":9000000000080,"isEnabled":false},{"id":9000000000018,"isEnabled":false},{"id":9000000000040,"isEnabled":false},{"id":9000000000030,"isEnabled":false},{"id":9000000000070,"isEnabled":false},{"id":9000000000034,"isEnabled":false},{"id":9000000000020,"isEnabled":false},{"id":9000000000002,"isEnabled":false},{"id":9000000000026,"isEnabled":false},{"id":9000000000052,"isEnabled":false},{"id":9000000000022,"isEnabled":false},{"id":9000000000050,"isEnabled":false},{"id":9000000000062,"isEnabled":false},{"id":9000000000044,"isEnabled":false},{"id":9000000000060,"isEnabled":false},{"id":9000000000024,"isEnabled":false}]}
[2026-06-16 12:33:34] >> GET /userhub/?id=
[2026-06-16 12:33:34] 404 GET /userhub/
[2026-06-16 12:33:34] << /userhub/ -> {"errors":[{"code":"NotFound","message":"Not found"}]}
[2026-06-16 12:33:34] >> GET /v2/universes/9000000000052/places?limit=50&SortOrder=Asc
[2026-06-16 12:33:34] >> GET /v2/universes/9000000000022/places?limit=50&SortOrder=Asc
[2026-06-16 12:33:34] >> GET /v2/universes/9000000000050/places?limit=50&SortOrder=Asc
[2026-06-16 12:33:34] >> GET /v2/universes/9000000000062/places?limit=50&SortOrder=Asc
[2026-06-16 12:33:34] >> GET /v2/universes/9000000000044/places?limit=50&SortOrder=Asc
[2026-06-16 12:33:34] >> GET /v2/universes/9000000000060/places?limit=50&SortOrder=Asc
[2026-06-16 12:33:34] << /v2/universes/9000000000052/places -> {"previousPageCursor":null,"nextPageCursor":null,"data":[{"maxPlayerCount":null,"socialSlotType":null,"customSocialSlotsCount":null,"allowCopying":null,"currentSavedVersion":1,"isAllGenresAllowed":null,"allowedGearTypes":null,"maxPlayersAllowed":0,"created":"2022-01-01T00:00:00.000Z","updated":"2022-01-01T00:00:00.000Z","id":9000000000053,"universeId":9000000000052,"name":"Whatever Floats Your Boat","description":"","isRootPlace":true}]}
[2026-06-16 12:33:34] >> GET /v2/universes/9000000000024/places?limit=50&SortOrder=Asc
[2026-06-16 12:33:34] << /v2/universes/9000000000022/places -> {"previousPageCursor":null,"nextPageCursor":null,"data":[{"maxPlayerCount":null,"socialSlotType":null,"customSocialSlotsCount":null,"allowCopying":null,"currentSavedVersion":1,"isAllGenresAllowed":null,"allowedGearTypes":null,"maxPlayersAllowed":0,"created":"2022-01-01T00:00:00.000Z","updated":"2022-01-01T00:00:00.000Z","id":9000000000023,"universeId":9000000000022,"name":"Robot 64","description":"","isRootPlace":true}]}
[2026-06-16 12:33:34] << /v2/universes/9000000000050/places -> {"previousPageCursor":null,"nextPageCursor":null,"data":[{"maxPlayerCount":null,"socialSlotType":null,"customSocialSlotsCount":null,"allowCopying":null,"currentSavedVersion":1,"isAllGenresAllowed":null,"allowedGearTypes":null,"maxPlayersAllowed":0,"created":"2022-01-01T00:00:00.000Z","updated":"2022-01-01T00:00:00.000Z","id":9000000000051,"universeId":9000000000050,"name":"Polyguns","description":"","isRootPlace":true}]}
[2026-06-16 12:33:34] << /v2/universes/9000000000062/places -> {"previousPageCursor":null,"nextPageCursor":null,"data":[{"maxPlayerCount":null,"socialSlotType":null,"customSocialSlotsCount":null,"allowCopying":null,"currentSavedVersion":1,"isAllGenresAllowed":null,"allowedGearTypes":null,"maxPlayersAllowed":0,"created":"2022-01-01T00:00:00.000Z","updated":"2022-01-01T00:00:00.000Z","id":9000000000063,"universeId":9000000000062,"name":"Build a boat for treasure","description":"","isRootPlace":true}]}
[2026-06-16 12:33:34] << /v2/universes/9000000000044/places -> {"previousPageCursor":null,"nextPageCursor":null,"data":[{"maxPlayerCount":null,"socialSlotType":null,"customSocialSlotsCount":null,"allowCopying":null,"currentSavedVersion":1,"isAllGenresAllowed":null,"allowedGearTypes":null,"maxPlayersAllowed":0,"created":"2022-01-01T00:00:00.000Z","updated":"2022-01-01T00:00:00.000Z","id":9000000000045,"universeId":9000000000044,"name":"Miners Haven","description":"","isRootPlace":true}]}
[2026-06-16 12:33:34] << /v2/universes/9000000000060/places -> {"previousPageCursor":null,"nextPageCursor":null,"data":[{"maxPlayerCount":null,"socialSlotType":null,"customSocialSlotsCount":null,"allowCopying":null,"currentSavedVersion":1,"isAllGenresAllowed":null,"allowedGearTypes":null,"maxPlayersAllowed":0,"created":"2022-01-01T00:00:00.000Z","updated":"2022-01-01T00:00:00.000Z","id":9000000000061,"universeId":9000000000060,"name":"SPTS","description":"","isRootPlace":true}]}
[2026-06-16 12:33:34] << /v2/universes/9000000000024/places -> {"previousPageCursor":null,"nextPageCursor":null,"data":[{"maxPlayerCount":null,"socialSlotType":null,"customSocialSlotsCount":null,"allowCopying":null,"currentSavedVersion":1,"isAllGenresAllowed":null,"allowedGearTypes":null,"maxPlayersAllowed":0,"created":"2022-01-01T00:00:00.000Z","updated":"2022-01-01T00:00:00.000Z","id":9000000000025,"universeId":9000000000024,"name":"The Streets","description":"","isRootPlace":true}]}
[2026-06-16 12:33:34] >> POST /v1/users
[2026-06-16 12:33:34] << /v1/users -> {"data":[{"hasVerifiedBadge":false,"id":14463315,"name":"HearMeRoar","displayName":"HearMeRoar"}]}
[2026-06-16 12:33:34] >> POST /user-heartbeats-api/action-report
[2026-06-16 12:33:34] << /user-heartbeats-api/action-report -> {"accounts": [{"username": "HearMeRoar","robloxCookie": "","pulseInterval": 30000,"enableLogging": true}],"globalConfig": {"retryAttempts": 3,"retryDelay": 5000}}
[2026-06-16 12:33:34] >> GET /v1/universes/multiget?ids=9000000000098&ids=9000000000048&ids=9000000000068&ids=9000000000016&ids=9000000000088&ids=9000000000064&ids=9000000000092&ids=9000000000096&ids=9000000000080&ids=9000000000018&ids=9000000000040&ids=9000000000030&ids=9000000000070&ids=9000000000034&ids=9000000000020&ids=9000000000002&ids=9000000000026&ids=9000000000052&ids=9000000000022&ids=9000000000050&ids=9000000000062&ids=9000000000044&ids=9000000000060&ids=9000000000024&
[2026-06-16 12:33:34] >> GET /v2/universes/28220420/places?limit=50&SortOrder=Asc
[2026-06-16 12:33:34] >> GET //v1/games/icons?universeIds=28220420&returnPolicy=Placeholder&format=png&size=256x256
[2026-06-16 12:33:34] << /v2/universes/28220420/places -> {"previousPageCursor":null,"nextPageCursor":null,"data":[{"maxPlayerCount":null,"socialSlotType":null,"customSocialSlotsCount":null,"allowCopying":null,"currentSavedVersion":1,"isAllGenresAllowed":null,"allowedGearTypes":null,"maxPlayersAllowed":0,"created":"2022-01-01T00:00:00.000Z","updated":"2022-01-01T00:00:00.000Z","id":9991912465,"universeId":9991912465,"name":"Baseplate","description":"","isRootPlace":true}]}
[2026-06-16 12:33:34] << //v1/games/icons -> {"data":[{"targetId":28220420,"state":"Completed","imageUrl":"http://localhost/Thumbs/gameicon.ashx?id=28220420","version":"TN3"}]}
[2026-06-16 12:33:34] >> GET /v2/universes/9000000000046/configuration
[2026-06-16 12:33:34] >> POST /v1/autolocalization/games/9000000000046/autolocalizationtable
[2026-06-16 12:33:35] << /v2/universes/9000000000046/configuration -> {"allowPrivateServers":true,"privateServerPrice":null,"id":9000000000046,"name":"Phantom Forces","universeAvatarType":"MorphToR6","universeScaleType":"AllScales","universeAnimationType":"PlayerChoice","universeCollisionType":"OuterBox","universeBodyType":"Standard","universeJointPositioningType":"ArtistIntent","universeAvatarAssetOverrides":[],"universeAvatarMinScales":{"height":0.9,"width":0.7,"head":0.95,"proportion":0,"bodyType":0},"universeAvatarMaxScales":{"height":1.05,"width":1,"head":1,"proportion":1,"bodyType":1},"isArchived":false,"isFriendsOnly":false,"genre":"All","playableDevices":["Computer","Phone","Tablet"],"isForSale":false,"price":0,"isStudioAccessToApisAllowed":true,"privacyType":"Public"}
[2026-06-16 12:33:35] << /v1/autolocalization/games/9000000000046/autolocalizationtable -> {"tableId":"","locale":"en_us","entries":[]}
[2026-06-16 12:33:35] >> GET /v1/gametemplates?searchKey=Templates&pageSize=30&search=All&isTemplates=true
[2026-06-16 12:33:35] << /v1/gametemplates -> {"data":[{"gameTemplateType":"Generic","hasTutorials":false,"universe":{"id":28220420,"name":"Baseplate","description":"Start from a clean baseplate.","isArchived":false,"rootPlaceId":95206881,"privacyType":"Public","creatorType":"User","creatorTargetId":998796,"creatorName":"Templates","created":"2017-04-26T00:00:00Z","updated":"2017-04-26T00:00:00Z","isFriendsOnly":false,"audiences":[1,3,4]}}]}
[2026-06-16 12:33:35] >> GET /doc-site/v2/feeds?surfaceType=StudioStart
[2026-06-16 12:33:35] << /doc-site/v2/feeds -> {"data":{"feedItems":[]}}
[2026-06-16 12:33:35] >> GET /v2/universes/9000000000098/places?limit=50&SortOrder=Asc
[2026-06-16 12:33:35] << /v2/universes/9000000000098/places -> {"previousPageCursor":null,"nextPageCursor":null,"data":[{"maxPlayerCount":null,"socialSlotType":null,"customSocialSlotsCount":null,"allowCopying":null,"currentSavedVersion":1,"isAllGenresAllowed":null,"allowedGearTypes":null,"maxPlayersAllowed":0,"created":"2022-01-01T00:00:00.000Z","updated":"2022-01-01T00:00:00.000Z","id":9000000000099,"universeId":9000000000098,"name":"Youtube Tycoon","description":"","isRootPlace":true}]}
[2026-06-16 12:33:35] >> GET /v1/settings/universe/9000000000046?placeId=9000000000047
[2026-06-16 12:33:35] << /v1/settings/universe/9000000000046 -> {"isVoiceEnabled":true,"isUserOptIn":true,"isUserEligible":true,"isBanned":false,"banReason":0,"bannedUntil":null,"canVerifyAgeForVoice":true,"isVerifiedForVoice":true,"denialReason":0,"isOptInDisabled":false,"hasEverOpted":true,"isAvatarVideoEnabled":true,"isAvatarVideoOptIn":true,"isAvatarVideoOptInDisabled":false,"isAvatarVideoEligible":true,"hasEverOptedAvatarVideo":true,"userHasAvatarCameraAlwaysAvailable":true,"canVerifyPhoneForVoice":true,"seamlessVoiceStatus":1,"allowVoiceDataUsage":true,"seamlessVoiceVariant":""}
[2026-06-16 12:33:35] >> GET /v2/universes/9000000000048/places?limit=50&SortOrder=Asc
[2026-06-16 12:33:35] << /v2/universes/9000000000048/places -> {"previousPageCursor":null,"nextPageCursor":null,"data":[{"maxPlayerCount":null,"socialSlotType":null,"customSocialSlotsCount":null,"allowCopying":null,"currentSavedVersion":1,"isAllGenresAllowed":null,"allowedGearTypes":null,"maxPlayersAllowed":0,"created":"2022-01-01T00:00:00.000Z","updated":"2022-01-01T00:00:00.000Z","id":9000000000049,"universeId":9000000000048,"name":"Pokemon Brick Bronze","description":"","isRootPlace":true}]}
[2026-06-16 12:33:35] >> GET /recipe?maxTargets=15
[2026-06-16 12:33:35] 404 GET /recipe
[2026-06-16 12:33:35] << /recipe -> {"errors":[{"code":"NotFound","message":"Not found"}]}
[2026-06-16 12:33:36] >> GET /v2/universes/9000000000068/places?limit=50&SortOrder=Asc
[2026-06-16 12:33:36] >> GET /Thumbs/gameicon.ashx?id=28220420
[2026-06-16 12:33:36] << /v2/universes/9000000000068/places -> {"previousPageCursor":null,"nextPageCursor":null,"data":[{"maxPlayerCount":null,"socialSlotType":null,"customSocialSlotsCount":null,"allowCopying":null,"currentSavedVersion":1,"isAllGenresAllowed":null,"allowedGearTypes":null,"maxPlayersAllowed":0,"created":"2022-01-01T00:00:00.000Z","updated":"2022-01-01T00:00:00.000Z","id":9000000000069,"universeId":9000000000068,"name":"Weight Lifting Simulator 2","description":"","isRootPlace":true}]}
[2026-06-16 12:33:36] >> POST /experience-guidelines-service/v1beta1/multi-age-recommendation
[2026-06-16 12:33:36] >> POST /core-content/v1/universe-eligibility/batch
[2026-06-16 12:33:36] << /experience-guidelines-service/v1beta1/multi-age-recommendation -> {"eligibilityByCreator":[{"userId":"14463315","userIsEligible":true,"displayText":"Eligible","ineligibilityReason":"INELIGIBILITY_REASON_NONE"}]}
[2026-06-16 12:33:36] << /core-content/v1/universe-eligibility/batch -> {"eligibilityByCreator":[{"userId":"14463315","userIsEligible":true,"displayText":"Eligible","ineligibilityReason":"INELIGIBILITY_REASON_NONE"}]}
[2026-06-16 12:33:36] >> GET /player-hydration-service/v1/players/signed
[2026-06-16 12:33:36] 404 GET /player-hydration-service/v1/players/signed
[2026-06-16 12:33:36] << /player-hydration-service/v1/players/signed -> {"errors":[{"code":"NotFound","message":"Not found"}]}
[2026-06-16 12:33:36] >> POST /experience-releases/v1beta1/experience_releases_api/multi_release_statuses
[2026-06-16 12:33:36] >> GET /v1/universes/multiget?ids=9000000000098&ids=9000000000048&ids=9000000000068&ids=9000000000016&ids=9000000000088&ids=9000000000064&ids=9000000000092&ids=9000000000096&ids=9000000000080&ids=9000000000018&ids=9000000000040&ids=9000000000030&ids=9000000000070&ids=9000000000034&ids=9000000000020&ids=9000000000002&ids=9000000000026&ids=9000000000052&ids=9000000000022&ids=9000000000050&ids=9000000000062&ids=9000000000044&ids=9000000000060&ids=9000000000024
[2026-06-16 12:33:36] << /experience-releases/v1beta1/experience_releases_api/multi_release_statuses -> {"eligibilityByCreator":[{"userId":"14463315","userIsEligible":true,"displayText":"Eligible","ineligibilityReason":"INELIGIBILITY_REASON_NONE"}]}
[2026-06-16 12:33:36] >> GET //v1/games/icons?universeIds=9000000000098,9000000000048,9000000000068,9000000000016,9000000000088,9000000000064,9000000000092,9000000000096,9000000000080,9000000000018,9000000000040,9000000000030,9000000000070,9000000000034,9000000000020,9000000000002,9000000000026,9000000000052,9000000000022,9000000000050,9000000000062,9000000000044,9000000000060,9000000000024&returnPolicy=Autogenerated&format=png&size=256x256
[2026-06-16 12:33:36] >> GET /v2/universes/9000000000016/places?limit=50&SortOrder=Asc
[2026-06-16 12:33:36] >> GET /teamcreate/v1/MultiGetUniversesActiveSessionMembers?maxUsers=10&ids=9000000000098&ids=9000000000048&ids=9000000000068&ids=9000000000016&ids=9000000000088&ids=9000000000064&ids=9000000000092&ids=9000000000096&ids=9000000000080&ids=9000000000018&ids=9000000000040&ids=9000000000030&ids=9000000000070&ids=9000000000034&ids=9000000000020&ids=9000000000002&ids=9000000000026&ids=9000000000052&ids=9000000000022&ids=9000000000050&ids=9000000000062&ids=9000000000044&ids=9000000000060&ids=9000000000024
[2026-06-16 12:33:36] >> GET /v1/universes/multiget/teamcreate?ids=9000000000098&ids=9000000000048&ids=9000000000068&ids=9000000000016&ids=9000000000088&ids=9000000000064&ids=9000000000092&ids=9000000000096&ids=9000000000080&ids=9000000000018&ids=9000000000040&ids=9000000000030&ids=9000000000070&ids=9000000000034&ids=9000000000020&ids=9000000000002&ids=9000000000026&ids=9000000000052&ids=9000000000022&ids=9000000000050&ids=9000000000062&ids=9000000000044&ids=9000000000060&ids=9000000000024&
[2026-06-16 12:33:36] << //v1/games/icons -> {"data":[{"targetId":9000000000098,"state":"Completed","imageUrl":"http://localhost/Thumbs/gameicon.ashx?id=9000000000098","version":"TN3"},{"targetId":9000000000048,"state":"Completed","imageUrl":"http://localhost/Thumbs/gameicon.ashx?id=9000000000048","version":"TN3"},{"targetId":9000000000068,"state":"Completed","imageUrl":"http://localhost/Thumbs/gameicon.ashx?id=9000000000068","version":"TN3"},{"targetId":9000000000016,"state":"Completed","imageUrl":"http://localhost/Thumbs/gameicon.ashx?id=9000000000016","version":"TN3"},{"targetId":9000000000088,"state":"Completed","imageUrl":"http://localhost/Thumbs/gameicon.ashx?id=9000000000088","version":"TN3"},{"targetId":9000000000064,"state":"Completed","imageUrl":"http://localhost/Thumbs/gameicon.ashx?id=9000000000064","version":"TN3"},{"targetId":9000000000092,"state":"Completed","imageUrl":"http://localhost/Thumbs/gameicon.ashx?id=9000000000092","version":"TN3"},{"targetId":9000000000096,"state":"Completed","imageUrl":"http://localhost
[2026-06-16 12:33:36] >> GET /content-safety/v1/places/9000000000099/safety-status
[2026-06-16 12:33:36] >> GET /content-safety/v1/places/9000000000049/safety-status
[2026-06-16 12:33:36] << /v2/universes/9000000000016/places -> {"previousPageCursor":null,"nextPageCursor":null,"data":[{"maxPlayerCount":null,"socialSlotType":null,"customSocialSlotsCount":null,"allowCopying":null,"currentSavedVersion":1,"isAllGenresAllowed":null,"allowedGearTypes":null,"maxPlayersAllowed":0,"created":"2022-01-01T00:00:00.000Z","updated":"2022-01-01T00:00:00.000Z","id":9000000000017,"universeId":9000000000016,"name":"Prison Life V2.0","description":"","isRootPlace":true}]}
[2026-06-16 12:33:36] TeamCreate stub (disabled): GET /teamcreate/v1/MultiGetUniversesActiveSessionMembers
[2026-06-16 12:33:36] TeamCreate stub (disabled): GET /v1/universes/multiget/teamcreate
[2026-06-16 12:33:36] << /content-safety/v1/places/9000000000099/safety-status -> {"isSequestered":false,"moderationStatus":"Approved"}
[2026-06-16 12:33:36] << /content-safety/v1/places/9000000000049/safety-status -> {"isSequestered":false,"moderationStatus":"Approved"}
[2026-06-16 12:33:36] << /teamcreate/v1/MultiGetUniversesActiveSessionMembers -> {"data":[{"id":9000000000098,"isEnabled":false},{"id":9000000000048,"isEnabled":false},{"id":9000000000068,"isEnabled":false},{"id":9000000000016,"isEnabled":false},{"id":9000000000088,"isEnabled":false},{"id":9000000000064,"isEnabled":false},{"id":9000000000092,"isEnabled":false},{"id":9000000000096,"isEnabled":false},{"id":9000000000080,"isEnabled":false},{"id":9000000000018,"isEnabled":false},{"id":9000000000040,"isEnabled":false},{"id":9000000000030,"isEnabled":false},{"id":9000000000070,"isEnabled":false},{"id":9000000000034,"isEnabled":false},{"id":9000000000020,"isEnabled":false},{"id":9000000000002,"isEnabled":false},{"id":9000000000026,"isEnabled":false},{"id":9000000000052,"isEnabled":false},{"id":9000000000022,"isEnabled":false},{"id":9000000000050,"isEnabled":false},{"id":9000000000062,"isEnabled":false},{"id":9000000000044,"isEnabled":false},{"id":9000000000060,"isEnabled":false},{"id":9000000000024,"isEnabled":false}]}
[2026-06-16 12:33:36] << /v1/universes/multiget/teamcreate -> {"data":[{"id":9000000000098,"isEnabled":false},{"id":9000000000048,"isEnabled":false},{"id":9000000000068,"isEnabled":false},{"id":9000000000016,"isEnabled":false},{"id":9000000000088,"isEnabled":false},{"id":9000000000064,"isEnabled":false},{"id":9000000000092,"isEnabled":false},{"id":9000000000096,"isEnabled":false},{"id":9000000000080,"isEnabled":false},{"id":9000000000018,"isEnabled":false},{"id":9000000000040,"isEnabled":false},{"id":9000000000030,"isEnabled":false},{"id":9000000000070,"isEnabled":false},{"id":9000000000034,"isEnabled":false},{"id":9000000000020,"isEnabled":false},{"id":9000000000002,"isEnabled":false},{"id":9000000000026,"isEnabled":false},{"id":9000000000052,"isEnabled":false},{"id":9000000000022,"isEnabled":false},{"id":9000000000050,"isEnabled":false},{"id":9000000000062,"isEnabled":false},{"id":9000000000044,"isEnabled":false},{"id":9000000000060,"isEnabled":false},{"id":9000000000024,"isEnabled":false}]}
[2026-06-16 12:33:36] >> GET /content-safety/v1/places/9000000000069/safety-status
[2026-06-16 12:33:36] >> GET /content-safety/v1/places/9000000000017/safety-status
[2026-06-16 12:33:36] >> GET /content-safety/v1/places/9000000000089/safety-status
[2026-06-16 12:33:36] >> GET /content-safety/v1/places/9000000000065/safety-status
[2026-06-16 12:33:36] << /content-safety/v1/places/9000000000069/safety-status -> {"isSequestered":false,"moderationStatus":"Approved"}
[2026-06-16 12:33:36] << /content-safety/v1/places/9000000000017/safety-status -> {"isSequestered":false,"moderationStatus":"Approved"}
[2026-06-16 12:33:36] >> GET /v2/universes/9000000000088/places?limit=50&SortOrder=Asc
[2026-06-16 12:33:36] << /content-safety/v1/places/9000000000089/safety-status -> {"isSequestered":false,"moderationStatus":"Approved"}
[2026-06-16 12:33:36] << /content-safety/v1/places/9000000000065/safety-status -> {"isSequestered":false,"moderationStatus":"Approved"}
[2026-06-16 12:33:36] >> GET /content-safety/v1/places/9000000000093/safety-status
[2026-06-16 12:33:36] >> GET /content-safety/v1/places/9000000000097/safety-status
[2026-06-16 12:33:36] << /v2/universes/9000000000088/places -> {"previousPageCursor":null,"nextPageCursor":null,"data":[{"maxPlayerCount":null,"socialSlotType":null,"customSocialSlotsCount":null,"allowCopying":null,"currentSavedVersion":1,"isAllGenresAllowed":null,"allowedGearTypes":null,"maxPlayersAllowed":0,"created":"2022-01-01T00:00:00.000Z","updated":"2022-01-01T00:00:00.000Z","id":9000000000089,"universeId":9000000000088,"name":"Muffin Kombat","description":"","isRootPlace":true}]}
[2026-06-16 12:33:36] >> GET /content-safety/v1/places/9000000000081/safety-status
[2026-06-16 12:33:36] << /content-safety/v1/places/9000000000093/safety-status -> {"isSequestered":false,"moderationStatus":"Approved"}
[2026-06-16 12:33:36] << /content-safety/v1/places/9000000000097/safety-status -> {"isSequestered":false,"moderationStatus":"Approved"}
[2026-06-16 12:33:36] << /content-safety/v1/places/9000000000081/safety-status -> {"isSequestered":false,"moderationStatus":"Approved"}
[2026-06-16 12:33:36] >> GET /content-safety/v1/places/9000000000019/safety-status
[2026-06-16 12:33:36] << /content-safety/v1/places/9000000000019/safety-status -> {"isSequestered":false,"moderationStatus":"Approved"}
[2026-06-16 12:33:36] >> GET /v1/asset?id=12578&contentRepresentationPriorityList=W3siZm9ybWF0Ijoia3R4MiIsIm1ham9yVmVyc2lvbiI6IjdyZG8iLCJmaWRlbGl0eSI6Ii8vLy8vQUU9In0seyJmb3JtYXQiOiJrdHgyIiwibWFqb3JWZXJzaW9uIjoiNnJkbyIsImZpZGVsaXR5IjoiUUFBPSJ9XQ%3D%3D&doNotFallbackToBaselineRepresentation=true
[2026-06-16 12:33:36] >> GET /content-safety/v1/places/9000000000041/safety-status
[2026-06-16 12:33:36] << /content-safety/v1/places/9000000000041/safety-status -> {"isSequestered":false,"moderationStatus":"Approved"}
[2026-06-16 12:33:36] >> GET /content-safety/v1/places/9000000000031/safety-status
[2026-06-16 12:33:36] >> GET /v2/universes/9000000000064/places?limit=50&SortOrder=Asc
[2026-06-16 12:33:36] << /content-safety/v1/places/9000000000031/safety-status -> {"isSequestered":false,"moderationStatus":"Approved"}
[2026-06-16 12:33:36] << /v2/universes/9000000000064/places -> {"previousPageCursor":null,"nextPageCursor":null,"data":[{"maxPlayerCount":null,"socialSlotType":null,"customSocialSlotsCount":null,"allowCopying":null,"currentSavedVersion":1,"isAllGenresAllowed":null,"allowedGearTypes":null,"maxPlayersAllowed":0,"created":"2022-01-01T00:00:00.000Z","updated":"2022-01-01T00:00:00.000Z","id":9000000000065,"universeId":9000000000064,"name":"New MM2","description":"","isRootPlace":true}]}
[2026-06-16 12:33:36] >> GET /content-safety/v1/places/9000000000071/safety-status
[2026-06-16 12:33:36] >> GET /content-safety/v1/places/9000000000035/safety-status
[2026-06-16 12:33:36] << /content-safety/v1/places/9000000000071/safety-status -> {"isSequestered":false,"moderationStatus":"Approved"}
[2026-06-16 12:33:36] << /content-safety/v1/places/9000000000035/safety-status -> {"isSequestered":false,"moderationStatus":"Approved"}
[2026-06-16 12:33:36] >> GET /userhub/?id=
[2026-06-16 12:33:36] 404 GET /userhub/
[2026-06-16 12:33:36] << /userhub/ -> {"errors":[{"code":"NotFound","message":"Not found"}]}
[2026-06-16 12:33:36] >> GET /asset/?hash=9648afba5d3d7f66550213469e074213&contentRepresentationPriorityList=W3siZm9ybWF0IjoiUmVzaWR1YWwiLCJtYWpvclZlcnNpb24iOiIyIiwiZmlkZWxpdHkiOiJPcmlnaW5hbCJ9XQ%3D%3D&doNotFallbackToBaselineRepresentation=true
[2026-06-16 12:33:36] >> GET /content-safety/v1/places/9000000000021/safety-status
[2026-06-16 12:33:36] >> GET /content-safety/v1/places/9000000000003/safety-status
[2026-06-16 12:33:36] << /content-safety/v1/places/9000000000021/safety-status -> {"isSequestered":false,"moderationStatus":"Approved"}
[2026-06-16 12:33:36] << /content-safety/v1/places/9000000000003/safety-status -> {"isSequestered":false,"moderationStatus":"Approved"}
[2026-06-16 12:33:36] >> GET /content-safety/v1/places/9000000000027/safety-status
[2026-06-16 12:33:37] >> GET /content-safety/v1/places/9000000000053/safety-status
[2026-06-16 12:33:37] << /content-safety/v1/places/9000000000027/safety-status -> {"isSequestered":false,"moderationStatus":"Approved"}
[2026-06-16 12:33:37] << /content-safety/v1/places/9000000000053/safety-status -> {"isSequestered":false,"moderationStatus":"Approved"}
[2026-06-16 12:33:37] >> GET /v2/universes/9000000000092/places?limit=50&SortOrder=Asc
[2026-06-16 12:33:37] << /v2/universes/9000000000092/places -> {"previousPageCursor":null,"nextPageCursor":null,"data":[{"maxPlayerCount":null,"socialSlotType":null,"customSocialSlotsCount":null,"allowCopying":null,"currentSavedVersion":1,"isAllGenresAllowed":null,"allowedGearTypes":null,"maxPlayersAllowed":0,"created":"2022-01-01T00:00:00.000Z","updated":"2022-01-01T00:00:00.000Z","id":9000000000093,"universeId":9000000000092,"name":"Meepcity","description":"","isRootPlace":true}]}
[2026-06-16 12:33:37] >> GET /content-safety/v1/places/9000000000023/safety-status
[2026-06-16 12:33:37] FetchUrl: HTTP 403 for https://assetdelivery.roblox.com/v1/asset/?id=12578
[2026-06-16 12:33:37] << /content-safety/v1/places/9000000000023/safety-status -> {"isSequestered":false,"moderationStatus":"Approved"}
[2026-06-16 12:33:37] Asset 12578: fetch failed, falling back to redirect
[2026-06-16 12:33:37] >> POST /v1/batch
[2026-06-16 12:33:37] << /v1/batch -> {"data":[]}
[2026-06-16 12:33:37] >> GET /content-safety/v1/places/9000000000051/safety-status
[2026-06-16 12:33:37] >> GET /content-safety/v1/places/9000000000063/safety-status
[2026-06-16 12:33:37] << /content-safety/v1/places/9000000000051/safety-status -> {"isSequestered":false,"moderationStatus":"Approved"}
[2026-06-16 12:33:37] << /content-safety/v1/places/9000000000063/safety-status -> {"isSequestered":false,"moderationStatus":"Approved"}
[2026-06-16 12:33:37] >> GET /content-safety/v1/places/9000000000045/safety-status
[2026-06-16 12:33:37] >> GET /content-safety/v1/places/9000000000061/safety-status
[2026-06-16 12:33:37] << /content-safety/v1/places/9000000000045/safety-status -> {"isSequestered":false,"moderationStatus":"Approved"}
[2026-06-16 12:33:37] << /content-safety/v1/places/9000000000061/safety-status -> {"isSequestered":false,"moderationStatus":"Approved"}
[2026-06-16 12:33:37] >> GET /content-safety/v1/places/9000000000025/safety-status
[2026-06-16 12:33:37] << /content-safety/v1/places/9000000000025/safety-status -> {"isSequestered":false,"moderationStatus":"Approved"}
[2026-06-16 12:33:37] >> POST /studio/pbe
[2026-06-16 12:33:37] >> GET /v2/universes/9000000000096/places?limit=50&SortOrder=Asc
[2026-06-16 12:33:37] << /studio/pbe -> {}
[2026-06-16 12:33:37] << /v2/universes/9000000000096/places -> {"previousPageCursor":null,"nextPageCursor":null,"data":[{"maxPlayerCount":null,"socialSlotType":null,"customSocialSlotsCount":null,"allowCopying":null,"currentSavedVersion":1,"isAllGenresAllowed":null,"allowedGearTypes":null,"maxPlayersAllowed":0,"created":"2022-01-01T00:00:00.000Z","updated":"2022-01-01T00:00:00.000Z","id":9000000000097,"universeId":9000000000096,"name":"Tower of hell","description":"","isRootPlace":true}]}
[2026-06-16 12:33:37] >> GET /v1/universes/multiget/teamcreate?ids=9000000000098&ids=9000000000048&ids=9000000000068&ids=9000000000016&ids=9000000000088&ids=9000000000064&ids=9000000000092&ids=9000000000096&ids=9000000000080&ids=9000000000018&ids=9000000000040&ids=9000000000030&ids=9000000000070&ids=9000000000034&ids=9000000000020&ids=9000000000002&ids=9000000000026&ids=9000000000052&ids=9000000000022&ids=9000000000050&ids=9000000000062&ids=9000000000044&ids=9000000000060&ids=9000000000024
[2026-06-16 12:33:37] TeamCreate stub (disabled): GET /v1/universes/multiget/teamcreate
[2026-06-16 12:33:37] << /v1/universes/multiget/teamcreate -> {"data":[{"id":9000000000098,"isEnabled":false},{"id":9000000000048,"isEnabled":false},{"id":9000000000068,"isEnabled":false},{"id":9000000000016,"isEnabled":false},{"id":9000000000088,"isEnabled":false},{"id":9000000000064,"isEnabled":false},{"id":9000000000092,"isEnabled":false},{"id":9000000000096,"isEnabled":false},{"id":9000000000080,"isEnabled":false},{"id":9000000000018,"isEnabled":false},{"id":9000000000040,"isEnabled":false},{"id":9000000000030,"isEnabled":false},{"id":9000000000070,"isEnabled":false},{"id":9000000000034,"isEnabled":false},{"id":9000000000020,"isEnabled":false},{"id":9000000000002,"isEnabled":false},{"id":9000000000026,"isEnabled":false},{"id":9000000000052,"isEnabled":false},{"id":9000000000022,"isEnabled":false},{"id":9000000000050,"isEnabled":false},{"id":9000000000062,"isEnabled":false},{"id":9000000000044,"isEnabled":false},{"id":9000000000060,"isEnabled":false},{"id":9000000000024,"isEnabled":false}]}
[2026-06-16 12:33:37] >> GET /Thumbs/gameicon.ashx?id=9000000000098
[2026-06-16 12:33:37] >> GET /Thumbs/gameicon.ashx?id=9000000000048
[2026-06-16 12:33:37] >> GET /Thumbs/gameicon.ashx?id=9000000000068
[2026-06-16 12:33:37] >> GET /Thumbs/gameicon.ashx?id=9000000000016
[2026-06-16 12:33:37] >> GET /Thumbs/gameicon.ashx?id=9000000000088
[2026-06-16 12:33:37] >> GET /v2/universes/9000000000080/places?limit=50&SortOrder=Asc
[2026-06-16 12:33:37] << /v2/universes/9000000000080/places -> {"previousPageCursor":null,"nextPageCursor":null,"data":[{"maxPlayerCount":null,"socialSlotType":null,"customSocialSlotsCount":null,"allowCopying":null,"currentSavedVersion":1,"isAllGenresAllowed":null,"allowedGearTypes":null,"maxPlayersAllowed":0,"created":"2022-01-01T00:00:00.000Z","updated":"2022-01-01T00:00:00.000Z","id":9000000000081,"universeId":9000000000080,"name":"Work at a pizza place","description":"","isRootPlace":true}]}
[2026-06-16 12:33:37] >> GET /Thumbs/gameicon.ashx?id=9000000000064
[2026-06-16 12:33:37] >> GET /Thumbs/gameicon.ashx?id=9000000000092
[2026-06-16 12:33:37] >> GET /Thumbs/gameicon.ashx?id=9000000000096
[2026-06-16 12:33:37] >> GET /Thumbs/gameicon.ashx?id=9000000000080
[2026-06-16 12:33:37] >> GET /Thumbs/gameicon.ashx?id=9000000000018
[2026-06-16 12:33:37] >> GET /Thumbs/gameicon.ashx?id=9000000000040
[2026-06-16 12:33:37] >> GET /Thumbs/gameicon.ashx?id=9000000000030
[2026-06-16 12:33:37] >> GET /v2/universes/9000000000018/places?limit=50&SortOrder=Asc
[2026-06-16 12:33:37] << /v2/universes/9000000000018/places -> {"previousPageCursor":null,"nextPageCursor":null,"data":[{"maxPlayerCount":null,"socialSlotType":null,"customSocialSlotsCount":null,"allowCopying":null,"currentSavedVersion":1,"isAllGenresAllowed":null,"allowedGearTypes":null,"maxPlayersAllowed":0,"created":"2022-01-01T00:00:00.000Z","updated":"2022-01-01T00:00:00.000Z","id":9000000000019,"universeId":9000000000018,"name":"Natural Disaster Survival","description":"","isRootPlace":true}]}
[2026-06-16 12:33:37] >> GET /Thumbs/gameicon.ashx?id=9000000000070
[2026-06-16 12:33:37] >> GET /Thumbs/gameicon.ashx?id=9000000000034
[2026-06-16 12:33:37] >> GET /Thumbs/gameicon.ashx?id=9000000000020
[2026-06-16 12:33:37] >> GET /Thumbs/gameicon.ashx?id=9000000000002
[2026-06-16 12:33:37] >> GET /Thumbs/gameicon.ashx?id=9000000000026
[2026-06-16 12:33:37] >> GET /Thumbs/gameicon.ashx?id=9000000000052
[2026-06-16 12:33:37] >> GET /Thumbs/gameicon.ashx?id=9000000000022
[2026-06-16 12:33:37] >> GET /v2/universes/9000000000040/places?limit=50&SortOrder=Asc
[2026-06-16 12:33:37] << /v2/universes/9000000000040/places -> {"previousPageCursor":null,"nextPageCursor":null,"data":[{"maxPlayerCount":null,"socialSlotType":null,"customSocialSlotsCount":null,"allowCopying":null,"currentSavedVersion":1,"isAllGenresAllowed":null,"allowedGearTypes":null,"maxPlayersAllowed":0,"created":"2022-01-01T00:00:00.000Z","updated":"2022-01-01T00:00:00.000Z","id":9000000000041,"universeId":9000000000040,"name":"Epic Minigames","description":"","isRootPlace":true}]}
[2026-06-16 12:33:38] >> GET /Thumbs/gameicon.ashx?id=9000000000050
[2026-06-16 12:33:38] >> GET /Thumbs/gameicon.ashx?id=9000000000062
[2026-06-16 12:33:38] >> GET /Thumbs/gameicon.ashx?id=9000000000044
[2026-06-16 12:33:38] >> GET /Thumbs/gameicon.ashx?id=9000000000060
[2026-06-16 12:33:38] >> GET /Thumbs/gameicon.ashx?id=9000000000024
[2026-06-16 12:33:38] >> GET /v2/universes/9000000000030/places?limit=50&SortOrder=Asc
[2026-06-16 12:33:38] << /v2/universes/9000000000030/places -> {"previousPageCursor":null,"nextPageCursor":null,"data":[{"maxPlayerCount":null,"socialSlotType":null,"customSocialSlotsCount":null,"allowCopying":null,"currentSavedVersion":1,"isAllGenresAllowed":null,"allowedGearTypes":null,"maxPlayersAllowed":0,"created":"2022-01-01T00:00:00.000Z","updated":"2022-01-01T00:00:00.000Z","id":9000000000031,"universeId":9000000000030,"name":"Twisted Murderer","description":"","isRootPlace":true}]}
[2026-06-16 12:33:38] >> GET /v2/universes/9000000000070/places?limit=50&SortOrder=Asc
[2026-06-16 12:33:38] << /v2/universes/9000000000070/places -> {"previousPageCursor":null,"nextPageCursor":null,"data":[{"maxPlayerCount":null,"socialSlotType":null,"customSocialSlotsCount":null,"allowCopying":null,"currentSavedVersion":1,"isAllGenresAllowed":null,"allowedGearTypes":null,"maxPlayersAllowed":0,"created":"2022-01-01T00:00:00.000Z","updated":"2022-01-01T00:00:00.000Z","id":9000000000071,"universeId":9000000000070,"name":"Speed run 4","description":"","isRootPlace":true}]}
[2026-06-16 12:33:38] >> GET /v2/universes/9000000000034/places?limit=50&SortOrder=Asc
[2026-06-16 12:33:38] << /v2/universes/9000000000034/places -> {"previousPageCursor":null,"nextPageCursor":null,"data":[{"maxPlayerCount":null,"socialSlotType":null,"customSocialSlotsCount":null,"allowCopying":null,"currentSavedVersion":1,"isAllGenresAllowed":null,"allowedGearTypes":null,"maxPlayersAllowed":0,"created":"2022-01-01T00:00:00.000Z","updated":"2022-01-01T00:00:00.000Z","id":9000000000035,"universeId":9000000000034,"name":"Assassin","description":"","isRootPlace":true}]}
[2026-06-16 12:33:38] >> GET /v2/universes/9000000000020/places?limit=50&SortOrder=Asc
[2026-06-16 12:33:38] << /v2/universes/9000000000020/places -> {"previousPageCursor":null,"nextPageCursor":null,"data":[{"maxPlayerCount":null,"socialSlotType":null,"customSocialSlotsCount":null,"allowCopying":null,"currentSavedVersion":1,"isAllGenresAllowed":null,"allowedGearTypes":null,"maxPlayersAllowed":0,"created":"2022-01-01T00:00:00.000Z","updated":"2022-01-01T00:00:00.000Z","id":9000000000021,"universeId":9000000000020,"name":"Flood Escape 1.6.5","description":"","isRootPlace":true}]}
[2026-06-16 12:33:38] >> GET /v2/universes/9000000000002/places?limit=50&SortOrder=Asc
[2026-06-16 12:33:38] << /v2/universes/9000000000002/places -> {"previousPageCursor":null,"nextPageCursor":null,"data":[{"maxPlayerCount":null,"socialSlotType":null,"customSocialSlotsCount":null,"allowCopying":null,"currentSavedVersion":1,"isAllGenresAllowed":null,"allowedGearTypes":null,"maxPlayersAllowed":0,"created":"2022-01-01T00:00:00.000Z","updated":"2022-01-01T00:00:00.000Z","id":9000000000003,"universeId":9000000000002,"name":"Theme park tycoon 2","description":"","isRootPlace":true}]}
[2026-06-16 12:33:39] >> POST /v1/batch
[2026-06-16 12:33:39] << /v1/batch -> {"data":[]}
[2026-06-16 12:33:39] >> GET /v2/universes/9000000000026/places?limit=50&SortOrder=Asc
[2026-06-16 12:33:39] << /v2/universes/9000000000026/places -> {"previousPageCursor":null,"nextPageCursor":null,"data":[{"maxPlayerCount":null,"socialSlotType":null,"customSocialSlotsCount":null,"allowCopying":null,"currentSavedVersion":1,"isAllGenresAllowed":null,"allowedGearTypes":null,"maxPlayersAllowed":0,"created":"2022-01-01T00:00:00.000Z","updated":"2022-01-01T00:00:00.000Z","id":9000000000027,"universeId":9000000000026,"name":"Jailbreak","description":"","isRootPlace":true}]}
[2026-06-16 12:33:39] >> GET /v2/universes/9000000000052/places?limit=50&SortOrder=Asc
[2026-06-16 12:33:39] << /v2/universes/9000000000052/places -> {"previousPageCursor":null,"nextPageCursor":null,"data":[{"maxPlayerCount":null,"socialSlotType":null,"customSocialSlotsCount":null,"allowCopying":null,"currentSavedVersion":1,"isAllGenresAllowed":null,"allowedGearTypes":null,"maxPlayersAllowed":0,"created":"2022-01-01T00:00:00.000Z","updated":"2022-01-01T00:00:00.000Z","id":9000000000053,"universeId":9000000000052,"name":"Whatever Floats Your Boat","description":"","isRootPlace":true}]}
[2026-06-16 12:33:39] >> GET /asset/?hash=9648afba5d3d7f66550213469e074213&contentRepresentationPriorityList=W3siZm9ybWF0IjoiT3JpZ2luYWwiLCJtYWpvclZlcnNpb24iOiJPcmlnaW5hbCIsImZpZGVsaXR5IjoiT3JpZ2luYWwifV0%3D
[2026-06-16 12:33:39] >> GET /v2/universes/9000000000022/places?limit=50&SortOrder=Asc
[2026-06-16 12:33:39] << /v2/universes/9000000000022/places -> {"previousPageCursor":null,"nextPageCursor":null,"data":[{"maxPlayerCount":null,"socialSlotType":null,"customSocialSlotsCount":null,"allowCopying":null,"currentSavedVersion":1,"isAllGenresAllowed":null,"allowedGearTypes":null,"maxPlayersAllowed":0,"created":"2022-01-01T00:00:00.000Z","updated":"2022-01-01T00:00:00.000Z","id":9000000000023,"universeId":9000000000022,"name":"Robot 64","description":"","isRootPlace":true}]}
[2026-06-16 12:33:39] >> GET /v1/asset?id=12578&contentRepresentationPriorityList=W3siZm9ybWF0IjoiT3JpZ2luYWwiLCJtYWpvclZlcnNpb24iOiJPcmlnaW5hbCIsImZpZGVsaXR5IjoiT3JpZ2luYWwifV0%3D
[2026-06-16 12:33:39] >> GET /v2/universes/9000000000050/places?limit=50&SortOrder=Asc
[2026-06-16 12:33:39] << /v2/universes/9000000000050/places -> {"previousPageCursor":null,"nextPageCursor":null,"data":[{"maxPlayerCount":null,"socialSlotType":null,"customSocialSlotsCount":null,"allowCopying":null,"currentSavedVersion":1,"isAllGenresAllowed":null,"allowedGearTypes":null,"maxPlayersAllowed":0,"created":"2022-01-01T00:00:00.000Z","updated":"2022-01-01T00:00:00.000Z","id":9000000000051,"universeId":9000000000050,"name":"Polyguns","description":"","isRootPlace":true}]}
[2026-06-16 12:33:39] FetchUrl: HTTP 403 for https://assetdelivery.roblox.com/v1/asset/?id=12578
[2026-06-16 12:33:39] Asset 12578: fetch failed, falling back to redirect
[2026-06-16 12:33:40] >> GET /v2/universes/9000000000062/places?limit=50&SortOrder=Asc
[2026-06-16 12:33:40] << /v2/universes/9000000000062/places -> {"previousPageCursor":null,"nextPageCursor":null,"data":[{"maxPlayerCount":null,"socialSlotType":null,"customSocialSlotsCount":null,"allowCopying":null,"currentSavedVersion":1,"isAllGenresAllowed":null,"allowedGearTypes":null,"maxPlayersAllowed":0,"created":"2022-01-01T00:00:00.000Z","updated":"2022-01-01T00:00:00.000Z","id":9000000000063,"universeId":9000000000062,"name":"Build a boat for treasure","description":"","isRootPlace":true}]}
[2026-06-16 12:33:40] >> GET /v2/universes/9000000000044/places?limit=50&SortOrder=Asc
[2026-06-16 12:33:40] << /v2/universes/9000000000044/places -> {"previousPageCursor":null,"nextPageCursor":null,"data":[{"maxPlayerCount":null,"socialSlotType":null,"customSocialSlotsCount":null,"allowCopying":null,"currentSavedVersion":1,"isAllGenresAllowed":null,"allowedGearTypes":null,"maxPlayersAllowed":0,"created":"2022-01-01T00:00:00.000Z","updated":"2022-01-01T00:00:00.000Z","id":9000000000045,"universeId":9000000000044,"name":"Miners Haven","description":"","isRootPlace":true}]}
[2026-06-16 12:33:40] >> GET /v2/universes/9000000000060/places?limit=50&SortOrder=Asc
[2026-06-16 12:33:40] << /v2/universes/9000000000060/places -> {"previousPageCursor":null,"nextPageCursor":null,"data":[{"maxPlayerCount":null,"socialSlotType":null,"customSocialSlotsCount":null,"allowCopying":null,"currentSavedVersion":1,"isAllGenresAllowed":null,"allowedGearTypes":null,"maxPlayersAllowed":0,"created":"2022-01-01T00:00:00.000Z","updated":"2022-01-01T00:00:00.000Z","id":9000000000061,"universeId":9000000000060,"name":"SPTS","description":"","isRootPlace":true}]}
[2026-06-16 12:33:40] >> GET /v2/universes/9000000000024/places?limit=50&SortOrder=Asc
[2026-06-16 12:33:40] << /v2/universes/9000000000024/places -> {"previousPageCursor":null,"nextPageCursor":null,"data":[{"maxPlayerCount":null,"socialSlotType":null,"customSocialSlotsCount":null,"allowCopying":null,"currentSavedVersion":1,"isAllGenresAllowed":null,"allowedGearTypes":null,"maxPlayersAllowed":0,"created":"2022-01-01T00:00:00.000Z","updated":"2022-01-01T00:00:00.000Z","id":9000000000025,"universeId":9000000000024,"name":"The Streets","description":"","isRootPlace":true}]}
[2026-06-16 12:33:40] >> GET /v1/universes/multiget?ids=9000000000098&ids=9000000000048&ids=9000000000068&ids=9000000000016&ids=9000000000088&ids=9000000000064&ids=9000000000092&ids=9000000000096&ids=9000000000080&ids=9000000000018&ids=9000000000040&ids=9000000000030&ids=9000000000070&ids=9000000000034&ids=9000000000020&ids=9000000000002&ids=9000000000026&ids=9000000000052&ids=9000000000022&ids=9000000000050&ids=9000000000062&ids=9000000000044&ids=9000000000060&ids=9000000000024&
[2026-06-16 12:33:41] >> GET /v2/universes/28220420/places?limit=50&SortOrder=Asc
[2026-06-16 12:33:41] << /v2/universes/28220420/places -> {"previousPageCursor":null,"nextPageCursor":null,"data":[{"maxPlayerCount":null,"socialSlotType":null,"customSocialSlotsCount":null,"allowCopying":null,"currentSavedVersion":1,"isAllGenresAllowed":null,"allowedGearTypes":null,"maxPlayersAllowed":0,"created":"2022-01-01T00:00:00.000Z","updated":"2022-01-01T00:00:00.000Z","id":9991912465,"universeId":9991912465,"name":"Baseplate","description":"","isRootPlace":true}]}
[2026-06-16 12:33:41] >> GET //v1/games/icons?universeIds=28220420&returnPolicy=Placeholder&format=png&size=256x256
[2026-06-16 12:33:41] << //v1/games/icons -> {"data":[{"targetId":28220420,"state":"Completed","imageUrl":"http://localhost/Thumbs/gameicon.ashx?id=28220420","version":"TN3"}]}
[2026-06-16 12:33:41] >> POST /experience-guidelines-service/v1beta1/multi-age-recommendation
[2026-06-16 12:33:41] >> POST /core-content/v1/universe-eligibility/batch
[2026-06-16 12:33:41] >> POST /experience-releases/v1beta1/experience_releases_api/multi_release_statuses
[2026-06-16 12:33:41] << /experience-guidelines-service/v1beta1/multi-age-recommendation -> {"eligibilityByCreator":[{"userId":"14463315","userIsEligible":true,"displayText":"Eligible","ineligibilityReason":"INELIGIBILITY_REASON_NONE"}]}
[2026-06-16 12:33:41] << /core-content/v1/universe-eligibility/batch -> {"eligibilityByCreator":[{"userId":"14463315","userIsEligible":true,"displayText":"Eligible","ineligibilityReason":"INELIGIBILITY_REASON_NONE"}]}
[2026-06-16 12:33:41] << /experience-releases/v1beta1/experience_releases_api/multi_release_statuses -> {"eligibilityByCreator":[{"userId":"14463315","userIsEligible":true,"displayText":"Eligible","ineligibilityReason":"INELIGIBILITY_REASON_NONE"}]}
[2026-06-16 12:33:41] >> GET //v1/games/icons?universeIds=9000000000098,9000000000048,9000000000068,9000000000016,9000000000088,9000000000064,9000000000092,9000000000096,9000000000080,9000000000018,9000000000040,9000000000030,9000000000070,9000000000034,9000000000020,9000000000002,9000000000026,9000000000052,9000000000022,9000000000050,9000000000062,9000000000044,9000000000060,9000000000024&returnPolicy=Autogenerated&format=png&size=256x256
[2026-06-16 12:33:41] >> GET /teamcreate/v1/MultiGetUniversesActiveSessionMembers?maxUsers=10&ids=9000000000098&ids=9000000000048&ids=9000000000068&ids=9000000000016&ids=9000000000088&ids=9000000000064&ids=9000000000092&ids=9000000000096&ids=9000000000080&ids=9000000000018&ids=9000000000040&ids=9000000000030&ids=9000000000070&ids=9000000000034&ids=9000000000020&ids=9000000000002&ids=9000000000026&ids=9000000000052&ids=9000000000022&ids=9000000000050&ids=9000000000062&ids=9000000000044&ids=9000000000060&ids=9000000000024
[2026-06-16 12:33:41] >> GET /v1/universes/multiget/teamcreate?ids=9000000000098&ids=9000000000048&ids=9000000000068&ids=9000000000016&ids=9000000000088&ids=9000000000064&ids=9000000000092&ids=9000000000096&ids=9000000000080&ids=9000000000018&ids=9000000000040&ids=9000000000030&ids=9000000000070&ids=9000000000034&ids=9000000000020&ids=9000000000002&ids=9000000000026&ids=9000000000052&ids=9000000000022&ids=9000000000050&ids=9000000000062&ids=9000000000044&ids=9000000000060&ids=9000000000024&
[2026-06-16 12:33:41] >> GET /content-safety/v1/places/9000000000099/safety-status
[2026-06-16 12:33:41] >> GET /content-safety/v1/places/9000000000049/safety-status
[2026-06-16 12:33:41] << //v1/games/icons -> {"data":[{"targetId":9000000000098,"state":"Completed","imageUrl":"http://localhost/Thumbs/gameicon.ashx?id=9000000000098","version":"TN3"},{"targetId":9000000000048,"state":"Completed","imageUrl":"http://localhost/Thumbs/gameicon.ashx?id=9000000000048","version":"TN3"},{"targetId":9000000000068,"state":"Completed","imageUrl":"http://localhost/Thumbs/gameicon.ashx?id=9000000000068","version":"TN3"},{"targetId":9000000000016,"state":"Completed","imageUrl":"http://localhost/Thumbs/gameicon.ashx?id=9000000000016","version":"TN3"},{"targetId":9000000000088,"state":"Completed","imageUrl":"http://localhost/Thumbs/gameicon.ashx?id=9000000000088","version":"TN3"},{"targetId":9000000000064,"state":"Completed","imageUrl":"http://localhost/Thumbs/gameicon.ashx?id=9000000000064","version":"TN3"},{"targetId":9000000000092,"state":"Completed","imageUrl":"http://localhost/Thumbs/gameicon.ashx?id=9000000000092","version":"TN3"},{"targetId":9000000000096,"state":"Completed","imageUrl":"http://localhost
[2026-06-16 12:33:41] TeamCreate stub (disabled): GET /teamcreate/v1/MultiGetUniversesActiveSessionMembers
[2026-06-16 12:33:41] >> GET /content-safety/v1/places/9000000000069/safety-status
[2026-06-16 12:33:41] TeamCreate stub (disabled): GET /v1/universes/multiget/teamcreate
[2026-06-16 12:33:41] << /content-safety/v1/places/9000000000099/safety-status -> {"isSequestered":false,"moderationStatus":"Approved"}
[2026-06-16 12:33:41] >> GET /content-safety/v1/places/9000000000017/safety-status
[2026-06-16 12:33:41] << /content-safety/v1/places/9000000000049/safety-status -> {"isSequestered":false,"moderationStatus":"Approved"}
[2026-06-16 12:33:41] << /teamcreate/v1/MultiGetUniversesActiveSessionMembers -> {"data":[{"id":9000000000098,"isEnabled":false},{"id":9000000000048,"isEnabled":false},{"id":9000000000068,"isEnabled":false},{"id":9000000000016,"isEnabled":false},{"id":9000000000088,"isEnabled":false},{"id":9000000000064,"isEnabled":false},{"id":9000000000092,"isEnabled":false},{"id":9000000000096,"isEnabled":false},{"id":9000000000080,"isEnabled":false},{"id":9000000000018,"isEnabled":false},{"id":9000000000040,"isEnabled":false},{"id":9000000000030,"isEnabled":false},{"id":9000000000070,"isEnabled":false},{"id":9000000000034,"isEnabled":false},{"id":9000000000020,"isEnabled":false},{"id":9000000000002,"isEnabled":false},{"id":9000000000026,"isEnabled":false},{"id":9000000000052,"isEnabled":false},{"id":9000000000022,"isEnabled":false},{"id":9000000000050,"isEnabled":false},{"id":9000000000062,"isEnabled":false},{"id":9000000000044,"isEnabled":false},{"id":9000000000060,"isEnabled":false},{"id":9000000000024,"isEnabled":false}]}
[2026-06-16 12:33:41] << /content-safety/v1/places/9000000000069/safety-status -> {"isSequestered":false,"moderationStatus":"Approved"}
[2026-06-16 12:33:41] << /v1/universes/multiget/teamcreate -> {"data":[{"id":9000000000098,"isEnabled":false},{"id":9000000000048,"isEnabled":false},{"id":9000000000068,"isEnabled":false},{"id":9000000000016,"isEnabled":false},{"id":9000000000088,"isEnabled":false},{"id":9000000000064,"isEnabled":false},{"id":9000000000092,"isEnabled":false},{"id":9000000000096,"isEnabled":false},{"id":9000000000080,"isEnabled":false},{"id":9000000000018,"isEnabled":false},{"id":9000000000040,"isEnabled":false},{"id":9000000000030,"isEnabled":false},{"id":9000000000070,"isEnabled":false},{"id":9000000000034,"isEnabled":false},{"id":9000000000020,"isEnabled":false},{"id":9000000000002,"isEnabled":false},{"id":9000000000026,"isEnabled":false},{"id":9000000000052,"isEnabled":false},{"id":9000000000022,"isEnabled":false},{"id":9000000000050,"isEnabled":false},{"id":9000000000062,"isEnabled":false},{"id":9000000000044,"isEnabled":false},{"id":9000000000060,"isEnabled":false},{"id":9000000000024,"isEnabled":false}]}
[2026-06-16 12:33:41] << /content-safety/v1/places/9000000000017/safety-status -> {"isSequestered":false,"moderationStatus":"Approved"}
[2026-06-16 12:33:41] >> GET /content-safety/v1/places/9000000000089/safety-status
[2026-06-16 12:33:41] >> GET /content-safety/v1/places/9000000000065/safety-status
[2026-06-16 12:33:41] << /content-safety/v1/places/9000000000089/safety-status -> {"isSequestered":false,"moderationStatus":"Approved"}
[2026-06-16 12:33:41] << /content-safety/v1/places/9000000000065/safety-status -> {"isSequestered":false,"moderationStatus":"Approved"}
[2026-06-16 12:33:41] >> GET /content-safety/v1/places/9000000000093/safety-status
[2026-06-16 12:33:41] << /content-safety/v1/places/9000000000093/safety-status -> {"isSequestered":false,"moderationStatus":"Approved"}
[2026-06-16 12:33:41] >> GET /content-safety/v1/places/9000000000097/safety-status
[2026-06-16 12:33:41] >> GET /content-safety/v1/places/9000000000081/safety-status
[2026-06-16 12:33:41] << /content-safety/v1/places/9000000000097/safety-status -> {"isSequestered":false,"moderationStatus":"Approved"}
[2026-06-16 12:33:41] >> GET /content-safety/v1/places/9000000000019/safety-status
[2026-06-16 12:33:41] << /content-safety/v1/places/9000000000081/safety-status -> {"isSequestered":false,"moderationStatus":"Approved"}
[2026-06-16 12:33:41] >> GET /content-safety/v1/places/9000000000041/safety-status
[2026-06-16 12:33:41] << /content-safety/v1/places/9000000000019/safety-status -> {"isSequestered":false,"moderationStatus":"Approved"}
[2026-06-16 12:33:41] << /content-safety/v1/places/9000000000041/safety-status -> {"isSequestered":false,"moderationStatus":"Approved"}
[2026-06-16 12:33:41] >> GET /content-safety/v1/places/9000000000031/safety-status
[2026-06-16 12:33:41] >> GET /content-safety/v1/places/9000000000071/safety-status
[2026-06-16 12:33:41] >> GET /content-safety/v1/places/9000000000035/safety-status
[2026-06-16 12:33:41] << /content-safety/v1/places/9000000000031/safety-status -> {"isSequestered":false,"moderationStatus":"Approved"}
[2026-06-16 12:33:41] << /content-safety/v1/places/9000000000071/safety-status -> {"isSequestered":false,"moderationStatus":"Approved"}
[2026-06-16 12:33:41] << /content-safety/v1/places/9000000000035/safety-status -> {"isSequestered":false,"moderationStatus":"Approved"}
[2026-06-16 12:33:42] >> GET /content-safety/v1/places/9000000000021/safety-status
[2026-06-16 12:33:42] >> GET /content-safety/v1/places/9000000000003/safety-status
[2026-06-16 12:33:42] << /content-safety/v1/places/9000000000021/safety-status -> {"isSequestered":false,"moderationStatus":"Approved"}
[2026-06-16 12:33:42] << /content-safety/v1/places/9000000000003/safety-status -> {"isSequestered":false,"moderationStatus":"Approved"}
[2026-06-16 12:33:42] >> GET /content-safety/v1/places/9000000000027/safety-status
[2026-06-16 12:33:42] << /content-safety/v1/places/9000000000027/safety-status -> {"isSequestered":false,"moderationStatus":"Approved"}
[2026-06-16 12:33:42] >> GET /content-safety/v1/places/9000000000053/safety-status
[2026-06-16 12:33:42] << /content-safety/v1/places/9000000000053/safety-status -> {"isSequestered":false,"moderationStatus":"Approved"}
[2026-06-16 12:33:42] >> GET /content-safety/v1/places/9000000000023/safety-status
[2026-06-16 12:33:42] >> GET /content-safety/v1/places/9000000000051/safety-status
[2026-06-16 12:33:42] >> GET /content-safety/v1/places/9000000000063/safety-status
[2026-06-16 12:33:42] << /content-safety/v1/places/9000000000023/safety-status -> {"isSequestered":false,"moderationStatus":"Approved"}
[2026-06-16 12:33:42] >> GET /content-safety/v1/places/9000000000045/safety-status
[2026-06-16 12:33:42] << /content-safety/v1/places/9000000000051/safety-status -> {"isSequestered":false,"moderationStatus":"Approved"}
[2026-06-16 12:33:42] << /content-safety/v1/places/9000000000063/safety-status -> {"isSequestered":false,"moderationStatus":"Approved"}
[2026-06-16 12:33:42] << /content-safety/v1/places/9000000000045/safety-status -> {"isSequestered":false,"moderationStatus":"Approved"}
[2026-06-16 12:33:42] >> GET /content-safety/v1/places/9000000000061/safety-status
[2026-06-16 12:33:42] >> GET /content-safety/v1/places/9000000000025/safety-status
[2026-06-16 12:33:42] >> GET /Thumbs/gameicon.ashx?id=28220420
[2026-06-16 12:33:42] << /content-safety/v1/places/9000000000061/safety-status -> {"isSequestered":false,"moderationStatus":"Approved"}
[2026-06-16 12:33:42] << /content-safety/v1/places/9000000000025/safety-status -> {"isSequestered":false,"moderationStatus":"Approved"}
[2026-06-16 12:33:42] >> GET /Thumbs/gameicon.ashx?id=9000000000098
[2026-06-16 12:33:42] >> GET /Thumbs/gameicon.ashx?id=9000000000048
[2026-06-16 12:33:42] >> GET /Thumbs/gameicon.ashx?id=9000000000068
[2026-06-16 12:33:42] >> GET /Thumbs/gameicon.ashx?id=9000000000016
[2026-06-16 12:33:42] >> GET /Thumbs/gameicon.ashx?id=9000000000088
[2026-06-16 12:33:42] >> GET /Thumbs/gameicon.ashx?id=9000000000064
[2026-06-16 12:33:42] >> GET /Thumbs/gameicon.ashx?id=9000000000092
[2026-06-16 12:33:42] >> GET /Thumbs/gameicon.ashx?id=9000000000096
[2026-06-16 12:33:42] >> GET /Thumbs/gameicon.ashx?id=9000000000080
[2026-06-16 12:33:42] >> GET /Thumbs/gameicon.ashx?id=9000000000018
[2026-06-16 12:33:42] >> GET /Thumbs/gameicon.ashx?id=9000000000040
[2026-06-16 12:33:42] >> GET /Thumbs/gameicon.ashx?id=9000000000030
[2026-06-16 12:33:42] >> GET /Thumbs/gameicon.ashx?id=9000000000070
[2026-06-16 12:33:42] >> GET /Thumbs/gameicon.ashx?id=9000000000034
[2026-06-16 12:33:42] >> GET /Thumbs/gameicon.ashx?id=9000000000020
[2026-06-16 12:33:42] >> GET /Thumbs/gameicon.ashx?id=9000000000002
[2026-06-16 12:33:42] >> GET /Thumbs/gameicon.ashx?id=9000000000026
[2026-06-16 12:33:42] >> GET /Thumbs/gameicon.ashx?id=9000000000052
[2026-06-16 12:33:42] >> GET /Thumbs/gameicon.ashx?id=9000000000022
[2026-06-16 12:33:42] >> GET /Thumbs/gameicon.ashx?id=9000000000050
[2026-06-16 12:33:42] >> GET /Thumbs/gameicon.ashx?id=9000000000062
[2026-06-16 12:33:43] >> GET /Thumbs/gameicon.ashx?id=9000000000044
[2026-06-16 12:33:43] >> GET /Thumbs/gameicon.ashx?id=9000000000060
[2026-06-16 12:33:43] >> GET /Thumbs/gameicon.ashx?id=9000000000024
[2026-06-16 12:33:43] >> GET /userhub/?id=
[2026-06-16 12:33:43] 404 GET /userhub/
[2026-06-16 12:33:43] << /userhub/ -> {"errors":[{"code":"NotFound","message":"Not found"}]}
[2026-06-16 12:33:46] >> POST /offblox/appearance?username=HearMeRoar
[2026-06-16 12:33:46] Avatar: stored appearance for 'HearMeRoar' (userId 14463315, 1266 chars)
[2026-06-16 12:33:46] << /offblox/appearance -> {"ok":true}
[2026-06-16 12:33:46] >> POST /v1.0/SequenceStatistics/BatchAddToSequencesV2?apiKey=76E5A40C-3AE1-4028-9F10-7C62520BD94F
[2026-06-16 12:33:46] >> POST /v1.1/Counters/BatchIncrement?apiKey=76E5A40C-3AE1-4028-9F10-7C62520BD94F
[2026-06-16 12:33:46] << /v1.0/SequenceStatistics/BatchAddToSequencesV2 -> {}
[2026-06-16 12:33:46] << /v1.1/Counters/BatchIncrement -> {}
[2026-06-16 12:33:46] >> GET /v2/persistence/9000000000046/datastores/objects/object?datastore=moderation&objectKey=global%2FState_14463315
[2026-06-16 12:33:46] >> POST /user-blocking-api/v1/users/rcc/get-user-blocking-data
[2026-06-16 12:33:46] >> POST /access-management/v2/rcc-user-feature-evaluation
[2026-06-16 12:33:46] 404 POST /user-blocking-api/v1/users/rcc/get-user-blocking-data
[2026-06-16 12:33:46] 404 POST /access-management/v2/rcc-user-feature-evaluation
[2026-06-16 12:33:46] << /user-blocking-api/v1/users/rcc/get-user-blocking-data -> {"errors":[{"code":"NotFound","message":"Not found"}]}
[2026-06-16 12:33:46] << /access-management/v2/rcc-user-feature-evaluation -> {"errors":[{"code":"NotFound","message":"Not found"}]}
[2026-06-16 12:33:46] >> GET /guac-v2/v1/bundles/app-policy
[2026-06-16 12:33:46] >> GET /v1/asset/?id=898437418&permissionContext=ignoreUniverse&xcachesplit=0
[2026-06-16 12:33:46] >> GET /v1/asset/?id=889643771&permissionContext=ignoreUniverse&xcachesplit=0
[2026-06-16 12:33:46] << /guac-v2/v1/bundles/app-policy -> {"version":"1","bundle":{"name":"studio","configurations":{"Feature_DisableOldCookieManagementSticky":"0;100","Feature_UnifiedCookieProtocolEnabled":"0;100","Feature_UnifiedCookieProtocolEnabledSticky":"0;100","Feature_AccessCookiesWithUrlEnabledSticky":"0;100"},"experiments":{}}}
[2026-06-16 12:33:46] >> GET /access-management/v1/rcc-user-feature-access?featureNames=CanUseInExperienceChat&userId=14463315&nameSpace=user_comm_safety/UserBehavior&extraParameters=W3sibmFtZSI6InJlYWRGcmVzaERhdGEiLCJ0eXBlIjoiQm9vbGVhbiIsInZhbHVlIjpmYWxzZX1d
[2026-06-16 12:33:46] >> GET /universe-chat-api/v1/universe-chat-settings?userId=14463315&universeId=9000000000046&rccInstanceId=
[2026-06-16 12:33:46] >> GET /asset/?id=898437418&xcachesplit=9000000000046
[2026-06-16 12:33:46] >> GET /asset/?id=889643771&xcachesplit=9000000000046
[2026-06-16 12:33:46] << /access-management/v1/rcc-user-feature-access -> {"featureAccess":[],"data":[]}
[2026-06-16 12:33:46] 404 GET /universe-chat-api/v1/universe-chat-settings
[2026-06-16 12:33:46] << /universe-chat-api/v1/universe-chat-settings -> {"errors":[{"code":"NotFound","message":"Not found"}]}
[2026-06-16 12:33:46] FetchUrl: HTTP 403 for https://assetdelivery.roblox.com/v1/asset/?id=889643771
[2026-06-16 12:33:46] FetchUrl: HTTP 403 for https://assetdelivery.roblox.com/v1/asset/?id=898437418
[2026-06-16 12:33:46] Asset 889643771: fetch failed, falling back to redirect
[2026-06-16 12:33:46] Asset 898437418: fetch failed, falling back to redirect
[2026-06-16 12:33:46] >> GET /v1/asset/?id=12602&permissionContext=ignoreUniverse&xcachesplit=0
[2026-06-16 12:33:46] >> GET /asset/?id=873196944
[2026-06-16 12:33:46] >> GET /asset/?id=744275156
[2026-06-16 12:33:46] >> GET /v2/users/14463315/groups/roles
[2026-06-16 12:33:46] << /v2/users/14463315/groups/roles -> {"data":[{"group":{"id":13538101,"name":"GC' Sus Games","memberCount":11,"hasVerifiedBadge":false},"role":{"id":77381526,"name":"Member","rank":1}},{"group":{"id":391929292,"name":"FilteringEnabled=false","memberCount":6,"hasVerifiedBadge":false},"role":{"id":700687000,"name":"Owner","rank":255}},{"group":{"id":4347428,"name":"The State of Mind","memberCount":416796,"hasVerifiedBadge":false},"role":{"id":29322544,"name":"⭐️ Important Member","rank":1}},{"group":{"id":33142130,"name":"Legence Clothes","memberCount":6,"hasVerifiedBadge":false},"role":{"id":101719466,"name":"🎀📝 Love📝","rank":1}},{"group":{"id":13273531,"name":"_RARE NAMES_","memberCount":11049,"hasVerifiedBadge":false},"role":{"id":76113545,"name":"Incredible names","rank":45}},{"group":{"id":5995136,"name":"- Old Roblox Accounts -","memberCount":62907,"hasVerifiedBadge":false},"role":{"id":93679233,"name":"2006 / 2007","rank":170}},{"group":{"id":32818995,"name":"(Project Aincrad SAO)","member
[2026-06-16 12:33:46] FetchUrl: HTTP 403 for https://assetdelivery.roblox.com/v1/asset/?id=889643771
[2026-06-16 12:33:46] Asset 889643771: fetch failed, falling back to redirect
[2026-06-16 12:33:46] FetchUrl: HTTP 403 for https://assetdelivery.roblox.com/v1/asset/?id=898437418
[2026-06-16 12:33:46] >> GET /v1/universes/multiget?ids=9000000000098&ids=9000000000048&ids=9000000000068&ids=9000000000016&ids=9000000000088&ids=9000000000064&ids=9000000000092&ids=9000000000096&ids=9000000000080&ids=9000000000018&ids=9000000000040&ids=9000000000030&ids=9000000000070&ids=9000000000034&ids=9000000000020&ids=9000000000002&ids=9000000000026&ids=9000000000052&ids=9000000000022&ids=9000000000050&ids=9000000000062&ids=9000000000044&ids=9000000000060&ids=9000000000024
[2026-06-16 12:33:46] Asset 898437418: fetch failed, falling back to redirect
[2026-06-16 12:33:46] FetchUrl: HTTP 403 for https://assetdelivery.roblox.com/v1/asset/?id=12602
[2026-06-16 12:33:46] Asset 12602: fetch failed, falling back to redirect
[2026-06-16 12:33:46] >> POST /studio/pbe
[2026-06-16 12:33:46] << /studio/pbe -> {}
[2026-06-16 12:33:47] Asset 873196944 fetched OK (49407 bytes)
[2026-06-16 12:33:47] Asset 744275156 fetched OK (18646 bytes)
[2026-06-16 12:33:47] >> GET /player-policy-service/v1/player-policy-client
[2026-06-16 12:33:47] 404 GET /player-policy-service/v1/player-policy-client
[2026-06-16 12:33:47] << /player-policy-service/v1/player-policy-client -> {"errors":[{"code":"NotFound","message":"Not found"}]}
[2026-06-16 12:33:47] >> GET /v1/universes/multiget/teamcreate?ids=9000000000098&ids=9000000000048&ids=9000000000068&ids=9000000000016&ids=9000000000088&ids=9000000000064&ids=9000000000092&ids=9000000000096&ids=9000000000080&ids=9000000000018&ids=9000000000040&ids=9000000000030&ids=9000000000070&ids=9000000000034&ids=9000000000020&ids=9000000000002&ids=9000000000026&ids=9000000000052&ids=9000000000022&ids=9000000000050&ids=9000000000062&ids=9000000000044&ids=9000000000060&ids=9000000000024
[2026-06-16 12:33:47] TeamCreate stub (disabled): GET /v1/universes/multiget/teamcreate
[2026-06-16 12:33:47] << /v1/universes/multiget/teamcreate -> {"data":[{"id":9000000000098,"isEnabled":false},{"id":9000000000048,"isEnabled":false},{"id":9000000000068,"isEnabled":false},{"id":9000000000016,"isEnabled":false},{"id":9000000000088,"isEnabled":false},{"id":9000000000064,"isEnabled":false},{"id":9000000000092,"isEnabled":false},{"id":9000000000096,"isEnabled":false},{"id":9000000000080,"isEnabled":false},{"id":9000000000018,"isEnabled":false},{"id":9000000000040,"isEnabled":false},{"id":9000000000030,"isEnabled":false},{"id":9000000000070,"isEnabled":false},{"id":9000000000034,"isEnabled":false},{"id":9000000000020,"isEnabled":false},{"id":9000000000002,"isEnabled":false},{"id":9000000000026,"isEnabled":false},{"id":9000000000052,"isEnabled":false},{"id":9000000000022,"isEnabled":false},{"id":9000000000050,"isEnabled":false},{"id":9000000000062,"isEnabled":false},{"id":9000000000044,"isEnabled":false},{"id":9000000000060,"isEnabled":false},{"id":9000000000024,"isEnabled":false}]}
[2026-06-16 12:33:47] >> GET /userhub/?id=
[2026-06-16 12:33:47] 404 GET /userhub/
[2026-06-16 12:33:47] << /userhub/ -> {"errors":[{"code":"NotFound","message":"Not found"}]}
[2026-06-16 12:33:47] >> POST /v1/batch
[2026-06-16 12:33:47] << /v1/batch -> {"data":[]}
[2026-06-16 12:33:47] >> GET /v1/asset?id=12578&contentRepresentationPriorityList=W3siZm9ybWF0Ijoia3R4MiIsIm1ham9yVmVyc2lvbiI6IjdyZG8iLCJmaWRlbGl0eSI6Ii8vLy8vQUU9In0seyJmb3JtYXQiOiJrdHgyIiwibWFqb3JWZXJzaW9uIjoiNnJkbyIsImZpZGVsaXR5IjoiUUFBPSJ9XQ%3D%3D&doNotFallbackToBaselineRepresentation=true
[2026-06-16 12:33:47] >> POST /v1.0/SequenceStatistics/BatchAddToSequencesV2?apiKey=76E5A40C-3AE1-4028-9F10-7C62520BD94F
[2026-06-16 12:33:47] >> POST /v1.1/Counters/BatchIncrement?apiKey=76E5A40C-3AE1-4028-9F10-7C62520BD94F
[2026-06-16 12:33:47] << /v1.0/SequenceStatistics/BatchAddToSequencesV2 -> {}
[2026-06-16 12:33:47] << /v1.1/Counters/BatchIncrement -> {}
[2026-06-16 12:33:47] FetchUrl: HTTP 403 for https://assetdelivery.roblox.com/v1/asset/?id=12578
[2026-06-16 12:33:47] Asset 12578: fetch failed, falling back to redirect
[2026-06-16 12:33:48] >> GET /v2/persistence/9000000000046/datastores/objects/object?datastore=T2&objectKey=global%2F14463315%3A1
[2026-06-16 12:33:48] >> GET /player-policy-service/v1/player-policy-client
[2026-06-16 12:33:48] >> GET /asset/?hash=9648afba5d3d7f66550213469e074213&contentRepresentationPriorityList=W3siZm9ybWF0IjoiUmVzaWR1YWwiLCJtYWpvclZlcnNpb24iOiIyIiwiZmlkZWxpdHkiOiJPcmlnaW5hbCJ9XQ%3D%3D&doNotFallbackToBaselineRepresentation=true
[2026-06-16 12:33:48] >> GET /v1/asset/?id=866649671&permissionContext=ignoreUniverse&xcachesplit=0
[2026-06-16 12:33:48] 404 GET /player-policy-service/v1/player-policy-client
[2026-06-16 12:33:48] << /player-policy-service/v1/player-policy-client -> {"errors":[{"code":"NotFound","message":"Not found"}]}
[2026-06-16 12:33:48] >> GET /v2/persistence/9000000000046/datastores/objects/object?datastore=T2&objectKey=global%2F14463315%3A1
[2026-06-16 12:33:48] Asset 866649671 fetched OK (146300 bytes)
[2026-06-16 12:33:48] >> POST /v1.0/SequenceStatistics/BatchAddToSequencesV2?apiKey=76E5A40C-3AE1-4028-9F10-7C62520BD94F
[2026-06-16 12:33:48] >> POST /v1.1/Counters/BatchIncrement?apiKey=76E5A40C-3AE1-4028-9F10-7C62520BD94F
[2026-06-16 12:33:48] << /v1.0/SequenceStatistics/BatchAddToSequencesV2 -> {}
[2026-06-16 12:33:48] << /v1.1/Counters/BatchIncrement -> {}
[2026-06-16 12:33:49] >> GET /player-policy-service/v1/player-policy-client
[2026-06-16 12:33:49] 404 GET /player-policy-service/v1/player-policy-client
[2026-06-16 12:33:49] << /player-policy-service/v1/player-policy-client -> {"errors":[{"code":"NotFound","message":"Not found"}]}
[2026-06-16 12:33:50] >> GET /v1/asset?id=12578&contentRepresentationPriorityList=W3siZm9ybWF0IjoiT3JpZ2luYWwiLCJtYWpvclZlcnNpb24iOiJPcmlnaW5hbCIsImZpZGVsaXR5IjoiT3JpZ2luYWwifV0%3D
[2026-06-16 12:33:50] FetchUrl: HTTP 403 for https://assetdelivery.roblox.com/v1/asset/?id=12578
[2026-06-16 12:33:50] Asset 12578: fetch failed, falling back to redirect
[2026-06-16 12:33:50] >> GET /asset/?hash=9648afba5d3d7f66550213469e074213&contentRepresentationPriorityList=W3siZm9ybWF0IjoiT3JpZ2luYWwiLCJtYWpvclZlcnNpb24iOiJPcmlnaW5hbCIsImZpZGVsaXR5IjoiT3JpZ2luYWwifV0%3D
[2026-06-16 12:33:51] >> GET /v1/asset/?id=584682946&permissionContext=ignoreUniverse&xcachesplit=0
[2026-06-16 12:33:51] Asset 584682946 fetched OK (31059 bytes)
[2026-06-16 12:33:51] >> GET /player-policy-service/v1/player-policy-client
[2026-06-16 12:33:51] 404 GET /player-policy-service/v1/player-policy-client
[2026-06-16 12:33:51] << /player-policy-service/v1/player-policy-client -> {"errors":[{"code":"NotFound","message":"Not found"}]}
[2026-06-16 12:33:51] >> GET /v1/asset/?id=873074075&permissionContext=ignoreUniverse&xcachesplit=0
[2026-06-16 12:33:51] >> POST /product-experimentation-platform/v1/projects/1/values
[2026-06-16 12:33:51] << /product-experimentation-platform/v1/projects/1/values -> {"assignments":[]}
[2026-06-16 12:33:51] Asset 873074075 fetched OK (9516 bytes)
[2026-06-16 12:33:52] >> GET /v1/asset/?id=873073597&permissionContext=ignoreUniverse&xcachesplit=0
[2026-06-16 12:33:52] >> GET /v1/asset/?id=873073890&permissionContext=ignoreUniverse&xcachesplit=0
[2026-06-16 12:33:52] >> GET /v1/asset/?id=873073824&permissionContext=ignoreUniverse&xcachesplit=0
[2026-06-16 12:33:52] >> GET /v1/settings
[2026-06-16 12:33:52] >> GET /v1/settings
[2026-06-16 12:33:52] >> GET /v2/users/14463315/groups/roles
[2026-06-16 12:33:52] << /v1/settings -> {"isVoiceEnabled":true,"isUserOptIn":true,"isUserEligible":true,"isBanned":false,"banReason":0,"bannedUntil":null,"canVerifyAgeForVoice":true,"isVerifiedForVoice":true,"denialReason":0,"isOptInDisabled":false,"hasEverOpted":true,"isAvatarVideoEnabled":true,"isAvatarVideoOptIn":true,"isAvatarVideoOptInDisabled":false,"isAvatarVideoEligible":true,"hasEverOptedAvatarVideo":true,"userHasAvatarCameraAlwaysAvailable":true,"canVerifyPhoneForVoice":true,"seamlessVoiceStatus":1,"allowVoiceDataUsage":true,"seamlessVoiceVariant":""}
[2026-06-16 12:33:52] << /v1/settings -> {"isVoiceEnabled":true,"isUserOptIn":true,"isUserEligible":true,"isBanned":false,"banReason":0,"bannedUntil":null,"canVerifyAgeForVoice":true,"isVerifiedForVoice":true,"denialReason":0,"isOptInDisabled":false,"hasEverOpted":true,"isAvatarVideoEnabled":true,"isAvatarVideoOptIn":true,"isAvatarVideoOptInDisabled":false,"isAvatarVideoEligible":true,"hasEverOptedAvatarVideo":true,"userHasAvatarCameraAlwaysAvailable":true,"canVerifyPhoneForVoice":true,"seamlessVoiceStatus":1,"allowVoiceDataUsage":true,"seamlessVoiceVariant":""}
[2026-06-16 12:33:52] << /v2/users/14463315/groups/roles -> {"data":[{"group":{"id":13538101,"name":"GC' Sus Games","memberCount":11,"hasVerifiedBadge":false},"role":{"id":77381526,"name":"Member","rank":1}},{"group":{"id":391929292,"name":"FilteringEnabled=false","memberCount":6,"hasVerifiedBadge":false},"role":{"id":700687000,"name":"Owner","rank":255}},{"group":{"id":4347428,"name":"The State of Mind","memberCount":416796,"hasVerifiedBadge":false},"role":{"id":29322544,"name":"⭐️ Important Member","rank":1}},{"group":{"id":33142130,"name":"Legence Clothes","memberCount":6,"hasVerifiedBadge":false},"role":{"id":101719466,"name":"🎀📝 Love📝","rank":1}},{"group":{"id":13273531,"name":"_RARE NAMES_","memberCount":11049,"hasVerifiedBadge":false},"role":{"id":76113545,"name":"Incredible names","rank":45}},{"group":{"id":5995136,"name":"- Old Roblox Accounts -","memberCount":62907,"hasVerifiedBadge":false},"role":{"id":93679233,"name":"2006 / 2007","rank":170}},{"group":{"id":32818995,"name":"(Project Aincrad SAO)","member
[2026-06-16 12:33:52] Asset 873073890 fetched OK (10085 bytes)
[2026-06-16 12:33:52] Asset 873073824 fetched OK (8792 bytes)
[2026-06-16 12:33:52] Asset 873073597 fetched OK (9684 bytes)
[2026-06-16 12:33:53] >> GET /v1/asset/?id=873073947&permissionContext=ignoreUniverse&xcachesplit=0
[2026-06-16 12:33:53] Asset 873073947 fetched OK (9786 bytes)
[2026-06-16 12:33:53] >> GET /v1/asset/?id=871701076&permissionContext=ignoreUniverse&xcachesplit=0
[2026-06-16 12:33:53] Asset 871701076 fetched OK (13214 bytes)
[2026-06-16 12:33:53] >> GET /v1/asset/?id=873073853&permissionContext=ignoreUniverse&xcachesplit=0
[2026-06-16 12:33:54] Asset 873073853 fetched OK (9924 bytes)
[2026-06-16 12:33:54] >> GET /v1/asset/?id=871701134&permissionContext=ignoreUniverse&xcachesplit=0
[2026-06-16 12:33:54] Asset 871701134 fetched OK (13212 bytes)
[2026-06-16 12:33:54] >> GET /v1/asset/?id=738450271&permissionContext=ignoreUniverse&xcachesplit=0
[2026-06-16 12:33:54] >> GET /v1/asset/?id=676998859&permissionContext=ignoreUniverse&xcachesplit=0
[2026-06-16 12:33:54] >> GET /v1/asset/?id=724559173&permissionContext=ignoreUniverse&xcachesplit=0
[2026-06-16 12:33:54] >> GET /v1/asset/?id=342423812&permissionContext=ignoreUniverse&xcachesplit=0
[2026-06-16 12:33:54] Asset 676998859 fetched OK (20775 bytes)
[2026-06-16 12:33:54] Asset 342423812 fetched OK (18752 bytes)
[2026-06-16 12:33:54] Asset 724559173 fetched OK (11047 bytes)
[2026-06-16 12:33:54] Asset 738450271 fetched OK (8844 bytes)
[2026-06-16 12:33:54] >> GET /v1/asset/?id=738449739&permissionContext=ignoreUniverse&xcachesplit=0
[2026-06-16 12:33:54] >> GET /v1/asset/?id=724561895&permissionContext=ignoreUniverse&xcachesplit=0
[2026-06-16 12:33:54] >> GET /v1/asset/?id=677010520&permissionContext=ignoreUniverse&xcachesplit=0
[2026-06-16 12:33:54] >> GET /v1/asset/?id=619649245&permissionContext=ignoreUniverse&xcachesplit=0
[2026-06-16 12:33:55] Asset 724561895 fetched OK (6797 bytes)
[2026-06-16 12:33:55] Asset 619649245 fetched OK (8728 bytes)
[2026-06-16 12:33:55] Asset 738449739 fetched OK (7878 bytes)
[2026-06-16 12:33:55] Asset 677010520 fetched OK (9990 bytes)
[2026-06-16 12:33:55] >> GET /v1/asset/?id=738449961&permissionContext=ignoreUniverse&xcachesplit=0
[2026-06-16 12:33:55] >> GET /v1/asset/?id=676999188&permissionContext=ignoreUniverse&xcachesplit=0
[2026-06-16 12:33:55] >> GET /v1/asset/?id=677010549&permissionContext=ignoreUniverse&xcachesplit=0
[2026-06-16 12:33:55] >> POST /v1.1/Counters/BatchIncrement?apiKey=76E5A40C-3AE1-4028-9F10-7C62520BD94F
[2026-06-16 12:33:55] >> POST /v1.0/SequenceStatistics/BatchAddToSequencesV2?apiKey=76E5A40C-3AE1-4028-9F10-7C62520BD94F
[2026-06-16 12:33:55] >> POST /studio/pbe
[2026-06-16 12:33:55] >> POST /timespent/pbe
[2026-06-16 12:33:55] >> POST /experience-signals-ingest/public/v1/events/single
[2026-06-16 12:33:55] << /v1.1/Counters/BatchIncrement -> {}
[2026-06-16 12:33:55] << /v1.0/SequenceStatistics/BatchAddToSequencesV2 -> {}
[2026-06-16 12:33:55] << /studio/pbe -> {}
[2026-06-16 12:33:55] << /timespent/pbe -> {}
[2026-06-16 12:33:55] << /experience-signals-ingest/public/v1/events/single -> {}
[2026-06-16 12:33:55] Asset 676999188 fetched OK (24298 bytes)
[2026-06-16 12:33:55] Asset 738449961 fetched OK (8718 bytes)
[2026-06-16 12:33:55] Asset 677010549 fetched OK (10904 bytes)
[2026-06-16 12:33:55] >> GET /v1/asset/?id=738449901&permissionContext=ignoreUniverse&xcachesplit=0
[2026-06-16 12:33:55] >> GET /v1/asset/?id=724561958&permissionContext=ignoreUniverse&xcachesplit=0
[2026-06-16 12:33:55] >> GET /v1/asset/?id=677010399&permissionContext=ignoreUniverse&xcachesplit=0
[2026-06-16 12:33:55] Asset 724561958 fetched OK (6462 bytes)
[2026-06-16 12:33:55] Asset 677010399 fetched OK (10190 bytes)
[2026-06-16 12:33:55] Asset 738449901 fetched OK (7161 bytes)
[2026-06-16 12:33:55] >> GET /v1/asset/?id=676999245&permissionContext=ignoreUniverse&xcachesplit=0
[2026-06-16 12:33:55] >> GET /v1/asset/?id=677010268&permissionContext=ignoreUniverse&xcachesplit=0
[2026-06-16 12:33:55] Asset 676999245 fetched OK (21031 bytes)
[2026-06-16 12:33:55] Asset 677010268 fetched OK (10495 bytes)
[2026-06-16 12:33:55] >> GET /v1/asset/?id=676999145&permissionContext=ignoreUniverse&xcachesplit=0
[2026-06-16 12:33:55] >> GET /v1/asset/?id=724561997&permissionContext=ignoreUniverse&xcachesplit=0
[2026-06-16 12:33:56] Asset 724561997 fetched OK (5861 bytes)
[2026-06-16 12:33:56] Asset 676999145 fetched OK (17488 bytes)
[2026-06-16 12:33:56] >> GET /v1/asset/?id=676998993&permissionContext=ignoreUniverse&xcachesplit=0
[2026-06-16 12:33:56] Asset 676998993 fetched OK (24568 bytes)
[2026-06-16 12:33:56] >> GET /v1/asset/?id=738449789&permissionContext=ignoreUniverse&xcachesplit=0
[2026-06-16 12:33:56] >> GET /v1/asset/?id=677010482&permissionContext=ignoreUniverse&xcachesplit=0
[2026-06-16 12:33:56] Asset 677010482 fetched OK (8705 bytes)
[2026-06-16 12:33:56] Asset 738449789 fetched OK (7082 bytes)
[2026-06-16 12:33:56] >> GET /v1/asset/?id=677010351&permissionContext=ignoreUniverse&xcachesplit=0
[2026-06-16 12:33:56] >> GET /v1/asset/?id=676998915&permissionContext=ignoreUniverse&xcachesplit=0
[2026-06-16 12:33:56] Asset 677010351 fetched OK (14219 bytes)
[2026-06-16 12:33:56] Asset 676998915 fetched OK (17914 bytes)
[2026-06-16 12:33:57] >> GET /v1/asset/?id=873073999&permissionContext=ignoreUniverse&xcachesplit=0
[2026-06-16 12:33:57] Asset 873073999 fetched OK (10206 bytes)
[2026-06-16 12:33:57] >> GET /v1/asset/?id=871704297&permissionContext=ignoreUniverse&xcachesplit=0
[2026-06-16 12:33:57] >> GET /v1/asset?id=185238152&contentRepresentationPriorityList=W3siZm9ybWF0Ijoia3R4MiIsIm1ham9yVmVyc2lvbiI6IjdyZG8iLCJmaWRlbGl0eSI6Ii8vLy8vQUU9In0seyJmb3JtYXQiOiJrdHgyIiwibWFqb3JWZXJzaW9uIjoiNnJkbyIsImZpZGVsaXR5IjoiUUFBPSJ9XQ%3D%3D&doNotFallbackToBaselineRepresentation=true
[2026-06-16 12:33:57] Asset 185238152 fetched OK (2997 bytes)
[2026-06-16 12:33:57] Asset 871704297 fetched OK (16361 bytes)
[2026-06-16 12:33:57] >> GET /v1/asset/?id=738476883&permissionContext=ignoreUniverse&xcachesplit=0
[2026-06-16 12:33:57] >> GET /v1/asset/?id=738449694&permissionContext=ignoreUniverse&xcachesplit=0
[2026-06-16 12:33:57] >> GET /v1/asset/?id=676999050&permissionContext=ignoreUniverse&xcachesplit=0
[2026-06-16 12:33:57] >> GET /v1/asset/?id=677010436&permissionContext=ignoreUniverse&xcachesplit=0
[2026-06-16 12:33:57] >> GET /v1/asset/?id=871704329&permissionContext=ignoreUniverse&xcachesplit=0
[2026-06-16 12:33:57] >> GET /v1/asset/?id=871704182&permissionContext=ignoreUniverse&xcachesplit=0
[2026-06-16 12:33:57] >> GET /v1/asset?id=185237945&contentRepresentationPriorityList=W3siZm9ybWF0Ijoia3R4MiIsIm1ham9yVmVyc2lvbiI6IjdyZG8iLCJmaWRlbGl0eSI6Ii8vLy8vQUU9In0seyJmb3JtYXQiOiJrdHgyIiwibWFqb3JWZXJzaW9uIjoiNnJkbyIsImZpZGVsaXR5IjoiUUFBPSJ9XQ%3D%3D&doNotFallbackToBaselineRepresentation=true
[2026-06-16 12:33:57] Asset 738476883 fetched OK (5935 bytes)
[2026-06-16 12:33:57] Asset 677010436 fetched OK (9778 bytes)
[2026-06-16 12:33:57] Asset 676999050 fetched OK (21698 bytes)
[2026-06-16 12:33:57] Asset 738449694 fetched OK (7645 bytes)
[2026-06-16 12:33:57] Asset 871704329 fetched OK (9511 bytes)
[2026-06-16 12:33:58] >> GET /v1/asset/?id=342423826&permissionContext=ignoreUniverse&xcachesplit=0
[2026-06-16 12:33:58] >> GET /v1/asset/?id=342423844&permissionContext=ignoreUniverse&xcachesplit=0
[2026-06-16 12:33:58] Asset 185237945 fetched OK (3010 bytes)
[2026-06-16 12:33:58] Asset 871704182 fetched OK (10241 bytes)
[2026-06-16 12:33:58] >> GET /v1/asset/?id=342423860&permissionContext=ignoreUniverse&xcachesplit=0
[2026-06-16 12:33:58] >> GET /v1/asset/?id=676999395&permissionContext=ignoreUniverse&xcachesplit=0
[2026-06-16 12:33:58] Asset 342423844 fetched OK (16429 bytes)
[2026-06-16 12:33:58] Asset 342423826 fetched OK (28994 bytes)
[2026-06-16 12:33:58] Asset 342423860 fetched OK (22285 bytes)
[2026-06-16 12:33:58] Asset 676999395 fetched OK (17455 bytes)
[2026-06-16 12:33:58] >> GET /v1/asset/?id=738449845&permissionContext=ignoreUniverse&xcachesplit=0
[2026-06-16 12:33:58] >> GET /v1/asset/?id=676998794&permissionContext=ignoreUniverse&xcachesplit=0
[2026-06-16 12:33:58] >> GET /v1/asset/?id=724562031&permissionContext=ignoreUniverse&xcachesplit=0
[2026-06-16 12:33:58] Asset 676998794 fetched OK (20208 bytes)
[2026-06-16 12:33:58] Asset 724562031 fetched OK (6071 bytes)
[2026-06-16 12:33:58] Asset 738449845 fetched OK (7411 bytes)
[2026-06-16 12:33:58] >> GET /v1/asset/?id=676999356&permissionContext=ignoreUniverse&xcachesplit=0
[2026-06-16 12:33:58] >> GET /v1/asset/?id=601904118&permissionContext=ignoreUniverse&xcachesplit=0
[2026-06-16 12:33:58] Asset 676999356 fetched OK (22876 bytes)
[2026-06-16 12:33:58] Asset 601904118 fetched OK (21538 bytes)
[2026-06-16 12:33:59] >> POST /user-heartbeats-api/pulse
[2026-06-16 12:33:59] << /user-heartbeats-api/pulse -> {"accounts": [{"username": "HearMeRoar","robloxCookie": "","pulseInterval": 30000,"enableLogging": true}],"globalConfig": {"retryAttempts": 3,"retryDelay": 5000}}
[2026-06-16 12:34:00] >> GET /v1/asset/?id=601903125&permissionContext=ignoreUniverse&xcachesplit=0
[2026-06-16 12:34:00] Asset 601903125 fetched OK (15408 bytes)
[2026-06-16 12:34:00] >> POST /v1.1/Counters/BatchIncrement?apiKey=76E5A40C-3AE1-4028-9F10-7C62520BD94F
[2026-06-16 12:34:00] >> POST /v1.0/SequenceStatistics/BatchAddToSequencesV2?apiKey=76E5A40C-3AE1-4028-9F10-7C62520BD94F
[2026-06-16 12:34:00] >> POST /timespent/pbe
[2026-06-16 12:34:00] >> POST /studio/pbe
[2026-06-16 12:34:00] >> POST /client/pbe
[2026-06-16 12:34:00] >> POST /experience-signals-ingest/public/v1/events/single
[2026-06-16 12:34:00] << /v1.1/Counters/BatchIncrement -> {}
[2026-06-16 12:34:00] << /v1.0/SequenceStatistics/BatchAddToSequencesV2 -> {}
[2026-06-16 12:34:00] << /timespent/pbe -> {}
[2026-06-16 12:34:00] << /studio/pbe -> {}
[2026-06-16 12:34:00] << /client/pbe -> {}
[2026-06-16 12:34:00] << /experience-signals-ingest/public/v1/events/single -> {}
[2026-06-16 12:34:00] >> GET /v1/asset/?id=738450121&permissionContext=ignoreUniverse&xcachesplit=0
[2026-06-16 12:34:00] Asset 738450121 fetched OK (8139 bytes)
[2026-06-16 12:34:00] >> GET /v1/asset/?id=724559198&permissionContext=ignoreUniverse&xcachesplit=0
[2026-06-16 12:34:01] Asset 724559198 fetched OK (9977 bytes)
[2026-06-16 12:34:03] >> GET /v2/assets/86802260/details
[2026-06-16 12:34:03] << /v2/assets/86802260/details -> {"TargetId":86802260,"AssetId":86802260,"ProductId":86802260,"assetId":86802260,"id":86802260,"Id":86802260,"TargetPlaceId":86802260,"PlaceId":86802260,"ProductType":"User Product","Name":"Baseplate","Description":"","AssetTypeId":9,"assetTypeId":9,"Creator":{"Id":14463315,"Name":"HearMeRoar","CreatorType":"User","CreatorTargetId":14463315,"HasVerifiedBadge":false,"id":14463315,"type":1,"creatorType":"User","creatorTargetId":14463315},"IconImageAssetId":0,"Created":"2022-05-11T13:27:09.897Z","Updated":"2022-06-19T07:23:39.03Z","created":"2022-05-11T13:27:09.897Z","updated":"2022-06-19T07:23:39.03Z","PriceInRobux":null,"Sales":0,"IsNew":false,"IsForSale":false,"IsPublicDomain":true,"IsLimited":false,"IsLimitedUnique":false,"isPublic":true,"isForSale":false,"isLimited":false,"isLimitedUnique":false,"enableComments":false}
[2026-06-16 12:34:03] >> GET /v1/users/14463315/items/asset/86802260/is-owned
[2026-06-16 12:34:03] << /v1/users/14463315/items/asset/86802260/is-owned -> false
[2026-06-16 12:34:03] >> POST /user-heartbeats-api/pulse
[2026-06-16 12:34:03] << /user-heartbeats-api/pulse -> {"accounts": [{"username": "HearMeRoar","robloxCookie": "","pulseInterval": 30000,"enableLogging": true}],"globalConfig": {"retryAttempts": 3,"retryDelay": 5000}}
[2026-06-16 12:34:04] >> GET /v1/asset/?id=676999327&permissionContext=ignoreUniverse&xcachesplit=0
[2026-06-16 12:34:04] Asset 676999327 fetched OK (22922 bytes)
[2026-06-16 12:34:04] >> GET /v1/asset/?id=738484890&permissionContext=ignoreUniverse&xcachesplit=0
[2026-06-16 12:34:04] Asset 738484890 fetched OK (7431 bytes)
[2026-06-16 12:34:05] >> GET /v1/asset/?id=738487026&permissionContext=ignoreUniverse&xcachesplit=0
[2026-06-16 12:34:05] >> GET /v1/asset/?id=724559218&permissionContext=ignoreUniverse&xcachesplit=0
[2026-06-16 12:34:05] Asset 738487026 fetched OK (8541 bytes)
[2026-06-16 12:34:05] Asset 724559218 fetched OK (10384 bytes)
[2026-06-16 12:34:05] >> GET /v1/asset/?id=873084440&permissionContext=ignoreUniverse&xcachesplit=0
[2026-06-16 12:34:05] Asset 873084440 fetched OK (14050 bytes)
[2026-06-16 12:34:06] >> GET /v1/asset/?id=676999094&permissionContext=ignoreUniverse&xcachesplit=0
[2026-06-16 12:34:06] Asset 676999094 fetched OK (17693 bytes)
[2026-06-16 12:34:08] >> GET /v1/asset/?id=738476924&permissionContext=ignoreUniverse&xcachesplit=0
[2026-06-16 12:34:08] Asset 738476924 fetched OK (5955 bytes)
[2026-06-16 12:34:08] >> GET /v1/asset/?id=619647649&permissionContext=ignoreUniverse&xcachesplit=0
[2026-06-16 12:34:09] Asset 619647649 fetched OK (9565 bytes)
[2026-06-16 12:34:09] >> GET /v1/asset/?id=738450173&permissionContext=ignoreUniverse&xcachesplit=0
[2026-06-16 12:34:09] Asset 738450173 fetched OK (7675 bytes)
[2026-06-16 12:34:09] >> GET /v1/asset/?id=738450221&permissionContext=ignoreUniverse&xcachesplit=0
[2026-06-16 12:34:09] Asset 738450221 fetched OK (8266 bytes)
[2026-06-16 12:34:10] >> GET /v1/asset/?id=623307791&permissionContext=ignoreUniverse&xcachesplit=0
[2026-06-16 12:34:10] Asset 623307791 fetched OK (9925 bytes)
[2026-06-16 12:34:10] >> GET /v1/asset/?id=623307897&permissionContext=ignoreUniverse&xcachesplit=0
[2026-06-16 12:34:10] Asset 623307897 fetched OK (11909 bytes)
[2026-06-16 12:34:11] >> GET /v1/asset/?id=677010313&permissionContext=ignoreUniverse&xcachesplit=0
[2026-06-16 12:34:11] Asset 677010313 fetched OK (14081 bytes)
[2026-06-16 12:34:13] >> GET /userhub/?id=
[2026-06-16 12:34:13] 404 GET /userhub/
[2026-06-16 12:34:13] << /userhub/ -> {"errors":[{"code":"NotFound","message":"Not found"}]}
[2026-06-16 12:34:14] >> GET /v1/asset/?id=738476779&permissionContext=ignoreUniverse&xcachesplit=0
[2026-06-16 12:34:14] Asset 738476779 fetched OK (7957 bytes)
[2026-06-16 12:34:16] >> GET /v1/asset/?id=738476835&permissionContext=ignoreUniverse&xcachesplit=0
[2026-06-16 12:34:16] Asset 738476835 fetched OK (6345 bytes)
[2026-06-16 12:34:17] >> GET /userhub/?id=
[2026-06-16 12:34:17] 404 GET /userhub/
[2026-06-16 12:34:17] << /userhub/ -> {"errors":[{"code":"NotFound","message":"Not found"}]}
[2026-06-16 12:34:17] >> POST /v1.0/SequenceStatistics/BatchAddToSequencesV2?apiKey=76E5A40C-3AE1-4028-9F10-7C62520BD94F
[2026-06-16 12:34:17] << /v1.0/SequenceStatistics/BatchAddToSequencesV2 -> {}
[2026-06-16 12:34:18] >> POST /v1.1/Counters/BatchIncrement?apiKey=76E5A40C-3AE1-4028-9F10-7C62520BD94F
[2026-06-16 12:34:18] << /v1.1/Counters/BatchIncrement -> {}
[2026-06-16 12:34:20] >> GET /v1/asset/?id=619649367&permissionContext=ignoreUniverse&xcachesplit=0
[2026-06-16 12:34:21] Asset 619649367 fetched OK (9564 bytes)
[2026-06-16 12:34:22] >> GET /v1/asset/?id=873074102&permissionContext=ignoreUniverse&xcachesplit=0
[2026-06-16 12:34:22] Asset 873074102 fetched OK (9802 bytes)
[2026-06-16 12:34:23] >> GET /v1/asset/?id=873073657&permissionContext=ignoreUniverse&xcachesplit=0
[2026-06-16 12:34:23] Asset 873073657 fetched OK (9963 bytes)
[2026-06-16 12:34:23] >> GET /v1/asset/?id=873074053&permissionContext=ignoreUniverse&xcachesplit=0
[2026-06-16 12:34:23] Asset 873074053 fetched OK (9288 bytes)
[2026-06-16 12:34:24] >> GET /v1/asset/?id=873073703&permissionContext=ignoreUniverse&xcachesplit=0
[2026-06-16 12:34:24] Asset 873073703 fetched OK (9768 bytes)
[2026-06-16 12:34:25] >> POST /v1.0/SequenceStatistics/BatchAddToSequencesV2?apiKey=76E5A40C-3AE1-4028-9F10-7C62520BD94F
[2026-06-16 12:34:25] << /v1.0/SequenceStatistics/BatchAddToSequencesV2 -> {}
[2026-06-16 12:34:25] >> POST /v1.0/SequenceStatistics/BatchAddToSequencesV2?apiKey=76E5A40C-3AE1-4028-9F10-7C62520BD94F
[2026-06-16 12:34:25] >> POST /timespent/pbe
[2026-06-16 12:34:25] >> POST /experience-signals-ingest/public/v1/events/single
[2026-06-16 12:34:25] << /v1.0/SequenceStatistics/BatchAddToSequencesV2 -> {}
[2026-06-16 12:34:25] << /timespent/pbe -> {}
[2026-06-16 12:34:25] << /experience-signals-ingest/public/v1/events/single -> {}
[2026-06-16 12:34:25] >> POST /v1.1/Counters/BatchIncrement?apiKey=76E5A40C-3AE1-4028-9F10-7C62520BD94F
[2026-06-16 12:34:25] << /v1.1/Counters/BatchIncrement -> {}
[2026-06-16 12:34:25] >> GET /v1/asset/?id=724559241&permissionContext=ignoreUniverse&xcachesplit=0
[2026-06-16 12:34:25] Asset 724559241 fetched OK (10325 bytes)
[2026-06-16 12:34:26] >> POST /v1.1/Counters/BatchIncrement?apiKey=76E5A40C-3AE1-4028-9F10-7C62520BD94F
[2026-06-16 12:34:26] << /v1.1/Counters/BatchIncrement -> {}
[2026-06-16 12:34:27] >> POST /v1/batch
[2026-06-16 12:34:27] << /v1/batch -> {"data":[]}
[2026-06-16 12:34:27] >> POST /studio/pbe
[2026-06-16 12:34:27] >> POST /studio/pbe
[2026-06-16 12:34:27] >> PATCH /studio-user-settings/v1/user/studiodata/CloudEditKey_placeId0
[2026-06-16 12:34:27] << /studio/pbe -> {}
[2026-06-16 12:34:27] << /studio/pbe -> {}
[2026-06-16 12:34:27] << /studio-user-settings/v1/user/studiodata/CloudEditKey_placeId0 -> {}
[2026-06-16 12:34:28] >> GET /v1/universes/9000000000046/configuration
[2026-06-16 12:34:28] << /v1/universes/9000000000046/configuration -> {"allowPrivateServers":true,"privateServerPrice":null,"id":9000000000046,"name":"Phantom Forces","universeAvatarType":"MorphToR6","universeScaleType":"AllScales","universeAnimationType":"PlayerChoice","universeCollisionType":"OuterBox","universeBodyType":"Standard","universeJointPositioningType":"ArtistIntent","universeAvatarAssetOverrides":[],"universeAvatarMinScales":{"height":0.9,"width":0.7,"head":0.95,"proportion":0,"bodyType":0},"universeAvatarMaxScales":{"height":1.05,"width":1,"head":1,"proportion":1,"bodyType":1},"isArchived":false,"isFriendsOnly":false,"genre":"All","playableDevices":["Computer","Phone","Tablet"],"isForSale":false,"price":0,"isStudioAccessToApisAllowed":true,"privacyType":"Public"}
[2026-06-16 12:34:28] >> POST /v2/persistence/9000000000046/datastores/objects/object?datastore=T2&objectKey=global%2F14463315%3A1
[2026-06-16 12:34:28] << /v2/persistence/9000000000046/datastores/objects/object -> {"version":"08DEB9D5D0709F20.0000000005.08DE9F20B557B9D5.05","deleted":false,"contentLength":159,"createdTime":"2026-06-16T19:34:28.0000000Z","objectCreatedTime":"2026-06-11T21:26:24Z"}
[2026-06-16 12:34:28] >> POST /v2/persistence/9000000000046/datastores/objects/object?datastore=T2&objectKey=global%2F14463315%3A2
[2026-06-16 12:34:28] << /v2/persistence/9000000000046/datastores/objects/object -> {"version":"08DEB9D5D070A020.0000000005.08DEA020B6EAB9D5.05","deleted":false,"contentLength":5,"createdTime":"2026-06-16T19:34:28.0000000Z","objectCreatedTime":"2026-06-11T21:26:25Z"}
[2026-06-16 12:34:28] >> POST /v2/persistence/9000000000046/datastores/objects/object?datastore=T2&objectKey=global%2F14463315%3A1
[2026-06-16 12:34:28] << /v2/persistence/9000000000046/datastores/objects/object -> {"version":"08DEB9D5D0709F20.0000000006.08DE9F20B557B9D5.06","deleted":false,"contentLength":159,"createdTime":"2026-06-16T19:34:28.0000000Z","objectCreatedTime":"2026-06-11T21:26:24Z"}
[2026-06-16 12:34:28] >> POST /v2/persistence/9000000000046/datastores/objects/object?datastore=T2&objectKey=global%2F14463315%3A2
[2026-06-16 12:34:28] << /v2/persistence/9000000000046/datastores/objects/object -> {"version":"08DEB9D5D070A020.0000000006.08DEA020B6EAB9D5.06","deleted":false,"contentLength":5,"createdTime":"2026-06-16T19:34:28.0000000Z","objectCreatedTime":"2026-06-11T21:26:25Z"}
[2026-06-16 12:34:29] >> POST /studio/pbe
[2026-06-16 12:34:29] >> POST /studio/pbe
[2026-06-16 12:34:29] << /studio/pbe -> {}
[2026-06-16 12:34:29] << /studio/pbe -> {}
[2026-06-16 12:34:29] >> POST /studio/pbe
[2026-06-16 12:34:29] >> POST /studio/pbe
[2026-06-16 12:34:29] << /studio/pbe -> {}
[2026-06-16 12:34:29] << /studio/pbe -> {}
[2026-06-16 12:34:29] >> POST /user-heartbeats-api/pulse
[2026-06-16 12:34:29] << /user-heartbeats-api/pulse -> {"accounts": [{"username": "HearMeRoar","robloxCookie": "","pulseInterval": 30000,"enableLogging": true}],"globalConfig": {"retryAttempts": 3,"retryDelay": 5000}}
[2026-06-16 12:34:30] >> POST /v1.1/Counters/BatchIncrement?apiKey=76E5A40C-3AE1-4028-9F10-7C62520BD94F
[2026-06-16 12:34:30] << /v1.1/Counters/BatchIncrement -> {}
[2026-06-16 12:34:30] >> POST /v1.1/Counters/BatchIncrement?apiKey=76E5A40C-3AE1-4028-9F10-7C62520BD94F
[2026-06-16 12:34:30] << /v1.1/Counters/BatchIncrement -> {}
[2026-06-16 12:34:30] >> POST /v1.1/Counters/BatchIncrement?apiKey=76E5A40C-3AE1-4028-9F10-7C62520BD94F
[2026-06-16 12:34:30] << /v1.1/Counters/BatchIncrement -> {}
[2026-06-16 12:34:30] >> POST /studio/pbe
[2026-06-16 12:34:30] >> POST /studio/pbe
[2026-06-16 12:34:30] >> PATCH /studio-user-settings/v1/user/studiodata/CloudEditKey_placeId9000000000047
[2026-06-16 12:34:30] << /studio/pbe -> {}
[2026-06-16 12:34:30] << /studio/pbe -> {}
[2026-06-16 12:34:30] << /studio-user-settings/v1/user/studiodata/CloudEditKey_placeId9000000000047 -> {}
[2026-06-16 12:34:31] >> GET /userhub/?id=
[2026-06-16 12:34:31] >> GET /v1/universes/multiget?ids=9000000000098&ids=9000000000048&ids=9000000000068&ids=9000000000016&ids=9000000000088&ids=9000000000064&ids=9000000000092&ids=9000000000096&ids=9000000000080&ids=9000000000018&ids=9000000000040&ids=9000000000030&ids=9000000000070&ids=9000000000034&ids=9000000000020&ids=9000000000002&ids=9000000000026&ids=9000000000052&ids=9000000000022&ids=9000000000050&ids=9000000000062&ids=9000000000044&ids=9000000000060&ids=9000000000024
[2026-06-16 12:34:31] >> POST /user-heartbeats-api/action-report
[2026-06-16 12:34:31] 404 GET /userhub/
[2026-06-16 12:34:31] << /user-heartbeats-api/action-report -> {"accounts": [{"username": "HearMeRoar","robloxCookie": "","pulseInterval": 30000,"enableLogging": true}],"globalConfig": {"retryAttempts": 3,"retryDelay": 5000}}
[2026-06-16 12:34:31] << /userhub/ -> {"errors":[{"code":"NotFound","message":"Not found"}]}
[2026-06-16 12:34:31] >> POST /studio/pbe
[2026-06-16 12:34:31] >> POST /studio/pbe
[2026-06-16 12:34:31] << /studio/pbe -> {}
[2026-06-16 12:34:31] << /studio/pbe -> {}
[2026-06-16 12:34:31] >> POST /user-heartbeats-api/action-report
[2026-06-16 12:34:31] << /user-heartbeats-api/action-report -> {"accounts": [{"username": "HearMeRoar","robloxCookie": "","pulseInterval": 30000,"enableLogging": true}],"globalConfig": {"retryAttempts": 3,"retryDelay": 5000}}
[2026-06-16 12:34:32] >> GET /v1/not-approved
[2026-06-16 12:34:32] << /v1/not-approved -> {}
[2026-06-16 12:34:32] >> POST /v1.0/SequenceStatistics/BatchAddToSequencesV2?apiKey=76E5A40C-3AE1-4028-9F10-7C62520BD94F
[2026-06-16 12:34:32] >> POST /v1.1/Counters/BatchIncrement?apiKey=76E5A40C-3AE1-4028-9F10-7C62520BD94F
[2026-06-16 12:34:32] << /v1.0/SequenceStatistics/BatchAddToSequencesV2 -> {}
[2026-06-16 12:34:32] << /v1.1/Counters/BatchIncrement -> {}
[2026-06-16 12:34:32] >> POST /v1.0/SequenceStatistics/BatchAddToSequencesV2?apiKey=76E5A40C-3AE1-4028-9F10-7C62520BD94F
[2026-06-16 12:34:32] >> POST /v1.1/Counters/BatchIncrement?apiKey=76E5A40C-3AE1-4028-9F10-7C62520BD94F
[2026-06-16 12:34:32] << /v1.0/SequenceStatistics/BatchAddToSequencesV2 -> {}
[2026-06-16 12:34:32] << /v1.1/Counters/BatchIncrement -> {}
[2026-06-16 12:34:32] >> POST /v1.1/Counters/BatchIncrement?apiKey=76E5A40C-3AE1-4028-9F10-7C62520BD94F
[2026-06-16 12:34:32] >> POST /v1.0/SequenceStatistics/BatchAddToSequencesV2?apiKey=76E5A40C-3AE1-4028-9F10-7C62520BD94F
[2026-06-16 12:34:32] >> POST /studio/pbe
[2026-06-16 12:34:32] >> POST /experience-signals-ingest/public/v1/events/single
[2026-06-16 12:34:32] << /v1.1/Counters/BatchIncrement -> {}
[2026-06-16 12:34:32] << /v1.0/SequenceStatistics/BatchAddToSequencesV2 -> {}
[2026-06-16 12:34:32] << /studio/pbe -> {}
[2026-06-16 12:34:32] << /experience-signals-ingest/public/v1/events/single -> {}
[2026-06-16 12:34:32] >> POST /experience-signals-ingest/public/v1/events/single
[2026-06-16 12:34:32] << /experience-signals-ingest/public/v1/events/single -> {}
[2026-06-16 12:34:33] >> POST /experience-signals-ingest/public/v1/events/single
[2026-06-16 12:34:33] << /experience-signals-ingest/public/v1/events/single -> {}
[2026-06-16 12:34:33] >> POST /experience-signals-ingest/public/v1/events/single
[2026-06-16 12:34:33] << /experience-signals-ingest/public/v1/events/single -> {}
[2026-06-16 12:34:33] >> POST /experience-signals-ingest/public/v1/events/single
[2026-06-16 12:34:33] << /experience-signals-ingest/public/v1/events/single -> {}
[2026-06-16 12:34:33] >> POST /experience-signals-ingest/public/v1/events/single
[2026-06-16 12:34:33] << /experience-signals-ingest/public/v1/events/single -> {}
[2026-06-16 12:34:34] >> POST /experience-signals-ingest/public/v1/events/single
[2026-06-16 12:34:34] << /experience-signals-ingest/public/v1/events/single -> {}
[2026-06-16 12:34:34] >> GET /guac-v2/v1/bundles/studio
[2026-06-16 12:34:34] >> GET /v2/client-version/WindowsStudio64
[2026-06-16 12:34:34] >> GET /v2/settings/application/PCStudioApp
[2026-06-16 12:34:34] << /guac-v2/v1/bundles/studio -> {"version":"1","bundle":{"name":"studio","configurations":{"Feature_DisableOldCookieManagementSticky":"0;100","Feature_UnifiedCookieProtocolEnabled":"0;100","Feature_UnifiedCookieProtocolEnabledSticky":"0;100","Feature_AccessCookiesWithUrlEnabledSticky":"0;100"},"experiments":{}}}
[2026-06-16 12:34:34] << /v2/client-version/WindowsStudio64 -> {"version":"0.578.0.5780566","clientVersionUpload":"version-f0b439683245446c","bootstrapperVersion":"1.0.0.0","nextClientVersion":"0.578.0.5780566","nextClientVersionUpload":"version-f0b439683245446c","flagOnly":true}
[2026-06-16 12:34:34] PCStudioApp: injected DebugLocalRccServerConnectionPort=25565
[2026-06-16 12:34:34] >> POST /experience-signals-ingest/public/v1/events/single
[2026-06-16 12:34:34] << /experience-signals-ingest/public/v1/events/single -> {}
[2026-06-16 12:34:34] >> GET /oauth/.well-known/openid-configuration
[2026-06-16 12:34:34] >> POST /studio/pbe
[2026-06-16 12:34:34] << /oauth/.well-known/openid-configuration -> {"issuer":"http://localhost/oauth/","authorization_endpoint":"http://localhost/oauth/v1/authorize","token_endpoint":"http://localhost/oauth/v1/token","introspection_endpoint":"http://localhost/oauth/v1/token/introspect","revocation_endpoint":"http://localhost/oauth/v1/token/revoke","resources_endpoint":"http://localhost/oauth/v1/token/resources","userinfo_endpoint":"http://localhost/oauth/v1/userinfo","jwks_uri":"http://localhost/oauth/v1/certs","registration_endpoint":"http://localhost/dashboard/credentials","service_documentation":"http://localhost/docs/reference/cloud","scopes_supported":["openid","profile","email","verification","credentials","age","premium","roles","attributes"],"response_types_supported":["none","code"],"subject_types_supported":["public"],"id_token_signing_alg_values_supported":["ES256"],"claims_supported":["sub","type","iss","aud","exp","iat","nonce","name","nickname","preferred_username","created_at","profile","picture","email","email_ve
[2026-06-16 12:34:34] << /studio/pbe -> {}
[2026-06-16 12:34:34] >> POST /experience-signals-ingest/public/v1/events/single
[2026-06-16 12:34:34] << /experience-signals-ingest/public/v1/events/single -> {}
