[2026-06-15 19:49:53] === HookedWebserver startup ===
[2026-06-15 19:49:53] DLL directory: C:\Users\catoa\Desktop\Roblox Downloads\OffBloxModern\Clients\OffBlox\
[2026-06-15 19:49:53] Username: HearMeRoar  UserId: 14463315
[2026-06-15 19:49:53] HTTP port: 80  HTTPS port: 443
[2026-06-15 19:49:53] Winsock initialized
[2026-06-15 19:49:53] Sign key: loaded OK
[2026-06-15 19:49:53] SSL: PEM cert+key loaded OK (PKCS#8 key, no PFX needed)
[2026-06-15 19:49:53] SSL/TLS: loaded OK
[2026-06-15 19:49:53] Server WATCHDOG — another instance owns port 80, monitoring...
[2026-06-15 19:49:53] Startup complete.
[2026-06-15 19:49:53] Roblox cookie probe (users/authenticated): HTTP 200 -> valid
[2026-06-15 19:49:53] Roblox cookie: loaded & valid
[2026-06-15 19:50:04] >> GET /oauth/v1/authorize?response_type=code&code_challenge=X1Ch-xpqOfa09RZg3_8UJRTN35B6Eq0N8kFf5NlFg2s&code_challenge_method=S256&client_id&redirect_uri=roblox-studio-auth%3A%2F&scope=openid+credentials+profile+age+roles+premium+verification&nonce=id-roblox&state=eyJwaWQiOiIyODg4IiwiZXZlbnRfaGFuZGxlcl9uYW1lIjoiRXh0ZXJuYWxMb2dpbkZsb3ciLCJkYXRhIjoiTWt5MHgxVHFBLTlaVThqNThsaGRkUHh5aHV2YXZid1hkX0E0TjhCTlJSayJ9
[2026-06-15 19:50:04] /authorize: client_id='roblox_studio_client' nonce='id-roblox' redirect_uri='roblox-studio-auth:/'
[2026-06-15 19:50:04] >> POST /v2/logout
[2026-06-15 19:50:04] << /v2/logout -> {}
[2026-06-15 19:50:05] >> POST /oauth/v1/token
[2026-06-15 19:50:05] /v1/token body: [grant_type=authorization_code&code=hardcoded_auth_code_2023&code_verifier=cRmLF4jgn_fpGuBpItAJTwC358LGMHihCQ9w5vhH4S4&client_id=]
[2026-06-15 19:50:05] /v1/token qs client_id: [(missing)]
[2026-06-15 19:50:05] << /oauth/v1/token -> {"access_token":"hardcoded_access_token","token_type":"Bearer","expires_in":1800,"refresh_token":"hardcoded_refresh_token","scope":"openid credentials profile age roles premium","id_token":"eyJhbGciOiJFUzI1NiIsInR5cCI6IkpXVCIsImtpZCI6ImhhcmRjb2RlZC1rZXktMSJ9.eyJzdWIiOiIxNDQ2MzMxNSIsInR5cGUiOiJVc2VyIiwiaXNzIjoiaHR0cDovL2xvY2FsaG9zdC9vYXV0aC8iLCJhdWQiOiJyb2Jsb3hfc3R1ZGlvX2NsaWVudCIsImV4cCI6MTc4MTU4MDAwMCwiaWF0IjoxNzgxNTc4MjAwLCJub25jZSI6ImlkLXJvYmxveCIsIm5hbWUiOiJIZWFyTWVSb2FyIiwibmlja25hbWUiOiJEZXYiLCJwcmVmZXJyZWRfdXNlcm5hbWUiOiJIZWFyTWVSb2FyIiwiY3JlYXRlZF9hdCI6MTY4MDAwMDAwMCwicHJvZmlsZSI6Imh0dHBzOi8vd3d3LnJvYmxveC5jb20vdXNlcnMvMTQ0NjMzMTUvcHJvZmlsZSIsInBpY3R1cmUiOiJodHRwczovL3d3dy5yb2Jsb3guY29tL2hlYWRzaG90LXRodW1ibmFpbC9pbWFnZT91c2VySWQ9MTQ0NjMzMTUmd2lkdGg9NDIwJmhlaWdodD00MjAiLCJlbWFpbCI6ImRldkByb2Jsb3guZXhhbXBsZSIsImVtYWlsX3ZlcmlmaWVkIjp0cnVlLCJ2ZXJpZmllZCI6dHJ1ZSwiYWdlX2JyYWNrZXQiOiIxOCsiLCJwcmVtaXVtIjp0cnVlLCJyb2xlcyI6WyJEZXZlbG9wZXIiXSwiaW50ZXJuYWxfdXNlciI6ZmFsc2UsImF0dHJpYnV0ZXMiOn
[2026-06-15 19:50:05] >> GET /v1/not-approved
[2026-06-15 19:50:05] << /v1/not-approved -> {}
[2026-06-15 19:50:05] >> POST /validate-machine
[2026-06-15 19:50:05] << /validate-machine -> {}
[2026-06-15 19:50:05] >> GET /oauth/v1/userinfo
[2026-06-15 19:50:05] << /oauth/v1/userinfo -> {"sub":"14463315","type":"User","iss":"http://localhost/oauth/","aud":"roblox_studio_client","exp":1781581805,"iat":1781578205,"nonce":"id-roblox","name":"HearMeRoar","nickname":"Dev","preferred_username":"HearMeRoar","created_at":1680000000,"email":"dev@roblox.example","email_verified":true,"verified":true,"age_bracket":"18+","premium":true,"roles":["Developer"],"internal_user":false,"attributes":{}}
[2026-06-15 19:50:06] >> POST /product-experimentation-platform/v1/projects/1/values
[2026-06-15 19:50:06] >> POST /product-experimentation-platform/v1/projects/1/values
[2026-06-15 19:50:06] << /product-experimentation-platform/v1/projects/1/values -> {"assignments":[]}
[2026-06-15 19:50:06] << /product-experimentation-platform/v1/projects/1/values -> {"assignments":[]}
[2026-06-15 19:50:06] >> POST /product-experimentation-platform/v1/projects/1/values
[2026-06-15 19:50:06] >> POST /user-heartbeats-api/action-report
[2026-06-15 19:50:06] >> GET /userhub/?id=
[2026-06-15 19:50:06] << /product-experimentation-platform/v1/projects/1/values -> {"assignments":[]}
[2026-06-15 19:50:06] << /user-heartbeats-api/action-report -> {"accounts": [{"username": "HearMeRoar","robloxCookie": "","pulseInterval": 30000,"enableLogging": true}],"globalConfig": {"retryAttempts": 3,"retryDelay": 5000}}
[2026-06-15 19:50:06] 404 GET /userhub/
[2026-06-15 19:50:06] << /userhub/ -> {"errors":[{"code":"NotFound","message":"Not found"}]}
[2026-06-15 19:50:06] >> GET /studio-user-data-api/beta-feature-metadata
[2026-06-15 19:50:06] >> GET /studio-user-data-api/beta-feature?pageSize=1000000000
[2026-06-15 19:50:06] >> GET /studio-user-data-api/plugin-metadata?pageSize=1000000000
[2026-06-15 19:50:06] >> GET /studio-user-settings/plugin-permissions/v2/plugins?permissionType=ScriptInjection&cursor&pageSize=100
[2026-06-15 19:50:06] >> GET /studio-user-settings/plugin-permissions/v2/plugins?permissionType=HttpService&cursor&pageSize=100
[2026-06-15 19:50:06] << /studio-user-data-api/beta-feature-metadata -> {}
[2026-06-15 19:50:06] >> GET /v2/user-channel?binaryType=WindowsStudio64
[2026-06-15 19:50:06] >> GET /access-management/v1/feature-access?featureNames=ShowIllegalContentReport&nameSpace=studio%2FSafetyFeatures
[2026-06-15 19:50:06] << /studio-user-data-api/beta-feature -> {}
[2026-06-15 19:50:06] << /studio-user-data-api/plugin-metadata -> {}
[2026-06-15 19:50:06] << /studio-user-settings/plugin-permissions/v2/plugins -> {}
[2026-06-15 19:50:06] << /studio-user-settings/plugin-permissions/v2/plugins -> {}
[2026-06-15 19:50:06] << /v2/user-channel -> {}
[2026-06-15 19:50:06] << /access-management/v1/feature-access -> {"featureAccess":[],"data":[]}
[2026-06-15 19:50:06] >> GET /v1/universes/multiget?ids=9000000000098&ids=9000000000048&ids=9000000000068&ids=9000000000016&ids=9000000000088&ids=9000000000064&ids=9000000000092&ids=9000000000096&ids=9000000000080&ids=9000000000018&ids=9000000000040&ids=9000000000030&ids=9000000000070&ids=9000000000034&ids=9000000000020&ids=9000000000002&ids=9000000000026&ids=9000000000052&ids=9000000000022&ids=9000000000050&ids=9000000000062&ids=9000000000044&ids=9000000000060&ids=9000000000024
[2026-06-15 19:50:06] >> GET /my/settings/json
[2026-06-15 19:50:06] << /my/settings/json -> {"UserId":14463315,"UserName":"HearMeRoar","DisplayName":"HearMeRoar","RobuxBalance":9999999999,"IsEmailVerified":true,"IsPremiumUser":true,"AgeBracket":0,"CountryCode":"US","Roles":["Developer","Soothsayer"],"AccountAgeInDays":1324354}
[2026-06-15 19:50:07] >> GET /userhub/?id=
[2026-06-15 19:50:07] 404 GET /userhub/
[2026-06-15 19:50:07] << /userhub/ -> {"errors":[{"code":"NotFound","message":"Not found"}]}
[2026-06-15 19:50:07] >> GET /v1/universes/multiget/teamcreate?ids=9000000000098&ids=9000000000048&ids=9000000000068&ids=9000000000016&ids=9000000000088&ids=9000000000064&ids=9000000000092&ids=9000000000096&ids=9000000000080&ids=9000000000018&ids=9000000000040&ids=9000000000030&ids=9000000000070&ids=9000000000034&ids=9000000000020&ids=9000000000002&ids=9000000000026&ids=9000000000052&ids=9000000000022&ids=9000000000050&ids=9000000000062&ids=9000000000044&ids=9000000000060&ids=9000000000024
[2026-06-15 19:50:07] TeamCreate stub (disabled): GET /v1/universes/multiget/teamcreate
[2026-06-15 19:50:07] << /v1/universes/multiget/teamcreate -> {"data":[{"id":9000000000098,"isEnabled":false},{"id":9000000000048,"isEnabled":false},{"id":9000000000068,"isEnabled":false},{"id":9000000000016,"isEnabled":false},{"id":9000000000088,"isEnabled":false},{"id":9000000000064,"isEnabled":false},{"id":9000000000092,"isEnabled":false},{"id":9000000000096,"isEnabled":false},{"id":9000000000080,"isEnabled":false},{"id":9000000000018,"isEnabled":false},{"id":9000000000040,"isEnabled":false},{"id":9000000000030,"isEnabled":false},{"id":9000000000070,"isEnabled":false},{"id":9000000000034,"isEnabled":false},{"id":9000000000020,"isEnabled":false},{"id":9000000000002,"isEnabled":false},{"id":9000000000026,"isEnabled":false},{"id":9000000000052,"isEnabled":false},{"id":9000000000022,"isEnabled":false},{"id":9000000000050,"isEnabled":false},{"id":9000000000062,"isEnabled":false},{"id":9000000000044,"isEnabled":false},{"id":9000000000060,"isEnabled":false},{"id":9000000000024,"isEnabled":false}]}
[2026-06-15 19:50:07] >> POST /v1/users
[2026-06-15 19:50:07] << /v1/users -> {"data":[{"id":14463315,"name":"HearMeRoar","displayName":"HearMeRoar"}]}
[2026-06-15 19:50:07] >> GET /v1/gametemplates?searchKey=Templates&pageSize=30&search=All&isTemplates=true
[2026-06-15 19:50:07] << /v1/gametemplates -> {"data":[{"gameTemplateType":"Generic","hasTutorials":false,"universe":{"id":28220420,"name":"Baseplate","description":"Start from a clean baseplate.","isArchived":false,"rootPlaceId":95206881,"privacyType":"Public","creatorType":"User","creatorTargetId":998796,"creatorName":"Templates","created":"2017-04-26T00:00:00Z","updated":"2017-04-26T00:00:00Z","isFriendsOnly":false,"audiences":[1,3,4]}}]}
[2026-06-15 19:50:07] >> GET /doc-site/v2/feeds?surfaceType=StudioStart
[2026-06-15 19:50:07] << /doc-site/v2/feeds -> {"data":{"feedItems":[]}}
[2026-06-15 19:50:07] >> GET /v2/universes/9000000000098/places?limit=50&SortOrder=Asc
[2026-06-15 19:50:07] >> POST /v1/batch
[2026-06-15 19:50:07] << /v2/universes/9000000000098/places -> {"previousPageCursor":null,"nextPageCursor":null,"data":[{"id":9000000000099,"universeId":9000000000098,"name":"Youtube Tycoon","description":""}]}
[2026-06-15 19:50:07] << /v1/batch -> {"data":[]}
[2026-06-15 19:50:08] >> GET /v2/universes/9000000000048/places?limit=50&SortOrder=Asc
[2026-06-15 19:50:08] << /v2/universes/9000000000048/places -> {"previousPageCursor":null,"nextPageCursor":null,"data":[{"id":9000000000049,"universeId":9000000000048,"name":"Pokemon Brick Bronze","description":""}]}
[2026-06-15 19:50:08] >> GET /v2/universes/9000000000068/places?limit=50&SortOrder=Asc
[2026-06-15 19:50:08] << /v2/universes/9000000000068/places -> {"previousPageCursor":null,"nextPageCursor":null,"data":[{"id":9000000000069,"universeId":9000000000068,"name":"Weight Lifting Simulator 2","description":""}]}
[2026-06-15 19:50:08] >> GET /v2/universes/9000000000016/places?limit=50&SortOrder=Asc
[2026-06-15 19:50:08] << /v2/universes/9000000000016/places -> {"previousPageCursor":null,"nextPageCursor":null,"data":[{"id":9000000000017,"universeId":9000000000016,"name":"Prison Life V2.0","description":""}]}
[2026-06-15 19:50:08] >> GET /v2/universes/9000000000088/places?limit=50&SortOrder=Asc
[2026-06-15 19:50:08] << /v2/universes/9000000000088/places -> {"previousPageCursor":null,"nextPageCursor":null,"data":[{"id":9000000000089,"universeId":9000000000088,"name":"Muffin Kombat","description":""}]}
[2026-06-15 19:50:08] >> GET /v2/universes/9000000000064/places?limit=50&SortOrder=Asc
[2026-06-15 19:50:08] << /v2/universes/9000000000064/places -> {"previousPageCursor":null,"nextPageCursor":null,"data":[{"id":9000000000065,"universeId":9000000000064,"name":"New MM2","description":""}]}
[2026-06-15 19:50:09] >> GET /v2/universes/9000000000092/places?limit=50&SortOrder=Asc
[2026-06-15 19:50:09] << /v2/universes/9000000000092/places -> {"previousPageCursor":null,"nextPageCursor":null,"data":[{"id":9000000000093,"universeId":9000000000092,"name":"Meepcity","description":""}]}
[2026-06-15 19:50:09] >> GET /userhub/?id=
[2026-06-15 19:50:09] 404 GET /userhub/
[2026-06-15 19:50:09] << /userhub/ -> {"errors":[{"code":"NotFound","message":"Not found"}]}
[2026-06-15 19:50:09] >> GET /v2/universes/9000000000096/places?limit=50&SortOrder=Asc
[2026-06-15 19:50:09] << /v2/universes/9000000000096/places -> {"previousPageCursor":null,"nextPageCursor":null,"data":[{"id":9000000000097,"universeId":9000000000096,"name":"Tower of hell","description":""}]}
[2026-06-15 19:50:09] >> GET /v2/universes/9000000000080/places?limit=50&SortOrder=Asc
[2026-06-15 19:50:09] << /v2/universes/9000000000080/places -> {"previousPageCursor":null,"nextPageCursor":null,"data":[{"id":9000000000081,"universeId":9000000000080,"name":"Work at a pizza place","description":""}]}
[2026-06-15 19:50:09] >> GET /v2/universes/9000000000018/places?limit=50&SortOrder=Asc
[2026-06-15 19:50:09] << /v2/universes/9000000000018/places -> {"previousPageCursor":null,"nextPageCursor":null,"data":[{"id":9000000000019,"universeId":9000000000018,"name":"Natural Disaster Survival","description":""}]}
[2026-06-15 19:50:10] >> GET /v2/universes/9000000000040/places?limit=50&SortOrder=Asc
[2026-06-15 19:50:10] << /v2/universes/9000000000040/places -> {"previousPageCursor":null,"nextPageCursor":null,"data":[{"id":9000000000041,"universeId":9000000000040,"name":"Epic Minigames","description":""}]}
[2026-06-15 19:50:10] >> GET /v2/universes/9000000000030/places?limit=50&SortOrder=Asc
[2026-06-15 19:50:10] << /v2/universes/9000000000030/places -> {"previousPageCursor":null,"nextPageCursor":null,"data":[{"id":9000000000031,"universeId":9000000000030,"name":"Twisted Murderer","description":""}]}
[2026-06-15 19:50:10] >> GET /v2/universes/9000000000070/places?limit=50&SortOrder=Asc
[2026-06-15 19:50:10] << /v2/universes/9000000000070/places -> {"previousPageCursor":null,"nextPageCursor":null,"data":[{"id":9000000000071,"universeId":9000000000070,"name":"Speed run 4","description":""}]}
[2026-06-15 19:50:10] >> GET /v2/universes/9000000000034/places?limit=50&SortOrder=Asc
[2026-06-15 19:50:10] << /v2/universes/9000000000034/places -> {"previousPageCursor":null,"nextPageCursor":null,"data":[{"id":9000000000035,"universeId":9000000000034,"name":"Assassin","description":""}]}
[2026-06-15 19:50:10] >> GET /v2/universes/9000000000020/places?limit=50&SortOrder=Asc
[2026-06-15 19:50:10] << /v2/universes/9000000000020/places -> {"previousPageCursor":null,"nextPageCursor":null,"data":[{"id":9000000000021,"universeId":9000000000020,"name":"Flood Escape 1.6.5","description":""}]}
[2026-06-15 19:50:11] >> GET /v2/universes/9000000000002/places?limit=50&SortOrder=Asc
[2026-06-15 19:50:11] << /v2/universes/9000000000002/places -> {"previousPageCursor":null,"nextPageCursor":null,"data":[{"id":9000000000003,"universeId":9000000000002,"name":"Theme park tycoon 2","description":""}]}
[2026-06-15 19:50:11] >> GET /v2/universes/9000000000026/places?limit=50&SortOrder=Asc
[2026-06-15 19:50:11] << /v2/universes/9000000000026/places -> {"previousPageCursor":null,"nextPageCursor":null,"data":[{"id":9000000000027,"universeId":9000000000026,"name":"Jailbreak","description":""}]}
[2026-06-15 19:50:11] >> GET /v2/universes/9000000000052/places?limit=50&SortOrder=Asc
[2026-06-15 19:50:11] << /v2/universes/9000000000052/places -> {"previousPageCursor":null,"nextPageCursor":null,"data":[{"id":9000000000053,"universeId":9000000000052,"name":"Whatever Floats Your Boat","description":""}]}
[2026-06-15 19:50:11] >> GET /v2/universes/9000000000022/places?limit=50&SortOrder=Asc
[2026-06-15 19:50:11] << /v2/universes/9000000000022/places -> {"previousPageCursor":null,"nextPageCursor":null,"data":[{"id":9000000000023,"universeId":9000000000022,"name":"Robot 64","description":""}]}
[2026-06-15 19:50:11] >> GET /v2/universes/9000000000050/places?limit=50&SortOrder=Asc
[2026-06-15 19:50:11] << /v2/universes/9000000000050/places -> {"previousPageCursor":null,"nextPageCursor":null,"data":[{"id":9000000000051,"universeId":9000000000050,"name":"Polyguns","description":""}]}
[2026-06-15 19:50:12] >> GET /v2/universes/9000000000062/places?limit=50&SortOrder=Asc
[2026-06-15 19:50:12] >> POST /studio/pbe
[2026-06-15 19:50:12] << /v2/universes/9000000000062/places -> {"previousPageCursor":null,"nextPageCursor":null,"data":[{"id":9000000000063,"universeId":9000000000062,"name":"Build a boat for treasure","description":""}]}
[2026-06-15 19:50:12] << /studio/pbe -> {}
[2026-06-15 19:50:12] >> GET /v2/universes/9000000000044/places?limit=50&SortOrder=Asc
[2026-06-15 19:50:12] << /v2/universes/9000000000044/places -> {"previousPageCursor":null,"nextPageCursor":null,"data":[{"id":9000000000045,"universeId":9000000000044,"name":"Miners Haven","description":""}]}
[2026-06-15 19:50:12] >> GET /v2/universes/9000000000060/places?limit=50&SortOrder=Asc
[2026-06-15 19:50:12] << /v2/universes/9000000000060/places -> {"previousPageCursor":null,"nextPageCursor":null,"data":[{"id":9000000000061,"universeId":9000000000060,"name":"SPTS","description":""}]}
[2026-06-15 19:50:12] >> GET /v2/universes/9000000000024/places?limit=50&SortOrder=Asc
[2026-06-15 19:50:12] << /v2/universes/9000000000024/places -> {"previousPageCursor":null,"nextPageCursor":null,"data":[{"id":9000000000025,"universeId":9000000000024,"name":"The Streets","description":""}]}
[2026-06-15 19:50:12] >> GET /v1/universes/multiget?ids=9000000000098&ids=9000000000048&ids=9000000000068&ids=9000000000016&ids=9000000000088&ids=9000000000064&ids=9000000000092&ids=9000000000096&ids=9000000000080&ids=9000000000018&ids=9000000000040&ids=9000000000030&ids=9000000000070&ids=9000000000034&ids=9000000000020&ids=9000000000002&ids=9000000000026&ids=9000000000052&ids=9000000000022&ids=9000000000050&ids=9000000000062&ids=9000000000044&ids=9000000000060&ids=9000000000024&
[2026-06-15 19:50:13] >> GET /v2/universes/28220420/places?limit=50&SortOrder=Asc
[2026-06-15 19:50:13] << /v2/universes/28220420/places -> {"previousPageCursor":null,"nextPageCursor":null,"data":[{"id":9991912465,"universeId":9991912465,"name":"Baseplate","description":""}]}
[2026-06-15 19:50:13] >> POST /experience-guidelines-service/v1beta1/multi-age-recommendation
[2026-06-15 19:50:13] << /experience-guidelines-service/v1beta1/multi-age-recommendation -> {"eligibilityByCreator":[{"userId":"14463315","userIsEligible":true,"displayText":"Eligible","ineligibilityReason":"INELIGIBILITY_REASON_NONE"}]}
[2026-06-15 19:50:13] >> POST /core-content/v1/universe-eligibility/batch
[2026-06-15 19:50:13] << /core-content/v1/universe-eligibility/batch -> {"eligibilityByCreator":[{"userId":"14463315","userIsEligible":true,"displayText":"Eligible","ineligibilityReason":"INELIGIBILITY_REASON_NONE"}]}
[2026-06-15 19:50:13] >> POST /experience-releases/v1beta1/experience_releases_api/multi_release_statuses
[2026-06-15 19:50:13] << /experience-releases/v1beta1/experience_releases_api/multi_release_statuses -> {"eligibilityByCreator":[{"userId":"14463315","userIsEligible":true,"displayText":"Eligible","ineligibilityReason":"INELIGIBILITY_REASON_NONE"}]}
[2026-06-15 19:50:13] >> GET //v1/games/icons?universeIds=28220420&returnPolicy=Placeholder&format=png&size=256x256
[2026-06-15 19:50:13] << //v1/games/icons -> {"data":[{"targetId":28220420,"state":"Completed","imageUrl":"http://localhost/Thumbs/gameicon.ashx?id=28220420","version":"TN3"}]}
[2026-06-15 19:50:14] >> GET /universes/v1/search?isTemplates=false&isArchived=false&creatorTargetId=14463315&searchKey=Experiences&sortOrder=Desc&search=&creatorType=User&pageSize=30&sortParam=LastUpdated&surface=StudioStartPage&PageIndex=0&needsAssetOptions=true
[2026-06-15 19:50:14] >> GET /creator-home-api/v1/groups?surface=StudioStartPage
[2026-06-15 19:50:14] << /creator-home-api/v1/groups -> {"data":[]}
[2026-06-15 19:50:14] >> GET //v1/games/icons?universeIds=9000000000098,9000000000048,9000000000068,9000000000016,9000000000088,9000000000064,9000000000092,9000000000096,9000000000080,9000000000018,9000000000040,9000000000030,9000000000070,9000000000034,9000000000020,9000000000002,9000000000026,9000000000052,9000000000022,9000000000050,9000000000062,9000000000044,9000000000060,9000000000024&returnPolicy=Autogenerated&format=png&size=256x256
[2026-06-15 19:50:14] << //v1/games/icons -> {"data":[{"targetId":9000000000098,"state":"Completed","imageUrl":"http://localhost/Thumbs/gameicon.ashx?id=9000000000098","version":"TN3"},{"targetId":9000000000048,"state":"Completed","imageUrl":"http://localhost/Thumbs/gameicon.ashx?id=9000000000048","version":"TN3"},{"targetId":9000000000068,"state":"Completed","imageUrl":"http://localhost/Thumbs/gameicon.ashx?id=9000000000068","version":"TN3"},{"targetId":9000000000016,"state":"Completed","imageUrl":"http://localhost/Thumbs/gameicon.ashx?id=9000000000016","version":"TN3"},{"targetId":9000000000088,"state":"Completed","imageUrl":"http://localhost/Thumbs/gameicon.ashx?id=9000000000088","version":"TN3"},{"targetId":9000000000064,"state":"Completed","imageUrl":"http://localhost/Thumbs/gameicon.ashx?id=9000000000064","version":"TN3"},{"targetId":9000000000092,"state":"Completed","imageUrl":"http://localhost/Thumbs/gameicon.ashx?id=9000000000092","version":"TN3"},{"targetId":9000000000096,"state":"Completed","imageUrl":"http://localhost
[2026-06-15 19:50:14] >> GET /teamcreate/v1/MultiGetUniversesActiveSessionMembers?maxUsers=10&ids=9000000000098&ids=9000000000048&ids=9000000000068&ids=9000000000016&ids=9000000000088&ids=9000000000064&ids=9000000000092&ids=9000000000096&ids=9000000000080&ids=9000000000018&ids=9000000000040&ids=9000000000030&ids=9000000000070&ids=9000000000034&ids=9000000000020&ids=9000000000002&ids=9000000000026&ids=9000000000052&ids=9000000000022&ids=9000000000050&ids=9000000000062&ids=9000000000044&ids=9000000000060&ids=9000000000024
[2026-06-15 19:50:14] TeamCreate stub (disabled): GET /teamcreate/v1/MultiGetUniversesActiveSessionMembers
[2026-06-15 19:50:14] << /teamcreate/v1/MultiGetUniversesActiveSessionMembers -> {"data":[{"id":9000000000098,"isEnabled":false},{"id":9000000000048,"isEnabled":false},{"id":9000000000068,"isEnabled":false},{"id":9000000000016,"isEnabled":false},{"id":9000000000088,"isEnabled":false},{"id":9000000000064,"isEnabled":false},{"id":9000000000092,"isEnabled":false},{"id":9000000000096,"isEnabled":false},{"id":9000000000080,"isEnabled":false},{"id":9000000000018,"isEnabled":false},{"id":9000000000040,"isEnabled":false},{"id":9000000000030,"isEnabled":false},{"id":9000000000070,"isEnabled":false},{"id":9000000000034,"isEnabled":false},{"id":9000000000020,"isEnabled":false},{"id":9000000000002,"isEnabled":false},{"id":9000000000026,"isEnabled":false},{"id":9000000000052,"isEnabled":false},{"id":9000000000022,"isEnabled":false},{"id":9000000000050,"isEnabled":false},{"id":9000000000062,"isEnabled":false},{"id":9000000000044,"isEnabled":false},{"id":9000000000060,"isEnabled":false},{"id":9000000000024,"isEnabled":false}]}
[2026-06-15 19:50:14] >> GET /v1/universes/multiget/teamcreate?ids=9000000000098&ids=9000000000048&ids=9000000000068&ids=9000000000016&ids=9000000000088&ids=9000000000064&ids=9000000000092&ids=9000000000096&ids=9000000000080&ids=9000000000018&ids=9000000000040&ids=9000000000030&ids=9000000000070&ids=9000000000034&ids=9000000000020&ids=9000000000002&ids=9000000000026&ids=9000000000052&ids=9000000000022&ids=9000000000050&ids=9000000000062&ids=9000000000044&ids=9000000000060&ids=9000000000024&
[2026-06-15 19:50:14] TeamCreate stub (disabled): GET /v1/universes/multiget/teamcreate
[2026-06-15 19:50:14] << /v1/universes/multiget/teamcreate -> {"data":[{"id":9000000000098,"isEnabled":false},{"id":9000000000048,"isEnabled":false},{"id":9000000000068,"isEnabled":false},{"id":9000000000016,"isEnabled":false},{"id":9000000000088,"isEnabled":false},{"id":9000000000064,"isEnabled":false},{"id":9000000000092,"isEnabled":false},{"id":9000000000096,"isEnabled":false},{"id":9000000000080,"isEnabled":false},{"id":9000000000018,"isEnabled":false},{"id":9000000000040,"isEnabled":false},{"id":9000000000030,"isEnabled":false},{"id":9000000000070,"isEnabled":false},{"id":9000000000034,"isEnabled":false},{"id":9000000000020,"isEnabled":false},{"id":9000000000002,"isEnabled":false},{"id":9000000000026,"isEnabled":false},{"id":9000000000052,"isEnabled":false},{"id":9000000000022,"isEnabled":false},{"id":9000000000050,"isEnabled":false},{"id":9000000000062,"isEnabled":false},{"id":9000000000044,"isEnabled":false},{"id":9000000000060,"isEnabled":false},{"id":9000000000024,"isEnabled":false}]}
[2026-06-15 19:50:15] >> GET /content-safety/v1/places/9000000000099/safety-status
[2026-06-15 19:50:15] << /content-safety/v1/places/9000000000099/safety-status -> {"isSequestered":false,"moderationStatus":"Approved"}
[2026-06-15 19:50:15] >> GET /content-safety/v1/places/9000000000049/safety-status
[2026-06-15 19:50:15] << /content-safety/v1/places/9000000000049/safety-status -> {"isSequestered":false,"moderationStatus":"Approved"}
[2026-06-15 19:50:15] >> GET /content-safety/v1/places/9000000000069/safety-status
[2026-06-15 19:50:15] << /content-safety/v1/places/9000000000069/safety-status -> {"isSequestered":false,"moderationStatus":"Approved"}
[2026-06-15 19:50:15] >> GET /content-safety/v1/places/9000000000017/safety-status
[2026-06-15 19:50:15] << /content-safety/v1/places/9000000000017/safety-status -> {"isSequestered":false,"moderationStatus":"Approved"}
[2026-06-15 19:50:15] >> GET /content-safety/v1/places/9000000000089/safety-status
[2026-06-15 19:50:15] << /content-safety/v1/places/9000000000089/safety-status -> {"isSequestered":false,"moderationStatus":"Approved"}
[2026-06-15 19:50:16] >> GET /content-safety/v1/places/9000000000065/safety-status
[2026-06-15 19:50:16] << /content-safety/v1/places/9000000000065/safety-status -> {"isSequestered":false,"moderationStatus":"Approved"}
[2026-06-15 19:50:16] >> GET /content-safety/v1/places/9000000000093/safety-status
[2026-06-15 19:50:16] << /content-safety/v1/places/9000000000093/safety-status -> {"isSequestered":false,"moderationStatus":"Approved"}
[2026-06-15 19:50:16] >> GET /content-safety/v1/places/9000000000097/safety-status
[2026-06-15 19:50:16] << /content-safety/v1/places/9000000000097/safety-status -> {"isSequestered":false,"moderationStatus":"Approved"}
[2026-06-15 19:50:16] >> GET /content-safety/v1/places/9000000000081/safety-status
[2026-06-15 19:50:16] << /content-safety/v1/places/9000000000081/safety-status -> {"isSequestered":false,"moderationStatus":"Approved"}
[2026-06-15 19:50:16] >> GET /content-safety/v1/places/9000000000019/safety-status
[2026-06-15 19:50:16] << /content-safety/v1/places/9000000000019/safety-status -> {"isSequestered":false,"moderationStatus":"Approved"}
[2026-06-15 19:50:17] >> GET /content-safety/v1/places/9000000000041/safety-status
[2026-06-15 19:50:17] << /content-safety/v1/places/9000000000041/safety-status -> {"isSequestered":false,"moderationStatus":"Approved"}
[2026-06-15 19:50:17] >> GET /content-safety/v1/places/9000000000031/safety-status
[2026-06-15 19:50:17] << /content-safety/v1/places/9000000000031/safety-status -> {"isSequestered":false,"moderationStatus":"Approved"}
[2026-06-15 19:50:17] >> GET /content-safety/v1/places/9000000000071/safety-status
[2026-06-15 19:50:17] << /content-safety/v1/places/9000000000071/safety-status -> {"isSequestered":false,"moderationStatus":"Approved"}
[2026-06-15 19:50:17] >> GET /content-safety/v1/places/9000000000035/safety-status
[2026-06-15 19:50:17] << /content-safety/v1/places/9000000000035/safety-status -> {"isSequestered":false,"moderationStatus":"Approved"}
[2026-06-15 19:50:18] >> GET /content-safety/v1/places/9000000000021/safety-status
[2026-06-15 19:50:18] << /content-safety/v1/places/9000000000021/safety-status -> {"isSequestered":false,"moderationStatus":"Approved"}
[2026-06-15 19:50:18] >> GET /content-safety/v1/places/9000000000003/safety-status
[2026-06-15 19:50:18] << /content-safety/v1/places/9000000000003/safety-status -> {"isSequestered":false,"moderationStatus":"Approved"}
[2026-06-15 19:50:18] >> GET /content-safety/v1/places/9000000000027/safety-status
[2026-06-15 19:50:18] << /content-safety/v1/places/9000000000027/safety-status -> {"isSequestered":false,"moderationStatus":"Approved"}
[2026-06-15 19:50:18] >> GET /content-safety/v1/places/9000000000053/safety-status
[2026-06-15 19:50:18] << /content-safety/v1/places/9000000000053/safety-status -> {"isSequestered":false,"moderationStatus":"Approved"}
[2026-06-15 19:50:18] >> GET /content-safety/v1/places/9000000000023/safety-status
[2026-06-15 19:50:18] << /content-safety/v1/places/9000000000023/safety-status -> {"isSequestered":false,"moderationStatus":"Approved"}
[2026-06-15 19:50:19] >> GET /content-safety/v1/places/9000000000051/safety-status
[2026-06-15 19:50:19] << /content-safety/v1/places/9000000000051/safety-status -> {"isSequestered":false,"moderationStatus":"Approved"}
[2026-06-15 19:50:19] >> GET /content-safety/v1/places/9000000000063/safety-status
[2026-06-15 19:50:19] << /content-safety/v1/places/9000000000063/safety-status -> {"isSequestered":false,"moderationStatus":"Approved"}
[2026-06-15 19:50:19] >> GET /content-safety/v1/places/9000000000045/safety-status
[2026-06-15 19:50:19] << /content-safety/v1/places/9000000000045/safety-status -> {"isSequestered":false,"moderationStatus":"Approved"}
[2026-06-15 19:50:19] >> GET /userhub/?id=
[2026-06-15 19:50:19] 404 GET /userhub/
[2026-06-15 19:50:19] << /userhub/ -> {"errors":[{"code":"NotFound","message":"Not found"}]}
[2026-06-15 19:50:19] >> GET /content-safety/v1/places/9000000000061/safety-status
[2026-06-15 19:50:19] << /content-safety/v1/places/9000000000061/safety-status -> {"isSequestered":false,"moderationStatus":"Approved"}
[2026-06-15 19:50:19] >> GET /content-safety/v1/places/9000000000025/safety-status
[2026-06-15 19:50:19] << /content-safety/v1/places/9000000000025/safety-status -> {"isSequestered":false,"moderationStatus":"Approved"}
[2026-06-15 19:50:20] >> GET /Thumbs/gameicon.ashx?id=28220420
[2026-06-15 19:50:20] >> GET /v2/universes/9000000000002/places?limit=50&SortOrder=Asc
[2026-06-15 19:50:20] << /v2/universes/9000000000002/places -> {"previousPageCursor":null,"nextPageCursor":null,"data":[{"id":9000000000003,"universeId":9000000000002,"name":"Theme park tycoon 2","description":""}]}
[2026-06-15 19:50:20] >> GET /v2/universes/9000000000014/places?limit=50&SortOrder=Asc
[2026-06-15 19:50:20] << /v2/universes/9000000000014/places -> {"previousPageCursor":null,"nextPageCursor":null,"data":[{"id":9000000000015,"universeId":9000000000014,"name":"Doomspire Brickbattle","description":""}]}
[2026-06-15 19:50:20] >> GET /v2/universes/9000000000016/places?limit=50&SortOrder=Asc
[2026-06-15 19:50:20] << /v2/universes/9000000000016/places -> {"previousPageCursor":null,"nextPageCursor":null,"data":[{"id":9000000000017,"universeId":9000000000016,"name":"Prison Life V2.0","description":""}]}
[2026-06-15 19:50:21] >> GET /v2/universes/9000000000018/places?limit=50&SortOrder=Asc
[2026-06-15 19:50:21] << /v2/universes/9000000000018/places -> {"previousPageCursor":null,"nextPageCursor":null,"data":[{"id":9000000000019,"universeId":9000000000018,"name":"Natural Disaster Survival","description":""}]}
[2026-06-15 19:50:21] >> GET /v2/universes/9000000000020/places?limit=50&SortOrder=Asc
[2026-06-15 19:50:21] << /v2/universes/9000000000020/places -> {"previousPageCursor":null,"nextPageCursor":null,"data":[{"id":9000000000021,"universeId":9000000000020,"name":"Flood Escape 1.6.5","description":""}]}
[2026-06-15 19:50:21] >> GET /v2/universes/9000000000022/places?limit=50&SortOrder=Asc
[2026-06-15 19:50:21] << /v2/universes/9000000000022/places -> {"previousPageCursor":null,"nextPageCursor":null,"data":[{"id":9000000000023,"universeId":9000000000022,"name":"Robot 64","description":""}]}
[2026-06-15 19:50:21] >> GET /v2/universes/9000000000024/places?limit=50&SortOrder=Asc
[2026-06-15 19:50:21] << /v2/universes/9000000000024/places -> {"previousPageCursor":null,"nextPageCursor":null,"data":[{"id":9000000000025,"universeId":9000000000024,"name":"The Streets","description":""}]}
[2026-06-15 19:50:21] >> GET /v2/universes/9000000000026/places?limit=50&SortOrder=Asc
[2026-06-15 19:50:21] << /v2/universes/9000000000026/places -> {"previousPageCursor":null,"nextPageCursor":null,"data":[{"id":9000000000027,"universeId":9000000000026,"name":"Jailbreak","description":""}]}
[2026-06-15 19:50:22] >> GET /v2/universes/9000000000028/places?limit=50&SortOrder=Asc
[2026-06-15 19:50:22] << /v2/universes/9000000000028/places -> {"previousPageCursor":null,"nextPageCursor":null,"data":[{"id":9000000000029,"universeId":9000000000028,"name":"The Normal Elevator","description":""}]}
[2026-06-15 19:50:22] >> GET /v2/universes/9000000000030/places?limit=50&SortOrder=Asc
[2026-06-15 19:50:22] << /v2/universes/9000000000030/places -> {"previousPageCursor":null,"nextPageCursor":null,"data":[{"id":9000000000031,"universeId":9000000000030,"name":"Twisted Murderer","description":""}]}
[2026-06-15 19:50:22] >> GET /v2/universes/9000000000032/places?limit=50&SortOrder=Asc
[2026-06-15 19:50:22] << /v2/universes/9000000000032/places -> {"previousPageCursor":null,"nextPageCursor":null,"data":[{"id":9000000000033,"universeId":9000000000032,"name":"MM2","description":""}]}
[2026-06-15 19:50:22] >> GET /v2/universes/9000000000034/places?limit=50&SortOrder=Asc
[2026-06-15 19:50:22] << /v2/universes/9000000000034/places -> {"previousPageCursor":null,"nextPageCursor":null,"data":[{"id":9000000000035,"universeId":9000000000034,"name":"Assassin","description":""}]}
[2026-06-15 19:50:22] >> GET /v2/universes/9000000000036/places?limit=50&SortOrder=Asc
[2026-06-15 19:50:22] << /v2/universes/9000000000036/places -> {"previousPageCursor":null,"nextPageCursor":null,"data":[{"id":9000000000037,"universeId":9000000000036,"name":"Booga Booga","description":""}]}
[2026-06-15 19:50:23] >> GET /v2/universes/9000000000038/places?limit=50&SortOrder=Asc
[2026-06-15 19:50:23] << /v2/universes/9000000000038/places -> {"previousPageCursor":null,"nextPageCursor":null,"data":[{"id":9000000000039,"universeId":9000000000038,"name":"Lumber Tycoon 2","description":""}]}
[2026-06-15 19:50:23] >> GET /v2/universes/9000000000040/places?limit=50&SortOrder=Asc
[2026-06-15 19:50:23] << /v2/universes/9000000000040/places -> {"previousPageCursor":null,"nextPageCursor":null,"data":[{"id":9000000000041,"universeId":9000000000040,"name":"Epic Minigames","description":""}]}
[2026-06-15 19:50:23] >> GET /v2/universes/9000000000042/places?limit=50&SortOrder=Asc
[2026-06-15 19:50:23] << /v2/universes/9000000000042/places -> {"previousPageCursor":null,"nextPageCursor":null,"data":[{"id":9000000000043,"universeId":9000000000042,"name":"Mad Games","description":""}]}
[2026-06-15 19:50:23] >> GET /v2/universes/9000000000044/places?limit=50&SortOrder=Asc
[2026-06-15 19:50:23] << /v2/universes/9000000000044/places -> {"previousPageCursor":null,"nextPageCursor":null,"data":[{"id":9000000000045,"universeId":9000000000044,"name":"Miners Haven","description":""}]}
[2026-06-15 19:50:23] >> GET /v2/universes/9000000000046/places?limit=50&SortOrder=Asc
[2026-06-15 19:50:23] << /v2/universes/9000000000046/places -> {"previousPageCursor":null,"nextPageCursor":null,"data":[{"id":9000000000047,"universeId":9000000000046,"name":"Phantom Forces","description":""}]}
[2026-06-15 19:50:24] >> GET /v2/universes/9000000000048/places?limit=50&SortOrder=Asc
[2026-06-15 19:50:24] << /v2/universes/9000000000048/places -> {"previousPageCursor":null,"nextPageCursor":null,"data":[{"id":9000000000049,"universeId":9000000000048,"name":"Pokemon Brick Bronze","description":""}]}
[2026-06-15 19:50:24] >> GET /v2/universes/9000000000050/places?limit=50&SortOrder=Asc
[2026-06-15 19:50:24] << /v2/universes/9000000000050/places -> {"previousPageCursor":null,"nextPageCursor":null,"data":[{"id":9000000000051,"universeId":9000000000050,"name":"Polyguns","description":""}]}
[2026-06-15 19:50:24] >> GET /v2/universes/9000000000052/places?limit=50&SortOrder=Asc
[2026-06-15 19:50:24] << /v2/universes/9000000000052/places -> {"previousPageCursor":null,"nextPageCursor":null,"data":[{"id":9000000000053,"universeId":9000000000052,"name":"Whatever Floats Your Boat","description":""}]}
[2026-06-15 19:50:24] >> GET /v2/universes/9000000000054/places?limit=50&SortOrder=Asc
[2026-06-15 19:50:24] << /v2/universes/9000000000054/places -> {"previousPageCursor":null,"nextPageCursor":null,"data":[{"id":9000000000055,"universeId":9000000000054,"name":"Redwood Prison","description":""}]}
[2026-06-15 19:50:25] >> GET /v2/universes/9000000000056/places?limit=50&SortOrder=Asc
[2026-06-15 19:50:25] << /v2/universes/9000000000056/places -> {"previousPageCursor":null,"nextPageCursor":null,"data":[{"id":9000000000057,"universeId":9000000000056,"name":"Apocalypse Rising","description":""}]}
[2026-06-15 19:50:25] >> GET /v2/universes/9000000000058/places?limit=50&SortOrder=Asc
[2026-06-15 19:50:25] << /v2/universes/9000000000058/places -> {"previousPageCursor":null,"nextPageCursor":null,"data":[{"id":9000000000059,"universeId":9000000000058,"name":"Parkour","description":""}]}
[2026-06-15 19:50:25] >> GET /v2/universes/9000000000060/places?limit=50&SortOrder=Asc
[2026-06-15 19:50:25] << /v2/universes/9000000000060/places -> {"previousPageCursor":null,"nextPageCursor":null,"data":[{"id":9000000000061,"universeId":9000000000060,"name":"SPTS","description":""}]}
[2026-06-15 19:50:25] >> GET /v2/universes/9000000000062/places?limit=50&SortOrder=Asc
[2026-06-15 19:50:25] << /v2/universes/9000000000062/places -> {"previousPageCursor":null,"nextPageCursor":null,"data":[{"id":9000000000063,"universeId":9000000000062,"name":"Build a boat for treasure","description":""}]}
[2026-06-15 19:50:25] >> GET /v2/universes/9000000000064/places?limit=50&SortOrder=Asc
[2026-06-15 19:50:25] << /v2/universes/9000000000064/places -> {"previousPageCursor":null,"nextPageCursor":null,"data":[{"id":9000000000065,"universeId":9000000000064,"name":"New MM2","description":""}]}
[2026-06-15 19:50:26] >> GET /v2/universes/9000000000066/places?limit=50&SortOrder=Asc
[2026-06-15 19:50:26] << /v2/universes/9000000000066/places -> {"previousPageCursor":null,"nextPageCursor":null,"data":[{"id":9000000000067,"universeId":9000000000066,"name":"Roblox High School","description":""}]}
[2026-06-15 19:50:26] >> GET /v2/universes/9000000000068/places?limit=50&SortOrder=Asc
[2026-06-15 19:50:26] << /v2/universes/9000000000068/places -> {"previousPageCursor":null,"nextPageCursor":null,"data":[{"id":9000000000069,"universeId":9000000000068,"name":"Weight Lifting Simulator 2","description":""}]}
[2026-06-15 19:50:26] >> GET /v2/universes/9000000000070/places?limit=50&SortOrder=Asc
[2026-06-15 19:50:26] << /v2/universes/9000000000070/places -> {"previousPageCursor":null,"nextPageCursor":null,"data":[{"id":9000000000071,"universeId":9000000000070,"name":"Speed run 4","description":""}]}
[2026-06-15 19:50:26] >> GET /v2/universes/9000000000080/places?limit=50&SortOrder=Asc
[2026-06-15 19:50:26] << /v2/universes/9000000000080/places -> {"previousPageCursor":null,"nextPageCursor":null,"data":[{"id":9000000000081,"universeId":9000000000080,"name":"Work at a pizza place","description":""}]}
[2026-06-15 19:50:26] >> GET /v2/universes/9000000000088/places?limit=50&SortOrder=Asc
[2026-06-15 19:50:26] >> POST /experience-guidelines-service/v1beta1/multi-age-recommendation
[2026-06-15 19:50:26] << /v2/universes/9000000000088/places -> {"previousPageCursor":null,"nextPageCursor":null,"data":[{"id":9000000000089,"universeId":9000000000088,"name":"Muffin Kombat","description":""}]}
[2026-06-15 19:50:26] << /experience-guidelines-service/v1beta1/multi-age-recommendation -> {"eligibilityByCreator":[{"userId":"14463315","userIsEligible":true,"displayText":"Eligible","ineligibilityReason":"INELIGIBILITY_REASON_NONE"}]}
[2026-06-15 19:50:27] >> GET /v2/universes/9000000000092/places?limit=50&SortOrder=Asc
[2026-06-15 19:50:27] >> GET /v2/universes/9000000000096/places?limit=50&SortOrder=Asc
[2026-06-15 19:50:27] >> GET /v2/universes/9000000000098/places?limit=50&SortOrder=Asc
[2026-06-15 19:50:27] >> GET /v2/universes/9000000000124/places?limit=50&SortOrder=Asc
[2026-06-15 19:50:27] >> GET //v1/games/icons?universeIds=9000000000002,9000000000014,9000000000016,9000000000018,9000000000020,9000000000022,9000000000024,9000000000026,9000000000028,9000000000030,9000000000032,9000000000034,9000000000036,9000000000038,9000000000040,9000000000042,9000000000044,9000000000046,9000000000048,9000000000050,9000000000052,9000000000054,9000000000056,9000000000058,9000000000060,9000000000062,9000000000064,9000000000066,9000000000068,9000000000070,9000000000080,9000000000088,9000000000092,9000000000096,9000000000098,9000000000124&returnPolicy=Autogenerated&format=png&size=256x256
[2026-06-15 19:50:27] >> GET /teamcreate/v1/MultiGetUniversesActiveSessionMembers?maxUsers=10&ids=9000000000002&ids=9000000000014&ids=9000000000016&ids=9000000000018&ids=9000000000020&ids=9000000000022&ids=9000000000024&ids=9000000000026&ids=9000000000028&ids=9000000000030&ids=9000000000032&ids=9000000000034&ids=9000000000036&ids=9000000000038&ids=9000000000040&ids=9000000000042&ids=9000000000044&ids=9000000000046&ids=9000000000048&ids=9000000000050&ids=9000000000052&ids=9000000000054&ids=9000000000056&ids=9000000000058&ids=9000000000060&ids=9000000000062&ids=9000000000064&ids=9000000000066&ids=9000000000068&ids=9000000000070&ids=9000000000080&ids=9000000000088&ids=9000000000092&ids=9000000000096&ids=9000000000098&ids=9000000000124
[2026-06-15 19:50:27] >> POST /core-content/v1/universe-eligibility/batch
[2026-06-15 19:50:27] << /v2/universes/9000000000092/places -> {"previousPageCursor":null,"nextPageCursor":null,"data":[{"id":9000000000093,"universeId":9000000000092,"name":"Meepcity","description":""}]}
[2026-06-15 19:50:27] << /v2/universes/9000000000096/places -> {"previousPageCursor":null,"nextPageCursor":null,"data":[{"id":9000000000097,"universeId":9000000000096,"name":"Tower of hell","description":""}]}
[2026-06-15 19:50:27] << /v2/universes/9000000000098/places -> {"previousPageCursor":null,"nextPageCursor":null,"data":[{"id":9000000000099,"universeId":9000000000098,"name":"Youtube Tycoon","description":""}]}
[2026-06-15 19:50:27] << /v2/universes/9000000000124/places -> {"previousPageCursor":null,"nextPageCursor":null,"data":[{"id":9000000000125,"universeId":9000000000124,"name":"testt","description":""}]}
[2026-06-15 19:50:27] TeamCreate stub (disabled): GET /teamcreate/v1/MultiGetUniversesActiveSessionMembers
[2026-06-15 19:50:27] << /core-content/v1/universe-eligibility/batch -> {"eligibilityByCreator":[{"userId":"14463315","userIsEligible":true,"displayText":"Eligible","ineligibilityReason":"INELIGIBILITY_REASON_NONE"}]}
[2026-06-15 19:50:27] << /teamcreate/v1/MultiGetUniversesActiveSessionMembers -> {"data":[{"id":9000000000002,"isEnabled":false},{"id":9000000000014,"isEnabled":false},{"id":9000000000016,"isEnabled":false},{"id":9000000000018,"isEnabled":false},{"id":9000000000020,"isEnabled":false},{"id":9000000000022,"isEnabled":false},{"id":9000000000024,"isEnabled":false},{"id":9000000000026,"isEnabled":false},{"id":9000000000028,"isEnabled":false},{"id":9000000000030,"isEnabled":false},{"id":9000000000032,"isEnabled":false},{"id":9000000000034,"isEnabled":false},{"id":9000000000036,"isEnabled":false},{"id":9000000000038,"isEnabled":false},{"id":9000000000040,"isEnabled":false},{"id":9000000000042,"isEnabled":false},{"id":9000000000044,"isEnabled":false},{"id":9000000000046,"isEnabled":false},{"id":9000000000048,"isEnabled":false},{"id":9000000000050,"isEnabled":false},{"id":9000000000052,"isEnabled":false},{"id":9000000000054,"isEnabled":false},{"id":9000000000056,"isEnabled":false},{"id":9000000000058,"isEnabled":false},{"id":9000000000060
[2026-06-15 19:50:27] >> GET /v1/universes/multiget/teamcreate?ids=9000000000002&ids=9000000000014&ids=9000000000016&ids=9000000000018&ids=9000000000020&ids=9000000000022&ids=9000000000024&ids=9000000000026&ids=9000000000028&ids=9000000000030&ids=9000000000032&ids=9000000000034&ids=9000000000036&ids=9000000000038&ids=9000000000040&ids=9000000000042&ids=9000000000044&ids=9000000000046&ids=9000000000048&ids=9000000000050&ids=9000000000052&ids=9000000000054&ids=9000000000056&ids=9000000000058&ids=9000000000060&ids=9000000000062&ids=9000000000064&ids=9000000000066&ids=9000000000068&ids=9000000000070&ids=9000000000080&ids=9000000000088&ids=9000000000092&ids=9000000000096&ids=9000000000098&ids=9000000000124&
[2026-06-15 19:50:27] >> POST /experience-releases/v1beta1/experience_releases_api/multi_release_statuses
[2026-06-15 19:50:27] TeamCreate stub (disabled): GET /v1/universes/multiget/teamcreate
[2026-06-15 19:50:27] << /experience-releases/v1beta1/experience_releases_api/multi_release_statuses -> {"eligibilityByCreator":[{"userId":"14463315","userIsEligible":true,"displayText":"Eligible","ineligibilityReason":"INELIGIBILITY_REASON_NONE"}]}
[2026-06-15 19:50:27] >> GET /content-safety/v1/places/9000000000003/safety-status
[2026-06-15 19:50:27] << /v1/universes/multiget/teamcreate -> {"data":[{"id":9000000000002,"isEnabled":false},{"id":9000000000014,"isEnabled":false},{"id":9000000000016,"isEnabled":false},{"id":9000000000018,"isEnabled":false},{"id":9000000000020,"isEnabled":false},{"id":9000000000022,"isEnabled":false},{"id":9000000000024,"isEnabled":false},{"id":9000000000026,"isEnabled":false},{"id":9000000000028,"isEnabled":false},{"id":9000000000030,"isEnabled":false},{"id":9000000000032,"isEnabled":false},{"id":9000000000034,"isEnabled":false},{"id":9000000000036,"isEnabled":false},{"id":9000000000038,"isEnabled":false},{"id":9000000000040,"isEnabled":false},{"id":9000000000042,"isEnabled":false},{"id":9000000000044,"isEnabled":false},{"id":9000000000046,"isEnabled":false},{"id":9000000000048,"isEnabled":false},{"id":9000000000050,"isEnabled":false},{"id":9000000000052,"isEnabled":false},{"id":9000000000054,"isEnabled":false},{"id":9000000000056,"isEnabled":false},{"id":9000000000058,"isEnabled":false},{"id":9000000000060,"isEnabled":false}
[2026-06-15 19:50:27] >> GET /content-safety/v1/places/9000000000015/safety-status
[2026-06-15 19:50:27] << /content-safety/v1/places/9000000000003/safety-status -> {"isSequestered":false,"moderationStatus":"Approved"}
[2026-06-15 19:50:27] >> GET /content-safety/v1/places/9000000000017/safety-status
[2026-06-15 19:50:27] >> GET /content-safety/v1/places/9000000000019/safety-status
[2026-06-15 19:50:27] << /content-safety/v1/places/9000000000015/safety-status -> {"isSequestered":false,"moderationStatus":"Approved"}
[2026-06-15 19:50:27] >> GET /content-safety/v1/places/9000000000021/safety-status
[2026-06-15 19:50:27] << /content-safety/v1/places/9000000000017/safety-status -> {"isSequestered":false,"moderationStatus":"Approved"}
[2026-06-15 19:50:27] << /content-safety/v1/places/9000000000019/safety-status -> {"isSequestered":false,"moderationStatus":"Approved"}
[2026-06-15 19:50:27] << /content-safety/v1/places/9000000000021/safety-status -> {"isSequestered":false,"moderationStatus":"Approved"}
[2026-06-15 19:50:27] >> GET /content-safety/v1/places/9000000000023/safety-status
[2026-06-15 19:50:27] >> GET /content-safety/v1/places/9000000000025/safety-status
[2026-06-15 19:50:27] << /content-safety/v1/places/9000000000023/safety-status -> {"isSequestered":false,"moderationStatus":"Approved"}
[2026-06-15 19:50:27] >> GET /content-safety/v1/places/9000000000027/safety-status
[2026-06-15 19:50:27] << /content-safety/v1/places/9000000000025/safety-status -> {"isSequestered":false,"moderationStatus":"Approved"}
[2026-06-15 19:50:27] << /content-safety/v1/places/9000000000027/safety-status -> {"isSequestered":false,"moderationStatus":"Approved"}
[2026-06-15 19:50:27] >> GET /content-safety/v1/places/9000000000029/safety-status
[2026-06-15 19:50:27] << /content-safety/v1/places/9000000000029/safety-status -> {"isSequestered":false,"moderationStatus":"Approved"}
[2026-06-15 19:50:27] >> GET /content-safety/v1/places/9000000000031/safety-status
[2026-06-15 19:50:27] >> GET /content-safety/v1/places/9000000000033/safety-status
[2026-06-15 19:50:27] << /content-safety/v1/places/9000000000031/safety-status -> {"isSequestered":false,"moderationStatus":"Approved"}
[2026-06-15 19:50:27] << /content-safety/v1/places/9000000000033/safety-status -> {"isSequestered":false,"moderationStatus":"Approved"}
[2026-06-15 19:50:27] >> GET /content-safety/v1/places/9000000000035/safety-status
[2026-06-15 19:50:27] << /content-safety/v1/places/9000000000035/safety-status -> {"isSequestered":false,"moderationStatus":"Approved"}
[2026-06-15 19:50:27] >> GET /content-safety/v1/places/9000000000037/safety-status
[2026-06-15 19:50:27] >> GET /content-safety/v1/places/9000000000039/safety-status
[2026-06-15 19:50:27] << /content-safety/v1/places/9000000000037/safety-status -> {"isSequestered":false,"moderationStatus":"Approved"}
[2026-06-15 19:50:27] << /content-safety/v1/places/9000000000039/safety-status -> {"isSequestered":false,"moderationStatus":"Approved"}
[2026-06-15 19:50:27] >> GET /content-safety/v1/places/9000000000041/safety-status
[2026-06-15 19:50:27] >> GET /content-safety/v1/places/9000000000043/safety-status
[2026-06-15 19:50:27] >> GET /content-safety/v1/places/9000000000045/safety-status
[2026-06-15 19:50:27] << /content-safety/v1/places/9000000000041/safety-status -> {"isSequestered":false,"moderationStatus":"Approved"}
[2026-06-15 19:50:27] << /content-safety/v1/places/9000000000043/safety-status -> {"isSequestered":false,"moderationStatus":"Approved"}
[2026-06-15 19:50:27] << /content-safety/v1/places/9000000000045/safety-status -> {"isSequestered":false,"moderationStatus":"Approved"}
[2026-06-15 19:50:27] >> GET /content-safety/v1/places/9000000000047/safety-status
[2026-06-15 19:50:27] >> GET /content-safety/v1/places/9000000000049/safety-status
[2026-06-15 19:50:27] << /content-safety/v1/places/9000000000047/safety-status -> {"isSequestered":false,"moderationStatus":"Approved"}
[2026-06-15 19:50:27] << /content-safety/v1/places/9000000000049/safety-status -> {"isSequestered":false,"moderationStatus":"Approved"}
[2026-06-15 19:50:28] >> GET /content-safety/v1/places/9000000000051/safety-status
[2026-06-15 19:50:28] >> GET /content-safety/v1/places/9000000000053/safety-status
[2026-06-15 19:50:28] >> GET /content-safety/v1/places/9000000000055/safety-status
[2026-06-15 19:50:28] << /content-safety/v1/places/9000000000051/safety-status -> {"isSequestered":false,"moderationStatus":"Approved"}
[2026-06-15 19:50:28] << /content-safety/v1/places/9000000000053/safety-status -> {"isSequestered":false,"moderationStatus":"Approved"}
[2026-06-15 19:50:28] << /content-safety/v1/places/9000000000055/safety-status -> {"isSequestered":false,"moderationStatus":"Approved"}
[2026-06-15 19:50:28] >> GET /content-safety/v1/places/9000000000057/safety-status
[2026-06-15 19:50:28] >> GET /content-safety/v1/places/9000000000059/safety-status
[2026-06-15 19:50:28] >> GET /content-safety/v1/places/9000000000061/safety-status
[2026-06-15 19:50:28] << /content-safety/v1/places/9000000000057/safety-status -> {"isSequestered":false,"moderationStatus":"Approved"}
[2026-06-15 19:50:28] << /content-safety/v1/places/9000000000059/safety-status -> {"isSequestered":false,"moderationStatus":"Approved"}
[2026-06-15 19:50:28] << /content-safety/v1/places/9000000000061/safety-status -> {"isSequestered":false,"moderationStatus":"Approved"}
[2026-06-15 19:50:28] >> GET /content-safety/v1/places/9000000000063/safety-status
[2026-06-15 19:50:28] << /content-safety/v1/places/9000000000063/safety-status -> {"isSequestered":false,"moderationStatus":"Approved"}
[2026-06-15 19:50:28] >> GET /content-safety/v1/places/9000000000065/safety-status
[2026-06-15 19:50:28] >> GET /content-safety/v1/places/9000000000067/safety-status
[2026-06-15 19:50:28] << /content-safety/v1/places/9000000000065/safety-status -> {"isSequestered":false,"moderationStatus":"Approved"}
[2026-06-15 19:50:28] >> GET /content-safety/v1/places/9000000000069/safety-status
[2026-06-15 19:50:28] << /content-safety/v1/places/9000000000067/safety-status -> {"isSequestered":false,"moderationStatus":"Approved"}
[2026-06-15 19:50:28] >> GET /content-safety/v1/places/9000000000071/safety-status
[2026-06-15 19:50:28] << /content-safety/v1/places/9000000000069/safety-status -> {"isSequestered":false,"moderationStatus":"Approved"}
[2026-06-15 19:50:28] >> GET /content-safety/v1/places/9000000000081/safety-status
[2026-06-15 19:50:28] << /content-safety/v1/places/9000000000071/safety-status -> {"isSequestered":false,"moderationStatus":"Approved"}
[2026-06-15 19:50:28] >> GET /content-safety/v1/places/9000000000089/safety-status
[2026-06-15 19:50:28] >> GET /content-safety/v1/places/9000000000093/safety-status
[2026-06-15 19:50:28] << /content-safety/v1/places/9000000000081/safety-status -> {"isSequestered":false,"moderationStatus":"Approved"}
[2026-06-15 19:50:28] << /content-safety/v1/places/9000000000089/safety-status -> {"isSequestered":false,"moderationStatus":"Approved"}
[2026-06-15 19:50:28] << /content-safety/v1/places/9000000000093/safety-status -> {"isSequestered":false,"moderationStatus":"Approved"}
[2026-06-15 19:50:28] >> GET /content-safety/v1/places/9000000000097/safety-status
[2026-06-15 19:50:28] >> GET /content-safety/v1/places/9000000000099/safety-status
[2026-06-15 19:50:28] << /content-safety/v1/places/9000000000097/safety-status -> {"isSequestered":false,"moderationStatus":"Approved"}
[2026-06-15 19:50:28] >> GET /content-safety/v1/places/9000000000125/safety-status
[2026-06-15 19:50:28] << /content-safety/v1/places/9000000000125/safety-status -> {"isSequestered":false,"moderationStatus":"Approved"}
[2026-06-15 19:50:28] << /content-safety/v1/places/9000000000099/safety-status -> {"isSequestered":false,"moderationStatus":"Approved"}
[2026-06-15 19:50:28] >> GET /Thumbs/gameicon.ashx?id=9000000000098
[2026-06-15 19:50:28] >> GET /Thumbs/gameicon.ashx?id=9000000000048
[2026-06-15 19:50:28] >> GET /Thumbs/gameicon.ashx?id=9000000000068
[2026-06-15 19:50:28] >> GET /Thumbs/gameicon.ashx?id=9000000000016
[2026-06-15 19:50:28] >> GET /Thumbs/gameicon.ashx?id=9000000000088
[2026-06-15 19:50:28] >> GET /Thumbs/gameicon.ashx?id=9000000000064
[2026-06-15 19:50:28] >> GET /Thumbs/gameicon.ashx?id=9000000000092
[2026-06-15 19:50:28] >> GET /Thumbs/gameicon.ashx?id=9000000000096
[2026-06-15 19:50:28] >> GET /Thumbs/gameicon.ashx?id=9000000000080
[2026-06-15 19:50:28] >> GET /Thumbs/gameicon.ashx?id=9000000000018
[2026-06-15 19:50:28] >> GET /Thumbs/gameicon.ashx?id=9000000000040
[2026-06-15 19:50:28] >> GET /Thumbs/gameicon.ashx?id=9000000000030
[2026-06-15 19:50:28] >> GET /Thumbs/gameicon.ashx?id=9000000000070
[2026-06-15 19:50:28] >> GET /Thumbs/gameicon.ashx?id=9000000000034
[2026-06-15 19:50:28] >> GET /Thumbs/gameicon.ashx?id=9000000000020
[2026-06-15 19:50:28] >> GET /Thumbs/gameicon.ashx?id=9000000000002
[2026-06-15 19:50:28] >> GET /Thumbs/gameicon.ashx?id=9000000000026
[2026-06-15 19:50:28] >> GET /Thumbs/gameicon.ashx?id=9000000000052
[2026-06-15 19:50:29] >> GET /Thumbs/gameicon.ashx?id=9000000000022
[2026-06-15 19:50:29] >> GET /Thumbs/gameicon.ashx?id=9000000000050
[2026-06-15 19:50:29] >> GET /Thumbs/gameicon.ashx?id=9000000000062
[2026-06-15 19:50:29] >> GET /Thumbs/gameicon.ashx?id=9000000000044
[2026-06-15 19:50:29] >> GET /Thumbs/gameicon.ashx?id=9000000000060
[2026-06-15 19:50:29] >> GET /Thumbs/gameicon.ashx?id=9000000000024
[2026-06-15 19:50:29] >> GET /universes/v1/search?isTemplates=false&isArchived=false&creatorTargetId=14463315&searchKey=Experiences&sortOrder=Desc&search=&creatorType=User&pageSize=30&sortParam=LastUpdated&surface=StudioStartPage&PageIndex=1&needsAssetOptions=true
[2026-06-15 19:50:29] >> POST /v1.1/Counters/BatchIncrement?apiKey=76E5A40C-3AE1-4028-9F10-7C62520BD94F
[2026-06-15 19:50:29] << /v1.1/Counters/BatchIncrement -> {}
[2026-06-15 19:50:29] >> POST /v1.0/SequenceStatistics/BatchAddToSequencesV2?apiKey=76E5A40C-3AE1-4028-9F10-7C62520BD94F
[2026-06-15 19:50:29] >> POST /studio/pbe
[2026-06-15 19:50:29] >> POST /timespent/pbe
[2026-06-15 19:50:29] << /v1.0/SequenceStatistics/BatchAddToSequencesV2 -> {}
[2026-06-15 19:50:29] << /studio/pbe -> {}
[2026-06-15 19:50:29] >> POST /experience-signals-ingest/public/v1/events/single
[2026-06-15 19:50:29] >> POST /experience-guidelines-service/v1beta1/multi-creator-eligibility
[2026-06-15 19:50:29] << /timespent/pbe -> {}
[2026-06-15 19:50:29] >> POST /experience-guidelines-service/v1beta1/multi-creator-eligibility
[2026-06-15 19:50:29] << /experience-signals-ingest/public/v1/events/single -> {}
[2026-06-15 19:50:29] >> GET /Thumbs/gameicon.ashx?id=9000000000002
[2026-06-15 19:50:29] << /experience-guidelines-service/v1beta1/multi-creator-eligibility -> {"eligibilityByCreator":[{"userId":"14463315","userIsEligible":true,"displayText":"Eligible","ineligibilityReason":"INELIGIBILITY_REASON_NONE"}]}
[2026-06-15 19:50:29] << /experience-guidelines-service/v1beta1/multi-creator-eligibility -> {"eligibilityByCreator":[{"userId":"14463315","userIsEligible":true,"displayText":"Eligible","ineligibilityReason":"INELIGIBILITY_REASON_NONE"}]}
[2026-06-15 19:50:29] >> GET /Thumbs/gameicon.ashx?id=9000000000014
[2026-06-15 19:50:29] >> GET /Thumbs/gameicon.ashx?id=9000000000016
[2026-06-15 19:50:29] >> GET /Thumbs/gameicon.ashx?id=9000000000018
[2026-06-15 19:50:29] >> GET /Thumbs/gameicon.ashx?id=9000000000020
[2026-06-15 19:50:29] >> GET /Thumbs/gameicon.ashx?id=9000000000022
[2026-06-15 19:50:29] >> GET /Thumbs/gameicon.ashx?id=9000000000024
[2026-06-15 19:50:29] >> GET /Thumbs/gameicon.ashx?id=9000000000026
[2026-06-15 19:50:29] >> GET /Thumbs/gameicon.ashx?id=9000000000028
[2026-06-15 19:50:29] >> GET /Thumbs/gameicon.ashx?id=9000000000030
[2026-06-15 19:50:29] >> GET /Thumbs/gameicon.ashx?id=9000000000032
[2026-06-15 19:50:29] >> GET /Thumbs/gameicon.ashx?id=9000000000034
[2026-06-15 19:50:29] >> GET /Thumbs/gameicon.ashx?id=9000000000036
[2026-06-15 19:50:29] >> GET /Thumbs/gameicon.ashx?id=9000000000038
[2026-06-15 19:50:29] >> GET /Thumbs/gameicon.ashx?id=9000000000040
[2026-06-15 19:50:29] >> GET /Thumbs/gameicon.ashx?id=9000000000042
[2026-06-15 19:50:29] >> GET /Thumbs/gameicon.ashx?id=9000000000044
[2026-06-15 19:50:29] >> GET /Thumbs/gameicon.ashx?id=9000000000046
[2026-06-15 19:50:29] >> GET /Thumbs/gameicon.ashx?id=9000000000048
[2026-06-15 19:50:29] >> GET /Thumbs/gameicon.ashx?id=9000000000050
[2026-06-15 19:50:29] >> GET /Thumbs/gameicon.ashx?id=9000000000052
[2026-06-15 19:50:30] >> GET /Thumbs/gameicon.ashx?id=9000000000054
[2026-06-15 19:50:30] >> GET /Thumbs/gameicon.ashx?id=9000000000056
[2026-06-15 19:50:30] >> GET /Thumbs/gameicon.ashx?id=9000000000058
[2026-06-15 19:50:30] >> GET /Thumbs/gameicon.ashx?id=9000000000060
[2026-06-15 19:50:30] >> GET /Thumbs/gameicon.ashx?id=9000000000062
[2026-06-15 19:50:30] >> GET /Thumbs/gameicon.ashx?id=9000000000064
[2026-06-15 19:50:30] >> GET /Thumbs/gameicon.ashx?id=9000000000066
[2026-06-15 19:50:30] >> GET /Thumbs/gameicon.ashx?id=9000000000068
[2026-06-15 19:50:30] >> GET /Thumbs/gameicon.ashx?id=9000000000070
[2026-06-15 19:50:30] >> GET /Thumbs/gameicon.ashx?id=9000000000080
[2026-06-15 19:50:30] >> GET /Thumbs/gameicon.ashx?id=9000000000088
[2026-06-15 19:50:30] >> GET /Thumbs/gameicon.ashx?id=9000000000092
[2026-06-15 19:50:30] >> GET /Thumbs/gameicon.ashx?id=9000000000096
[2026-06-15 19:50:30] >> GET /Thumbs/gameicon.ashx?id=9000000000098
[2026-06-15 19:50:30] >> GET /Thumbs/gameicon.ashx?id=9000000000124
[2026-06-15 19:50:30] >> POST /experience-guidelines-service/v1beta1/multi-creator-eligibility
[2026-06-15 19:50:30] << /experience-guidelines-service/v1beta1/multi-creator-eligibility -> {"eligibilityByCreator":[{"userId":"14463315","userIsEligible":true,"displayText":"Eligible","ineligibilityReason":"INELIGIBILITY_REASON_NONE"}]}
[2026-06-15 19:50:30] >> POST /experience-guidelines-service/v1beta1/multi-creator-eligibility
[2026-06-15 19:50:30] >> POST /experience-guidelines-service/v1beta1/multi-creator-eligibility
[2026-06-15 19:50:30] << /experience-guidelines-service/v1beta1/multi-creator-eligibility -> {"eligibilityByCreator":[{"userId":"14463315","userIsEligible":true,"displayText":"Eligible","ineligibilityReason":"INELIGIBILITY_REASON_NONE"}]}
[2026-06-15 19:50:30] << /experience-guidelines-service/v1beta1/multi-creator-eligibility -> {"eligibilityByCreator":[{"userId":"14463315","userIsEligible":true,"displayText":"Eligible","ineligibilityReason":"INELIGIBILITY_REASON_NONE"}]}
[2026-06-15 19:50:30] >> POST /experience-guidelines-service/v1beta1/multi-creator-eligibility
[2026-06-15 19:50:30] >> POST /experience-guidelines-service/v1beta1/multi-creator-eligibility
[2026-06-15 19:50:30] >> GET /v2/universes/9000000000002/places?limit=50&SortOrder=Asc
[2026-06-15 19:50:30] >> GET /v2/universes/9000000000014/places?limit=50&SortOrder=Asc
[2026-06-15 19:50:30] << /experience-guidelines-service/v1beta1/multi-creator-eligibility -> {"eligibilityByCreator":[{"userId":"14463315","userIsEligible":true,"displayText":"Eligible","ineligibilityReason":"INELIGIBILITY_REASON_NONE"}]}
[2026-06-15 19:50:30] << /experience-guidelines-service/v1beta1/multi-creator-eligibility -> {"eligibilityByCreator":[{"userId":"14463315","userIsEligible":true,"displayText":"Eligible","ineligibilityReason":"INELIGIBILITY_REASON_NONE"}]}
[2026-06-15 19:50:30] >> GET /v2/universes/9000000000016/places?limit=50&SortOrder=Asc
[2026-06-15 19:50:30] << /v2/universes/9000000000002/places -> {"previousPageCursor":null,"nextPageCursor":null,"data":[{"id":9000000000003,"universeId":9000000000002,"name":"Theme park tycoon 2","description":""}]}
[2026-06-15 19:50:30] << /v2/universes/9000000000014/places -> {"previousPageCursor":null,"nextPageCursor":null,"data":[{"id":9000000000015,"universeId":9000000000014,"name":"Doomspire Brickbattle","description":""}]}
[2026-06-15 19:50:30] << /v2/universes/9000000000016/places -> {"previousPageCursor":null,"nextPageCursor":null,"data":[{"id":9000000000017,"universeId":9000000000016,"name":"Prison Life V2.0","description":""}]}
[2026-06-15 19:50:30] >> GET /v2/universes/9000000000018/places?limit=50&SortOrder=Asc
[2026-06-15 19:50:30] >> GET /v2/universes/9000000000020/places?limit=50&SortOrder=Asc
[2026-06-15 19:50:30] >> GET /v2/universes/9000000000022/places?limit=50&SortOrder=Asc
[2026-06-15 19:50:30] << /v2/universes/9000000000018/places -> {"previousPageCursor":null,"nextPageCursor":null,"data":[{"id":9000000000019,"universeId":9000000000018,"name":"Natural Disaster Survival","description":""}]}
[2026-06-15 19:50:30] << /v2/universes/9000000000020/places -> {"previousPageCursor":null,"nextPageCursor":null,"data":[{"id":9000000000021,"universeId":9000000000020,"name":"Flood Escape 1.6.5","description":""}]}
[2026-06-15 19:50:30] << /v2/universes/9000000000022/places -> {"previousPageCursor":null,"nextPageCursor":null,"data":[{"id":9000000000023,"universeId":9000000000022,"name":"Robot 64","description":""}]}
[2026-06-15 19:50:30] >> GET /v2/universes/9000000000024/places?limit=50&SortOrder=Asc
[2026-06-15 19:50:30] >> GET /v2/universes/9000000000026/places?limit=50&SortOrder=Asc
[2026-06-15 19:50:30] << /v2/universes/9000000000024/places -> {"previousPageCursor":null,"nextPageCursor":null,"data":[{"id":9000000000025,"universeId":9000000000024,"name":"The Streets","description":""}]}
[2026-06-15 19:50:30] << /v2/universes/9000000000026/places -> {"previousPageCursor":null,"nextPageCursor":null,"data":[{"id":9000000000027,"universeId":9000000000026,"name":"Jailbreak","description":""}]}
[2026-06-15 19:50:30] >> GET /v2/universes/9000000000028/places?limit=50&SortOrder=Asc
[2026-06-15 19:50:30] >> GET /v2/universes/9000000000030/places?limit=50&SortOrder=Asc
[2026-06-15 19:50:30] << /v2/universes/9000000000028/places -> {"previousPageCursor":null,"nextPageCursor":null,"data":[{"id":9000000000029,"universeId":9000000000028,"name":"The Normal Elevator","description":""}]}
[2026-06-15 19:50:30] << /v2/universes/9000000000030/places -> {"previousPageCursor":null,"nextPageCursor":null,"data":[{"id":9000000000031,"universeId":9000000000030,"name":"Twisted Murderer","description":""}]}
[2026-06-15 19:50:31] >> GET /v2/universes/9000000000032/places?limit=50&SortOrder=Asc
[2026-06-15 19:50:31] >> GET /v2/universes/9000000000034/places?limit=50&SortOrder=Asc
[2026-06-15 19:50:31] >> GET /v2/universes/9000000000036/places?limit=50&SortOrder=Asc
[2026-06-15 19:50:31] << /v2/universes/9000000000032/places -> {"previousPageCursor":null,"nextPageCursor":null,"data":[{"id":9000000000033,"universeId":9000000000032,"name":"MM2","description":""}]}
[2026-06-15 19:50:31] >> GET /v2/universes/9000000000038/places?limit=50&SortOrder=Asc
[2026-06-15 19:50:31] << /v2/universes/9000000000034/places -> {"previousPageCursor":null,"nextPageCursor":null,"data":[{"id":9000000000035,"universeId":9000000000034,"name":"Assassin","description":""}]}
[2026-06-15 19:50:31] << /v2/universes/9000000000036/places -> {"previousPageCursor":null,"nextPageCursor":null,"data":[{"id":9000000000037,"universeId":9000000000036,"name":"Booga Booga","description":""}]}
[2026-06-15 19:50:31] >> GET /v2/universes/9000000000040/places?limit=50&SortOrder=Asc
[2026-06-15 19:50:31] << /v2/universes/9000000000038/places -> {"previousPageCursor":null,"nextPageCursor":null,"data":[{"id":9000000000039,"universeId":9000000000038,"name":"Lumber Tycoon 2","description":""}]}
[2026-06-15 19:50:31] >> GET /v2/universes/9000000000042/places?limit=50&SortOrder=Asc
[2026-06-15 19:50:31] << /v2/universes/9000000000040/places -> {"previousPageCursor":null,"nextPageCursor":null,"data":[{"id":9000000000041,"universeId":9000000000040,"name":"Epic Minigames","description":""}]}
[2026-06-15 19:50:31] >> GET /v2/universes/9000000000044/places?limit=50&SortOrder=Asc
[2026-06-15 19:50:31] << /v2/universes/9000000000042/places -> {"previousPageCursor":null,"nextPageCursor":null,"data":[{"id":9000000000043,"universeId":9000000000042,"name":"Mad Games","description":""}]}
[2026-06-15 19:50:31] << /v2/universes/9000000000044/places -> {"previousPageCursor":null,"nextPageCursor":null,"data":[{"id":9000000000045,"universeId":9000000000044,"name":"Miners Haven","description":""}]}
[2026-06-15 19:50:31] >> GET /v2/universes/9000000000046/places?limit=50&SortOrder=Asc
[2026-06-15 19:50:31] >> GET /v2/universes/9000000000048/places?limit=50&SortOrder=Asc
[2026-06-15 19:50:31] << /v2/universes/9000000000046/places -> {"previousPageCursor":null,"nextPageCursor":null,"data":[{"id":9000000000047,"universeId":9000000000046,"name":"Phantom Forces","description":""}]}
[2026-06-15 19:50:31] >> GET /v2/universes/9000000000050/places?limit=50&SortOrder=Asc
[2026-06-15 19:50:31] << /v2/universes/9000000000048/places -> {"previousPageCursor":null,"nextPageCursor":null,"data":[{"id":9000000000049,"universeId":9000000000048,"name":"Pokemon Brick Bronze","description":""}]}
[2026-06-15 19:50:31] >> GET /v2/universes/9000000000052/places?limit=50&SortOrder=Asc
[2026-06-15 19:50:31] << /v2/universes/9000000000050/places -> {"previousPageCursor":null,"nextPageCursor":null,"data":[{"id":9000000000051,"universeId":9000000000050,"name":"Polyguns","description":""}]}
[2026-06-15 19:50:31] >> GET /v2/universes/9000000000054/places?limit=50&SortOrder=Asc
[2026-06-15 19:50:31] << /v2/universes/9000000000052/places -> {"previousPageCursor":null,"nextPageCursor":null,"data":[{"id":9000000000053,"universeId":9000000000052,"name":"Whatever Floats Your Boat","description":""}]}
[2026-06-15 19:50:31] >> GET /v2/universes/9000000000056/places?limit=50&SortOrder=Asc
[2026-06-15 19:50:31] << /v2/universes/9000000000054/places -> {"previousPageCursor":null,"nextPageCursor":null,"data":[{"id":9000000000055,"universeId":9000000000054,"name":"Redwood Prison","description":""}]}
[2026-06-15 19:50:31] >> GET /v2/universes/9000000000058/places?limit=50&SortOrder=Asc
[2026-06-15 19:50:31] << /v2/universes/9000000000056/places -> {"previousPageCursor":null,"nextPageCursor":null,"data":[{"id":9000000000057,"universeId":9000000000056,"name":"Apocalypse Rising","description":""}]}
[2026-06-15 19:50:31] << /v2/universes/9000000000058/places -> {"previousPageCursor":null,"nextPageCursor":null,"data":[{"id":9000000000059,"universeId":9000000000058,"name":"Parkour","description":""}]}
[2026-06-15 19:50:31] >> GET /v2/universes/9000000000060/places?limit=50&SortOrder=Asc
[2026-06-15 19:50:31] >> GET /v2/universes/9000000000062/places?limit=50&SortOrder=Asc
[2026-06-15 19:50:31] << /v2/universes/9000000000060/places -> {"previousPageCursor":null,"nextPageCursor":null,"data":[{"id":9000000000061,"universeId":9000000000060,"name":"SPTS","description":""}]}
[2026-06-15 19:50:31] >> GET /v2/universes/9000000000064/places?limit=50&SortOrder=Asc
[2026-06-15 19:50:31] << /v2/universes/9000000000062/places -> {"previousPageCursor":null,"nextPageCursor":null,"data":[{"id":9000000000063,"universeId":9000000000062,"name":"Build a boat for treasure","description":""}]}
[2026-06-15 19:50:31] >> GET /v2/universes/9000000000068/places?limit=50&SortOrder=Asc
[2026-06-15 19:50:31] << /v2/universes/9000000000064/places -> {"previousPageCursor":null,"nextPageCursor":null,"data":[{"id":9000000000065,"universeId":9000000000064,"name":"New MM2","description":""}]}
[2026-06-15 19:50:31] >> GET /v2/universes/9000000000066/places?limit=50&SortOrder=Asc
[2026-06-15 19:50:31] << /v2/universes/9000000000068/places -> {"previousPageCursor":null,"nextPageCursor":null,"data":[{"id":9000000000069,"universeId":9000000000068,"name":"Weight Lifting Simulator 2","description":""}]}
[2026-06-15 19:50:31] >> GET /v2/universes/9000000000070/places?limit=50&SortOrder=Asc
[2026-06-15 19:50:31] << /v2/universes/9000000000066/places -> {"previousPageCursor":null,"nextPageCursor":null,"data":[{"id":9000000000067,"universeId":9000000000066,"name":"Roblox High School","description":""}]}
[2026-06-15 19:50:31] >> GET /v2/universes/9000000000080/places?limit=50&SortOrder=Asc
[2026-06-15 19:50:31] << /v2/universes/9000000000070/places -> {"previousPageCursor":null,"nextPageCursor":null,"data":[{"id":9000000000071,"universeId":9000000000070,"name":"Speed run 4","description":""}]}
[2026-06-15 19:50:31] << /v2/universes/9000000000080/places -> {"previousPageCursor":null,"nextPageCursor":null,"data":[{"id":9000000000081,"universeId":9000000000080,"name":"Work at a pizza place","description":""}]}
[2026-06-15 19:50:31] >> GET /v2/universes/9000000000088/places?limit=50&SortOrder=Asc
[2026-06-15 19:50:31] >> GET /v2/universes/9000000000092/places?limit=50&SortOrder=Asc
[2026-06-15 19:50:31] << /v2/universes/9000000000088/places -> {"previousPageCursor":null,"nextPageCursor":null,"data":[{"id":9000000000089,"universeId":9000000000088,"name":"Muffin Kombat","description":""}]}
[2026-06-15 19:50:31] >> GET /v2/universes/9000000000096/places?limit=50&SortOrder=Asc
[2026-06-15 19:50:31] << /v2/universes/9000000000092/places -> {"previousPageCursor":null,"nextPageCursor":null,"data":[{"id":9000000000093,"universeId":9000000000092,"name":"Meepcity","description":""}]}
[2026-06-15 19:50:31] >> GET /v2/universes/9000000000098/places?limit=50&SortOrder=Asc
[2026-06-15 19:50:31] << /v2/universes/9000000000096/places -> {"previousPageCursor":null,"nextPageCursor":null,"data":[{"id":9000000000097,"universeId":9000000000096,"name":"Tower of hell","description":""}]}
[2026-06-15 19:50:31] >> GET /v2/universes/9000000000124/places?limit=50&SortOrder=Asc
[2026-06-15 19:50:31] << /v2/universes/9000000000098/places -> {"previousPageCursor":null,"nextPageCursor":null,"data":[{"id":9000000000099,"universeId":9000000000098,"name":"Youtube Tycoon","description":""}]}
[2026-06-15 19:50:31] >> GET //v1/games/icons?universeIds=9000000000002,9000000000014,9000000000016,9000000000018,9000000000020,9000000000022,9000000000024,9000000000026,9000000000028,9000000000030,9000000000032,9000000000034,9000000000036,9000000000038,9000000000040,9000000000042,9000000000044,9000000000046,9000000000048,9000000000050,9000000000052,9000000000054,9000000000056,9000000000058,9000000000060,9000000000062,9000000000064,9000000000066,9000000000068,9000000000070,9000000000080,9000000000088,9000000000092,9000000000096,9000000000098,9000000000124&returnPolicy=Autogenerated&format=png&size=256x256
[2026-06-15 19:50:31] << /v2/universes/9000000000124/places -> {"previousPageCursor":null,"nextPageCursor":null,"data":[{"id":9000000000125,"universeId":9000000000124,"name":"testt","description":""}]}
[2026-06-15 19:50:31] >> GET /teamcreate/v1/MultiGetUniversesActiveSessionMembers?maxUsers=10&ids=9000000000002&ids=9000000000014&ids=9000000000016&ids=9000000000018&ids=9000000000020&ids=9000000000022&ids=9000000000024&ids=9000000000026&ids=9000000000028&ids=9000000000030&ids=9000000000032&ids=9000000000034&ids=9000000000036&ids=9000000000038&ids=9000000000040&ids=9000000000042&ids=9000000000044&ids=9000000000046&ids=9000000000048&ids=9000000000050&ids=9000000000052&ids=9000000000054&ids=9000000000056&ids=9000000000058&ids=9000000000060&ids=9000000000062&ids=9000000000064&ids=9000000000066&ids=9000000000068&ids=9000000000070&ids=9000000000080&ids=9000000000088&ids=9000000000092&ids=9000000000096&ids=9000000000098&ids=9000000000124
[2026-06-15 19:50:31] >> POST /experience-guidelines-service/v1beta1/multi-age-recommendation
[2026-06-15 19:50:31] TeamCreate stub (disabled): GET /teamcreate/v1/MultiGetUniversesActiveSessionMembers
[2026-06-15 19:50:31] << /experience-guidelines-service/v1beta1/multi-age-recommendation -> {"eligibilityByCreator":[{"userId":"14463315","userIsEligible":true,"displayText":"Eligible","ineligibilityReason":"INELIGIBILITY_REASON_NONE"}]}
[2026-06-15 19:50:31] << /teamcreate/v1/MultiGetUniversesActiveSessionMembers -> {"data":[{"id":9000000000002,"isEnabled":false},{"id":9000000000014,"isEnabled":false},{"id":9000000000016,"isEnabled":false},{"id":9000000000018,"isEnabled":false},{"id":9000000000020,"isEnabled":false},{"id":9000000000022,"isEnabled":false},{"id":9000000000024,"isEnabled":false},{"id":9000000000026,"isEnabled":false},{"id":9000000000028,"isEnabled":false},{"id":9000000000030,"isEnabled":false},{"id":9000000000032,"isEnabled":false},{"id":9000000000034,"isEnabled":false},{"id":9000000000036,"isEnabled":false},{"id":9000000000038,"isEnabled":false},{"id":9000000000040,"isEnabled":false},{"id":9000000000042,"isEnabled":false},{"id":9000000000044,"isEnabled":false},{"id":9000000000046,"isEnabled":false},{"id":9000000000048,"isEnabled":false},{"id":9000000000050,"isEnabled":false},{"id":9000000000052,"isEnabled":false},{"id":9000000000054,"isEnabled":false},{"id":9000000000056,"isEnabled":false},{"id":9000000000058,"isEnabled":false},{"id":9000000000060
[2026-06-15 19:50:31] >> GET /v1/universes/multiget/teamcreate?ids=9000000000002&ids=9000000000014&ids=9000000000016&ids=9000000000018&ids=9000000000020&ids=9000000000022&ids=9000000000024&ids=9000000000026&ids=9000000000028&ids=9000000000030&ids=9000000000032&ids=9000000000034&ids=9000000000036&ids=9000000000038&ids=9000000000040&ids=9000000000042&ids=9000000000044&ids=9000000000046&ids=9000000000048&ids=9000000000050&ids=9000000000052&ids=9000000000054&ids=9000000000056&ids=9000000000058&ids=9000000000060&ids=9000000000062&ids=9000000000064&ids=9000000000066&ids=9000000000068&ids=9000000000070&ids=9000000000080&ids=9000000000088&ids=9000000000092&ids=9000000000096&ids=9000000000098&ids=9000000000124&
[2026-06-15 19:50:31] TeamCreate stub (disabled): GET /v1/universes/multiget/teamcreate
[2026-06-15 19:50:31] << /v1/universes/multiget/teamcreate -> {"data":[{"id":9000000000002,"isEnabled":false},{"id":9000000000014,"isEnabled":false},{"id":9000000000016,"isEnabled":false},{"id":9000000000018,"isEnabled":false},{"id":9000000000020,"isEnabled":false},{"id":9000000000022,"isEnabled":false},{"id":9000000000024,"isEnabled":false},{"id":9000000000026,"isEnabled":false},{"id":9000000000028,"isEnabled":false},{"id":9000000000030,"isEnabled":false},{"id":9000000000032,"isEnabled":false},{"id":9000000000034,"isEnabled":false},{"id":9000000000036,"isEnabled":false},{"id":9000000000038,"isEnabled":false},{"id":9000000000040,"isEnabled":false},{"id":9000000000042,"isEnabled":false},{"id":9000000000044,"isEnabled":false},{"id":9000000000046,"isEnabled":false},{"id":9000000000048,"isEnabled":false},{"id":9000000000050,"isEnabled":false},{"id":9000000000052,"isEnabled":false},{"id":9000000000054,"isEnabled":false},{"id":9000000000056,"isEnabled":false},{"id":9000000000058,"isEnabled":false},{"id":9000000000060,"isEnabled":false}
[2026-06-15 19:50:31] >> POST /core-content/v1/universe-eligibility/batch
[2026-06-15 19:50:31] << /core-content/v1/universe-eligibility/batch -> {"eligibilityByCreator":[{"userId":"14463315","userIsEligible":true,"displayText":"Eligible","ineligibilityReason":"INELIGIBILITY_REASON_NONE"}]}
[2026-06-15 19:50:31] >> POST /experience-releases/v1beta1/experience_releases_api/multi_release_statuses
[2026-06-15 19:50:31] >> GET /content-safety/v1/places/9000000000003/safety-status
[2026-06-15 19:50:31] << /experience-releases/v1beta1/experience_releases_api/multi_release_statuses -> {"eligibilityByCreator":[{"userId":"14463315","userIsEligible":true,"displayText":"Eligible","ineligibilityReason":"INELIGIBILITY_REASON_NONE"}]}
[2026-06-15 19:50:31] >> GET /content-safety/v1/places/9000000000015/safety-status
[2026-06-15 19:50:31] << /content-safety/v1/places/9000000000003/safety-status -> {"isSequestered":false,"moderationStatus":"Approved"}
[2026-06-15 19:50:31] >> GET /content-safety/v1/places/9000000000017/safety-status
[2026-06-15 19:50:31] << /content-safety/v1/places/9000000000015/safety-status -> {"isSequestered":false,"moderationStatus":"Approved"}
[2026-06-15 19:50:31] << /content-safety/v1/places/9000000000017/safety-status -> {"isSequestered":false,"moderationStatus":"Approved"}
[2026-06-15 19:50:31] >> GET /content-safety/v1/places/9000000000019/safety-status
[2026-06-15 19:50:31] << /content-safety/v1/places/9000000000019/safety-status -> {"isSequestered":false,"moderationStatus":"Approved"}
[2026-06-15 19:50:32] >> GET /content-safety/v1/places/9000000000021/safety-status
[2026-06-15 19:50:32] >> GET /content-safety/v1/places/9000000000023/safety-status
[2026-06-15 19:50:32] << /content-safety/v1/places/9000000000021/safety-status -> {"isSequestered":false,"moderationStatus":"Approved"}
[2026-06-15 19:50:32] >> GET /content-safety/v1/places/9000000000025/safety-status
[2026-06-15 19:50:32] << /content-safety/v1/places/9000000000023/safety-status -> {"isSequestered":false,"moderationStatus":"Approved"}
[2026-06-15 19:50:32] << /content-safety/v1/places/9000000000025/safety-status -> {"isSequestered":false,"moderationStatus":"Approved"}
[2026-06-15 19:50:32] >> GET /content-safety/v1/places/9000000000027/safety-status
[2026-06-15 19:50:32] >> GET /content-safety/v1/places/9000000000029/safety-status
[2026-06-15 19:50:32] << /content-safety/v1/places/9000000000027/safety-status -> {"isSequestered":false,"moderationStatus":"Approved"}
[2026-06-15 19:50:32] << /content-safety/v1/places/9000000000029/safety-status -> {"isSequestered":false,"moderationStatus":"Approved"}
[2026-06-15 19:50:32] >> GET /content-safety/v1/places/9000000000031/safety-status
[2026-06-15 19:50:32] >> GET /content-safety/v1/places/9000000000033/safety-status
[2026-06-15 19:50:32] << /content-safety/v1/places/9000000000031/safety-status -> {"isSequestered":false,"moderationStatus":"Approved"}
[2026-06-15 19:50:32] << /content-safety/v1/places/9000000000033/safety-status -> {"isSequestered":false,"moderationStatus":"Approved"}
[2026-06-15 19:50:32] >> GET /content-safety/v1/places/9000000000035/safety-status
[2026-06-15 19:50:32] >> GET /content-safety/v1/places/9000000000037/safety-status
[2026-06-15 19:50:32] << /content-safety/v1/places/9000000000035/safety-status -> {"isSequestered":false,"moderationStatus":"Approved"}
[2026-06-15 19:50:32] >> GET /content-safety/v1/places/9000000000039/safety-status
[2026-06-15 19:50:32] << /content-safety/v1/places/9000000000037/safety-status -> {"isSequestered":false,"moderationStatus":"Approved"}
[2026-06-15 19:50:32] >> GET /content-safety/v1/places/9000000000041/safety-status
[2026-06-15 19:50:32] << /content-safety/v1/places/9000000000039/safety-status -> {"isSequestered":false,"moderationStatus":"Approved"}
[2026-06-15 19:50:32] >> GET /content-safety/v1/places/9000000000043/safety-status
[2026-06-15 19:50:32] << /content-safety/v1/places/9000000000041/safety-status -> {"isSequestered":false,"moderationStatus":"Approved"}
[2026-06-15 19:50:32] >> GET /content-safety/v1/places/9000000000045/safety-status
[2026-06-15 19:50:32] << /content-safety/v1/places/9000000000043/safety-status -> {"isSequestered":false,"moderationStatus":"Approved"}
[2026-06-15 19:50:32] >> GET /content-safety/v1/places/9000000000047/safety-status
[2026-06-15 19:50:32] << /content-safety/v1/places/9000000000045/safety-status -> {"isSequestered":false,"moderationStatus":"Approved"}
[2026-06-15 19:50:32] << /content-safety/v1/places/9000000000047/safety-status -> {"isSequestered":false,"moderationStatus":"Approved"}
[2026-06-15 19:50:32] >> GET /content-safety/v1/places/9000000000049/safety-status
[2026-06-15 19:50:32] >> GET /content-safety/v1/places/9000000000051/safety-status
[2026-06-15 19:50:32] << /content-safety/v1/places/9000000000049/safety-status -> {"isSequestered":false,"moderationStatus":"Approved"}
[2026-06-15 19:50:32] >> GET /content-safety/v1/places/9000000000053/safety-status
[2026-06-15 19:50:32] << /content-safety/v1/places/9000000000051/safety-status -> {"isSequestered":false,"moderationStatus":"Approved"}
[2026-06-15 19:50:32] << /content-safety/v1/places/9000000000053/safety-status -> {"isSequestered":false,"moderationStatus":"Approved"}
[2026-06-15 19:50:32] >> GET /content-safety/v1/places/9000000000055/safety-status
[2026-06-15 19:50:32] >> GET /content-safety/v1/places/9000000000057/safety-status
[2026-06-15 19:50:32] << /content-safety/v1/places/9000000000055/safety-status -> {"isSequestered":false,"moderationStatus":"Approved"}
[2026-06-15 19:50:32] << /content-safety/v1/places/9000000000057/safety-status -> {"isSequestered":false,"moderationStatus":"Approved"}
[2026-06-15 19:50:32] >> GET /content-safety/v1/places/9000000000059/safety-status
[2026-06-15 19:50:32] >> GET /content-safety/v1/places/9000000000061/safety-status
[2026-06-15 19:50:32] << /content-safety/v1/places/9000000000059/safety-status -> {"isSequestered":false,"moderationStatus":"Approved"}
[2026-06-15 19:50:32] << /content-safety/v1/places/9000000000061/safety-status -> {"isSequestered":false,"moderationStatus":"Approved"}
[2026-06-15 19:50:32] >> GET /content-safety/v1/places/9000000000063/safety-status
[2026-06-15 19:50:32] >> GET /content-safety/v1/places/9000000000065/safety-status
[2026-06-15 19:50:32] << /content-safety/v1/places/9000000000063/safety-status -> {"isSequestered":false,"moderationStatus":"Approved"}
[2026-06-15 19:50:32] << /content-safety/v1/places/9000000000065/safety-status -> {"isSequestered":false,"moderationStatus":"Approved"}
[2026-06-15 19:50:32] >> GET /content-safety/v1/places/9000000000067/safety-status
[2026-06-15 19:50:32] >> GET /content-safety/v1/places/9000000000069/safety-status
[2026-06-15 19:50:32] << /content-safety/v1/places/9000000000067/safety-status -> {"isSequestered":false,"moderationStatus":"Approved"}
[2026-06-15 19:50:32] >> GET /content-safety/v1/places/9000000000071/safety-status
[2026-06-15 19:50:32] << /content-safety/v1/places/9000000000069/safety-status -> {"isSequestered":false,"moderationStatus":"Approved"}
[2026-06-15 19:50:32] >> GET /content-safety/v1/places/9000000000081/safety-status
[2026-06-15 19:50:32] << /content-safety/v1/places/9000000000071/safety-status -> {"isSequestered":false,"moderationStatus":"Approved"}
[2026-06-15 19:50:32] >> GET /content-safety/v1/places/9000000000089/safety-status
[2026-06-15 19:50:32] << /content-safety/v1/places/9000000000081/safety-status -> {"isSequestered":false,"moderationStatus":"Approved"}
[2026-06-15 19:50:32] << /content-safety/v1/places/9000000000089/safety-status -> {"isSequestered":false,"moderationStatus":"Approved"}
[2026-06-15 19:50:33] >> GET /content-safety/v1/places/9000000000093/safety-status
[2026-06-15 19:50:33] >> GET /content-safety/v1/places/9000000000097/safety-status
[2026-06-15 19:50:33] >> GET /content-safety/v1/places/9000000000099/safety-status
[2026-06-15 19:50:33] << /content-safety/v1/places/9000000000093/safety-status -> {"isSequestered":false,"moderationStatus":"Approved"}
[2026-06-15 19:50:33] << /content-safety/v1/places/9000000000097/safety-status -> {"isSequestered":false,"moderationStatus":"Approved"}
[2026-06-15 19:50:33] << /content-safety/v1/places/9000000000099/safety-status -> {"isSequestered":false,"moderationStatus":"Approved"}
[2026-06-15 19:50:33] >> GET /content-safety/v1/places/9000000000125/safety-status
[2026-06-15 19:50:33] >> GET /content-safety/v1/places/9000000000049/safety-status
[2026-06-15 19:50:33] << /content-safety/v1/places/9000000000125/safety-status -> {"isSequestered":false,"moderationStatus":"Approved"}
[2026-06-15 19:50:33] << /content-safety/v1/places/9000000000049/safety-status -> {"isSequestered":false,"moderationStatus":"Approved"}
[2026-06-15 19:50:33] >> GET /content-safety/v1/places/9000000000049/safety-status
[2026-06-15 19:50:33] >> GET /content-safety/v1/places/9000000000049/safety-status
[2026-06-15 19:50:33] << /content-safety/v1/places/9000000000049/safety-status -> {"isSequestered":false,"moderationStatus":"Approved"}
[2026-06-15 19:50:33] << /content-safety/v1/places/9000000000049/safety-status -> {"isSequestered":false,"moderationStatus":"Approved"}
[2026-06-15 19:50:33] >> GET /content-safety/v1/places/9000000000049/safety-status
[2026-06-15 19:50:33] >> GET /content-safety/v1/places/9000000000049/safety-status
[2026-06-15 19:50:33] >> GET /content-safety/v1/places/9000000000049/safety-status
[2026-06-15 19:50:33] << /content-safety/v1/places/9000000000049/safety-status -> {"isSequestered":false,"moderationStatus":"Approved"}
[2026-06-15 19:50:33] >> GET /content-safety/v1/places/9000000000049/safety-status
[2026-06-15 19:50:33] << /content-safety/v1/places/9000000000049/safety-status -> {"isSequestered":false,"moderationStatus":"Approved"}
[2026-06-15 19:50:33] << /content-safety/v1/places/9000000000049/safety-status -> {"isSequestered":false,"moderationStatus":"Approved"}
[2026-06-15 19:50:33] >> GET /Thumbs/gameicon.ashx?id=9000000000002
[2026-06-15 19:50:33] << /content-safety/v1/places/9000000000049/safety-status -> {"isSequestered":false,"moderationStatus":"Approved"}
[2026-06-15 19:50:33] >> GET /Thumbs/gameicon.ashx?id=9000000000014
[2026-06-15 19:50:33] >> GET /Thumbs/gameicon.ashx?id=9000000000016
[2026-06-15 19:50:33] >> GET /Thumbs/gameicon.ashx?id=9000000000018
[2026-06-15 19:50:33] >> GET /Thumbs/gameicon.ashx?id=9000000000020
[2026-06-15 19:50:33] >> GET /Thumbs/gameicon.ashx?id=9000000000022
[2026-06-15 19:50:33] >> GET /Thumbs/gameicon.ashx?id=9000000000024
[2026-06-15 19:50:33] >> GET /Thumbs/gameicon.ashx?id=9000000000026
[2026-06-15 19:50:33] >> GET /Thumbs/gameicon.ashx?id=9000000000028
[2026-06-15 19:50:33] >> GET /Thumbs/gameicon.ashx?id=9000000000030
[2026-06-15 19:50:33] >> GET /Thumbs/gameicon.ashx?id=9000000000032
[2026-06-15 19:50:33] >> GET /Thumbs/gameicon.ashx?id=9000000000034
[2026-06-15 19:50:33] >> GET /Thumbs/gameicon.ashx?id=9000000000036
[2026-06-15 19:50:33] >> GET /Thumbs/gameicon.ashx?id=9000000000038
[2026-06-15 19:50:33] >> GET /Thumbs/gameicon.ashx?id=9000000000040
[2026-06-15 19:50:33] >> GET /Thumbs/gameicon.ashx?id=9000000000042
[2026-06-15 19:50:33] >> GET /Thumbs/gameicon.ashx?id=9000000000044
[2026-06-15 19:50:33] >> GET /Thumbs/gameicon.ashx?id=9000000000046
[2026-06-15 19:50:33] >> GET /Thumbs/gameicon.ashx?id=9000000000048
[2026-06-15 19:50:33] >> GET /Thumbs/gameicon.ashx?id=9000000000050
[2026-06-15 19:50:33] >> GET /Thumbs/gameicon.ashx?id=9000000000052
[2026-06-15 19:50:33] >> GET /Thumbs/gameicon.ashx?id=9000000000054
[2026-06-15 19:50:33] >> GET /Thumbs/gameicon.ashx?id=9000000000056
[2026-06-15 19:50:33] >> GET /Thumbs/gameicon.ashx?id=9000000000058
[2026-06-15 19:50:34] >> GET /Thumbs/gameicon.ashx?id=9000000000060
[2026-06-15 19:50:34] >> GET /Thumbs/gameicon.ashx?id=9000000000062
[2026-06-15 19:50:34] >> GET /Thumbs/gameicon.ashx?id=9000000000064
[2026-06-15 19:50:34] >> GET /Thumbs/gameicon.ashx?id=9000000000066
[2026-06-15 19:50:34] >> GET /Thumbs/gameicon.ashx?id=9000000000068
[2026-06-15 19:50:34] >> GET /Thumbs/gameicon.ashx?id=9000000000070
[2026-06-15 19:50:34] >> GET /Thumbs/gameicon.ashx?id=9000000000080
[2026-06-15 19:50:34] >> GET /Thumbs/gameicon.ashx?id=9000000000088
[2026-06-15 19:50:34] >> GET /Thumbs/gameicon.ashx?id=9000000000092
[2026-06-15 19:50:34] >> GET /Thumbs/gameicon.ashx?id=9000000000096
[2026-06-15 19:50:34] >> GET /Thumbs/gameicon.ashx?id=9000000000098
[2026-06-15 19:50:34] >> GET /Thumbs/gameicon.ashx?id=9000000000124
[2026-06-15 19:50:34] >> GET /v1/games/icons?universeIds=9000000000048&returnPolicy=AutoGenerated&size=256x256&format=Png&isCircular=false
[2026-06-15 19:50:34] << /v1/games/icons -> {"data":[{"targetId":9000000000048,"state":"Completed","imageUrl":"http://localhost/Png.png"}]}
[2026-06-15 19:50:34] >> GET /v2/assets/9000000000049/details
[2026-06-15 19:50:34] >> GET /studio-open-place/v1/openplace?placeId=9000000000049
[2026-06-15 19:50:34] >> GET /Png.png
[2026-06-15 19:50:34] << /v2/assets/9000000000049/details -> {"TargetId":9000000000049,"AssetId":9000000000049,"ProductId":9000000000049,"assetId":9000000000049,"id":9000000000049,"Id":9000000000049,"TargetPlaceId":9000000000049,"PlaceId":9000000000049,"ProductType":"User Product","Name":"Pokemon Brick Bronze","Description":"","AssetTypeId":9,"assetTypeId":9,"Creator":{"Id":14463315,"Name":"HearMeRoar","CreatorType":"User","CreatorTargetId":14463315,"HasVerifiedBadge":false,"id":14463315,"type":1,"creatorType":"User","creatorTargetId":14463315},"IconImageAssetId":0,"Created":"2022-05-11T13:27:09.897Z","Updated":"2022-06-19T07:23:39.03Z","created":"2022-05-11T13:27:09.897Z","updated":"2022-06-19T07:23:39.03Z","PriceInRobux":null,"Sales":0,"IsNew":false,"IsForSale":false,"IsPublicDomain":true,"IsLimited":false,"IsLimitedUnique":false,"isPublic":true,"isForSale":false,"isLimited":false,"isLimitedUnique":false,"enableComments":false}
[2026-06-15 19:50:34] << /studio-open-place/v1/openplace -> {"universe":{"Id":9000000000048,"RootPlaceId":9000000000049,"Name":"Pokemon Brick Bronze","Description":"","IsArchived":false,"CreatorType":"User","CreatorTargetId":14463315,"PrivacyType":"Private","Created":"2022-01-01T00:00:00.000+00:00","Updated":"2022-01-01T00:00:00.000+00:00"},"teamCreateEnabled":false,"place":{"Creator":{"CreatorType":"User","CreatorTargetId":14463315}}}
[2026-06-15 19:50:34] >> POST /asset-permissions-api/v1/assets/check-permissions
[2026-06-15 19:50:34] asset-permissions assetId=9000000000049 -> HasPermission
[2026-06-15 19:50:34] asset-permissions check done: /asset-permissions-api/v1/assets/check-permissions
[2026-06-15 19:50:34] << /asset-permissions-api/v1/assets/check-permissions -> {"results":[{"value":{"status":"HasPermission"}}]}
[2026-06-15 19:50:34] >> POST /user-heartbeats-api/action-report
[2026-06-15 19:50:34] >> POST /private-users-service/v1beta1/getOrCreatePrivateUserId
[2026-06-15 19:50:35] << /user-heartbeats-api/action-report -> {"accounts": [{"username": "HearMeRoar","robloxCookie": "","pulseInterval": 30000,"enableLogging": true}],"globalConfig": {"retryAttempts": 3,"retryDelay": 5000}}
[2026-06-15 19:50:35] << /private-users-service/v1beta1/getOrCreatePrivateUserId -> {"privateUserId":1500014463315,"userIdMode":"USER_ID_MODE_GLOBAL","created":true}
[2026-06-15 19:50:35] >> GET /assets/user-auth/v1/assets/9000000000049
[2026-06-15 19:50:35] << /assets/user-auth/v1/assets/9000000000049 -> {"path":"assets/9000000000049","revisionId":"1","revisionCreateTime":"2024-01-01T00:00:00.000Z","assetId":"9000000000049","displayName":"Pokemon Brick Bronze","assetType":"Place","creationContext":{"creator":{"userId":"14463315"}},"moderationResult":{"moderationState":"Approved"},"state":"Active"}
[2026-06-15 19:50:35] >> GET /v2/universes/9000000000048/configuration
[2026-06-15 19:50:35] << /v2/universes/9000000000048/configuration -> {"allowPrivateServers":true,"privateServerPrice":null,"id":9000000000048,"name":"Pokemon Brick Bronze","universeAvatarType":"MorphToR6","universeScaleType":"AllScales","universeAnimationType":"PlayerChoice","universeCollisionType":"OuterBox","universeBodyType":"Standard","universeJointPositioningType":"ArtistIntent","universeAvatarAssetOverrides":[],"universeAvatarMinScales":{"height":0.9,"width":0.7,"head":0.95,"proportion":0,"bodyType":0},"universeAvatarMaxScales":{"height":1.05,"width":1,"head":1,"proportion":1,"bodyType":1},"isArchived":false,"isFriendsOnly":false,"genre":"All","playableDevices":["Computer","Phone","Tablet"],"isForSale":false,"price":0,"isStudioAccessToApisAllowed":true,"privacyType":"Public"}
[2026-06-15 19:50:35] >> GET /v1/asset/?id=9000000000049&version=1
[2026-06-15 19:50:36] >> POST /v1.0/SequenceStatistics/BatchAddToSequencesV2?apiKey=76E5A40C-3AE1-4028-9F10-7C62520BD94F
[2026-06-15 19:50:36] << /v1.0/SequenceStatistics/BatchAddToSequencesV2 -> {}
[2026-06-15 19:50:36] >> POST /v1.1/Counters/BatchIncrement?apiKey=76E5A40C-3AE1-4028-9F10-7C62520BD94F
[2026-06-15 19:50:36] << /v1.1/Counters/BatchIncrement -> {}
[2026-06-15 19:50:38] >> GET /asset/?id=185041503&xcachesplit=9000000000048
[2026-06-15 19:50:38] FetchUrl: HTTP 403 for https://assetdelivery.roblox.com/v1/asset/?id=185041503
[2026-06-15 19:50:38] Asset 185041503: fetch failed, falling back to redirect
[2026-06-15 19:50:38] >> GET /asset/?id=594478911&xcachesplit=9000000000048
[2026-06-15 19:50:38] FetchUrl: HTTP 403 for https://assetdelivery.roblox.com/v1/asset/?id=594478911
[2026-06-15 19:50:38] Asset 594478911: fetch failed, falling back to redirect
[2026-06-15 19:50:39] >> GET /asset/?id=424126550&xcachesplit=9000000000048
[2026-06-15 19:50:39] FetchUrl: HTTP 403 for https://assetdelivery.roblox.com/v1/asset/?id=424126550
[2026-06-15 19:50:39] Asset 424126550: fetch failed, falling back to redirect
[2026-06-15 19:50:39] >> GET /asset/?id=534995636&xcachesplit=9000000000048
[2026-06-15 19:50:39] FetchUrl: HTTP 403 for https://assetdelivery.roblox.com/v1/asset/?id=534995636
[2026-06-15 19:50:39] Asset 534995636: fetch failed, falling back to redirect
[2026-06-15 19:50:42] >> GET /v1/universes/multiget?ids=9000000000098&ids=9000000000048&ids=9000000000068&ids=9000000000016&ids=9000000000088&ids=9000000000064&ids=9000000000092&ids=9000000000096&ids=9000000000080&ids=9000000000018&ids=9000000000040&ids=9000000000030&ids=9000000000070&ids=9000000000034&ids=9000000000020&ids=9000000000002&ids=9000000000026&ids=9000000000052&ids=9000000000022&ids=9000000000050&ids=9000000000062&ids=9000000000044&ids=9000000000060&ids=9000000000024
[2026-06-15 19:50:42] >> POST /user-heartbeats-api/pulse
[2026-06-15 19:50:42] << /user-heartbeats-api/pulse -> {"accounts": [{"username": "HearMeRoar","robloxCookie": "","pulseInterval": 30000,"enableLogging": true}],"globalConfig": {"retryAttempts": 3,"retryDelay": 5000}}
[2026-06-15 19:50:42] >> POST /studio/pbe
[2026-06-15 19:50:42] >> POST /studio/pbe
[2026-06-15 19:50:42] << /studio/pbe -> {}
[2026-06-15 19:50:42] << /studio/pbe -> {}
[2026-06-15 19:50:42] >> GET /asset/?hash=9648afba5d3d7f66550213469e074213&contentRepresentationPriorityList=W3siZm9ybWF0IjoiUmVzaWR1YWwiLCJtYWpvclZlcnNpb24iOiIyIiwiZmlkZWxpdHkiOiJPcmlnaW5hbCJ9XQ%3D%3D&doNotFallbackToBaselineRepresentation=true
[2026-06-15 19:50:42] >> GET /v1/universes/multiget/teamcreate?ids=9000000000098&ids=9000000000048&ids=9000000000068&ids=9000000000016&ids=9000000000088&ids=9000000000064&ids=9000000000092&ids=9000000000096&ids=9000000000080&ids=9000000000018&ids=9000000000040&ids=9000000000030&ids=9000000000070&ids=9000000000034&ids=9000000000020&ids=9000000000002&ids=9000000000026&ids=9000000000052&ids=9000000000022&ids=9000000000050&ids=9000000000062&ids=9000000000044&ids=9000000000060&ids=9000000000024
[2026-06-15 19:50:42] TeamCreate stub (disabled): GET /v1/universes/multiget/teamcreate
[2026-06-15 19:50:42] << /v1/universes/multiget/teamcreate -> {"data":[{"id":9000000000098,"isEnabled":false},{"id":9000000000048,"isEnabled":false},{"id":9000000000068,"isEnabled":false},{"id":9000000000016,"isEnabled":false},{"id":9000000000088,"isEnabled":false},{"id":9000000000064,"isEnabled":false},{"id":9000000000092,"isEnabled":false},{"id":9000000000096,"isEnabled":false},{"id":9000000000080,"isEnabled":false},{"id":9000000000018,"isEnabled":false},{"id":9000000000040,"isEnabled":false},{"id":9000000000030,"isEnabled":false},{"id":9000000000070,"isEnabled":false},{"id":9000000000034,"isEnabled":false},{"id":9000000000020,"isEnabled":false},{"id":9000000000002,"isEnabled":false},{"id":9000000000026,"isEnabled":false},{"id":9000000000052,"isEnabled":false},{"id":9000000000022,"isEnabled":false},{"id":9000000000050,"isEnabled":false},{"id":9000000000062,"isEnabled":false},{"id":9000000000044,"isEnabled":false},{"id":9000000000060,"isEnabled":false},{"id":9000000000024,"isEnabled":false}]}
[2026-06-15 19:50:42] >> POST /asset-permissions-api/v1/assets/check-permissions
[2026-06-15 19:50:42] asset-permissions assetId=9000000000049 -> HasPermission
[2026-06-15 19:50:42] asset-permissions check done: /asset-permissions-api/v1/assets/check-permissions
[2026-06-15 19:50:42] << /asset-permissions-api/v1/assets/check-permissions -> {"results":[{"value":{"status":"HasPermission"}}]}
[2026-06-15 19:50:43] >> GET /universes/v1/places/9000000000049/universe
[2026-06-15 19:50:43] << /universes/v1/places/9000000000049/universe -> {"id":9000000000048,"universeId":9000000000048,"rootPlaceId":9000000000049,"name":"Pokemon Brick Bronze","description":"","isArchived":false,"isActive":true,"privacyType":"Private","creatorType":"User","creatorTargetId":14463315,"creatorName":"HearMeRoar","price":0,"playing":0,"visits":0,"maxPlayers":10,"studioAccessToApisAllowed":true,"genre":"All","isAllGenre":true,"isFavoritedByUser":false,"favoritedCount":0,"created":"2022-05-11T13:27:09.897Z","updated":"2022-05-11T13:27:09.897Z","universeAvatarType":"MorphToR6"}
[2026-06-15 19:50:44] >> GET /v2/assets/9000000000049/details
[2026-06-15 19:50:44] << /v2/assets/9000000000049/details -> {"TargetId":9000000000049,"AssetId":9000000000049,"ProductId":9000000000049,"assetId":9000000000049,"id":9000000000049,"Id":9000000000049,"TargetPlaceId":9000000000049,"PlaceId":9000000000049,"ProductType":"User Product","Name":"Pokemon Brick Bronze","Description":"","AssetTypeId":9,"assetTypeId":9,"Creator":{"Id":14463315,"Name":"HearMeRoar","CreatorType":"User","CreatorTargetId":14463315,"HasVerifiedBadge":false,"id":14463315,"type":1,"creatorType":"User","creatorTargetId":14463315},"IconImageAssetId":0,"Created":"2022-05-11T13:27:09.897Z","Updated":"2022-06-19T07:23:39.03Z","created":"2022-05-11T13:27:09.897Z","updated":"2022-06-19T07:23:39.03Z","PriceInRobux":null,"Sales":0,"IsNew":false,"IsForSale":false,"IsPublicDomain":true,"IsLimited":false,"IsLimitedUnique":false,"isPublic":true,"isForSale":false,"isLimited":false,"isLimitedUnique":false,"enableComments":false}
[2026-06-15 19:50:44] >> GET /v1/universes/9000000000048
[2026-06-15 19:50:44] << /v1/universes/9000000000048 -> {"id":9000000000048,"universeId":9000000000048,"rootPlaceId":9000000000049,"name":"Pokemon Brick Bronze","description":"","isArchived":false,"isActive":true,"privacyType":"Private","creatorType":"User","creatorTargetId":14463315,"creatorName":"HearMeRoar","price":0,"playing":0,"visits":0,"maxPlayers":10,"studioAccessToApisAllowed":true,"genre":"All","isAllGenre":true,"isFavoritedByUser":false,"favoritedCount":0,"created":"2022-05-11T13:27:09.897Z","updated":"2022-05-11T13:27:09.897Z","universeAvatarType":"MorphToR6"}
[2026-06-15 19:50:44] >> POST /event-subscription/v1/subscribe
[2026-06-15 19:50:44] << /event-subscription/v1/subscribe -> {"ttl_minutes":1440}
[2026-06-15 19:50:44] >> POST /v1/batch
[2026-06-15 19:50:44] << /v1/batch -> {"data":[]}
[2026-06-15 19:50:45] >> GET /v1/universes/9000000000048/permissions
[2026-06-15 19:50:45] << /v1/universes/9000000000048/permissions -> {"canManage":true,"canCloudEdit":false,"canPublish":true,"canView":true,"isPublic":false}
[2026-06-15 19:50:45] >> GET /content-aliases-api/v1/universes/9000000000048/aliases
[2026-06-15 19:50:45] << /content-aliases-api/v1/universes/9000000000048/aliases -> {"FinalPage":true,"Aliases":[],"PageSize":50}
[2026-06-15 19:50:46] >> GET /v1/universes/9000000000048/places?sortOrder=Asc&limit=50
[2026-06-15 19:50:46] << /v1/universes/9000000000048/places -> {"previousPageCursor":null,"nextPageCursor":null,"data":[{"id":9000000000049,"universeId":9000000000048,"name":"Pokemon Brick Bronze","description":""}]}
[2026-06-15 19:50:46] >> GET /v2/assets/9000000000049/details
[2026-06-15 19:50:46] << /v2/assets/9000000000049/details -> {"TargetId":9000000000049,"AssetId":9000000000049,"ProductId":9000000000049,"assetId":9000000000049,"id":9000000000049,"Id":9000000000049,"TargetPlaceId":9000000000049,"PlaceId":9000000000049,"ProductType":"User Product","Name":"Pokemon Brick Bronze","Description":"","AssetTypeId":9,"assetTypeId":9,"Creator":{"Id":14463315,"Name":"HearMeRoar","CreatorType":"User","CreatorTargetId":14463315,"HasVerifiedBadge":false,"id":14463315,"type":1,"creatorType":"User","creatorTargetId":14463315},"IconImageAssetId":0,"Created":"2022-05-11T13:27:09.897Z","Updated":"2022-06-19T07:23:39.03Z","created":"2022-05-11T13:27:09.897Z","updated":"2022-06-19T07:23:39.03Z","PriceInRobux":null,"Sales":0,"IsNew":false,"IsForSale":false,"IsPublicDomain":true,"IsLimited":false,"IsLimitedUnique":false,"isPublic":true,"isForSale":false,"isLimited":false,"isLimitedUnique":false,"enableComments":false}
[2026-06-15 19:50:47] >> GET /v2/assets/9000000000049/details
[2026-06-15 19:50:47] << /v2/assets/9000000000049/details -> {"TargetId":9000000000049,"AssetId":9000000000049,"ProductId":9000000000049,"assetId":9000000000049,"id":9000000000049,"Id":9000000000049,"TargetPlaceId":9000000000049,"PlaceId":9000000000049,"ProductType":"User Product","Name":"Pokemon Brick Bronze","Description":"","AssetTypeId":9,"assetTypeId":9,"Creator":{"Id":14463315,"Name":"HearMeRoar","CreatorType":"User","CreatorTargetId":14463315,"HasVerifiedBadge":false,"id":14463315,"type":1,"creatorType":"User","creatorTargetId":14463315},"IconImageAssetId":0,"Created":"2022-05-11T13:27:09.897Z","Updated":"2022-06-19T07:23:39.03Z","created":"2022-05-11T13:27:09.897Z","updated":"2022-06-19T07:23:39.03Z","PriceInRobux":null,"Sales":0,"IsNew":false,"IsForSale":false,"IsPublicDomain":true,"IsLimited":false,"IsLimitedUnique":false,"isPublic":true,"isForSale":false,"isLimited":false,"isLimitedUnique":false,"enableComments":false}
[2026-06-15 19:50:47] >> GET /asset/?hash=9648afba5d3d7f66550213469e074213&contentRepresentationPriorityList=W3siZm9ybWF0IjoiT3JpZ2luYWwiLCJtYWpvclZlcnNpb24iOiJPcmlnaW5hbCIsImZpZGVsaXR5IjoiT3JpZ2luYWwifV0%3D
[2026-06-15 19:50:49] >> GET /userhub/?id=
[2026-06-15 19:50:49] 404 GET /userhub/
[2026-06-15 19:50:49] << /userhub/ -> {"errors":[{"code":"NotFound","message":"Not found"}]}
[2026-06-15 19:50:50] >> GET /v2/universes/canUserPublish?universeIds=9000000000048
[2026-06-15 19:50:50] << /v2/universes/canUserPublish -> {"id":9991912465,"name":"Baseplate","description":"","isArchived":false,"rootPlaceId":9991912465,"isActive":true,"privacyType":"Public","creatorType":"User","creatorTargetId":998796,"creatorName":"Roblox","price":null,"playing":0,"visits":0,"maxPlayers":10,"studioAccessToApisAllowed":true,"genre":"All","isAllGenre":true,"created":"2022-05-11T13:27:09.897Z","updated":"2022-06-19T07:23:39.03Z"}
[2026-06-15 19:50:50] >> GET /v1/universes/9000000000048/activation-eligibility
[2026-06-15 19:50:50] << /v1/universes/9000000000048/activation-eligibility -> {"id":9000000000048,"universeId":9000000000048,"rootPlaceId":9000000000049,"name":"Pokemon Brick Bronze","description":"","isArchived":false,"isActive":true,"privacyType":"Private","creatorType":"User","creatorTargetId":14463315,"creatorName":"HearMeRoar","price":0,"playing":0,"visits":0,"maxPlayers":10,"studioAccessToApisAllowed":true,"genre":"All","isAllGenre":true,"isFavoritedByUser":false,"favoritedCount":0,"created":"2022-05-11T13:27:09.897Z","updated":"2022-05-11T13:27:09.897Z","universeAvatarType":"MorphToR6"}
[2026-06-15 19:50:51] >> PUT /packages-api/v1/places/9000000000049/packages
[2026-06-15 19:50:51] << /packages-api/v1/places/9000000000049/packages -> {"packageLinks":[]}
[2026-06-15 19:50:54] >> POST /v1.1/Counters/BatchIncrement?apiKey=76E5A40C-3AE1-4028-9F10-7C62520BD94F
[2026-06-15 19:50:54] >> POST /v1.0/SequenceStatistics/BatchAddToSequencesV2?apiKey=76E5A40C-3AE1-4028-9F10-7C62520BD94F
[2026-06-15 19:50:54] >> POST /studio/pbe
[2026-06-15 19:50:54] >> POST /timespent/pbe
[2026-06-15 19:50:54] << /v1.1/Counters/BatchIncrement -> {}
[2026-06-15 19:50:54] << /v1.0/SequenceStatistics/BatchAddToSequencesV2 -> {}
[2026-06-15 19:50:54] >> POST /experience-signals-ingest/public/v1/events/single
[2026-06-15 19:50:54] << /studio/pbe -> {}
[2026-06-15 19:50:54] << /timespent/pbe -> {}
[2026-06-15 19:50:54] << /experience-signals-ingest/public/v1/events/single -> {}
[2026-06-15 19:50:54] >> PATCH /assets/user-auth/v1/assets/9000000000049
[2026-06-15 19:50:54] Open-Cloud upload: saved place 9000000000049 (8796314 raw -> 8627195 on disk) ct='multipart/form-data; boundary=-------PublishServiceCreateAsset'
[2026-06-15 19:50:54] << /assets/user-auth/v1/assets/9000000000049 -> {"path":"operations/9000000000049","operationId":"9000000000049","done":true,"response":{"path":"assets/9000000000049","revisionId":"1","revisionCreateTime":"2024-01-01T00:00:00.000Z","assetId":"9000000000049","displayName":"Pokemon Brick Bronze","assetType":"Place","creationContext":{"creator":{"userId":"14463315"}},"moderationResult":{"moderationState":"Approved"},"state":"Active"}}
[2026-06-15 19:50:55] >> POST /v1.0/SequenceStatistics/BatchAddToSequencesV2?apiKey=76E5A40C-3AE1-4028-9F10-7C62520BD94F
[2026-06-15 19:50:55] << /v1.0/SequenceStatistics/BatchAddToSequencesV2 -> {}
[2026-06-15 19:50:55] >> POST /v1.1/Counters/BatchIncrement?apiKey=76E5A40C-3AE1-4028-9F10-7C62520BD94F
[2026-06-15 19:50:55] << /v1.1/Counters/BatchIncrement -> {}
[2026-06-15 19:50:55] >> GET /assets/user-auth/v1/operations/9000000000049
[2026-06-15 19:50:55] << /assets/user-auth/v1/operations/9000000000049 -> {"path":"operations/9000000000049","operationId":"9000000000049","done":true,"response":{"path":"assets/9000000000049","revisionId":"1","revisionCreateTime":"2024-01-01T00:00:00.000Z","assetId":"9000000000049","displayName":"Pokemon Brick Bronze","assetType":"Place","creationContext":{"creator":{"userId":"14463315"}},"moderationResult":{"moderationState":"Approved"},"state":"Active"}}
[2026-06-15 19:50:56] >> GET /v1/assets/9000000000049/saved-versions
[2026-06-15 19:50:56] << /v1/assets/9000000000049/saved-versions -> {"errors":[{"code":400,"message":"Missing id"}]}
[2026-06-15 19:51:06] >> POST /user-heartbeats-api/pulse
[2026-06-15 19:51:06] << /user-heartbeats-api/pulse -> {"accounts": [{"username": "HearMeRoar","robloxCookie": "","pulseInterval": 30000,"enableLogging": true}],"globalConfig": {"retryAttempts": 3,"retryDelay": 5000}}
[2026-06-15 19:51:07] >> GET /userhub/?id=
[2026-06-15 19:51:07] 404 GET /userhub/
[2026-06-15 19:51:07] << /userhub/ -> {"errors":[{"code":"NotFound","message":"Not found"}]}
[2026-06-15 19:51:24] >> POST /v1.1/Counters/BatchIncrement?apiKey=76E5A40C-3AE1-4028-9F10-7C62520BD94F
[2026-06-15 19:51:24] >> POST /v1.0/SequenceStatistics/BatchAddToSequencesV2?apiKey=76E5A40C-3AE1-4028-9F10-7C62520BD94F
[2026-06-15 19:51:24] >> POST /studio/pbe
[2026-06-15 19:51:24] >> POST /timespent/pbe
[2026-06-15 19:51:24] << /v1.1/Counters/BatchIncrement -> {}
[2026-06-15 19:51:24] >> POST /experience-signals-ingest/public/v1/events/single
[2026-06-15 19:51:24] << /v1.0/SequenceStatistics/BatchAddToSequencesV2 -> {}
[2026-06-15 19:51:24] << /studio/pbe -> {}
[2026-06-15 19:51:24] << /timespent/pbe -> {}
[2026-06-15 19:51:24] << /experience-signals-ingest/public/v1/events/single -> {}
[2026-06-15 19:51:25] >> POST /v1.0/SequenceStatistics/BatchAddToSequencesV2?apiKey=76E5A40C-3AE1-4028-9F10-7C62520BD94F
[2026-06-15 19:51:25] << /v1.0/SequenceStatistics/BatchAddToSequencesV2 -> {}
[2026-06-15 19:51:25] >> POST /v1.1/Counters/BatchIncrement?apiKey=76E5A40C-3AE1-4028-9F10-7C62520BD94F
[2026-06-15 19:51:25] << /v1.1/Counters/BatchIncrement -> {}
[2026-06-15 19:51:36] >> POST /user-heartbeats-api/pulse
[2026-06-15 19:51:36] << /user-heartbeats-api/pulse -> {"accounts": [{"username": "HearMeRoar","robloxCookie": "","pulseInterval": 30000,"enableLogging": true}],"globalConfig": {"retryAttempts": 3,"retryDelay": 5000}}
[2026-06-15 19:51:37] >> GET /userhub/?id=
[2026-06-15 19:51:37] 404 GET /userhub/
[2026-06-15 19:51:37] << /userhub/ -> {"errors":[{"code":"NotFound","message":"Not found"}]}
[2026-06-15 19:51:53] >> POST /studio/pbe
[2026-06-15 19:51:53] >> POST /studio/pbe
[2026-06-15 19:51:53] >> PATCH /studio-user-settings/v1/user/studiodata/CloudEditKey_placeId9000000000049
[2026-06-15 19:51:53] << /studio/pbe -> {}
[2026-06-15 19:51:53] << /studio/pbe -> {}
[2026-06-15 19:51:53] << /studio-user-settings/v1/user/studiodata/CloudEditKey_placeId9000000000049 -> {}
[2026-06-15 19:51:55] >> POST /v1.0/SequenceStatistics/BatchAddToSequencesV2?apiKey=76E5A40C-3AE1-4028-9F10-7C62520BD94F
[2026-06-15 19:51:55] << /v1.0/SequenceStatistics/BatchAddToSequencesV2 -> {}
[2026-06-15 19:51:55] >> POST /v1.1/Counters/BatchIncrement?apiKey=76E5A40C-3AE1-4028-9F10-7C62520BD94F
[2026-06-15 19:51:55] << /v1.1/Counters/BatchIncrement -> {}
[2026-06-15 19:51:57] >> POST /studio/pbe
[2026-06-15 19:51:57] >> POST /studio/pbe
[2026-06-15 19:51:57] << /studio/pbe -> {}
[2026-06-15 19:51:57] << /studio/pbe -> {}
[2026-06-15 19:51:57] >> POST /v1.1/Counters/BatchIncrement?apiKey=76E5A40C-3AE1-4028-9F10-7C62520BD94F
[2026-06-15 19:51:57] >> POST /v1.0/SequenceStatistics/BatchAddToSequencesV2?apiKey=76E5A40C-3AE1-4028-9F10-7C62520BD94F
[2026-06-15 19:51:57] >> POST /studio/pbe
[2026-06-15 19:51:57] >> POST /timespent/pbe
[2026-06-15 19:51:57] << /v1.1/Counters/BatchIncrement -> {}
[2026-06-15 19:51:57] << /v1.0/SequenceStatistics/BatchAddToSequencesV2 -> {}
[2026-06-15 19:51:57] << /studio/pbe -> {}
[2026-06-15 19:51:57] << /timespent/pbe -> {}
[2026-06-15 19:51:57] >> GET /v1/not-approved
[2026-06-15 19:51:57] >> GET /v1/universes/multiget?ids=9000000000098&ids=9000000000048&ids=9000000000068&ids=9000000000016&ids=9000000000088&ids=9000000000064&ids=9000000000092&ids=9000000000096&ids=9000000000080&ids=9000000000018&ids=9000000000040&ids=9000000000030&ids=9000000000070&ids=9000000000034&ids=9000000000020&ids=9000000000002&ids=9000000000026&ids=9000000000052&ids=9000000000022&ids=9000000000050&ids=9000000000062&ids=9000000000044&ids=9000000000060&ids=9000000000024
[2026-06-15 19:51:57] >> POST /user-heartbeats-api/action-report
[2026-06-15 19:51:57] << /v1/not-approved -> {}
[2026-06-15 19:51:57] >> POST /experience-signals-ingest/public/v1/events/single
[2026-06-15 19:51:57] << /user-heartbeats-api/action-report -> {"accounts": [{"username": "HearMeRoar","robloxCookie": "","pulseInterval": 30000,"enableLogging": true}],"globalConfig": {"retryAttempts": 3,"retryDelay": 5000}}
[2026-06-15 19:51:57] << /experience-signals-ingest/public/v1/events/single -> {}
[2026-06-15 19:51:57] >> POST /studio/pbe
[2026-06-15 19:51:57] << /studio/pbe -> {}
[2026-06-15 19:51:57] >> POST /user-heartbeats-api/action-report
[2026-06-15 19:51:57] << /user-heartbeats-api/action-report -> {"accounts": [{"username": "HearMeRoar","robloxCookie": "","pulseInterval": 30000,"enableLogging": true}],"globalConfig": {"retryAttempts": 3,"retryDelay": 5000}}
[2026-06-15 19:51:57] >> POST /v1.0/SequenceStatistics/BatchAddToSequencesV2?apiKey=76E5A40C-3AE1-4028-9F10-7C62520BD94F
[2026-06-15 19:51:57] >> POST /v1.1/Counters/BatchIncrement?apiKey=76E5A40C-3AE1-4028-9F10-7C62520BD94F
[2026-06-15 19:51:57] << /v1.0/SequenceStatistics/BatchAddToSequencesV2 -> {}
[2026-06-15 19:51:57] << /v1.1/Counters/BatchIncrement -> {}
[2026-06-15 19:51:58] >> POST /v1.0/SequenceStatistics/BatchAddToSequencesV2?apiKey=76E5A40C-3AE1-4028-9F10-7C62520BD94F
[2026-06-15 19:51:58] >> POST /v1.1/Counters/BatchIncrement?apiKey=76E5A40C-3AE1-4028-9F10-7C62520BD94F
[2026-06-15 19:51:58] << /v1.0/SequenceStatistics/BatchAddToSequencesV2 -> {}
[2026-06-15 19:51:58] << /v1.1/Counters/BatchIncrement -> {}
[2026-06-15 19:51:58] >> POST /v1.1/Counters/BatchIncrement?apiKey=76E5A40C-3AE1-4028-9F10-7C62520BD94F
[2026-06-15 19:51:58] >> POST /studio/pbe
[2026-06-15 19:51:58] >> POST /experience-signals-ingest/public/v1/events/single
[2026-06-15 19:51:58] << /v1.1/Counters/BatchIncrement -> {}
[2026-06-15 19:51:58] << /studio/pbe -> {}
[2026-06-15 19:51:58] << /experience-signals-ingest/public/v1/events/single -> {}
[2026-06-15 19:51:58] >> POST /experience-signals-ingest/public/v1/events/single
[2026-06-15 19:51:58] << /experience-signals-ingest/public/v1/events/single -> {}
[2026-06-15 19:51:58] >> POST /experience-signals-ingest/public/v1/events/single
[2026-06-15 19:51:58] << /experience-signals-ingest/public/v1/events/single -> {}
[2026-06-15 19:51:59] >> POST /experience-signals-ingest/public/v1/events/single
[2026-06-15 19:51:59] << /experience-signals-ingest/public/v1/events/single -> {}
[2026-06-15 19:51:59] >> POST /experience-signals-ingest/public/v1/events/single
[2026-06-15 19:51:59] << /experience-signals-ingest/public/v1/events/single -> {}
[2026-06-15 19:51:59] >> POST /experience-signals-ingest/public/v1/events/single
[2026-06-15 19:51:59] << /experience-signals-ingest/public/v1/events/single -> {}
[2026-06-15 19:51:59] >> POST /experience-signals-ingest/public/v1/events/single
[2026-06-15 19:51:59] << /experience-signals-ingest/public/v1/events/single -> {}
[2026-06-15 19:52:00] >> POST /experience-signals-ingest/public/v1/events/single
[2026-06-15 19:52:00] << /experience-signals-ingest/public/v1/events/single -> {}
[2026-06-15 19:52:00] >> POST /experience-signals-ingest/public/v1/events/single
[2026-06-15 19:52:00] << /experience-signals-ingest/public/v1/events/single -> {}
[2026-06-15 19:52:00] >> POST /experience-signals-ingest/public/v1/events/single
[2026-06-15 19:52:00] << /experience-signals-ingest/public/v1/events/single -> {}
[2026-06-15 19:52:00] >> POST /experience-signals-ingest/public/v1/events/single
[2026-06-15 19:52:00] << /experience-signals-ingest/public/v1/events/single -> {}
[2026-06-15 19:52:00] >> POST /experience-signals-ingest/public/v1/events/single
[2026-06-15 19:52:00] << /experience-signals-ingest/public/v1/events/single -> {}
[2026-06-15 19:52:01] >> POST /experience-signals-ingest/public/v1/events/single
[2026-06-15 19:52:01] << /experience-signals-ingest/public/v1/events/single -> {}
