[2026-06-16 13:37:43] === HookedWebserver startup ===
[2026-06-16 13:37:43] DLL directory: C:\Users\catoa\Desktop\Roblox Downloads\OffBloxModern\Clients\OffBlox\
[2026-06-16 13:37:43] Username: HearMeRoar  UserId: 14463315
[2026-06-16 13:37:43] HTTP port: 80  HTTPS port: 443
[2026-06-16 13:37:43] Winsock initialized
[2026-06-16 13:37:43] Sign key: loaded OK
[2026-06-16 13:37:43] SSL: PEM cert+key loaded OK (PKCS#8 key, no PFX needed)
[2026-06-16 13:37:43] SSL/TLS: loaded OK
[2026-06-16 13:37:43] Server ACTIVE — listening on HTTP:80 and HTTPS:443
[2026-06-16 13:37:43] Startup complete.
[2026-06-16 13:37:44] Roblox cookie probe (users/authenticated): HTTP 200 -> valid
[2026-06-16 13:37:44] Roblox cookie: loaded & valid
[2026-06-16 13:37:45] >> GET /guac-v2/v1/bundles/studio
[2026-06-16 13:37:45] >> GET /v2/client-version/WindowsStudio64
[2026-06-16 13:37:45] >> GET /v2/settings/application/PCStudioApp
[2026-06-16 13:37:45] << /guac-v2/v1/bundles/studio -> {"version":"1","bundle":{"name":"studio","configurations":{"Feature_DisableOldCookieManagementSticky":"0;100","Feature_UnifiedCookieProtocolEnabled":"0;100","Feature_UnifiedCookieProtocolEnabledSticky":"0;100","Feature_AccessCookiesWithUrlEnabledSticky":"0;100"},"experiments":{}}}
[2026-06-16 13:37:45] << /v2/client-version/WindowsStudio64 -> {"version":"0.578.0.5780566","clientVersionUpload":"version-f0b439683245446c","bootstrapperVersion":"1.0.0.0","nextClientVersion":"0.578.0.5780566","nextClientVersionUpload":"version-f0b439683245446c","flagOnly":true}
[2026-06-16 13:37:45] >> GET /oauth/.well-known/openid-configuration
[2026-06-16 13:37:45] << /oauth/.well-known/openid-configuration -> {"issuer":"http://localhost/oauth/","authorization_endpoint":"http://localhost/oauth/v1/authorize","token_endpoint":"http://localhost/oauth/v1/token","introspection_endpoint":"http://localhost/oauth/v1/token/introspect","revocation_endpoint":"http://localhost/oauth/v1/token/revoke","resources_endpoint":"http://localhost/oauth/v1/token/resources","userinfo_endpoint":"http://localhost/oauth/v1/userinfo","jwks_uri":"http://localhost/oauth/v1/certs","registration_endpoint":"http://localhost/dashboard/credentials","service_documentation":"http://localhost/docs/reference/cloud","scopes_supported":["openid","profile","email","verification","credentials","age","premium","roles","attributes"],"response_types_supported":["none","code"],"subject_types_supported":["public"],"id_token_signing_alg_values_supported":["ES256"],"claims_supported":["sub","type","iss","aud","exp","iat","nonce","name","nickname","preferred_username","created_at","profile","picture","email","email_ve
[2026-06-16 13:37:45] >> POST /studio/pbe
[2026-06-16 13:37:45] << /studio/pbe -> {}
[2026-06-16 13:37:46] >> POST /product-experimentation-platform/v1/projects/1/values
[2026-06-16 13:37:46] << /product-experimentation-platform/v1/projects/1/values -> {"assignments":[]}
[2026-06-16 13:37:46] >> POST /studio/pbe
[2026-06-16 13:37:46] << /studio/pbe -> {}
[2026-06-16 13:37:46] >> POST /v1.0/SequenceStatistics/BatchAddToSequencesV2?apiKey=76E5A40C-3AE1-4028-9F10-7C62520BD94F
[2026-06-16 13:37:46] << /v1.0/SequenceStatistics/BatchAddToSequencesV2 -> {}
[2026-06-16 13:37:47] >> POST /v1.1/Counters/BatchIncrement?apiKey=76E5A40C-3AE1-4028-9F10-7C62520BD94F
[2026-06-16 13:37:47] << /v1.1/Counters/BatchIncrement -> {}
[2026-06-16 13:37:47] >> GET /oauth/v1/authorize?response_type=code&code_challenge=IkUoBXMvdpKa_bJRA9hwQyU7FSxLQgJ-Y9mZoA4IuIY&code_challenge_method=S256&client_id&redirect_uri=roblox-studio-auth%3A%2F&scope=openid+credentials+profile+age+roles+premium+verification&nonce=id-roblox&state=eyJwaWQiOiI0ODQwIiwiZXZlbnRfaGFuZGxlcl9uYW1lIjoiRXh0ZXJuYWxMb2dpbkZsb3ciLCJkYXRhIjoiYlo1VGZhdmpVWVJfZUcyN29oMmI4QmVBOS1Ub0U3LVRJNUI1eUtjMTlmQSJ9
[2026-06-16 13:37:47] /authorize: client_id='roblox_studio_client' nonce='id-roblox' redirect_uri='roblox-studio-auth:/'
[2026-06-16 13:37:48] >> POST /oauth/v1/token
[2026-06-16 13:37:48] /v1/token body: [grant_type=authorization_code&code=hardcoded_auth_code_2023&code_verifier=lQUT0kTJSKUOZwdO-gfjBTEVINRr1AAudA7AMrdxAbw&client_id=]
[2026-06-16 13:37:48] /v1/token qs client_id: [(missing)]
[2026-06-16 13:37:48] << /oauth/v1/token -> {"access_token":"hardcoded_access_token","token_type":"Bearer","expires_in":1800,"refresh_token":"hardcoded_refresh_token","scope":"openid credentials profile age roles premium","id_token":"eyJhbGciOiJFUzI1NiIsInR5cCI6IkpXVCIsImtpZCI6ImhhcmRjb2RlZC1rZXktMSJ9.eyJzdWIiOiIxNDQ2MzMxNSIsInR5cGUiOiJVc2VyIiwiaXNzIjoiaHR0cDovL2xvY2FsaG9zdC9vYXV0aC8iLCJhdWQiOiJyb2Jsb3hfc3R1ZGlvX2NsaWVudCIsImV4cCI6MTc4MTY0NDA2MywiaWF0IjoxNzgxNjQyMjYzLCJub25jZSI6ImlkLXJvYmxveCIsIm5hbWUiOiJIZWFyTWVSb2FyIiwibmlja25hbWUiOiJEZXYiLCJwcmVmZXJyZWRfdXNlcm5hbWUiOiJIZWFyTWVSb2FyIiwiY3JlYXRlZF9hdCI6MTY4MDAwMDAwMCwicHJvZmlsZSI6Imh0dHBzOi8vd3d3LnJvYmxveC5jb20vdXNlcnMvMTQ0NjMzMTUvcHJvZmlsZSIsInBpY3R1cmUiOiJodHRwczovL3d3dy5yb2Jsb3guY29tL2hlYWRzaG90LXRodW1ibmFpbC9pbWFnZT91c2VySWQ9MTQ0NjMzMTUmd2lkdGg9NDIwJmhlaWdodD00MjAiLCJlbWFpbCI6ImRldkByb2Jsb3guZXhhbXBsZSIsImVtYWlsX3ZlcmlmaWVkIjp0cnVlLCJ2ZXJpZmllZCI6dHJ1ZSwiYWdlX2JyYWNrZXQiOiIxOCsiLCJwcmVtaXVtIjp0cnVlLCJyb2xlcyI6WyJEZXZlbG9wZXIiXSwiaW50ZXJuYWxfdXNlciI6ZmFsc2UsImF0dHJpYnV0ZXMiOn
[2026-06-16 13:37:48] >> GET /v1/not-approved
[2026-06-16 13:37:48] << /v1/not-approved -> {}
[2026-06-16 13:37:48] >> POST /validate-machine
[2026-06-16 13:37:48] << /validate-machine -> {}
[2026-06-16 13:37:49] >> GET /oauth/v1/userinfo
[2026-06-16 13:37:49] << /oauth/v1/userinfo -> {"sub":"14463315","type":"User","iss":"http://localhost/oauth/","aud":"roblox_studio_client","exp":1781645869,"iat":1781642269,"nonce":"id-roblox","name":"HearMeRoar","nickname":"Dev","preferred_username":"HearMeRoar","created_at":1680000000,"email":"dev@roblox.example","email_verified":true,"verified":true,"age_bracket":"18+","premium":true,"roles":["Developer"],"internal_user":false,"attributes":{}}
[2026-06-16 13:37:49] >> POST /product-experimentation-platform/v1/projects/1/values
[2026-06-16 13:37:49] >> POST /product-experimentation-platform/v1/projects/1/values
[2026-06-16 13:37:49] << /product-experimentation-platform/v1/projects/1/values -> {"assignments":[]}
[2026-06-16 13:37:49] << /product-experimentation-platform/v1/projects/1/values -> {"assignments":[]}
[2026-06-16 13:37:49] >> POST /product-experimentation-platform/v1/projects/1/values
[2026-06-16 13:37:49] >> POST /user-heartbeats-api/action-report
[2026-06-16 13:37:49] >> GET /userhub/?id=
[2026-06-16 13:37:49] << /product-experimentation-platform/v1/projects/1/values -> {"assignments":[]}
[2026-06-16 13:37:49] << /user-heartbeats-api/action-report -> {"accounts": [{"username": "HearMeRoar","robloxCookie": "","pulseInterval": 30000,"enableLogging": true}],"globalConfig": {"retryAttempts": 3,"retryDelay": 5000}}
[2026-06-16 13:37:49] 404 GET /userhub/
[2026-06-16 13:37:49] << /userhub/ -> {"errors":[{"code":"NotFound","message":"Not found"}]}
[2026-06-16 13:37:49] >> GET /studio-user-data-api/beta-feature-metadata
[2026-06-16 13:37:49] >> GET /studio-user-data-api/beta-feature?pageSize=1000000000
[2026-06-16 13:37:49] >> GET /studio-user-data-api/plugin-metadata?pageSize=1000000000
[2026-06-16 13:37:49] >> GET /studio-user-settings/plugin-permissions/v2/plugins?permissionType=ScriptInjection&cursor&pageSize=100
[2026-06-16 13:37:49] >> GET /studio-user-settings/plugin-permissions/v2/plugins?permissionType=HttpService&cursor&pageSize=100
[2026-06-16 13:37:49] >> GET /v2/user-channel?binaryType=WindowsStudio64
[2026-06-16 13:37:49] >> GET /access-management/v1/feature-access?featureNames=ShowIllegalContentReport&nameSpace=studio%2FSafetyFeatures
[2026-06-16 13:37:49] << /studio-user-data-api/beta-feature-metadata -> {}
[2026-06-16 13:37:49] << /studio-user-data-api/beta-feature -> {}
[2026-06-16 13:37:49] << /studio-user-data-api/plugin-metadata -> {}
[2026-06-16 13:37:49] << /studio-user-settings/plugin-permissions/v2/plugins -> {}
[2026-06-16 13:37:49] << /studio-user-settings/plugin-permissions/v2/plugins -> {}
[2026-06-16 13:37:49] << /v2/user-channel -> {}
[2026-06-16 13:37:49] << /access-management/v1/feature-access -> {"featureAccess":[],"data":[]}
[2026-06-16 13:37:50] >> GET /v1/universes/multiget?ids=9000000000048&ids=9000000000124&ids=9000000000020&ids=9000000000046&ids=9000000000098&ids=9000000000068&ids=9000000000016&ids=9000000000088&ids=9000000000064&ids=9000000000092&ids=9000000000096&ids=9000000000080&ids=9000000000018&ids=9000000000040&ids=9000000000030&ids=9000000000070&ids=9000000000034&ids=9000000000002&ids=9000000000026&ids=9000000000052&ids=9000000000022&ids=9000000000050&ids=9000000000062&ids=9000000000044
[2026-06-16 13:37:50] >> GET /my/settings/json
[2026-06-16 13:37:50] << /my/settings/json -> {"UserId":14463315,"UserName":"HearMeRoar","DisplayName":"HearMeRoar","RobuxBalance":9999999999,"IsEmailVerified":true,"IsPremiumUser":true,"AgeBracket":0,"CountryCode":"US","Roles":["Developer","Soothsayer"],"AccountAgeInDays":1324354}
[2026-06-16 13:37:50] >> GET /v1/universes/multiget/teamcreate?ids=9000000000048&ids=9000000000124&ids=9000000000020&ids=9000000000046&ids=9000000000098&ids=9000000000068&ids=9000000000016&ids=9000000000088&ids=9000000000064&ids=9000000000092&ids=9000000000096&ids=9000000000080&ids=9000000000018&ids=9000000000040&ids=9000000000030&ids=9000000000070&ids=9000000000034&ids=9000000000002&ids=9000000000026&ids=9000000000052&ids=9000000000022&ids=9000000000050&ids=9000000000062&ids=9000000000044
[2026-06-16 13:37:50] TeamCreate stub (disabled): GET /v1/universes/multiget/teamcreate
[2026-06-16 13:37:50] << /v1/universes/multiget/teamcreate -> {"data":[{"id":9000000000048,"isEnabled":false},{"id":9000000000124,"isEnabled":false},{"id":9000000000020,"isEnabled":false},{"id":9000000000046,"isEnabled":false},{"id":9000000000098,"isEnabled":false},{"id":9000000000068,"isEnabled":false},{"id":9000000000016,"isEnabled":false},{"id":9000000000088,"isEnabled":false},{"id":9000000000064,"isEnabled":false},{"id":9000000000092,"isEnabled":false},{"id":9000000000096,"isEnabled":false},{"id":9000000000080,"isEnabled":false},{"id":9000000000018,"isEnabled":false},{"id":9000000000040,"isEnabled":false},{"id":9000000000030,"isEnabled":false},{"id":9000000000070,"isEnabled":false},{"id":9000000000034,"isEnabled":false},{"id":9000000000002,"isEnabled":false},{"id":9000000000026,"isEnabled":false},{"id":9000000000052,"isEnabled":false},{"id":9000000000022,"isEnabled":false},{"id":9000000000050,"isEnabled":false},{"id":9000000000062,"isEnabled":false},{"id":9000000000044,"isEnabled":false}]}
[2026-06-16 13:37:50] >> GET /userhub/?id=
[2026-06-16 13:37:50] 404 GET /userhub/
[2026-06-16 13:37:50] << /userhub/ -> {"errors":[{"code":"NotFound","message":"Not found"}]}
[2026-06-16 13:37:50] >> POST /v1/users
[2026-06-16 13:37:50] << /v1/users -> {"data":[{"hasVerifiedBadge":false,"id":14463315,"name":"HearMeRoar","displayName":"HearMeRoar"}]}
[2026-06-16 13:37:50] >> GET /v1/gametemplates?searchKey=Templates&pageSize=30&search=All&isTemplates=true
[2026-06-16 13:37:50] << /v1/gametemplates -> {"data":[{"gameTemplateType":"Generic","hasTutorials":false,"universe":{"id":28220420,"name":"Baseplate","description":"Start from a clean baseplate.","isArchived":false,"rootPlaceId":95206881,"privacyType":"Public","creatorType":"User","creatorTargetId":998796,"creatorName":"Templates","created":"2017-04-26T00:00:00Z","updated":"2017-04-26T00:00:00Z","isFriendsOnly":false,"audiences":[1,3,4]}}]}
[2026-06-16 13:37:51] >> GET /doc-site/v2/feeds?surfaceType=StudioStart
[2026-06-16 13:37:51] << /doc-site/v2/feeds -> {"data":{"feedItems":[]}}
[2026-06-16 13:37:51] >> GET /v2/universes/9000000000048/places?limit=50&SortOrder=Asc
[2026-06-16 13:37:51] << /v2/universes/9000000000048/places -> {"previousPageCursor":null,"nextPageCursor":null,"data":[{"maxPlayerCount":null,"socialSlotType":null,"customSocialSlotsCount":null,"allowCopying":null,"currentSavedVersion":1,"isAllGenresAllowed":null,"allowedGearTypes":null,"maxPlayersAllowed":0,"created":"2022-01-01T00:00:00.000Z","updated":"2022-01-01T00:00:00.000Z","id":9000000000049,"universeId":9000000000048,"name":"Pokemon Brick Bronze","description":"","isRootPlace":true}]}
[2026-06-16 13:37:51] >> POST /v1/batch
[2026-06-16 13:37:51] << /v1/batch -> {"data":[]}
[2026-06-16 13:37:51] >> GET /v2/universes/9000000000124/places?limit=50&SortOrder=Asc
[2026-06-16 13:37:51] << /v2/universes/9000000000124/places -> {"previousPageCursor":null,"nextPageCursor":null,"data":[{"maxPlayerCount":null,"socialSlotType":null,"customSocialSlotsCount":null,"allowCopying":null,"currentSavedVersion":1,"isAllGenresAllowed":null,"allowedGearTypes":null,"maxPlayersAllowed":0,"created":"2022-01-01T00:00:00.000Z","updated":"2022-01-01T00:00:00.000Z","id":9000000000125,"universeId":9000000000124,"name":"testt","description":"","isRootPlace":true}]}
[2026-06-16 13:37:51] >> GET /v2/universes/9000000000020/places?limit=50&SortOrder=Asc
[2026-06-16 13:37:51] << /v2/universes/9000000000020/places -> {"previousPageCursor":null,"nextPageCursor":null,"data":[{"maxPlayerCount":null,"socialSlotType":null,"customSocialSlotsCount":null,"allowCopying":null,"currentSavedVersion":1,"isAllGenresAllowed":null,"allowedGearTypes":null,"maxPlayersAllowed":0,"created":"2022-01-01T00:00:00.000Z","updated":"2022-01-01T00:00:00.000Z","id":9000000000021,"universeId":9000000000020,"name":"Flood Escape 1.6.5","description":"","isRootPlace":true}]}
[2026-06-16 13:37:51] >> GET /v2/universes/9000000000046/places?limit=50&SortOrder=Asc
[2026-06-16 13:37:51] << /v2/universes/9000000000046/places -> {"previousPageCursor":null,"nextPageCursor":null,"data":[{"maxPlayerCount":null,"socialSlotType":null,"customSocialSlotsCount":null,"allowCopying":null,"currentSavedVersion":1,"isAllGenresAllowed":null,"allowedGearTypes":null,"maxPlayersAllowed":0,"created":"2022-01-01T00:00:00.000Z","updated":"2022-01-01T00:00:00.000Z","id":9000000000047,"universeId":9000000000046,"name":"Phantom Forces","description":"","isRootPlace":true}]}
[2026-06-16 13:37:52] >> GET /v2/universes/9000000000098/places?limit=50&SortOrder=Asc
[2026-06-16 13:37:52] << /v2/universes/9000000000098/places -> {"previousPageCursor":null,"nextPageCursor":null,"data":[{"maxPlayerCount":null,"socialSlotType":null,"customSocialSlotsCount":null,"allowCopying":null,"currentSavedVersion":1,"isAllGenresAllowed":null,"allowedGearTypes":null,"maxPlayersAllowed":0,"created":"2022-01-01T00:00:00.000Z","updated":"2022-01-01T00:00:00.000Z","id":9000000000099,"universeId":9000000000098,"name":"Youtube Tycoon","description":"","isRootPlace":true}]}
[2026-06-16 13:37:52] >> GET /v2/universes/9000000000068/places?limit=50&SortOrder=Asc
[2026-06-16 13:37:52] << /v2/universes/9000000000068/places -> {"previousPageCursor":null,"nextPageCursor":null,"data":[{"maxPlayerCount":null,"socialSlotType":null,"customSocialSlotsCount":null,"allowCopying":null,"currentSavedVersion":1,"isAllGenresAllowed":null,"allowedGearTypes":null,"maxPlayersAllowed":0,"created":"2022-01-01T00:00:00.000Z","updated":"2022-01-01T00:00:00.000Z","id":9000000000069,"universeId":9000000000068,"name":"Weight Lifting Simulator 2","description":"","isRootPlace":true}]}
[2026-06-16 13:37:52] >> GET /v2/universes/9000000000016/places?limit=50&SortOrder=Asc
[2026-06-16 13:37:52] << /v2/universes/9000000000016/places -> {"previousPageCursor":null,"nextPageCursor":null,"data":[{"maxPlayerCount":null,"socialSlotType":null,"customSocialSlotsCount":null,"allowCopying":null,"currentSavedVersion":1,"isAllGenresAllowed":null,"allowedGearTypes":null,"maxPlayersAllowed":0,"created":"2022-01-01T00:00:00.000Z","updated":"2022-01-01T00:00:00.000Z","id":9000000000017,"universeId":9000000000016,"name":"Prison Life V2.0","description":"","isRootPlace":true}]}
[2026-06-16 13:37:52] >> GET /userhub/?id=
[2026-06-16 13:37:52] 404 GET /userhub/
[2026-06-16 13:37:52] << /userhub/ -> {"errors":[{"code":"NotFound","message":"Not found"}]}
[2026-06-16 13:37:52] >> GET /v2/universes/9000000000088/places?limit=50&SortOrder=Asc
[2026-06-16 13:37:52] << /v2/universes/9000000000088/places -> {"previousPageCursor":null,"nextPageCursor":null,"data":[{"maxPlayerCount":null,"socialSlotType":null,"customSocialSlotsCount":null,"allowCopying":null,"currentSavedVersion":1,"isAllGenresAllowed":null,"allowedGearTypes":null,"maxPlayersAllowed":0,"created":"2022-01-01T00:00:00.000Z","updated":"2022-01-01T00:00:00.000Z","id":9000000000089,"universeId":9000000000088,"name":"Muffin Kombat","description":"","isRootPlace":true}]}
[2026-06-16 13:37:53] >> GET /v2/universes/9000000000064/places?limit=50&SortOrder=Asc
[2026-06-16 13:37:53] << /v2/universes/9000000000064/places -> {"previousPageCursor":null,"nextPageCursor":null,"data":[{"maxPlayerCount":null,"socialSlotType":null,"customSocialSlotsCount":null,"allowCopying":null,"currentSavedVersion":1,"isAllGenresAllowed":null,"allowedGearTypes":null,"maxPlayersAllowed":0,"created":"2022-01-01T00:00:00.000Z","updated":"2022-01-01T00:00:00.000Z","id":9000000000065,"universeId":9000000000064,"name":"New MM2","description":"","isRootPlace":true}]}
[2026-06-16 13:37:53] >> GET /v2/universes/9000000000092/places?limit=50&SortOrder=Asc
[2026-06-16 13:37:53] << /v2/universes/9000000000092/places -> {"previousPageCursor":null,"nextPageCursor":null,"data":[{"maxPlayerCount":null,"socialSlotType":null,"customSocialSlotsCount":null,"allowCopying":null,"currentSavedVersion":1,"isAllGenresAllowed":null,"allowedGearTypes":null,"maxPlayersAllowed":0,"created":"2022-01-01T00:00:00.000Z","updated":"2022-01-01T00:00:00.000Z","id":9000000000093,"universeId":9000000000092,"name":"Meepcity","description":"","isRootPlace":true}]}
[2026-06-16 13:37:53] >> GET /v2/universes/9000000000096/places?limit=50&SortOrder=Asc
[2026-06-16 13:37:53] << /v2/universes/9000000000096/places -> {"previousPageCursor":null,"nextPageCursor":null,"data":[{"maxPlayerCount":null,"socialSlotType":null,"customSocialSlotsCount":null,"allowCopying":null,"currentSavedVersion":1,"isAllGenresAllowed":null,"allowedGearTypes":null,"maxPlayersAllowed":0,"created":"2022-01-01T00:00:00.000Z","updated":"2022-01-01T00:00:00.000Z","id":9000000000097,"universeId":9000000000096,"name":"Tower of hell","description":"","isRootPlace":true}]}
[2026-06-16 13:37:53] >> GET /v2/universes/9000000000080/places?limit=50&SortOrder=Asc
[2026-06-16 13:37:53] << /v2/universes/9000000000080/places -> {"previousPageCursor":null,"nextPageCursor":null,"data":[{"maxPlayerCount":null,"socialSlotType":null,"customSocialSlotsCount":null,"allowCopying":null,"currentSavedVersion":1,"isAllGenresAllowed":null,"allowedGearTypes":null,"maxPlayersAllowed":0,"created":"2022-01-01T00:00:00.000Z","updated":"2022-01-01T00:00:00.000Z","id":9000000000081,"universeId":9000000000080,"name":"Work at a pizza place","description":"","isRootPlace":true}]}
[2026-06-16 13:37:53] >> GET /v2/universes/9000000000018/places?limit=50&SortOrder=Asc
[2026-06-16 13:37:53] << /v2/universes/9000000000018/places -> {"previousPageCursor":null,"nextPageCursor":null,"data":[{"maxPlayerCount":null,"socialSlotType":null,"customSocialSlotsCount":null,"allowCopying":null,"currentSavedVersion":1,"isAllGenresAllowed":null,"allowedGearTypes":null,"maxPlayersAllowed":0,"created":"2022-01-01T00:00:00.000Z","updated":"2022-01-01T00:00:00.000Z","id":9000000000019,"universeId":9000000000018,"name":"Natural Disaster Survival","description":"","isRootPlace":true}]}
[2026-06-16 13:37:54] >> GET /v2/universes/9000000000040/places?limit=50&SortOrder=Asc
[2026-06-16 13:37:54] << /v2/universes/9000000000040/places -> {"previousPageCursor":null,"nextPageCursor":null,"data":[{"maxPlayerCount":null,"socialSlotType":null,"customSocialSlotsCount":null,"allowCopying":null,"currentSavedVersion":1,"isAllGenresAllowed":null,"allowedGearTypes":null,"maxPlayersAllowed":0,"created":"2022-01-01T00:00:00.000Z","updated":"2022-01-01T00:00:00.000Z","id":9000000000041,"universeId":9000000000040,"name":"Epic Minigames","description":"","isRootPlace":true}]}
[2026-06-16 13:37:54] >> GET /v2/universes/9000000000030/places?limit=50&SortOrder=Asc
[2026-06-16 13:37:54] << /v2/universes/9000000000030/places -> {"previousPageCursor":null,"nextPageCursor":null,"data":[{"maxPlayerCount":null,"socialSlotType":null,"customSocialSlotsCount":null,"allowCopying":null,"currentSavedVersion":1,"isAllGenresAllowed":null,"allowedGearTypes":null,"maxPlayersAllowed":0,"created":"2022-01-01T00:00:00.000Z","updated":"2022-01-01T00:00:00.000Z","id":9000000000031,"universeId":9000000000030,"name":"Twisted Murderer","description":"","isRootPlace":true}]}
[2026-06-16 13:37:54] >> GET /v2/universes/9000000000070/places?limit=50&SortOrder=Asc
[2026-06-16 13:37:54] << /v2/universes/9000000000070/places -> {"previousPageCursor":null,"nextPageCursor":null,"data":[{"maxPlayerCount":null,"socialSlotType":null,"customSocialSlotsCount":null,"allowCopying":null,"currentSavedVersion":1,"isAllGenresAllowed":null,"allowedGearTypes":null,"maxPlayersAllowed":0,"created":"2022-01-01T00:00:00.000Z","updated":"2022-01-01T00:00:00.000Z","id":9000000000071,"universeId":9000000000070,"name":"Speed run 4","description":"","isRootPlace":true}]}
[2026-06-16 13:37:54] >> GET /v2/universes/9000000000034/places?limit=50&SortOrder=Asc
[2026-06-16 13:37:54] << /v2/universes/9000000000034/places -> {"previousPageCursor":null,"nextPageCursor":null,"data":[{"maxPlayerCount":null,"socialSlotType":null,"customSocialSlotsCount":null,"allowCopying":null,"currentSavedVersion":1,"isAllGenresAllowed":null,"allowedGearTypes":null,"maxPlayersAllowed":0,"created":"2022-01-01T00:00:00.000Z","updated":"2022-01-01T00:00:00.000Z","id":9000000000035,"universeId":9000000000034,"name":"Assassin","description":"","isRootPlace":true}]}
[2026-06-16 13:37:54] >> GET /v2/universes/9000000000002/places?limit=50&SortOrder=Asc
[2026-06-16 13:37:54] << /v2/universes/9000000000002/places -> {"previousPageCursor":null,"nextPageCursor":null,"data":[{"maxPlayerCount":null,"socialSlotType":null,"customSocialSlotsCount":null,"allowCopying":null,"currentSavedVersion":1,"isAllGenresAllowed":null,"allowedGearTypes":null,"maxPlayersAllowed":0,"created":"2022-01-01T00:00:00.000Z","updated":"2022-01-01T00:00:00.000Z","id":9000000000003,"universeId":9000000000002,"name":"Theme park tycoon 2","description":"","isRootPlace":true}]}
[2026-06-16 13:37:55] >> GET /v2/universes/9000000000026/places?limit=50&SortOrder=Asc
[2026-06-16 13:37:55] << /v2/universes/9000000000026/places -> {"previousPageCursor":null,"nextPageCursor":null,"data":[{"maxPlayerCount":null,"socialSlotType":null,"customSocialSlotsCount":null,"allowCopying":null,"currentSavedVersion":1,"isAllGenresAllowed":null,"allowedGearTypes":null,"maxPlayersAllowed":0,"created":"2022-01-01T00:00:00.000Z","updated":"2022-01-01T00:00:00.000Z","id":9000000000027,"universeId":9000000000026,"name":"Jailbreak","description":"","isRootPlace":true}]}
[2026-06-16 13:37:55] >> GET /v2/universes/9000000000052/places?limit=50&SortOrder=Asc
[2026-06-16 13:37:55] << /v2/universes/9000000000052/places -> {"previousPageCursor":null,"nextPageCursor":null,"data":[{"maxPlayerCount":null,"socialSlotType":null,"customSocialSlotsCount":null,"allowCopying":null,"currentSavedVersion":1,"isAllGenresAllowed":null,"allowedGearTypes":null,"maxPlayersAllowed":0,"created":"2022-01-01T00:00:00.000Z","updated":"2022-01-01T00:00:00.000Z","id":9000000000053,"universeId":9000000000052,"name":"Whatever Floats Your Boat","description":"","isRootPlace":true}]}
[2026-06-16 13:37:55] >> GET /v2/universes/9000000000022/places?limit=50&SortOrder=Asc
[2026-06-16 13:37:55] >> POST /studio/pbe
[2026-06-16 13:37:55] << /v2/universes/9000000000022/places -> {"previousPageCursor":null,"nextPageCursor":null,"data":[{"maxPlayerCount":null,"socialSlotType":null,"customSocialSlotsCount":null,"allowCopying":null,"currentSavedVersion":1,"isAllGenresAllowed":null,"allowedGearTypes":null,"maxPlayersAllowed":0,"created":"2022-01-01T00:00:00.000Z","updated":"2022-01-01T00:00:00.000Z","id":9000000000023,"universeId":9000000000022,"name":"Robot 64","description":"","isRootPlace":true}]}
[2026-06-16 13:37:55] << /studio/pbe -> {}
[2026-06-16 13:37:55] >> GET /v2/universes/9000000000050/places?limit=50&SortOrder=Asc
[2026-06-16 13:37:55] << /v2/universes/9000000000050/places -> {"previousPageCursor":null,"nextPageCursor":null,"data":[{"maxPlayerCount":null,"socialSlotType":null,"customSocialSlotsCount":null,"allowCopying":null,"currentSavedVersion":1,"isAllGenresAllowed":null,"allowedGearTypes":null,"maxPlayersAllowed":0,"created":"2022-01-01T00:00:00.000Z","updated":"2022-01-01T00:00:00.000Z","id":9000000000051,"universeId":9000000000050,"name":"Polyguns","description":"","isRootPlace":true}]}
[2026-06-16 13:37:56] >> GET /v2/universes/9000000000062/places?limit=50&SortOrder=Asc
[2026-06-16 13:37:56] << /v2/universes/9000000000062/places -> {"previousPageCursor":null,"nextPageCursor":null,"data":[{"maxPlayerCount":null,"socialSlotType":null,"customSocialSlotsCount":null,"allowCopying":null,"currentSavedVersion":1,"isAllGenresAllowed":null,"allowedGearTypes":null,"maxPlayersAllowed":0,"created":"2022-01-01T00:00:00.000Z","updated":"2022-01-01T00:00:00.000Z","id":9000000000063,"universeId":9000000000062,"name":"Build a boat for treasure","description":"","isRootPlace":true}]}
[2026-06-16 13:37:56] >> GET /v2/universes/9000000000044/places?limit=50&SortOrder=Asc
[2026-06-16 13:37:56] << /v2/universes/9000000000044/places -> {"previousPageCursor":null,"nextPageCursor":null,"data":[{"maxPlayerCount":null,"socialSlotType":null,"customSocialSlotsCount":null,"allowCopying":null,"currentSavedVersion":1,"isAllGenresAllowed":null,"allowedGearTypes":null,"maxPlayersAllowed":0,"created":"2022-01-01T00:00:00.000Z","updated":"2022-01-01T00:00:00.000Z","id":9000000000045,"universeId":9000000000044,"name":"Miners Haven","description":"","isRootPlace":true}]}
[2026-06-16 13:37:56] >> GET /v1/universes/multiget?ids=9000000000048&ids=9000000000124&ids=9000000000020&ids=9000000000046&ids=9000000000098&ids=9000000000068&ids=9000000000016&ids=9000000000088&ids=9000000000064&ids=9000000000092&ids=9000000000096&ids=9000000000080&ids=9000000000018&ids=9000000000040&ids=9000000000030&ids=9000000000070&ids=9000000000034&ids=9000000000002&ids=9000000000026&ids=9000000000052&ids=9000000000022&ids=9000000000050&ids=9000000000062&ids=9000000000044&
[2026-06-16 13:37:56] >> GET /v2/universes/28220420/places?limit=50&SortOrder=Asc
[2026-06-16 13:37:56] << /v2/universes/28220420/places -> {"previousPageCursor":null,"nextPageCursor":null,"data":[{"maxPlayerCount":null,"socialSlotType":null,"customSocialSlotsCount":null,"allowCopying":null,"currentSavedVersion":1,"isAllGenresAllowed":null,"allowedGearTypes":null,"maxPlayersAllowed":0,"created":"2022-01-01T00:00:00.000Z","updated":"2022-01-01T00:00:00.000Z","id":9991912465,"universeId":9991912465,"name":"Baseplate","description":"","isRootPlace":true}]}
[2026-06-16 13:37:56] >> POST /experience-guidelines-service/v1beta1/multi-age-recommendation
[2026-06-16 13:37:56] >> POST /core-content/v1/universe-eligibility/batch
[2026-06-16 13:37:56] << /core-content/v1/universe-eligibility/batch -> {"eligibilityByCreator":[{"userId":"14463315","userIsEligible":true,"displayText":"Eligible","ineligibilityReason":"INELIGIBILITY_REASON_NONE"}]}
[2026-06-16 13:37:57] >> POST /experience-releases/v1beta1/experience_releases_api/multi_release_statuses
[2026-06-16 13:37:57] << /experience-releases/v1beta1/experience_releases_api/multi_release_statuses -> {"eligibilityByCreator":[{"userId":"14463315","userIsEligible":true,"displayText":"Eligible","ineligibilityReason":"INELIGIBILITY_REASON_NONE"}]}
[2026-06-16 13:37:57] >> GET //v1/games/icons?universeIds=28220420&returnPolicy=Placeholder&format=png&size=256x256
[2026-06-16 13:37:57] << //v1/games/icons -> {"data":[{"targetId":28220420,"state":"Completed","imageUrl":"http://localhost/Thumbs/gameicon.ashx?id=28220420","version":"TN3"}]}
[2026-06-16 13:37:57] >> GET /universes/v1/search?isTemplates=false&isArchived=false&creatorTargetId=14463315&searchKey=Experiences&sortOrder=Desc&search=&creatorType=User&pageSize=30&sortParam=LastUpdated&surface=StudioStartPage&PageIndex=0&needsAssetOptions=true
[2026-06-16 13:37:57] >> GET /creator-home-api/v1/groups?surface=StudioStartPage
[2026-06-16 13:37:57] << /creator-home-api/v1/groups -> {"data":[]}
[2026-06-16 13:37:57] >> GET //v1/games/icons?universeIds=9000000000048,9000000000124,9000000000020,9000000000046,9000000000098,9000000000068,9000000000016,9000000000088,9000000000064,9000000000092,9000000000096,9000000000080,9000000000018,9000000000040,9000000000030,9000000000070,9000000000034,9000000000002,9000000000026,9000000000052,9000000000022,9000000000050,9000000000062,9000000000044&returnPolicy=Autogenerated&format=png&size=256x256
[2026-06-16 13:37:57] << //v1/games/icons -> {"data":[{"targetId":9000000000048,"state":"Completed","imageUrl":"http://localhost/Thumbs/gameicon.ashx?id=9000000000048","version":"TN3"},{"targetId":9000000000124,"state":"Completed","imageUrl":"http://localhost/Thumbs/gameicon.ashx?id=9000000000124","version":"TN3"},{"targetId":9000000000020,"state":"Completed","imageUrl":"http://localhost/Thumbs/gameicon.ashx?id=9000000000020","version":"TN3"},{"targetId":9000000000046,"state":"Completed","imageUrl":"http://localhost/Thumbs/gameicon.ashx?id=9000000000046","version":"TN3"},{"targetId":9000000000098,"state":"Completed","imageUrl":"http://localhost/Thumbs/gameicon.ashx?id=9000000000098","version":"TN3"},{"targetId":9000000000068,"state":"Completed","imageUrl":"http://localhost/Thumbs/gameicon.ashx?id=9000000000068","version":"TN3"},{"targetId":9000000000016,"state":"Completed","imageUrl":"http://localhost/Thumbs/gameicon.ashx?id=9000000000016","version":"TN3"},{"targetId":9000000000088,"state":"Completed","imageUrl":"http://localhost
[2026-06-16 13:37:58] >> GET /teamcreate/v1/MultiGetUniversesActiveSessionMembers?maxUsers=10&ids=9000000000048&ids=9000000000124&ids=9000000000020&ids=9000000000046&ids=9000000000098&ids=9000000000068&ids=9000000000016&ids=9000000000088&ids=9000000000064&ids=9000000000092&ids=9000000000096&ids=9000000000080&ids=9000000000018&ids=9000000000040&ids=9000000000030&ids=9000000000070&ids=9000000000034&ids=9000000000002&ids=9000000000026&ids=9000000000052&ids=9000000000022&ids=9000000000050&ids=9000000000062&ids=9000000000044
[2026-06-16 13:37:58] TeamCreate stub (disabled): GET /teamcreate/v1/MultiGetUniversesActiveSessionMembers
[2026-06-16 13:37:58] << /teamcreate/v1/MultiGetUniversesActiveSessionMembers -> {"data":[{"id":9000000000048,"isEnabled":false},{"id":9000000000124,"isEnabled":false},{"id":9000000000020,"isEnabled":false},{"id":9000000000046,"isEnabled":false},{"id":9000000000098,"isEnabled":false},{"id":9000000000068,"isEnabled":false},{"id":9000000000016,"isEnabled":false},{"id":9000000000088,"isEnabled":false},{"id":9000000000064,"isEnabled":false},{"id":9000000000092,"isEnabled":false},{"id":9000000000096,"isEnabled":false},{"id":9000000000080,"isEnabled":false},{"id":9000000000018,"isEnabled":false},{"id":9000000000040,"isEnabled":false},{"id":9000000000030,"isEnabled":false},{"id":9000000000070,"isEnabled":false},{"id":9000000000034,"isEnabled":false},{"id":9000000000002,"isEnabled":false},{"id":9000000000026,"isEnabled":false},{"id":9000000000052,"isEnabled":false},{"id":9000000000022,"isEnabled":false},{"id":9000000000050,"isEnabled":false},{"id":9000000000062,"isEnabled":false},{"id":9000000000044,"isEnabled":false}]}
[2026-06-16 13:37:58] >> GET /v1/universes/multiget/teamcreate?ids=9000000000048&ids=9000000000124&ids=9000000000020&ids=9000000000046&ids=9000000000098&ids=9000000000068&ids=9000000000016&ids=9000000000088&ids=9000000000064&ids=9000000000092&ids=9000000000096&ids=9000000000080&ids=9000000000018&ids=9000000000040&ids=9000000000030&ids=9000000000070&ids=9000000000034&ids=9000000000002&ids=9000000000026&ids=9000000000052&ids=9000000000022&ids=9000000000050&ids=9000000000062&ids=9000000000044&
[2026-06-16 13:37:58] TeamCreate stub (disabled): GET /v1/universes/multiget/teamcreate
[2026-06-16 13:37:58] << /v1/universes/multiget/teamcreate -> {"data":[{"id":9000000000048,"isEnabled":false},{"id":9000000000124,"isEnabled":false},{"id":9000000000020,"isEnabled":false},{"id":9000000000046,"isEnabled":false},{"id":9000000000098,"isEnabled":false},{"id":9000000000068,"isEnabled":false},{"id":9000000000016,"isEnabled":false},{"id":9000000000088,"isEnabled":false},{"id":9000000000064,"isEnabled":false},{"id":9000000000092,"isEnabled":false},{"id":9000000000096,"isEnabled":false},{"id":9000000000080,"isEnabled":false},{"id":9000000000018,"isEnabled":false},{"id":9000000000040,"isEnabled":false},{"id":9000000000030,"isEnabled":false},{"id":9000000000070,"isEnabled":false},{"id":9000000000034,"isEnabled":false},{"id":9000000000002,"isEnabled":false},{"id":9000000000026,"isEnabled":false},{"id":9000000000052,"isEnabled":false},{"id":9000000000022,"isEnabled":false},{"id":9000000000050,"isEnabled":false},{"id":9000000000062,"isEnabled":false},{"id":9000000000044,"isEnabled":false}]}
[2026-06-16 13:37:58] >> GET /content-safety/v1/places/9000000000049/safety-status
[2026-06-16 13:37:58] << /content-safety/v1/places/9000000000049/safety-status -> {"isSequestered":false,"moderationStatus":"Approved"}
[2026-06-16 13:37:58] >> GET /content-safety/v1/places/9000000000125/safety-status
[2026-06-16 13:37:58] << /content-safety/v1/places/9000000000125/safety-status -> {"isSequestered":false,"moderationStatus":"Approved"}
[2026-06-16 13:37:59] >> GET /content-safety/v1/places/9000000000021/safety-status
[2026-06-16 13:37:59] << /content-safety/v1/places/9000000000021/safety-status -> {"isSequestered":false,"moderationStatus":"Approved"}
[2026-06-16 13:37:59] >> GET /content-safety/v1/places/9000000000047/safety-status
[2026-06-16 13:37:59] << /content-safety/v1/places/9000000000047/safety-status -> {"isSequestered":false,"moderationStatus":"Approved"}
[2026-06-16 13:37:59] >> GET /content-safety/v1/places/9000000000099/safety-status
[2026-06-16 13:37:59] << /content-safety/v1/places/9000000000099/safety-status -> {"isSequestered":false,"moderationStatus":"Approved"}
[2026-06-16 13:37:59] >> GET /content-safety/v1/places/9000000000069/safety-status
[2026-06-16 13:37:59] << /content-safety/v1/places/9000000000069/safety-status -> {"isSequestered":false,"moderationStatus":"Approved"}
[2026-06-16 13:37:59] >> GET /content-safety/v1/places/9000000000017/safety-status
[2026-06-16 13:37:59] << /content-safety/v1/places/9000000000017/safety-status -> {"isSequestered":false,"moderationStatus":"Approved"}
[2026-06-16 13:38:00] >> GET /content-safety/v1/places/9000000000089/safety-status
[2026-06-16 13:38:00] << /content-safety/v1/places/9000000000089/safety-status -> {"isSequestered":false,"moderationStatus":"Approved"}
[2026-06-16 13:38:00] >> GET /content-safety/v1/places/9000000000065/safety-status
[2026-06-16 13:38:00] << /content-safety/v1/places/9000000000065/safety-status -> {"isSequestered":false,"moderationStatus":"Approved"}
[2026-06-16 13:38:00] >> GET /content-safety/v1/places/9000000000093/safety-status
[2026-06-16 13:38:00] << /content-safety/v1/places/9000000000093/safety-status -> {"isSequestered":false,"moderationStatus":"Approved"}
[2026-06-16 13:38:00] >> GET /content-safety/v1/places/9000000000097/safety-status
[2026-06-16 13:38:00] << /content-safety/v1/places/9000000000097/safety-status -> {"isSequestered":false,"moderationStatus":"Approved"}
[2026-06-16 13:38:00] >> GET /content-safety/v1/places/9000000000081/safety-status
[2026-06-16 13:38:00] << /content-safety/v1/places/9000000000081/safety-status -> {"isSequestered":false,"moderationStatus":"Approved"}
[2026-06-16 13:38:01] >> GET /content-safety/v1/places/9000000000019/safety-status
[2026-06-16 13:38:01] << /content-safety/v1/places/9000000000019/safety-status -> {"isSequestered":false,"moderationStatus":"Approved"}
[2026-06-16 13:38:01] >> GET /content-safety/v1/places/9000000000041/safety-status
[2026-06-16 13:38:01] << /content-safety/v1/places/9000000000041/safety-status -> {"isSequestered":false,"moderationStatus":"Approved"}
[2026-06-16 13:38:01] >> GET /content-safety/v1/places/9000000000031/safety-status
[2026-06-16 13:38:01] << /content-safety/v1/places/9000000000031/safety-status -> {"isSequestered":false,"moderationStatus":"Approved"}
[2026-06-16 13:38:01] >> GET /content-safety/v1/places/9000000000071/safety-status
[2026-06-16 13:38:01] << /content-safety/v1/places/9000000000071/safety-status -> {"isSequestered":false,"moderationStatus":"Approved"}
[2026-06-16 13:38:02] >> GET /content-safety/v1/places/9000000000035/safety-status
[2026-06-16 13:38:02] << /content-safety/v1/places/9000000000035/safety-status -> {"isSequestered":false,"moderationStatus":"Approved"}
[2026-06-16 13:38:02] >> GET /content-safety/v1/places/9000000000003/safety-status
[2026-06-16 13:38:02] << /content-safety/v1/places/9000000000003/safety-status -> {"isSequestered":false,"moderationStatus":"Approved"}
[2026-06-16 13:38:02] >> GET /content-safety/v1/places/9000000000027/safety-status
[2026-06-16 13:38:02] << /content-safety/v1/places/9000000000027/safety-status -> {"isSequestered":false,"moderationStatus":"Approved"}
[2026-06-16 13:38:02] >> GET /content-safety/v1/places/9000000000053/safety-status
[2026-06-16 13:38:02] << /content-safety/v1/places/9000000000053/safety-status -> {"isSequestered":false,"moderationStatus":"Approved"}
[2026-06-16 13:38:02] >> GET /content-safety/v1/places/9000000000023/safety-status
[2026-06-16 13:38:02] << /content-safety/v1/places/9000000000023/safety-status -> {"isSequestered":false,"moderationStatus":"Approved"}
[2026-06-16 13:38:02] >> GET /userhub/?id=
[2026-06-16 13:38:02] 404 GET /userhub/
[2026-06-16 13:38:02] << /userhub/ -> {"errors":[{"code":"NotFound","message":"Not found"}]}
[2026-06-16 13:38:03] >> GET /content-safety/v1/places/9000000000051/safety-status
[2026-06-16 13:38:03] << /content-safety/v1/places/9000000000051/safety-status -> {"isSequestered":false,"moderationStatus":"Approved"}
[2026-06-16 13:38:03] >> GET /content-safety/v1/places/9000000000063/safety-status
[2026-06-16 13:38:03] << /content-safety/v1/places/9000000000063/safety-status -> {"isSequestered":false,"moderationStatus":"Approved"}
[2026-06-16 13:38:03] >> GET /content-safety/v1/places/9000000000045/safety-status
[2026-06-16 13:38:03] << /content-safety/v1/places/9000000000045/safety-status -> {"isSequestered":false,"moderationStatus":"Approved"}
[2026-06-16 13:38:03] >> GET /Thumbs/gameicon.ashx?id=28220420
[2026-06-16 13:38:03] >> GET /v2/universes/9000000000002/places?limit=50&SortOrder=Asc
[2026-06-16 13:38:03] << /v2/universes/9000000000002/places -> {"previousPageCursor":null,"nextPageCursor":null,"data":[{"maxPlayerCount":null,"socialSlotType":null,"customSocialSlotsCount":null,"allowCopying":null,"currentSavedVersion":1,"isAllGenresAllowed":null,"allowedGearTypes":null,"maxPlayersAllowed":0,"created":"2022-01-01T00:00:00.000Z","updated":"2022-01-01T00:00:00.000Z","id":9000000000003,"universeId":9000000000002,"name":"Theme park tycoon 2","description":"","isRootPlace":true}]}
[2026-06-16 13:38:04] >> GET /v2/universes/9000000000014/places?limit=50&SortOrder=Asc
[2026-06-16 13:38:04] << /v2/universes/9000000000014/places -> {"previousPageCursor":null,"nextPageCursor":null,"data":[{"maxPlayerCount":null,"socialSlotType":null,"customSocialSlotsCount":null,"allowCopying":null,"currentSavedVersion":1,"isAllGenresAllowed":null,"allowedGearTypes":null,"maxPlayersAllowed":0,"created":"2022-01-01T00:00:00.000Z","updated":"2022-01-01T00:00:00.000Z","id":9000000000015,"universeId":9000000000014,"name":"Doomspire Brickbattle","description":"","isRootPlace":true}]}
[2026-06-16 13:38:04] >> GET /v2/universes/9000000000016/places?limit=50&SortOrder=Asc
[2026-06-16 13:38:04] << /v2/universes/9000000000016/places -> {"previousPageCursor":null,"nextPageCursor":null,"data":[{"maxPlayerCount":null,"socialSlotType":null,"customSocialSlotsCount":null,"allowCopying":null,"currentSavedVersion":1,"isAllGenresAllowed":null,"allowedGearTypes":null,"maxPlayersAllowed":0,"created":"2022-01-01T00:00:00.000Z","updated":"2022-01-01T00:00:00.000Z","id":9000000000017,"universeId":9000000000016,"name":"Prison Life V2.0","description":"","isRootPlace":true}]}
[2026-06-16 13:38:04] >> GET /v2/universes/9000000000018/places?limit=50&SortOrder=Asc
[2026-06-16 13:38:04] << /v2/universes/9000000000018/places -> {"previousPageCursor":null,"nextPageCursor":null,"data":[{"maxPlayerCount":null,"socialSlotType":null,"customSocialSlotsCount":null,"allowCopying":null,"currentSavedVersion":1,"isAllGenresAllowed":null,"allowedGearTypes":null,"maxPlayersAllowed":0,"created":"2022-01-01T00:00:00.000Z","updated":"2022-01-01T00:00:00.000Z","id":9000000000019,"universeId":9000000000018,"name":"Natural Disaster Survival","description":"","isRootPlace":true}]}
[2026-06-16 13:38:04] >> GET /v2/universes/9000000000020/places?limit=50&SortOrder=Asc
[2026-06-16 13:38:04] << /v2/universes/9000000000020/places -> {"previousPageCursor":null,"nextPageCursor":null,"data":[{"maxPlayerCount":null,"socialSlotType":null,"customSocialSlotsCount":null,"allowCopying":null,"currentSavedVersion":1,"isAllGenresAllowed":null,"allowedGearTypes":null,"maxPlayersAllowed":0,"created":"2022-01-01T00:00:00.000Z","updated":"2022-01-01T00:00:00.000Z","id":9000000000021,"universeId":9000000000020,"name":"Flood Escape 1.6.5","description":"","isRootPlace":true}]}
[2026-06-16 13:38:04] >> GET /v2/universes/9000000000022/places?limit=50&SortOrder=Asc
[2026-06-16 13:38:04] << /v2/universes/9000000000022/places -> {"previousPageCursor":null,"nextPageCursor":null,"data":[{"maxPlayerCount":null,"socialSlotType":null,"customSocialSlotsCount":null,"allowCopying":null,"currentSavedVersion":1,"isAllGenresAllowed":null,"allowedGearTypes":null,"maxPlayersAllowed":0,"created":"2022-01-01T00:00:00.000Z","updated":"2022-01-01T00:00:00.000Z","id":9000000000023,"universeId":9000000000022,"name":"Robot 64","description":"","isRootPlace":true}]}
[2026-06-16 13:38:05] >> GET /v2/universes/9000000000024/places?limit=50&SortOrder=Asc
[2026-06-16 13:38:05] << /v2/universes/9000000000024/places -> {"previousPageCursor":null,"nextPageCursor":null,"data":[{"maxPlayerCount":null,"socialSlotType":null,"customSocialSlotsCount":null,"allowCopying":null,"currentSavedVersion":1,"isAllGenresAllowed":null,"allowedGearTypes":null,"maxPlayersAllowed":0,"created":"2022-01-01T00:00:00.000Z","updated":"2022-01-01T00:00:00.000Z","id":9000000000025,"universeId":9000000000024,"name":"The Streets","description":"","isRootPlace":true}]}
[2026-06-16 13:38:05] >> GET /v2/universes/9000000000026/places?limit=50&SortOrder=Asc
[2026-06-16 13:38:05] << /v2/universes/9000000000026/places -> {"previousPageCursor":null,"nextPageCursor":null,"data":[{"maxPlayerCount":null,"socialSlotType":null,"customSocialSlotsCount":null,"allowCopying":null,"currentSavedVersion":1,"isAllGenresAllowed":null,"allowedGearTypes":null,"maxPlayersAllowed":0,"created":"2022-01-01T00:00:00.000Z","updated":"2022-01-01T00:00:00.000Z","id":9000000000027,"universeId":9000000000026,"name":"Jailbreak","description":"","isRootPlace":true}]}
[2026-06-16 13:38:05] >> GET /v2/universes/9000000000028/places?limit=50&SortOrder=Asc
[2026-06-16 13:38:05] << /v2/universes/9000000000028/places -> {"previousPageCursor":null,"nextPageCursor":null,"data":[{"maxPlayerCount":null,"socialSlotType":null,"customSocialSlotsCount":null,"allowCopying":null,"currentSavedVersion":1,"isAllGenresAllowed":null,"allowedGearTypes":null,"maxPlayersAllowed":0,"created":"2022-01-01T00:00:00.000Z","updated":"2022-01-01T00:00:00.000Z","id":9000000000029,"universeId":9000000000028,"name":"The Normal Elevator","description":"","isRootPlace":true}]}
[2026-06-16 13:38:05] >> GET /v2/universes/9000000000030/places?limit=50&SortOrder=Asc
[2026-06-16 13:38:05] << /v2/universes/9000000000030/places -> {"previousPageCursor":null,"nextPageCursor":null,"data":[{"maxPlayerCount":null,"socialSlotType":null,"customSocialSlotsCount":null,"allowCopying":null,"currentSavedVersion":1,"isAllGenresAllowed":null,"allowedGearTypes":null,"maxPlayersAllowed":0,"created":"2022-01-01T00:00:00.000Z","updated":"2022-01-01T00:00:00.000Z","id":9000000000031,"universeId":9000000000030,"name":"Twisted Murderer","description":"","isRootPlace":true}]}
[2026-06-16 13:38:06] >> GET /v2/universes/9000000000032/places?limit=50&SortOrder=Asc
[2026-06-16 13:38:06] << /v2/universes/9000000000032/places -> {"previousPageCursor":null,"nextPageCursor":null,"data":[{"maxPlayerCount":null,"socialSlotType":null,"customSocialSlotsCount":null,"allowCopying":null,"currentSavedVersion":1,"isAllGenresAllowed":null,"allowedGearTypes":null,"maxPlayersAllowed":0,"created":"2022-01-01T00:00:00.000Z","updated":"2022-01-01T00:00:00.000Z","id":9000000000033,"universeId":9000000000032,"name":"MM2","description":"","isRootPlace":true}]}
[2026-06-16 13:38:06] >> GET /v2/universes/9000000000034/places?limit=50&SortOrder=Asc
[2026-06-16 13:38:06] << /v2/universes/9000000000034/places -> {"previousPageCursor":null,"nextPageCursor":null,"data":[{"maxPlayerCount":null,"socialSlotType":null,"customSocialSlotsCount":null,"allowCopying":null,"currentSavedVersion":1,"isAllGenresAllowed":null,"allowedGearTypes":null,"maxPlayersAllowed":0,"created":"2022-01-01T00:00:00.000Z","updated":"2022-01-01T00:00:00.000Z","id":9000000000035,"universeId":9000000000034,"name":"Assassin","description":"","isRootPlace":true}]}
[2026-06-16 13:38:06] >> GET /v2/universes/9000000000036/places?limit=50&SortOrder=Asc
[2026-06-16 13:38:06] << /v2/universes/9000000000036/places -> {"previousPageCursor":null,"nextPageCursor":null,"data":[{"maxPlayerCount":null,"socialSlotType":null,"customSocialSlotsCount":null,"allowCopying":null,"currentSavedVersion":1,"isAllGenresAllowed":null,"allowedGearTypes":null,"maxPlayersAllowed":0,"created":"2022-01-01T00:00:00.000Z","updated":"2022-01-01T00:00:00.000Z","id":9000000000037,"universeId":9000000000036,"name":"Booga Booga","description":"","isRootPlace":true}]}
[2026-06-16 13:38:06] >> GET /v2/universes/9000000000038/places?limit=50&SortOrder=Asc
[2026-06-16 13:38:06] << /v2/universes/9000000000038/places -> {"previousPageCursor":null,"nextPageCursor":null,"data":[{"maxPlayerCount":null,"socialSlotType":null,"customSocialSlotsCount":null,"allowCopying":null,"currentSavedVersion":1,"isAllGenresAllowed":null,"allowedGearTypes":null,"maxPlayersAllowed":0,"created":"2022-01-01T00:00:00.000Z","updated":"2022-01-01T00:00:00.000Z","id":9000000000039,"universeId":9000000000038,"name":"Lumber Tycoon 2","description":"","isRootPlace":true}]}
[2026-06-16 13:38:06] >> GET /v2/universes/9000000000040/places?limit=50&SortOrder=Asc
[2026-06-16 13:38:06] << /v2/universes/9000000000040/places -> {"previousPageCursor":null,"nextPageCursor":null,"data":[{"maxPlayerCount":null,"socialSlotType":null,"customSocialSlotsCount":null,"allowCopying":null,"currentSavedVersion":1,"isAllGenresAllowed":null,"allowedGearTypes":null,"maxPlayersAllowed":0,"created":"2022-01-01T00:00:00.000Z","updated":"2022-01-01T00:00:00.000Z","id":9000000000041,"universeId":9000000000040,"name":"Epic Minigames","description":"","isRootPlace":true}]}
[2026-06-16 13:38:07] >> GET /v2/universes/9000000000042/places?limit=50&SortOrder=Asc
[2026-06-16 13:38:07] << /v2/universes/9000000000042/places -> {"previousPageCursor":null,"nextPageCursor":null,"data":[{"maxPlayerCount":null,"socialSlotType":null,"customSocialSlotsCount":null,"allowCopying":null,"currentSavedVersion":1,"isAllGenresAllowed":null,"allowedGearTypes":null,"maxPlayersAllowed":0,"created":"2022-01-01T00:00:00.000Z","updated":"2022-01-01T00:00:00.000Z","id":9000000000043,"universeId":9000000000042,"name":"Mad Games","description":"","isRootPlace":true}]}
[2026-06-16 13:38:07] >> GET /v2/universes/9000000000044/places?limit=50&SortOrder=Asc
[2026-06-16 13:38:07] << /v2/universes/9000000000044/places -> {"previousPageCursor":null,"nextPageCursor":null,"data":[{"maxPlayerCount":null,"socialSlotType":null,"customSocialSlotsCount":null,"allowCopying":null,"currentSavedVersion":1,"isAllGenresAllowed":null,"allowedGearTypes":null,"maxPlayersAllowed":0,"created":"2022-01-01T00:00:00.000Z","updated":"2022-01-01T00:00:00.000Z","id":9000000000045,"universeId":9000000000044,"name":"Miners Haven","description":"","isRootPlace":true}]}
[2026-06-16 13:38:07] >> GET /v2/universes/9000000000046/places?limit=50&SortOrder=Asc
[2026-06-16 13:38:07] << /v2/universes/9000000000046/places -> {"previousPageCursor":null,"nextPageCursor":null,"data":[{"maxPlayerCount":null,"socialSlotType":null,"customSocialSlotsCount":null,"allowCopying":null,"currentSavedVersion":1,"isAllGenresAllowed":null,"allowedGearTypes":null,"maxPlayersAllowed":0,"created":"2022-01-01T00:00:00.000Z","updated":"2022-01-01T00:00:00.000Z","id":9000000000047,"universeId":9000000000046,"name":"Phantom Forces","description":"","isRootPlace":true}]}
[2026-06-16 13:38:07] >> GET /v2/universes/9000000000048/places?limit=50&SortOrder=Asc
[2026-06-16 13:38:07] << /v2/universes/9000000000048/places -> {"previousPageCursor":null,"nextPageCursor":null,"data":[{"maxPlayerCount":null,"socialSlotType":null,"customSocialSlotsCount":null,"allowCopying":null,"currentSavedVersion":1,"isAllGenresAllowed":null,"allowedGearTypes":null,"maxPlayersAllowed":0,"created":"2022-01-01T00:00:00.000Z","updated":"2022-01-01T00:00:00.000Z","id":9000000000049,"universeId":9000000000048,"name":"Pokemon Brick Bronze","description":"","isRootPlace":true}]}
[2026-06-16 13:38:07] >> GET /v2/universes/9000000000050/places?limit=50&SortOrder=Asc
[2026-06-16 13:38:07] << /v2/universes/9000000000050/places -> {"previousPageCursor":null,"nextPageCursor":null,"data":[{"maxPlayerCount":null,"socialSlotType":null,"customSocialSlotsCount":null,"allowCopying":null,"currentSavedVersion":1,"isAllGenresAllowed":null,"allowedGearTypes":null,"maxPlayersAllowed":0,"created":"2022-01-01T00:00:00.000Z","updated":"2022-01-01T00:00:00.000Z","id":9000000000051,"universeId":9000000000050,"name":"Polyguns","description":"","isRootPlace":true}]}
[2026-06-16 13:38:08] >> GET /v2/universes/9000000000052/places?limit=50&SortOrder=Asc
[2026-06-16 13:38:08] << /v2/universes/9000000000052/places -> {"previousPageCursor":null,"nextPageCursor":null,"data":[{"maxPlayerCount":null,"socialSlotType":null,"customSocialSlotsCount":null,"allowCopying":null,"currentSavedVersion":1,"isAllGenresAllowed":null,"allowedGearTypes":null,"maxPlayersAllowed":0,"created":"2022-01-01T00:00:00.000Z","updated":"2022-01-01T00:00:00.000Z","id":9000000000053,"universeId":9000000000052,"name":"Whatever Floats Your Boat","description":"","isRootPlace":true}]}
[2026-06-16 13:38:08] >> GET /v2/universes/9000000000054/places?limit=50&SortOrder=Asc
[2026-06-16 13:38:08] << /v2/universes/9000000000054/places -> {"previousPageCursor":null,"nextPageCursor":null,"data":[{"maxPlayerCount":null,"socialSlotType":null,"customSocialSlotsCount":null,"allowCopying":null,"currentSavedVersion":1,"isAllGenresAllowed":null,"allowedGearTypes":null,"maxPlayersAllowed":0,"created":"2022-01-01T00:00:00.000Z","updated":"2022-01-01T00:00:00.000Z","id":9000000000055,"universeId":9000000000054,"name":"Redwood Prison","description":"","isRootPlace":true}]}
[2026-06-16 13:38:08] >> GET /v2/universes/9000000000056/places?limit=50&SortOrder=Asc
[2026-06-16 13:38:08] << /v2/universes/9000000000056/places -> {"previousPageCursor":null,"nextPageCursor":null,"data":[{"maxPlayerCount":null,"socialSlotType":null,"customSocialSlotsCount":null,"allowCopying":null,"currentSavedVersion":1,"isAllGenresAllowed":null,"allowedGearTypes":null,"maxPlayersAllowed":0,"created":"2022-01-01T00:00:00.000Z","updated":"2022-01-01T00:00:00.000Z","id":9000000000057,"universeId":9000000000056,"name":"Apocalypse Rising","description":"","isRootPlace":true}]}
[2026-06-16 13:38:08] >> GET /v2/universes/9000000000058/places?limit=50&SortOrder=Asc
[2026-06-16 13:38:08] << /v2/universes/9000000000058/places -> {"previousPageCursor":null,"nextPageCursor":null,"data":[{"maxPlayerCount":null,"socialSlotType":null,"customSocialSlotsCount":null,"allowCopying":null,"currentSavedVersion":1,"isAllGenresAllowed":null,"allowedGearTypes":null,"maxPlayersAllowed":0,"created":"2022-01-01T00:00:00.000Z","updated":"2022-01-01T00:00:00.000Z","id":9000000000059,"universeId":9000000000058,"name":"Parkour","description":"","isRootPlace":true}]}
[2026-06-16 13:38:09] >> GET /v2/universes/9000000000060/places?limit=50&SortOrder=Asc
[2026-06-16 13:38:09] << /v2/universes/9000000000060/places -> {"previousPageCursor":null,"nextPageCursor":null,"data":[{"maxPlayerCount":null,"socialSlotType":null,"customSocialSlotsCount":null,"allowCopying":null,"currentSavedVersion":1,"isAllGenresAllowed":null,"allowedGearTypes":null,"maxPlayersAllowed":0,"created":"2022-01-01T00:00:00.000Z","updated":"2022-01-01T00:00:00.000Z","id":9000000000061,"universeId":9000000000060,"name":"SPTS","description":"","isRootPlace":true}]}
[2026-06-16 13:38:09] >> GET /v2/universes/9000000000062/places?limit=50&SortOrder=Asc
[2026-06-16 13:38:09] << /v2/universes/9000000000062/places -> {"previousPageCursor":null,"nextPageCursor":null,"data":[{"maxPlayerCount":null,"socialSlotType":null,"customSocialSlotsCount":null,"allowCopying":null,"currentSavedVersion":1,"isAllGenresAllowed":null,"allowedGearTypes":null,"maxPlayersAllowed":0,"created":"2022-01-01T00:00:00.000Z","updated":"2022-01-01T00:00:00.000Z","id":9000000000063,"universeId":9000000000062,"name":"Build a boat for treasure","description":"","isRootPlace":true}]}
[2026-06-16 13:38:09] >> GET /v2/universes/9000000000064/places?limit=50&SortOrder=Asc
[2026-06-16 13:38:09] << /v2/universes/9000000000064/places -> {"previousPageCursor":null,"nextPageCursor":null,"data":[{"maxPlayerCount":null,"socialSlotType":null,"customSocialSlotsCount":null,"allowCopying":null,"currentSavedVersion":1,"isAllGenresAllowed":null,"allowedGearTypes":null,"maxPlayersAllowed":0,"created":"2022-01-01T00:00:00.000Z","updated":"2022-01-01T00:00:00.000Z","id":9000000000065,"universeId":9000000000064,"name":"New MM2","description":"","isRootPlace":true}]}
[2026-06-16 13:38:09] >> GET /v2/universes/9000000000066/places?limit=50&SortOrder=Asc
[2026-06-16 13:38:09] << /v2/universes/9000000000066/places -> {"previousPageCursor":null,"nextPageCursor":null,"data":[{"maxPlayerCount":null,"socialSlotType":null,"customSocialSlotsCount":null,"allowCopying":null,"currentSavedVersion":1,"isAllGenresAllowed":null,"allowedGearTypes":null,"maxPlayersAllowed":0,"created":"2022-01-01T00:00:00.000Z","updated":"2022-01-01T00:00:00.000Z","id":9000000000067,"universeId":9000000000066,"name":"Roblox High School","description":"","isRootPlace":true}]}
[2026-06-16 13:38:09] >> GET /v2/universes/9000000000068/places?limit=50&SortOrder=Asc
[2026-06-16 13:38:09] << /v2/universes/9000000000068/places -> {"previousPageCursor":null,"nextPageCursor":null,"data":[{"maxPlayerCount":null,"socialSlotType":null,"customSocialSlotsCount":null,"allowCopying":null,"currentSavedVersion":1,"isAllGenresAllowed":null,"allowedGearTypes":null,"maxPlayersAllowed":0,"created":"2022-01-01T00:00:00.000Z","updated":"2022-01-01T00:00:00.000Z","id":9000000000069,"universeId":9000000000068,"name":"Weight Lifting Simulator 2","description":"","isRootPlace":true}]}
[2026-06-16 13:38:10] >> GET /v2/universes/9000000000070/places?limit=50&SortOrder=Asc
[2026-06-16 13:38:10] << /v2/universes/9000000000070/places -> {"previousPageCursor":null,"nextPageCursor":null,"data":[{"maxPlayerCount":null,"socialSlotType":null,"customSocialSlotsCount":null,"allowCopying":null,"currentSavedVersion":1,"isAllGenresAllowed":null,"allowedGearTypes":null,"maxPlayersAllowed":0,"created":"2022-01-01T00:00:00.000Z","updated":"2022-01-01T00:00:00.000Z","id":9000000000071,"universeId":9000000000070,"name":"Speed run 4","description":"","isRootPlace":true}]}
[2026-06-16 13:38:10] >> GET /v2/universes/9000000000080/places?limit=50&SortOrder=Asc
[2026-06-16 13:38:10] << /v2/universes/9000000000080/places -> {"previousPageCursor":null,"nextPageCursor":null,"data":[{"maxPlayerCount":null,"socialSlotType":null,"customSocialSlotsCount":null,"allowCopying":null,"currentSavedVersion":1,"isAllGenresAllowed":null,"allowedGearTypes":null,"maxPlayersAllowed":0,"created":"2022-01-01T00:00:00.000Z","updated":"2022-01-01T00:00:00.000Z","id":9000000000081,"universeId":9000000000080,"name":"Work at a pizza place","description":"","isRootPlace":true}]}
[2026-06-16 13:38:10] >> GET /v2/universes/9000000000088/places?limit=50&SortOrder=Asc
[2026-06-16 13:38:10] >> POST /experience-guidelines-service/v1beta1/multi-age-recommendation
[2026-06-16 13:38:10] << /v2/universes/9000000000088/places -> {"previousPageCursor":null,"nextPageCursor":null,"data":[{"maxPlayerCount":null,"socialSlotType":null,"customSocialSlotsCount":null,"allowCopying":null,"currentSavedVersion":1,"isAllGenresAllowed":null,"allowedGearTypes":null,"maxPlayersAllowed":0,"created":"2022-01-01T00:00:00.000Z","updated":"2022-01-01T00:00:00.000Z","id":9000000000089,"universeId":9000000000088,"name":"Muffin Kombat","description":"","isRootPlace":true}]}
[2026-06-16 13:38:10] >> GET /v2/universes/9000000000092/places?limit=50&SortOrder=Asc
[2026-06-16 13:38:10] >> GET /v2/universes/9000000000096/places?limit=50&SortOrder=Asc
[2026-06-16 13:38:10] >> GET /v2/universes/9000000000098/places?limit=50&SortOrder=Asc
[2026-06-16 13:38:10] >> GET /v2/universes/9000000000124/places?limit=50&SortOrder=Asc
[2026-06-16 13:38:10] >> GET //v1/games/icons?universeIds=9000000000002,9000000000014,9000000000016,9000000000018,9000000000020,9000000000022,9000000000024,9000000000026,9000000000028,9000000000030,9000000000032,9000000000034,9000000000036,9000000000038,9000000000040,9000000000042,9000000000044,9000000000046,9000000000048,9000000000050,9000000000052,9000000000054,9000000000056,9000000000058,9000000000060,9000000000062,9000000000064,9000000000066,9000000000068,9000000000070,9000000000080,9000000000088,9000000000092,9000000000096,9000000000098,9000000000124&returnPolicy=Autogenerated&format=png&size=256x256
[2026-06-16 13:38:10] >> GET /teamcreate/v1/MultiGetUniversesActiveSessionMembers?maxUsers=10&ids=9000000000002&ids=9000000000014&ids=9000000000016&ids=9000000000018&ids=9000000000020&ids=9000000000022&ids=9000000000024&ids=9000000000026&ids=9000000000028&ids=9000000000030&ids=9000000000032&ids=9000000000034&ids=9000000000036&ids=9000000000038&ids=9000000000040&ids=9000000000042&ids=9000000000044&ids=9000000000046&ids=9000000000048&ids=9000000000050&ids=9000000000052&ids=9000000000054&ids=9000000000056&ids=9000000000058&ids=9000000000060&ids=9000000000062&ids=9000000000064&ids=9000000000066&ids=9000000000068&ids=9000000000070&ids=9000000000080&ids=9000000000088&ids=9000000000092&ids=9000000000096&ids=9000000000098&ids=9000000000124
[2026-06-16 13:38:10] >> GET /v1/universes/multiget/teamcreate?ids=9000000000002&ids=9000000000014&ids=9000000000016&ids=9000000000018&ids=9000000000020&ids=9000000000022&ids=9000000000024&ids=9000000000026&ids=9000000000028&ids=9000000000030&ids=9000000000032&ids=9000000000034&ids=9000000000036&ids=9000000000038&ids=9000000000040&ids=9000000000042&ids=9000000000044&ids=9000000000046&ids=9000000000048&ids=9000000000050&ids=9000000000052&ids=9000000000054&ids=9000000000056&ids=9000000000058&ids=9000000000060&ids=9000000000062&ids=9000000000064&ids=9000000000066&ids=9000000000068&ids=9000000000070&ids=9000000000080&ids=9000000000088&ids=9000000000092&ids=9000000000096&ids=9000000000098&ids=9000000000124&
[2026-06-16 13:38:10] >> POST /core-content/v1/universe-eligibility/batch
[2026-06-16 13:38:10] << /v2/universes/9000000000092/places -> {"previousPageCursor":null,"nextPageCursor":null,"data":[{"maxPlayerCount":null,"socialSlotType":null,"customSocialSlotsCount":null,"allowCopying":null,"currentSavedVersion":1,"isAllGenresAllowed":null,"allowedGearTypes":null,"maxPlayersAllowed":0,"created":"2022-01-01T00:00:00.000Z","updated":"2022-01-01T00:00:00.000Z","id":9000000000093,"universeId":9000000000092,"name":"Meepcity","description":"","isRootPlace":true}]}
[2026-06-16 13:38:10] << /v2/universes/9000000000096/places -> {"previousPageCursor":null,"nextPageCursor":null,"data":[{"maxPlayerCount":null,"socialSlotType":null,"customSocialSlotsCount":null,"allowCopying":null,"currentSavedVersion":1,"isAllGenresAllowed":null,"allowedGearTypes":null,"maxPlayersAllowed":0,"created":"2022-01-01T00:00:00.000Z","updated":"2022-01-01T00:00:00.000Z","id":9000000000097,"universeId":9000000000096,"name":"Tower of hell","description":"","isRootPlace":true}]}
[2026-06-16 13:38:10] << /v2/universes/9000000000098/places -> {"previousPageCursor":null,"nextPageCursor":null,"data":[{"maxPlayerCount":null,"socialSlotType":null,"customSocialSlotsCount":null,"allowCopying":null,"currentSavedVersion":1,"isAllGenresAllowed":null,"allowedGearTypes":null,"maxPlayersAllowed":0,"created":"2022-01-01T00:00:00.000Z","updated":"2022-01-01T00:00:00.000Z","id":9000000000099,"universeId":9000000000098,"name":"Youtube Tycoon","description":"","isRootPlace":true}]}
[2026-06-16 13:38:10] << /v2/universes/9000000000124/places -> {"previousPageCursor":null,"nextPageCursor":null,"data":[{"maxPlayerCount":null,"socialSlotType":null,"customSocialSlotsCount":null,"allowCopying":null,"currentSavedVersion":1,"isAllGenresAllowed":null,"allowedGearTypes":null,"maxPlayersAllowed":0,"created":"2022-01-01T00:00:00.000Z","updated":"2022-01-01T00:00:00.000Z","id":9000000000125,"universeId":9000000000124,"name":"testt","description":"","isRootPlace":true}]}
[2026-06-16 13:38:10] TeamCreate stub (disabled): GET /teamcreate/v1/MultiGetUniversesActiveSessionMembers
[2026-06-16 13:38:10] TeamCreate stub (disabled): GET /v1/universes/multiget/teamcreate
[2026-06-16 13:38:10] << /core-content/v1/universe-eligibility/batch -> {"eligibilityByCreator":[{"userId":"14463315","userIsEligible":true,"displayText":"Eligible","ineligibilityReason":"INELIGIBILITY_REASON_NONE"}]}
[2026-06-16 13:38:10] << /teamcreate/v1/MultiGetUniversesActiveSessionMembers -> {"data":[{"id":9000000000002,"isEnabled":false},{"id":9000000000014,"isEnabled":false},{"id":9000000000016,"isEnabled":false},{"id":9000000000018,"isEnabled":false},{"id":9000000000020,"isEnabled":false},{"id":9000000000022,"isEnabled":false},{"id":9000000000024,"isEnabled":false},{"id":9000000000026,"isEnabled":false},{"id":9000000000028,"isEnabled":false},{"id":9000000000030,"isEnabled":false},{"id":9000000000032,"isEnabled":false},{"id":9000000000034,"isEnabled":false},{"id":9000000000036,"isEnabled":false},{"id":9000000000038,"isEnabled":false},{"id":9000000000040,"isEnabled":false},{"id":9000000000042,"isEnabled":false},{"id":9000000000044,"isEnabled":false},{"id":9000000000046,"isEnabled":false},{"id":9000000000048,"isEnabled":false},{"id":9000000000050,"isEnabled":false},{"id":9000000000052,"isEnabled":false},{"id":9000000000054,"isEnabled":false},{"id":9000000000056,"isEnabled":false},{"id":9000000000058,"isEnabled":false},{"id":9000000000060
[2026-06-16 13:38:10] << /v1/universes/multiget/teamcreate -> {"data":[{"id":9000000000002,"isEnabled":false},{"id":9000000000014,"isEnabled":false},{"id":9000000000016,"isEnabled":false},{"id":9000000000018,"isEnabled":false},{"id":9000000000020,"isEnabled":false},{"id":9000000000022,"isEnabled":false},{"id":9000000000024,"isEnabled":false},{"id":9000000000026,"isEnabled":false},{"id":9000000000028,"isEnabled":false},{"id":9000000000030,"isEnabled":false},{"id":9000000000032,"isEnabled":false},{"id":9000000000034,"isEnabled":false},{"id":9000000000036,"isEnabled":false},{"id":9000000000038,"isEnabled":false},{"id":9000000000040,"isEnabled":false},{"id":9000000000042,"isEnabled":false},{"id":9000000000044,"isEnabled":false},{"id":9000000000046,"isEnabled":false},{"id":9000000000048,"isEnabled":false},{"id":9000000000050,"isEnabled":false},{"id":9000000000052,"isEnabled":false},{"id":9000000000054,"isEnabled":false},{"id":9000000000056,"isEnabled":false},{"id":9000000000058,"isEnabled":false},{"id":9000000000060,"isEnabled":false}
[2026-06-16 13:38:11] >> POST /experience-releases/v1beta1/experience_releases_api/multi_release_statuses
[2026-06-16 13:38:11] << /experience-releases/v1beta1/experience_releases_api/multi_release_statuses -> {"eligibilityByCreator":[{"userId":"14463315","userIsEligible":true,"displayText":"Eligible","ineligibilityReason":"INELIGIBILITY_REASON_NONE"}]}
[2026-06-16 13:38:11] >> GET /content-safety/v1/places/9000000000003/safety-status
[2026-06-16 13:38:11] << /content-safety/v1/places/9000000000003/safety-status -> {"isSequestered":false,"moderationStatus":"Approved"}
[2026-06-16 13:38:11] >> GET /content-safety/v1/places/9000000000015/safety-status
[2026-06-16 13:38:11] >> GET /content-safety/v1/places/9000000000017/safety-status
[2026-06-16 13:38:11] << /content-safety/v1/places/9000000000015/safety-status -> {"isSequestered":false,"moderationStatus":"Approved"}
[2026-06-16 13:38:11] >> GET /content-safety/v1/places/9000000000019/safety-status
[2026-06-16 13:38:11] << /content-safety/v1/places/9000000000017/safety-status -> {"isSequestered":false,"moderationStatus":"Approved"}
[2026-06-16 13:38:11] << /content-safety/v1/places/9000000000019/safety-status -> {"isSequestered":false,"moderationStatus":"Approved"}
[2026-06-16 13:38:11] >> GET /content-safety/v1/places/9000000000021/safety-status
[2026-06-16 13:38:11] >> GET /content-safety/v1/places/9000000000023/safety-status
[2026-06-16 13:38:11] << /content-safety/v1/places/9000000000021/safety-status -> {"isSequestered":false,"moderationStatus":"Approved"}
[2026-06-16 13:38:11] << /content-safety/v1/places/9000000000023/safety-status -> {"isSequestered":false,"moderationStatus":"Approved"}
[2026-06-16 13:38:11] >> GET /content-safety/v1/places/9000000000025/safety-status
[2026-06-16 13:38:11] >> GET /content-safety/v1/places/9000000000027/safety-status
[2026-06-16 13:38:11] >> GET /content-safety/v1/places/9000000000029/safety-status
[2026-06-16 13:38:11] << /content-safety/v1/places/9000000000025/safety-status -> {"isSequestered":false,"moderationStatus":"Approved"}
[2026-06-16 13:38:11] << /content-safety/v1/places/9000000000027/safety-status -> {"isSequestered":false,"moderationStatus":"Approved"}
[2026-06-16 13:38:11] >> GET /content-safety/v1/places/9000000000031/safety-status
[2026-06-16 13:38:11] << /content-safety/v1/places/9000000000029/safety-status -> {"isSequestered":false,"moderationStatus":"Approved"}
[2026-06-16 13:38:11] >> GET /content-safety/v1/places/9000000000033/safety-status
[2026-06-16 13:38:11] >> GET /content-safety/v1/places/9000000000035/safety-status
[2026-06-16 13:38:11] << /content-safety/v1/places/9000000000031/safety-status -> {"isSequestered":false,"moderationStatus":"Approved"}
[2026-06-16 13:38:11] << /content-safety/v1/places/9000000000033/safety-status -> {"isSequestered":false,"moderationStatus":"Approved"}
[2026-06-16 13:38:11] >> GET /content-safety/v1/places/9000000000037/safety-status
[2026-06-16 13:38:11] << /content-safety/v1/places/9000000000035/safety-status -> {"isSequestered":false,"moderationStatus":"Approved"}
[2026-06-16 13:38:11] << /content-safety/v1/places/9000000000037/safety-status -> {"isSequestered":false,"moderationStatus":"Approved"}
[2026-06-16 13:38:11] >> GET /content-safety/v1/places/9000000000039/safety-status
[2026-06-16 13:38:11] >> GET /content-safety/v1/places/9000000000041/safety-status
[2026-06-16 13:38:11] >> GET /content-safety/v1/places/9000000000043/safety-status
[2026-06-16 13:38:11] << /content-safety/v1/places/9000000000039/safety-status -> {"isSequestered":false,"moderationStatus":"Approved"}
[2026-06-16 13:38:11] << /content-safety/v1/places/9000000000041/safety-status -> {"isSequestered":false,"moderationStatus":"Approved"}
[2026-06-16 13:38:11] >> GET /content-safety/v1/places/9000000000045/safety-status
[2026-06-16 13:38:11] << /content-safety/v1/places/9000000000043/safety-status -> {"isSequestered":false,"moderationStatus":"Approved"}
[2026-06-16 13:38:11] << /content-safety/v1/places/9000000000045/safety-status -> {"isSequestered":false,"moderationStatus":"Approved"}
[2026-06-16 13:38:11] >> GET /content-safety/v1/places/9000000000047/safety-status
[2026-06-16 13:38:11] >> GET /content-safety/v1/places/9000000000049/safety-status
[2026-06-16 13:38:11] >> GET /content-safety/v1/places/9000000000051/safety-status
[2026-06-16 13:38:11] << /content-safety/v1/places/9000000000047/safety-status -> {"isSequestered":false,"moderationStatus":"Approved"}
[2026-06-16 13:38:11] << /content-safety/v1/places/9000000000049/safety-status -> {"isSequestered":false,"moderationStatus":"Approved"}
[2026-06-16 13:38:11] << /content-safety/v1/places/9000000000051/safety-status -> {"isSequestered":false,"moderationStatus":"Approved"}
[2026-06-16 13:38:11] >> GET /content-safety/v1/places/9000000000053/safety-status
[2026-06-16 13:38:11] >> GET /content-safety/v1/places/9000000000055/safety-status
[2026-06-16 13:38:11] << /content-safety/v1/places/9000000000053/safety-status -> {"isSequestered":false,"moderationStatus":"Approved"}
[2026-06-16 13:38:11] >> GET /content-safety/v1/places/9000000000057/safety-status
[2026-06-16 13:38:11] << /content-safety/v1/places/9000000000055/safety-status -> {"isSequestered":false,"moderationStatus":"Approved"}
[2026-06-16 13:38:11] >> GET /content-safety/v1/places/9000000000059/safety-status
[2026-06-16 13:38:11] << /content-safety/v1/places/9000000000057/safety-status -> {"isSequestered":false,"moderationStatus":"Approved"}
[2026-06-16 13:38:11] >> GET /content-safety/v1/places/9000000000061/safety-status
[2026-06-16 13:38:11] << /content-safety/v1/places/9000000000061/safety-status -> {"isSequestered":false,"moderationStatus":"Approved"}
[2026-06-16 13:38:11] >> GET /content-safety/v1/places/9000000000063/safety-status
[2026-06-16 13:38:11] << /content-safety/v1/places/9000000000059/safety-status -> {"isSequestered":false,"moderationStatus":"Approved"}
[2026-06-16 13:38:11] >> GET /content-safety/v1/places/9000000000065/safety-status
[2026-06-16 13:38:11] << /content-safety/v1/places/9000000000063/safety-status -> {"isSequestered":false,"moderationStatus":"Approved"}
[2026-06-16 13:38:11] << /content-safety/v1/places/9000000000065/safety-status -> {"isSequestered":false,"moderationStatus":"Approved"}
[2026-06-16 13:38:11] >> GET /content-safety/v1/places/9000000000067/safety-status
[2026-06-16 13:38:11] >> GET /content-safety/v1/places/9000000000069/safety-status
[2026-06-16 13:38:11] << /content-safety/v1/places/9000000000067/safety-status -> {"isSequestered":false,"moderationStatus":"Approved"}
[2026-06-16 13:38:11] >> GET /content-safety/v1/places/9000000000071/safety-status
[2026-06-16 13:38:11] << /content-safety/v1/places/9000000000069/safety-status -> {"isSequestered":false,"moderationStatus":"Approved"}
[2026-06-16 13:38:11] << /content-safety/v1/places/9000000000071/safety-status -> {"isSequestered":false,"moderationStatus":"Approved"}
[2026-06-16 13:38:11] >> GET /content-safety/v1/places/9000000000081/safety-status
[2026-06-16 13:38:11] >> GET /content-safety/v1/places/9000000000089/safety-status
[2026-06-16 13:38:11] << /content-safety/v1/places/9000000000081/safety-status -> {"isSequestered":false,"moderationStatus":"Approved"}
[2026-06-16 13:38:11] >> GET /content-safety/v1/places/9000000000093/safety-status
[2026-06-16 13:38:11] << /content-safety/v1/places/9000000000089/safety-status -> {"isSequestered":false,"moderationStatus":"Approved"}
[2026-06-16 13:38:11] >> GET /content-safety/v1/places/9000000000097/safety-status
[2026-06-16 13:38:11] << /content-safety/v1/places/9000000000093/safety-status -> {"isSequestered":false,"moderationStatus":"Approved"}
[2026-06-16 13:38:11] << /content-safety/v1/places/9000000000097/safety-status -> {"isSequestered":false,"moderationStatus":"Approved"}
[2026-06-16 13:38:12] >> GET /content-safety/v1/places/9000000000099/safety-status
[2026-06-16 13:38:12] >> GET /content-safety/v1/places/9000000000125/safety-status
[2026-06-16 13:38:12] << /content-safety/v1/places/9000000000099/safety-status -> {"isSequestered":false,"moderationStatus":"Approved"}
[2026-06-16 13:38:12] << /content-safety/v1/places/9000000000125/safety-status -> {"isSequestered":false,"moderationStatus":"Approved"}
[2026-06-16 13:38:12] >> GET /Thumbs/gameicon.ashx?id=9000000000048
[2026-06-16 13:38:12] >> GET /Thumbs/gameicon.ashx?id=9000000000124
[2026-06-16 13:38:12] >> GET /Thumbs/gameicon.ashx?id=9000000000020
[2026-06-16 13:38:12] >> GET /Thumbs/gameicon.ashx?id=9000000000046
[2026-06-16 13:38:12] >> GET /Thumbs/gameicon.ashx?id=9000000000098
[2026-06-16 13:38:12] >> GET /Thumbs/gameicon.ashx?id=9000000000068
[2026-06-16 13:38:12] >> GET /Thumbs/gameicon.ashx?id=9000000000016
[2026-06-16 13:38:12] >> GET /Thumbs/gameicon.ashx?id=9000000000088
[2026-06-16 13:38:12] >> GET /Thumbs/gameicon.ashx?id=9000000000064
[2026-06-16 13:38:12] >> GET /Thumbs/gameicon.ashx?id=9000000000092
[2026-06-16 13:38:12] >> GET /Thumbs/gameicon.ashx?id=9000000000096
[2026-06-16 13:38:12] >> GET /Thumbs/gameicon.ashx?id=9000000000080
[2026-06-16 13:38:12] >> GET /Thumbs/gameicon.ashx?id=9000000000018
[2026-06-16 13:38:12] >> GET /Thumbs/gameicon.ashx?id=9000000000040
[2026-06-16 13:38:12] >> GET /Thumbs/gameicon.ashx?id=9000000000030
[2026-06-16 13:38:12] >> GET /Thumbs/gameicon.ashx?id=9000000000070
[2026-06-16 13:38:12] >> GET /Thumbs/gameicon.ashx?id=9000000000034
[2026-06-16 13:38:12] >> GET /Thumbs/gameicon.ashx?id=9000000000002
[2026-06-16 13:38:12] >> GET /Thumbs/gameicon.ashx?id=9000000000026
[2026-06-16 13:38:12] >> GET /Thumbs/gameicon.ashx?id=9000000000052
[2026-06-16 13:38:12] >> GET /Thumbs/gameicon.ashx?id=9000000000022
[2026-06-16 13:38:12] >> GET /Thumbs/gameicon.ashx?id=9000000000050
[2026-06-16 13:38:12] >> GET /Thumbs/gameicon.ashx?id=9000000000062
[2026-06-16 13:38:12] >> GET /Thumbs/gameicon.ashx?id=9000000000044
[2026-06-16 13:38:12] >> GET /universes/v1/search?isTemplates=false&isArchived=false&creatorTargetId=14463315&searchKey=Experiences&sortOrder=Desc&search=&creatorType=User&pageSize=30&sortParam=LastUpdated&surface=StudioStartPage&PageIndex=1&needsAssetOptions=true
[2026-06-16 13:38:12] >> GET /Thumbs/gameicon.ashx?id=9000000000002
[2026-06-16 13:38:13] >> GET /Thumbs/gameicon.ashx?id=9000000000014
[2026-06-16 13:38:13] >> GET /Thumbs/gameicon.ashx?id=9000000000016
[2026-06-16 13:38:13] >> GET /Thumbs/gameicon.ashx?id=9000000000018
[2026-06-16 13:38:13] >> GET /Thumbs/gameicon.ashx?id=9000000000020
[2026-06-16 13:38:13] >> GET /Thumbs/gameicon.ashx?id=9000000000022
[2026-06-16 13:38:13] >> GET /Thumbs/gameicon.ashx?id=9000000000024
[2026-06-16 13:38:13] >> GET /Thumbs/gameicon.ashx?id=9000000000026
[2026-06-16 13:38:13] >> GET /Thumbs/gameicon.ashx?id=9000000000028
[2026-06-16 13:38:13] >> GET /Thumbs/gameicon.ashx?id=9000000000030
[2026-06-16 13:38:13] >> GET /Thumbs/gameicon.ashx?id=9000000000032
[2026-06-16 13:38:13] >> GET /Thumbs/gameicon.ashx?id=9000000000034
[2026-06-16 13:38:13] >> GET /Thumbs/gameicon.ashx?id=9000000000036
[2026-06-16 13:38:13] >> GET /Thumbs/gameicon.ashx?id=9000000000038
[2026-06-16 13:38:13] >> GET /Thumbs/gameicon.ashx?id=9000000000040
[2026-06-16 13:38:13] >> GET /Thumbs/gameicon.ashx?id=9000000000042
[2026-06-16 13:38:13] >> GET /Thumbs/gameicon.ashx?id=9000000000044
[2026-06-16 13:38:13] >> GET /Thumbs/gameicon.ashx?id=9000000000046
[2026-06-16 13:38:13] >> GET /Thumbs/gameicon.ashx?id=9000000000048
[2026-06-16 13:38:13] >> GET /Thumbs/gameicon.ashx?id=9000000000050
[2026-06-16 13:38:13] >> GET /Thumbs/gameicon.ashx?id=9000000000052
[2026-06-16 13:38:13] >> GET /Thumbs/gameicon.ashx?id=9000000000054
[2026-06-16 13:38:13] >> GET /Thumbs/gameicon.ashx?id=9000000000056
[2026-06-16 13:38:13] >> GET /Thumbs/gameicon.ashx?id=9000000000058
[2026-06-16 13:38:13] >> GET /Thumbs/gameicon.ashx?id=9000000000060
[2026-06-16 13:38:13] >> GET /Thumbs/gameicon.ashx?id=9000000000062
[2026-06-16 13:38:13] >> GET /Thumbs/gameicon.ashx?id=9000000000064
[2026-06-16 13:38:13] >> GET /Thumbs/gameicon.ashx?id=9000000000066
[2026-06-16 13:38:13] >> GET /Thumbs/gameicon.ashx?id=9000000000068
[2026-06-16 13:38:13] >> GET /Thumbs/gameicon.ashx?id=9000000000070
[2026-06-16 13:38:13] >> GET /Thumbs/gameicon.ashx?id=9000000000080
[2026-06-16 13:38:13] >> GET /Thumbs/gameicon.ashx?id=9000000000088
[2026-06-16 13:38:13] >> GET /Thumbs/gameicon.ashx?id=9000000000092
[2026-06-16 13:38:13] >> GET /Thumbs/gameicon.ashx?id=9000000000096
[2026-06-16 13:38:14] >> GET /Thumbs/gameicon.ashx?id=9000000000098
[2026-06-16 13:38:14] >> GET /Thumbs/gameicon.ashx?id=9000000000124
[2026-06-16 13:38:14] >> GET /v2/universes/9000000000002/places?limit=50&SortOrder=Asc
[2026-06-16 13:38:14] >> GET /v2/universes/9000000000014/places?limit=50&SortOrder=Asc
[2026-06-16 13:38:14] >> GET /v2/universes/9000000000016/places?limit=50&SortOrder=Asc
[2026-06-16 13:38:14] << /v2/universes/9000000000002/places -> {"previousPageCursor":null,"nextPageCursor":null,"data":[{"maxPlayerCount":null,"socialSlotType":null,"customSocialSlotsCount":null,"allowCopying":null,"currentSavedVersion":1,"isAllGenresAllowed":null,"allowedGearTypes":null,"maxPlayersAllowed":0,"created":"2022-01-01T00:00:00.000Z","updated":"2022-01-01T00:00:00.000Z","id":9000000000003,"universeId":9000000000002,"name":"Theme park tycoon 2","description":"","isRootPlace":true}]}
[2026-06-16 13:38:14] >> GET /v2/universes/9000000000018/places?limit=50&SortOrder=Asc
[2026-06-16 13:38:14] << /v2/universes/9000000000014/places -> {"previousPageCursor":null,"nextPageCursor":null,"data":[{"maxPlayerCount":null,"socialSlotType":null,"customSocialSlotsCount":null,"allowCopying":null,"currentSavedVersion":1,"isAllGenresAllowed":null,"allowedGearTypes":null,"maxPlayersAllowed":0,"created":"2022-01-01T00:00:00.000Z","updated":"2022-01-01T00:00:00.000Z","id":9000000000015,"universeId":9000000000014,"name":"Doomspire Brickbattle","description":"","isRootPlace":true}]}
[2026-06-16 13:38:14] >> GET /v2/universes/9000000000020/places?limit=50&SortOrder=Asc
[2026-06-16 13:38:14] << /v2/universes/9000000000016/places -> {"previousPageCursor":null,"nextPageCursor":null,"data":[{"maxPlayerCount":null,"socialSlotType":null,"customSocialSlotsCount":null,"allowCopying":null,"currentSavedVersion":1,"isAllGenresAllowed":null,"allowedGearTypes":null,"maxPlayersAllowed":0,"created":"2022-01-01T00:00:00.000Z","updated":"2022-01-01T00:00:00.000Z","id":9000000000017,"universeId":9000000000016,"name":"Prison Life V2.0","description":"","isRootPlace":true}]}
[2026-06-16 13:38:14] << /v2/universes/9000000000018/places -> {"previousPageCursor":null,"nextPageCursor":null,"data":[{"maxPlayerCount":null,"socialSlotType":null,"customSocialSlotsCount":null,"allowCopying":null,"currentSavedVersion":1,"isAllGenresAllowed":null,"allowedGearTypes":null,"maxPlayersAllowed":0,"created":"2022-01-01T00:00:00.000Z","updated":"2022-01-01T00:00:00.000Z","id":9000000000019,"universeId":9000000000018,"name":"Natural Disaster Survival","description":"","isRootPlace":true}]}
[2026-06-16 13:38:14] << /v2/universes/9000000000020/places -> {"previousPageCursor":null,"nextPageCursor":null,"data":[{"maxPlayerCount":null,"socialSlotType":null,"customSocialSlotsCount":null,"allowCopying":null,"currentSavedVersion":1,"isAllGenresAllowed":null,"allowedGearTypes":null,"maxPlayersAllowed":0,"created":"2022-01-01T00:00:00.000Z","updated":"2022-01-01T00:00:00.000Z","id":9000000000021,"universeId":9000000000020,"name":"Flood Escape 1.6.5","description":"","isRootPlace":true}]}
[2026-06-16 13:38:14] >> GET /v2/universes/9000000000022/places?limit=50&SortOrder=Asc
[2026-06-16 13:38:14] >> GET /v2/universes/9000000000024/places?limit=50&SortOrder=Asc
[2026-06-16 13:38:14] >> GET /v2/universes/9000000000026/places?limit=50&SortOrder=Asc
[2026-06-16 13:38:14] << /v2/universes/9000000000022/places -> {"previousPageCursor":null,"nextPageCursor":null,"data":[{"maxPlayerCount":null,"socialSlotType":null,"customSocialSlotsCount":null,"allowCopying":null,"currentSavedVersion":1,"isAllGenresAllowed":null,"allowedGearTypes":null,"maxPlayersAllowed":0,"created":"2022-01-01T00:00:00.000Z","updated":"2022-01-01T00:00:00.000Z","id":9000000000023,"universeId":9000000000022,"name":"Robot 64","description":"","isRootPlace":true}]}
[2026-06-16 13:38:14] << /v2/universes/9000000000024/places -> {"previousPageCursor":null,"nextPageCursor":null,"data":[{"maxPlayerCount":null,"socialSlotType":null,"customSocialSlotsCount":null,"allowCopying":null,"currentSavedVersion":1,"isAllGenresAllowed":null,"allowedGearTypes":null,"maxPlayersAllowed":0,"created":"2022-01-01T00:00:00.000Z","updated":"2022-01-01T00:00:00.000Z","id":9000000000025,"universeId":9000000000024,"name":"The Streets","description":"","isRootPlace":true}]}
[2026-06-16 13:38:14] << /v2/universes/9000000000026/places -> {"previousPageCursor":null,"nextPageCursor":null,"data":[{"maxPlayerCount":null,"socialSlotType":null,"customSocialSlotsCount":null,"allowCopying":null,"currentSavedVersion":1,"isAllGenresAllowed":null,"allowedGearTypes":null,"maxPlayersAllowed":0,"created":"2022-01-01T00:00:00.000Z","updated":"2022-01-01T00:00:00.000Z","id":9000000000027,"universeId":9000000000026,"name":"Jailbreak","description":"","isRootPlace":true}]}
[2026-06-16 13:38:14] >> GET /v2/universes/9000000000028/places?limit=50&SortOrder=Asc
[2026-06-16 13:38:14] >> GET /v2/universes/9000000000030/places?limit=50&SortOrder=Asc
[2026-06-16 13:38:14] << /v2/universes/9000000000028/places -> {"previousPageCursor":null,"nextPageCursor":null,"data":[{"maxPlayerCount":null,"socialSlotType":null,"customSocialSlotsCount":null,"allowCopying":null,"currentSavedVersion":1,"isAllGenresAllowed":null,"allowedGearTypes":null,"maxPlayersAllowed":0,"created":"2022-01-01T00:00:00.000Z","updated":"2022-01-01T00:00:00.000Z","id":9000000000029,"universeId":9000000000028,"name":"The Normal Elevator","description":"","isRootPlace":true}]}
[2026-06-16 13:38:14] << /v2/universes/9000000000030/places -> {"previousPageCursor":null,"nextPageCursor":null,"data":[{"maxPlayerCount":null,"socialSlotType":null,"customSocialSlotsCount":null,"allowCopying":null,"currentSavedVersion":1,"isAllGenresAllowed":null,"allowedGearTypes":null,"maxPlayersAllowed":0,"created":"2022-01-01T00:00:00.000Z","updated":"2022-01-01T00:00:00.000Z","id":9000000000031,"universeId":9000000000030,"name":"Twisted Murderer","description":"","isRootPlace":true}]}
[2026-06-16 13:38:14] >> GET /v2/universes/9000000000032/places?limit=50&SortOrder=Asc
[2026-06-16 13:38:14] >> GET /v2/universes/9000000000034/places?limit=50&SortOrder=Asc
[2026-06-16 13:38:14] << /v2/universes/9000000000032/places -> {"previousPageCursor":null,"nextPageCursor":null,"data":[{"maxPlayerCount":null,"socialSlotType":null,"customSocialSlotsCount":null,"allowCopying":null,"currentSavedVersion":1,"isAllGenresAllowed":null,"allowedGearTypes":null,"maxPlayersAllowed":0,"created":"2022-01-01T00:00:00.000Z","updated":"2022-01-01T00:00:00.000Z","id":9000000000033,"universeId":9000000000032,"name":"MM2","description":"","isRootPlace":true}]}
[2026-06-16 13:38:14] << /v2/universes/9000000000034/places -> {"previousPageCursor":null,"nextPageCursor":null,"data":[{"maxPlayerCount":null,"socialSlotType":null,"customSocialSlotsCount":null,"allowCopying":null,"currentSavedVersion":1,"isAllGenresAllowed":null,"allowedGearTypes":null,"maxPlayersAllowed":0,"created":"2022-01-01T00:00:00.000Z","updated":"2022-01-01T00:00:00.000Z","id":9000000000035,"universeId":9000000000034,"name":"Assassin","description":"","isRootPlace":true}]}
[2026-06-16 13:38:14] >> GET /v2/universes/9000000000036/places?limit=50&SortOrder=Asc
[2026-06-16 13:38:14] >> GET /v2/universes/9000000000038/places?limit=50&SortOrder=Asc
[2026-06-16 13:38:14] >> GET /v2/universes/9000000000040/places?limit=50&SortOrder=Asc
[2026-06-16 13:38:14] << /v2/universes/9000000000036/places -> {"previousPageCursor":null,"nextPageCursor":null,"data":[{"maxPlayerCount":null,"socialSlotType":null,"customSocialSlotsCount":null,"allowCopying":null,"currentSavedVersion":1,"isAllGenresAllowed":null,"allowedGearTypes":null,"maxPlayersAllowed":0,"created":"2022-01-01T00:00:00.000Z","updated":"2022-01-01T00:00:00.000Z","id":9000000000037,"universeId":9000000000036,"name":"Booga Booga","description":"","isRootPlace":true}]}
[2026-06-16 13:38:14] << /v2/universes/9000000000038/places -> {"previousPageCursor":null,"nextPageCursor":null,"data":[{"maxPlayerCount":null,"socialSlotType":null,"customSocialSlotsCount":null,"allowCopying":null,"currentSavedVersion":1,"isAllGenresAllowed":null,"allowedGearTypes":null,"maxPlayersAllowed":0,"created":"2022-01-01T00:00:00.000Z","updated":"2022-01-01T00:00:00.000Z","id":9000000000039,"universeId":9000000000038,"name":"Lumber Tycoon 2","description":"","isRootPlace":true}]}
[2026-06-16 13:38:14] >> GET /v2/universes/9000000000042/places?limit=50&SortOrder=Asc
[2026-06-16 13:38:14] << /v2/universes/9000000000040/places -> {"previousPageCursor":null,"nextPageCursor":null,"data":[{"maxPlayerCount":null,"socialSlotType":null,"customSocialSlotsCount":null,"allowCopying":null,"currentSavedVersion":1,"isAllGenresAllowed":null,"allowedGearTypes":null,"maxPlayersAllowed":0,"created":"2022-01-01T00:00:00.000Z","updated":"2022-01-01T00:00:00.000Z","id":9000000000041,"universeId":9000000000040,"name":"Epic Minigames","description":"","isRootPlace":true}]}
[2026-06-16 13:38:14] >> GET /v2/universes/9000000000044/places?limit=50&SortOrder=Asc
[2026-06-16 13:38:14] >> GET /v2/universes/9000000000046/places?limit=50&SortOrder=Asc
[2026-06-16 13:38:14] << /v2/universes/9000000000042/places -> {"previousPageCursor":null,"nextPageCursor":null,"data":[{"maxPlayerCount":null,"socialSlotType":null,"customSocialSlotsCount":null,"allowCopying":null,"currentSavedVersion":1,"isAllGenresAllowed":null,"allowedGearTypes":null,"maxPlayersAllowed":0,"created":"2022-01-01T00:00:00.000Z","updated":"2022-01-01T00:00:00.000Z","id":9000000000043,"universeId":9000000000042,"name":"Mad Games","description":"","isRootPlace":true}]}
[2026-06-16 13:38:14] << /v2/universes/9000000000044/places -> {"previousPageCursor":null,"nextPageCursor":null,"data":[{"maxPlayerCount":null,"socialSlotType":null,"customSocialSlotsCount":null,"allowCopying":null,"currentSavedVersion":1,"isAllGenresAllowed":null,"allowedGearTypes":null,"maxPlayersAllowed":0,"created":"2022-01-01T00:00:00.000Z","updated":"2022-01-01T00:00:00.000Z","id":9000000000045,"universeId":9000000000044,"name":"Miners Haven","description":"","isRootPlace":true}]}
[2026-06-16 13:38:14] >> GET /v2/universes/9000000000048/places?limit=50&SortOrder=Asc
[2026-06-16 13:38:14] << /v2/universes/9000000000046/places -> {"previousPageCursor":null,"nextPageCursor":null,"data":[{"maxPlayerCount":null,"socialSlotType":null,"customSocialSlotsCount":null,"allowCopying":null,"currentSavedVersion":1,"isAllGenresAllowed":null,"allowedGearTypes":null,"maxPlayersAllowed":0,"created":"2022-01-01T00:00:00.000Z","updated":"2022-01-01T00:00:00.000Z","id":9000000000047,"universeId":9000000000046,"name":"Phantom Forces","description":"","isRootPlace":true}]}
[2026-06-16 13:38:14] << /v2/universes/9000000000048/places -> {"previousPageCursor":null,"nextPageCursor":null,"data":[{"maxPlayerCount":null,"socialSlotType":null,"customSocialSlotsCount":null,"allowCopying":null,"currentSavedVersion":1,"isAllGenresAllowed":null,"allowedGearTypes":null,"maxPlayersAllowed":0,"created":"2022-01-01T00:00:00.000Z","updated":"2022-01-01T00:00:00.000Z","id":9000000000049,"universeId":9000000000048,"name":"Pokemon Brick Bronze","description":"","isRootPlace":true}]}
[2026-06-16 13:38:14] >> GET /v2/universes/9000000000050/places?limit=50&SortOrder=Asc
[2026-06-16 13:38:14] >> GET /v2/universes/9000000000052/places?limit=50&SortOrder=Asc
[2026-06-16 13:38:14] >> GET /v2/universes/9000000000054/places?limit=50&SortOrder=Asc
[2026-06-16 13:38:14] << /v2/universes/9000000000050/places -> {"previousPageCursor":null,"nextPageCursor":null,"data":[{"maxPlayerCount":null,"socialSlotType":null,"customSocialSlotsCount":null,"allowCopying":null,"currentSavedVersion":1,"isAllGenresAllowed":null,"allowedGearTypes":null,"maxPlayersAllowed":0,"created":"2022-01-01T00:00:00.000Z","updated":"2022-01-01T00:00:00.000Z","id":9000000000051,"universeId":9000000000050,"name":"Polyguns","description":"","isRootPlace":true}]}
[2026-06-16 13:38:14] << /v2/universes/9000000000052/places -> {"previousPageCursor":null,"nextPageCursor":null,"data":[{"maxPlayerCount":null,"socialSlotType":null,"customSocialSlotsCount":null,"allowCopying":null,"currentSavedVersion":1,"isAllGenresAllowed":null,"allowedGearTypes":null,"maxPlayersAllowed":0,"created":"2022-01-01T00:00:00.000Z","updated":"2022-01-01T00:00:00.000Z","id":9000000000053,"universeId":9000000000052,"name":"Whatever Floats Your Boat","description":"","isRootPlace":true}]}
[2026-06-16 13:38:14] >> GET /v2/universes/9000000000056/places?limit=50&SortOrder=Asc
[2026-06-16 13:38:14] << /v2/universes/9000000000054/places -> {"previousPageCursor":null,"nextPageCursor":null,"data":[{"maxPlayerCount":null,"socialSlotType":null,"customSocialSlotsCount":null,"allowCopying":null,"currentSavedVersion":1,"isAllGenresAllowed":null,"allowedGearTypes":null,"maxPlayersAllowed":0,"created":"2022-01-01T00:00:00.000Z","updated":"2022-01-01T00:00:00.000Z","id":9000000000055,"universeId":9000000000054,"name":"Redwood Prison","description":"","isRootPlace":true}]}
[2026-06-16 13:38:14] >> GET /v2/universes/9000000000058/places?limit=50&SortOrder=Asc
[2026-06-16 13:38:14] << /v2/universes/9000000000056/places -> {"previousPageCursor":null,"nextPageCursor":null,"data":[{"maxPlayerCount":null,"socialSlotType":null,"customSocialSlotsCount":null,"allowCopying":null,"currentSavedVersion":1,"isAllGenresAllowed":null,"allowedGearTypes":null,"maxPlayersAllowed":0,"created":"2022-01-01T00:00:00.000Z","updated":"2022-01-01T00:00:00.000Z","id":9000000000057,"universeId":9000000000056,"name":"Apocalypse Rising","description":"","isRootPlace":true}]}
[2026-06-16 13:38:14] >> GET /v2/universes/9000000000060/places?limit=50&SortOrder=Asc
[2026-06-16 13:38:14] << /v2/universes/9000000000058/places -> {"previousPageCursor":null,"nextPageCursor":null,"data":[{"maxPlayerCount":null,"socialSlotType":null,"customSocialSlotsCount":null,"allowCopying":null,"currentSavedVersion":1,"isAllGenresAllowed":null,"allowedGearTypes":null,"maxPlayersAllowed":0,"created":"2022-01-01T00:00:00.000Z","updated":"2022-01-01T00:00:00.000Z","id":9000000000059,"universeId":9000000000058,"name":"Parkour","description":"","isRootPlace":true}]}
[2026-06-16 13:38:14] >> GET /v2/universes/9000000000062/places?limit=50&SortOrder=Asc
[2026-06-16 13:38:14] << /v2/universes/9000000000060/places -> {"previousPageCursor":null,"nextPageCursor":null,"data":[{"maxPlayerCount":null,"socialSlotType":null,"customSocialSlotsCount":null,"allowCopying":null,"currentSavedVersion":1,"isAllGenresAllowed":null,"allowedGearTypes":null,"maxPlayersAllowed":0,"created":"2022-01-01T00:00:00.000Z","updated":"2022-01-01T00:00:00.000Z","id":9000000000061,"universeId":9000000000060,"name":"SPTS","description":"","isRootPlace":true}]}
[2026-06-16 13:38:14] << /v2/universes/9000000000062/places -> {"previousPageCursor":null,"nextPageCursor":null,"data":[{"maxPlayerCount":null,"socialSlotType":null,"customSocialSlotsCount":null,"allowCopying":null,"currentSavedVersion":1,"isAllGenresAllowed":null,"allowedGearTypes":null,"maxPlayersAllowed":0,"created":"2022-01-01T00:00:00.000Z","updated":"2022-01-01T00:00:00.000Z","id":9000000000063,"universeId":9000000000062,"name":"Build a boat for treasure","description":"","isRootPlace":true}]}
[2026-06-16 13:38:14] >> GET /v2/universes/9000000000064/places?limit=50&SortOrder=Asc
[2026-06-16 13:38:14] >> GET /v2/universes/9000000000066/places?limit=50&SortOrder=Asc
[2026-06-16 13:38:14] << /v2/universes/9000000000064/places -> {"previousPageCursor":null,"nextPageCursor":null,"data":[{"maxPlayerCount":null,"socialSlotType":null,"customSocialSlotsCount":null,"allowCopying":null,"currentSavedVersion":1,"isAllGenresAllowed":null,"allowedGearTypes":null,"maxPlayersAllowed":0,"created":"2022-01-01T00:00:00.000Z","updated":"2022-01-01T00:00:00.000Z","id":9000000000065,"universeId":9000000000064,"name":"New MM2","description":"","isRootPlace":true}]}
[2026-06-16 13:38:14] >> GET /v2/universes/9000000000068/places?limit=50&SortOrder=Asc
[2026-06-16 13:38:14] << /v2/universes/9000000000066/places -> {"previousPageCursor":null,"nextPageCursor":null,"data":[{"maxPlayerCount":null,"socialSlotType":null,"customSocialSlotsCount":null,"allowCopying":null,"currentSavedVersion":1,"isAllGenresAllowed":null,"allowedGearTypes":null,"maxPlayersAllowed":0,"created":"2022-01-01T00:00:00.000Z","updated":"2022-01-01T00:00:00.000Z","id":9000000000067,"universeId":9000000000066,"name":"Roblox High School","description":"","isRootPlace":true}]}
[2026-06-16 13:38:14] >> GET /v2/universes/9000000000070/places?limit=50&SortOrder=Asc
[2026-06-16 13:38:14] << /v2/universes/9000000000068/places -> {"previousPageCursor":null,"nextPageCursor":null,"data":[{"maxPlayerCount":null,"socialSlotType":null,"customSocialSlotsCount":null,"allowCopying":null,"currentSavedVersion":1,"isAllGenresAllowed":null,"allowedGearTypes":null,"maxPlayersAllowed":0,"created":"2022-01-01T00:00:00.000Z","updated":"2022-01-01T00:00:00.000Z","id":9000000000069,"universeId":9000000000068,"name":"Weight Lifting Simulator 2","description":"","isRootPlace":true}]}
[2026-06-16 13:38:14] >> GET /v2/universes/9000000000080/places?limit=50&SortOrder=Asc
[2026-06-16 13:38:14] << /v2/universes/9000000000070/places -> {"previousPageCursor":null,"nextPageCursor":null,"data":[{"maxPlayerCount":null,"socialSlotType":null,"customSocialSlotsCount":null,"allowCopying":null,"currentSavedVersion":1,"isAllGenresAllowed":null,"allowedGearTypes":null,"maxPlayersAllowed":0,"created":"2022-01-01T00:00:00.000Z","updated":"2022-01-01T00:00:00.000Z","id":9000000000071,"universeId":9000000000070,"name":"Speed run 4","description":"","isRootPlace":true}]}
[2026-06-16 13:38:14] >> GET /v2/universes/9000000000088/places?limit=50&SortOrder=Asc
[2026-06-16 13:38:14] << /v2/universes/9000000000080/places -> {"previousPageCursor":null,"nextPageCursor":null,"data":[{"maxPlayerCount":null,"socialSlotType":null,"customSocialSlotsCount":null,"allowCopying":null,"currentSavedVersion":1,"isAllGenresAllowed":null,"allowedGearTypes":null,"maxPlayersAllowed":0,"created":"2022-01-01T00:00:00.000Z","updated":"2022-01-01T00:00:00.000Z","id":9000000000081,"universeId":9000000000080,"name":"Work at a pizza place","description":"","isRootPlace":true}]}
[2026-06-16 13:38:14] >> GET /v2/universes/9000000000092/places?limit=50&SortOrder=Asc
[2026-06-16 13:38:14] << /v2/universes/9000000000088/places -> {"previousPageCursor":null,"nextPageCursor":null,"data":[{"maxPlayerCount":null,"socialSlotType":null,"customSocialSlotsCount":null,"allowCopying":null,"currentSavedVersion":1,"isAllGenresAllowed":null,"allowedGearTypes":null,"maxPlayersAllowed":0,"created":"2022-01-01T00:00:00.000Z","updated":"2022-01-01T00:00:00.000Z","id":9000000000089,"universeId":9000000000088,"name":"Muffin Kombat","description":"","isRootPlace":true}]}
[2026-06-16 13:38:15] << /v2/universes/9000000000092/places -> {"previousPageCursor":null,"nextPageCursor":null,"data":[{"maxPlayerCount":null,"socialSlotType":null,"customSocialSlotsCount":null,"allowCopying":null,"currentSavedVersion":1,"isAllGenresAllowed":null,"allowedGearTypes":null,"maxPlayersAllowed":0,"created":"2022-01-01T00:00:00.000Z","updated":"2022-01-01T00:00:00.000Z","id":9000000000093,"universeId":9000000000092,"name":"Meepcity","description":"","isRootPlace":true}]}
[2026-06-16 13:38:15] >> GET /v2/universes/9000000000096/places?limit=50&SortOrder=Asc
[2026-06-16 13:38:15] >> GET /v2/universes/9000000000098/places?limit=50&SortOrder=Asc
[2026-06-16 13:38:15] << /v2/universes/9000000000096/places -> {"previousPageCursor":null,"nextPageCursor":null,"data":[{"maxPlayerCount":null,"socialSlotType":null,"customSocialSlotsCount":null,"allowCopying":null,"currentSavedVersion":1,"isAllGenresAllowed":null,"allowedGearTypes":null,"maxPlayersAllowed":0,"created":"2022-01-01T00:00:00.000Z","updated":"2022-01-01T00:00:00.000Z","id":9000000000097,"universeId":9000000000096,"name":"Tower of hell","description":"","isRootPlace":true}]}
[2026-06-16 13:38:15] << /v2/universes/9000000000098/places -> {"previousPageCursor":null,"nextPageCursor":null,"data":[{"maxPlayerCount":null,"socialSlotType":null,"customSocialSlotsCount":null,"allowCopying":null,"currentSavedVersion":1,"isAllGenresAllowed":null,"allowedGearTypes":null,"maxPlayersAllowed":0,"created":"2022-01-01T00:00:00.000Z","updated":"2022-01-01T00:00:00.000Z","id":9000000000099,"universeId":9000000000098,"name":"Youtube Tycoon","description":"","isRootPlace":true}]}
[2026-06-16 13:38:15] >> GET /v2/universes/9000000000124/places?limit=50&SortOrder=Asc
[2026-06-16 13:38:15] >> GET //v1/games/icons?universeIds=9000000000002,9000000000014,9000000000016,9000000000018,9000000000020,9000000000022,9000000000024,9000000000026,9000000000028,9000000000030,9000000000032,9000000000034,9000000000036,9000000000038,9000000000040,9000000000042,9000000000044,9000000000046,9000000000048,9000000000050,9000000000052,9000000000054,9000000000056,9000000000058,9000000000060,9000000000062,9000000000064,9000000000066,9000000000068,9000000000070,9000000000080,9000000000088,9000000000092,9000000000096,9000000000098,9000000000124&returnPolicy=Autogenerated&format=png&size=256x256
[2026-06-16 13:38:15] << /v2/universes/9000000000124/places -> {"previousPageCursor":null,"nextPageCursor":null,"data":[{"maxPlayerCount":null,"socialSlotType":null,"customSocialSlotsCount":null,"allowCopying":null,"currentSavedVersion":1,"isAllGenresAllowed":null,"allowedGearTypes":null,"maxPlayersAllowed":0,"created":"2022-01-01T00:00:00.000Z","updated":"2022-01-01T00:00:00.000Z","id":9000000000125,"universeId":9000000000124,"name":"testt","description":"","isRootPlace":true}]}
[2026-06-16 13:38:15] >> GET /teamcreate/v1/MultiGetUniversesActiveSessionMembers?maxUsers=10&ids=9000000000002&ids=9000000000014&ids=9000000000016&ids=9000000000018&ids=9000000000020&ids=9000000000022&ids=9000000000024&ids=9000000000026&ids=9000000000028&ids=9000000000030&ids=9000000000032&ids=9000000000034&ids=9000000000036&ids=9000000000038&ids=9000000000040&ids=9000000000042&ids=9000000000044&ids=9000000000046&ids=9000000000048&ids=9000000000050&ids=9000000000052&ids=9000000000054&ids=9000000000056&ids=9000000000058&ids=9000000000060&ids=9000000000062&ids=9000000000064&ids=9000000000066&ids=9000000000068&ids=9000000000070&ids=9000000000080&ids=9000000000088&ids=9000000000092&ids=9000000000096&ids=9000000000098&ids=9000000000124
[2026-06-16 13:38:15] TeamCreate stub (disabled): GET /teamcreate/v1/MultiGetUniversesActiveSessionMembers
[2026-06-16 13:38:15] >> POST /experience-guidelines-service/v1beta1/multi-age-recommendation
[2026-06-16 13:38:15] << /teamcreate/v1/MultiGetUniversesActiveSessionMembers -> {"data":[{"id":9000000000002,"isEnabled":false},{"id":9000000000014,"isEnabled":false},{"id":9000000000016,"isEnabled":false},{"id":9000000000018,"isEnabled":false},{"id":9000000000020,"isEnabled":false},{"id":9000000000022,"isEnabled":false},{"id":9000000000024,"isEnabled":false},{"id":9000000000026,"isEnabled":false},{"id":9000000000028,"isEnabled":false},{"id":9000000000030,"isEnabled":false},{"id":9000000000032,"isEnabled":false},{"id":9000000000034,"isEnabled":false},{"id":9000000000036,"isEnabled":false},{"id":9000000000038,"isEnabled":false},{"id":9000000000040,"isEnabled":false},{"id":9000000000042,"isEnabled":false},{"id":9000000000044,"isEnabled":false},{"id":9000000000046,"isEnabled":false},{"id":9000000000048,"isEnabled":false},{"id":9000000000050,"isEnabled":false},{"id":9000000000052,"isEnabled":false},{"id":9000000000054,"isEnabled":false},{"id":9000000000056,"isEnabled":false},{"id":9000000000058,"isEnabled":false},{"id":9000000000060
[2026-06-16 13:38:15] >> GET /v1/universes/multiget/teamcreate?ids=9000000000002&ids=9000000000014&ids=9000000000016&ids=9000000000018&ids=9000000000020&ids=9000000000022&ids=9000000000024&ids=9000000000026&ids=9000000000028&ids=9000000000030&ids=9000000000032&ids=9000000000034&ids=9000000000036&ids=9000000000038&ids=9000000000040&ids=9000000000042&ids=9000000000044&ids=9000000000046&ids=9000000000048&ids=9000000000050&ids=9000000000052&ids=9000000000054&ids=9000000000056&ids=9000000000058&ids=9000000000060&ids=9000000000062&ids=9000000000064&ids=9000000000066&ids=9000000000068&ids=9000000000070&ids=9000000000080&ids=9000000000088&ids=9000000000092&ids=9000000000096&ids=9000000000098&ids=9000000000124&
[2026-06-16 13:38:15] >> POST /core-content/v1/universe-eligibility/batch
[2026-06-16 13:38:15] TeamCreate stub (disabled): GET /v1/universes/multiget/teamcreate
[2026-06-16 13:38:15] << /core-content/v1/universe-eligibility/batch -> {"eligibilityByCreator":[{"userId":"14463315","userIsEligible":true,"displayText":"Eligible","ineligibilityReason":"INELIGIBILITY_REASON_NONE"}]}
[2026-06-16 13:38:15] << /v1/universes/multiget/teamcreate -> {"data":[{"id":9000000000002,"isEnabled":false},{"id":9000000000014,"isEnabled":false},{"id":9000000000016,"isEnabled":false},{"id":9000000000018,"isEnabled":false},{"id":9000000000020,"isEnabled":false},{"id":9000000000022,"isEnabled":false},{"id":9000000000024,"isEnabled":false},{"id":9000000000026,"isEnabled":false},{"id":9000000000028,"isEnabled":false},{"id":9000000000030,"isEnabled":false},{"id":9000000000032,"isEnabled":false},{"id":9000000000034,"isEnabled":false},{"id":9000000000036,"isEnabled":false},{"id":9000000000038,"isEnabled":false},{"id":9000000000040,"isEnabled":false},{"id":9000000000042,"isEnabled":false},{"id":9000000000044,"isEnabled":false},{"id":9000000000046,"isEnabled":false},{"id":9000000000048,"isEnabled":false},{"id":9000000000050,"isEnabled":false},{"id":9000000000052,"isEnabled":false},{"id":9000000000054,"isEnabled":false},{"id":9000000000056,"isEnabled":false},{"id":9000000000058,"isEnabled":false},{"id":9000000000060,"isEnabled":false}
[2026-06-16 13:38:15] >> POST /experience-releases/v1beta1/experience_releases_api/multi_release_statuses
[2026-06-16 13:38:15] << /experience-releases/v1beta1/experience_releases_api/multi_release_statuses -> {"eligibilityByCreator":[{"userId":"14463315","userIsEligible":true,"displayText":"Eligible","ineligibilityReason":"INELIGIBILITY_REASON_NONE"}]}
[2026-06-16 13:38:15] >> GET /content-safety/v1/places/9000000000003/safety-status
[2026-06-16 13:38:15] << /content-safety/v1/places/9000000000003/safety-status -> {"isSequestered":false,"moderationStatus":"Approved"}
[2026-06-16 13:38:15] >> GET /content-safety/v1/places/9000000000015/safety-status
[2026-06-16 13:38:15] >> GET /content-safety/v1/places/9000000000017/safety-status
[2026-06-16 13:38:15] << /content-safety/v1/places/9000000000015/safety-status -> {"isSequestered":false,"moderationStatus":"Approved"}
[2026-06-16 13:38:15] << /content-safety/v1/places/9000000000017/safety-status -> {"isSequestered":false,"moderationStatus":"Approved"}
[2026-06-16 13:38:15] >> GET /content-safety/v1/places/9000000000019/safety-status
[2026-06-16 13:38:15] >> GET /content-safety/v1/places/9000000000021/safety-status
[2026-06-16 13:38:15] << /content-safety/v1/places/9000000000019/safety-status -> {"isSequestered":false,"moderationStatus":"Approved"}
[2026-06-16 13:38:15] << /content-safety/v1/places/9000000000021/safety-status -> {"isSequestered":false,"moderationStatus":"Approved"}
[2026-06-16 13:38:15] >> GET /content-safety/v1/places/9000000000023/safety-status
[2026-06-16 13:38:15] << /content-safety/v1/places/9000000000023/safety-status -> {"isSequestered":false,"moderationStatus":"Approved"}
[2026-06-16 13:38:15] >> GET /content-safety/v1/places/9000000000025/safety-status
[2026-06-16 13:38:15] >> GET /content-safety/v1/places/9000000000027/safety-status
[2026-06-16 13:38:15] << /content-safety/v1/places/9000000000025/safety-status -> {"isSequestered":false,"moderationStatus":"Approved"}
[2026-06-16 13:38:15] >> GET /content-safety/v1/places/9000000000029/safety-status
[2026-06-16 13:38:15] << /content-safety/v1/places/9000000000027/safety-status -> {"isSequestered":false,"moderationStatus":"Approved"}
[2026-06-16 13:38:15] << /content-safety/v1/places/9000000000029/safety-status -> {"isSequestered":false,"moderationStatus":"Approved"}
[2026-06-16 13:38:15] >> GET /content-safety/v1/places/9000000000031/safety-status
[2026-06-16 13:38:15] >> GET /content-safety/v1/places/9000000000033/safety-status
[2026-06-16 13:38:15] << /content-safety/v1/places/9000000000031/safety-status -> {"isSequestered":false,"moderationStatus":"Approved"}
[2026-06-16 13:38:15] << /content-safety/v1/places/9000000000033/safety-status -> {"isSequestered":false,"moderationStatus":"Approved"}
[2026-06-16 13:38:15] >> GET /content-safety/v1/places/9000000000035/safety-status
[2026-06-16 13:38:15] >> GET /content-safety/v1/places/9000000000037/safety-status
[2026-06-16 13:38:15] << /content-safety/v1/places/9000000000035/safety-status -> {"isSequestered":false,"moderationStatus":"Approved"}
[2026-06-16 13:38:15] << /content-safety/v1/places/9000000000037/safety-status -> {"isSequestered":false,"moderationStatus":"Approved"}
[2026-06-16 13:38:15] >> GET /content-safety/v1/places/9000000000039/safety-status
[2026-06-16 13:38:15] >> GET /content-safety/v1/places/9000000000041/safety-status
[2026-06-16 13:38:15] << /content-safety/v1/places/9000000000039/safety-status -> {"isSequestered":false,"moderationStatus":"Approved"}
[2026-06-16 13:38:15] >> GET /content-safety/v1/places/9000000000043/safety-status
[2026-06-16 13:38:15] << /content-safety/v1/places/9000000000041/safety-status -> {"isSequestered":false,"moderationStatus":"Approved"}
[2026-06-16 13:38:15] >> GET /content-safety/v1/places/9000000000045/safety-status
[2026-06-16 13:38:15] << /content-safety/v1/places/9000000000043/safety-status -> {"isSequestered":false,"moderationStatus":"Approved"}
[2026-06-16 13:38:15] << /content-safety/v1/places/9000000000045/safety-status -> {"isSequestered":false,"moderationStatus":"Approved"}
[2026-06-16 13:38:15] >> GET /content-safety/v1/places/9000000000047/safety-status
[2026-06-16 13:38:15] >> GET /content-safety/v1/places/9000000000049/safety-status
[2026-06-16 13:38:15] << /content-safety/v1/places/9000000000047/safety-status -> {"isSequestered":false,"moderationStatus":"Approved"}
[2026-06-16 13:38:15] << /content-safety/v1/places/9000000000049/safety-status -> {"isSequestered":false,"moderationStatus":"Approved"}
[2026-06-16 13:38:15] >> GET /content-safety/v1/places/9000000000051/safety-status
[2026-06-16 13:38:15] << /content-safety/v1/places/9000000000051/safety-status -> {"isSequestered":false,"moderationStatus":"Approved"}
[2026-06-16 13:38:16] >> GET /content-safety/v1/places/9000000000053/safety-status
[2026-06-16 13:38:16] >> GET /content-safety/v1/places/9000000000055/safety-status
[2026-06-16 13:38:16] << /content-safety/v1/places/9000000000053/safety-status -> {"isSequestered":false,"moderationStatus":"Approved"}
[2026-06-16 13:38:16] << /content-safety/v1/places/9000000000055/safety-status -> {"isSequestered":false,"moderationStatus":"Approved"}
[2026-06-16 13:38:16] >> GET /content-safety/v1/places/9000000000057/safety-status
[2026-06-16 13:38:16] >> GET /content-safety/v1/places/9000000000059/safety-status
[2026-06-16 13:38:16] >> GET /content-safety/v1/places/9000000000061/safety-status
[2026-06-16 13:38:16] << /content-safety/v1/places/9000000000057/safety-status -> {"isSequestered":false,"moderationStatus":"Approved"}
[2026-06-16 13:38:16] << /content-safety/v1/places/9000000000059/safety-status -> {"isSequestered":false,"moderationStatus":"Approved"}
[2026-06-16 13:38:16] << /content-safety/v1/places/9000000000061/safety-status -> {"isSequestered":false,"moderationStatus":"Approved"}
[2026-06-16 13:38:16] >> GET /content-safety/v1/places/9000000000063/safety-status
[2026-06-16 13:38:16] >> GET /content-safety/v1/places/9000000000065/safety-status
[2026-06-16 13:38:16] << /content-safety/v1/places/9000000000063/safety-status -> {"isSequestered":false,"moderationStatus":"Approved"}
[2026-06-16 13:38:16] << /content-safety/v1/places/9000000000065/safety-status -> {"isSequestered":false,"moderationStatus":"Approved"}
[2026-06-16 13:38:16] >> GET /content-safety/v1/places/9000000000067/safety-status
[2026-06-16 13:38:16] >> GET /content-safety/v1/places/9000000000069/safety-status
[2026-06-16 13:38:16] >> GET /content-safety/v1/places/9000000000071/safety-status
[2026-06-16 13:38:16] << /content-safety/v1/places/9000000000067/safety-status -> {"isSequestered":false,"moderationStatus":"Approved"}
[2026-06-16 13:38:16] << /content-safety/v1/places/9000000000069/safety-status -> {"isSequestered":false,"moderationStatus":"Approved"}
[2026-06-16 13:38:16] << /content-safety/v1/places/9000000000071/safety-status -> {"isSequestered":false,"moderationStatus":"Approved"}
[2026-06-16 13:38:16] >> GET /content-safety/v1/places/9000000000081/safety-status
[2026-06-16 13:38:16] >> GET /content-safety/v1/places/9000000000089/safety-status
[2026-06-16 13:38:16] >> GET /content-safety/v1/places/9000000000093/safety-status
[2026-06-16 13:38:16] << /content-safety/v1/places/9000000000081/safety-status -> {"isSequestered":false,"moderationStatus":"Approved"}
[2026-06-16 13:38:16] << /content-safety/v1/places/9000000000089/safety-status -> {"isSequestered":false,"moderationStatus":"Approved"}
[2026-06-16 13:38:16] << /content-safety/v1/places/9000000000093/safety-status -> {"isSequestered":false,"moderationStatus":"Approved"}
[2026-06-16 13:38:16] >> GET /content-safety/v1/places/9000000000097/safety-status
[2026-06-16 13:38:16] << /content-safety/v1/places/9000000000097/safety-status -> {"isSequestered":false,"moderationStatus":"Approved"}
[2026-06-16 13:38:16] >> GET /content-safety/v1/places/9000000000099/safety-status
[2026-06-16 13:38:16] >> GET /content-safety/v1/places/9000000000125/safety-status
[2026-06-16 13:38:16] >> POST /experience-guidelines-service/v1beta1/multi-creator-eligibility
[2026-06-16 13:38:16] << /content-safety/v1/places/9000000000099/safety-status -> {"isSequestered":false,"moderationStatus":"Approved"}
[2026-06-16 13:38:16] >> GET /Thumbs/gameicon.ashx?id=9000000000002
[2026-06-16 13:38:16] << /content-safety/v1/places/9000000000125/safety-status -> {"isSequestered":false,"moderationStatus":"Approved"}
[2026-06-16 13:38:16] << /experience-guidelines-service/v1beta1/multi-creator-eligibility -> {"eligibilityByCreator":[{"userId":"14463315","userIsEligible":true,"displayText":"Eligible","ineligibilityReason":"INELIGIBILITY_REASON_NONE"}]}
[2026-06-16 13:38:16] >> GET /Thumbs/gameicon.ashx?id=9000000000014
[2026-06-16 13:38:16] >> GET /Thumbs/gameicon.ashx?id=9000000000016
[2026-06-16 13:38:16] >> GET /Thumbs/gameicon.ashx?id=9000000000018
[2026-06-16 13:38:16] >> GET /Thumbs/gameicon.ashx?id=9000000000020
[2026-06-16 13:38:16] >> GET /Thumbs/gameicon.ashx?id=9000000000022
[2026-06-16 13:38:16] >> GET /Thumbs/gameicon.ashx?id=9000000000024
[2026-06-16 13:38:16] >> GET /Thumbs/gameicon.ashx?id=9000000000026
[2026-06-16 13:38:16] >> GET /Thumbs/gameicon.ashx?id=9000000000028
[2026-06-16 13:38:16] >> GET /Thumbs/gameicon.ashx?id=9000000000030
[2026-06-16 13:38:16] >> GET /Thumbs/gameicon.ashx?id=9000000000032
[2026-06-16 13:38:16] >> GET /Thumbs/gameicon.ashx?id=9000000000034
[2026-06-16 13:38:16] >> GET /Thumbs/gameicon.ashx?id=9000000000036
[2026-06-16 13:38:16] >> GET /Thumbs/gameicon.ashx?id=9000000000038
[2026-06-16 13:38:16] >> GET /Thumbs/gameicon.ashx?id=9000000000040
[2026-06-16 13:38:16] >> GET /Thumbs/gameicon.ashx?id=9000000000042
[2026-06-16 13:38:16] >> GET /Thumbs/gameicon.ashx?id=9000000000044
[2026-06-16 13:38:16] >> GET /Thumbs/gameicon.ashx?id=9000000000046
[2026-06-16 13:38:17] >> GET /Thumbs/gameicon.ashx?id=9000000000048
[2026-06-16 13:38:17] >> GET /Thumbs/gameicon.ashx?id=9000000000050
[2026-06-16 13:38:17] >> GET /Thumbs/gameicon.ashx?id=9000000000052
[2026-06-16 13:38:17] >> GET /Thumbs/gameicon.ashx?id=9000000000054
[2026-06-16 13:38:17] >> GET /Thumbs/gameicon.ashx?id=9000000000056
[2026-06-16 13:38:17] >> GET /Thumbs/gameicon.ashx?id=9000000000058
[2026-06-16 13:38:17] >> GET /Thumbs/gameicon.ashx?id=9000000000060
[2026-06-16 13:38:17] >> GET /Thumbs/gameicon.ashx?id=9000000000062
[2026-06-16 13:38:17] >> GET /Thumbs/gameicon.ashx?id=9000000000064
[2026-06-16 13:38:17] >> GET /Thumbs/gameicon.ashx?id=9000000000066
[2026-06-16 13:38:17] >> GET /Thumbs/gameicon.ashx?id=9000000000068
[2026-06-16 13:38:17] >> GET /Thumbs/gameicon.ashx?id=9000000000070
[2026-06-16 13:38:17] >> GET /Thumbs/gameicon.ashx?id=9000000000080
[2026-06-16 13:38:17] >> GET /Thumbs/gameicon.ashx?id=9000000000088
[2026-06-16 13:38:17] >> GET /Thumbs/gameicon.ashx?id=9000000000092
[2026-06-16 13:38:17] >> GET /Thumbs/gameicon.ashx?id=9000000000096
[2026-06-16 13:38:17] >> GET /Thumbs/gameicon.ashx?id=9000000000098
[2026-06-16 13:38:17] >> GET /Thumbs/gameicon.ashx?id=9000000000124
[2026-06-16 13:38:17] >> POST /v1.1/Counters/BatchIncrement?apiKey=76E5A40C-3AE1-4028-9F10-7C62520BD94F
[2026-06-16 13:38:17] >> POST /v1.0/SequenceStatistics/BatchAddToSequencesV2?apiKey=76E5A40C-3AE1-4028-9F10-7C62520BD94F
[2026-06-16 13:38:17] << /v1.1/Counters/BatchIncrement -> {}
[2026-06-16 13:38:17] >> POST /studio/pbe
[2026-06-16 13:38:17] >> POST /timespent/pbe
[2026-06-16 13:38:17] << /v1.0/SequenceStatistics/BatchAddToSequencesV2 -> {}
[2026-06-16 13:38:17] << /studio/pbe -> {}
[2026-06-16 13:38:17] << /timespent/pbe -> {}
[2026-06-16 13:38:17] >> GET /content-safety/v1/places/9000000000049/safety-status
[2026-06-16 13:38:17] >> POST /experience-signals-ingest/public/v1/events/single
[2026-06-16 13:38:17] << /content-safety/v1/places/9000000000049/safety-status -> {"isSequestered":false,"moderationStatus":"Approved"}
[2026-06-16 13:38:17] << /experience-signals-ingest/public/v1/events/single -> {}
[2026-06-16 13:38:17] >> POST /v1.0/SequenceStatistics/BatchAddToSequencesV2?apiKey=76E5A40C-3AE1-4028-9F10-7C62520BD94F
[2026-06-16 13:38:17] << /v1.0/SequenceStatistics/BatchAddToSequencesV2 -> {}
[2026-06-16 13:38:17] >> POST /v1.1/Counters/BatchIncrement?apiKey=76E5A40C-3AE1-4028-9F10-7C62520BD94F
[2026-06-16 13:38:17] << /v1.1/Counters/BatchIncrement -> {}
[2026-06-16 13:38:18] >> GET /v1/games/icons?universeIds=9000000000048&returnPolicy=AutoGenerated&size=256x256&format=Png&isCircular=false
[2026-06-16 13:38:18] << /v1/games/icons -> {"data":[{"targetId":9000000000048,"state":"Completed","imageUrl":"http://localhost/Png.png"}]}
[2026-06-16 13:38:18] >> GET /Png.png
[2026-06-16 13:38:18] >> GET /v2/assets/9000000000049/details
[2026-06-16 13:38:18] << /v2/assets/9000000000049/details -> {"TargetId":9000000000049,"AssetId":9000000000049,"ProductId":9000000000049,"assetId":9000000000049,"id":9000000000049,"Id":9000000000049,"TargetPlaceId":9000000000049,"PlaceId":9000000000049,"ProductType":"User Product","Name":"Pokemon Brick Bronze","Description":"","AssetTypeId":9,"assetTypeId":9,"Creator":{"Id":14463315,"Name":"HearMeRoar","CreatorType":"User","CreatorTargetId":14463315,"HasVerifiedBadge":false,"id":14463315,"type":1,"creatorType":"User","creatorTargetId":14463315},"IconImageAssetId":0,"Created":"2022-05-11T13:27:09.897Z","Updated":"2022-06-19T07:23:39.03Z","created":"2022-05-11T13:27:09.897Z","updated":"2022-06-19T07:23:39.03Z","PriceInRobux":null,"Sales":0,"IsNew":false,"IsForSale":false,"IsPublicDomain":true,"IsLimited":false,"IsLimitedUnique":false,"isPublic":true,"isForSale":false,"isLimited":false,"isLimitedUnique":false,"enableComments":false}
[2026-06-16 13:38:18] >> GET /studio-open-place/v1/openplace?placeId=9000000000049
[2026-06-16 13:38:18] << /studio-open-place/v1/openplace -> {"universe":{"Id":9000000000048,"RootPlaceId":9000000000049,"Name":"Pokemon Brick Bronze","Description":"","IsArchived":false,"CreatorType":"User","CreatorTargetId":14463315,"PrivacyType":"Private","Created":"2022-01-01T00:00:00.000+00:00","Updated":"2022-01-01T00:00:00.000+00:00"},"teamCreateEnabled":false,"place":{"Creator":{"CreatorType":"User","CreatorTargetId":14463315}}}
[2026-06-16 13:38:18] >> POST /asset-permissions-api/v1/assets/check-permissions
[2026-06-16 13:38:18] asset-permissions assetId=9000000000049 -> HasPermission
[2026-06-16 13:38:18] asset-permissions check done: /asset-permissions-api/v1/assets/check-permissions
[2026-06-16 13:38:18] << /asset-permissions-api/v1/assets/check-permissions -> {"results":[{"value":{"status":"HasPermission"}}]}
[2026-06-16 13:38:19] >> POST /user-heartbeats-api/action-report
[2026-06-16 13:38:19] >> POST /private-users-service/v1beta1/getOrCreatePrivateUserId
[2026-06-16 13:38:19] << /user-heartbeats-api/action-report -> {"accounts": [{"username": "HearMeRoar","robloxCookie": "","pulseInterval": 30000,"enableLogging": true}],"globalConfig": {"retryAttempts": 3,"retryDelay": 5000}}
[2026-06-16 13:38:19] << /private-users-service/v1beta1/getOrCreatePrivateUserId -> {"privateUserId":1500014463315,"userIdMode":"USER_ID_MODE_GLOBAL","created":true}
[2026-06-16 13:38:19] >> POST /user-heartbeats-api/pulse
[2026-06-16 13:38:19] << /user-heartbeats-api/pulse -> {"accounts": [{"username": "HearMeRoar","robloxCookie": "","pulseInterval": 30000,"enableLogging": true}],"globalConfig": {"retryAttempts": 3,"retryDelay": 5000}}
[2026-06-16 13:38:19] >> GET /assets/user-auth/v1/assets/9000000000049
[2026-06-16 13:38:19] << /assets/user-auth/v1/assets/9000000000049 -> {"path":"assets/9000000000049","revisionId":"1","revisionCreateTime":"2024-01-01T00:00:00.000Z","assetId":"9000000000049","displayName":"Pokemon Brick Bronze","assetType":"Place","creationContext":{"creator":{"userId":"14463315"}},"moderationResult":{"moderationState":"Approved"},"state":"Active"}
[2026-06-16 13:38:20] >> GET /v2/universes/9000000000048/configuration
[2026-06-16 13:38:20] << /v2/universes/9000000000048/configuration -> {"allowPrivateServers":true,"privateServerPrice":null,"id":9000000000048,"name":"Pokemon Brick Bronze","universeAvatarType":"MorphToR6","universeScaleType":"AllScales","universeAnimationType":"PlayerChoice","universeCollisionType":"OuterBox","universeBodyType":"Standard","universeJointPositioningType":"ArtistIntent","universeAvatarAssetOverrides":[],"universeAvatarMinScales":{"height":0.9,"width":0.7,"head":0.95,"proportion":0,"bodyType":0},"universeAvatarMaxScales":{"height":1.05,"width":1,"head":1,"proportion":1,"bodyType":1},"isArchived":false,"isFriendsOnly":false,"genre":"All","playableDevices":["Computer","Phone","Tablet"],"isForSale":false,"price":0,"isStudioAccessToApisAllowed":true,"privacyType":"Public"}
[2026-06-16 13:38:20] >> GET /v1/asset/?id=9000000000049&version=1
[2026-06-16 13:38:22] >> GET /asset/?id=185041503&xcachesplit=9000000000048
[2026-06-16 13:38:23] FetchUrl: HTTP 403 for https://assetdelivery.roblox.com/v1/asset/?id=185041503
[2026-06-16 13:38:23] Asset 185041503: fetch failed, falling back to redirect
[2026-06-16 13:38:23] >> GET /asset/?id=594478911&xcachesplit=9000000000048
[2026-06-16 13:38:23] FetchUrl: HTTP 403 for https://assetdelivery.roblox.com/v1/asset/?id=594478911
[2026-06-16 13:38:23] Asset 594478911: fetch failed, falling back to redirect
[2026-06-16 13:38:23] >> GET /asset/?id=424126550&xcachesplit=9000000000048
[2026-06-16 13:38:23] >> GET /asset/?id=534995636&xcachesplit=9000000000048
[2026-06-16 13:38:23] FetchUrl: HTTP 403 for https://assetdelivery.roblox.com/v1/asset/?id=424126550
[2026-06-16 13:38:23] Asset 424126550: fetch failed, falling back to redirect
[2026-06-16 13:38:23] FetchUrl: HTTP 403 for https://assetdelivery.roblox.com/v1/asset/?id=534995636
[2026-06-16 13:38:24] Asset 534995636: fetch failed, falling back to redirect
[2026-06-16 13:38:26] >> GET /v1/universes/multiget?ids=9000000000048&ids=9000000000124&ids=9000000000020&ids=9000000000046&ids=9000000000098&ids=9000000000068&ids=9000000000016&ids=9000000000088&ids=9000000000064&ids=9000000000092&ids=9000000000096&ids=9000000000080&ids=9000000000018&ids=9000000000040&ids=9000000000030&ids=9000000000070&ids=9000000000034&ids=9000000000002&ids=9000000000026&ids=9000000000052&ids=9000000000022&ids=9000000000050&ids=9000000000062&ids=9000000000044
[2026-06-16 13:38:26] >> POST /studio/pbe
[2026-06-16 13:38:26] >> POST /studio/pbe
[2026-06-16 13:38:26] << /studio/pbe -> {}
[2026-06-16 13:38:26] << /studio/pbe -> {}
[2026-06-16 13:38:26] >> POST /asset-permissions-api/v1/assets/check-permissions
[2026-06-16 13:38:26] asset-permissions assetId=9000000000049 -> HasPermission
[2026-06-16 13:38:26] asset-permissions check done: /asset-permissions-api/v1/assets/check-permissions
[2026-06-16 13:38:26] << /asset-permissions-api/v1/assets/check-permissions -> {"results":[{"value":{"status":"HasPermission"}}]}
[2026-06-16 13:38:26] >> GET /v1/universes/multiget/teamcreate?ids=9000000000048&ids=9000000000124&ids=9000000000020&ids=9000000000046&ids=9000000000098&ids=9000000000068&ids=9000000000016&ids=9000000000088&ids=9000000000064&ids=9000000000092&ids=9000000000096&ids=9000000000080&ids=9000000000018&ids=9000000000040&ids=9000000000030&ids=9000000000070&ids=9000000000034&ids=9000000000002&ids=9000000000026&ids=9000000000052&ids=9000000000022&ids=9000000000050&ids=9000000000062&ids=9000000000044
[2026-06-16 13:38:26] >> GET /asset/?hash=9648afba5d3d7f66550213469e074213&contentRepresentationPriorityList=W3siZm9ybWF0IjoiUmVzaWR1YWwiLCJtYWpvclZlcnNpb24iOiIyIiwiZmlkZWxpdHkiOiJPcmlnaW5hbCJ9XQ%3D%3D&doNotFallbackToBaselineRepresentation=true
[2026-06-16 13:38:26] TeamCreate stub (disabled): GET /v1/universes/multiget/teamcreate
[2026-06-16 13:38:26] << /v1/universes/multiget/teamcreate -> {"data":[{"id":9000000000048,"isEnabled":false},{"id":9000000000124,"isEnabled":false},{"id":9000000000020,"isEnabled":false},{"id":9000000000046,"isEnabled":false},{"id":9000000000098,"isEnabled":false},{"id":9000000000068,"isEnabled":false},{"id":9000000000016,"isEnabled":false},{"id":9000000000088,"isEnabled":false},{"id":9000000000064,"isEnabled":false},{"id":9000000000092,"isEnabled":false},{"id":9000000000096,"isEnabled":false},{"id":9000000000080,"isEnabled":false},{"id":9000000000018,"isEnabled":false},{"id":9000000000040,"isEnabled":false},{"id":9000000000030,"isEnabled":false},{"id":9000000000070,"isEnabled":false},{"id":9000000000034,"isEnabled":false},{"id":9000000000002,"isEnabled":false},{"id":9000000000026,"isEnabled":false},{"id":9000000000052,"isEnabled":false},{"id":9000000000022,"isEnabled":false},{"id":9000000000050,"isEnabled":false},{"id":9000000000062,"isEnabled":false},{"id":9000000000044,"isEnabled":false}]}
[2026-06-16 13:38:26] >> GET /universes/v1/places/9000000000049/universe
[2026-06-16 13:38:26] >> GET /v2/assets/9000000000049/details
[2026-06-16 13:38:26] << /universes/v1/places/9000000000049/universe -> {"id":9000000000048,"universeId":9000000000048,"rootPlaceId":9000000000049,"name":"Pokemon Brick Bronze","description":"","isArchived":false,"isActive":true,"privacyType":"Private","creatorType":"User","creatorTargetId":14463315,"creatorName":"HearMeRoar","price":0,"playing":0,"visits":0,"maxPlayers":10,"studioAccessToApisAllowed":true,"genre":"All","isAllGenre":true,"isFavoritedByUser":false,"favoritedCount":0,"created":"2022-05-11T13:27:09.897Z","updated":"2022-05-11T13:27:09.897Z","universeAvatarType":"MorphToR6"}
[2026-06-16 13:38:26] << /v2/assets/9000000000049/details -> {"TargetId":9000000000049,"AssetId":9000000000049,"ProductId":9000000000049,"assetId":9000000000049,"id":9000000000049,"Id":9000000000049,"TargetPlaceId":9000000000049,"PlaceId":9000000000049,"ProductType":"User Product","Name":"Pokemon Brick Bronze","Description":"","AssetTypeId":9,"assetTypeId":9,"Creator":{"Id":14463315,"Name":"HearMeRoar","CreatorType":"User","CreatorTargetId":14463315,"HasVerifiedBadge":false,"id":14463315,"type":1,"creatorType":"User","creatorTargetId":14463315},"IconImageAssetId":0,"Created":"2022-05-11T13:27:09.897Z","Updated":"2022-06-19T07:23:39.03Z","created":"2022-05-11T13:27:09.897Z","updated":"2022-06-19T07:23:39.03Z","PriceInRobux":null,"Sales":0,"IsNew":false,"IsForSale":false,"IsPublicDomain":true,"IsLimited":false,"IsLimitedUnique":false,"isPublic":true,"isForSale":false,"isLimited":false,"isLimitedUnique":false,"enableComments":false}
[2026-06-16 13:38:27] >> GET /v1/universes/9000000000048
[2026-06-16 13:38:27] << /v1/universes/9000000000048 -> {"id":9000000000048,"universeId":9000000000048,"rootPlaceId":9000000000049,"name":"Pokemon Brick Bronze","description":"","isArchived":false,"isActive":true,"privacyType":"Private","creatorType":"User","creatorTargetId":14463315,"creatorName":"HearMeRoar","price":0,"playing":0,"visits":0,"maxPlayers":10,"studioAccessToApisAllowed":true,"genre":"All","isAllGenre":true,"isFavoritedByUser":false,"favoritedCount":0,"created":"2022-05-11T13:27:09.897Z","updated":"2022-05-11T13:27:09.897Z","universeAvatarType":"MorphToR6"}
[2026-06-16 13:38:27] >> GET /v1/universes/9000000000048/permissions
[2026-06-16 13:38:27] << /v1/universes/9000000000048/permissions -> {"canManage":true,"canCloudEdit":false,"canPublish":true,"canView":true,"isPublic":false}
[2026-06-16 13:38:27] >> GET /content-aliases-api/v1/universes/9000000000048/aliases
[2026-06-16 13:38:27] << /content-aliases-api/v1/universes/9000000000048/aliases -> {"Aliases":[],"NextPageToken":null}
[2026-06-16 13:38:27] >> GET /v1/universes/9000000000048/places?sortOrder=Asc&limit=50
[2026-06-16 13:38:27] << /v1/universes/9000000000048/places -> {"previousPageCursor":null,"nextPageCursor":null,"data":[{"id":9000000000049,"universeId":9000000000048,"name":"Pokemon Brick Bronze","description":""}]}
[2026-06-16 13:38:28] >> GET /v2/assets/9000000000049/details
[2026-06-16 13:38:28] << /v2/assets/9000000000049/details -> {"TargetId":9000000000049,"AssetId":9000000000049,"ProductId":9000000000049,"assetId":9000000000049,"id":9000000000049,"Id":9000000000049,"TargetPlaceId":9000000000049,"PlaceId":9000000000049,"ProductType":"User Product","Name":"Pokemon Brick Bronze","Description":"","AssetTypeId":9,"assetTypeId":9,"Creator":{"Id":14463315,"Name":"HearMeRoar","CreatorType":"User","CreatorTargetId":14463315,"HasVerifiedBadge":false,"id":14463315,"type":1,"creatorType":"User","creatorTargetId":14463315},"IconImageAssetId":0,"Created":"2022-05-11T13:27:09.897Z","Updated":"2022-06-19T07:23:39.03Z","created":"2022-05-11T13:27:09.897Z","updated":"2022-06-19T07:23:39.03Z","PriceInRobux":null,"Sales":0,"IsNew":false,"IsForSale":false,"IsPublicDomain":true,"IsLimited":false,"IsLimitedUnique":false,"isPublic":true,"isForSale":false,"isLimited":false,"isLimitedUnique":false,"enableComments":false}
[2026-06-16 13:38:28] >> GET /v2/assets/9000000000049/details
[2026-06-16 13:38:28] << /v2/assets/9000000000049/details -> {"TargetId":9000000000049,"AssetId":9000000000049,"ProductId":9000000000049,"assetId":9000000000049,"id":9000000000049,"Id":9000000000049,"TargetPlaceId":9000000000049,"PlaceId":9000000000049,"ProductType":"User Product","Name":"Pokemon Brick Bronze","Description":"","AssetTypeId":9,"assetTypeId":9,"Creator":{"Id":14463315,"Name":"HearMeRoar","CreatorType":"User","CreatorTargetId":14463315,"HasVerifiedBadge":false,"id":14463315,"type":1,"creatorType":"User","creatorTargetId":14463315},"IconImageAssetId":0,"Created":"2022-05-11T13:27:09.897Z","Updated":"2022-06-19T07:23:39.03Z","created":"2022-05-11T13:27:09.897Z","updated":"2022-06-19T07:23:39.03Z","PriceInRobux":null,"Sales":0,"IsNew":false,"IsForSale":false,"IsPublicDomain":true,"IsLimited":false,"IsLimitedUnique":false,"isPublic":true,"isForSale":false,"isLimited":false,"isLimitedUnique":false,"enableComments":false}
[2026-06-16 13:38:28] >> GET /v1/universes/multiget?ids=9000000000048&ids=9000000000124&ids=9000000000020&ids=9000000000046&ids=9000000000098&ids=9000000000068&ids=9000000000016&ids=9000000000088&ids=9000000000064&ids=9000000000092&ids=9000000000096&ids=9000000000080&ids=9000000000018&ids=9000000000040&ids=9000000000030&ids=9000000000070&ids=9000000000034&ids=9000000000002&ids=9000000000026&ids=9000000000052&ids=9000000000022&ids=9000000000050&ids=9000000000062&ids=9000000000044
[2026-06-16 13:38:28] >> POST /event-subscription/v1/subscribe
[2026-06-16 13:38:28] >> POST /v1/batch
[2026-06-16 13:38:28] << /event-subscription/v1/subscribe -> {"ttl_minutes":1440}
[2026-06-16 13:38:28] << /v1/batch -> {"data":[]}
[2026-06-16 13:38:28] >> GET /v1/universes/multiget/teamcreate?ids=9000000000048&ids=9000000000124&ids=9000000000020&ids=9000000000046&ids=9000000000098&ids=9000000000068&ids=9000000000016&ids=9000000000088&ids=9000000000064&ids=9000000000092&ids=9000000000096&ids=9000000000080&ids=9000000000018&ids=9000000000040&ids=9000000000030&ids=9000000000070&ids=9000000000034&ids=9000000000002&ids=9000000000026&ids=9000000000052&ids=9000000000022&ids=9000000000050&ids=9000000000062&ids=9000000000044
[2026-06-16 13:38:28] TeamCreate stub (disabled): GET /v1/universes/multiget/teamcreate
[2026-06-16 13:38:28] << /v1/universes/multiget/teamcreate -> {"data":[{"id":9000000000048,"isEnabled":false},{"id":9000000000124,"isEnabled":false},{"id":9000000000020,"isEnabled":false},{"id":9000000000046,"isEnabled":false},{"id":9000000000098,"isEnabled":false},{"id":9000000000068,"isEnabled":false},{"id":9000000000016,"isEnabled":false},{"id":9000000000088,"isEnabled":false},{"id":9000000000064,"isEnabled":false},{"id":9000000000092,"isEnabled":false},{"id":9000000000096,"isEnabled":false},{"id":9000000000080,"isEnabled":false},{"id":9000000000018,"isEnabled":false},{"id":9000000000040,"isEnabled":false},{"id":9000000000030,"isEnabled":false},{"id":9000000000070,"isEnabled":false},{"id":9000000000034,"isEnabled":false},{"id":9000000000002,"isEnabled":false},{"id":9000000000026,"isEnabled":false},{"id":9000000000052,"isEnabled":false},{"id":9000000000022,"isEnabled":false},{"id":9000000000050,"isEnabled":false},{"id":9000000000062,"isEnabled":false},{"id":9000000000044,"isEnabled":false}]}
[2026-06-16 13:38:30] >> GET /asset/?hash=9648afba5d3d7f66550213469e074213&contentRepresentationPriorityList=W3siZm9ybWF0IjoiT3JpZ2luYWwiLCJtYWpvclZlcnNpb24iOiJPcmlnaW5hbCIsImZpZGVsaXR5IjoiT3JpZ2luYWwifV0%3D
[2026-06-16 13:38:33] >> GET /v2/universes/9000000000048/configuration
[2026-06-16 13:38:33] >> POST /v1/autolocalization/games/9000000000048/autolocalizationtable
[2026-06-16 13:38:33] << /v2/universes/9000000000048/configuration -> {"allowPrivateServers":true,"privateServerPrice":null,"id":9000000000048,"name":"Pokemon Brick Bronze","universeAvatarType":"MorphToR6","universeScaleType":"AllScales","universeAnimationType":"PlayerChoice","universeCollisionType":"OuterBox","universeBodyType":"Standard","universeJointPositioningType":"ArtistIntent","universeAvatarAssetOverrides":[],"universeAvatarMinScales":{"height":0.9,"width":0.7,"head":0.95,"proportion":0,"bodyType":0},"universeAvatarMaxScales":{"height":1.05,"width":1,"head":1,"proportion":1,"bodyType":1},"isArchived":false,"isFriendsOnly":false,"genre":"All","playableDevices":["Computer","Phone","Tablet"],"isForSale":false,"price":0,"isStudioAccessToApisAllowed":true,"privacyType":"Public"}
[2026-06-16 13:38:33] << /v1/autolocalization/games/9000000000048/autolocalizationtable -> {"tableId":"","locale":"en_us","entries":[]}
[2026-06-16 13:38:35] >> GET /asset/?id=185041503&xcachesplit=9000000000048
[2026-06-16 13:38:35] FetchUrl: HTTP 403 for https://assetdelivery.roblox.com/v1/asset/?id=185041503
[2026-06-16 13:38:35] Asset 185041503: fetch failed, falling back to redirect
[2026-06-16 13:38:35] >> GET /asset/?id=594478911&xcachesplit=9000000000048
[2026-06-16 13:38:35] FetchUrl: HTTP 403 for https://assetdelivery.roblox.com/v1/asset/?id=594478911
[2026-06-16 13:38:35] Asset 594478911: fetch failed, falling back to redirect
[2026-06-16 13:38:35] >> GET /v1/settings/universe/9000000000048?placeId=9000000000049
[2026-06-16 13:38:35] >> GET /asset/?id=424126550&xcachesplit=9000000000048
[2026-06-16 13:38:35] >> GET /asset/?id=534995636&xcachesplit=9000000000048
[2026-06-16 13:38:35] << /v1/settings/universe/9000000000048 -> {"isVoiceEnabled":true,"isUserOptIn":true,"isUserEligible":true,"isBanned":false,"banReason":0,"bannedUntil":null,"canVerifyAgeForVoice":true,"isVerifiedForVoice":true,"denialReason":0,"isOptInDisabled":false,"hasEverOpted":true,"isAvatarVideoEnabled":true,"isAvatarVideoOptIn":true,"isAvatarVideoOptInDisabled":false,"isAvatarVideoEligible":true,"hasEverOptedAvatarVideo":true,"userHasAvatarCameraAlwaysAvailable":true,"canVerifyPhoneForVoice":true,"seamlessVoiceStatus":1,"allowVoiceDataUsage":true,"seamlessVoiceVariant":""}
[2026-06-16 13:38:35] >> GET /recipe?maxTargets=15
[2026-06-16 13:38:35] >> GET /userhub/?id=
[2026-06-16 13:38:35] 404 GET /recipe
[2026-06-16 13:38:35] 404 GET /userhub/
[2026-06-16 13:38:35] << /recipe -> {"errors":[{"code":"NotFound","message":"Not found"}]}
[2026-06-16 13:38:35] << /userhub/ -> {"errors":[{"code":"NotFound","message":"Not found"}]}
[2026-06-16 13:38:35] >> POST /product-experimentation-platform/v1/projects/1/values
[2026-06-16 13:38:35] << /product-experimentation-platform/v1/projects/1/values -> {"assignments":[]}
[2026-06-16 13:38:35] FetchUrl: HTTP 403 for https://assetdelivery.roblox.com/v1/asset/?id=424126550
[2026-06-16 13:38:35] Asset 424126550: fetch failed, falling back to redirect
[2026-06-16 13:38:35] FetchUrl: HTTP 403 for https://assetdelivery.roblox.com/v1/asset/?id=534995636
[2026-06-16 13:38:35] Asset 534995636: fetch failed, falling back to redirect
[2026-06-16 13:38:36] >> GET /player-hydration-service/v1/players/signed
[2026-06-16 13:38:36] 404 GET /player-hydration-service/v1/players/signed
[2026-06-16 13:38:36] << /player-hydration-service/v1/players/signed -> {"errors":[{"code":"NotFound","message":"Not found"}]}
[2026-06-16 13:38:36] >> GET /v2/users/14463315/groups/roles
[2026-06-16 13:38:36] >> GET /v2/persistence/9000000000048/datastores/objects/object?datastore=BanTable&objectKey=global%2F14463315
[2026-06-16 13:38:36] << /v2/users/14463315/groups/roles -> {"data":[{"group":{"id":13538101,"name":"GC' Sus Games","memberCount":11,"hasVerifiedBadge":false},"role":{"id":77381526,"name":"Member","rank":1}},{"group":{"id":391929292,"name":"FilteringEnabled=false","memberCount":6,"hasVerifiedBadge":false},"role":{"id":700687000,"name":"Owner","rank":255}},{"group":{"id":4347428,"name":"The State of Mind","memberCount":416796,"hasVerifiedBadge":false},"role":{"id":29322544,"name":"⭐️ Important Member","rank":1}},{"group":{"id":33142130,"name":"Legence Clothes","memberCount":6,"hasVerifiedBadge":false},"role":{"id":101719466,"name":"🎀📝 Love📝","rank":1}},{"group":{"id":13273531,"name":"_RARE NAMES_","memberCount":11049,"hasVerifiedBadge":false},"role":{"id":76113545,"name":"Incredible names","rank":45}},{"group":{"id":5995136,"name":"- Old Roblox Accounts -","memberCount":62907,"hasVerifiedBadge":false},"role":{"id":93679233,"name":"2006 / 2007","rank":170}},{"group":{"id":32818995,"name":"(Project Aincrad SAO)","member
[2026-06-16 13:38:36] >> POST /user-blocking-api/v1/users/rcc/get-user-blocking-data
[2026-06-16 13:38:36] >> POST /access-management/v2/rcc-user-feature-evaluation
[2026-06-16 13:38:36] 404 POST /user-blocking-api/v1/users/rcc/get-user-blocking-data
[2026-06-16 13:38:36] 404 POST /access-management/v2/rcc-user-feature-evaluation
[2026-06-16 13:38:36] << /user-blocking-api/v1/users/rcc/get-user-blocking-data -> {"errors":[{"code":"NotFound","message":"Not found"}]}
[2026-06-16 13:38:36] << /access-management/v2/rcc-user-feature-evaluation -> {"errors":[{"code":"NotFound","message":"Not found"}]}
[2026-06-16 13:38:36] >> GET /access-management/v1/rcc-user-feature-access?featureNames=CanUseInExperienceChat&userId=14463315&nameSpace=user_comm_safety/UserBehavior&extraParameters=W3sibmFtZSI6InJlYWRGcmVzaERhdGEiLCJ0eXBlIjoiQm9vbGVhbiIsInZhbHVlIjpmYWxzZX1d
[2026-06-16 13:38:36] >> GET /universe-chat-api/v1/universe-chat-settings?userId=14463315&universeId=9000000000048&rccInstanceId=
[2026-06-16 13:38:36] >> GET /guac-v2/v1/bundles/app-policy
[2026-06-16 13:38:36] >> GET /asset/?id=594478911&xcachesplit=9000000000048
[2026-06-16 13:38:36] << /access-management/v1/rcc-user-feature-access -> {"featureAccess":[],"data":[]}
[2026-06-16 13:38:36] >> GET /asset/?id=185041503&xcachesplit=9000000000048
[2026-06-16 13:38:36] >> GET /asset/?id=424126550&xcachesplit=9000000000048
[2026-06-16 13:38:36] >> GET /asset/?id=534995636&xcachesplit=9000000000048
[2026-06-16 13:38:36] 404 GET /universe-chat-api/v1/universe-chat-settings
[2026-06-16 13:38:36] << /guac-v2/v1/bundles/app-policy -> {"version":"1","bundle":{"name":"studio","configurations":{"Feature_DisableOldCookieManagementSticky":"0;100","Feature_UnifiedCookieProtocolEnabled":"0;100","Feature_UnifiedCookieProtocolEnabledSticky":"0;100","Feature_AccessCookiesWithUrlEnabledSticky":"0;100"},"experiments":{}}}
[2026-06-16 13:38:36] << /universe-chat-api/v1/universe-chat-settings -> {"errors":[{"code":"NotFound","message":"Not found"}]}
[2026-06-16 13:38:36] FetchUrl: HTTP 403 for https://assetdelivery.roblox.com/v1/asset/?id=594478911
[2026-06-16 13:38:36] Asset 594478911: fetch failed, falling back to redirect
[2026-06-16 13:38:36] FetchUrl: HTTP 403 for https://assetdelivery.roblox.com/v1/asset/?id=185041503
[2026-06-16 13:38:36] Asset 185041503: fetch failed, falling back to redirect
[2026-06-16 13:38:37] >> GET /v2/avatar/avatar-fetch/?placeId=9000000000049&userId=14463315
[2026-06-16 13:38:37] >> GET /player-policy-service/v1/player-policy-client
[2026-06-16 13:38:37] 404 GET /player-policy-service/v1/player-policy-client
[2026-06-16 13:38:37] << /player-policy-service/v1/player-policy-client -> {"errors":[{"code":"NotFound","message":"Not found"}]}
[2026-06-16 13:38:37] FetchUrl: HTTP 403 for https://assetdelivery.roblox.com/v1/asset/?id=424126550
[2026-06-16 13:38:37] Asset 424126550: fetch failed, falling back to redirect
[2026-06-16 13:38:37] FetchUrl: HTTP 403 for https://assetdelivery.roblox.com/v1/asset/?id=534995636
[2026-06-16 13:38:37] Asset 534995636: fetch failed, falling back to redirect
[2026-06-16 13:38:37] >> POST /v1.0/SequenceStatistics/BatchAddToSequencesV2?apiKey=76E5A40C-3AE1-4028-9F10-7C62520BD94F
[2026-06-16 13:38:37] >> POST /v1.1/Counters/BatchIncrement?apiKey=76E5A40C-3AE1-4028-9F10-7C62520BD94F
[2026-06-16 13:38:37] << /v1.0/SequenceStatistics/BatchAddToSequencesV2 -> {}
[2026-06-16 13:38:37] << /v1.1/Counters/BatchIncrement -> {}
[2026-06-16 13:38:37] Avatar: batch resolved 0/2 assets
[2026-06-16 13:38:37] Avatar: batch resolved 0/1 assets
[2026-06-16 13:38:37] Avatar: batch resolved 0/1 assets
[2026-06-16 13:38:37] << /v2/avatar/avatar-fetch/ -> {"resolvedAvatarType":"R6","equippedGearVersionIds":[],"backpackGearVersionIds":[],"assetAndAssetTypeIds":[{"assetId":86499666,"assetTypeId":27},{"assetId":86499716,"assetTypeId":29},{"assetId":86499698,"assetTypeId":28},{"assetId":86499753,"assetTypeId":30},{"assetId":86499793,"assetTypeId":31},{"assetId":18658405017,"assetTypeId":46},{"assetId":135892587710035,"assetTypeId":8},{"assetId":10804923951,"assetTypeId":67},{"assetId":132133317685629,"assetTypeId":41},{"assetId":14702520072,"assetTypeId":43},{"assetId":11921498664,"assetTypeId":11},{"assetId":140565896620871,"assetTypeId":12},{"assetId":90772666356782,"assetTypeId":79}],"animationAssetIds":{"run":16744214662,"swim":18538158932,"fall":76868289213402,"climb":122281742555667,"jump":114806832298003,"idle":82009039247070,"walk":124733969277188},"bodyColor3s":{"headColor3":"ffcc99","torsoColor3":"ffcc99","rightArmColor3":"ffcc99","leftArmColor3":"ffcc99","rightLegColor3":"ffcc99","leftLegColor3":"ffcc99"},"scales":{"heigh
[2026-06-16 13:38:37] >> GET /v2/persistence/9000000000048/datastores/objects/object?datastore=SaveData&objectKey=global%2F14463315
[2026-06-16 13:38:38] >> GET /player-policy-service/v1/player-policy-client
[2026-06-16 13:38:38] 404 GET /player-policy-service/v1/player-policy-client
[2026-06-16 13:38:38] << /player-policy-service/v1/player-policy-client -> {"errors":[{"code":"NotFound","message":"Not found"}]}
[2026-06-16 13:38:38] >> POST /game-passes/v1/game-passes:batchGetOwnership
[2026-06-16 13:38:38] batchGetOwnership userId=14463315 ids=1 body=[{"ownershipIdentifiers":[{"userId":14463315,"gamePassId":17791598}]}]
[2026-06-16 13:38:38] << /game-passes/v1/game-passes:batchGetOwnership -> {"data":[{"gamePassId":17791598,"userId":14463315,"owned":true,"isOwned":true}],"errors":[],"gamePasses":[{"path":"game-passes/17791598","gamePassId":17791598,"userId":14463315,"owned":true,"isOwned":true}]}
[2026-06-16 13:38:38] >> GET /v1/asset/?id=656180015&serverplaceid=0&scriptinsert=1&clientinsert=0
[2026-06-16 13:38:38] >> GET /asset/?id=288621494
[2026-06-16 13:38:38] >> GET /asset/?id=288621623
[2026-06-16 13:38:38] >> GET /asset/?id=288621744
[2026-06-16 13:38:38] >> GET /asset/?id=288621878
[2026-06-16 13:38:38] >> GET /asset/?id=270154756
[2026-06-16 13:38:38] >> GET /asset/?id=288652352
[2026-06-16 13:38:38] >> POST /v1/batch
[2026-06-16 13:38:38] << /v1/batch -> {"data":[]}
[2026-06-16 13:38:38] FetchUrl: HTTP 403 for https://assetdelivery.roblox.com/v1/asset/?id=288621494
[2026-06-16 13:38:38] FetchUrl: HTTP 403 for https://assetdelivery.roblox.com/v1/asset/?id=656180015
[2026-06-16 13:38:38] Asset 656180015: fetch failed, falling back to redirect
[2026-06-16 13:38:38] Asset 288621494: fetch failed, falling back to redirect
[2026-06-16 13:38:38] FetchUrl: HTTP 403 for https://assetdelivery.roblox.com/v1/asset/?id=288621623
[2026-06-16 13:38:38] FetchUrl: HTTP 403 for https://assetdelivery.roblox.com/v1/asset/?id=288621744
[2026-06-16 13:38:38] Asset 288621623: fetch failed, falling back to redirect
[2026-06-16 13:38:38] Asset 288621744: fetch failed, falling back to redirect
[2026-06-16 13:38:39] >> GET /asset/?id=6876035202&serverplaceid=0
[2026-06-16 13:38:39] >> GET /asset/?id=6876036095&serverplaceid=0
[2026-06-16 13:38:39] >> GET /asset/?id=6876033942&serverplaceid=0
[2026-06-16 13:38:39] FetchUrl: HTTP 403 for https://assetdelivery.roblox.com/v1/asset/?id=288621878
[2026-06-16 13:38:39] >> GET /asset/?id=288686590
[2026-06-16 13:38:39] FetchUrl: HTTP 403 for https://assetdelivery.roblox.com/v1/asset/?id=288652352
[2026-06-16 13:38:39] Asset 288621878: fetch failed, falling back to redirect
[2026-06-16 13:38:39] >> POST /game-passes/v1/game-passes:batchGetOwnership
[2026-06-16 13:38:39] Asset 288652352: fetch failed, falling back to redirect
[2026-06-16 13:38:39] batchGetOwnership userId=14463315 ids=1 body=[{"ownershipIdentifiers":[{"userId":14463315,"gamePassId":17791149}]}]
[2026-06-16 13:38:39] FetchUrl: HTTP 403 for https://assetdelivery.roblox.com/v1/asset/?id=270154756
[2026-06-16 13:38:39] << /game-passes/v1/game-passes:batchGetOwnership -> {"data":[{"gamePassId":17791149,"userId":14463315,"owned":true,"isOwned":true}],"errors":[],"gamePasses":[{"path":"game-passes/17791149","gamePassId":17791149,"userId":14463315,"owned":true,"isOwned":true}]}
[2026-06-16 13:38:39] Asset 270154756: fetch failed, falling back to redirect
[2026-06-16 13:38:39] FetchUrl: HTTP 403 for https://assetdelivery.roblox.com/v1/asset/?id=6876035202
[2026-06-16 13:38:39] Asset 6876035202: fetch failed, falling back to redirect
[2026-06-16 13:38:39] FetchUrl: HTTP 403 for https://assetdelivery.roblox.com/v1/asset/?id=6876033942
[2026-06-16 13:38:39] FetchUrl: HTTP 403 for https://assetdelivery.roblox.com/v1/asset/?id=6876036095
[2026-06-16 13:38:39] FetchUrl: HTTP 403 for https://assetdelivery.roblox.com/v1/asset/?id=288686590
[2026-06-16 13:38:39] Asset 6876033942: fetch failed, falling back to redirect
[2026-06-16 13:38:39] Asset 6876036095: fetch failed, falling back to redirect
[2026-06-16 13:38:39] Asset 288686590: fetch failed, falling back to redirect
[2026-06-16 13:38:39] >> GET /player-policy-service/v1/player-policy-client
[2026-06-16 13:38:39] 404 GET /player-policy-service/v1/player-policy-client
[2026-06-16 13:38:39] << /player-policy-service/v1/player-policy-client -> {"errors":[{"code":"NotFound","message":"Not found"}]}
[2026-06-16 13:38:39] >> POST /game-passes/v1/game-passes:batchGetOwnership
[2026-06-16 13:38:39] batchGetOwnership userId=14463315 ids=1 body=[{"ownershipIdentifiers":[{"userId":14463315,"gamePassId":15018932}]}]
[2026-06-16 13:38:39] << /game-passes/v1/game-passes:batchGetOwnership -> {"data":[{"gamePassId":15018932,"userId":14463315,"owned":true,"isOwned":true}],"errors":[],"gamePasses":[{"path":"game-passes/15018932","gamePassId":15018932,"userId":14463315,"owned":true,"isOwned":true}]}
[2026-06-16 13:38:39] >> GET /v1/asset/?id=656180015&serverplaceid=0&scriptinsert=1&clientinsert=0
[2026-06-16 13:38:40] FetchUrl: HTTP 403 for https://assetdelivery.roblox.com/v1/asset/?id=656180015
[2026-06-16 13:38:40] Asset 656180015: fetch failed, falling back to redirect
[2026-06-16 13:38:40] >> GET /asset/?id=594478911&contentRepresentationPriorityList=W3siZm9ybWF0Ijoia3R4MiIsIm1ham9yVmVyc2lvbiI6IjdyZG8iLCJmaWRlbGl0eSI6Ii8vLy8vQUU9In0seyJmb3JtYXQiOiJrdHgyIiwibWFqb3JWZXJzaW9uIjoiNnJkbyIsImZpZGVsaXR5IjoiUUFBPSJ9XQ%3D%3D
[2026-06-16 13:38:40] >> POST /game-passes/v1/game-passes:batchGetOwnership
[2026-06-16 13:38:40] batchGetOwnership userId=14463315 ids=1 body=[{"ownershipIdentifiers":[{"userId":14463315,"gamePassId":17456705}]}]
[2026-06-16 13:38:40] << /game-passes/v1/game-passes:batchGetOwnership -> {"data":[{"gamePassId":17456705,"userId":14463315,"owned":true,"isOwned":true}],"errors":[],"gamePasses":[{"path":"game-passes/17456705","gamePassId":17456705,"userId":14463315,"owned":true,"isOwned":true}]}
[2026-06-16 13:38:40] >> GET /asset/?id=594478911&xcachesplit=9000000000048
[2026-06-16 13:38:40] FetchUrl: HTTP 403 for https://assetdelivery.roblox.com/v1/asset/?id=594478911
[2026-06-16 13:38:40] Asset 594478911: fetch failed, falling back to redirect
[2026-06-16 13:38:40] FetchUrl: HTTP 403 for https://assetdelivery.roblox.com/v1/asset/?id=594478911
[2026-06-16 13:38:40] Asset 594478911: fetch failed, falling back to redirect
[2026-06-16 13:38:40] >> POST /game-passes/v1/game-passes:batchGetOwnership
[2026-06-16 13:38:40] batchGetOwnership userId=14463315 ids=1 body=[{"ownershipIdentifiers":[{"userId":14463315,"gamePassId":17791697}]}]
[2026-06-16 13:38:40] << /game-passes/v1/game-passes:batchGetOwnership -> {"data":[{"gamePassId":17791697,"userId":14463315,"owned":true,"isOwned":true}],"errors":[],"gamePasses":[{"path":"game-passes/17791697","gamePassId":17791697,"userId":14463315,"owned":true,"isOwned":true}]}
[2026-06-16 13:38:40] >> GET /v1/asset/?id=656180015&serverplaceid=0&scriptinsert=1&clientinsert=0
[2026-06-16 13:38:41] >> POST /game-passes/v1/game-passes:batchGetOwnership
[2026-06-16 13:38:41] batchGetOwnership userId=14463315 ids=1 body=[{"ownershipIdentifiers":[{"userId":14463315,"gamePassId":17791662}]}]
[2026-06-16 13:38:41] << /game-passes/v1/game-passes:batchGetOwnership -> {"data":[{"gamePassId":17791662,"userId":14463315,"owned":true,"isOwned":true}],"errors":[],"gamePasses":[{"path":"game-passes/17791662","gamePassId":17791662,"userId":14463315,"owned":true,"isOwned":true}]}
[2026-06-16 13:38:41] FetchUrl: HTTP 403 for https://assetdelivery.roblox.com/v1/asset/?id=656180015
[2026-06-16 13:38:41] Asset 656180015: fetch failed, falling back to redirect
[2026-06-16 13:38:41] >> POST /game-passes/v1/game-passes:batchGetOwnership
[2026-06-16 13:38:41] batchGetOwnership userId=14463315 ids=1 body=[{"ownershipIdentifiers":[{"userId":14463315,"gamePassId":17791324}]}]
[2026-06-16 13:38:41] << /game-passes/v1/game-passes:batchGetOwnership -> {"data":[{"gamePassId":17791324,"userId":14463315,"owned":true,"isOwned":true}],"errors":[],"gamePasses":[{"path":"game-passes/17791324","gamePassId":17791324,"userId":14463315,"owned":true,"isOwned":true}]}
[2026-06-16 13:38:41] >> GET /player-policy-service/v1/player-policy-client
[2026-06-16 13:38:41] 404 GET /player-policy-service/v1/player-policy-client
[2026-06-16 13:38:41] << /player-policy-service/v1/player-policy-client -> {"errors":[{"code":"NotFound","message":"Not found"}]}
[2026-06-16 13:38:41] >> GET /v1/asset/?id=656180015&serverplaceid=0&scriptinsert=1&clientinsert=0
[2026-06-16 13:38:41] >> POST /game-passes/v1/game-passes:batchGetOwnership
[2026-06-16 13:38:41] >> POST /product-experimentation-platform/v1/projects/1/values
[2026-06-16 13:38:41] batchGetOwnership userId=14463315 ids=1 body=[{"ownershipIdentifiers":[{"userId":14463315,"gamePassId":17791636}]}]
[2026-06-16 13:38:41] << /product-experimentation-platform/v1/projects/1/values -> {"assignments":[]}
[2026-06-16 13:38:41] << /game-passes/v1/game-passes:batchGetOwnership -> {"data":[{"gamePassId":17791636,"userId":14463315,"owned":true,"isOwned":true}],"errors":[],"gamePasses":[{"path":"game-passes/17791636","gamePassId":17791636,"userId":14463315,"owned":true,"isOwned":true}]}
[2026-06-16 13:38:42] FetchUrl: HTTP 403 for https://assetdelivery.roblox.com/v1/asset/?id=656180015
[2026-06-16 13:38:42] Asset 656180015: fetch failed, falling back to redirect
[2026-06-16 13:38:42] >> GET /v1/settings
[2026-06-16 13:38:42] >> GET /v1/settings
[2026-06-16 13:38:42] >> GET /v2/users/14463315/groups/roles
[2026-06-16 13:38:42] << /v1/settings -> {"isVoiceEnabled":true,"isUserOptIn":true,"isUserEligible":true,"isBanned":false,"banReason":0,"bannedUntil":null,"canVerifyAgeForVoice":true,"isVerifiedForVoice":true,"denialReason":0,"isOptInDisabled":false,"hasEverOpted":true,"isAvatarVideoEnabled":true,"isAvatarVideoOptIn":true,"isAvatarVideoOptInDisabled":false,"isAvatarVideoEligible":true,"hasEverOptedAvatarVideo":true,"userHasAvatarCameraAlwaysAvailable":true,"canVerifyPhoneForVoice":true,"seamlessVoiceStatus":1,"allowVoiceDataUsage":true,"seamlessVoiceVariant":""}
[2026-06-16 13:38:42] << /v1/settings -> {"isVoiceEnabled":true,"isUserOptIn":true,"isUserEligible":true,"isBanned":false,"banReason":0,"bannedUntil":null,"canVerifyAgeForVoice":true,"isVerifiedForVoice":true,"denialReason":0,"isOptInDisabled":false,"hasEverOpted":true,"isAvatarVideoEnabled":true,"isAvatarVideoOptIn":true,"isAvatarVideoOptInDisabled":false,"isAvatarVideoEligible":true,"hasEverOptedAvatarVideo":true,"userHasAvatarCameraAlwaysAvailable":true,"canVerifyPhoneForVoice":true,"seamlessVoiceStatus":1,"allowVoiceDataUsage":true,"seamlessVoiceVariant":""}
[2026-06-16 13:38:42] << /v2/users/14463315/groups/roles -> {"data":[{"group":{"id":13538101,"name":"GC' Sus Games","memberCount":11,"hasVerifiedBadge":false},"role":{"id":77381526,"name":"Member","rank":1}},{"group":{"id":391929292,"name":"FilteringEnabled=false","memberCount":6,"hasVerifiedBadge":false},"role":{"id":700687000,"name":"Owner","rank":255}},{"group":{"id":4347428,"name":"The State of Mind","memberCount":416796,"hasVerifiedBadge":false},"role":{"id":29322544,"name":"⭐️ Important Member","rank":1}},{"group":{"id":33142130,"name":"Legence Clothes","memberCount":6,"hasVerifiedBadge":false},"role":{"id":101719466,"name":"🎀📝 Love📝","rank":1}},{"group":{"id":13273531,"name":"_RARE NAMES_","memberCount":11049,"hasVerifiedBadge":false},"role":{"id":76113545,"name":"Incredible names","rank":45}},{"group":{"id":5995136,"name":"- Old Roblox Accounts -","memberCount":62907,"hasVerifiedBadge":false},"role":{"id":93679233,"name":"2006 / 2007","rank":170}},{"group":{"id":32818995,"name":"(Project Aincrad SAO)","member
[2026-06-16 13:38:42] >> GET /v1/asset/?id=656180015&serverplaceid=0&scriptinsert=1&clientinsert=0
[2026-06-16 13:38:43] FetchUrl: HTTP 403 for https://assetdelivery.roblox.com/v1/asset/?id=656180015
[2026-06-16 13:38:43] Asset 656180015: fetch failed, falling back to redirect
[2026-06-16 13:38:43] >> GET /v1/asset/?id=656180015&serverplaceid=0&scriptinsert=1&clientinsert=0
[2026-06-16 13:38:44] FetchUrl: HTTP 403 for https://assetdelivery.roblox.com/v1/asset/?id=656180015
[2026-06-16 13:38:44] Asset 656180015: fetch failed, falling back to redirect
[2026-06-16 13:38:45] >> GET /v1/asset/?id=656180015&serverplaceid=0&scriptinsert=1&clientinsert=0
[2026-06-16 13:38:45] FetchUrl: HTTP 403 for https://assetdelivery.roblox.com/v1/asset/?id=656180015
[2026-06-16 13:38:45] Asset 656180015: fetch failed, falling back to redirect
[2026-06-16 13:38:45] >> GET /v1/asset/?id=656180015&serverplaceid=0&scriptinsert=1&clientinsert=0
[2026-06-16 13:38:46] >> POST /v1.1/Counters/BatchIncrement?apiKey=76E5A40C-3AE1-4028-9F10-7C62520BD94F
[2026-06-16 13:38:46] >> POST /v1.0/SequenceStatistics/BatchAddToSequencesV2?apiKey=76E5A40C-3AE1-4028-9F10-7C62520BD94F
[2026-06-16 13:38:46] >> POST /studio/pbe
[2026-06-16 13:38:46] >> POST /timespent/pbe
[2026-06-16 13:38:46] >> POST /client/pbe
[2026-06-16 13:38:46] << /v1.1/Counters/BatchIncrement -> {}
[2026-06-16 13:38:46] << /v1.0/SequenceStatistics/BatchAddToSequencesV2 -> {}
[2026-06-16 13:38:46] << /studio/pbe -> {}
[2026-06-16 13:38:46] >> POST /experience-signals-ingest/public/v1/events/single
[2026-06-16 13:38:46] << /timespent/pbe -> {}
[2026-06-16 13:38:46] << /client/pbe -> {}
[2026-06-16 13:38:46] << /experience-signals-ingest/public/v1/events/single -> {}
[2026-06-16 13:38:46] FetchUrl: HTTP 403 for https://assetdelivery.roblox.com/v1/asset/?id=656180015
[2026-06-16 13:38:46] Asset 656180015: fetch failed, falling back to redirect
[2026-06-16 13:38:46] >> GET /v1/asset/?id=656180015&serverplaceid=0&scriptinsert=1&clientinsert=0
[2026-06-16 13:38:47] FetchUrl: HTTP 403 for https://assetdelivery.roblox.com/v1/asset/?id=656180015
[2026-06-16 13:38:47] Asset 656180015: fetch failed, falling back to redirect
[2026-06-16 13:38:47] >> POST /v1.0/SequenceStatistics/BatchAddToSequencesV2?apiKey=76E5A40C-3AE1-4028-9F10-7C62520BD94F
[2026-06-16 13:38:47] << /v1.0/SequenceStatistics/BatchAddToSequencesV2 -> {}
[2026-06-16 13:38:47] >> POST /v1.1/Counters/BatchIncrement?apiKey=76E5A40C-3AE1-4028-9F10-7C62520BD94F
[2026-06-16 13:38:47] << /v1.1/Counters/BatchIncrement -> {}
[2026-06-16 13:38:47] >> GET /v1/asset/?id=656180015&serverplaceid=0&scriptinsert=1&clientinsert=0
[2026-06-16 13:38:48] FetchUrl: HTTP 403 for https://assetdelivery.roblox.com/v1/asset/?id=656180015
[2026-06-16 13:38:48] Asset 656180015: fetch failed, falling back to redirect
[2026-06-16 13:38:48] >> GET /v1/asset/?id=656180015&serverplaceid=0&scriptinsert=1&clientinsert=0
[2026-06-16 13:38:49] FetchUrl: HTTP 403 for https://assetdelivery.roblox.com/v1/asset/?id=656180015
[2026-06-16 13:38:49] Asset 656180015: fetch failed, falling back to redirect
[2026-06-16 13:38:49] >> POST /user-heartbeats-api/pulse
[2026-06-16 13:38:49] << /user-heartbeats-api/pulse -> {"accounts": [{"username": "HearMeRoar","robloxCookie": "","pulseInterval": 30000,"enableLogging": true}],"globalConfig": {"retryAttempts": 3,"retryDelay": 5000}}
[2026-06-16 13:38:49] >> GET /v1/asset/?id=656180015&serverplaceid=0&scriptinsert=1&clientinsert=0
[2026-06-16 13:38:50] FetchUrl: HTTP 403 for https://assetdelivery.roblox.com/v1/asset/?id=656180015
[2026-06-16 13:38:50] Asset 656180015: fetch failed, falling back to redirect
[2026-06-16 13:38:50] >> GET /v1/asset/?id=656180015&serverplaceid=0&scriptinsert=1&clientinsert=0
[2026-06-16 13:38:50] FetchUrl: HTTP 403 for https://assetdelivery.roblox.com/v1/asset/?id=656180015
[2026-06-16 13:38:50] Asset 656180015: fetch failed, falling back to redirect
[2026-06-16 13:38:51] >> GET /v1/asset/?id=656180015&serverplaceid=0&scriptinsert=1&clientinsert=0
[2026-06-16 13:38:51] FetchUrl: HTTP 403 for https://assetdelivery.roblox.com/v1/asset/?id=656180015
[2026-06-16 13:38:51] Asset 656180015: fetch failed, falling back to redirect
[2026-06-16 13:38:52] >> GET /v1/asset/?id=656180015&serverplaceid=0&scriptinsert=1&clientinsert=0
[2026-06-16 13:38:52] FetchUrl: HTTP 403 for https://assetdelivery.roblox.com/v1/asset/?id=656180015
[2026-06-16 13:38:52] Asset 656180015: fetch failed, falling back to redirect
[2026-06-16 13:38:53] >> GET /userhub/?id=
[2026-06-16 13:38:53] 404 GET /userhub/
[2026-06-16 13:38:53] << /userhub/ -> {"errors":[{"code":"NotFound","message":"Not found"}]}
[2026-06-16 13:38:53] >> GET /v1/asset/?id=656180015&serverplaceid=0&scriptinsert=1&clientinsert=0
[2026-06-16 13:38:53] FetchUrl: HTTP 403 for https://assetdelivery.roblox.com/v1/asset/?id=656180015
[2026-06-16 13:38:53] Asset 656180015: fetch failed, falling back to redirect
[2026-06-16 13:38:54] >> GET /v1/asset/?id=656180015&serverplaceid=0&scriptinsert=1&clientinsert=0
[2026-06-16 13:38:54] FetchUrl: HTTP 403 for https://assetdelivery.roblox.com/v1/asset/?id=656180015
[2026-06-16 13:38:54] Asset 656180015: fetch failed, falling back to redirect
[2026-06-16 13:38:55] >> GET /v1/asset/?id=656180015&serverplaceid=0&scriptinsert=1&clientinsert=0
[2026-06-16 13:38:55] FetchUrl: HTTP 403 for https://assetdelivery.roblox.com/v1/asset/?id=656180015
[2026-06-16 13:38:55] Asset 656180015: fetch failed, falling back to redirect
[2026-06-16 13:38:56] >> GET /v1/asset/?id=656180015&serverplaceid=0&scriptinsert=1&clientinsert=0
[2026-06-16 13:38:56] FetchUrl: HTTP 403 for https://assetdelivery.roblox.com/v1/asset/?id=656180015
[2026-06-16 13:38:56] Asset 656180015: fetch failed, falling back to redirect
[2026-06-16 13:38:57] >> GET /v1/asset/?id=656180015&serverplaceid=0&scriptinsert=1&clientinsert=0
[2026-06-16 13:38:57] FetchUrl: HTTP 403 for https://assetdelivery.roblox.com/v1/asset/?id=656180015
[2026-06-16 13:38:57] Asset 656180015: fetch failed, falling back to redirect
[2026-06-16 13:38:58] >> GET /v1/asset/?id=656180015&serverplaceid=0&scriptinsert=1&clientinsert=0
[2026-06-16 13:38:58] FetchUrl: HTTP 403 for https://assetdelivery.roblox.com/v1/asset/?id=656180015
[2026-06-16 13:38:58] Asset 656180015: fetch failed, falling back to redirect
[2026-06-16 13:38:59] >> GET /v1/asset/?id=656180015&serverplaceid=0&scriptinsert=1&clientinsert=0
[2026-06-16 13:38:59] FetchUrl: HTTP 403 for https://assetdelivery.roblox.com/v1/asset/?id=656180015
[2026-06-16 13:38:59] Asset 656180015: fetch failed, falling back to redirect
[2026-06-16 13:39:00] >> GET /v1/asset/?id=656180015&serverplaceid=0&scriptinsert=1&clientinsert=0
[2026-06-16 13:39:00] FetchUrl: HTTP 403 for https://assetdelivery.roblox.com/v1/asset/?id=656180015
[2026-06-16 13:39:00] Asset 656180015: fetch failed, falling back to redirect
[2026-06-16 13:39:01] >> GET /v1/asset/?id=656180015&serverplaceid=0&scriptinsert=1&clientinsert=0
[2026-06-16 13:39:01] FetchUrl: HTTP 403 for https://assetdelivery.roblox.com/v1/asset/?id=656180015
[2026-06-16 13:39:01] Asset 656180015: fetch failed, falling back to redirect
[2026-06-16 13:39:02] >> GET /v1/asset/?id=656180015&serverplaceid=0&scriptinsert=1&clientinsert=0
[2026-06-16 13:39:02] FetchUrl: HTTP 403 for https://assetdelivery.roblox.com/v1/asset/?id=656180015
[2026-06-16 13:39:02] Asset 656180015: fetch failed, falling back to redirect
[2026-06-16 13:39:03] >> GET /v1/asset/?id=656180015&serverplaceid=0&scriptinsert=1&clientinsert=0
[2026-06-16 13:39:03] FetchUrl: HTTP 403 for https://assetdelivery.roblox.com/v1/asset/?id=656180015
[2026-06-16 13:39:03] Asset 656180015: fetch failed, falling back to redirect
[2026-06-16 13:39:04] >> GET /v1/asset/?id=656180015&serverplaceid=0&scriptinsert=1&clientinsert=0
[2026-06-16 13:39:04] FetchUrl: HTTP 403 for https://assetdelivery.roblox.com/v1/asset/?id=656180015
[2026-06-16 13:39:04] Asset 656180015: fetch failed, falling back to redirect
[2026-06-16 13:39:05] >> GET /v1/asset/?id=656180015&serverplaceid=0&scriptinsert=1&clientinsert=0
[2026-06-16 13:39:05] FetchUrl: HTTP 403 for https://assetdelivery.roblox.com/v1/asset/?id=656180015
[2026-06-16 13:39:05] Asset 656180015: fetch failed, falling back to redirect
[2026-06-16 13:39:06] >> GET /v1/asset/?id=656180015&serverplaceid=0&scriptinsert=1&clientinsert=0
[2026-06-16 13:39:06] FetchUrl: HTTP 403 for https://assetdelivery.roblox.com/v1/asset/?id=656180015
[2026-06-16 13:39:06] Asset 656180015: fetch failed, falling back to redirect
[2026-06-16 13:39:07] >> GET /v1/asset/?id=656180015&serverplaceid=0&scriptinsert=1&clientinsert=0
[2026-06-16 13:39:07] FetchUrl: HTTP 403 for https://assetdelivery.roblox.com/v1/asset/?id=656180015
[2026-06-16 13:39:07] Asset 656180015: fetch failed, falling back to redirect
[2026-06-16 13:39:08] >> GET /v1/asset/?id=656180015&serverplaceid=0&scriptinsert=1&clientinsert=0
[2026-06-16 13:39:08] FetchUrl: HTTP 403 for https://assetdelivery.roblox.com/v1/asset/?id=656180015
[2026-06-16 13:39:08] Asset 656180015: fetch failed, falling back to redirect
[2026-06-16 13:39:09] >> GET /v1/asset/?id=656180015&serverplaceid=0&scriptinsert=1&clientinsert=0
[2026-06-16 13:39:09] FetchUrl: HTTP 403 for https://assetdelivery.roblox.com/v1/asset/?id=656180015
[2026-06-16 13:39:09] Asset 656180015: fetch failed, falling back to redirect
[2026-06-16 13:39:10] >> GET /v1/asset/?id=656180015&serverplaceid=0&scriptinsert=1&clientinsert=0
[2026-06-16 13:39:10] FetchUrl: HTTP 403 for https://assetdelivery.roblox.com/v1/asset/?id=656180015
[2026-06-16 13:39:10] Asset 656180015: fetch failed, falling back to redirect
[2026-06-16 13:39:11] >> GET /v1/asset/?id=656180015&serverplaceid=0&scriptinsert=1&clientinsert=0
[2026-06-16 13:39:11] FetchUrl: HTTP 403 for https://assetdelivery.roblox.com/v1/asset/?id=656180015
[2026-06-16 13:39:11] Asset 656180015: fetch failed, falling back to redirect
[2026-06-16 13:39:12] >> GET /v1/asset/?id=656180015&serverplaceid=0&scriptinsert=1&clientinsert=0
[2026-06-16 13:39:12] FetchUrl: HTTP 403 for https://assetdelivery.roblox.com/v1/asset/?id=656180015
[2026-06-16 13:39:12] Asset 656180015: fetch failed, falling back to redirect
[2026-06-16 13:39:13] >> GET /v1/asset/?id=656180015&serverplaceid=0&scriptinsert=1&clientinsert=0
[2026-06-16 13:39:13] FetchUrl: HTTP 403 for https://assetdelivery.roblox.com/v1/asset/?id=656180015
[2026-06-16 13:39:13] Asset 656180015: fetch failed, falling back to redirect
[2026-06-16 13:39:14] >> GET /v1/asset/?id=656180015&serverplaceid=0&scriptinsert=1&clientinsert=0
[2026-06-16 13:39:14] FetchUrl: HTTP 403 for https://assetdelivery.roblox.com/v1/asset/?id=656180015
[2026-06-16 13:39:14] Asset 656180015: fetch failed, falling back to redirect
[2026-06-16 13:39:15] >> GET /v1/asset/?id=656180015&serverplaceid=0&scriptinsert=1&clientinsert=0
[2026-06-16 13:39:15] FetchUrl: HTTP 403 for https://assetdelivery.roblox.com/v1/asset/?id=656180015
[2026-06-16 13:39:15] Asset 656180015: fetch failed, falling back to redirect
[2026-06-16 13:39:16] >> POST /v1.0/SequenceStatistics/BatchAddToSequencesV2?apiKey=76E5A40C-3AE1-4028-9F10-7C62520BD94F
[2026-06-16 13:39:16] >> POST /timespent/pbe
[2026-06-16 13:39:16] >> POST /experience-signals-ingest/public/v1/events/single
[2026-06-16 13:39:16] << /v1.0/SequenceStatistics/BatchAddToSequencesV2 -> {}
[2026-06-16 13:39:16] << /timespent/pbe -> {}
[2026-06-16 13:39:16] << /experience-signals-ingest/public/v1/events/single -> {}
[2026-06-16 13:39:16] >> GET /v1/asset/?id=656180015&serverplaceid=0&scriptinsert=1&clientinsert=0
[2026-06-16 13:39:16] FetchUrl: HTTP 403 for https://assetdelivery.roblox.com/v1/asset/?id=656180015
[2026-06-16 13:39:16] Asset 656180015: fetch failed, falling back to redirect
[2026-06-16 13:39:17] >> GET /v1/asset/?id=656180015&serverplaceid=0&scriptinsert=1&clientinsert=0
[2026-06-16 13:39:17] FetchUrl: HTTP 403 for https://assetdelivery.roblox.com/v1/asset/?id=656180015
[2026-06-16 13:39:17] Asset 656180015: fetch failed, falling back to redirect
[2026-06-16 13:39:18] >> GET /v1/asset/?id=656180015&serverplaceid=0&scriptinsert=1&clientinsert=0
[2026-06-16 13:39:18] FetchUrl: HTTP 403 for https://assetdelivery.roblox.com/v1/asset/?id=656180015
[2026-06-16 13:39:18] Asset 656180015: fetch failed, falling back to redirect
[2026-06-16 13:39:19] >> GET /v1/asset/?id=656180015&serverplaceid=0&scriptinsert=1&clientinsert=0
[2026-06-16 13:39:19] >> POST /user-heartbeats-api/pulse
[2026-06-16 13:39:19] << /user-heartbeats-api/pulse -> {"accounts": [{"username": "HearMeRoar","robloxCookie": "","pulseInterval": 30000,"enableLogging": true}],"globalConfig": {"retryAttempts": 3,"retryDelay": 5000}}
[2026-06-16 13:39:19] FetchUrl: HTTP 403 for https://assetdelivery.roblox.com/v1/asset/?id=656180015
[2026-06-16 13:39:19] Asset 656180015: fetch failed, falling back to redirect
[2026-06-16 13:39:20] >> GET /v1/asset/?id=656180015&serverplaceid=0&scriptinsert=1&clientinsert=0
[2026-06-16 13:39:20] FetchUrl: HTTP 403 for https://assetdelivery.roblox.com/v1/asset/?id=656180015
[2026-06-16 13:39:20] Asset 656180015: fetch failed, falling back to redirect
[2026-06-16 13:39:21] >> POST /v1.0/SequenceStatistics/BatchAddToSequencesV2?apiKey=76E5A40C-3AE1-4028-9F10-7C62520BD94F
[2026-06-16 13:39:21] << /v1.0/SequenceStatistics/BatchAddToSequencesV2 -> {}
[2026-06-16 13:39:21] >> GET /v1/asset/?id=656180015&serverplaceid=0&scriptinsert=1&clientinsert=0
[2026-06-16 13:39:21] >> POST /v1.1/Counters/BatchIncrement?apiKey=76E5A40C-3AE1-4028-9F10-7C62520BD94F
[2026-06-16 13:39:21] << /v1.1/Counters/BatchIncrement -> {}
[2026-06-16 13:39:21] FetchUrl: HTTP 403 for https://assetdelivery.roblox.com/v1/asset/?id=656180015
[2026-06-16 13:39:21] Asset 656180015: fetch failed, falling back to redirect
[2026-06-16 13:39:22] >> GET /v1/asset/?id=656180015&serverplaceid=0&scriptinsert=1&clientinsert=0
[2026-06-16 13:39:22] FetchUrl: HTTP 403 for https://assetdelivery.roblox.com/v1/asset/?id=656180015
[2026-06-16 13:39:22] Asset 656180015: fetch failed, falling back to redirect
[2026-06-16 13:39:23] >> GET /v1/asset/?id=656180015&serverplaceid=0&scriptinsert=1&clientinsert=0
[2026-06-16 13:39:23] FetchUrl: HTTP 403 for https://assetdelivery.roblox.com/v1/asset/?id=656180015
[2026-06-16 13:39:23] Asset 656180015: fetch failed, falling back to redirect
[2026-06-16 13:39:23] >> GET /userhub/?id=
[2026-06-16 13:39:23] 404 GET /userhub/
[2026-06-16 13:39:23] << /userhub/ -> {"errors":[{"code":"NotFound","message":"Not found"}]}
[2026-06-16 13:39:24] >> GET /v1/asset/?id=656180015&serverplaceid=0&scriptinsert=1&clientinsert=0
[2026-06-16 13:39:24] FetchUrl: HTTP 403 for https://assetdelivery.roblox.com/v1/asset/?id=656180015
[2026-06-16 13:39:24] Asset 656180015: fetch failed, falling back to redirect
[2026-06-16 13:39:25] >> GET /v1/asset/?id=656180015&serverplaceid=0&scriptinsert=1&clientinsert=0
[2026-06-16 13:39:25] FetchUrl: HTTP 403 for https://assetdelivery.roblox.com/v1/asset/?id=656180015
[2026-06-16 13:39:25] Asset 656180015: fetch failed, falling back to redirect
[2026-06-16 13:39:26] >> GET /v1/asset/?id=656180015&serverplaceid=0&scriptinsert=1&clientinsert=0
[2026-06-16 13:39:26] FetchUrl: HTTP 403 for https://assetdelivery.roblox.com/v1/asset/?id=656180015
[2026-06-16 13:39:26] Asset 656180015: fetch failed, falling back to redirect
[2026-06-16 13:39:27] >> GET /v1/asset/?id=656180015&serverplaceid=0&scriptinsert=1&clientinsert=0
[2026-06-16 13:39:27] FetchUrl: HTTP 403 for https://assetdelivery.roblox.com/v1/asset/?id=656180015
[2026-06-16 13:39:27] Asset 656180015: fetch failed, falling back to redirect
[2026-06-16 13:39:28] >> GET /v1/asset/?id=656180015&serverplaceid=0&scriptinsert=1&clientinsert=0
[2026-06-16 13:39:28] FetchUrl: HTTP 403 for https://assetdelivery.roblox.com/v1/asset/?id=656180015
[2026-06-16 13:39:28] Asset 656180015: fetch failed, falling back to redirect
[2026-06-16 13:39:29] >> GET /v1/asset/?id=656180015&serverplaceid=0&scriptinsert=1&clientinsert=0
[2026-06-16 13:39:29] FetchUrl: HTTP 403 for https://assetdelivery.roblox.com/v1/asset/?id=656180015
[2026-06-16 13:39:29] Asset 656180015: fetch failed, falling back to redirect
[2026-06-16 13:39:30] >> GET /v1/asset/?id=656180015&serverplaceid=0&scriptinsert=1&clientinsert=0
[2026-06-16 13:39:30] FetchUrl: HTTP 403 for https://assetdelivery.roblox.com/v1/asset/?id=656180015
[2026-06-16 13:39:30] Asset 656180015: fetch failed, falling back to redirect
[2026-06-16 13:39:31] >> GET /v1/asset/?id=656180015&serverplaceid=0&scriptinsert=1&clientinsert=0
[2026-06-16 13:39:31] FetchUrl: HTTP 403 for https://assetdelivery.roblox.com/v1/asset/?id=656180015
[2026-06-16 13:39:31] Asset 656180015: fetch failed, falling back to redirect
[2026-06-16 13:39:32] >> GET /v1/asset/?id=656180015&serverplaceid=0&scriptinsert=1&clientinsert=0
[2026-06-16 13:39:32] FetchUrl: HTTP 403 for https://assetdelivery.roblox.com/v1/asset/?id=656180015
[2026-06-16 13:39:32] Asset 656180015: fetch failed, falling back to redirect
[2026-06-16 13:39:33] >> GET /v1/asset/?id=656180015&serverplaceid=0&scriptinsert=1&clientinsert=0
[2026-06-16 13:39:33] FetchUrl: HTTP 403 for https://assetdelivery.roblox.com/v1/asset/?id=656180015
[2026-06-16 13:39:33] Asset 656180015: fetch failed, falling back to redirect
[2026-06-16 13:39:33] >> POST /experience-signals-ingest/rcc/v1/events/uniform
[2026-06-16 13:39:33] << /experience-signals-ingest/rcc/v1/events/uniform -> {}
[2026-06-16 13:39:34] >> GET /v1/asset/?id=656180015&serverplaceid=0&scriptinsert=1&clientinsert=0
[2026-06-16 13:39:34] FetchUrl: HTTP 403 for https://assetdelivery.roblox.com/v1/asset/?id=656180015
[2026-06-16 13:39:34] Asset 656180015: fetch failed, falling back to redirect
[2026-06-16 13:39:35] >> GET /v1/asset/?id=656180015&serverplaceid=0&scriptinsert=1&clientinsert=0
[2026-06-16 13:39:35] FetchUrl: HTTP 403 for https://assetdelivery.roblox.com/v1/asset/?id=656180015
[2026-06-16 13:39:35] Asset 656180015: fetch failed, falling back to redirect
[2026-06-16 13:39:36] >> GET /v1/asset/?id=656180015&serverplaceid=0&scriptinsert=1&clientinsert=0
[2026-06-16 13:39:36] FetchUrl: HTTP 403 for https://assetdelivery.roblox.com/v1/asset/?id=656180015
[2026-06-16 13:39:36] Asset 656180015: fetch failed, falling back to redirect
[2026-06-16 13:39:37] >> GET /v1/asset/?id=656180015&serverplaceid=0&scriptinsert=1&clientinsert=0
[2026-06-16 13:39:37] FetchUrl: HTTP 403 for https://assetdelivery.roblox.com/v1/asset/?id=656180015
[2026-06-16 13:39:37] Asset 656180015: fetch failed, falling back to redirect
[2026-06-16 13:39:38] >> GET /v1/asset/?id=656180015&serverplaceid=0&scriptinsert=1&clientinsert=0
[2026-06-16 13:39:38] FetchUrl: HTTP 403 for https://assetdelivery.roblox.com/v1/asset/?id=656180015
[2026-06-16 13:39:38] Asset 656180015: fetch failed, falling back to redirect
[2026-06-16 13:39:39] >> GET /v1/asset/?id=656180015&serverplaceid=0&scriptinsert=1&clientinsert=0
[2026-06-16 13:39:39] FetchUrl: HTTP 403 for https://assetdelivery.roblox.com/v1/asset/?id=656180015
[2026-06-16 13:39:39] Asset 656180015: fetch failed, falling back to redirect
[2026-06-16 13:39:40] >> GET /v1/asset/?id=656180015&serverplaceid=0&scriptinsert=1&clientinsert=0
[2026-06-16 13:39:40] FetchUrl: HTTP 403 for https://assetdelivery.roblox.com/v1/asset/?id=656180015
[2026-06-16 13:39:40] Asset 656180015: fetch failed, falling back to redirect
[2026-06-16 13:39:41] >> GET /v1/asset/?id=656180015&serverplaceid=0&scriptinsert=1&clientinsert=0
[2026-06-16 13:39:41] FetchUrl: HTTP 403 for https://assetdelivery.roblox.com/v1/asset/?id=656180015
[2026-06-16 13:39:41] Asset 656180015: fetch failed, falling back to redirect
[2026-06-16 13:39:42] >> GET /v1/asset/?id=656180015&serverplaceid=0&scriptinsert=1&clientinsert=0
[2026-06-16 13:39:42] FetchUrl: HTTP 403 for https://assetdelivery.roblox.com/v1/asset/?id=656180015
[2026-06-16 13:39:42] Asset 656180015: fetch failed, falling back to redirect
[2026-06-16 13:39:43] >> GET /v1/asset/?id=656180015&serverplaceid=0&scriptinsert=1&clientinsert=0
[2026-06-16 13:39:43] FetchUrl: HTTP 403 for https://assetdelivery.roblox.com/v1/asset/?id=656180015
[2026-06-16 13:39:43] Asset 656180015: fetch failed, falling back to redirect
[2026-06-16 13:39:44] >> GET /v1/asset/?id=656180015&serverplaceid=0&scriptinsert=1&clientinsert=0
[2026-06-16 13:39:44] FetchUrl: HTTP 403 for https://assetdelivery.roblox.com/v1/asset/?id=656180015
[2026-06-16 13:39:44] Asset 656180015: fetch failed, falling back to redirect
[2026-06-16 13:39:45] >> GET /v1/asset/?id=656180015&serverplaceid=0&scriptinsert=1&clientinsert=0
[2026-06-16 13:39:45] FetchUrl: HTTP 403 for https://assetdelivery.roblox.com/v1/asset/?id=656180015
[2026-06-16 13:39:45] Asset 656180015: fetch failed, falling back to redirect
[2026-06-16 13:39:46] >> POST /v1.0/SequenceStatistics/BatchAddToSequencesV2?apiKey=76E5A40C-3AE1-4028-9F10-7C62520BD94F
[2026-06-16 13:39:46] >> POST /studio/pbe
[2026-06-16 13:39:46] >> POST /timespent/pbe
[2026-06-16 13:39:46] >> POST /experience-signals-ingest/public/v1/events/single
[2026-06-16 13:39:46] << /v1.0/SequenceStatistics/BatchAddToSequencesV2 -> {}
[2026-06-16 13:39:46] << /studio/pbe -> {}
[2026-06-16 13:39:46] << /timespent/pbe -> {}
[2026-06-16 13:39:46] << /experience-signals-ingest/public/v1/events/single -> {}
[2026-06-16 13:39:46] >> GET /v1/asset/?id=656180015&serverplaceid=0&scriptinsert=1&clientinsert=0
[2026-06-16 13:39:46] FetchUrl: HTTP 403 for https://assetdelivery.roblox.com/v1/asset/?id=656180015
[2026-06-16 13:39:46] Asset 656180015: fetch failed, falling back to redirect
[2026-06-16 13:39:47] >> GET /asset/?id=424126550&xcachesplit=9000000000048
[2026-06-16 13:39:47] FetchUrl: HTTP 403 for https://assetdelivery.roblox.com/v1/asset/?id=424126550
[2026-06-16 13:39:47] Asset 424126550: fetch failed, falling back to redirect
[2026-06-16 13:39:47] >> GET /v1/asset/?id=656180015&serverplaceid=0&scriptinsert=1&clientinsert=0
[2026-06-16 13:39:47] FetchUrl: HTTP 403 for https://assetdelivery.roblox.com/v1/asset/?id=656180015
[2026-06-16 13:39:47] Asset 656180015: fetch failed, falling back to redirect
[2026-06-16 13:39:48] >> POST /v1.0/SequenceStatistics/BatchAddToSequencesV2?apiKey=76E5A40C-3AE1-4028-9F10-7C62520BD94F
[2026-06-16 13:39:48] << /v1.0/SequenceStatistics/BatchAddToSequencesV2 -> {}
[2026-06-16 13:39:48] >> POST /v1.1/Counters/BatchIncrement?apiKey=76E5A40C-3AE1-4028-9F10-7C62520BD94F
[2026-06-16 13:39:48] << /v1.1/Counters/BatchIncrement -> {}
[2026-06-16 13:39:48] >> GET /v1/asset/?id=656180015&serverplaceid=0&scriptinsert=1&clientinsert=0
[2026-06-16 13:39:48] FetchUrl: HTTP 403 for https://assetdelivery.roblox.com/v1/asset/?id=656180015
[2026-06-16 13:39:48] Asset 656180015: fetch failed, falling back to redirect
[2026-06-16 13:39:50] >> POST /user-heartbeats-api/pulse
[2026-06-16 13:39:50] << /user-heartbeats-api/pulse -> {"accounts": [{"username": "HearMeRoar","robloxCookie": "","pulseInterval": 30000,"enableLogging": true}],"globalConfig": {"retryAttempts": 3,"retryDelay": 5000}}
[2026-06-16 13:39:50] >> POST /studio/pbe
[2026-06-16 13:39:50] >> POST /studio/pbe
[2026-06-16 13:39:50] >> PATCH /studio-user-settings/v1/user/studiodata/CloudEditKey_placeId9000000000049
[2026-06-16 13:39:50] << /studio/pbe -> {}
[2026-06-16 13:39:50] << /studio/pbe -> {}
[2026-06-16 13:39:50] << /studio-user-settings/v1/user/studiodata/CloudEditKey_placeId9000000000049 -> {}
[2026-06-16 13:39:53] >> POST /studio/pbe
[2026-06-16 13:39:53] << /studio/pbe -> {}
[2026-06-16 13:39:53] >> POST /studio/pbe
[2026-06-16 13:39:53] << /studio/pbe -> {}
