[2026-06-16 12:43:12] === HookedWebserver startup ===
[2026-06-16 12:43:12] DLL directory: C:\Users\catoa\Desktop\Roblox Downloads\OffBloxModern\Clients\OffBlox\
[2026-06-16 12:43:12] Username: HearMeRoar  UserId: 14463315
[2026-06-16 12:43:12] HTTP port: 80  HTTPS port: 443
[2026-06-16 12:43:12] Winsock initialized
[2026-06-16 12:43:12] Sign key: loaded OK
[2026-06-16 12:43:12] SSL: PEM cert+key loaded OK (PKCS#8 key, no PFX needed)
[2026-06-16 12:43:12] SSL/TLS: loaded OK
[2026-06-16 12:43:12] Server ACTIVE — listening on HTTP:80 and HTTPS:443
[2026-06-16 12:43:12] Startup complete.
[2026-06-16 12:43:12] Roblox cookie probe (users/authenticated): HTTP 200 -> valid
[2026-06-16 12:43:12] Roblox cookie: loaded & valid
[2026-06-16 12:43:14] >> GET /guac-v2/v1/bundles/studio
[2026-06-16 12:43:14] >> GET /v2/client-version/WindowsStudio64
[2026-06-16 12:43:14] >> GET /v2/settings/application/PCStudioApp
[2026-06-16 12:43:14] << /guac-v2/v1/bundles/studio -> {"version":"1","bundle":{"name":"studio","configurations":{"Feature_DisableOldCookieManagementSticky":"0;100","Feature_UnifiedCookieProtocolEnabled":"0;100","Feature_UnifiedCookieProtocolEnabledSticky":"0;100","Feature_AccessCookiesWithUrlEnabledSticky":"0;100"},"experiments":{}}}
[2026-06-16 12:43:14] << /v2/client-version/WindowsStudio64 -> {"version":"0.578.0.5780566","clientVersionUpload":"version-f0b439683245446c","bootstrapperVersion":"1.0.0.0","nextClientVersion":"0.578.0.5780566","nextClientVersionUpload":"version-f0b439683245446c","flagOnly":true}
[2026-06-16 12:43:14] >> GET /oauth/.well-known/openid-configuration
[2026-06-16 12:43:14] >> POST /studio/pbe
[2026-06-16 12:43:14] << /oauth/.well-known/openid-configuration -> {"issuer":"http://localhost/oauth/","authorization_endpoint":"http://localhost/oauth/v1/authorize","token_endpoint":"http://localhost/oauth/v1/token","introspection_endpoint":"http://localhost/oauth/v1/token/introspect","revocation_endpoint":"http://localhost/oauth/v1/token/revoke","resources_endpoint":"http://localhost/oauth/v1/token/resources","userinfo_endpoint":"http://localhost/oauth/v1/userinfo","jwks_uri":"http://localhost/oauth/v1/certs","registration_endpoint":"http://localhost/dashboard/credentials","service_documentation":"http://localhost/docs/reference/cloud","scopes_supported":["openid","profile","email","verification","credentials","age","premium","roles","attributes"],"response_types_supported":["none","code"],"subject_types_supported":["public"],"id_token_signing_alg_values_supported":["ES256"],"claims_supported":["sub","type","iss","aud","exp","iat","nonce","name","nickname","preferred_username","created_at","profile","picture","email","email_ve
[2026-06-16 12:43:14] << /studio/pbe -> {}
[2026-06-16 12:43:14] >> POST /product-experimentation-platform/v1/projects/1/values
[2026-06-16 12:43:14] << /product-experimentation-platform/v1/projects/1/values -> {"assignments":[]}
[2026-06-16 12:43:14] >> POST /studio/pbe
[2026-06-16 12:43:14] << /studio/pbe -> {}
[2026-06-16 12:43:15] >> POST /v1.0/SequenceStatistics/BatchAddToSequencesV2?apiKey=76E5A40C-3AE1-4028-9F10-7C62520BD94F
[2026-06-16 12:43:15] << /v1.0/SequenceStatistics/BatchAddToSequencesV2 -> {}
[2026-06-16 12:43:15] >> POST /v1.1/Counters/BatchIncrement?apiKey=76E5A40C-3AE1-4028-9F10-7C62520BD94F
[2026-06-16 12:43:15] << /v1.1/Counters/BatchIncrement -> {}
[2026-06-16 12:43:16] >> GET /oauth/v1/authorize?response_type=code&code_challenge=BHsPAZUNQ7vnf8esnr5cAiY8CEkxEtwB8RZdDVpfY0o&code_challenge_method=S256&client_id&redirect_uri=roblox-studio-auth%3A%2F&scope=openid+credentials+profile+age+roles+premium+verification&nonce=id-roblox&state=eyJwaWQiOiIyMTg2OCIsImV2ZW50X2hhbmRsZXJfbmFtZSI6IkV4dGVybmFsTG9naW5GbG93IiwiZGF0YSI6Ik8wX3Fia19RUllBemNpelFrMGU3Y1JvQURrQ202MTRIcUl4bXM1enFRVjQifQ%3D%3D
[2026-06-16 12:43:16] /authorize: client_id='roblox_studio_client' nonce='id-roblox' redirect_uri='roblox-studio-auth:/'
[2026-06-16 12:43:17] >> POST /oauth/v1/token
[2026-06-16 12:43:17] /v1/token body: [grant_type=authorization_code&code=hardcoded_auth_code_2023&code_verifier=01BvztrPLzRdhc-4X5ISWUeDacTdn2zWHjL2TOZy_QM&client_id=]
[2026-06-16 12:43:17] /v1/token qs client_id: [(missing)]
[2026-06-16 12:43:17] << /oauth/v1/token -> {"access_token":"hardcoded_access_token","token_type":"Bearer","expires_in":1800,"refresh_token":"hardcoded_refresh_token","scope":"openid credentials profile age roles premium","id_token":"eyJhbGciOiJFUzI1NiIsInR5cCI6IkpXVCIsImtpZCI6ImhhcmRjb2RlZC1rZXktMSJ9.eyJzdWIiOiIxNDQ2MzMxNSIsInR5cGUiOiJVc2VyIiwiaXNzIjoiaHR0cDovL2xvY2FsaG9zdC9vYXV0aC8iLCJhdWQiOiJyb2Jsb3hfc3R1ZGlvX2NsaWVudCIsImV4cCI6MTc4MTY0MDc5MiwiaWF0IjoxNzgxNjM4OTkyLCJub25jZSI6ImlkLXJvYmxveCIsIm5hbWUiOiJIZWFyTWVSb2FyIiwibmlja25hbWUiOiJEZXYiLCJwcmVmZXJyZWRfdXNlcm5hbWUiOiJIZWFyTWVSb2FyIiwiY3JlYXRlZF9hdCI6MTY4MDAwMDAwMCwicHJvZmlsZSI6Imh0dHBzOi8vd3d3LnJvYmxveC5jb20vdXNlcnMvMTQ0NjMzMTUvcHJvZmlsZSIsInBpY3R1cmUiOiJodHRwczovL3d3dy5yb2Jsb3guY29tL2hlYWRzaG90LXRodW1ibmFpbC9pbWFnZT91c2VySWQ9MTQ0NjMzMTUmd2lkdGg9NDIwJmhlaWdodD00MjAiLCJlbWFpbCI6ImRldkByb2Jsb3guZXhhbXBsZSIsImVtYWlsX3ZlcmlmaWVkIjp0cnVlLCJ2ZXJpZmllZCI6dHJ1ZSwiYWdlX2JyYWNrZXQiOiIxOCsiLCJwcmVtaXVtIjp0cnVlLCJyb2xlcyI6WyJEZXZlbG9wZXIiXSwiaW50ZXJuYWxfdXNlciI6ZmFsc2UsImF0dHJpYnV0ZXMiOn
[2026-06-16 12:43:17] >> GET /oauth/v1/userinfo
[2026-06-16 12:43:17] << /oauth/v1/userinfo -> {"sub":"14463315","type":"User","iss":"http://localhost/oauth/","aud":"roblox_studio_client","exp":1781642597,"iat":1781638997,"nonce":"id-roblox","name":"HearMeRoar","nickname":"Dev","preferred_username":"HearMeRoar","created_at":1680000000,"email":"dev@roblox.example","email_verified":true,"verified":true,"age_bracket":"18+","premium":true,"roles":["Developer"],"internal_user":false,"attributes":{}}
[2026-06-16 12:43:17] >> POST /validate-machine
[2026-06-16 12:43:17] << /validate-machine -> {}
[2026-06-16 12:43:17] >> GET /v1/not-approved
[2026-06-16 12:43:17] << /v1/not-approved -> {}
[2026-06-16 12:43:18] >> POST /product-experimentation-platform/v1/projects/1/values
[2026-06-16 12:43:18] >> POST /product-experimentation-platform/v1/projects/1/values
[2026-06-16 12:43:18] << /product-experimentation-platform/v1/projects/1/values -> {"assignments":[]}
[2026-06-16 12:43:18] << /product-experimentation-platform/v1/projects/1/values -> {"assignments":[]}
[2026-06-16 12:43:18] >> POST /product-experimentation-platform/v1/projects/1/values
[2026-06-16 12:43:18] >> POST /user-heartbeats-api/action-report
[2026-06-16 12:43:18] << /product-experimentation-platform/v1/projects/1/values -> {"assignments":[]}
[2026-06-16 12:43:18] << /user-heartbeats-api/action-report -> {"accounts": [{"username": "HearMeRoar","robloxCookie": "","pulseInterval": 30000,"enableLogging": true}],"globalConfig": {"retryAttempts": 3,"retryDelay": 5000}}
[2026-06-16 12:43:18] >> GET /userhub/?id=
[2026-06-16 12:43:18] 404 GET /userhub/
[2026-06-16 12:43:18] << /userhub/ -> {"errors":[{"code":"NotFound","message":"Not found"}]}
[2026-06-16 12:43:18] >> GET /studio-user-data-api/beta-feature-metadata
[2026-06-16 12:43:18] >> GET /studio-user-data-api/beta-feature?pageSize=1000000000
[2026-06-16 12:43:18] << /studio-user-data-api/beta-feature-metadata -> {}
[2026-06-16 12:43:18] >> GET /studio-user-data-api/plugin-metadata?pageSize=1000000000
[2026-06-16 12:43:18] >> GET /studio-user-settings/plugin-permissions/v2/plugins?permissionType=ScriptInjection&cursor&pageSize=100
[2026-06-16 12:43:18] >> GET /studio-user-settings/plugin-permissions/v2/plugins?permissionType=HttpService&cursor&pageSize=100
[2026-06-16 12:43:18] >> GET /v2/user-channel?binaryType=WindowsStudio64
[2026-06-16 12:43:18] << /studio-user-data-api/beta-feature -> {}
[2026-06-16 12:43:18] << /studio-user-data-api/plugin-metadata -> {}
[2026-06-16 12:43:18] << /studio-user-settings/plugin-permissions/v2/plugins -> {}
[2026-06-16 12:43:18] << /studio-user-settings/plugin-permissions/v2/plugins -> {}
[2026-06-16 12:43:18] << /v2/user-channel -> {}
[2026-06-16 12:43:18] >> GET /access-management/v1/feature-access?featureNames=ShowIllegalContentReport&nameSpace=studio%2FSafetyFeatures
[2026-06-16 12:43:18] >> GET /v1/universes/multiget?ids=9000000000046&ids=9000000000098&ids=9000000000048&ids=9000000000068&ids=9000000000016&ids=9000000000088&ids=9000000000064&ids=9000000000092&ids=9000000000096&ids=9000000000080&ids=9000000000018&ids=9000000000040&ids=9000000000030&ids=9000000000070&ids=9000000000034&ids=9000000000020&ids=9000000000002&ids=9000000000026&ids=9000000000052&ids=9000000000022&ids=9000000000050&ids=9000000000062&ids=9000000000044&ids=9000000000060
[2026-06-16 12:43:18] >> GET /my/settings/json
[2026-06-16 12:43:18] << /access-management/v1/feature-access -> {"featureAccess":[],"data":[]}
[2026-06-16 12:43:18] >> GET /v1/games/icons?universeIds=9000000000046&returnPolicy=AutoGenerated&size=256x256&format=Png&isCircular=false
[2026-06-16 12:43:18] >> GET /v2/assets/9000000000047/details
[2026-06-16 12:43:18] << /my/settings/json -> {"UserId":14463315,"UserName":"HearMeRoar","DisplayName":"HearMeRoar","RobuxBalance":9999999999,"IsEmailVerified":true,"IsPremiumUser":true,"AgeBracket":0,"CountryCode":"US","Roles":["Developer","Soothsayer"],"AccountAgeInDays":1324354}
[2026-06-16 12:43:18] << /v1/games/icons -> {"data":[{"targetId":9000000000046,"state":"Completed","imageUrl":"http://localhost/Png.png"}]}
[2026-06-16 12:43:18] << /v2/assets/9000000000047/details -> {"TargetId":9000000000047,"AssetId":9000000000047,"ProductId":9000000000047,"assetId":9000000000047,"id":9000000000047,"Id":9000000000047,"TargetPlaceId":9000000000047,"PlaceId":9000000000047,"ProductType":"User Product","Name":"Phantom Forces","Description":"","AssetTypeId":9,"assetTypeId":9,"Creator":{"Id":14463315,"Name":"HearMeRoar","CreatorType":"User","CreatorTargetId":14463315,"HasVerifiedBadge":false,"id":14463315,"type":1,"creatorType":"User","creatorTargetId":14463315},"IconImageAssetId":0,"Created":"2022-05-11T13:27:09.897Z","Updated":"2022-06-19T07:23:39.03Z","created":"2022-05-11T13:27:09.897Z","updated":"2022-06-19T07:23:39.03Z","PriceInRobux":null,"Sales":0,"IsNew":false,"IsForSale":false,"IsPublicDomain":true,"IsLimited":false,"IsLimitedUnique":false,"isPublic":true,"isForSale":false,"isLimited":false,"isLimitedUnique":false,"enableComments":false}
[2026-06-16 12:43:19] >> GET /userhub/?id=
[2026-06-16 12:43:19] 404 GET /userhub/
[2026-06-16 12:43:19] >> GET /v1/universes/multiget/teamcreate?ids=9000000000046&ids=9000000000098&ids=9000000000048&ids=9000000000068&ids=9000000000016&ids=9000000000088&ids=9000000000064&ids=9000000000092&ids=9000000000096&ids=9000000000080&ids=9000000000018&ids=9000000000040&ids=9000000000030&ids=9000000000070&ids=9000000000034&ids=9000000000020&ids=9000000000002&ids=9000000000026&ids=9000000000052&ids=9000000000022&ids=9000000000050&ids=9000000000062&ids=9000000000044&ids=9000000000060
[2026-06-16 12:43:19] << /userhub/ -> {"errors":[{"code":"NotFound","message":"Not found"}]}
[2026-06-16 12:43:19] >> GET /Png.png
[2026-06-16 12:43:19] TeamCreate stub (disabled): GET /v1/universes/multiget/teamcreate
[2026-06-16 12:43:19] << /v1/universes/multiget/teamcreate -> {"data":[{"id":9000000000046,"isEnabled":false},{"id":9000000000098,"isEnabled":false},{"id":9000000000048,"isEnabled":false},{"id":9000000000068,"isEnabled":false},{"id":9000000000016,"isEnabled":false},{"id":9000000000088,"isEnabled":false},{"id":9000000000064,"isEnabled":false},{"id":9000000000092,"isEnabled":false},{"id":9000000000096,"isEnabled":false},{"id":9000000000080,"isEnabled":false},{"id":9000000000018,"isEnabled":false},{"id":9000000000040,"isEnabled":false},{"id":9000000000030,"isEnabled":false},{"id":9000000000070,"isEnabled":false},{"id":9000000000034,"isEnabled":false},{"id":9000000000020,"isEnabled":false},{"id":9000000000002,"isEnabled":false},{"id":9000000000026,"isEnabled":false},{"id":9000000000052,"isEnabled":false},{"id":9000000000022,"isEnabled":false},{"id":9000000000050,"isEnabled":false},{"id":9000000000062,"isEnabled":false},{"id":9000000000044,"isEnabled":false},{"id":9000000000060,"isEnabled":false}]}
[2026-06-16 12:43:19] >> POST /v1/users
[2026-06-16 12:43:19] << /v1/users -> {"data":[{"hasVerifiedBadge":false,"id":14463315,"name":"HearMeRoar","displayName":"HearMeRoar"}]}
[2026-06-16 12:43:19] >> GET /studio-open-place/v1/openplace?placeId=9000000000047
[2026-06-16 12:43:19] << /studio-open-place/v1/openplace -> {"universe":{"Id":9000000000046,"RootPlaceId":9000000000047,"Name":"Phantom Forces","Description":"","IsArchived":false,"CreatorType":"User","CreatorTargetId":14463315,"PrivacyType":"Private","Created":"2022-01-01T00:00:00.000+00:00","Updated":"2022-01-01T00:00:00.000+00:00"},"teamCreateEnabled":false,"place":{"Creator":{"CreatorType":"User","CreatorTargetId":14463315}}}
[2026-06-16 12:43:19] >> POST /asset-permissions-api/v1/assets/check-permissions
[2026-06-16 12:43:19] asset-permissions assetId=9000000000047 -> HasPermission
[2026-06-16 12:43:19] asset-permissions check done: /asset-permissions-api/v1/assets/check-permissions
[2026-06-16 12:43:19] << /asset-permissions-api/v1/assets/check-permissions -> {"results":[{"value":{"status":"HasPermission"}}]}
[2026-06-16 12:43:19] >> GET /v1/gametemplates?searchKey=Templates&pageSize=30&search=All&isTemplates=true
[2026-06-16 12:43:19] << /v1/gametemplates -> {"data":[{"gameTemplateType":"Generic","hasTutorials":false,"universe":{"id":28220420,"name":"Baseplate","description":"Start from a clean baseplate.","isArchived":false,"rootPlaceId":95206881,"privacyType":"Public","creatorType":"User","creatorTargetId":998796,"creatorName":"Templates","created":"2017-04-26T00:00:00Z","updated":"2017-04-26T00:00:00Z","isFriendsOnly":false,"audiences":[1,3,4]}}]}
[2026-06-16 12:43:19] >> GET /doc-site/v2/feeds?surfaceType=StudioStart
[2026-06-16 12:43:19] << /doc-site/v2/feeds -> {"data":{"feedItems":[]}}
[2026-06-16 12:43:20] >> GET /v2/universes/9000000000046/places?limit=50&SortOrder=Asc
[2026-06-16 12:43:20] << /v2/universes/9000000000046/places -> {"previousPageCursor":null,"nextPageCursor":null,"data":[{"maxPlayerCount":null,"socialSlotType":null,"customSocialSlotsCount":null,"allowCopying":null,"currentSavedVersion":1,"isAllGenresAllowed":null,"allowedGearTypes":null,"maxPlayersAllowed":0,"created":"2022-01-01T00:00:00.000Z","updated":"2022-01-01T00:00:00.000Z","id":9000000000047,"universeId":9000000000046,"name":"Phantom Forces","description":"","isRootPlace":true}]}
[2026-06-16 12:43:20] >> GET /v2/universes/9000000000098/places?limit=50&SortOrder=Asc
[2026-06-16 12:43:20] << /v2/universes/9000000000098/places -> {"previousPageCursor":null,"nextPageCursor":null,"data":[{"maxPlayerCount":null,"socialSlotType":null,"customSocialSlotsCount":null,"allowCopying":null,"currentSavedVersion":1,"isAllGenresAllowed":null,"allowedGearTypes":null,"maxPlayersAllowed":0,"created":"2022-01-01T00:00:00.000Z","updated":"2022-01-01T00:00:00.000Z","id":9000000000099,"universeId":9000000000098,"name":"Youtube Tycoon","description":"","isRootPlace":true}]}
[2026-06-16 12:43:20] >> GET /v2/universes/9000000000048/places?limit=50&SortOrder=Asc
[2026-06-16 12:43:20] << /v2/universes/9000000000048/places -> {"previousPageCursor":null,"nextPageCursor":null,"data":[{"maxPlayerCount":null,"socialSlotType":null,"customSocialSlotsCount":null,"allowCopying":null,"currentSavedVersion":1,"isAllGenresAllowed":null,"allowedGearTypes":null,"maxPlayersAllowed":0,"created":"2022-01-01T00:00:00.000Z","updated":"2022-01-01T00:00:00.000Z","id":9000000000049,"universeId":9000000000048,"name":"Pokemon Brick Bronze","description":"","isRootPlace":true}]}
[2026-06-16 12:43:20] >> GET /v2/universes/9000000000068/places?limit=50&SortOrder=Asc
[2026-06-16 12:43:20] >> POST /v1/batch
[2026-06-16 12:43:20] << /v2/universes/9000000000068/places -> {"previousPageCursor":null,"nextPageCursor":null,"data":[{"maxPlayerCount":null,"socialSlotType":null,"customSocialSlotsCount":null,"allowCopying":null,"currentSavedVersion":1,"isAllGenresAllowed":null,"allowedGearTypes":null,"maxPlayersAllowed":0,"created":"2022-01-01T00:00:00.000Z","updated":"2022-01-01T00:00:00.000Z","id":9000000000069,"universeId":9000000000068,"name":"Weight Lifting Simulator 2","description":"","isRootPlace":true}]}
[2026-06-16 12:43:20] << /v1/batch -> {"data":[]}
[2026-06-16 12:43:20] >> GET /v2/universes/9000000000016/places?limit=50&SortOrder=Asc
[2026-06-16 12:43:20] << /v2/universes/9000000000016/places -> {"previousPageCursor":null,"nextPageCursor":null,"data":[{"maxPlayerCount":null,"socialSlotType":null,"customSocialSlotsCount":null,"allowCopying":null,"currentSavedVersion":1,"isAllGenresAllowed":null,"allowedGearTypes":null,"maxPlayersAllowed":0,"created":"2022-01-01T00:00:00.000Z","updated":"2022-01-01T00:00:00.000Z","id":9000000000017,"universeId":9000000000016,"name":"Prison Life V2.0","description":"","isRootPlace":true}]}
[2026-06-16 12:43:21] >> GET /v2/universes/9000000000088/places?limit=50&SortOrder=Asc
[2026-06-16 12:43:21] << /v2/universes/9000000000088/places -> {"previousPageCursor":null,"nextPageCursor":null,"data":[{"maxPlayerCount":null,"socialSlotType":null,"customSocialSlotsCount":null,"allowCopying":null,"currentSavedVersion":1,"isAllGenresAllowed":null,"allowedGearTypes":null,"maxPlayersAllowed":0,"created":"2022-01-01T00:00:00.000Z","updated":"2022-01-01T00:00:00.000Z","id":9000000000089,"universeId":9000000000088,"name":"Muffin Kombat","description":"","isRootPlace":true}]}
[2026-06-16 12:43:21] >> GET /userhub/?id=
[2026-06-16 12:43:21] 404 GET /userhub/
[2026-06-16 12:43:21] << /userhub/ -> {"errors":[{"code":"NotFound","message":"Not found"}]}
[2026-06-16 12:43:21] >> GET /v2/universes/9000000000064/places?limit=50&SortOrder=Asc
[2026-06-16 12:43:21] << /v2/universes/9000000000064/places -> {"previousPageCursor":null,"nextPageCursor":null,"data":[{"maxPlayerCount":null,"socialSlotType":null,"customSocialSlotsCount":null,"allowCopying":null,"currentSavedVersion":1,"isAllGenresAllowed":null,"allowedGearTypes":null,"maxPlayersAllowed":0,"created":"2022-01-01T00:00:00.000Z","updated":"2022-01-01T00:00:00.000Z","id":9000000000065,"universeId":9000000000064,"name":"New MM2","description":"","isRootPlace":true}]}
[2026-06-16 12:43:21] >> GET /v2/universes/9000000000092/places?limit=50&SortOrder=Asc
[2026-06-16 12:43:21] << /v2/universes/9000000000092/places -> {"previousPageCursor":null,"nextPageCursor":null,"data":[{"maxPlayerCount":null,"socialSlotType":null,"customSocialSlotsCount":null,"allowCopying":null,"currentSavedVersion":1,"isAllGenresAllowed":null,"allowedGearTypes":null,"maxPlayersAllowed":0,"created":"2022-01-01T00:00:00.000Z","updated":"2022-01-01T00:00:00.000Z","id":9000000000093,"universeId":9000000000092,"name":"Meepcity","description":"","isRootPlace":true}]}
[2026-06-16 12:43:21] >> GET /v2/universes/9000000000096/places?limit=50&SortOrder=Asc
[2026-06-16 12:43:21] << /v2/universes/9000000000096/places -> {"previousPageCursor":null,"nextPageCursor":null,"data":[{"maxPlayerCount":null,"socialSlotType":null,"customSocialSlotsCount":null,"allowCopying":null,"currentSavedVersion":1,"isAllGenresAllowed":null,"allowedGearTypes":null,"maxPlayersAllowed":0,"created":"2022-01-01T00:00:00.000Z","updated":"2022-01-01T00:00:00.000Z","id":9000000000097,"universeId":9000000000096,"name":"Tower of hell","description":"","isRootPlace":true}]}
[2026-06-16 12:43:21] >> GET /v2/universes/9000000000080/places?limit=50&SortOrder=Asc
[2026-06-16 12:43:21] << /v2/universes/9000000000080/places -> {"previousPageCursor":null,"nextPageCursor":null,"data":[{"maxPlayerCount":null,"socialSlotType":null,"customSocialSlotsCount":null,"allowCopying":null,"currentSavedVersion":1,"isAllGenresAllowed":null,"allowedGearTypes":null,"maxPlayersAllowed":0,"created":"2022-01-01T00:00:00.000Z","updated":"2022-01-01T00:00:00.000Z","id":9000000000081,"universeId":9000000000080,"name":"Work at a pizza place","description":"","isRootPlace":true}]}
[2026-06-16 12:43:22] >> GET /v2/universes/9000000000018/places?limit=50&SortOrder=Asc
[2026-06-16 12:43:22] << /v2/universes/9000000000018/places -> {"previousPageCursor":null,"nextPageCursor":null,"data":[{"maxPlayerCount":null,"socialSlotType":null,"customSocialSlotsCount":null,"allowCopying":null,"currentSavedVersion":1,"isAllGenresAllowed":null,"allowedGearTypes":null,"maxPlayersAllowed":0,"created":"2022-01-01T00:00:00.000Z","updated":"2022-01-01T00:00:00.000Z","id":9000000000019,"universeId":9000000000018,"name":"Natural Disaster Survival","description":"","isRootPlace":true}]}
[2026-06-16 12:43:22] >> GET /v2/universes/9000000000040/places?limit=50&SortOrder=Asc
[2026-06-16 12:43:22] << /v2/universes/9000000000040/places -> {"previousPageCursor":null,"nextPageCursor":null,"data":[{"maxPlayerCount":null,"socialSlotType":null,"customSocialSlotsCount":null,"allowCopying":null,"currentSavedVersion":1,"isAllGenresAllowed":null,"allowedGearTypes":null,"maxPlayersAllowed":0,"created":"2022-01-01T00:00:00.000Z","updated":"2022-01-01T00:00:00.000Z","id":9000000000041,"universeId":9000000000040,"name":"Epic Minigames","description":"","isRootPlace":true}]}
[2026-06-16 12:43:22] >> GET /v2/universes/9000000000030/places?limit=50&SortOrder=Asc
[2026-06-16 12:43:22] << /v2/universes/9000000000030/places -> {"previousPageCursor":null,"nextPageCursor":null,"data":[{"maxPlayerCount":null,"socialSlotType":null,"customSocialSlotsCount":null,"allowCopying":null,"currentSavedVersion":1,"isAllGenresAllowed":null,"allowedGearTypes":null,"maxPlayersAllowed":0,"created":"2022-01-01T00:00:00.000Z","updated":"2022-01-01T00:00:00.000Z","id":9000000000031,"universeId":9000000000030,"name":"Twisted Murderer","description":"","isRootPlace":true}]}
[2026-06-16 12:43:22] >> GET /v2/universes/9000000000070/places?limit=50&SortOrder=Asc
[2026-06-16 12:43:22] << /v2/universes/9000000000070/places -> {"previousPageCursor":null,"nextPageCursor":null,"data":[{"maxPlayerCount":null,"socialSlotType":null,"customSocialSlotsCount":null,"allowCopying":null,"currentSavedVersion":1,"isAllGenresAllowed":null,"allowedGearTypes":null,"maxPlayersAllowed":0,"created":"2022-01-01T00:00:00.000Z","updated":"2022-01-01T00:00:00.000Z","id":9000000000071,"universeId":9000000000070,"name":"Speed run 4","description":"","isRootPlace":true}]}
[2026-06-16 12:43:23] >> GET /v2/universes/9000000000034/places?limit=50&SortOrder=Asc
[2026-06-16 12:43:23] << /v2/universes/9000000000034/places -> {"previousPageCursor":null,"nextPageCursor":null,"data":[{"maxPlayerCount":null,"socialSlotType":null,"customSocialSlotsCount":null,"allowCopying":null,"currentSavedVersion":1,"isAllGenresAllowed":null,"allowedGearTypes":null,"maxPlayersAllowed":0,"created":"2022-01-01T00:00:00.000Z","updated":"2022-01-01T00:00:00.000Z","id":9000000000035,"universeId":9000000000034,"name":"Assassin","description":"","isRootPlace":true}]}
[2026-06-16 12:43:23] >> GET /v2/universes/9000000000020/places?limit=50&SortOrder=Asc
[2026-06-16 12:43:23] << /v2/universes/9000000000020/places -> {"previousPageCursor":null,"nextPageCursor":null,"data":[{"maxPlayerCount":null,"socialSlotType":null,"customSocialSlotsCount":null,"allowCopying":null,"currentSavedVersion":1,"isAllGenresAllowed":null,"allowedGearTypes":null,"maxPlayersAllowed":0,"created":"2022-01-01T00:00:00.000Z","updated":"2022-01-01T00:00:00.000Z","id":9000000000021,"universeId":9000000000020,"name":"Flood Escape 1.6.5","description":"","isRootPlace":true}]}
[2026-06-16 12:43:23] >> GET /v2/universes/9000000000002/places?limit=50&SortOrder=Asc
[2026-06-16 12:43:23] << /v2/universes/9000000000002/places -> {"previousPageCursor":null,"nextPageCursor":null,"data":[{"maxPlayerCount":null,"socialSlotType":null,"customSocialSlotsCount":null,"allowCopying":null,"currentSavedVersion":1,"isAllGenresAllowed":null,"allowedGearTypes":null,"maxPlayersAllowed":0,"created":"2022-01-01T00:00:00.000Z","updated":"2022-01-01T00:00:00.000Z","id":9000000000003,"universeId":9000000000002,"name":"Theme park tycoon 2","description":"","isRootPlace":true}]}
[2026-06-16 12:43:23] >> GET /v2/universes/9000000000026/places?limit=50&SortOrder=Asc
[2026-06-16 12:43:23] << /v2/universes/9000000000026/places -> {"previousPageCursor":null,"nextPageCursor":null,"data":[{"maxPlayerCount":null,"socialSlotType":null,"customSocialSlotsCount":null,"allowCopying":null,"currentSavedVersion":1,"isAllGenresAllowed":null,"allowedGearTypes":null,"maxPlayersAllowed":0,"created":"2022-01-01T00:00:00.000Z","updated":"2022-01-01T00:00:00.000Z","id":9000000000027,"universeId":9000000000026,"name":"Jailbreak","description":"","isRootPlace":true}]}
[2026-06-16 12:43:23] >> GET /v2/universes/9000000000052/places?limit=50&SortOrder=Asc
[2026-06-16 12:43:23] >> POST /user-heartbeats-api/action-report
[2026-06-16 12:43:23] << /v2/universes/9000000000052/places -> {"previousPageCursor":null,"nextPageCursor":null,"data":[{"maxPlayerCount":null,"socialSlotType":null,"customSocialSlotsCount":null,"allowCopying":null,"currentSavedVersion":1,"isAllGenresAllowed":null,"allowedGearTypes":null,"maxPlayersAllowed":0,"created":"2022-01-01T00:00:00.000Z","updated":"2022-01-01T00:00:00.000Z","id":9000000000053,"universeId":9000000000052,"name":"Whatever Floats Your Boat","description":"","isRootPlace":true}]}
[2026-06-16 12:43:23] << /user-heartbeats-api/action-report -> {"accounts": [{"username": "HearMeRoar","robloxCookie": "","pulseInterval": 30000,"enableLogging": true}],"globalConfig": {"retryAttempts": 3,"retryDelay": 5000}}
[2026-06-16 12:43:24] >> GET /v2/universes/9000000000022/places?limit=50&SortOrder=Asc
[2026-06-16 12:43:24] >> POST /private-users-service/v1beta1/getOrCreatePrivateUserId
[2026-06-16 12:43:24] << /v2/universes/9000000000022/places -> {"previousPageCursor":null,"nextPageCursor":null,"data":[{"maxPlayerCount":null,"socialSlotType":null,"customSocialSlotsCount":null,"allowCopying":null,"currentSavedVersion":1,"isAllGenresAllowed":null,"allowedGearTypes":null,"maxPlayersAllowed":0,"created":"2022-01-01T00:00:00.000Z","updated":"2022-01-01T00:00:00.000Z","id":9000000000023,"universeId":9000000000022,"name":"Robot 64","description":"","isRootPlace":true}]}
[2026-06-16 12:43:24] << /private-users-service/v1beta1/getOrCreatePrivateUserId -> {"privateUserId":1500014463315,"userIdMode":"USER_ID_MODE_GLOBAL","created":true}
[2026-06-16 12:43:24] >> GET /v2/universes/9000000000050/places?limit=50&SortOrder=Asc
[2026-06-16 12:43:24] << /v2/universes/9000000000050/places -> {"previousPageCursor":null,"nextPageCursor":null,"data":[{"maxPlayerCount":null,"socialSlotType":null,"customSocialSlotsCount":null,"allowCopying":null,"currentSavedVersion":1,"isAllGenresAllowed":null,"allowedGearTypes":null,"maxPlayersAllowed":0,"created":"2022-01-01T00:00:00.000Z","updated":"2022-01-01T00:00:00.000Z","id":9000000000051,"universeId":9000000000050,"name":"Polyguns","description":"","isRootPlace":true}]}
[2026-06-16 12:43:24] >> GET /assets/user-auth/v1/assets/9000000000047
[2026-06-16 12:43:24] << /assets/user-auth/v1/assets/9000000000047 -> {"path":"assets/9000000000047","revisionId":"1","revisionCreateTime":"2024-01-01T00:00:00.000Z","assetId":"9000000000047","displayName":"Phantom Forces","assetType":"Place","creationContext":{"creator":{"userId":"14463315"}},"moderationResult":{"moderationState":"Approved"},"state":"Active"}
[2026-06-16 12:43:24] >> GET /v2/universes/9000000000062/places?limit=50&SortOrder=Asc
[2026-06-16 12:43:24] << /v2/universes/9000000000062/places -> {"previousPageCursor":null,"nextPageCursor":null,"data":[{"maxPlayerCount":null,"socialSlotType":null,"customSocialSlotsCount":null,"allowCopying":null,"currentSavedVersion":1,"isAllGenresAllowed":null,"allowedGearTypes":null,"maxPlayersAllowed":0,"created":"2022-01-01T00:00:00.000Z","updated":"2022-01-01T00:00:00.000Z","id":9000000000063,"universeId":9000000000062,"name":"Build a boat for treasure","description":"","isRootPlace":true}]}
[2026-06-16 12:43:24] >> GET /v2/universes/9000000000046/configuration
[2026-06-16 12:43:24] << /v2/universes/9000000000046/configuration -> {"allowPrivateServers":true,"privateServerPrice":null,"id":9000000000046,"name":"Phantom Forces","universeAvatarType":"MorphToR6","universeScaleType":"AllScales","universeAnimationType":"PlayerChoice","universeCollisionType":"OuterBox","universeBodyType":"Standard","universeJointPositioningType":"ArtistIntent","universeAvatarAssetOverrides":[],"universeAvatarMinScales":{"height":0.9,"width":0.7,"head":0.95,"proportion":0,"bodyType":0},"universeAvatarMaxScales":{"height":1.05,"width":1,"head":1,"proportion":1,"bodyType":1},"isArchived":false,"isFriendsOnly":false,"genre":"All","playableDevices":["Computer","Phone","Tablet"],"isForSale":false,"price":0,"isStudioAccessToApisAllowed":true,"privacyType":"Public"}
[2026-06-16 12:43:24] >> GET /v2/universes/9000000000044/places?limit=50&SortOrder=Asc
[2026-06-16 12:43:24] << /v2/universes/9000000000044/places -> {"previousPageCursor":null,"nextPageCursor":null,"data":[{"maxPlayerCount":null,"socialSlotType":null,"customSocialSlotsCount":null,"allowCopying":null,"currentSavedVersion":1,"isAllGenresAllowed":null,"allowedGearTypes":null,"maxPlayersAllowed":0,"created":"2022-01-01T00:00:00.000Z","updated":"2022-01-01T00:00:00.000Z","id":9000000000045,"universeId":9000000000044,"name":"Miners Haven","description":"","isRootPlace":true}]}
[2026-06-16 12:43:24] >> GET /v2/universes/9000000000060/places?limit=50&SortOrder=Asc
[2026-06-16 12:43:24] << /v2/universes/9000000000060/places -> {"previousPageCursor":null,"nextPageCursor":null,"data":[{"maxPlayerCount":null,"socialSlotType":null,"customSocialSlotsCount":null,"allowCopying":null,"currentSavedVersion":1,"isAllGenresAllowed":null,"allowedGearTypes":null,"maxPlayersAllowed":0,"created":"2022-01-01T00:00:00.000Z","updated":"2022-01-01T00:00:00.000Z","id":9000000000061,"universeId":9000000000060,"name":"SPTS","description":"","isRootPlace":true}]}
[2026-06-16 12:43:25] >> GET /v1/universes/multiget?ids=9000000000046&ids=9000000000098&ids=9000000000048&ids=9000000000068&ids=9000000000016&ids=9000000000088&ids=9000000000064&ids=9000000000092&ids=9000000000096&ids=9000000000080&ids=9000000000018&ids=9000000000040&ids=9000000000030&ids=9000000000070&ids=9000000000034&ids=9000000000020&ids=9000000000002&ids=9000000000026&ids=9000000000052&ids=9000000000022&ids=9000000000050&ids=9000000000062&ids=9000000000044&ids=9000000000060&
[2026-06-16 12:43:25] >> GET /v2/universes/28220420/places?limit=50&SortOrder=Asc
[2026-06-16 12:43:25] >> GET /v1/asset/?id=9000000000047&version=1
[2026-06-16 12:43:25] << /v2/universes/28220420/places -> {"previousPageCursor":null,"nextPageCursor":null,"data":[{"maxPlayerCount":null,"socialSlotType":null,"customSocialSlotsCount":null,"allowCopying":null,"currentSavedVersion":1,"isAllGenresAllowed":null,"allowedGearTypes":null,"maxPlayersAllowed":0,"created":"2022-01-01T00:00:00.000Z","updated":"2022-01-01T00:00:00.000Z","id":9991912465,"universeId":9991912465,"name":"Baseplate","description":"","isRootPlace":true}]}
[2026-06-16 12:43:25] >> GET //v1/games/icons?universeIds=28220420&returnPolicy=Placeholder&format=png&size=256x256
[2026-06-16 12:43:25] << //v1/games/icons -> {"data":[{"targetId":28220420,"state":"Completed","imageUrl":"http://localhost/Thumbs/gameicon.ashx?id=28220420","version":"TN3"}]}
[2026-06-16 12:43:26] >> GET /asset/?id=12602&xcachesplit=9000000000046
[2026-06-16 12:43:26] FetchUrl: HTTP 403 for https://assetdelivery.roblox.com/v1/asset/?id=12602
[2026-06-16 12:43:26] Asset 12602: fetch failed, falling back to redirect
[2026-06-16 12:43:27] >> GET /asset/?id=898437418&xcachesplit=9000000000046
[2026-06-16 12:43:27] FetchUrl: HTTP 403 for https://assetdelivery.roblox.com/v1/asset/?id=898437418
[2026-06-16 12:43:27] Asset 898437418: fetch failed, falling back to redirect
[2026-06-16 12:43:27] >> GET /asset/?id=889643771&xcachesplit=9000000000046
[2026-06-16 12:43:27] FetchUrl: HTTP 403 for https://assetdelivery.roblox.com/v1/asset/?id=889643771
[2026-06-16 12:43:27] Asset 889643771: fetch failed, falling back to redirect
[2026-06-16 12:43:28] >> GET /v1/universes/multiget?ids=9000000000046&ids=9000000000098&ids=9000000000048&ids=9000000000068&ids=9000000000016&ids=9000000000088&ids=9000000000064&ids=9000000000092&ids=9000000000096&ids=9000000000080&ids=9000000000018&ids=9000000000040&ids=9000000000030&ids=9000000000070&ids=9000000000034&ids=9000000000020&ids=9000000000002&ids=9000000000026&ids=9000000000052&ids=9000000000022&ids=9000000000050&ids=9000000000062&ids=9000000000044&ids=9000000000060
[2026-06-16 12:43:28] >> GET /Thumbs/gameicon.ashx?id=28220420
[2026-06-16 12:43:28] >> POST /experience-guidelines-service/v1beta1/multi-age-recommendation
[2026-06-16 12:43:28] >> POST /asset-permissions-api/v1/assets/check-permissions
[2026-06-16 12:43:28] >> POST /core-content/v1/universe-eligibility/batch
[2026-06-16 12:43:28] << /experience-guidelines-service/v1beta1/multi-age-recommendation -> {"eligibilityByCreator":[{"userId":"14463315","userIsEligible":true,"displayText":"Eligible","ineligibilityReason":"INELIGIBILITY_REASON_NONE"}]}
[2026-06-16 12:43:28] asset-permissions assetId=9000000000047 -> HasPermission
[2026-06-16 12:43:28] << /core-content/v1/universe-eligibility/batch -> {"eligibilityByCreator":[{"userId":"14463315","userIsEligible":true,"displayText":"Eligible","ineligibilityReason":"INELIGIBILITY_REASON_NONE"}]}
[2026-06-16 12:43:28] asset-permissions check done: /asset-permissions-api/v1/assets/check-permissions
[2026-06-16 12:43:28] << /asset-permissions-api/v1/assets/check-permissions -> {"results":[{"value":{"status":"HasPermission"}}]}
[2026-06-16 12:43:28] >> GET //v1/games/icons?universeIds=9000000000046,9000000000098,9000000000048,9000000000068,9000000000016,9000000000088,9000000000064,9000000000092,9000000000096,9000000000080,9000000000018,9000000000040,9000000000030,9000000000070,9000000000034,9000000000020,9000000000002,9000000000026,9000000000052,9000000000022,9000000000050,9000000000062,9000000000044,9000000000060&returnPolicy=Autogenerated&format=png&size=256x256
[2026-06-16 12:43:28] >> GET /teamcreate/v1/MultiGetUniversesActiveSessionMembers?maxUsers=10&ids=9000000000046&ids=9000000000098&ids=9000000000048&ids=9000000000068&ids=9000000000016&ids=9000000000088&ids=9000000000064&ids=9000000000092&ids=9000000000096&ids=9000000000080&ids=9000000000018&ids=9000000000040&ids=9000000000030&ids=9000000000070&ids=9000000000034&ids=9000000000020&ids=9000000000002&ids=9000000000026&ids=9000000000052&ids=9000000000022&ids=9000000000050&ids=9000000000062&ids=9000000000044&ids=9000000000060
[2026-06-16 12:43:29] TeamCreate stub (disabled): GET /teamcreate/v1/MultiGetUniversesActiveSessionMembers
[2026-06-16 12:43:28] >> POST /experience-releases/v1beta1/experience_releases_api/multi_release_statuses
[2026-06-16 12:43:28] >> GET /content-safety/v1/places/9000000000047/safety-status
[2026-06-16 12:43:28] >> GET /asset/?hash=9648afba5d3d7f66550213469e074213&contentRepresentationPriorityList=W3siZm9ybWF0IjoiUmVzaWR1YWwiLCJtYWpvclZlcnNpb24iOiIyIiwiZmlkZWxpdHkiOiJPcmlnaW5hbCJ9XQ%3D%3D&doNotFallbackToBaselineRepresentation=true
[2026-06-16 12:43:29] << //v1/games/icons -> {"data":[{"targetId":9000000000046,"state":"Completed","imageUrl":"http://localhost/Thumbs/gameicon.ashx?id=9000000000046","version":"TN3"},{"targetId":9000000000098,"state":"Completed","imageUrl":"http://localhost/Thumbs/gameicon.ashx?id=9000000000098","version":"TN3"},{"targetId":9000000000048,"state":"Completed","imageUrl":"http://localhost/Thumbs/gameicon.ashx?id=9000000000048","version":"TN3"},{"targetId":9000000000068,"state":"Completed","imageUrl":"http://localhost/Thumbs/gameicon.ashx?id=9000000000068","version":"TN3"},{"targetId":9000000000016,"state":"Completed","imageUrl":"http://localhost/Thumbs/gameicon.ashx?id=9000000000016","version":"TN3"},{"targetId":9000000000088,"state":"Completed","imageUrl":"http://localhost/Thumbs/gameicon.ashx?id=9000000000088","version":"TN3"},{"targetId":9000000000064,"state":"Completed","imageUrl":"http://localhost/Thumbs/gameicon.ashx?id=9000000000064","version":"TN3"},{"targetId":9000000000092,"state":"Completed","imageUrl":"http://localhost
[2026-06-16 12:43:28] >> GET /v1/universes/multiget/teamcreate?ids=9000000000046&ids=9000000000098&ids=9000000000048&ids=9000000000068&ids=9000000000016&ids=9000000000088&ids=9000000000064&ids=9000000000092&ids=9000000000096&ids=9000000000080&ids=9000000000018&ids=9000000000040&ids=9000000000030&ids=9000000000070&ids=9000000000034&ids=9000000000020&ids=9000000000002&ids=9000000000026&ids=9000000000052&ids=9000000000022&ids=9000000000050&ids=9000000000062&ids=9000000000044&ids=9000000000060&
[2026-06-16 12:43:29] << /teamcreate/v1/MultiGetUniversesActiveSessionMembers -> {"data":[{"id":9000000000046,"isEnabled":false},{"id":9000000000098,"isEnabled":false},{"id":9000000000048,"isEnabled":false},{"id":9000000000068,"isEnabled":false},{"id":9000000000016,"isEnabled":false},{"id":9000000000088,"isEnabled":false},{"id":9000000000064,"isEnabled":false},{"id":9000000000092,"isEnabled":false},{"id":9000000000096,"isEnabled":false},{"id":9000000000080,"isEnabled":false},{"id":9000000000018,"isEnabled":false},{"id":9000000000040,"isEnabled":false},{"id":9000000000030,"isEnabled":false},{"id":9000000000070,"isEnabled":false},{"id":9000000000034,"isEnabled":false},{"id":9000000000020,"isEnabled":false},{"id":9000000000002,"isEnabled":false},{"id":9000000000026,"isEnabled":false},{"id":9000000000052,"isEnabled":false},{"id":9000000000022,"isEnabled":false},{"id":9000000000050,"isEnabled":false},{"id":9000000000062,"isEnabled":false},{"id":9000000000044,"isEnabled":false},{"id":9000000000060,"isEnabled":false}]}
[2026-06-16 12:43:29] << /experience-releases/v1beta1/experience_releases_api/multi_release_statuses -> {"eligibilityByCreator":[{"userId":"14463315","userIsEligible":true,"displayText":"Eligible","ineligibilityReason":"INELIGIBILITY_REASON_NONE"}]}
[2026-06-16 12:43:29] << /content-safety/v1/places/9000000000047/safety-status -> {"isSequestered":false,"moderationStatus":"Approved"}
[2026-06-16 12:43:29] TeamCreate stub (disabled): GET /v1/universes/multiget/teamcreate
[2026-06-16 12:43:29] << /v1/universes/multiget/teamcreate -> {"data":[{"id":9000000000046,"isEnabled":false},{"id":9000000000098,"isEnabled":false},{"id":9000000000048,"isEnabled":false},{"id":9000000000068,"isEnabled":false},{"id":9000000000016,"isEnabled":false},{"id":9000000000088,"isEnabled":false},{"id":9000000000064,"isEnabled":false},{"id":9000000000092,"isEnabled":false},{"id":9000000000096,"isEnabled":false},{"id":9000000000080,"isEnabled":false},{"id":9000000000018,"isEnabled":false},{"id":9000000000040,"isEnabled":false},{"id":9000000000030,"isEnabled":false},{"id":9000000000070,"isEnabled":false},{"id":9000000000034,"isEnabled":false},{"id":9000000000020,"isEnabled":false},{"id":9000000000002,"isEnabled":false},{"id":9000000000026,"isEnabled":false},{"id":9000000000052,"isEnabled":false},{"id":9000000000022,"isEnabled":false},{"id":9000000000050,"isEnabled":false},{"id":9000000000062,"isEnabled":false},{"id":9000000000044,"isEnabled":false},{"id":9000000000060,"isEnabled":false}]}
[2026-06-16 12:43:29] >> GET /content-safety/v1/places/9000000000099/safety-status
[2026-06-16 12:43:29] >> GET /content-safety/v1/places/9000000000049/safety-status
[2026-06-16 12:43:29] << /content-safety/v1/places/9000000000099/safety-status -> {"isSequestered":false,"moderationStatus":"Approved"}
[2026-06-16 12:43:29] >> GET /content-safety/v1/places/9000000000069/safety-status
[2026-06-16 12:43:29] >> GET /content-safety/v1/places/9000000000017/safety-status
[2026-06-16 12:43:29] << /content-safety/v1/places/9000000000049/safety-status -> {"isSequestered":false,"moderationStatus":"Approved"}
[2026-06-16 12:43:29] >> GET /content-safety/v1/places/9000000000089/safety-status
[2026-06-16 12:43:29] << /content-safety/v1/places/9000000000069/safety-status -> {"isSequestered":false,"moderationStatus":"Approved"}
[2026-06-16 12:43:29] >> GET /content-safety/v1/places/9000000000065/safety-status
[2026-06-16 12:43:29] << /content-safety/v1/places/9000000000017/safety-status -> {"isSequestered":false,"moderationStatus":"Approved"}
[2026-06-16 12:43:29] >> GET /content-safety/v1/places/9000000000093/safety-status
[2026-06-16 12:43:29] << /content-safety/v1/places/9000000000089/safety-status -> {"isSequestered":false,"moderationStatus":"Approved"}
[2026-06-16 12:43:29] << /content-safety/v1/places/9000000000065/safety-status -> {"isSequestered":false,"moderationStatus":"Approved"}
[2026-06-16 12:43:29] << /content-safety/v1/places/9000000000093/safety-status -> {"isSequestered":false,"moderationStatus":"Approved"}
[2026-06-16 12:43:29] >> GET /content-safety/v1/places/9000000000097/safety-status
[2026-06-16 12:43:29] >> GET /content-safety/v1/places/9000000000081/safety-status
[2026-06-16 12:43:29] << /content-safety/v1/places/9000000000097/safety-status -> {"isSequestered":false,"moderationStatus":"Approved"}
[2026-06-16 12:43:29] << /content-safety/v1/places/9000000000081/safety-status -> {"isSequestered":false,"moderationStatus":"Approved"}
[2026-06-16 12:43:29] >> GET /content-safety/v1/places/9000000000019/safety-status
[2026-06-16 12:43:29] << /content-safety/v1/places/9000000000019/safety-status -> {"isSequestered":false,"moderationStatus":"Approved"}
[2026-06-16 12:43:29] >> GET /content-safety/v1/places/9000000000041/safety-status
[2026-06-16 12:43:29] << /content-safety/v1/places/9000000000041/safety-status -> {"isSequestered":false,"moderationStatus":"Approved"}
[2026-06-16 12:43:29] >> GET /content-safety/v1/places/9000000000031/safety-status
[2026-06-16 12:43:29] << /content-safety/v1/places/9000000000031/safety-status -> {"isSequestered":false,"moderationStatus":"Approved"}
[2026-06-16 12:43:29] >> GET /content-safety/v1/places/9000000000071/safety-status
[2026-06-16 12:43:29] >> GET /content-safety/v1/places/9000000000035/safety-status
[2026-06-16 12:43:29] << /content-safety/v1/places/9000000000071/safety-status -> {"isSequestered":false,"moderationStatus":"Approved"}
[2026-06-16 12:43:29] << /content-safety/v1/places/9000000000035/safety-status -> {"isSequestered":false,"moderationStatus":"Approved"}
[2026-06-16 12:43:30] >> GET /content-safety/v1/places/9000000000021/safety-status
[2026-06-16 12:43:30] >> GET /content-safety/v1/places/9000000000003/safety-status
[2026-06-16 12:43:30] >> GET /content-safety/v1/places/9000000000027/safety-status
[2026-06-16 12:43:30] << /content-safety/v1/places/9000000000021/safety-status -> {"isSequestered":false,"moderationStatus":"Approved"}
[2026-06-16 12:43:30] << /content-safety/v1/places/9000000000003/safety-status -> {"isSequestered":false,"moderationStatus":"Approved"}
[2026-06-16 12:43:30] >> GET /content-safety/v1/places/9000000000053/safety-status
[2026-06-16 12:43:30] << /content-safety/v1/places/9000000000027/safety-status -> {"isSequestered":false,"moderationStatus":"Approved"}
[2026-06-16 12:43:30] >> GET /content-safety/v1/places/9000000000023/safety-status
[2026-06-16 12:43:30] << /content-safety/v1/places/9000000000053/safety-status -> {"isSequestered":false,"moderationStatus":"Approved"}
[2026-06-16 12:43:30] >> GET /content-safety/v1/places/9000000000051/safety-status
[2026-06-16 12:43:30] << /content-safety/v1/places/9000000000023/safety-status -> {"isSequestered":false,"moderationStatus":"Approved"}
[2026-06-16 12:43:30] >> GET /content-safety/v1/places/9000000000063/safety-status
[2026-06-16 12:43:30] << /content-safety/v1/places/9000000000051/safety-status -> {"isSequestered":false,"moderationStatus":"Approved"}
[2026-06-16 12:43:30] << /content-safety/v1/places/9000000000063/safety-status -> {"isSequestered":false,"moderationStatus":"Approved"}
[2026-06-16 12:43:30] >> GET /content-safety/v1/places/9000000000045/safety-status
[2026-06-16 12:43:30] >> GET /content-safety/v1/places/9000000000061/safety-status
[2026-06-16 12:43:30] << /content-safety/v1/places/9000000000045/safety-status -> {"isSequestered":false,"moderationStatus":"Approved"}
[2026-06-16 12:43:30] >> POST /studio/pbe
[2026-06-16 12:43:30] << /content-safety/v1/places/9000000000061/safety-status -> {"isSequestered":false,"moderationStatus":"Approved"}
[2026-06-16 12:43:30] << /studio/pbe -> {}
[2026-06-16 12:43:30] >> GET /Thumbs/gameicon.ashx?id=9000000000046
[2026-06-16 12:43:30] >> GET /Thumbs/gameicon.ashx?id=9000000000098
[2026-06-16 12:43:30] >> GET /Thumbs/gameicon.ashx?id=9000000000048
[2026-06-16 12:43:30] >> GET /Thumbs/gameicon.ashx?id=9000000000068
[2026-06-16 12:43:30] >> GET /Thumbs/gameicon.ashx?id=9000000000016
[2026-06-16 12:43:30] >> GET /v1/universes/multiget/teamcreate?ids=9000000000046&ids=9000000000098&ids=9000000000048&ids=9000000000068&ids=9000000000016&ids=9000000000088&ids=9000000000064&ids=9000000000092&ids=9000000000096&ids=9000000000080&ids=9000000000018&ids=9000000000040&ids=9000000000030&ids=9000000000070&ids=9000000000034&ids=9000000000020&ids=9000000000002&ids=9000000000026&ids=9000000000052&ids=9000000000022&ids=9000000000050&ids=9000000000062&ids=9000000000044&ids=9000000000060
[2026-06-16 12:43:30] >> GET /Thumbs/gameicon.ashx?id=9000000000088
[2026-06-16 12:43:30] >> GET /Thumbs/gameicon.ashx?id=9000000000064
[2026-06-16 12:43:30] TeamCreate stub (disabled): GET /v1/universes/multiget/teamcreate
[2026-06-16 12:43:30] >> GET /Thumbs/gameicon.ashx?id=9000000000092
[2026-06-16 12:43:30] >> GET /Thumbs/gameicon.ashx?id=9000000000096
[2026-06-16 12:43:30] << /v1/universes/multiget/teamcreate -> {"data":[{"id":9000000000046,"isEnabled":false},{"id":9000000000098,"isEnabled":false},{"id":9000000000048,"isEnabled":false},{"id":9000000000068,"isEnabled":false},{"id":9000000000016,"isEnabled":false},{"id":9000000000088,"isEnabled":false},{"id":9000000000064,"isEnabled":false},{"id":9000000000092,"isEnabled":false},{"id":9000000000096,"isEnabled":false},{"id":9000000000080,"isEnabled":false},{"id":9000000000018,"isEnabled":false},{"id":9000000000040,"isEnabled":false},{"id":9000000000030,"isEnabled":false},{"id":9000000000070,"isEnabled":false},{"id":9000000000034,"isEnabled":false},{"id":9000000000020,"isEnabled":false},{"id":9000000000002,"isEnabled":false},{"id":9000000000026,"isEnabled":false},{"id":9000000000052,"isEnabled":false},{"id":9000000000022,"isEnabled":false},{"id":9000000000050,"isEnabled":false},{"id":9000000000062,"isEnabled":false},{"id":9000000000044,"isEnabled":false},{"id":9000000000060,"isEnabled":false}]}
[2026-06-16 12:43:30] >> GET /Thumbs/gameicon.ashx?id=9000000000080
[2026-06-16 12:43:30] >> GET /Thumbs/gameicon.ashx?id=9000000000018
[2026-06-16 12:43:30] >> GET /Thumbs/gameicon.ashx?id=9000000000040
[2026-06-16 12:43:30] >> GET /Thumbs/gameicon.ashx?id=9000000000030
[2026-06-16 12:43:30] >> GET /Thumbs/gameicon.ashx?id=9000000000070
[2026-06-16 12:43:30] >> GET /v1/asset?id=12578&contentRepresentationPriorityList=W3siZm9ybWF0Ijoia3R4MiIsIm1ham9yVmVyc2lvbiI6IjdyZG8iLCJmaWRlbGl0eSI6Ii8vLy8vQUU9In0seyJmb3JtYXQiOiJrdHgyIiwibWFqb3JWZXJzaW9uIjoiNnJkbyIsImZpZGVsaXR5IjoiUUFBPSJ9XQ%3D%3D&doNotFallbackToBaselineRepresentation=true
[2026-06-16 12:43:30] >> GET /Thumbs/gameicon.ashx?id=9000000000034
[2026-06-16 12:43:30] >> GET /Thumbs/gameicon.ashx?id=9000000000020
[2026-06-16 12:43:30] >> GET /Thumbs/gameicon.ashx?id=9000000000002
[2026-06-16 12:43:30] >> POST /v1/batch
[2026-06-16 12:43:30] >> GET /Thumbs/gameicon.ashx?id=9000000000026
[2026-06-16 12:43:30] >> GET /Thumbs/gameicon.ashx?id=9000000000052
[2026-06-16 12:43:30] << /v1/batch -> {"data":[]}
[2026-06-16 12:43:30] FetchUrl: HTTP 403 for https://assetdelivery.roblox.com/v1/asset/?id=12578
[2026-06-16 12:43:30] Asset 12578: fetch failed, falling back to redirect
[2026-06-16 12:43:31] >> GET /Thumbs/gameicon.ashx?id=9000000000022
[2026-06-16 12:43:31] >> GET /Thumbs/gameicon.ashx?id=9000000000044
[2026-06-16 12:43:31] >> GET /Thumbs/gameicon.ashx?id=9000000000060
[2026-06-16 12:43:31] >> GET /Thumbs/gameicon.ashx?id=9000000000050
[2026-06-16 12:43:31] >> GET /Thumbs/gameicon.ashx?id=9000000000062
[2026-06-16 12:43:31] >> GET /universes/v1/places/9000000000047/universe
[2026-06-16 12:43:31] >> GET /v2/assets/9000000000047/details
[2026-06-16 12:43:31] >> POST /event-subscription/v1/subscribe
[2026-06-16 12:43:31] << /universes/v1/places/9000000000047/universe -> {"id":9000000000046,"universeId":9000000000046,"rootPlaceId":9000000000047,"name":"Phantom Forces","description":"ez","isArchived":false,"isActive":true,"privacyType":"Private","creatorType":"User","creatorTargetId":14463315,"creatorName":"HearMeRoar","price":0,"playing":0,"visits":0,"maxPlayers":10,"studioAccessToApisAllowed":true,"genre":"All","isAllGenre":true,"isFavoritedByUser":false,"favoritedCount":0,"created":"2022-05-11T13:27:09.897Z","updated":"2022-05-11T13:27:09.897Z","universeAvatarType":"MorphToR6"}
[2026-06-16 12:43:31] << /v2/assets/9000000000047/details -> {"TargetId":9000000000047,"AssetId":9000000000047,"ProductId":9000000000047,"assetId":9000000000047,"id":9000000000047,"Id":9000000000047,"TargetPlaceId":9000000000047,"PlaceId":9000000000047,"ProductType":"User Product","Name":"Phantom Forces","Description":"","AssetTypeId":9,"assetTypeId":9,"Creator":{"Id":14463315,"Name":"HearMeRoar","CreatorType":"User","CreatorTargetId":14463315,"HasVerifiedBadge":false,"id":14463315,"type":1,"creatorType":"User","creatorTargetId":14463315},"IconImageAssetId":0,"Created":"2022-05-11T13:27:09.897Z","Updated":"2022-06-19T07:23:39.03Z","created":"2022-05-11T13:27:09.897Z","updated":"2022-06-19T07:23:39.03Z","PriceInRobux":null,"Sales":0,"IsNew":false,"IsForSale":false,"IsPublicDomain":true,"IsLimited":false,"IsLimitedUnique":false,"isPublic":true,"isForSale":false,"isLimited":false,"isLimitedUnique":false,"enableComments":false}
[2026-06-16 12:43:31] << /event-subscription/v1/subscribe -> {"ttl_minutes":1440}
[2026-06-16 12:43:32] >> GET /v1/universes/9000000000046
[2026-06-16 12:43:32] << /v1/universes/9000000000046 -> {"id":9000000000046,"universeId":9000000000046,"rootPlaceId":9000000000047,"name":"Phantom Forces","description":"ez","isArchived":false,"isActive":true,"privacyType":"Private","creatorType":"User","creatorTargetId":14463315,"creatorName":"HearMeRoar","price":0,"playing":0,"visits":0,"maxPlayers":10,"studioAccessToApisAllowed":true,"genre":"All","isAllGenre":true,"isFavoritedByUser":false,"favoritedCount":0,"created":"2022-05-11T13:27:09.897Z","updated":"2022-05-11T13:27:09.897Z","universeAvatarType":"MorphToR6"}
[2026-06-16 12:43:32] >> GET /v1/universes/9000000000046/permissions
[2026-06-16 12:43:32] << /v1/universes/9000000000046/permissions -> {"canManage":true,"canCloudEdit":false,"canPublish":true,"canView":true,"isPublic":false}
[2026-06-16 12:43:32] >> GET /content-aliases-api/v1/universes/9000000000046/aliases
[2026-06-16 12:43:32] << /content-aliases-api/v1/universes/9000000000046/aliases -> {"Aliases":[],"NextPageToken":null}
[2026-06-16 12:43:32] >> GET /v1/universes/9000000000046/places?sortOrder=Asc&limit=50
[2026-06-16 12:43:32] << /v1/universes/9000000000046/places -> {"previousPageCursor":null,"nextPageCursor":null,"data":[{"id":9000000000047,"universeId":9000000000046,"name":"Phantom Forces","description":""}]}
[2026-06-16 12:43:32] >> GET /v2/assets/9000000000047/details
[2026-06-16 12:43:32] << /v2/assets/9000000000047/details -> {"TargetId":9000000000047,"AssetId":9000000000047,"ProductId":9000000000047,"assetId":9000000000047,"id":9000000000047,"Id":9000000000047,"TargetPlaceId":9000000000047,"PlaceId":9000000000047,"ProductType":"User Product","Name":"Phantom Forces","Description":"","AssetTypeId":9,"assetTypeId":9,"Creator":{"Id":14463315,"Name":"HearMeRoar","CreatorType":"User","CreatorTargetId":14463315,"HasVerifiedBadge":false,"id":14463315,"type":1,"creatorType":"User","creatorTargetId":14463315},"IconImageAssetId":0,"Created":"2022-05-11T13:27:09.897Z","Updated":"2022-06-19T07:23:39.03Z","created":"2022-05-11T13:27:09.897Z","updated":"2022-06-19T07:23:39.03Z","PriceInRobux":null,"Sales":0,"IsNew":false,"IsForSale":false,"IsPublicDomain":true,"IsLimited":false,"IsLimitedUnique":false,"isPublic":true,"isForSale":false,"isLimited":false,"isLimitedUnique":false,"enableComments":false}
[2026-06-16 12:43:33] >> GET /v2/assets/9000000000047/details
[2026-06-16 12:43:33] << /v2/assets/9000000000047/details -> {"TargetId":9000000000047,"AssetId":9000000000047,"ProductId":9000000000047,"assetId":9000000000047,"id":9000000000047,"Id":9000000000047,"TargetPlaceId":9000000000047,"PlaceId":9000000000047,"ProductType":"User Product","Name":"Phantom Forces","Description":"","AssetTypeId":9,"assetTypeId":9,"Creator":{"Id":14463315,"Name":"HearMeRoar","CreatorType":"User","CreatorTargetId":14463315,"HasVerifiedBadge":false,"id":14463315,"type":1,"creatorType":"User","creatorTargetId":14463315},"IconImageAssetId":0,"Created":"2022-05-11T13:27:09.897Z","Updated":"2022-06-19T07:23:39.03Z","created":"2022-05-11T13:27:09.897Z","updated":"2022-06-19T07:23:39.03Z","PriceInRobux":null,"Sales":0,"IsNew":false,"IsForSale":false,"IsPublicDomain":true,"IsLimited":false,"IsLimitedUnique":false,"isPublic":true,"isForSale":false,"isLimited":false,"isLimitedUnique":false,"enableComments":false}
[2026-06-16 12:43:33] >> GET /v1/universes/multiget?ids=9000000000046&ids=9000000000098&ids=9000000000048&ids=9000000000068&ids=9000000000016&ids=9000000000088&ids=9000000000064&ids=9000000000092&ids=9000000000096&ids=9000000000080&ids=9000000000018&ids=9000000000040&ids=9000000000030&ids=9000000000070&ids=9000000000034&ids=9000000000020&ids=9000000000002&ids=9000000000026&ids=9000000000052&ids=9000000000022&ids=9000000000050&ids=9000000000062&ids=9000000000044&ids=9000000000060
[2026-06-16 12:43:33] >> GET /v1/universes/multiget/teamcreate?ids=9000000000046&ids=9000000000098&ids=9000000000048&ids=9000000000068&ids=9000000000016&ids=9000000000088&ids=9000000000064&ids=9000000000092&ids=9000000000096&ids=9000000000080&ids=9000000000018&ids=9000000000040&ids=9000000000030&ids=9000000000070&ids=9000000000034&ids=9000000000020&ids=9000000000002&ids=9000000000026&ids=9000000000052&ids=9000000000022&ids=9000000000050&ids=9000000000062&ids=9000000000044&ids=9000000000060
[2026-06-16 12:43:33] TeamCreate stub (disabled): GET /v1/universes/multiget/teamcreate
[2026-06-16 12:43:33] << /v1/universes/multiget/teamcreate -> {"data":[{"id":9000000000046,"isEnabled":false},{"id":9000000000098,"isEnabled":false},{"id":9000000000048,"isEnabled":false},{"id":9000000000068,"isEnabled":false},{"id":9000000000016,"isEnabled":false},{"id":9000000000088,"isEnabled":false},{"id":9000000000064,"isEnabled":false},{"id":9000000000092,"isEnabled":false},{"id":9000000000096,"isEnabled":false},{"id":9000000000080,"isEnabled":false},{"id":9000000000018,"isEnabled":false},{"id":9000000000040,"isEnabled":false},{"id":9000000000030,"isEnabled":false},{"id":9000000000070,"isEnabled":false},{"id":9000000000034,"isEnabled":false},{"id":9000000000020,"isEnabled":false},{"id":9000000000002,"isEnabled":false},{"id":9000000000026,"isEnabled":false},{"id":9000000000052,"isEnabled":false},{"id":9000000000022,"isEnabled":false},{"id":9000000000050,"isEnabled":false},{"id":9000000000062,"isEnabled":false},{"id":9000000000044,"isEnabled":false},{"id":9000000000060,"isEnabled":false}]}
[2026-06-16 12:43:33] >> GET /userhub/?id=
[2026-06-16 12:43:33] 404 GET /userhub/
[2026-06-16 12:43:33] << /userhub/ -> {"errors":[{"code":"NotFound","message":"Not found"}]}
[2026-06-16 12:43:33] >> GET /asset/?hash=9648afba5d3d7f66550213469e074213&contentRepresentationPriorityList=W3siZm9ybWF0IjoiT3JpZ2luYWwiLCJtYWpvclZlcnNpb24iOiJPcmlnaW5hbCIsImZpZGVsaXR5IjoiT3JpZ2luYWwifV0%3D
[2026-06-16 12:43:34] >> GET /v1/asset?id=12578&contentRepresentationPriorityList=W3siZm9ybWF0IjoiT3JpZ2luYWwiLCJtYWpvclZlcnNpb24iOiJPcmlnaW5hbCIsImZpZGVsaXR5IjoiT3JpZ2luYWwifV0%3D
[2026-06-16 12:43:34] FetchUrl: HTTP 403 for https://assetdelivery.roblox.com/v1/asset/?id=12578
[2026-06-16 12:43:34] Asset 12578: fetch failed, falling back to redirect
[2026-06-16 12:43:35] >> POST /v1.0/SequenceStatistics/BatchAddToSequencesV2?apiKey=76E5A40C-3AE1-4028-9F10-7C62520BD94F
[2026-06-16 12:43:35] >> POST /v1.1/Counters/BatchIncrement?apiKey=76E5A40C-3AE1-4028-9F10-7C62520BD94F
[2026-06-16 12:43:35] << /v1.0/SequenceStatistics/BatchAddToSequencesV2 -> {}
[2026-06-16 12:43:35] << /v1.1/Counters/BatchIncrement -> {}
[2026-06-16 12:43:37] >> GET /v1/universes/9000000000046/permissions
[2026-06-16 12:43:37] << /v1/universes/9000000000046/permissions -> {"canManage":true,"canCloudEdit":false,"canPublish":true,"canView":true,"isPublic":false}
[2026-06-16 12:43:37] >> GET /v2/universes/9000000000046/configuration
[2026-06-16 12:43:37] << /__rbxsub__/develop./v2/universes/9000000000046/configuration -> {"allowPrivateServers":true,"privateServerPrice":null,"id":9000000000046,"name":"Phantom Forces","universeAvatarType":"MorphToR6","universeScaleType":"AllScales","universeAnimationType":"PlayerChoice","universeCollisionType":"OuterBox","universeBodyType":"Standard","universeJointPositioningType":"ArtistIntent","universeAvatarAssetOverrides":[],"universeAvatarMinScales":{"height":0.9,"width":0.7,"head":0.95,"proportion":0,"bodyType":0},"universeAvatarMaxScales":{"height":1.05,"width":1,"head":1,"proportion":1,"bodyType":1},"isArchived":false,"isFriendsOnly":false,"genre":"All","playableDevices":["Computer","Phone","Tablet"],"isForSale":false,"price":0,"isStudioAccessToApisAllowed":true,"privacyType":"Public"}
[2026-06-16 12:43:37] >> POST /experience-guidelines-service/v1beta1/multi-age-recommendation
[2026-06-16 12:43:37] << /__rbxsub__/apis./experience-guidelines-service/v1beta1/multi-age-recommendation -> {"eligibilityByCreator":[{"userId":"14463315","userIsEligible":true,"displayText":"Eligible","ineligibilityReason":"INELIGIBILITY_REASON_NONE"}]}
[2026-06-16 12:43:37] >> GET /v1/universes/9000000000046/permissions
[2026-06-16 12:43:37] << /v1/universes/9000000000046/permissions -> {"canManage":true,"canCloudEdit":false,"canPublish":true,"canView":true,"isPublic":false}
[2026-06-16 12:43:37] >> GET /experience-genre-api/v1/Creator/ExperienceGenre?universeId=9000000000046&genreTaxonomyVersion=1
[2026-06-16 12:43:37] << /__rbxsub__/apis./experience-genre-api/v1/Creator/ExperienceGenre -> {"genre":"na","details":{}}
[2026-06-16 12:43:38] >> GET /v1/games/9000000000046/media
[2026-06-16 12:43:38] << /__rbxsub__/games./v1/games/9000000000046/media -> {"data":[{"id":9991912465,"rootPlaceId":9991912465,"name":"Baseplate","description":"","sourceName":null,"sourceDescription":null,"creator":{"id":14463315,"name":"HearMeRoar","type":"User","isRNVAccount":false,"hasVerifiedBadge":false},"price":null,"allowedGearGenres":["All"],"allowedGearCategories":[],"isGenreEnforced":true,"copyingAllowed":false,"playing":0,"visits":0,"maxPlayers":10,"created":"2022-05-11T13:27:09.897Z","updated":"2022-06-19T07:23:39.03Z","studioAccessToApisAllowed":true,"createVipServersAllowed":false,"genre":"All","genre_l1":"","genre_l2":"","untranslated_genre_l1":"na","isAllGenre":true,"isFavoritedByUser":false,"favoritedCount":0,"isActive":true,"privacyType":"Public","canonicalUrlPath":"/games/9991912465/Baseplate"}]}
[2026-06-16 12:43:38] >> GET /v1/universes/9000000000046/icon
[2026-06-16 12:43:38] << /__rbxsub__/develop./v1/universes/9000000000046/icon -> {"id":9000000000046,"universeId":9000000000046,"rootPlaceId":9000000000047,"name":"Phantom Forces","description":"ez","isArchived":false,"isActive":true,"privacyType":"Private","creatorType":"User","creatorTargetId":14463315,"creatorName":"HearMeRoar","price":0,"playing":0,"visits":0,"maxPlayers":10,"studioAccessToApisAllowed":true,"genre":"All","isAllGenre":true,"isFavoritedByUser":false,"favoritedCount":0,"created":"2022-05-11T13:27:09.897Z","updated":"2022-05-11T13:27:09.897Z","universeAvatarType":"MorphToR6"}
[2026-06-16 12:43:38] >> GET /v1/universes/9000000000046
[2026-06-16 12:43:38] << /__rbxsub__/develop./v1/universes/9000000000046 -> {"id":9000000000046,"universeId":9000000000046,"rootPlaceId":9000000000047,"name":"Phantom Forces","description":"ez","isArchived":false,"isActive":true,"privacyType":"Private","creatorType":"User","creatorTargetId":14463315,"creatorName":"HearMeRoar","price":0,"playing":0,"visits":0,"maxPlayers":10,"studioAccessToApisAllowed":true,"genre":"All","isAllGenre":true,"isFavoritedByUser":false,"favoritedCount":0,"created":"2022-05-11T13:27:09.897Z","updated":"2022-05-11T13:27:09.897Z","universeAvatarType":"MorphToR6"}
[2026-06-16 12:43:44] >> POST /v1.1/Counters/BatchIncrement?apiKey=76E5A40C-3AE1-4028-9F10-7C62520BD94F
[2026-06-16 12:43:44] >> POST /v1.0/SequenceStatistics/BatchAddToSequencesV2?apiKey=76E5A40C-3AE1-4028-9F10-7C62520BD94F
[2026-06-16 12:43:44] >> POST /timespent/pbe
[2026-06-16 12:43:44] >> POST /studio/pbe
[2026-06-16 12:43:44] << /v1.1/Counters/BatchIncrement -> {}
[2026-06-16 12:43:44] >> POST /experience-signals-ingest/public/v1/events/single
[2026-06-16 12:43:44] << /v1.0/SequenceStatistics/BatchAddToSequencesV2 -> {}
[2026-06-16 12:43:44] << /timespent/pbe -> {}
[2026-06-16 12:43:44] << /studio/pbe -> {}
[2026-06-16 12:43:44] << /experience-signals-ingest/public/v1/events/single -> {}
[2026-06-16 12:43:48] >> POST /user-heartbeats-api/pulse
[2026-06-16 12:43:48] << /user-heartbeats-api/pulse -> {"accounts": [{"username": "HearMeRoar","robloxCookie": "","pulseInterval": 30000,"enableLogging": true}],"globalConfig": {"retryAttempts": 3,"retryDelay": 5000}}
[2026-06-16 12:44:03] >> GET /userhub/?id=
[2026-06-16 12:44:03] 404 GET /userhub/
[2026-06-16 12:44:03] << /userhub/ -> {"errors":[{"code":"NotFound","message":"Not found"}]}
[2026-06-16 12:44:07] >> POST /v1.0/SequenceStatistics/BatchAddToSequencesV2?apiKey=76E5A40C-3AE1-4028-9F10-7C62520BD94F
[2026-06-16 12:44:07] << /v1.0/SequenceStatistics/BatchAddToSequencesV2 -> {}
[2026-06-16 12:44:07] >> POST /v1.1/Counters/BatchIncrement?apiKey=76E5A40C-3AE1-4028-9F10-7C62520BD94F
[2026-06-16 12:44:07] << /v1.1/Counters/BatchIncrement -> {}
[2026-06-16 12:44:14] >> POST /v1.0/SequenceStatistics/BatchAddToSequencesV2?apiKey=76E5A40C-3AE1-4028-9F10-7C62520BD94F
[2026-06-16 12:44:14] >> POST /timespent/pbe
[2026-06-16 12:44:14] >> POST /experience-signals-ingest/public/v1/events/single
[2026-06-16 12:44:14] << /v1.0/SequenceStatistics/BatchAddToSequencesV2 -> {}
[2026-06-16 12:44:14] << /timespent/pbe -> {}
[2026-06-16 12:44:14] << /experience-signals-ingest/public/v1/events/single -> {}
[2026-06-16 12:44:15] >> POST /v1.0/SequenceStatistics/BatchAddToSequencesV2?apiKey=76E5A40C-3AE1-4028-9F10-7C62520BD94F
[2026-06-16 12:44:15] << /v1.0/SequenceStatistics/BatchAddToSequencesV2 -> {}
[2026-06-16 12:44:15] >> POST /v1.1/Counters/BatchIncrement?apiKey=76E5A40C-3AE1-4028-9F10-7C62520BD94F
[2026-06-16 12:44:15] << /v1.1/Counters/BatchIncrement -> {}
[2026-06-16 12:44:18] >> POST /user-heartbeats-api/pulse
[2026-06-16 12:44:18] << /user-heartbeats-api/pulse -> {"accounts": [{"username": "HearMeRoar","robloxCookie": "","pulseInterval": 30000,"enableLogging": true}],"globalConfig": {"retryAttempts": 3,"retryDelay": 5000}}
[2026-06-16 12:44:21] >> GET /userhub/?id=
[2026-06-16 12:44:21] 404 GET /userhub/
[2026-06-16 12:44:21] << /userhub/ -> {"errors":[{"code":"NotFound","message":"Not found"}]}
[2026-06-16 12:44:36] >> GET /v1/settings/universe/9000000000046
[2026-06-16 12:44:36] << /__rbxsub__/voice./v1/settings/universe/9000000000046 -> {"isVoiceEnabled":true,"isUserOptIn":true,"isUserEligible":true,"isBanned":false,"banReason":0,"bannedUntil":null,"canVerifyAgeForVoice":true,"isVerifiedForVoice":true,"denialReason":0,"isOptInDisabled":false,"hasEverOpted":true,"isAvatarVideoEnabled":true,"isAvatarVideoOptIn":true,"isAvatarVideoOptInDisabled":false,"isAvatarVideoEligible":true,"hasEverOptedAvatarVideo":true,"userHasAvatarCameraAlwaysAvailable":true,"canVerifyPhoneForVoice":true,"seamlessVoiceStatus":1,"allowVoiceDataUsage":true,"seamlessVoiceVariant":""}
[2026-06-16 12:44:39] >> GET /v2/universes/9000000000046/configuration
[2026-06-16 12:44:39] << /__rbxsub__/develop./v2/universes/9000000000046/configuration -> {"allowPrivateServers":true,"privateServerPrice":null,"id":9000000000046,"name":"Phantom Forces","universeAvatarType":"MorphToR6","universeScaleType":"AllScales","universeAnimationType":"PlayerChoice","universeCollisionType":"OuterBox","universeBodyType":"Standard","universeJointPositioningType":"ArtistIntent","universeAvatarAssetOverrides":[],"universeAvatarMinScales":{"height":0.9,"width":0.7,"head":0.95,"proportion":0,"bodyType":0},"universeAvatarMaxScales":{"height":1.05,"width":1,"head":1,"proportion":1,"bodyType":1},"isArchived":false,"isFriendsOnly":false,"genre":"All","playableDevices":["Computer","Phone","Tablet"],"isForSale":false,"price":0,"isStudioAccessToApisAllowed":true,"privacyType":"Public"}
[2026-06-16 12:44:44] >> POST /v1.1/Counters/BatchIncrement?apiKey=76E5A40C-3AE1-4028-9F10-7C62520BD94F
[2026-06-16 12:44:44] >> POST /v1.0/SequenceStatistics/BatchAddToSequencesV2?apiKey=76E5A40C-3AE1-4028-9F10-7C62520BD94F
[2026-06-16 12:44:44] >> POST /studio/pbe
[2026-06-16 12:44:44] >> POST /timespent/pbe
[2026-06-16 12:44:44] >> POST /experience-signals-ingest/public/v1/events/single
[2026-06-16 12:44:44] << /v1.1/Counters/BatchIncrement -> {}
[2026-06-16 12:44:44] << /v1.0/SequenceStatistics/BatchAddToSequencesV2 -> {}
[2026-06-16 12:44:44] << /studio/pbe -> {}
[2026-06-16 12:44:44] << /timespent/pbe -> {}
[2026-06-16 12:44:44] << /experience-signals-ingest/public/v1/events/single -> {}
[2026-06-16 12:44:48] >> POST /user-heartbeats-api/pulse
[2026-06-16 12:44:48] << /user-heartbeats-api/pulse -> {"accounts": [{"username": "HearMeRoar","robloxCookie": "","pulseInterval": 30000,"enableLogging": true}],"globalConfig": {"retryAttempts": 3,"retryDelay": 5000}}
[2026-06-16 12:44:48] >> POST /v1/settings/universe/9000000000046
[2026-06-16 12:44:48] << /__rbxsub__/voice./v1/settings/universe/9000000000046 -> {"isVoiceEnabled":true,"isUserOptIn":true,"isUserEligible":true,"isBanned":false,"banReason":0,"bannedUntil":null,"canVerifyAgeForVoice":true,"isVerifiedForVoice":true,"denialReason":0,"isOptInDisabled":false,"hasEverOpted":true,"isAvatarVideoEnabled":true,"isAvatarVideoOptIn":true,"isAvatarVideoOptInDisabled":false,"isAvatarVideoEligible":true,"hasEverOptedAvatarVideo":true,"userHasAvatarCameraAlwaysAvailable":true,"canVerifyPhoneForVoice":true,"seamlessVoiceStatus":1,"allowVoiceDataUsage":true,"seamlessVoiceVariant":""}
[2026-06-16 12:44:51] >> GET /v2/universes/9000000000046/configuration
[2026-06-16 12:44:51] >> POST /v1/autolocalization/games/9000000000046/autolocalizationtable
[2026-06-16 12:44:51] << /v2/universes/9000000000046/configuration -> {"allowPrivateServers":true,"privateServerPrice":null,"id":9000000000046,"name":"Phantom Forces","universeAvatarType":"MorphToR6","universeScaleType":"AllScales","universeAnimationType":"PlayerChoice","universeCollisionType":"OuterBox","universeBodyType":"Standard","universeJointPositioningType":"ArtistIntent","universeAvatarAssetOverrides":[],"universeAvatarMinScales":{"height":0.9,"width":0.7,"head":0.95,"proportion":0,"bodyType":0},"universeAvatarMaxScales":{"height":1.05,"width":1,"head":1,"proportion":1,"bodyType":1},"isArchived":false,"isFriendsOnly":false,"genre":"All","playableDevices":["Computer","Phone","Tablet"],"isForSale":false,"price":0,"isStudioAccessToApisAllowed":true,"privacyType":"Public"}
[2026-06-16 12:44:51] << /v1/autolocalization/games/9000000000046/autolocalizationtable -> {"tableId":"","locale":"en_us","entries":[]}
[2026-06-16 12:44:52] >> GET /asset/?id=12602&xcachesplit=9000000000046
[2026-06-16 12:44:52] >> GET /v1/settings/universe/9000000000046?placeId=9000000000047
[2026-06-16 12:44:52] >> GET /asset/?id=898437418&xcachesplit=9000000000046
[2026-06-16 12:44:52] >> GET /asset/?id=889643771&xcachesplit=9000000000046
[2026-06-16 12:44:52] << /v1/settings/universe/9000000000046 -> {"isVoiceEnabled":true,"isUserOptIn":true,"isUserEligible":true,"isBanned":false,"banReason":0,"bannedUntil":null,"canVerifyAgeForVoice":true,"isVerifiedForVoice":true,"denialReason":0,"isOptInDisabled":false,"hasEverOpted":true,"isAvatarVideoEnabled":true,"isAvatarVideoOptIn":true,"isAvatarVideoOptInDisabled":false,"isAvatarVideoEligible":true,"hasEverOptedAvatarVideo":true,"userHasAvatarCameraAlwaysAvailable":true,"canVerifyPhoneForVoice":true,"seamlessVoiceStatus":1,"allowVoiceDataUsage":true,"seamlessVoiceVariant":""}
[2026-06-16 12:44:52] FetchUrl: HTTP 403 for https://assetdelivery.roblox.com/v1/asset/?id=12602
[2026-06-16 12:44:52] Asset 12602: fetch failed, falling back to redirect
[2026-06-16 12:44:52] >> GET /recipe?maxTargets=15
[2026-06-16 12:44:52] >> GET /userhub/?id=
[2026-06-16 12:44:52] 404 GET /recipe
[2026-06-16 12:44:52] 404 GET /userhub/
[2026-06-16 12:44:52] << /recipe -> {"errors":[{"code":"NotFound","message":"Not found"}]}
[2026-06-16 12:44:52] << /userhub/ -> {"errors":[{"code":"NotFound","message":"Not found"}]}
[2026-06-16 12:44:52] >> GET /player-hydration-service/v1/players/signed
[2026-06-16 12:44:52] >> POST /product-experimentation-platform/v1/projects/1/values
[2026-06-16 12:44:52] 404 GET /player-hydration-service/v1/players/signed
[2026-06-16 12:44:52] << /product-experimentation-platform/v1/projects/1/values -> {"assignments":[]}
[2026-06-16 12:44:52] << /player-hydration-service/v1/players/signed -> {"errors":[{"code":"NotFound","message":"Not found"}]}
[2026-06-16 12:44:53] FetchUrl: HTTP 403 for https://assetdelivery.roblox.com/v1/asset/?id=898437418
[2026-06-16 12:44:53] FetchUrl: HTTP 403 for https://assetdelivery.roblox.com/v1/asset/?id=889643771
[2026-06-16 12:44:53] Asset 898437418: fetch failed, falling back to redirect
[2026-06-16 12:44:53] Asset 889643771: fetch failed, falling back to redirect
[2026-06-16 12:44:53] >> GET /v2/users/14463315/groups/roles
[2026-06-16 12:44:53] >> GET /v2/persistence/9000000000046/datastores/objects/object?datastore=moderation&objectKey=global%2FState_14463315
[2026-06-16 12:44:53] >> GET /access-management/v1/rcc-user-feature-access?featureNames=CanUseInExperienceChat&userId=14463315&nameSpace=user_comm_safety/UserBehavior&extraParameters=W3sibmFtZSI6InJlYWRGcmVzaERhdGEiLCJ0eXBlIjoiQm9vbGVhbiIsInZhbHVlIjpmYWxzZX1d
[2026-06-16 12:44:53] << /v2/users/14463315/groups/roles -> {"data":[{"group":{"id":13538101,"name":"GC' Sus Games","memberCount":11,"hasVerifiedBadge":false},"role":{"id":77381526,"name":"Member","rank":1}},{"group":{"id":391929292,"name":"FilteringEnabled=false","memberCount":6,"hasVerifiedBadge":false},"role":{"id":700687000,"name":"Owner","rank":255}},{"group":{"id":4347428,"name":"The State of Mind","memberCount":416796,"hasVerifiedBadge":false},"role":{"id":29322544,"name":"⭐️ Important Member","rank":1}},{"group":{"id":33142130,"name":"Legence Clothes","memberCount":6,"hasVerifiedBadge":false},"role":{"id":101719466,"name":"🎀📝 Love📝","rank":1}},{"group":{"id":13273531,"name":"_RARE NAMES_","memberCount":11049,"hasVerifiedBadge":false},"role":{"id":76113545,"name":"Incredible names","rank":45}},{"group":{"id":5995136,"name":"- Old Roblox Accounts -","memberCount":62907,"hasVerifiedBadge":false},"role":{"id":93679233,"name":"2006 / 2007","rank":170}},{"group":{"id":32818995,"name":"(Project Aincrad SAO)","member
[2026-06-16 12:44:53] << /access-management/v1/rcc-user-feature-access -> {"featureAccess":[],"data":[]}
[2026-06-16 12:44:53] >> GET /universe-chat-api/v1/universe-chat-settings?userId=14463315&universeId=9000000000046&rccInstanceId=
[2026-06-16 12:44:53] 404 GET /universe-chat-api/v1/universe-chat-settings
[2026-06-16 12:44:53] << /universe-chat-api/v1/universe-chat-settings -> {"errors":[{"code":"NotFound","message":"Not found"}]}
[2026-06-16 12:44:53] >> POST /user-blocking-api/v1/users/rcc/get-user-blocking-data
[2026-06-16 12:44:53] >> POST /access-management/v2/rcc-user-feature-evaluation
[2026-06-16 12:44:53] 404 POST /user-blocking-api/v1/users/rcc/get-user-blocking-data
[2026-06-16 12:44:53] 404 POST /access-management/v2/rcc-user-feature-evaluation
[2026-06-16 12:44:53] << /user-blocking-api/v1/users/rcc/get-user-blocking-data -> {"errors":[{"code":"NotFound","message":"Not found"}]}
[2026-06-16 12:44:53] << /access-management/v2/rcc-user-feature-evaluation -> {"errors":[{"code":"NotFound","message":"Not found"}]}
[2026-06-16 12:44:53] >> GET /asset/?id=898437418&xcachesplit=9000000000046
[2026-06-16 12:44:53] >> GET /asset/?id=889643771&xcachesplit=9000000000046
[2026-06-16 12:44:53] >> GET /asset/?id=12602&xcachesplit=9000000000046
[2026-06-16 12:44:53] >> GET /guac-v2/v1/bundles/app-policy
[2026-06-16 12:44:53] << /guac-v2/v1/bundles/app-policy -> {"version":"1","bundle":{"name":"studio","configurations":{"Feature_DisableOldCookieManagementSticky":"0;100","Feature_UnifiedCookieProtocolEnabled":"0;100","Feature_UnifiedCookieProtocolEnabledSticky":"0;100","Feature_AccessCookiesWithUrlEnabledSticky":"0;100"},"experiments":{}}}
[2026-06-16 12:44:53] >> POST /v1.0/SequenceStatistics/BatchAddToSequencesV2?apiKey=76E5A40C-3AE1-4028-9F10-7C62520BD94F
[2026-06-16 12:44:53] >> POST /v1.1/Counters/BatchIncrement?apiKey=76E5A40C-3AE1-4028-9F10-7C62520BD94F
[2026-06-16 12:44:53] << /v1.0/SequenceStatistics/BatchAddToSequencesV2 -> {}
[2026-06-16 12:44:53] << /v1.1/Counters/BatchIncrement -> {}
[2026-06-16 12:44:53] FetchUrl: HTTP 403 for https://assetdelivery.roblox.com/v1/asset/?id=898437418
[2026-06-16 12:44:53] Asset 898437418: fetch failed, falling back to redirect
[2026-06-16 12:44:53] FetchUrl: HTTP 403 for https://assetdelivery.roblox.com/v1/asset/?id=889643771
[2026-06-16 12:44:53] FetchUrl: HTTP 403 for https://assetdelivery.roblox.com/v1/asset/?id=12602
[2026-06-16 12:44:53] Asset 889643771: fetch failed, falling back to redirect
[2026-06-16 12:44:53] Asset 12602: fetch failed, falling back to redirect
[2026-06-16 12:44:53] >> GET /player-policy-service/v1/player-policy-client
[2026-06-16 12:44:53] 404 GET /player-policy-service/v1/player-policy-client
[2026-06-16 12:44:53] << /player-policy-service/v1/player-policy-client -> {"errors":[{"code":"NotFound","message":"Not found"}]}
[2026-06-16 12:44:53] >> GET /asset/?id=898437418&xcachesplit=9000000000046
[2026-06-16 12:44:53] >> POST /v1/batch
[2026-06-16 12:44:54] << /v1/batch -> {"data":[]}
[2026-06-16 12:44:54] FetchUrl: HTTP 403 for https://assetdelivery.roblox.com/v1/asset/?id=898437418
[2026-06-16 12:44:54] Asset 898437418: fetch failed, falling back to redirect
[2026-06-16 12:44:54] >> GET /asset/?id=889643771&xcachesplit=9000000000046
[2026-06-16 12:44:54] >> GET /v1/asset?id=326366289
[2026-06-16 12:44:54] >> GET /asset/?id=572461628&contentRepresentationPriorityList=W3siZm9ybWF0IjoiZm1kIiwibWFqb3JWZXJzaW9uIjoiMS4wLjEiLCJmaWRlbGl0eSI6IkFMTCJ9XQ%3D%3D
[2026-06-16 12:44:54] >> GET /asset/?id=572461652&contentRepresentationPriorityList=W3siZm9ybWF0IjoiZm1kIiwibWFqb3JWZXJzaW9uIjoiMS4wLjEiLCJmaWRlbGl0eSI6IkFMTCJ9XQ%3D%3D
[2026-06-16 12:44:54] >> GET /asset/?id=572461560&contentRepresentationPriorityList=W3siZm9ybWF0IjoiZm1kIiwibWFqb3JWZXJzaW9uIjoiMS4wLjEiLCJmaWRlbGl0eSI6IkFMTCJ9XQ%3D%3D
[2026-06-16 12:44:54] >> GET /asset/?id=572461593&contentRepresentationPriorityList=W3siZm9ybWF0IjoiZm1kIiwibWFqb3JWZXJzaW9uIjoiMS4wLjEiLCJmaWRlbGl0eSI6IkFMTCJ9XQ%3D%3D
[2026-06-16 12:44:54] >> GET /player-policy-service/v1/player-policy-client
[2026-06-16 12:44:54] 404 GET /player-policy-service/v1/player-policy-client
[2026-06-16 12:44:54] << /player-policy-service/v1/player-policy-client -> {"errors":[{"code":"NotFound","message":"Not found"}]}
[2026-06-16 12:44:54] FetchUrl: HTTP 403 for https://assetdelivery.roblox.com/v1/asset/?id=889643771
[2026-06-16 12:44:54] Asset 889643771: fetch failed, falling back to redirect
[2026-06-16 12:44:54] >> GET /v1/asset?id=2085440437&contentRepresentationPriorityList=W3siZm9ybWF0Ijoia3R4MiIsIm1ham9yVmVyc2lvbiI6IjdyZG8iLCJmaWRlbGl0eSI6Ii8vLy8vQUU9In0seyJmb3JtYXQiOiJrdHgyIiwibWFqb3JWZXJzaW9uIjoiNnJkbyIsImZpZGVsaXR5IjoiUUFBPSJ9XQ%3D%3D&doNotFallbackToBaselineRepresentation=true
[2026-06-16 12:44:54] Asset 326366289 fetched OK (18652 bytes)
[2026-06-16 12:44:54] >> GET /v2/persistence/9000000000046/datastores/objects/object?datastore=T2&objectKey=global%2F14463315%3A1
[2026-06-16 12:44:54] >> GET /v2/persistence/9000000000046/datastores/objects/object?datastore=T2&objectKey=global%2F14463315%3A1
[2026-06-16 12:44:54] Asset 572461652 fetched OK (41305 bytes)
[2026-06-16 12:44:54] >> GET /asset/?id=862324287&contentRepresentationPriorityList=W3siZm9ybWF0Ijoia3R4MiIsIm1ham9yVmVyc2lvbiI6IjdyZG8iLCJmaWRlbGl0eSI6Ii8vLy8vQUU9In0seyJmb3JtYXQiOiJrdHgyIiwibWFqb3JWZXJzaW9uIjoiNnJkbyIsImZpZGVsaXR5IjoiUUFBPSJ9XQ%3D%3D&doNotFallbackToBaselineRepresentation=true
[2026-06-16 12:44:54] Asset 572461560 fetched OK (24505 bytes)
[2026-06-16 12:44:54] Asset 572461628 fetched OK (24505 bytes)
[2026-06-16 12:44:54] >> GET /asset/?id=808148248&contentRepresentationPriorityList=W3siZm9ybWF0Ijoia3R4MiIsIm1ham9yVmVyc2lvbiI6IjdyZG8iLCJmaWRlbGl0eSI6Ii8vLy8vQUU9In0seyJmb3JtYXQiOiJrdHgyIiwibWFqb3JWZXJzaW9uIjoiNnJkbyIsImZpZGVsaXR5IjoiUUFBPSJ9XQ%3D%3D&doNotFallbackToBaselineRepresentation=true
[2026-06-16 12:44:54] >> GET /v1/asset?id=190297826&contentRepresentationPriorityList=W3siZm9ybWF0Ijoia3R4MiIsIm1ham9yVmVyc2lvbiI6IjdyZG8iLCJmaWRlbGl0eSI6Ii8vLy8vQUU9In0seyJmb3JtYXQiOiJrdHgyIiwibWFqb3JWZXJzaW9uIjoiNnJkbyIsImZpZGVsaXR5IjoiUUFBPSJ9XQ%3D%3D&doNotFallbackToBaselineRepresentation=true
[2026-06-16 12:44:54] Asset 572461593 fetched OK (41545 bytes)
[2026-06-16 12:44:54] Asset 2085440437 fetched OK (72415 bytes)
[2026-06-16 12:44:54] >> GET /v1/asset?id=731590441
[2026-06-16 12:44:54] FetchUrl: HTTP 403 for https://assetdelivery.roblox.com/v1/asset/?id=808148248
[2026-06-16 12:44:54] Asset 808148248: fetch failed, falling back to redirect
[2026-06-16 12:44:54] >> GET /v1/asset?id=862324282&contentRepresentationPriorityList=W3siZm9ybWF0Ijoia3R4MiIsIm1ham9yVmVyc2lvbiI6IjdyZG8iLCJmaWRlbGl0eSI6Ii8vLy8vQUU9In0seyJmb3JtYXQiOiJrdHgyIiwibWFqb3JWZXJzaW9uIjoiNnJkbyIsImZpZGVsaXR5IjoiUUFBPSJ9XQ%3D%3D&doNotFallbackToBaselineRepresentation=true
[2026-06-16 12:44:55] Asset 731590441 fetched OK (211752 bytes)
[2026-06-16 12:44:55] Asset 862324287 fetched OK (7818 bytes)
[2026-06-16 12:44:55] Asset 190297826 fetched OK (4794 bytes)
[2026-06-16 12:44:55] Asset 862324282 fetched OK (11141 bytes)
[2026-06-16 12:44:55] >> GET /v1/asset?id=808859315&contentRepresentationPriorityList=W3siZm9ybWF0Ijoia3R4MiIsIm1ham9yVmVyc2lvbiI6IjdyZG8iLCJmaWRlbGl0eSI6Ii8vLy8vQUU9In0seyJmb3JtYXQiOiJrdHgyIiwibWFqb3JWZXJzaW9uIjoiNnJkbyIsImZpZGVsaXR5IjoiUUFBPSJ9XQ%3D%3D&doNotFallbackToBaselineRepresentation=true
[2026-06-16 12:44:55] >> GET /v1/asset?id=814713781&contentRepresentationPriorityList=W3siZm9ybWF0Ijoia3R4MiIsIm1ham9yVmVyc2lvbiI6IjdyZG8iLCJmaWRlbGl0eSI6Ii8vLy8vQUU9In0seyJmb3JtYXQiOiJrdHgyIiwibWFqb3JWZXJzaW9uIjoiNnJkbyIsImZpZGVsaXR5IjoiUUFBPSJ9XQ%3D%3D&doNotFallbackToBaselineRepresentation=true
[2026-06-16 12:44:55] >> GET /asset/?id=808649581&contentRepresentationPriorityList=W3siZm9ybWF0Ijoia3R4MiIsIm1ham9yVmVyc2lvbiI6IjdyZG8iLCJmaWRlbGl0eSI6Ii8vLy8vQUU9In0seyJmb3JtYXQiOiJrdHgyIiwibWFqb3JWZXJzaW9uIjoiNnJkbyIsImZpZGVsaXR5IjoiUUFBPSJ9XQ%3D%3D&doNotFallbackToBaselineRepresentation=true
[2026-06-16 12:44:55] >> GET /v1/asset?id=863784226&contentRepresentationPriorityList=W3siZm9ybWF0Ijoia3R4MiIsIm1ham9yVmVyc2lvbiI6IjdyZG8iLCJmaWRlbGl0eSI6Ii8vLy8vQUU9In0seyJmb3JtYXQiOiJrdHgyIiwibWFqb3JWZXJzaW9uIjoiNnJkbyIsImZpZGVsaXR5IjoiUUFBPSJ9XQ%3D%3D&doNotFallbackToBaselineRepresentation=true
[2026-06-16 12:44:55] >> GET /player-policy-service/v1/player-policy-client
[2026-06-16 12:44:55] 404 GET /player-policy-service/v1/player-policy-client
[2026-06-16 12:44:55] << /player-policy-service/v1/player-policy-client -> {"errors":[{"code":"NotFound","message":"Not found"}]}
[2026-06-16 12:44:55] Asset 808859315 fetched OK (1105 bytes)
[2026-06-16 12:44:56] Asset 814713781 fetched OK (106892 bytes)
[2026-06-16 12:44:56] >> GET /asset/?id=867467327&contentRepresentationPriorityList=W3siZm9ybWF0Ijoia3R4MiIsIm1ham9yVmVyc2lvbiI6IjdyZG8iLCJmaWRlbGl0eSI6Ii8vLy8vQUU9In0seyJmb3JtYXQiOiJrdHgyIiwibWFqb3JWZXJzaW9uIjoiNnJkbyIsImZpZGVsaXR5IjoiUUFBPSJ9XQ%3D%3D&doNotFallbackToBaselineRepresentation=true
[2026-06-16 12:44:56] >> GET /v1/asset?id=867467328&contentRepresentationPriorityList=W3siZm9ybWF0Ijoia3R4MiIsIm1ham9yVmVyc2lvbiI6IjdyZG8iLCJmaWRlbGl0eSI6Ii8vLy8vQUU9In0seyJmb3JtYXQiOiJrdHgyIiwibWFqb3JWZXJzaW9uIjoiNnJkbyIsImZpZGVsaXR5IjoiUUFBPSJ9XQ%3D%3D&doNotFallbackToBaselineRepresentation=true
[2026-06-16 12:44:56] >> GET /v1/asset?id=867545657&contentRepresentationPriorityList=W3siZm9ybWF0Ijoia3R4MiIsIm1ham9yVmVyc2lvbiI6IjdyZG8iLCJmaWRlbGl0eSI6Ii8vLy8vQUU9In0seyJmb3JtYXQiOiJrdHgyIiwibWFqb3JWZXJzaW9uIjoiNnJkbyIsImZpZGVsaXR5IjoiUUFBPSJ9XQ%3D%3D&doNotFallbackToBaselineRepresentation=true
[2026-06-16 12:44:56] >> GET /v1/asset?id=867545581&contentRepresentationPriorityList=W3siZm9ybWF0Ijoia3R4MiIsIm1ham9yVmVyc2lvbiI6IjdyZG8iLCJmaWRlbGl0eSI6Ii8vLy8vQUU9In0seyJmb3JtYXQiOiJrdHgyIiwibWFqb3JWZXJzaW9uIjoiNnJkbyIsImZpZGVsaXR5IjoiUUFBPSJ9XQ%3D%3D&doNotFallbackToBaselineRepresentation=true
[2026-06-16 12:44:56] >> GET /asset/?id=867394516&contentRepresentationPriorityList=W3siZm9ybWF0Ijoia3R4MiIsIm1ham9yVmVyc2lvbiI6IjdyZG8iLCJmaWRlbGl0eSI6Ii8vLy8vQUU9In0seyJmb3JtYXQiOiJrdHgyIiwibWFqb3JWZXJzaW9uIjoiNnJkbyIsImZpZGVsaXR5IjoiUUFBPSJ9XQ%3D%3D&doNotFallbackToBaselineRepresentation=true
[2026-06-16 12:44:56] Asset 863784226 fetched OK (2854 bytes)
[2026-06-16 12:44:56] >> GET /v1/asset?id=808910563&contentRepresentationPriorityList=W3siZm9ybWF0Ijoia3R4MiIsIm1ham9yVmVyc2lvbiI6IjdyZG8iLCJmaWRlbGl0eSI6Ii8vLy8vQUU9In0seyJmb3JtYXQiOiJrdHgyIiwibWFqb3JWZXJzaW9uIjoiNnJkbyIsImZpZGVsaXR5IjoiUUFBPSJ9XQ%3D%3D&doNotFallbackToBaselineRepresentation=true
[2026-06-16 12:44:56] Asset 808649581 fetched OK (486414 bytes)
[2026-06-16 12:44:56] >> GET /v1/asset?id=771906630
[2026-06-16 12:44:56] Asset 867545581 fetched OK (444520 bytes)
[2026-06-16 12:44:56] >> GET /v1/asset?id=798914581
[2026-06-16 12:44:56] Asset 867394516 fetched OK (481880 bytes)
[2026-06-16 12:44:56] Asset 771906630 fetched OK (47671 bytes)
[2026-06-16 12:44:56] Asset 798914581 fetched OK (92570 bytes)
[2026-06-16 12:44:56] >> GET /v1/asset?id=646886491
[2026-06-16 12:44:56] Asset 867467327 fetched OK (503705 bytes)
[2026-06-16 12:44:56] >> GET /v1/asset?id=326157300
[2026-06-16 12:44:56] >> GET /v1/asset?id=798912168
[2026-06-16 12:44:56] Asset 808910563 fetched OK (18359 bytes)
[2026-06-16 12:44:56] Asset 867545657 fetched OK (436812 bytes)
[2026-06-16 12:44:56] Asset 867467328 fetched OK (519845 bytes)
[2026-06-16 12:44:56] Asset 646886491 fetched OK (31797 bytes)
[2026-06-16 12:44:56] >> GET /v1/asset?id=646886482
[2026-06-16 12:44:56] Asset 326157300 fetched OK (32527 bytes)
[2026-06-16 12:44:57] Asset 798912168 fetched OK (98237 bytes)
[2026-06-16 12:44:57] >> GET /v1/asset?id=646886411
[2026-06-16 12:44:57] >> GET /v1/asset?id=388923376
[2026-06-16 12:44:57] >> GET /v1/asset?id=326157314
[2026-06-16 12:44:57] >> GET /v1/asset?id=326157221
[2026-06-16 12:44:57] >> GET /v1/asset?id=190805555&contentRepresentationPriorityList=W3siZm9ybWF0Ijoia3R4MiIsIm1ham9yVmVyc2lvbiI6IjdyZG8iLCJmaWRlbGl0eSI6Ii8vLy8vQUU9In0seyJmb3JtYXQiOiJrdHgyIiwibWFqb3JWZXJzaW9uIjoiNnJkbyIsImZpZGVsaXR5IjoiUUFBPSJ9XQ%3D%3D&doNotFallbackToBaselineRepresentation=true
[2026-06-16 12:44:57] Asset 646886411 fetched OK (58167 bytes)
[2026-06-16 12:44:57] >> GET /v1/asset?id=811562707&contentRepresentationPriorityList=W3siZm9ybWF0Ijoia3R4MiIsIm1ham9yVmVyc2lvbiI6IjdyZG8iLCJmaWRlbGl0eSI6Ii8vLy8vQUU9In0seyJmb3JtYXQiOiJrdHgyIiwibWFqb3JWZXJzaW9uIjoiNnJkbyIsImZpZGVsaXR5IjoiUUFBPSJ9XQ%3D%3D&doNotFallbackToBaselineRepresentation=true
[2026-06-16 12:44:57] >> GET /v1/asset?id=808949281&contentRepresentationPriorityList=W3siZm9ybWF0Ijoia3R4MiIsIm1ham9yVmVyc2lvbiI6IjdyZG8iLCJmaWRlbGl0eSI6Ii8vLy8vQUU9In0seyJmb3JtYXQiOiJrdHgyIiwibWFqb3JWZXJzaW9uIjoiNnJkbyIsImZpZGVsaXR5IjoiUUFBPSJ9XQ%3D%3D&doNotFallbackToBaselineRepresentation=true
[2026-06-16 12:44:57] Asset 646886482 fetched OK (29975 bytes)
[2026-06-16 12:44:57] Asset 326157314 fetched OK (79480 bytes)
[2026-06-16 12:44:57] Asset 326157221 fetched OK (58167 bytes)
[2026-06-16 12:44:57] Asset 388923376 fetched OK (15231 bytes)
[2026-06-16 12:44:57] FetchUrl: HTTP 403 for https://assetdelivery.roblox.com/v1/asset/?id=811562707
[2026-06-16 12:44:57] Asset 811562707: fetch failed, falling back to redirect
[2026-06-16 12:44:57] >> GET /asset/?id=808148248&contentRepresentationPriorityList=W3siZm9ybWF0IjoiT3JpZ2luYWwiLCJtYWpvclZlcnNpb24iOiJPcmlnaW5hbCIsImZpZGVsaXR5IjoiT3JpZ2luYWwifV0%3D
[2026-06-16 12:44:57] >> GET /asset/?id=862324280&contentRepresentationPriorityList=W3siZm9ybWF0Ijoia3R4MiIsIm1ham9yVmVyc2lvbiI6IjdyZG8iLCJmaWRlbGl0eSI6Ii8vLy8vQUU9In0seyJmb3JtYXQiOiJrdHgyIiwibWFqb3JWZXJzaW9uIjoiNnJkbyIsImZpZGVsaXR5IjoiUUFBPSJ9XQ%3D%3D&doNotFallbackToBaselineRepresentation=true
[2026-06-16 12:44:57] >> GET /v1/asset?id=809005114&contentRepresentationPriorityList=W3siZm9ybWF0Ijoia3R4MiIsIm1ham9yVmVyc2lvbiI6IjdyZG8iLCJmaWRlbGl0eSI6Ii8vLy8vQUU9In0seyJmb3JtYXQiOiJrdHgyIiwibWFqb3JWZXJzaW9uIjoiNnJkbyIsImZpZGVsaXR5IjoiUUFBPSJ9XQ%3D%3D&doNotFallbackToBaselineRepresentation=true
[2026-06-16 12:44:57] >> GET /v1/asset?id=190295080&contentRepresentationPriorityList=W3siZm9ybWF0Ijoia3R4MiIsIm1ham9yVmVyc2lvbiI6IjdyZG8iLCJmaWRlbGl0eSI6Ii8vLy8vQUU9In0seyJmb3JtYXQiOiJrdHgyIiwibWFqb3JWZXJzaW9uIjoiNnJkbyIsImZpZGVsaXR5IjoiUUFBPSJ9XQ%3D%3D&doNotFallbackToBaselineRepresentation=true
[2026-06-16 12:44:57] FetchUrl: HTTP 403 for https://assetdelivery.roblox.com/v1/asset/?id=808148248
[2026-06-16 12:44:57] Asset 808148248: fetch failed, falling back to redirect
[2026-06-16 12:44:57] >> GET /v1/asset?id=798912336
[2026-06-16 12:44:57] >> GET /v1/asset?id=190082772&contentRepresentationPriorityList=W3siZm9ybWF0Ijoia3R4MiIsIm1ham9yVmVyc2lvbiI6IjdyZG8iLCJmaWRlbGl0eSI6Ii8vLy8vQUU9In0seyJmb3JtYXQiOiJrdHgyIiwibWFqb3JWZXJzaW9uIjoiNnJkbyIsImZpZGVsaXR5IjoiUUFBPSJ9XQ%3D%3D&doNotFallbackToBaselineRepresentation=true
[2026-06-16 12:44:57] Asset 809005114 fetched OK (2036 bytes)
[2026-06-16 12:44:57] >> GET /v1/asset?id=822772629
[2026-06-16 12:44:57] Asset 798912336 fetched OK (70728 bytes)
[2026-06-16 12:44:57] Asset 862324280 fetched OK (5122 bytes)
[2026-06-16 12:44:57] Asset 822772629 fetched OK (6060 bytes)
[2026-06-16 12:44:57] >> GET /v1/asset?id=822772628
[2026-06-16 12:44:57] Asset 190295080 fetched OK (5071 bytes)
[2026-06-16 12:44:57] Asset 190805555 fetched OK (708528 bytes)
[2026-06-16 12:44:57] >> GET /v1/asset?id=798912382
[2026-06-16 12:44:57] Asset 808949281 fetched OK (44316 bytes)
[2026-06-16 12:44:57] Asset 190082772 fetched OK (8201 bytes)
[2026-06-16 12:44:58] Asset 822772628 fetched OK (4209 bytes)
[2026-06-16 12:44:58] >> GET /asset/?id=848004090&contentRepresentationPriorityList=W3siZm9ybWF0Ijoia3R4MiIsIm1ham9yVmVyc2lvbiI6IjdyZG8iLCJmaWRlbGl0eSI6Ii8vLy8vQUU9In0seyJmb3JtYXQiOiJrdHgyIiwibWFqb3JWZXJzaW9uIjoiNnJkbyIsImZpZGVsaXR5IjoiUUFBPSJ9XQ%3D%3D&doNotFallbackToBaselineRepresentation=true
[2026-06-16 12:44:58] >> GET /v1/asset?id=822365095&contentRepresentationPriorityList=W3siZm9ybWF0Ijoia3R4MiIsIm1ham9yVmVyc2lvbiI6IjdyZG8iLCJmaWRlbGl0eSI6Ii8vLy8vQUU9In0seyJmb3JtYXQiOiJrdHgyIiwibWFqb3JWZXJzaW9uIjoiNnJkbyIsImZpZGVsaXR5IjoiUUFBPSJ9XQ%3D%3D&doNotFallbackToBaselineRepresentation=true
[2026-06-16 12:44:58] Asset 798912382 fetched OK (31096 bytes)
[2026-06-16 12:44:58] >> GET /v1/asset?id=626851774&contentRepresentationPriorityList=W3siZm9ybWF0Ijoia3R4MiIsIm1ham9yVmVyc2lvbiI6IjdyZG8iLCJmaWRlbGl0eSI6Ii8vLy8vQUU9In0seyJmb3JtYXQiOiJrdHgyIiwibWFqb3JWZXJzaW9uIjoiNnJkbyIsImZpZGVsaXR5IjoiUUFBPSJ9XQ%3D%3D&doNotFallbackToBaselineRepresentation=true
[2026-06-16 12:44:58] >> GET /v1/asset?id=626851706&contentRepresentationPriorityList=W3siZm9ybWF0Ijoia3R4MiIsIm1ham9yVmVyc2lvbiI6IjdyZG8iLCJmaWRlbGl0eSI6Ii8vLy8vQUU9In0seyJmb3JtYXQiOiJrdHgyIiwibWFqb3JWZXJzaW9uIjoiNnJkbyIsImZpZGVsaXR5IjoiUUFBPSJ9XQ%3D%3D&doNotFallbackToBaselineRepresentation=true
[2026-06-16 12:44:58] >> GET /v1/asset?id=794920739&contentRepresentationPriorityList=W3siZm9ybWF0Ijoia3R4MiIsIm1ham9yVmVyc2lvbiI6IjdyZG8iLCJmaWRlbGl0eSI6Ii8vLy8vQUU9In0seyJmb3JtYXQiOiJrdHgyIiwibWFqb3JWZXJzaW9uIjoiNnJkbyIsImZpZGVsaXR5IjoiUUFBPSJ9XQ%3D%3D&doNotFallbackToBaselineRepresentation=true
[2026-06-16 12:44:58] >> GET /player-policy-service/v1/player-policy-client
[2026-06-16 12:44:58] 404 GET /player-policy-service/v1/player-policy-client
[2026-06-16 12:44:58] << /player-policy-service/v1/player-policy-client -> {"errors":[{"code":"NotFound","message":"Not found"}]}
[2026-06-16 12:44:58] Asset 822365095 fetched OK (5695 bytes)
[2026-06-16 12:44:58] Asset 848004090 fetched OK (2611 bytes)
[2026-06-16 12:44:58] >> POST /v1.0/SequenceStatistics/BatchAddToSequencesV2?apiKey=76E5A40C-3AE1-4028-9F10-7C62520BD94F
[2026-06-16 12:44:58] >> POST /v1.1/Counters/BatchIncrement?apiKey=76E5A40C-3AE1-4028-9F10-7C62520BD94F
[2026-06-16 12:44:58] << /v1.0/SequenceStatistics/BatchAddToSequencesV2 -> {}
[2026-06-16 12:44:58] << /v1.1/Counters/BatchIncrement -> {}
[2026-06-16 12:44:58] Asset 794920739 fetched OK (11984 bytes)
[2026-06-16 12:44:58] Asset 626851706 fetched OK (38923 bytes)
[2026-06-16 12:44:58] Asset 626851774 fetched OK (15745 bytes)
[2026-06-16 12:44:58] >> GET /v1/universes/9000000000046/configuration
[2026-06-16 12:44:58] << /v1/universes/9000000000046/configuration -> {"allowPrivateServers":true,"privateServerPrice":null,"id":9000000000046,"name":"Phantom Forces","universeAvatarType":"MorphToR6","universeScaleType":"AllScales","universeAnimationType":"PlayerChoice","universeCollisionType":"OuterBox","universeBodyType":"Standard","universeJointPositioningType":"ArtistIntent","universeAvatarAssetOverrides":[],"universeAvatarMinScales":{"height":0.9,"width":0.7,"head":0.95,"proportion":0,"bodyType":0},"universeAvatarMaxScales":{"height":1.05,"width":1,"head":1,"proportion":1,"bodyType":1},"isArchived":false,"isFriendsOnly":false,"genre":"All","playableDevices":["Computer","Phone","Tablet"],"isForSale":false,"price":0,"isStudioAccessToApisAllowed":true,"privacyType":"Public"}
[2026-06-16 12:45:12] >> GET /v1/universes/9000000000046/permissions
[2026-06-16 12:45:12] << /v1/universes/9000000000046/permissions -> {"canManage":true,"canCloudEdit":false,"canPublish":true,"canView":true,"isPublic":false}
[2026-06-16 12:45:12] >> GET /v2/universes/9000000000046/configuration
[2026-06-16 12:45:12] >> POST /experience-guidelines-service/v1beta1/multi-age-recommendation
[2026-06-16 12:45:12] << /__rbxsub__/develop./v2/universes/9000000000046/configuration -> {"allowPrivateServers":true,"privateServerPrice":null,"id":9000000000046,"name":"Phantom Forces","universeAvatarType":"MorphToR6","universeScaleType":"AllScales","universeAnimationType":"PlayerChoice","universeCollisionType":"OuterBox","universeBodyType":"Standard","universeJointPositioningType":"ArtistIntent","universeAvatarAssetOverrides":[],"universeAvatarMinScales":{"height":0.9,"width":0.7,"head":0.95,"proportion":0,"bodyType":0},"universeAvatarMaxScales":{"height":1.05,"width":1,"head":1,"proportion":1,"bodyType":1},"isArchived":false,"isFriendsOnly":false,"genre":"All","playableDevices":["Computer","Phone","Tablet"],"isForSale":false,"price":0,"isStudioAccessToApisAllowed":true,"privacyType":"Public"}
[2026-06-16 12:45:12] << /__rbxsub__/apis./experience-guidelines-service/v1beta1/multi-age-recommendation -> {"eligibilityByCreator":[{"userId":"14463315","userIsEligible":true,"displayText":"Eligible","ineligibilityReason":"INELIGIBILITY_REASON_NONE"}]}
[2026-06-16 12:45:13] >> GET /v1/universes/9000000000046/permissions
[2026-06-16 12:45:13] << /v1/universes/9000000000046/permissions -> {"canManage":true,"canCloudEdit":false,"canPublish":true,"canView":true,"isPublic":false}
[2026-06-16 12:45:13] >> GET /experience-genre-api/v1/Creator/ExperienceGenre?universeId=9000000000046&genreTaxonomyVersion=1
[2026-06-16 12:45:13] >> GET /v1/games/9000000000046/media
[2026-06-16 12:45:13] >> GET /v1/universes/9000000000046/icon
[2026-06-16 12:45:13] << /__rbxsub__/apis./experience-genre-api/v1/Creator/ExperienceGenre -> {"genre":"na","details":{}}
[2026-06-16 12:45:13] << /__rbxsub__/games./v1/games/9000000000046/media -> {"data":[{"id":9991912465,"rootPlaceId":9991912465,"name":"Baseplate","description":"","sourceName":null,"sourceDescription":null,"creator":{"id":14463315,"name":"HearMeRoar","type":"User","isRNVAccount":false,"hasVerifiedBadge":false},"price":null,"allowedGearGenres":["All"],"allowedGearCategories":[],"isGenreEnforced":true,"copyingAllowed":false,"playing":0,"visits":0,"maxPlayers":10,"created":"2022-05-11T13:27:09.897Z","updated":"2022-06-19T07:23:39.03Z","studioAccessToApisAllowed":true,"createVipServersAllowed":false,"genre":"All","genre_l1":"","genre_l2":"","untranslated_genre_l1":"na","isAllGenre":true,"isFavoritedByUser":false,"favoritedCount":0,"isActive":true,"privacyType":"Public","canonicalUrlPath":"/games/9991912465/Baseplate"}]}
[2026-06-16 12:45:13] << /__rbxsub__/develop./v1/universes/9000000000046/icon -> {"id":9000000000046,"universeId":9000000000046,"rootPlaceId":9000000000047,"name":"Phantom Forces","description":"ez","isArchived":false,"isActive":true,"privacyType":"Private","creatorType":"User","creatorTargetId":14463315,"creatorName":"HearMeRoar","price":0,"playing":0,"visits":0,"maxPlayers":10,"studioAccessToApisAllowed":true,"genre":"All","isAllGenre":true,"isFavoritedByUser":false,"favoritedCount":0,"created":"2022-05-11T13:27:09.897Z","updated":"2022-05-11T13:27:09.897Z","universeAvatarType":"MorphToR6"}
[2026-06-16 12:45:14] >> POST /v1.1/Counters/BatchIncrement?apiKey=76E5A40C-3AE1-4028-9F10-7C62520BD94F
[2026-06-16 12:45:14] >> POST /v1.0/SequenceStatistics/BatchAddToSequencesV2?apiKey=76E5A40C-3AE1-4028-9F10-7C62520BD94F
[2026-06-16 12:45:14] << /v1.1/Counters/BatchIncrement -> {}
[2026-06-16 12:45:14] >> POST /timespent/pbe
[2026-06-16 12:45:14] << /v1.0/SequenceStatistics/BatchAddToSequencesV2 -> {}
[2026-06-16 12:45:14] >> POST /client/pbe
[2026-06-16 12:45:14] << /timespent/pbe -> {}
[2026-06-16 12:45:14] << /client/pbe -> {}
[2026-06-16 12:45:14] >> POST /studio/pbe
[2026-06-16 12:45:14] << /studio/pbe -> {}
[2026-06-16 12:45:14] >> POST /experience-signals-ingest/public/v1/events/single
[2026-06-16 12:45:14] << /experience-signals-ingest/public/v1/events/single -> {}
[2026-06-16 12:45:16] >> POST /v1.0/SequenceStatistics/BatchAddToSequencesV2?apiKey=76E5A40C-3AE1-4028-9F10-7C62520BD94F
[2026-06-16 12:45:16] << /v1.0/SequenceStatistics/BatchAddToSequencesV2 -> {}
[2026-06-16 12:45:16] >> POST /v1.1/Counters/BatchIncrement?apiKey=76E5A40C-3AE1-4028-9F10-7C62520BD94F
[2026-06-16 12:45:16] << /v1.1/Counters/BatchIncrement -> {}
[2026-06-16 12:45:18] >> POST /user-heartbeats-api/pulse
[2026-06-16 12:45:18] << /user-heartbeats-api/pulse -> {"accounts": [{"username": "HearMeRoar","robloxCookie": "","pulseInterval": 30000,"enableLogging": true}],"globalConfig": {"retryAttempts": 3,"retryDelay": 5000}}
[2026-06-16 12:45:23] >> GET /userhub/?id=
[2026-06-16 12:45:23] 404 GET /userhub/
[2026-06-16 12:45:23] << /userhub/ -> {"errors":[{"code":"NotFound","message":"Not found"}]}
[2026-06-16 12:45:44] >> POST /v1.0/SequenceStatistics/BatchAddToSequencesV2?apiKey=76E5A40C-3AE1-4028-9F10-7C62520BD94F
[2026-06-16 12:45:44] << /v1.0/SequenceStatistics/BatchAddToSequencesV2 -> {}
[2026-06-16 12:45:44] >> POST /timespent/pbe
[2026-06-16 12:45:44] >> POST /experience-signals-ingest/public/v1/events/single
[2026-06-16 12:45:44] >> POST /studio/pbe
[2026-06-16 12:45:44] << /timespent/pbe -> {}
[2026-06-16 12:45:44] << /experience-signals-ingest/public/v1/events/single -> {}
[2026-06-16 12:45:44] << /studio/pbe -> {}
[2026-06-16 12:45:48] >> POST /user-heartbeats-api/pulse
[2026-06-16 12:45:48] << /user-heartbeats-api/pulse -> {"accounts": [{"username": "HearMeRoar","robloxCookie": "","pulseInterval": 30000,"enableLogging": true}],"globalConfig": {"retryAttempts": 3,"retryDelay": 5000}}
[2026-06-16 12:45:53] >> GET /userhub/?id=
[2026-06-16 12:45:53] 404 GET /userhub/
[2026-06-16 12:45:53] << /userhub/ -> {"errors":[{"code":"NotFound","message":"Not found"}]}
[2026-06-16 12:46:14] >> POST /studio/pbe
[2026-06-16 12:46:14] >> POST /studio/pbe
[2026-06-16 12:46:14] >> PATCH /studio-user-settings/v1/user/studiodata/CloudEditKey_placeId9000000000047
[2026-06-16 12:46:14] << /studio/pbe -> {}
[2026-06-16 12:46:14] << /studio/pbe -> {}
[2026-06-16 12:46:14] << /studio-user-settings/v1/user/studiodata/CloudEditKey_placeId9000000000047 -> {}
[2026-06-16 12:46:14] >> POST /v1.0/SequenceStatistics/BatchAddToSequencesV2?apiKey=76E5A40C-3AE1-4028-9F10-7C62520BD94F
[2026-06-16 12:46:14] << /v1.0/SequenceStatistics/BatchAddToSequencesV2 -> {}
[2026-06-16 12:46:14] >> POST /v1.1/Counters/BatchIncrement?apiKey=76E5A40C-3AE1-4028-9F10-7C62520BD94F
[2026-06-16 12:46:14] << /v1.1/Counters/BatchIncrement -> {}
[2026-06-16 12:46:16] >> POST /v1.1/Counters/BatchIncrement?apiKey=76E5A40C-3AE1-4028-9F10-7C62520BD94F
[2026-06-16 12:46:16] >> POST /v1.0/SequenceStatistics/BatchAddToSequencesV2?apiKey=76E5A40C-3AE1-4028-9F10-7C62520BD94F
[2026-06-16 12:46:16] >> POST /studio/pbe
[2026-06-16 12:46:16] >> POST /timespent/pbe
[2026-06-16 12:46:16] << /timespent/pbe -> {}
[2026-06-16 12:46:16] << /v1.1/Counters/BatchIncrement -> {}
[2026-06-16 12:46:16] >> POST /user-heartbeats-api/action-report
[2026-06-16 12:46:16] << /v1.0/SequenceStatistics/BatchAddToSequencesV2 -> {}
[2026-06-16 12:46:16] << /studio/pbe -> {}
[2026-06-16 12:46:16] >> POST /experience-signals-ingest/public/v1/events/single
[2026-06-16 12:46:16] << /user-heartbeats-api/action-report -> {"accounts": [{"username": "HearMeRoar","robloxCookie": "","pulseInterval": 30000,"enableLogging": true}],"globalConfig": {"retryAttempts": 3,"retryDelay": 5000}}
[2026-06-16 12:46:16] << /experience-signals-ingest/public/v1/events/single -> {}
[2026-06-16 12:46:16] >> GET /v1/not-approved
[2026-06-16 12:46:16] >> GET /v1/universes/multiget?ids=9000000000046&ids=9000000000098&ids=9000000000048&ids=9000000000068&ids=9000000000016&ids=9000000000088&ids=9000000000064&ids=9000000000092&ids=9000000000096&ids=9000000000080&ids=9000000000018&ids=9000000000040&ids=9000000000030&ids=9000000000070&ids=9000000000034&ids=9000000000020&ids=9000000000002&ids=9000000000026&ids=9000000000052&ids=9000000000022&ids=9000000000050&ids=9000000000062&ids=9000000000044&ids=9000000000060
[2026-06-16 12:46:16] >> POST /studio/pbe
[2026-06-16 12:46:16] >> POST /studio/pbe
[2026-06-16 12:46:16] << /v1/not-approved -> {}
[2026-06-16 12:46:16] >> POST /user-heartbeats-api/action-report
[2026-06-16 12:46:16] << /studio/pbe -> {}
[2026-06-16 12:46:16] << /studio/pbe -> {}
[2026-06-16 12:46:16] << /user-heartbeats-api/action-report -> {"accounts": [{"username": "HearMeRoar","robloxCookie": "","pulseInterval": 30000,"enableLogging": true}],"globalConfig": {"retryAttempts": 3,"retryDelay": 5000}}
[2026-06-16 12:46:16] >> POST /v1.0/SequenceStatistics/BatchAddToSequencesV2?apiKey=76E5A40C-3AE1-4028-9F10-7C62520BD94F
[2026-06-16 12:46:16] << /v1.0/SequenceStatistics/BatchAddToSequencesV2 -> {}
[2026-06-16 12:46:16] >> POST /v1.1/Counters/BatchIncrement?apiKey=76E5A40C-3AE1-4028-9F10-7C62520BD94F
[2026-06-16 12:46:16] << /v1.1/Counters/BatchIncrement -> {}
[2026-06-16 12:46:16] >> POST /v1.0/SequenceStatistics/BatchAddToSequencesV2?apiKey=76E5A40C-3AE1-4028-9F10-7C62520BD94F
[2026-06-16 12:46:16] >> POST /v1.1/Counters/BatchIncrement?apiKey=76E5A40C-3AE1-4028-9F10-7C62520BD94F
[2026-06-16 12:46:16] << /v1.0/SequenceStatistics/BatchAddToSequencesV2 -> {}
[2026-06-16 12:46:16] << /v1.1/Counters/BatchIncrement -> {}
[2026-06-16 12:46:17] >> POST /v1.0/SequenceStatistics/BatchAddToSequencesV2?apiKey=76E5A40C-3AE1-4028-9F10-7C62520BD94F
[2026-06-16 12:46:17] >> POST /v1.1/Counters/BatchIncrement?apiKey=76E5A40C-3AE1-4028-9F10-7C62520BD94F
[2026-06-16 12:46:17] << /v1.0/SequenceStatistics/BatchAddToSequencesV2 -> {}
[2026-06-16 12:46:17] << /v1.1/Counters/BatchIncrement -> {}
[2026-06-16 12:46:17] >> POST /v1.1/Counters/BatchIncrement?apiKey=76E5A40C-3AE1-4028-9F10-7C62520BD94F
[2026-06-16 12:46:17] >> POST /studio/pbe
[2026-06-16 12:46:17] >> POST /experience-signals-ingest/public/v1/events/single
[2026-06-16 12:46:17] << /v1.1/Counters/BatchIncrement -> {}
[2026-06-16 12:46:17] << /studio/pbe -> {}
[2026-06-16 12:46:17] << /experience-signals-ingest/public/v1/events/single -> {}
[2026-06-16 12:46:17] >> POST /experience-signals-ingest/public/v1/events/single
[2026-06-16 12:46:17] << /experience-signals-ingest/public/v1/events/single -> {}
[2026-06-16 12:46:17] >> POST /experience-signals-ingest/public/v1/events/single
[2026-06-16 12:46:17] << /experience-signals-ingest/public/v1/events/single -> {}
[2026-06-16 12:46:18] >> POST /experience-signals-ingest/public/v1/events/single
[2026-06-16 12:46:18] << /experience-signals-ingest/public/v1/events/single -> {}
[2026-06-16 12:46:18] >> POST /experience-signals-ingest/public/v1/events/single
[2026-06-16 12:46:18] << /experience-signals-ingest/public/v1/events/single -> {}
[2026-06-16 12:46:18] >> POST /experience-signals-ingest/public/v1/events/single
[2026-06-16 12:46:18] << /experience-signals-ingest/public/v1/events/single -> {}
[2026-06-16 12:46:18] >> POST /experience-signals-ingest/public/v1/events/single
[2026-06-16 12:46:18] << /experience-signals-ingest/public/v1/events/single -> {}
