[2026-06-16 14:06:48] === HookedWebserver startup ===
[2026-06-16 14:06:48] DLL directory: C:\Users\catoa\Desktop\Roblox Downloads\OffBloxModern\Clients\OffBlox\
[2026-06-16 14:06:48] Username: HearMeRoar  UserId: 14463315
[2026-06-16 14:06:48] HTTP port: 80  HTTPS port: 443
[2026-06-16 14:06:48] Winsock initialized
[2026-06-16 14:06:48] Sign key: loaded OK
[2026-06-16 14:06:48] SSL: PEM cert+key loaded OK (PKCS#8 key, no PFX needed)
[2026-06-16 14:06:48] SSL/TLS: loaded OK
[2026-06-16 14:06:48] Server ACTIVE — listening on HTTP:80 and HTTPS:443
[2026-06-16 14:06:48] Startup complete.
[2026-06-16 14:06:48] Roblox cookie probe (users/authenticated): HTTP 200 -> valid
[2026-06-16 14:06:48] Roblox cookie: loaded & valid
[2026-06-16 14:06:48] >> GET /guac-v2/v1/bundles/studio
[2026-06-16 14:06:48] >> GET /v2/client-version/WindowsStudio64
[2026-06-16 14:06:48] >> GET /v2/settings/application/PCStudioApp
[2026-06-16 14:06:48] << /guac-v2/v1/bundles/studio -> {"version":"1","bundle":{"name":"studio","configurations":{"Feature_DisableOldCookieManagementSticky":"0;100","Feature_UnifiedCookieProtocolEnabled":"0;100","Feature_UnifiedCookieProtocolEnabledSticky":"0;100","Feature_AccessCookiesWithUrlEnabledSticky":"0;100"},"experiments":{}}}
[2026-06-16 14:06:48] << /v2/client-version/WindowsStudio64 -> {"version":"0.578.0.5780566","clientVersionUpload":"version-f0b439683245446c","bootstrapperVersion":"1.0.0.0","nextClientVersion":"0.578.0.5780566","nextClientVersionUpload":"version-f0b439683245446c","flagOnly":true}
[2026-06-16 14:06:48] PCStudioApp: injected DebugLocalRccServerConnectionPort=25565
[2026-06-16 14:06:48] >> GET /oauth/.well-known/openid-configuration
[2026-06-16 14:06:48] >> POST /studio/pbe
[2026-06-16 14:06:48] << /oauth/.well-known/openid-configuration -> {"issuer":"http://localhost/oauth/","authorization_endpoint":"http://localhost/oauth/v1/authorize","token_endpoint":"http://localhost/oauth/v1/token","introspection_endpoint":"http://localhost/oauth/v1/token/introspect","revocation_endpoint":"http://localhost/oauth/v1/token/revoke","resources_endpoint":"http://localhost/oauth/v1/token/resources","userinfo_endpoint":"http://localhost/oauth/v1/userinfo","jwks_uri":"http://localhost/oauth/v1/certs","registration_endpoint":"http://localhost/dashboard/credentials","service_documentation":"http://localhost/docs/reference/cloud","scopes_supported":["openid","profile","email","verification","credentials","age","premium","roles","attributes"],"response_types_supported":["none","code"],"subject_types_supported":["public"],"id_token_signing_alg_values_supported":["ES256"],"claims_supported":["sub","type","iss","aud","exp","iat","nonce","name","nickname","preferred_username","created_at","profile","picture","email","email_ve
[2026-06-16 14:06:48] << /studio/pbe -> {}
[2026-06-16 14:06:49] >> POST /product-experimentation-platform/v1/projects/1/values
[2026-06-16 14:06:49] << /product-experimentation-platform/v1/projects/1/values -> {"assignments":[]}
[2026-06-16 14:06:49] >> POST /studio/pbe
[2026-06-16 14:06:49] << /studio/pbe -> {}
[2026-06-16 14:06:49] >> POST /v1.0/SequenceStatistics/BatchAddToSequencesV2?apiKey=76E5A40C-3AE1-4028-9F10-7C62520BD94F
[2026-06-16 14:06:49] << /v1.0/SequenceStatistics/BatchAddToSequencesV2 -> {}
[2026-06-16 14:06:50] >> POST /v1.1/Counters/BatchIncrement?apiKey=76E5A40C-3AE1-4028-9F10-7C62520BD94F
[2026-06-16 14:06:50] << /v1.1/Counters/BatchIncrement -> {}
[2026-06-16 14:06:50] >> POST /experience-signals-ingest/public/v1/events/single
[2026-06-16 14:06:50] << /experience-signals-ingest/public/v1/events/single -> {}
[2026-06-16 14:06:51] >> GET /oauth/.well-known/openid-configuration
[2026-06-16 14:06:51] << /oauth/.well-known/openid-configuration -> {"issuer":"http://localhost/oauth/","authorization_endpoint":"http://localhost/oauth/v1/authorize","token_endpoint":"http://localhost/oauth/v1/token","introspection_endpoint":"http://localhost/oauth/v1/token/introspect","revocation_endpoint":"http://localhost/oauth/v1/token/revoke","resources_endpoint":"http://localhost/oauth/v1/token/resources","userinfo_endpoint":"http://localhost/oauth/v1/userinfo","jwks_uri":"http://localhost/oauth/v1/certs","registration_endpoint":"http://localhost/dashboard/credentials","service_documentation":"http://localhost/docs/reference/cloud","scopes_supported":["openid","profile","email","verification","credentials","age","premium","roles","attributes"],"response_types_supported":["none","code"],"subject_types_supported":["public"],"id_token_signing_alg_values_supported":["ES256"],"claims_supported":["sub","type","iss","aud","exp","iat","nonce","name","nickname","preferred_username","created_at","profile","picture","email","email_ve
[2026-06-16 14:06:51] >> POST /studio/pbe
[2026-06-16 14:06:51] << /studio/pbe -> {}
[2026-06-16 14:06:51] >> POST /experience-signals-ingest/public/v1/events/single
[2026-06-16 14:06:51] << /experience-signals-ingest/public/v1/events/single -> {}
[2026-06-16 14:06:51] >> GET /oauth/v1/authorize?response_type=code&code_challenge=W1VcnDWXmMRzF-kWH6skUd9XWVub9F9JCS3uRTxWSOs&code_challenge_method=S256&client_id&redirect_uri=roblox-studio-auth%3A%2F&scope=openid+credentials+profile+age+roles+premium+verification&nonce=id-roblox&state=eyJwaWQiOiIyMzUwNCIsImV2ZW50X2hhbmRsZXJfbmFtZSI6IkV4dGVybmFsTG9naW5GbG93IiwiZGF0YSI6Imd2Q2hnUlhvUTY3TUE2Q1B0eURHQkFJWGlDbzdXdWdaOEIzemNpTjRqNEkifQ%3D%3D
[2026-06-16 14:06:51] /authorize: client_id='roblox_studio_client' nonce='id-roblox' redirect_uri='roblox-studio-auth:/'
[2026-06-16 14:06:51] >> POST /product-experimentation-platform/v1/projects/1/values
[2026-06-16 14:06:51] << /product-experimentation-platform/v1/projects/1/values -> {"assignments":[]}
[2026-06-16 14:06:51] >> POST /studio/pbe
[2026-06-16 14:06:51] << /studio/pbe -> {}
[2026-06-16 14:06:52] >> POST /v1.0/SequenceStatistics/BatchAddToSequencesV2?apiKey=76E5A40C-3AE1-4028-9F10-7C62520BD94F
[2026-06-16 14:06:52] << /v1.0/SequenceStatistics/BatchAddToSequencesV2 -> {}
[2026-06-16 14:06:52] >> GET /oauth/v1/authorize?response_type=code&code_challenge=AzlJEhTm48y8JGHS3uwUFbzuDVWge8LdBySk-LdDIpI&code_challenge_method=S256&client_id&redirect_uri=roblox-studio-auth%3A%2F&scope=openid+credentials+profile+age+roles+premium+verification&nonce=id-roblox&state=eyJwaWQiOiI1MjkyIiwiZXZlbnRfaGFuZGxlcl9uYW1lIjoiRXh0ZXJuYWxMb2dpbkZsb3ciLCJkYXRhIjoiX25OUUE0MGpRSzA3SkFReEhaeW5qSlB3WWNvUlFadDFkaGIzR2xHNGN1ZyJ9
[2026-06-16 14:06:52] /authorize: client_id='roblox_studio_client' nonce='id-roblox' redirect_uri='roblox-studio-auth:/'
[2026-06-16 14:06:52] >> POST /oauth/v1/token
[2026-06-16 14:06:52] /v1/token body: [grant_type=authorization_code&code=hardcoded_auth_code_2023&code_verifier=RQW15xBa1pyO6Y9fIuxWgNXDTTYpS1qm3foketiRbjI&client_id=]
[2026-06-16 14:06:52] /v1/token qs client_id: [(missing)]
[2026-06-16 14:06:52] << /oauth/v1/token -> {"access_token":"hardcoded_access_token","token_type":"Bearer","expires_in":1800,"refresh_token":"hardcoded_refresh_token","scope":"openid credentials profile age roles premium","id_token":"eyJhbGciOiJFUzI1NiIsInR5cCI6IkpXVCIsImtpZCI6ImhhcmRjb2RlZC1rZXktMSJ9.eyJzdWIiOiIxNDQ2MzMxNSIsInR5cGUiOiJVc2VyIiwiaXNzIjoiaHR0cDovL2xvY2FsaG9zdC9vYXV0aC8iLCJhdWQiOiJyb2Jsb3hfc3R1ZGlvX2NsaWVudCIsImV4cCI6MTc4MTY0NTgwNywiaWF0IjoxNzgxNjQ0MDA3LCJub25jZSI6ImlkLXJvYmxveCIsIm5hbWUiOiJIZWFyTWVSb2FyIiwibmlja25hbWUiOiJEZXYiLCJwcmVmZXJyZWRfdXNlcm5hbWUiOiJIZWFyTWVSb2FyIiwiY3JlYXRlZF9hdCI6MTY4MDAwMDAwMCwicHJvZmlsZSI6Imh0dHBzOi8vd3d3LnJvYmxveC5jb20vdXNlcnMvMTQ0NjMzMTUvcHJvZmlsZSIsInBpY3R1cmUiOiJodHRwczovL3d3dy5yb2Jsb3guY29tL2hlYWRzaG90LXRodW1ibmFpbC9pbWFnZT91c2VySWQ9MTQ0NjMzMTUmd2lkdGg9NDIwJmhlaWdodD00MjAiLCJlbWFpbCI6ImRldkByb2Jsb3guZXhhbXBsZSIsImVtYWlsX3ZlcmlmaWVkIjp0cnVlLCJ2ZXJpZmllZCI6dHJ1ZSwiYWdlX2JyYWNrZXQiOiIxOCsiLCJwcmVtaXVtIjp0cnVlLCJyb2xlcyI6WyJEZXZlbG9wZXIiXSwiaW50ZXJuYWxfdXNlciI6ZmFsc2UsImF0dHJpYnV0ZXMiOn
[2026-06-16 14:06:52] >> POST /v1.1/Counters/BatchIncrement?apiKey=76E5A40C-3AE1-4028-9F10-7C62520BD94F
[2026-06-16 14:06:52] << /v1.1/Counters/BatchIncrement -> {}
[2026-06-16 14:06:53] >> GET /oauth/v1/userinfo
[2026-06-16 14:06:53] << /oauth/v1/userinfo -> {"sub":"14463315","type":"User","iss":"http://localhost/oauth/","aud":"roblox_studio_client","exp":1781647613,"iat":1781644013,"nonce":"id-roblox","name":"HearMeRoar","nickname":"Dev","preferred_username":"HearMeRoar","created_at":1680000000,"email":"dev@roblox.example","email_verified":true,"verified":true,"age_bracket":"18+","premium":true,"roles":["Developer"],"internal_user":false,"attributes":{}}
[2026-06-16 14:06:53] >> POST /validate-machine
[2026-06-16 14:06:53] << /validate-machine -> {}
[2026-06-16 14:06:53] >> GET /v1/not-approved
[2026-06-16 14:06:53] << /v1/not-approved -> {}
[2026-06-16 14:06:53] >> POST /oauth/v1/token
[2026-06-16 14:06:53] /v1/token body: [grant_type=authorization_code&code=hardcoded_auth_code_2023&code_verifier=A-abA6ukCW5den4WnKIOyaB0OysrkNP9jLm_FDyn7uw&client_id=]
[2026-06-16 14:06:53] /v1/token qs client_id: [(missing)]
[2026-06-16 14:06:53] << /oauth/v1/token -> {"access_token":"hardcoded_access_token","token_type":"Bearer","expires_in":1800,"refresh_token":"hardcoded_refresh_token","scope":"openid credentials profile age roles premium","id_token":"eyJhbGciOiJFUzI1NiIsInR5cCI6IkpXVCIsImtpZCI6ImhhcmRjb2RlZC1rZXktMSJ9.eyJzdWIiOiIxNDQ2MzMxNSIsInR5cGUiOiJVc2VyIiwiaXNzIjoiaHR0cDovL2xvY2FsaG9zdC9vYXV0aC8iLCJhdWQiOiJyb2Jsb3hfc3R1ZGlvX2NsaWVudCIsImV4cCI6MTc4MTY0NTgwOCwiaWF0IjoxNzgxNjQ0MDA4LCJub25jZSI6ImlkLXJvYmxveCIsIm5hbWUiOiJIZWFyTWVSb2FyIiwibmlja25hbWUiOiJEZXYiLCJwcmVmZXJyZWRfdXNlcm5hbWUiOiJIZWFyTWVSb2FyIiwiY3JlYXRlZF9hdCI6MTY4MDAwMDAwMCwicHJvZmlsZSI6Imh0dHBzOi8vd3d3LnJvYmxveC5jb20vdXNlcnMvMTQ0NjMzMTUvcHJvZmlsZSIsInBpY3R1cmUiOiJodHRwczovL3d3dy5yb2Jsb3guY29tL2hlYWRzaG90LXRodW1ibmFpbC9pbWFnZT91c2VySWQ9MTQ0NjMzMTUmd2lkdGg9NDIwJmhlaWdodD00MjAiLCJlbWFpbCI6ImRldkByb2Jsb3guZXhhbXBsZSIsImVtYWlsX3ZlcmlmaWVkIjp0cnVlLCJ2ZXJpZmllZCI6dHJ1ZSwiYWdlX2JyYWNrZXQiOiIxOCsiLCJwcmVtaXVtIjp0cnVlLCJyb2xlcyI6WyJEZXZlbG9wZXIiXSwiaW50ZXJuYWxfdXNlciI6ZmFsc2UsImF0dHJpYnV0ZXMiOn
[2026-06-16 14:06:53] >> POST /product-experimentation-platform/v1/projects/1/values
[2026-06-16 14:06:53] >> POST /product-experimentation-platform/v1/projects/1/values
[2026-06-16 14:06:53] << /product-experimentation-platform/v1/projects/1/values -> {"assignments":[]}
[2026-06-16 14:06:53] << /product-experimentation-platform/v1/projects/1/values -> {"assignments":[]}
[2026-06-16 14:06:53] >> POST /product-experimentation-platform/v1/projects/1/values
[2026-06-16 14:06:53] >> POST /user-heartbeats-api/action-report
[2026-06-16 14:06:53] >> GET /userhub/?id=
[2026-06-16 14:06:53] << /product-experimentation-platform/v1/projects/1/values -> {"assignments":[]}
[2026-06-16 14:06:53] << /user-heartbeats-api/action-report -> {"accounts": [{"username": "HearMeRoar","robloxCookie": "","pulseInterval": 30000,"enableLogging": true}],"globalConfig": {"retryAttempts": 3,"retryDelay": 5000}}
[2026-06-16 14:06:53] 404 GET /userhub/
[2026-06-16 14:06:53] >> GET /oauth/v1/userinfo
[2026-06-16 14:06:53] >> POST /validate-machine
[2026-06-16 14:06:53] << /userhub/ -> {"errors":[{"code":"NotFound","message":"Not found"}]}
[2026-06-16 14:06:53] << /oauth/v1/userinfo -> {"sub":"14463315","type":"User","iss":"http://localhost/oauth/","aud":"roblox_studio_client","exp":1781647613,"iat":1781644013,"nonce":"id-roblox","name":"HearMeRoar","nickname":"Dev","preferred_username":"HearMeRoar","created_at":1680000000,"email":"dev@roblox.example","email_verified":true,"verified":true,"age_bracket":"18+","premium":true,"roles":["Developer"],"internal_user":false,"attributes":{}}
[2026-06-16 14:06:53] << /validate-machine -> {}
[2026-06-16 14:06:54] >> GET /studio-user-data-api/beta-feature?pageSize=1000000000
[2026-06-16 14:06:54] >> GET /studio-user-data-api/beta-feature-metadata
[2026-06-16 14:06:54] >> GET /studio-user-data-api/plugin-metadata?pageSize=1000000000
[2026-06-16 14:06:54] >> GET /studio-user-settings/plugin-permissions/v2/plugins?permissionType=HttpService&cursor&pageSize=100
[2026-06-16 14:06:54] >> GET /studio-user-settings/plugin-permissions/v2/plugins?permissionType=ScriptInjection&cursor&pageSize=100
[2026-06-16 14:06:54] >> GET /v2/user-channel?binaryType=WindowsStudio64
[2026-06-16 14:06:54] >> GET /access-management/v1/feature-access?featureNames=ShowIllegalContentReport&nameSpace=studio%2FSafetyFeatures
[2026-06-16 14:06:54] << /studio-user-data-api/beta-feature -> {}
[2026-06-16 14:06:54] << /studio-user-data-api/beta-feature-metadata -> {}
[2026-06-16 14:06:54] << /studio-user-data-api/plugin-metadata -> {}
[2026-06-16 14:06:54] >> GET /v1/not-approved
[2026-06-16 14:06:54] << /studio-user-settings/plugin-permissions/v2/plugins -> {}
[2026-06-16 14:06:54] << /studio-user-settings/plugin-permissions/v2/plugins -> {}
[2026-06-16 14:06:54] << /v2/user-channel -> {}
[2026-06-16 14:06:54] << /access-management/v1/feature-access -> {"featureAccess":[],"data":[]}
[2026-06-16 14:06:54] << /v1/not-approved -> {}
[2026-06-16 14:06:54] >> POST /studio/pbe
[2026-06-16 14:06:54] << /studio/pbe -> {}
[2026-06-16 14:06:54] >> GET /v1/universes/multiget?ids=9000000000124&ids=9000000000088&ids=9000000000048&ids=9000000000020&ids=9000000000046&ids=9000000000098&ids=9000000000068&ids=9000000000016&ids=9000000000064&ids=9000000000092&ids=9000000000096&ids=9000000000080&ids=9000000000018&ids=9000000000040&ids=9000000000030&ids=9000000000070&ids=9000000000034&ids=9000000000002&ids=9000000000026&ids=9000000000052&ids=9000000000022&ids=9000000000050&ids=9000000000062&ids=9000000000044
[2026-06-16 14:06:54] >> GET /my/settings/json
[2026-06-16 14:06:54] >> GET /v1/games/icons?universeIds=9000000000020&returnPolicy=AutoGenerated&size=256x256&format=Png&isCircular=false
[2026-06-16 14:06:54] >> GET /v2/assets/9000000000021/details
[2026-06-16 14:06:54] << /my/settings/json -> {"UserId":14463315,"UserName":"HearMeRoar","DisplayName":"HearMeRoar","RobuxBalance":9999999999,"IsEmailVerified":true,"IsPremiumUser":true,"AgeBracket":0,"CountryCode":"US","Roles":["Developer","Soothsayer"],"AccountAgeInDays":1324354}
[2026-06-16 14:06:54] << /v1/games/icons -> {"data":[{"targetId":9000000000020,"state":"Completed","imageUrl":"http://localhost/Png.png"}]}
[2026-06-16 14:06:54] << /v2/assets/9000000000021/details -> {"TargetId":9000000000021,"AssetId":9000000000021,"ProductId":9000000000021,"assetId":9000000000021,"id":9000000000021,"Id":9000000000021,"TargetPlaceId":9000000000021,"PlaceId":9000000000021,"ProductType":"User Product","Name":"Flood Escape 1.6.5","Description":"","AssetTypeId":9,"assetTypeId":9,"Creator":{"Id":14463315,"Name":"HearMeRoar","CreatorType":"User","CreatorTargetId":14463315,"HasVerifiedBadge":false,"id":14463315,"type":1,"creatorType":"User","creatorTargetId":14463315},"IconImageAssetId":0,"Created":"2022-05-11T13:27:09.897Z","Updated":"2022-06-19T07:23:39.03Z","created":"2022-05-11T13:27:09.897Z","updated":"2022-06-19T07:23:39.03Z","PriceInRobux":null,"Sales":0,"IsNew":false,"IsForSale":false,"IsPublicDomain":true,"IsLimited":false,"IsLimitedUnique":false,"isPublic":true,"isForSale":false,"isLimited":false,"isLimitedUnique":false,"enableComments":false}
[2026-06-16 14:06:54] >> GET /Png.png
[2026-06-16 14:06:54] >> GET /v1/universes/multiget/teamcreate?ids=9000000000124&ids=9000000000088&ids=9000000000048&ids=9000000000020&ids=9000000000046&ids=9000000000098&ids=9000000000068&ids=9000000000016&ids=9000000000064&ids=9000000000092&ids=9000000000096&ids=9000000000080&ids=9000000000018&ids=9000000000040&ids=9000000000030&ids=9000000000070&ids=9000000000034&ids=9000000000002&ids=9000000000026&ids=9000000000052&ids=9000000000022&ids=9000000000050&ids=9000000000062&ids=9000000000044
[2026-06-16 14:06:54] >> POST /v1.0/SequenceStatistics/BatchAddToSequencesV2?apiKey=76E5A40C-3AE1-4028-9F10-7C62520BD94F
[2026-06-16 14:06:54] >> POST /v1.1/Counters/BatchIncrement?apiKey=76E5A40C-3AE1-4028-9F10-7C62520BD94F
[2026-06-16 14:06:54] TeamCreate stub (disabled): GET /v1/universes/multiget/teamcreate
[2026-06-16 14:06:54] << /v1.0/SequenceStatistics/BatchAddToSequencesV2 -> {}
[2026-06-16 14:06:54] >> GET /userhub/?id=
[2026-06-16 14:06:54] << /v1.1/Counters/BatchIncrement -> {}
[2026-06-16 14:06:54] << /v1/universes/multiget/teamcreate -> {"data":[{"id":9000000000124,"isEnabled":false},{"id":9000000000088,"isEnabled":false},{"id":9000000000048,"isEnabled":false},{"id":9000000000020,"isEnabled":false},{"id":9000000000046,"isEnabled":false},{"id":9000000000098,"isEnabled":false},{"id":9000000000068,"isEnabled":false},{"id":9000000000016,"isEnabled":false},{"id":9000000000064,"isEnabled":false},{"id":9000000000092,"isEnabled":false},{"id":9000000000096,"isEnabled":false},{"id":9000000000080,"isEnabled":false},{"id":9000000000018,"isEnabled":false},{"id":9000000000040,"isEnabled":false},{"id":9000000000030,"isEnabled":false},{"id":9000000000070,"isEnabled":false},{"id":9000000000034,"isEnabled":false},{"id":9000000000002,"isEnabled":false},{"id":9000000000026,"isEnabled":false},{"id":9000000000052,"isEnabled":false},{"id":9000000000022,"isEnabled":false},{"id":9000000000050,"isEnabled":false},{"id":9000000000062,"isEnabled":false},{"id":9000000000044,"isEnabled":false}]}
[2026-06-16 14:06:54] 404 GET /userhub/
[2026-06-16 14:06:54] << /userhub/ -> {"errors":[{"code":"NotFound","message":"Not found"}]}
[2026-06-16 14:06:54] >> POST /v1/users
[2026-06-16 14:06:54] << /v1/users -> {"data":[{"hasVerifiedBadge":false,"id":14463315,"name":"HearMeRoar","displayName":"HearMeRoar"}]}
[2026-06-16 14:06:54] >> GET /studio-open-place/v1/openplace?placeId=9000000000021
[2026-06-16 14:06:54] << /studio-open-place/v1/openplace -> {"universe":{"Id":9000000000020,"RootPlaceId":9000000000021,"Name":"Flood Escape 1.6.5","Description":"","IsArchived":false,"CreatorType":"User","CreatorTargetId":14463315,"PrivacyType":"Private","Created":"2022-01-01T00:00:00.000+00:00","Updated":"2022-01-01T00:00:00.000+00:00"},"teamCreateEnabled":false,"place":{"Creator":{"CreatorType":"User","CreatorTargetId":14463315}}}
[2026-06-16 14:06:54] >> POST /v1.0/SequenceStatistics/BatchAddToSequencesV2?apiKey=76E5A40C-3AE1-4028-9F10-7C62520BD94F
[2026-06-16 14:06:54] >> POST /v1.1/Counters/BatchIncrement?apiKey=76E5A40C-3AE1-4028-9F10-7C62520BD94F
[2026-06-16 14:06:54] << /v1.0/SequenceStatistics/BatchAddToSequencesV2 -> {}
[2026-06-16 14:06:54] << /v1.1/Counters/BatchIncrement -> {}
[2026-06-16 14:06:55] >> POST /user-heartbeats-api/action-report
[2026-06-16 14:06:55] >> POST /private-users-service/v1beta1/getOrCreatePrivateUserId
[2026-06-16 14:06:55] << /user-heartbeats-api/action-report -> {"accounts": [{"username": "HearMeRoar","robloxCookie": "","pulseInterval": 30000,"enableLogging": true}],"globalConfig": {"retryAttempts": 3,"retryDelay": 5000}}
[2026-06-16 14:06:55] << /private-users-service/v1beta1/getOrCreatePrivateUserId -> {"privateUserId":1500014463315,"userIdMode":"USER_ID_MODE_GLOBAL","created":true}
[2026-06-16 14:06:55] >> POST /v1.1/Counters/BatchIncrement?apiKey=76E5A40C-3AE1-4028-9F10-7C62520BD94F
[2026-06-16 14:06:55] >> POST /timespent/pbe
[2026-06-16 14:06:55] >> POST /studio/pbe
[2026-06-16 14:06:55] >> POST /experience-signals-ingest/public/v1/events/single
[2026-06-16 14:06:55] << /v1.1/Counters/BatchIncrement -> {}
[2026-06-16 14:06:55] << /timespent/pbe -> {}
[2026-06-16 14:06:55] << /studio/pbe -> {}
[2026-06-16 14:06:55] << /experience-signals-ingest/public/v1/events/single -> {}
[2026-06-16 14:06:55] >> GET /v1/gametemplates?searchKey=Templates&pageSize=30&search=All&isTemplates=true
[2026-06-16 14:06:55] << /v1/gametemplates -> {"data":[{"gameTemplateType":"Generic","hasTutorials":false,"universe":{"id":28220420,"name":"Baseplate","description":"Start from a clean baseplate.","isArchived":false,"rootPlaceId":95206881,"privacyType":"Public","creatorType":"User","creatorTargetId":998796,"creatorName":"Templates","created":"2017-04-26T00:00:00Z","updated":"2017-04-26T00:00:00Z","isFriendsOnly":false,"audiences":[1,3,4]}}]}
[2026-06-16 14:06:55] >> POST /experience-signals-ingest/public/v1/events/single
[2026-06-16 14:06:55] << /experience-signals-ingest/public/v1/events/single -> {}
[2026-06-16 14:06:55] >> GET /doc-site/v2/feeds?surfaceType=StudioStart
[2026-06-16 14:06:55] << /doc-site/v2/feeds -> {"data":{"feedItems":[]}}
[2026-06-16 14:06:55] >> POST /experience-signals-ingest/public/v1/events/single
[2026-06-16 14:06:55] << /experience-signals-ingest/public/v1/events/single -> {}
[2026-06-16 14:06:55] >> GET /v2/universes/9000000000124/places?limit=50&SortOrder=Asc
[2026-06-16 14:06:55] << /v2/universes/9000000000124/places -> {"previousPageCursor":null,"nextPageCursor":null,"data":[{"maxPlayerCount":null,"socialSlotType":null,"customSocialSlotsCount":null,"allowCopying":null,"currentSavedVersion":1,"isAllGenresAllowed":null,"allowedGearTypes":null,"maxPlayersAllowed":0,"created":"2022-01-01T00:00:00.000Z","updated":"2022-01-01T00:00:00.000Z","id":9000000000125,"universeId":9000000000124,"name":"testt","description":"","isRootPlace":true}]}
[2026-06-16 14:06:55] >> POST /experience-signals-ingest/public/v1/events/single
[2026-06-16 14:06:55] << /experience-signals-ingest/public/v1/events/single -> {}
[2026-06-16 14:06:55] >> GET /v2/universes/9000000000088/places?limit=50&SortOrder=Asc
[2026-06-16 14:06:55] << /v2/universes/9000000000088/places -> {"previousPageCursor":null,"nextPageCursor":null,"data":[{"maxPlayerCount":null,"socialSlotType":null,"customSocialSlotsCount":null,"allowCopying":null,"currentSavedVersion":1,"isAllGenresAllowed":null,"allowedGearTypes":null,"maxPlayersAllowed":0,"created":"2022-01-01T00:00:00.000Z","updated":"2022-01-01T00:00:00.000Z","id":9000000000089,"universeId":9000000000088,"name":"Muffin Kombat","description":"","isRootPlace":true}]}
[2026-06-16 14:06:56] >> POST /experience-signals-ingest/public/v1/events/single
[2026-06-16 14:06:56] << /experience-signals-ingest/public/v1/events/single -> {}
[2026-06-16 14:06:56] >> GET /v2/universes/9000000000048/places?limit=50&SortOrder=Asc
[2026-06-16 14:06:56] << /v2/universes/9000000000048/places -> {"previousPageCursor":null,"nextPageCursor":null,"data":[{"maxPlayerCount":null,"socialSlotType":null,"customSocialSlotsCount":null,"allowCopying":null,"currentSavedVersion":1,"isAllGenresAllowed":null,"allowedGearTypes":null,"maxPlayersAllowed":0,"created":"2022-01-01T00:00:00.000Z","updated":"2022-01-01T00:00:00.000Z","id":9000000000049,"universeId":9000000000048,"name":"Pokemon Brick Bronze","description":"","isRootPlace":true}]}
[2026-06-16 14:06:56] >> POST /experience-signals-ingest/public/v1/events/single
[2026-06-16 14:06:56] << /experience-signals-ingest/public/v1/events/single -> {}
[2026-06-16 14:06:56] >> GET /v2/universes/9000000000020/places?limit=50&SortOrder=Asc
[2026-06-16 14:06:56] << /v2/universes/9000000000020/places -> {"previousPageCursor":null,"nextPageCursor":null,"data":[{"maxPlayerCount":null,"socialSlotType":null,"customSocialSlotsCount":null,"allowCopying":null,"currentSavedVersion":1,"isAllGenresAllowed":null,"allowedGearTypes":null,"maxPlayersAllowed":0,"created":"2022-01-01T00:00:00.000Z","updated":"2022-01-01T00:00:00.000Z","id":9000000000021,"universeId":9000000000020,"name":"Flood Escape 1.6.5","description":"","isRootPlace":true}]}
[2026-06-16 14:06:56] >> POST /experience-signals-ingest/public/v1/events/single
[2026-06-16 14:06:56] << /experience-signals-ingest/public/v1/events/single -> {}
[2026-06-16 14:06:56] >> GET /v2/universes/9000000000046/places?limit=50&SortOrder=Asc
[2026-06-16 14:06:56] >> GET /v1/asset?id=174984562&xcachesplit=9000000000020
[2026-06-16 14:06:56] << /v2/universes/9000000000046/places -> {"previousPageCursor":null,"nextPageCursor":null,"data":[{"maxPlayerCount":null,"socialSlotType":null,"customSocialSlotsCount":null,"allowCopying":null,"currentSavedVersion":1,"isAllGenresAllowed":null,"allowedGearTypes":null,"maxPlayersAllowed":0,"created":"2022-01-01T00:00:00.000Z","updated":"2022-01-01T00:00:00.000Z","id":9000000000047,"universeId":9000000000046,"name":"Phantom Forces","description":"","isRootPlace":true}]}
[2026-06-16 14:06:56] >> GET /v2/universes/9000000000098/places?limit=50&SortOrder=Asc
[2026-06-16 14:06:56] >> GET /v1/asset?id=174988344&xcachesplit=9000000000020
[2026-06-16 14:06:56] << /v2/universes/9000000000098/places -> {"previousPageCursor":null,"nextPageCursor":null,"data":[{"maxPlayerCount":null,"socialSlotType":null,"customSocialSlotsCount":null,"allowCopying":null,"currentSavedVersion":1,"isAllGenresAllowed":null,"allowedGearTypes":null,"maxPlayersAllowed":0,"created":"2022-01-01T00:00:00.000Z","updated":"2022-01-01T00:00:00.000Z","id":9000000000099,"universeId":9000000000098,"name":"Youtube Tycoon","description":"","isRootPlace":true}]}
[2026-06-16 14:06:56] >> POST /experience-signals-ingest/public/v1/events/single
[2026-06-16 14:06:56] << /experience-signals-ingest/public/v1/events/single -> {}
[2026-06-16 14:06:56] FetchUrl: HTTP 403 for https://assetdelivery.roblox.com/v1/asset/?id=174984562
[2026-06-16 14:06:56] Asset 174984562: fetch failed, falling back to redirect
[2026-06-16 14:06:56] FetchUrl: HTTP 403 for https://assetdelivery.roblox.com/v1/asset/?id=174988344
[2026-06-16 14:06:56] Asset 174988344: fetch failed, falling back to redirect
[2026-06-16 14:06:56] >> GET /v2/universes/9000000000068/places?limit=50&SortOrder=Asc
[2026-06-16 14:06:57] >> GET /v1/asset?id=174988382&xcachesplit=9000000000020
[2026-06-16 14:06:57] << /v2/universes/9000000000068/places -> {"previousPageCursor":null,"nextPageCursor":null,"data":[{"maxPlayerCount":null,"socialSlotType":null,"customSocialSlotsCount":null,"allowCopying":null,"currentSavedVersion":1,"isAllGenresAllowed":null,"allowedGearTypes":null,"maxPlayersAllowed":0,"created":"2022-01-01T00:00:00.000Z","updated":"2022-01-01T00:00:00.000Z","id":9000000000069,"universeId":9000000000068,"name":"Weight Lifting Simulator 2","description":"","isRootPlace":true}]}
[2026-06-16 14:06:57] >> GET /oauth/.well-known/openid-configuration
[2026-06-16 14:06:57] >> POST /studio/pbe
[2026-06-16 14:06:57] << /oauth/.well-known/openid-configuration -> {"issuer":"http://localhost/oauth/","authorization_endpoint":"http://localhost/oauth/v1/authorize","token_endpoint":"http://localhost/oauth/v1/token","introspection_endpoint":"http://localhost/oauth/v1/token/introspect","revocation_endpoint":"http://localhost/oauth/v1/token/revoke","resources_endpoint":"http://localhost/oauth/v1/token/resources","userinfo_endpoint":"http://localhost/oauth/v1/userinfo","jwks_uri":"http://localhost/oauth/v1/certs","registration_endpoint":"http://localhost/dashboard/credentials","service_documentation":"http://localhost/docs/reference/cloud","scopes_supported":["openid","profile","email","verification","credentials","age","premium","roles","attributes"],"response_types_supported":["none","code"],"subject_types_supported":["public"],"id_token_signing_alg_values_supported":["ES256"],"claims_supported":["sub","type","iss","aud","exp","iat","nonce","name","nickname","preferred_username","created_at","profile","picture","email","email_ve
[2026-06-16 14:06:57] << /studio/pbe -> {}
[2026-06-16 14:06:57] >> GET /v1/asset?ID=142446794&xcachesplit=9000000000020
[2026-06-16 14:06:57] << /v1/asset -> {"errors":[{"code":400,"message":"Missing id"}]}
[2026-06-16 14:06:57] FetchUrl: HTTP 403 for https://assetdelivery.roblox.com/v1/asset/?id=174988382
[2026-06-16 14:06:57] Asset 174988382: fetch failed, falling back to redirect
[2026-06-16 14:06:57] >> GET /userhub/?id=
[2026-06-16 14:06:57] 404 GET /userhub/
[2026-06-16 14:06:57] << /userhub/ -> {"errors":[{"code":"NotFound","message":"Not found"}]}
[2026-06-16 14:06:57] >> GET /v2/universes/9000000000016/places?limit=50&SortOrder=Asc
[2026-06-16 14:06:57] >> GET /v2/universes/9000000000064/places?limit=50&SortOrder=Asc
[2026-06-16 14:06:57] << /v2/universes/9000000000016/places -> {"previousPageCursor":null,"nextPageCursor":null,"data":[{"maxPlayerCount":null,"socialSlotType":null,"customSocialSlotsCount":null,"allowCopying":null,"currentSavedVersion":1,"isAllGenresAllowed":null,"allowedGearTypes":null,"maxPlayersAllowed":0,"created":"2022-01-01T00:00:00.000Z","updated":"2022-01-01T00:00:00.000Z","id":9000000000017,"universeId":9000000000016,"name":"Prison Life V2.0","description":"","isRootPlace":true}]}
[2026-06-16 14:06:57] >> GET /v2/universes/9000000000092/places?limit=50&SortOrder=Asc
[2026-06-16 14:06:57] >> GET /v2/universes/9000000000096/places?limit=50&SortOrder=Asc
[2026-06-16 14:06:57] << /v2/universes/9000000000064/places -> {"previousPageCursor":null,"nextPageCursor":null,"data":[{"maxPlayerCount":null,"socialSlotType":null,"customSocialSlotsCount":null,"allowCopying":null,"currentSavedVersion":1,"isAllGenresAllowed":null,"allowedGearTypes":null,"maxPlayersAllowed":0,"created":"2022-01-01T00:00:00.000Z","updated":"2022-01-01T00:00:00.000Z","id":9000000000065,"universeId":9000000000064,"name":"New MM2","description":"","isRootPlace":true}]}
[2026-06-16 14:06:57] << /v2/universes/9000000000092/places -> {"previousPageCursor":null,"nextPageCursor":null,"data":[{"maxPlayerCount":null,"socialSlotType":null,"customSocialSlotsCount":null,"allowCopying":null,"currentSavedVersion":1,"isAllGenresAllowed":null,"allowedGearTypes":null,"maxPlayersAllowed":0,"created":"2022-01-01T00:00:00.000Z","updated":"2022-01-01T00:00:00.000Z","id":9000000000093,"universeId":9000000000092,"name":"Meepcity","description":"","isRootPlace":true}]}
[2026-06-16 14:06:57] << /v2/universes/9000000000096/places -> {"previousPageCursor":null,"nextPageCursor":null,"data":[{"maxPlayerCount":null,"socialSlotType":null,"customSocialSlotsCount":null,"allowCopying":null,"currentSavedVersion":1,"isAllGenresAllowed":null,"allowedGearTypes":null,"maxPlayersAllowed":0,"created":"2022-01-01T00:00:00.000Z","updated":"2022-01-01T00:00:00.000Z","id":9000000000097,"universeId":9000000000096,"name":"Tower of hell","description":"","isRootPlace":true}]}
[2026-06-16 14:06:57] >> GET /v1/asset?ID=142448886&xcachesplit=9000000000020
[2026-06-16 14:06:57] << /v1/asset -> {"errors":[{"code":400,"message":"Missing id"}]}
[2026-06-16 14:06:57] >> POST /experience-signals-ingest/public/v1/events/single
[2026-06-16 14:06:57] << /experience-signals-ingest/public/v1/events/single -> {}
[2026-06-16 14:06:57] >> GET /v1/asset?ID=142448870&xcachesplit=9000000000020
[2026-06-16 14:06:57] << /v1/asset -> {"errors":[{"code":400,"message":"Missing id"}]}
[2026-06-16 14:06:57] >> GET /v1/asset?ID=134012322&xcachesplit=9000000000020
[2026-06-16 14:06:57] << /v1/asset -> {"errors":[{"code":400,"message":"Missing id"}]}
[2026-06-16 14:06:57] >> GET /v2/universes/9000000000080/places?limit=50&SortOrder=Asc
[2026-06-16 14:06:57] << /v2/universes/9000000000080/places -> {"previousPageCursor":null,"nextPageCursor":null,"data":[{"maxPlayerCount":null,"socialSlotType":null,"customSocialSlotsCount":null,"allowCopying":null,"currentSavedVersion":1,"isAllGenresAllowed":null,"allowedGearTypes":null,"maxPlayersAllowed":0,"created":"2022-01-01T00:00:00.000Z","updated":"2022-01-01T00:00:00.000Z","id":9000000000081,"universeId":9000000000080,"name":"Work at a pizza place","description":"","isRootPlace":true}]}
[2026-06-16 14:06:57] >> GET /v1/asset?ID=139572272&xcachesplit=9000000000020
[2026-06-16 14:06:57] << /v1/asset -> {"errors":[{"code":400,"message":"Missing id"}]}
[2026-06-16 14:06:57] >> GET /v2/universes/9000000000070/places?limit=50&SortOrder=Asc
[2026-06-16 14:06:57] >> GET /v1/asset?id=175728189&xcachesplit=9000000000020
[2026-06-16 14:06:57] << /v2/universes/9000000000070/places -> {"previousPageCursor":null,"nextPageCursor":null,"data":[{"maxPlayerCount":null,"socialSlotType":null,"customSocialSlotsCount":null,"allowCopying":null,"currentSavedVersion":1,"isAllGenresAllowed":null,"allowedGearTypes":null,"maxPlayersAllowed":0,"created":"2022-01-01T00:00:00.000Z","updated":"2022-01-01T00:00:00.000Z","id":9000000000071,"universeId":9000000000070,"name":"Speed run 4","description":"","isRootPlace":true}]}
[2026-06-16 14:06:57] >> POST /product-experimentation-platform/v1/projects/1/values
[2026-06-16 14:06:57] << /product-experimentation-platform/v1/projects/1/values -> {"assignments":[]}
[2026-06-16 14:06:57] >> POST /studio/pbe
[2026-06-16 14:06:57] << /studio/pbe -> {}
[2026-06-16 14:06:57] FetchUrl: HTTP 403 for https://assetdelivery.roblox.com/v1/asset/?id=175728189
[2026-06-16 14:06:58] Asset 175728189: fetch failed, falling back to redirect
[2026-06-16 14:06:58] >> GET /v2/universes/9000000000018/places?limit=50&SortOrder=Asc
[2026-06-16 14:06:58] << /v2/universes/9000000000018/places -> {"previousPageCursor":null,"nextPageCursor":null,"data":[{"maxPlayerCount":null,"socialSlotType":null,"customSocialSlotsCount":null,"allowCopying":null,"currentSavedVersion":1,"isAllGenresAllowed":null,"allowedGearTypes":null,"maxPlayersAllowed":0,"created":"2022-01-01T00:00:00.000Z","updated":"2022-01-01T00:00:00.000Z","id":9000000000019,"universeId":9000000000018,"name":"Natural Disaster Survival","description":"","isRootPlace":true}]}
[2026-06-16 14:06:58] >> GET /v1/asset?id=147451482&xcachesplit=9000000000020
[2026-06-16 14:06:58] >> GET /asset/?id=177624811&xcachesplit=9000000000020
[2026-06-16 14:06:58] >> GET /asset/?hash=9648afba5d3d7f66550213469e074213&contentRepresentationPriorityList=W3siZm9ybWF0IjoiUmVzaWR1YWwiLCJtYWpvclZlcnNpb24iOiIyIiwiZmlkZWxpdHkiOiJPcmlnaW5hbCJ9XQ%3D%3D&doNotFallbackToBaselineRepresentation=true
[2026-06-16 14:06:58] FetchUrl: HTTP 403 for https://assetdelivery.roblox.com/v1/asset/?id=147451482
[2026-06-16 14:06:58] FetchUrl: HTTP 403 for https://assetdelivery.roblox.com/v1/asset/?id=177624811
[2026-06-16 14:06:58] Asset 147451482: fetch failed, falling back to redirect
[2026-06-16 14:06:58] Asset 177624811: fetch failed, falling back to redirect
[2026-06-16 14:06:58] >> GET /v2/universes/9000000000040/places?limit=50&SortOrder=Asc
[2026-06-16 14:06:58] >> GET /v2/universes/9000000000030/places?limit=50&SortOrder=Asc
[2026-06-16 14:06:58] >> GET /v2/universes/9000000000034/places?limit=50&SortOrder=Asc
[2026-06-16 14:06:58] << /v2/universes/9000000000040/places -> {"previousPageCursor":null,"nextPageCursor":null,"data":[{"maxPlayerCount":null,"socialSlotType":null,"customSocialSlotsCount":null,"allowCopying":null,"currentSavedVersion":1,"isAllGenresAllowed":null,"allowedGearTypes":null,"maxPlayersAllowed":0,"created":"2022-01-01T00:00:00.000Z","updated":"2022-01-01T00:00:00.000Z","id":9000000000041,"universeId":9000000000040,"name":"Epic Minigames","description":"","isRootPlace":true}]}
[2026-06-16 14:06:58] << /v2/universes/9000000000030/places -> {"previousPageCursor":null,"nextPageCursor":null,"data":[{"maxPlayerCount":null,"socialSlotType":null,"customSocialSlotsCount":null,"allowCopying":null,"currentSavedVersion":1,"isAllGenresAllowed":null,"allowedGearTypes":null,"maxPlayersAllowed":0,"created":"2022-01-01T00:00:00.000Z","updated":"2022-01-01T00:00:00.000Z","id":9000000000031,"universeId":9000000000030,"name":"Twisted Murderer","description":"","isRootPlace":true}]}
[2026-06-16 14:06:58] << /v2/universes/9000000000034/places -> {"previousPageCursor":null,"nextPageCursor":null,"data":[{"maxPlayerCount":null,"socialSlotType":null,"customSocialSlotsCount":null,"allowCopying":null,"currentSavedVersion":1,"isAllGenresAllowed":null,"allowedGearTypes":null,"maxPlayersAllowed":0,"created":"2022-01-01T00:00:00.000Z","updated":"2022-01-01T00:00:00.000Z","id":9000000000035,"universeId":9000000000034,"name":"Assassin","description":"","isRootPlace":true}]}
[2026-06-16 14:06:58] >> POST /v1/batch
[2026-06-16 14:06:58] << /v1/batch -> {"data":[]}
[2026-06-16 14:06:58] >> GET /v2/universes/9000000000002/places?limit=50&SortOrder=Asc
[2026-06-16 14:06:58] >> GET /v2/universes/9000000000026/places?limit=50&SortOrder=Asc
[2026-06-16 14:06:58] >> GET /v2/universes/9000000000052/places?limit=50&SortOrder=Asc
[2026-06-16 14:06:58] >> GET /v2/universes/9000000000022/places?limit=50&SortOrder=Asc
[2026-06-16 14:06:58] >> GET /v2/universes/9000000000050/places?limit=50&SortOrder=Asc
[2026-06-16 14:06:58] << /v2/universes/9000000000002/places -> {"previousPageCursor":null,"nextPageCursor":null,"data":[{"maxPlayerCount":null,"socialSlotType":null,"customSocialSlotsCount":null,"allowCopying":null,"currentSavedVersion":1,"isAllGenresAllowed":null,"allowedGearTypes":null,"maxPlayersAllowed":0,"created":"2022-01-01T00:00:00.000Z","updated":"2022-01-01T00:00:00.000Z","id":9000000000003,"universeId":9000000000002,"name":"Theme park tycoon 2","description":"","isRootPlace":true}]}
[2026-06-16 14:06:58] >> GET /v2/universes/9000000000062/places?limit=50&SortOrder=Asc
[2026-06-16 14:06:58] << /v2/universes/9000000000026/places -> {"previousPageCursor":null,"nextPageCursor":null,"data":[{"maxPlayerCount":null,"socialSlotType":null,"customSocialSlotsCount":null,"allowCopying":null,"currentSavedVersion":1,"isAllGenresAllowed":null,"allowedGearTypes":null,"maxPlayersAllowed":0,"created":"2022-01-01T00:00:00.000Z","updated":"2022-01-01T00:00:00.000Z","id":9000000000027,"universeId":9000000000026,"name":"Jailbreak","description":"","isRootPlace":true}]}
[2026-06-16 14:06:58] << /v2/universes/9000000000052/places -> {"previousPageCursor":null,"nextPageCursor":null,"data":[{"maxPlayerCount":null,"socialSlotType":null,"customSocialSlotsCount":null,"allowCopying":null,"currentSavedVersion":1,"isAllGenresAllowed":null,"allowedGearTypes":null,"maxPlayersAllowed":0,"created":"2022-01-01T00:00:00.000Z","updated":"2022-01-01T00:00:00.000Z","id":9000000000053,"universeId":9000000000052,"name":"Whatever Floats Your Boat","description":"","isRootPlace":true}]}
[2026-06-16 14:06:58] << /v2/universes/9000000000022/places -> {"previousPageCursor":null,"nextPageCursor":null,"data":[{"maxPlayerCount":null,"socialSlotType":null,"customSocialSlotsCount":null,"allowCopying":null,"currentSavedVersion":1,"isAllGenresAllowed":null,"allowedGearTypes":null,"maxPlayersAllowed":0,"created":"2022-01-01T00:00:00.000Z","updated":"2022-01-01T00:00:00.000Z","id":9000000000023,"universeId":9000000000022,"name":"Robot 64","description":"","isRootPlace":true}]}
[2026-06-16 14:06:58] << /v2/universes/9000000000050/places -> {"previousPageCursor":null,"nextPageCursor":null,"data":[{"maxPlayerCount":null,"socialSlotType":null,"customSocialSlotsCount":null,"allowCopying":null,"currentSavedVersion":1,"isAllGenresAllowed":null,"allowedGearTypes":null,"maxPlayersAllowed":0,"created":"2022-01-01T00:00:00.000Z","updated":"2022-01-01T00:00:00.000Z","id":9000000000051,"universeId":9000000000050,"name":"Polyguns","description":"","isRootPlace":true}]}
[2026-06-16 14:06:58] << /v2/universes/9000000000062/places -> {"previousPageCursor":null,"nextPageCursor":null,"data":[{"maxPlayerCount":null,"socialSlotType":null,"customSocialSlotsCount":null,"allowCopying":null,"currentSavedVersion":1,"isAllGenresAllowed":null,"allowedGearTypes":null,"maxPlayersAllowed":0,"created":"2022-01-01T00:00:00.000Z","updated":"2022-01-01T00:00:00.000Z","id":9000000000063,"universeId":9000000000062,"name":"Build a boat for treasure","description":"","isRootPlace":true}]}
[2026-06-16 14:06:58] >> POST /v1.0/SequenceStatistics/BatchAddToSequencesV2?apiKey=76E5A40C-3AE1-4028-9F10-7C62520BD94F
[2026-06-16 14:06:58] << /v1.0/SequenceStatistics/BatchAddToSequencesV2 -> {}
[2026-06-16 14:06:58] >> GET /v2/universes/9000000000044/places?limit=50&SortOrder=Asc
[2026-06-16 14:06:58] >> GET /v1/universes/multiget?ids=9000000000124&ids=9000000000088&ids=9000000000048&ids=9000000000020&ids=9000000000046&ids=9000000000098&ids=9000000000068&ids=9000000000016&ids=9000000000064&ids=9000000000092&ids=9000000000096&ids=9000000000080&ids=9000000000018&ids=9000000000040&ids=9000000000030&ids=9000000000070&ids=9000000000034&ids=9000000000002&ids=9000000000026&ids=9000000000052&ids=9000000000022&ids=9000000000050&ids=9000000000062&ids=9000000000044&
[2026-06-16 14:06:58] >> GET /v2/universes/28220420/places?limit=50&SortOrder=Asc
[2026-06-16 14:06:58] >> GET //v1/games/icons?universeIds=28220420&returnPolicy=Placeholder&format=png&size=256x256
[2026-06-16 14:06:58] >> GET /v2/universes/9000000000020/configuration
[2026-06-16 14:06:58] >> POST /v1/autolocalization/games/9000000000020/autolocalizationtable
[2026-06-16 14:06:58] << /v2/universes/9000000000044/places -> {"previousPageCursor":null,"nextPageCursor":null,"data":[{"maxPlayerCount":null,"socialSlotType":null,"customSocialSlotsCount":null,"allowCopying":null,"currentSavedVersion":1,"isAllGenresAllowed":null,"allowedGearTypes":null,"maxPlayersAllowed":0,"created":"2022-01-01T00:00:00.000Z","updated":"2022-01-01T00:00:00.000Z","id":9000000000045,"universeId":9000000000044,"name":"Miners Haven","description":"","isRootPlace":true}]}
[2026-06-16 14:06:58] << /v2/universes/28220420/places -> {"previousPageCursor":null,"nextPageCursor":null,"data":[{"maxPlayerCount":null,"socialSlotType":null,"customSocialSlotsCount":null,"allowCopying":null,"currentSavedVersion":1,"isAllGenresAllowed":null,"allowedGearTypes":null,"maxPlayersAllowed":0,"created":"2022-01-01T00:00:00.000Z","updated":"2022-01-01T00:00:00.000Z","id":9991912465,"universeId":9991912465,"name":"Baseplate","description":"","isRootPlace":true}]}
[2026-06-16 14:06:58] >> POST /v1.1/Counters/BatchIncrement?apiKey=76E5A40C-3AE1-4028-9F10-7C62520BD94F
[2026-06-16 14:06:58] << //v1/games/icons -> {"data":[{"targetId":28220420,"state":"Completed","imageUrl":"http://localhost/Thumbs/gameicon.ashx?id=28220420","version":"TN3"}]}
[2026-06-16 14:06:58] << /v2/universes/9000000000020/configuration -> {"allowPrivateServers":true,"privateServerPrice":null,"id":9000000000020,"name":"Flood Escape 1.6.5","universeAvatarType":"MorphToR6","universeScaleType":"AllScales","universeAnimationType":"PlayerChoice","universeCollisionType":"OuterBox","universeBodyType":"Standard","universeJointPositioningType":"ArtistIntent","universeAvatarAssetOverrides":[],"universeAvatarMinScales":{"height":0.9,"width":0.7,"head":0.95,"proportion":0,"bodyType":0},"universeAvatarMaxScales":{"height":1.05,"width":1,"head":1,"proportion":1,"bodyType":1},"isArchived":false,"isFriendsOnly":false,"genre":"All","playableDevices":["Computer","Phone","Tablet"],"isForSale":false,"price":0,"isStudioAccessToApisAllowed":true,"privacyType":"Public"}
[2026-06-16 14:06:58] << /v1/autolocalization/games/9000000000020/autolocalizationtable -> {"tableId":"","locale":"en_us","entries":[]}
[2026-06-16 14:06:58] << /v1.1/Counters/BatchIncrement -> {}
[2026-06-16 14:06:58] >> GET /v1/settings/universe/9000000000020?placeId=9000000000021
[2026-06-16 14:06:58] >> GET /recipe?maxTargets=15
[2026-06-16 14:06:58] >> GET /v1/universes/multiget?ids=9000000000124&ids=9000000000088&ids=9000000000048&ids=9000000000020&ids=9000000000046&ids=9000000000098&ids=9000000000068&ids=9000000000016&ids=9000000000064&ids=9000000000092&ids=9000000000096&ids=9000000000080&ids=9000000000018&ids=9000000000040&ids=9000000000030&ids=9000000000070&ids=9000000000034&ids=9000000000002&ids=9000000000026&ids=9000000000052&ids=9000000000022&ids=9000000000050&ids=9000000000062&ids=9000000000044
[2026-06-16 14:06:58] << /v1/settings/universe/9000000000020 -> {"isVoiceEnabled":true,"isUserOptIn":true,"isUserEligible":true,"isBanned":false,"banReason":0,"bannedUntil":null,"canVerifyAgeForVoice":true,"isVerifiedForVoice":true,"denialReason":0,"isOptInDisabled":false,"hasEverOpted":true,"isAvatarVideoEnabled":true,"isAvatarVideoOptIn":true,"isAvatarVideoOptInDisabled":false,"isAvatarVideoEligible":true,"hasEverOptedAvatarVideo":true,"userHasAvatarCameraAlwaysAvailable":true,"canVerifyPhoneForVoice":true,"seamlessVoiceStatus":1,"allowVoiceDataUsage":true,"seamlessVoiceVariant":""}
[2026-06-16 14:06:58] 404 GET /recipe
[2026-06-16 14:06:59] >> POST /studio/pbe
[2026-06-16 14:06:59] >> GET /v2/assets/9000000000021/details
[2026-06-16 14:06:59] << /recipe -> {"errors":[{"code":"NotFound","message":"Not found"}]}
[2026-06-16 14:06:59] << /studio/pbe -> {}
[2026-06-16 14:06:59] >> GET /v1/persistence/sorted/list?scope=global&key=Highscore2015&pageSize=10&direction=dsc
[2026-06-16 14:06:59] << /v2/assets/9000000000021/details -> {"TargetId":9000000000021,"AssetId":9000000000021,"ProductId":9000000000021,"assetId":9000000000021,"id":9000000000021,"Id":9000000000021,"TargetPlaceId":9000000000021,"PlaceId":9000000000021,"ProductType":"User Product","Name":"Flood Escape 1.6.5","Description":"","AssetTypeId":9,"assetTypeId":9,"Creator":{"Id":14463315,"Name":"HearMeRoar","CreatorType":"User","CreatorTargetId":14463315,"HasVerifiedBadge":false,"id":14463315,"type":1,"creatorType":"User","creatorTargetId":14463315},"IconImageAssetId":0,"Created":"2022-05-11T13:27:09.897Z","Updated":"2022-06-19T07:23:39.03Z","created":"2022-05-11T13:27:09.897Z","updated":"2022-06-19T07:23:39.03Z","PriceInRobux":null,"Sales":0,"IsNew":false,"IsForSale":false,"IsPublicDomain":true,"IsLimited":false,"IsLimitedUnique":false,"isPublic":true,"isForSale":false,"isLimited":false,"isLimitedUnique":false,"enableComments":false}
[2026-06-16 14:06:59] DS-v1: M=GET type=sorted rest=/list ds=Highscore2015 scope=global target= usnParam=no bodylen=0 body=[]
[2026-06-16 14:06:59] << /v1/persistence/sorted/list -> {"entries":[{"target":"14463315","value":1,"usn":"1"}],"lastEvaluatedKey":null}
[2026-06-16 14:06:59] >> GET //v1/games/icons?universeIds=9000000000124,9000000000088,9000000000048,9000000000020,9000000000046,9000000000098,9000000000068,9000000000016,9000000000064,9000000000092,9000000000096,9000000000080,9000000000018,9000000000040,9000000000030,9000000000070,9000000000034,9000000000002,9000000000026,9000000000052,9000000000022,9000000000050,9000000000062,9000000000044&returnPolicy=Autogenerated&format=png&size=256x256
[2026-06-16 14:06:59] >> GET /oauth/v1/authorize?response_type=code&code_challenge=L2k5uKV-D1DMDxmvpW1TqX7_RTf6KprofnB2wQQdMN4&code_challenge_method=S256&client_id&redirect_uri=roblox-studio-auth%3A%2F&scope=openid+credentials+profile+age+roles+premium+verification&nonce=id-roblox&state=eyJwaWQiOiIxNTMwNCIsImV2ZW50X2hhbmRsZXJfbmFtZSI6IkV4dGVybmFsTG9naW5GbG93IiwiZGF0YSI6IkFiYzlxRUZvRHVGMGR6RTc5dHFZZEs4dDYweDVJcWZicHhCMWczOUtkTWMifQ%3D%3D
[2026-06-16 14:06:59] << //v1/games/icons -> {"data":[{"targetId":9000000000124,"state":"Completed","imageUrl":"http://localhost/Thumbs/gameicon.ashx?id=9000000000124","version":"TN3"},{"targetId":9000000000088,"state":"Completed","imageUrl":"http://localhost/Thumbs/gameicon.ashx?id=9000000000088","version":"TN3"},{"targetId":9000000000048,"state":"Completed","imageUrl":"http://localhost/Thumbs/gameicon.ashx?id=9000000000048","version":"TN3"},{"targetId":9000000000020,"state":"Completed","imageUrl":"http://localhost/Thumbs/gameicon.ashx?id=9000000000020","version":"TN3"},{"targetId":9000000000046,"state":"Completed","imageUrl":"http://localhost/Thumbs/gameicon.ashx?id=9000000000046","version":"TN3"},{"targetId":9000000000098,"state":"Completed","imageUrl":"http://localhost/Thumbs/gameicon.ashx?id=9000000000098","version":"TN3"},{"targetId":9000000000068,"state":"Completed","imageUrl":"http://localhost/Thumbs/gameicon.ashx?id=9000000000068","version":"TN3"},{"targetId":9000000000016,"state":"Completed","imageUrl":"http://localhost
[2026-06-16 14:06:59] >> POST /experience-guidelines-service/v1beta1/multi-age-recommendation
[2026-06-16 14:06:59] >> POST /core-content/v1/universe-eligibility/batch
[2026-06-16 14:06:59] >> POST /experience-releases/v1beta1/experience_releases_api/multi_release_statuses
[2026-06-16 14:06:59] >> GET /v1/persistence/sorted/list?scope=global&key=SingleplayerEndless&pageSize=10&direction=dsc
[2026-06-16 14:06:59] /authorize: client_id='roblox_studio_client' nonce='id-roblox' redirect_uri='roblox-studio-auth:/'
[2026-06-16 14:06:59] << /core-content/v1/universe-eligibility/batch -> {"eligibilityByCreator":[{"userId":"14463315","userIsEligible":true,"displayText":"Eligible","ineligibilityReason":"INELIGIBILITY_REASON_NONE"}]}
[2026-06-16 14:06:59] << /experience-releases/v1beta1/experience_releases_api/multi_release_statuses -> {"eligibilityByCreator":[{"userId":"14463315","userIsEligible":true,"displayText":"Eligible","ineligibilityReason":"INELIGIBILITY_REASON_NONE"}]}
[2026-06-16 14:06:59] DS-v1: M=GET type=sorted rest=/list ds=SingleplayerEndless scope=global target= usnParam=no bodylen=0 body=[]
[2026-06-16 14:06:59] << /v1/persistence/sorted/list -> {"entries":[],"lastEvaluatedKey":null}
[2026-06-16 14:06:59] >> GET /teamcreate/v1/MultiGetUniversesActiveSessionMembers?maxUsers=10&ids=9000000000124&ids=9000000000088&ids=9000000000048&ids=9000000000020&ids=9000000000046&ids=9000000000098&ids=9000000000068&ids=9000000000016&ids=9000000000064&ids=9000000000092&ids=9000000000096&ids=9000000000080&ids=9000000000018&ids=9000000000040&ids=9000000000030&ids=9000000000070&ids=9000000000034&ids=9000000000002&ids=9000000000026&ids=9000000000052&ids=9000000000022&ids=9000000000050&ids=9000000000062&ids=9000000000044
[2026-06-16 14:06:59] >> GET /v1/universes/multiget/teamcreate?ids=9000000000124&ids=9000000000088&ids=9000000000048&ids=9000000000020&ids=9000000000046&ids=9000000000098&ids=9000000000068&ids=9000000000016&ids=9000000000064&ids=9000000000092&ids=9000000000096&ids=9000000000080&ids=9000000000018&ids=9000000000040&ids=9000000000030&ids=9000000000070&ids=9000000000034&ids=9000000000002&ids=9000000000026&ids=9000000000052&ids=9000000000022&ids=9000000000050&ids=9000000000062&ids=9000000000044&
[2026-06-16 14:06:59] >> GET /content-safety/v1/places/9000000000125/safety-status
[2026-06-16 14:06:59] >> GET /content-safety/v1/places/9000000000089/safety-status
[2026-06-16 14:06:59] >> GET /content-safety/v1/places/9000000000049/safety-status
[2026-06-16 14:06:59] TeamCreate stub (disabled): GET /teamcreate/v1/MultiGetUniversesActiveSessionMembers
[2026-06-16 14:06:59] TeamCreate stub (disabled): GET /v1/universes/multiget/teamcreate
[2026-06-16 14:06:59] << /content-safety/v1/places/9000000000125/safety-status -> {"isSequestered":false,"moderationStatus":"Approved"}
[2026-06-16 14:06:59] << /content-safety/v1/places/9000000000089/safety-status -> {"isSequestered":false,"moderationStatus":"Approved"}
[2026-06-16 14:06:59] << /content-safety/v1/places/9000000000049/safety-status -> {"isSequestered":false,"moderationStatus":"Approved"}
[2026-06-16 14:06:59] << /teamcreate/v1/MultiGetUniversesActiveSessionMembers -> {"data":[{"id":9000000000124,"isEnabled":false},{"id":9000000000088,"isEnabled":false},{"id":9000000000048,"isEnabled":false},{"id":9000000000020,"isEnabled":false},{"id":9000000000046,"isEnabled":false},{"id":9000000000098,"isEnabled":false},{"id":9000000000068,"isEnabled":false},{"id":9000000000016,"isEnabled":false},{"id":9000000000064,"isEnabled":false},{"id":9000000000092,"isEnabled":false},{"id":9000000000096,"isEnabled":false},{"id":9000000000080,"isEnabled":false},{"id":9000000000018,"isEnabled":false},{"id":9000000000040,"isEnabled":false},{"id":9000000000030,"isEnabled":false},{"id":9000000000070,"isEnabled":false},{"id":9000000000034,"isEnabled":false},{"id":9000000000002,"isEnabled":false},{"id":9000000000026,"isEnabled":false},{"id":9000000000052,"isEnabled":false},{"id":9000000000022,"isEnabled":false},{"id":9000000000050,"isEnabled":false},{"id":9000000000062,"isEnabled":false},{"id":9000000000044,"isEnabled":false}]}
[2026-06-16 14:06:59] >> GET /content-safety/v1/places/9000000000021/safety-status
[2026-06-16 14:06:59] << /v1/universes/multiget/teamcreate -> {"data":[{"id":9000000000124,"isEnabled":false},{"id":9000000000088,"isEnabled":false},{"id":9000000000048,"isEnabled":false},{"id":9000000000020,"isEnabled":false},{"id":9000000000046,"isEnabled":false},{"id":9000000000098,"isEnabled":false},{"id":9000000000068,"isEnabled":false},{"id":9000000000016,"isEnabled":false},{"id":9000000000064,"isEnabled":false},{"id":9000000000092,"isEnabled":false},{"id":9000000000096,"isEnabled":false},{"id":9000000000080,"isEnabled":false},{"id":9000000000018,"isEnabled":false},{"id":9000000000040,"isEnabled":false},{"id":9000000000030,"isEnabled":false},{"id":9000000000070,"isEnabled":false},{"id":9000000000034,"isEnabled":false},{"id":9000000000002,"isEnabled":false},{"id":9000000000026,"isEnabled":false},{"id":9000000000052,"isEnabled":false},{"id":9000000000022,"isEnabled":false},{"id":9000000000050,"isEnabled":false},{"id":9000000000062,"isEnabled":false},{"id":9000000000044,"isEnabled":false}]}
[2026-06-16 14:06:59] << /content-safety/v1/places/9000000000021/safety-status -> {"isSequestered":false,"moderationStatus":"Approved"}
[2026-06-16 14:06:59] >> GET /content-safety/v1/places/9000000000047/safety-status
[2026-06-16 14:06:59] >> GET /content-safety/v1/places/9000000000099/safety-status
[2026-06-16 14:06:59] >> GET /content-safety/v1/places/9000000000069/safety-status
[2026-06-16 14:06:59] >> GET /content-safety/v1/places/9000000000017/safety-status
[2026-06-16 14:06:59] << /content-safety/v1/places/9000000000047/safety-status -> {"isSequestered":false,"moderationStatus":"Approved"}
[2026-06-16 14:06:59] >> GET /content-safety/v1/places/9000000000065/safety-status
[2026-06-16 14:06:59] << /content-safety/v1/places/9000000000099/safety-status -> {"isSequestered":false,"moderationStatus":"Approved"}
[2026-06-16 14:06:59] >> GET /content-safety/v1/places/9000000000093/safety-status
[2026-06-16 14:06:59] << /content-safety/v1/places/9000000000069/safety-status -> {"isSequestered":false,"moderationStatus":"Approved"}
[2026-06-16 14:06:59] << /content-safety/v1/places/9000000000017/safety-status -> {"isSequestered":false,"moderationStatus":"Approved"}
[2026-06-16 14:06:59] >> GET /content-safety/v1/places/9000000000097/safety-status
[2026-06-16 14:06:59] << /content-safety/v1/places/9000000000065/safety-status -> {"isSequestered":false,"moderationStatus":"Approved"}
[2026-06-16 14:06:59] << /content-safety/v1/places/9000000000093/safety-status -> {"isSequestered":false,"moderationStatus":"Approved"}
[2026-06-16 14:06:59] << /content-safety/v1/places/9000000000097/safety-status -> {"isSequestered":false,"moderationStatus":"Approved"}
[2026-06-16 14:07:00] >> GET /content-safety/v1/places/9000000000081/safety-status
[2026-06-16 14:07:00] >> GET /content-safety/v1/places/9000000000019/safety-status
[2026-06-16 14:07:00] << /content-safety/v1/places/9000000000081/safety-status -> {"isSequestered":false,"moderationStatus":"Approved"}
[2026-06-16 14:07:00] >> GET /content-safety/v1/places/9000000000041/safety-status
[2026-06-16 14:07:00] << /content-safety/v1/places/9000000000019/safety-status -> {"isSequestered":false,"moderationStatus":"Approved"}
[2026-06-16 14:07:00] << /content-safety/v1/places/9000000000041/safety-status -> {"isSequestered":false,"moderationStatus":"Approved"}
[2026-06-16 14:07:00] >> GET /content-safety/v1/places/9000000000031/safety-status
[2026-06-16 14:07:00] >> GET /content-safety/v1/places/9000000000071/safety-status
[2026-06-16 14:07:00] >> GET /content-safety/v1/places/9000000000035/safety-status
[2026-06-16 14:07:00] << /content-safety/v1/places/9000000000031/safety-status -> {"isSequestered":false,"moderationStatus":"Approved"}
[2026-06-16 14:07:00] >> GET /content-safety/v1/places/9000000000003/safety-status
[2026-06-16 14:07:00] << /content-safety/v1/places/9000000000071/safety-status -> {"isSequestered":false,"moderationStatus":"Approved"}
[2026-06-16 14:07:00] << /content-safety/v1/places/9000000000035/safety-status -> {"isSequestered":false,"moderationStatus":"Approved"}
[2026-06-16 14:07:00] << /content-safety/v1/places/9000000000003/safety-status -> {"isSequestered":false,"moderationStatus":"Approved"}
[2026-06-16 14:07:00] >> POST /oauth/v1/token
[2026-06-16 14:07:00] /v1/token body: [grant_type=authorization_code&code=hardcoded_auth_code_2023&code_verifier=tKp9b1V-imZeh-2hzlqBu0xZXvhgvl2bz6F0awOibI8&client_id=]
[2026-06-16 14:07:00] /v1/token qs client_id: [(missing)]
[2026-06-16 14:07:00] << /oauth/v1/token -> {"access_token":"hardcoded_access_token","token_type":"Bearer","expires_in":1800,"refresh_token":"hardcoded_refresh_token","scope":"openid credentials profile age roles premium","id_token":"eyJhbGciOiJFUzI1NiIsInR5cCI6IkpXVCIsImtpZCI6ImhhcmRjb2RlZC1rZXktMSJ9.eyJzdWIiOiIxNDQ2MzMxNSIsInR5cGUiOiJVc2VyIiwiaXNzIjoiaHR0cDovL2xvY2FsaG9zdC9vYXV0aC8iLCJhdWQiOiJyb2Jsb3hfc3R1ZGlvX2NsaWVudCIsImV4cCI6MTc4MTY0NTgxNSwiaWF0IjoxNzgxNjQ0MDE1LCJub25jZSI6ImlkLXJvYmxveCIsIm5hbWUiOiJIZWFyTWVSb2FyIiwibmlja25hbWUiOiJEZXYiLCJwcmVmZXJyZWRfdXNlcm5hbWUiOiJIZWFyTWVSb2FyIiwiY3JlYXRlZF9hdCI6MTY4MDAwMDAwMCwicHJvZmlsZSI6Imh0dHBzOi8vd3d3LnJvYmxveC5jb20vdXNlcnMvMTQ0NjMzMTUvcHJvZmlsZSIsInBpY3R1cmUiOiJodHRwczovL3d3dy5yb2Jsb3guY29tL2hlYWRzaG90LXRodW1ibmFpbC9pbWFnZT91c2VySWQ9MTQ0NjMzMTUmd2lkdGg9NDIwJmhlaWdodD00MjAiLCJlbWFpbCI6ImRldkByb2Jsb3guZXhhbXBsZSIsImVtYWlsX3ZlcmlmaWVkIjp0cnVlLCJ2ZXJpZmllZCI6dHJ1ZSwiYWdlX2JyYWNrZXQiOiIxOCsiLCJwcmVtaXVtIjp0cnVlLCJyb2xlcyI6WyJEZXZlbG9wZXIiXSwiaW50ZXJuYWxfdXNlciI6ZmFsc2UsImF0dHJpYnV0ZXMiOn
[2026-06-16 14:07:00] >> GET /content-safety/v1/places/9000000000027/safety-status
[2026-06-16 14:07:00] >> GET /content-safety/v1/places/9000000000053/safety-status
[2026-06-16 14:07:00] << /content-safety/v1/places/9000000000027/safety-status -> {"isSequestered":false,"moderationStatus":"Approved"}
[2026-06-16 14:07:00] << /content-safety/v1/places/9000000000053/safety-status -> {"isSequestered":false,"moderationStatus":"Approved"}
[2026-06-16 14:07:00] >> GET /content-safety/v1/places/9000000000023/safety-status
[2026-06-16 14:07:00] >> GET /content-safety/v1/places/9000000000051/safety-status
[2026-06-16 14:07:00] << /content-safety/v1/places/9000000000023/safety-status -> {"isSequestered":false,"moderationStatus":"Approved"}
[2026-06-16 14:07:00] << /content-safety/v1/places/9000000000051/safety-status -> {"isSequestered":false,"moderationStatus":"Approved"}
[2026-06-16 14:07:00] >> GET /v1/universes/multiget/teamcreate?ids=9000000000124&ids=9000000000088&ids=9000000000048&ids=9000000000020&ids=9000000000046&ids=9000000000098&ids=9000000000068&ids=9000000000016&ids=9000000000064&ids=9000000000092&ids=9000000000096&ids=9000000000080&ids=9000000000018&ids=9000000000040&ids=9000000000030&ids=9000000000070&ids=9000000000034&ids=9000000000002&ids=9000000000026&ids=9000000000052&ids=9000000000022&ids=9000000000050&ids=9000000000062&ids=9000000000044
[2026-06-16 14:07:00] TeamCreate stub (disabled): GET /v1/universes/multiget/teamcreate
[2026-06-16 14:07:00] >> GET /content-safety/v1/places/9000000000063/safety-status
[2026-06-16 14:07:00] << /v1/universes/multiget/teamcreate -> {"data":[{"id":9000000000124,"isEnabled":false},{"id":9000000000088,"isEnabled":false},{"id":9000000000048,"isEnabled":false},{"id":9000000000020,"isEnabled":false},{"id":9000000000046,"isEnabled":false},{"id":9000000000098,"isEnabled":false},{"id":9000000000068,"isEnabled":false},{"id":9000000000016,"isEnabled":false},{"id":9000000000064,"isEnabled":false},{"id":9000000000092,"isEnabled":false},{"id":9000000000096,"isEnabled":false},{"id":9000000000080,"isEnabled":false},{"id":9000000000018,"isEnabled":false},{"id":9000000000040,"isEnabled":false},{"id":9000000000030,"isEnabled":false},{"id":9000000000070,"isEnabled":false},{"id":9000000000034,"isEnabled":false},{"id":9000000000002,"isEnabled":false},{"id":9000000000026,"isEnabled":false},{"id":9000000000052,"isEnabled":false},{"id":9000000000022,"isEnabled":false},{"id":9000000000050,"isEnabled":false},{"id":9000000000062,"isEnabled":false},{"id":9000000000044,"isEnabled":false}]}
[2026-06-16 14:07:00] >> GET /content-safety/v1/places/9000000000045/safety-status
[2026-06-16 14:07:00] << /content-safety/v1/places/9000000000063/safety-status -> {"isSequestered":false,"moderationStatus":"Approved"}
[2026-06-16 14:07:00] << /content-safety/v1/places/9000000000045/safety-status -> {"isSequestered":false,"moderationStatus":"Approved"}
[2026-06-16 14:07:00] >> GET /Thumbs/gameicon.ashx?id=28220420
[2026-06-16 14:07:00] >> GET /Thumbs/gameicon.ashx?id=9000000000124
[2026-06-16 14:07:00] >> GET /Thumbs/gameicon.ashx?id=9000000000088
[2026-06-16 14:07:00] >> GET /Thumbs/gameicon.ashx?id=9000000000048
[2026-06-16 14:07:00] >> GET /Thumbs/gameicon.ashx?id=9000000000020
[2026-06-16 14:07:00] >> GET /Thumbs/gameicon.ashx?id=9000000000046
[2026-06-16 14:07:00] >> GET /Thumbs/gameicon.ashx?id=9000000000098
[2026-06-16 14:07:00] >> GET /v1/not-approved
[2026-06-16 14:07:00] << /v1/not-approved -> {}
[2026-06-16 14:07:00] >> POST /validate-machine
[2026-06-16 14:07:00] << /validate-machine -> {}
[2026-06-16 14:07:00] >> GET /Thumbs/gameicon.ashx?id=9000000000068
[2026-06-16 14:07:00] >> GET /asset/?hash=9648afba5d3d7f66550213469e074213&contentRepresentationPriorityList=W3siZm9ybWF0IjoiT3JpZ2luYWwiLCJtYWpvclZlcnNpb24iOiJPcmlnaW5hbCIsImZpZGVsaXR5IjoiT3JpZ2luYWwifV0%3D
[2026-06-16 14:07:00] >> GET /Thumbs/gameicon.ashx?id=9000000000016
[2026-06-16 14:07:00] >> GET /Thumbs/gameicon.ashx?id=9000000000064
[2026-06-16 14:07:00] >> GET /Thumbs/gameicon.ashx?id=9000000000092
[2026-06-16 14:07:00] >> GET /Thumbs/gameicon.ashx?id=9000000000096
[2026-06-16 14:07:00] >> GET /Thumbs/gameicon.ashx?id=9000000000080
[2026-06-16 14:07:00] >> GET /oauth/v1/userinfo
[2026-06-16 14:07:00] << /oauth/v1/userinfo -> {"sub":"14463315","type":"User","iss":"http://localhost/oauth/","aud":"roblox_studio_client","exp":1781647620,"iat":1781644020,"nonce":"id-roblox","name":"HearMeRoar","nickname":"Dev","preferred_username":"HearMeRoar","created_at":1680000000,"email":"dev@roblox.example","email_verified":true,"verified":true,"age_bracket":"18+","premium":true,"roles":["Developer"],"internal_user":false,"attributes":{}}
[2026-06-16 14:07:00] >> GET /Thumbs/gameicon.ashx?id=9000000000018
[2026-06-16 14:07:00] >> GET /Thumbs/gameicon.ashx?id=9000000000040
[2026-06-16 14:07:00] >> GET /Thumbs/gameicon.ashx?id=9000000000030
[2026-06-16 14:07:00] >> GET /Thumbs/gameicon.ashx?id=9000000000070
[2026-06-16 14:07:00] >> GET /Thumbs/gameicon.ashx?id=9000000000034
[2026-06-16 14:07:00] >> GET /Thumbs/gameicon.ashx?id=9000000000002
[2026-06-16 14:07:00] >> GET /Thumbs/gameicon.ashx?id=9000000000026
[2026-06-16 14:07:01] >> POST /product-experimentation-platform/v1/projects/1/values
[2026-06-16 14:07:01] >> POST /product-experimentation-platform/v1/projects/1/values
[2026-06-16 14:07:01] << /product-experimentation-platform/v1/projects/1/values -> {"assignments":[]}
[2026-06-16 14:07:01] << /product-experimentation-platform/v1/projects/1/values -> {"assignments":[]}
[2026-06-16 14:07:01] >> GET /Thumbs/gameicon.ashx?id=9000000000052
[2026-06-16 14:07:01] >> GET /Thumbs/gameicon.ashx?id=9000000000022
[2026-06-16 14:07:01] >> GET /Thumbs/gameicon.ashx?id=9000000000050
[2026-06-16 14:07:01] >> GET /Thumbs/gameicon.ashx?id=9000000000062
[2026-06-16 14:07:01] >> GET /Thumbs/gameicon.ashx?id=9000000000044
[2026-06-16 14:07:01] >> POST /product-experimentation-platform/v1/projects/1/values
[2026-06-16 14:07:01] >> POST /user-heartbeats-api/action-report
[2026-06-16 14:07:01] >> GET /userhub/?id=
[2026-06-16 14:07:01] << /product-experimentation-platform/v1/projects/1/values -> {"assignments":[]}
[2026-06-16 14:07:01] << /user-heartbeats-api/action-report -> {"accounts": [{"username": "HearMeRoar","robloxCookie": "","pulseInterval": 30000,"enableLogging": true}],"globalConfig": {"retryAttempts": 3,"retryDelay": 5000}}
[2026-06-16 14:07:01] 404 GET /userhub/
[2026-06-16 14:07:01] << /userhub/ -> {"errors":[{"code":"NotFound","message":"Not found"}]}
[2026-06-16 14:07:01] >> GET /studio-user-data-api/beta-feature-metadata
[2026-06-16 14:07:01] << /studio-user-data-api/beta-feature-metadata -> {}
[2026-06-16 14:07:01] >> GET /studio-user-data-api/plugin-metadata?pageSize=1000000000
[2026-06-16 14:07:01] >> GET /studio-user-settings/plugin-permissions/v2/plugins?permissionType=HttpService&cursor&pageSize=100
[2026-06-16 14:07:01] >> GET /studio-user-data-api/beta-feature?pageSize=1000000000
[2026-06-16 14:07:01] >> GET /studio-user-settings/plugin-permissions/v2/plugins?permissionType=ScriptInjection&cursor&pageSize=100
[2026-06-16 14:07:01] >> GET /access-management/v1/feature-access?featureNames=ShowIllegalContentReport&nameSpace=studio%2FSafetyFeatures
[2026-06-16 14:07:01] << /studio-user-data-api/plugin-metadata -> {}
[2026-06-16 14:07:01] << /studio-user-settings/plugin-permissions/v2/plugins -> {}
[2026-06-16 14:07:01] << /studio-user-data-api/beta-feature -> {}
[2026-06-16 14:07:01] << /studio-user-settings/plugin-permissions/v2/plugins -> {}
[2026-06-16 14:07:01] >> GET /v1/universes/multiget?ids=9000000000124&ids=9000000000088&ids=9000000000048&ids=9000000000020&ids=9000000000046&ids=9000000000098&ids=9000000000068&ids=9000000000016&ids=9000000000064&ids=9000000000092&ids=9000000000096&ids=9000000000080&ids=9000000000018&ids=9000000000040&ids=9000000000030&ids=9000000000070&ids=9000000000034&ids=9000000000002&ids=9000000000026&ids=9000000000052&ids=9000000000022&ids=9000000000050&ids=9000000000062&ids=9000000000044
[2026-06-16 14:07:01] << /access-management/v1/feature-access -> {"featureAccess":[],"data":[]}
[2026-06-16 14:07:01] >> GET /my/settings/json
[2026-06-16 14:07:01] << /my/settings/json -> {"UserId":14463315,"UserName":"HearMeRoar","DisplayName":"HearMeRoar","RobuxBalance":9999999999,"IsEmailVerified":true,"IsPremiumUser":true,"AgeBracket":0,"CountryCode":"US","Roles":["Developer","Soothsayer"],"AccountAgeInDays":1324354}
[2026-06-16 14:07:01] >> GET /v1/universes/multiget/teamcreate?ids=9000000000124&ids=9000000000088&ids=9000000000048&ids=9000000000020&ids=9000000000046&ids=9000000000098&ids=9000000000068&ids=9000000000016&ids=9000000000064&ids=9000000000092&ids=9000000000096&ids=9000000000080&ids=9000000000018&ids=9000000000040&ids=9000000000030&ids=9000000000070&ids=9000000000034&ids=9000000000002&ids=9000000000026&ids=9000000000052&ids=9000000000022&ids=9000000000050&ids=9000000000062&ids=9000000000044
[2026-06-16 14:07:01] TeamCreate stub (disabled): GET /v1/universes/multiget/teamcreate
[2026-06-16 14:07:01] << /v1/universes/multiget/teamcreate -> {"data":[{"id":9000000000124,"isEnabled":false},{"id":9000000000088,"isEnabled":false},{"id":9000000000048,"isEnabled":false},{"id":9000000000020,"isEnabled":false},{"id":9000000000046,"isEnabled":false},{"id":9000000000098,"isEnabled":false},{"id":9000000000068,"isEnabled":false},{"id":9000000000016,"isEnabled":false},{"id":9000000000064,"isEnabled":false},{"id":9000000000092,"isEnabled":false},{"id":9000000000096,"isEnabled":false},{"id":9000000000080,"isEnabled":false},{"id":9000000000018,"isEnabled":false},{"id":9000000000040,"isEnabled":false},{"id":9000000000030,"isEnabled":false},{"id":9000000000070,"isEnabled":false},{"id":9000000000034,"isEnabled":false},{"id":9000000000002,"isEnabled":false},{"id":9000000000026,"isEnabled":false},{"id":9000000000052,"isEnabled":false},{"id":9000000000022,"isEnabled":false},{"id":9000000000050,"isEnabled":false},{"id":9000000000062,"isEnabled":false},{"id":9000000000044,"isEnabled":false}]}
[2026-06-16 14:07:02] >> GET /userhub/?id=
[2026-06-16 14:07:02] 404 GET /userhub/
[2026-06-16 14:07:02] << /userhub/ -> {"errors":[{"code":"NotFound","message":"Not found"}]}
[2026-06-16 14:07:02] >> POST /v1/users
[2026-06-16 14:07:02] << /v1/users -> {"data":[{"hasVerifiedBadge":false,"id":14463315,"name":"HearMeRoar","displayName":"HearMeRoar"}]}
[2026-06-16 14:07:02] >> POST /user-heartbeats-api/action-report
[2026-06-16 14:07:02] << /user-heartbeats-api/action-report -> {"accounts": [{"username": "HearMeRoar","robloxCookie": "","pulseInterval": 30000,"enableLogging": true}],"globalConfig": {"retryAttempts": 3,"retryDelay": 5000}}
[2026-06-16 14:07:02] >> GET /v1/gametemplates?searchKey=Templates&pageSize=30&search=All&isTemplates=true
[2026-06-16 14:07:02] << /v1/gametemplates -> {"data":[{"gameTemplateType":"Generic","hasTutorials":false,"universe":{"id":28220420,"name":"Baseplate","description":"Start from a clean baseplate.","isArchived":false,"rootPlaceId":95206881,"privacyType":"Public","creatorType":"User","creatorTargetId":998796,"creatorName":"Templates","created":"2017-04-26T00:00:00Z","updated":"2017-04-26T00:00:00Z","isFriendsOnly":false,"audiences":[1,3,4]}}]}
[2026-06-16 14:07:02] >> GET /doc-site/v2/feeds?surfaceType=StudioStart
[2026-06-16 14:07:02] << /doc-site/v2/feeds -> {"data":{"feedItems":[]}}
[2026-06-16 14:07:02] >> GET /v2/universes/9000000000124/places?limit=50&SortOrder=Asc
[2026-06-16 14:07:02] << /v2/universes/9000000000124/places -> {"previousPageCursor":null,"nextPageCursor":null,"data":[{"maxPlayerCount":null,"socialSlotType":null,"customSocialSlotsCount":null,"allowCopying":null,"currentSavedVersion":1,"isAllGenresAllowed":null,"allowedGearTypes":null,"maxPlayersAllowed":0,"created":"2022-01-01T00:00:00.000Z","updated":"2022-01-01T00:00:00.000Z","id":9000000000125,"universeId":9000000000124,"name":"testt","description":"","isRootPlace":true}]}
[2026-06-16 14:07:03] >> GET /v2/universes/9000000000088/places?limit=50&SortOrder=Asc
[2026-06-16 14:07:03] << /v2/universes/9000000000088/places -> {"previousPageCursor":null,"nextPageCursor":null,"data":[{"maxPlayerCount":null,"socialSlotType":null,"customSocialSlotsCount":null,"allowCopying":null,"currentSavedVersion":1,"isAllGenresAllowed":null,"allowedGearTypes":null,"maxPlayersAllowed":0,"created":"2022-01-01T00:00:00.000Z","updated":"2022-01-01T00:00:00.000Z","id":9000000000089,"universeId":9000000000088,"name":"Muffin Kombat","description":"","isRootPlace":true}]}
[2026-06-16 14:07:03] >> GET /v2/universes/9000000000048/places?limit=50&SortOrder=Asc
[2026-06-16 14:07:03] << /v2/universes/9000000000048/places -> {"previousPageCursor":null,"nextPageCursor":null,"data":[{"maxPlayerCount":null,"socialSlotType":null,"customSocialSlotsCount":null,"allowCopying":null,"currentSavedVersion":1,"isAllGenresAllowed":null,"allowedGearTypes":null,"maxPlayersAllowed":0,"created":"2022-01-01T00:00:00.000Z","updated":"2022-01-01T00:00:00.000Z","id":9000000000049,"universeId":9000000000048,"name":"Pokemon Brick Bronze","description":"","isRootPlace":true}]}
[2026-06-16 14:07:03] >> GET /player-hydration-service/v1/players/signed
[2026-06-16 14:07:03] 404 GET /player-hydration-service/v1/players/signed
[2026-06-16 14:07:03] << /player-hydration-service/v1/players/signed -> {"errors":[{"code":"NotFound","message":"Not found"}]}
[2026-06-16 14:07:03] >> GET /v2/universes/9000000000020/places?limit=50&SortOrder=Asc
[2026-06-16 14:07:03] << /v2/universes/9000000000020/places -> {"previousPageCursor":null,"nextPageCursor":null,"data":[{"maxPlayerCount":null,"socialSlotType":null,"customSocialSlotsCount":null,"allowCopying":null,"currentSavedVersion":1,"isAllGenresAllowed":null,"allowedGearTypes":null,"maxPlayersAllowed":0,"created":"2022-01-01T00:00:00.000Z","updated":"2022-01-01T00:00:00.000Z","id":9000000000021,"universeId":9000000000020,"name":"Flood Escape 1.6.5","description":"","isRootPlace":true}]}
[2026-06-16 14:07:03] >> GET /v2/universes/9000000000046/places?limit=50&SortOrder=Asc
[2026-06-16 14:07:03] << /v2/universes/9000000000046/places -> {"previousPageCursor":null,"nextPageCursor":null,"data":[{"maxPlayerCount":null,"socialSlotType":null,"customSocialSlotsCount":null,"allowCopying":null,"currentSavedVersion":1,"isAllGenresAllowed":null,"allowedGearTypes":null,"maxPlayersAllowed":0,"created":"2022-01-01T00:00:00.000Z","updated":"2022-01-01T00:00:00.000Z","id":9000000000047,"universeId":9000000000046,"name":"Phantom Forces","description":"","isRootPlace":true}]}
[2026-06-16 14:07:03] >> GET /v2/universes/9000000000098/places?limit=50&SortOrder=Asc
[2026-06-16 14:07:03] << /v2/universes/9000000000098/places -> {"previousPageCursor":null,"nextPageCursor":null,"data":[{"maxPlayerCount":null,"socialSlotType":null,"customSocialSlotsCount":null,"allowCopying":null,"currentSavedVersion":1,"isAllGenresAllowed":null,"allowedGearTypes":null,"maxPlayersAllowed":0,"created":"2022-01-01T00:00:00.000Z","updated":"2022-01-01T00:00:00.000Z","id":9000000000099,"universeId":9000000000098,"name":"Youtube Tycoon","description":"","isRootPlace":true}]}
[2026-06-16 14:07:04] >> GET /v2/universes/9000000000068/places?limit=50&SortOrder=Asc
[2026-06-16 14:07:04] << /v2/universes/9000000000068/places -> {"previousPageCursor":null,"nextPageCursor":null,"data":[{"maxPlayerCount":null,"socialSlotType":null,"customSocialSlotsCount":null,"allowCopying":null,"currentSavedVersion":1,"isAllGenresAllowed":null,"allowedGearTypes":null,"maxPlayersAllowed":0,"created":"2022-01-01T00:00:00.000Z","updated":"2022-01-01T00:00:00.000Z","id":9000000000069,"universeId":9000000000068,"name":"Weight Lifting Simulator 2","description":"","isRootPlace":true}]}
[2026-06-16 14:07:04] >> GET /userhub/?id=
[2026-06-16 14:07:04] 404 GET /userhub/
[2026-06-16 14:07:04] << /userhub/ -> {"errors":[{"code":"NotFound","message":"Not found"}]}
[2026-06-16 14:07:04] >> GET /v2/universes/9000000000016/places?limit=50&SortOrder=Asc
[2026-06-16 14:07:04] << /v2/universes/9000000000016/places -> {"previousPageCursor":null,"nextPageCursor":null,"data":[{"maxPlayerCount":null,"socialSlotType":null,"customSocialSlotsCount":null,"allowCopying":null,"currentSavedVersion":1,"isAllGenresAllowed":null,"allowedGearTypes":null,"maxPlayersAllowed":0,"created":"2022-01-01T00:00:00.000Z","updated":"2022-01-01T00:00:00.000Z","id":9000000000017,"universeId":9000000000016,"name":"Prison Life V2.0","description":"","isRootPlace":true}]}
[2026-06-16 14:07:04] >> POST /v1/batch
[2026-06-16 14:07:04] << /v1/batch -> {"data":[]}
[2026-06-16 14:07:04] >> GET /v2/universes/9000000000064/places?limit=50&SortOrder=Asc
[2026-06-16 14:07:04] << /v2/universes/9000000000064/places -> {"previousPageCursor":null,"nextPageCursor":null,"data":[{"maxPlayerCount":null,"socialSlotType":null,"customSocialSlotsCount":null,"allowCopying":null,"currentSavedVersion":1,"isAllGenresAllowed":null,"allowedGearTypes":null,"maxPlayersAllowed":0,"created":"2022-01-01T00:00:00.000Z","updated":"2022-01-01T00:00:00.000Z","id":9000000000065,"universeId":9000000000064,"name":"New MM2","description":"","isRootPlace":true}]}
[2026-06-16 14:07:04] >> GET /v2/universes/9000000000092/places?limit=50&SortOrder=Asc
[2026-06-16 14:07:04] << /v2/universes/9000000000092/places -> {"previousPageCursor":null,"nextPageCursor":null,"data":[{"maxPlayerCount":null,"socialSlotType":null,"customSocialSlotsCount":null,"allowCopying":null,"currentSavedVersion":1,"isAllGenresAllowed":null,"allowedGearTypes":null,"maxPlayersAllowed":0,"created":"2022-01-01T00:00:00.000Z","updated":"2022-01-01T00:00:00.000Z","id":9000000000093,"universeId":9000000000092,"name":"Meepcity","description":"","isRootPlace":true}]}
[2026-06-16 14:07:05] >> GET /v2/universes/9000000000096/places?limit=50&SortOrder=Asc
[2026-06-16 14:07:05] << /v2/universes/9000000000096/places -> {"previousPageCursor":null,"nextPageCursor":null,"data":[{"maxPlayerCount":null,"socialSlotType":null,"customSocialSlotsCount":null,"allowCopying":null,"currentSavedVersion":1,"isAllGenresAllowed":null,"allowedGearTypes":null,"maxPlayersAllowed":0,"created":"2022-01-01T00:00:00.000Z","updated":"2022-01-01T00:00:00.000Z","id":9000000000097,"universeId":9000000000096,"name":"Tower of hell","description":"","isRootPlace":true}]}
[2026-06-16 14:07:05] >> GET /v2/universes/9000000000080/places?limit=50&SortOrder=Asc
[2026-06-16 14:07:05] << /v2/universes/9000000000080/places -> {"previousPageCursor":null,"nextPageCursor":null,"data":[{"maxPlayerCount":null,"socialSlotType":null,"customSocialSlotsCount":null,"allowCopying":null,"currentSavedVersion":1,"isAllGenresAllowed":null,"allowedGearTypes":null,"maxPlayersAllowed":0,"created":"2022-01-01T00:00:00.000Z","updated":"2022-01-01T00:00:00.000Z","id":9000000000081,"universeId":9000000000080,"name":"Work at a pizza place","description":"","isRootPlace":true}]}
[2026-06-16 14:07:05] >> GET /v2/universes/9000000000018/places?limit=50&SortOrder=Asc
[2026-06-16 14:07:05] << /v2/universes/9000000000018/places -> {"previousPageCursor":null,"nextPageCursor":null,"data":[{"maxPlayerCount":null,"socialSlotType":null,"customSocialSlotsCount":null,"allowCopying":null,"currentSavedVersion":1,"isAllGenresAllowed":null,"allowedGearTypes":null,"maxPlayersAllowed":0,"created":"2022-01-01T00:00:00.000Z","updated":"2022-01-01T00:00:00.000Z","id":9000000000019,"universeId":9000000000018,"name":"Natural Disaster Survival","description":"","isRootPlace":true}]}
[2026-06-16 14:07:05] >> GET /v2/universes/9000000000040/places?limit=50&SortOrder=Asc
[2026-06-16 14:07:05] << /v2/universes/9000000000040/places -> {"previousPageCursor":null,"nextPageCursor":null,"data":[{"maxPlayerCount":null,"socialSlotType":null,"customSocialSlotsCount":null,"allowCopying":null,"currentSavedVersion":1,"isAllGenresAllowed":null,"allowedGearTypes":null,"maxPlayersAllowed":0,"created":"2022-01-01T00:00:00.000Z","updated":"2022-01-01T00:00:00.000Z","id":9000000000041,"universeId":9000000000040,"name":"Epic Minigames","description":"","isRootPlace":true}]}
[2026-06-16 14:07:05] >> GET /v2/universes/9000000000030/places?limit=50&SortOrder=Asc
[2026-06-16 14:07:05] << /v2/universes/9000000000030/places -> {"previousPageCursor":null,"nextPageCursor":null,"data":[{"maxPlayerCount":null,"socialSlotType":null,"customSocialSlotsCount":null,"allowCopying":null,"currentSavedVersion":1,"isAllGenresAllowed":null,"allowedGearTypes":null,"maxPlayersAllowed":0,"created":"2022-01-01T00:00:00.000Z","updated":"2022-01-01T00:00:00.000Z","id":9000000000031,"universeId":9000000000030,"name":"Twisted Murderer","description":"","isRootPlace":true}]}
[2026-06-16 14:07:06] >> GET /v2/universes/9000000000070/places?limit=50&SortOrder=Asc
[2026-06-16 14:07:06] << /v2/universes/9000000000070/places -> {"previousPageCursor":null,"nextPageCursor":null,"data":[{"maxPlayerCount":null,"socialSlotType":null,"customSocialSlotsCount":null,"allowCopying":null,"currentSavedVersion":1,"isAllGenresAllowed":null,"allowedGearTypes":null,"maxPlayersAllowed":0,"created":"2022-01-01T00:00:00.000Z","updated":"2022-01-01T00:00:00.000Z","id":9000000000071,"universeId":9000000000070,"name":"Speed run 4","description":"","isRootPlace":true}]}
[2026-06-16 14:07:06] >> GET /v2/universes/9000000000034/places?limit=50&SortOrder=Asc
[2026-06-16 14:07:06] << /v2/universes/9000000000034/places -> {"previousPageCursor":null,"nextPageCursor":null,"data":[{"maxPlayerCount":null,"socialSlotType":null,"customSocialSlotsCount":null,"allowCopying":null,"currentSavedVersion":1,"isAllGenresAllowed":null,"allowedGearTypes":null,"maxPlayersAllowed":0,"created":"2022-01-01T00:00:00.000Z","updated":"2022-01-01T00:00:00.000Z","id":9000000000035,"universeId":9000000000034,"name":"Assassin","description":"","isRootPlace":true}]}
[2026-06-16 14:07:06] >> GET /v2/universes/9000000000002/places?limit=50&SortOrder=Asc
[2026-06-16 14:07:06] << /v2/universes/9000000000002/places -> {"previousPageCursor":null,"nextPageCursor":null,"data":[{"maxPlayerCount":null,"socialSlotType":null,"customSocialSlotsCount":null,"allowCopying":null,"currentSavedVersion":1,"isAllGenresAllowed":null,"allowedGearTypes":null,"maxPlayersAllowed":0,"created":"2022-01-01T00:00:00.000Z","updated":"2022-01-01T00:00:00.000Z","id":9000000000003,"universeId":9000000000002,"name":"Theme park tycoon 2","description":"","isRootPlace":true}]}
[2026-06-16 14:07:06] >> GET /v2/universes/9000000000026/places?limit=50&SortOrder=Asc
[2026-06-16 14:07:06] << /v2/universes/9000000000026/places -> {"previousPageCursor":null,"nextPageCursor":null,"data":[{"maxPlayerCount":null,"socialSlotType":null,"customSocialSlotsCount":null,"allowCopying":null,"currentSavedVersion":1,"isAllGenresAllowed":null,"allowedGearTypes":null,"maxPlayersAllowed":0,"created":"2022-01-01T00:00:00.000Z","updated":"2022-01-01T00:00:00.000Z","id":9000000000027,"universeId":9000000000026,"name":"Jailbreak","description":"","isRootPlace":true}]}
[2026-06-16 14:07:06] >> GET /v2/universes/9000000000052/places?limit=50&SortOrder=Asc
[2026-06-16 14:07:06] << /v2/universes/9000000000052/places -> {"previousPageCursor":null,"nextPageCursor":null,"data":[{"maxPlayerCount":null,"socialSlotType":null,"customSocialSlotsCount":null,"allowCopying":null,"currentSavedVersion":1,"isAllGenresAllowed":null,"allowedGearTypes":null,"maxPlayersAllowed":0,"created":"2022-01-01T00:00:00.000Z","updated":"2022-01-01T00:00:00.000Z","id":9000000000053,"universeId":9000000000052,"name":"Whatever Floats Your Boat","description":"","isRootPlace":true}]}
[2026-06-16 14:07:07] >> GET /v2/universes/9000000000022/places?limit=50&SortOrder=Asc
[2026-06-16 14:07:07] >> POST /v1.0/SequenceStatistics/BatchAddToSequencesV2?apiKey=76E5A40C-3AE1-4028-9F10-7C62520BD94F
[2026-06-16 14:07:07] << /v2/universes/9000000000022/places -> {"previousPageCursor":null,"nextPageCursor":null,"data":[{"maxPlayerCount":null,"socialSlotType":null,"customSocialSlotsCount":null,"allowCopying":null,"currentSavedVersion":1,"isAllGenresAllowed":null,"allowedGearTypes":null,"maxPlayersAllowed":0,"created":"2022-01-01T00:00:00.000Z","updated":"2022-01-01T00:00:00.000Z","id":9000000000023,"universeId":9000000000022,"name":"Robot 64","description":"","isRootPlace":true}]}
[2026-06-16 14:07:07] << /v1.0/SequenceStatistics/BatchAddToSequencesV2 -> {}
[2026-06-16 14:07:07] >> GET /userhub/?id=
[2026-06-16 14:07:07] >> GET /v2/universes/9000000000050/places?limit=50&SortOrder=Asc
[2026-06-16 14:07:07] >> POST /v1.1/Counters/BatchIncrement?apiKey=76E5A40C-3AE1-4028-9F10-7C62520BD94F
[2026-06-16 14:07:07] 404 GET /userhub/
[2026-06-16 14:07:07] << /v2/universes/9000000000050/places -> {"previousPageCursor":null,"nextPageCursor":null,"data":[{"maxPlayerCount":null,"socialSlotType":null,"customSocialSlotsCount":null,"allowCopying":null,"currentSavedVersion":1,"isAllGenresAllowed":null,"allowedGearTypes":null,"maxPlayersAllowed":0,"created":"2022-01-01T00:00:00.000Z","updated":"2022-01-01T00:00:00.000Z","id":9000000000051,"universeId":9000000000050,"name":"Polyguns","description":"","isRootPlace":true}]}
[2026-06-16 14:07:07] << /v1.1/Counters/BatchIncrement -> {}
[2026-06-16 14:07:07] << /userhub/ -> {"errors":[{"code":"NotFound","message":"Not found"}]}
[2026-06-16 14:07:07] >> GET /v2/universes/9000000000062/places?limit=50&SortOrder=Asc
[2026-06-16 14:07:07] << /v2/universes/9000000000062/places -> {"previousPageCursor":null,"nextPageCursor":null,"data":[{"maxPlayerCount":null,"socialSlotType":null,"customSocialSlotsCount":null,"allowCopying":null,"currentSavedVersion":1,"isAllGenresAllowed":null,"allowedGearTypes":null,"maxPlayersAllowed":0,"created":"2022-01-01T00:00:00.000Z","updated":"2022-01-01T00:00:00.000Z","id":9000000000063,"universeId":9000000000062,"name":"Build a boat for treasure","description":"","isRootPlace":true}]}
[2026-06-16 14:07:07] >> GET /v2/universes/9000000000044/places?limit=50&SortOrder=Asc
[2026-06-16 14:07:07] << /v2/universes/9000000000044/places -> {"previousPageCursor":null,"nextPageCursor":null,"data":[{"maxPlayerCount":null,"socialSlotType":null,"customSocialSlotsCount":null,"allowCopying":null,"currentSavedVersion":1,"isAllGenresAllowed":null,"allowedGearTypes":null,"maxPlayersAllowed":0,"created":"2022-01-01T00:00:00.000Z","updated":"2022-01-01T00:00:00.000Z","id":9000000000045,"universeId":9000000000044,"name":"Miners Haven","description":"","isRootPlace":true}]}
[2026-06-16 14:07:08] >> GET /v1/universes/multiget?ids=9000000000124&ids=9000000000088&ids=9000000000048&ids=9000000000020&ids=9000000000046&ids=9000000000098&ids=9000000000068&ids=9000000000016&ids=9000000000064&ids=9000000000092&ids=9000000000096&ids=9000000000080&ids=9000000000018&ids=9000000000040&ids=9000000000030&ids=9000000000070&ids=9000000000034&ids=9000000000002&ids=9000000000026&ids=9000000000052&ids=9000000000022&ids=9000000000050&ids=9000000000062&ids=9000000000044&
[2026-06-16 14:07:08] >> GET /v2/universes/28220420/places?limit=50&SortOrder=Asc
[2026-06-16 14:07:08] << /v2/universes/28220420/places -> {"previousPageCursor":null,"nextPageCursor":null,"data":[{"maxPlayerCount":null,"socialSlotType":null,"customSocialSlotsCount":null,"allowCopying":null,"currentSavedVersion":1,"isAllGenresAllowed":null,"allowedGearTypes":null,"maxPlayersAllowed":0,"created":"2022-01-01T00:00:00.000Z","updated":"2022-01-01T00:00:00.000Z","id":9991912465,"universeId":9991912465,"name":"Baseplate","description":"","isRootPlace":true}]}
[2026-06-16 14:07:08] >> GET //v1/games/icons?universeIds=9000000000124,9000000000088,9000000000048,9000000000020,9000000000046,9000000000098,9000000000068,9000000000016,9000000000064,9000000000092,9000000000096,9000000000080,9000000000018,9000000000040,9000000000030,9000000000070,9000000000034,9000000000002,9000000000026,9000000000052,9000000000022,9000000000050,9000000000062,9000000000044&returnPolicy=Autogenerated&format=png&size=256x256
[2026-06-16 14:07:08] >> GET /teamcreate/v1/MultiGetUniversesActiveSessionMembers?maxUsers=10&ids=9000000000124&ids=9000000000088&ids=9000000000048&ids=9000000000020&ids=9000000000046&ids=9000000000098&ids=9000000000068&ids=9000000000016&ids=9000000000064&ids=9000000000092&ids=9000000000096&ids=9000000000080&ids=9000000000018&ids=9000000000040&ids=9000000000030&ids=9000000000070&ids=9000000000034&ids=9000000000002&ids=9000000000026&ids=9000000000052&ids=9000000000022&ids=9000000000050&ids=9000000000062&ids=9000000000044
[2026-06-16 14:07:08] >> POST /experience-guidelines-service/v1beta1/multi-age-recommendation
[2026-06-16 14:07:08] >> GET /v1/universes/multiget/teamcreate?ids=9000000000124&ids=9000000000088&ids=9000000000048&ids=9000000000020&ids=9000000000046&ids=9000000000098&ids=9000000000068&ids=9000000000016&ids=9000000000064&ids=9000000000092&ids=9000000000096&ids=9000000000080&ids=9000000000018&ids=9000000000040&ids=9000000000030&ids=9000000000070&ids=9000000000034&ids=9000000000002&ids=9000000000026&ids=9000000000052&ids=9000000000022&ids=9000000000050&ids=9000000000062&ids=9000000000044&
[2026-06-16 14:07:08] >> POST /core-content/v1/universe-eligibility/batch
[2026-06-16 14:07:08] << //v1/games/icons -> {"data":[{"targetId":9000000000124,"state":"Completed","imageUrl":"http://localhost/Thumbs/gameicon.ashx?id=9000000000124","version":"TN3"},{"targetId":9000000000088,"state":"Completed","imageUrl":"http://localhost/Thumbs/gameicon.ashx?id=9000000000088","version":"TN3"},{"targetId":9000000000048,"state":"Completed","imageUrl":"http://localhost/Thumbs/gameicon.ashx?id=9000000000048","version":"TN3"},{"targetId":9000000000020,"state":"Completed","imageUrl":"http://localhost/Thumbs/gameicon.ashx?id=9000000000020","version":"TN3"},{"targetId":9000000000046,"state":"Completed","imageUrl":"http://localhost/Thumbs/gameicon.ashx?id=9000000000046","version":"TN3"},{"targetId":9000000000098,"state":"Completed","imageUrl":"http://localhost/Thumbs/gameicon.ashx?id=9000000000098","version":"TN3"},{"targetId":9000000000068,"state":"Completed","imageUrl":"http://localhost/Thumbs/gameicon.ashx?id=9000000000068","version":"TN3"},{"targetId":9000000000016,"state":"Completed","imageUrl":"http://localhost
[2026-06-16 14:07:08] >> POST /experience-releases/v1beta1/experience_releases_api/multi_release_statuses
[2026-06-16 14:07:08] TeamCreate stub (disabled): GET /teamcreate/v1/MultiGetUniversesActiveSessionMembers
[2026-06-16 14:07:08] TeamCreate stub (disabled): GET /v1/universes/multiget/teamcreate
[2026-06-16 14:07:08] << /core-content/v1/universe-eligibility/batch -> {"eligibilityByCreator":[{"userId":"14463315","userIsEligible":true,"displayText":"Eligible","ineligibilityReason":"INELIGIBILITY_REASON_NONE"}]}
[2026-06-16 14:07:08] << /experience-releases/v1beta1/experience_releases_api/multi_release_statuses -> {"eligibilityByCreator":[{"userId":"14463315","userIsEligible":true,"displayText":"Eligible","ineligibilityReason":"INELIGIBILITY_REASON_NONE"}]}
[2026-06-16 14:07:08] << /teamcreate/v1/MultiGetUniversesActiveSessionMembers -> {"data":[{"id":9000000000124,"isEnabled":false},{"id":9000000000088,"isEnabled":false},{"id":9000000000048,"isEnabled":false},{"id":9000000000020,"isEnabled":false},{"id":9000000000046,"isEnabled":false},{"id":9000000000098,"isEnabled":false},{"id":9000000000068,"isEnabled":false},{"id":9000000000016,"isEnabled":false},{"id":9000000000064,"isEnabled":false},{"id":9000000000092,"isEnabled":false},{"id":9000000000096,"isEnabled":false},{"id":9000000000080,"isEnabled":false},{"id":9000000000018,"isEnabled":false},{"id":9000000000040,"isEnabled":false},{"id":9000000000030,"isEnabled":false},{"id":9000000000070,"isEnabled":false},{"id":9000000000034,"isEnabled":false},{"id":9000000000002,"isEnabled":false},{"id":9000000000026,"isEnabled":false},{"id":9000000000052,"isEnabled":false},{"id":9000000000022,"isEnabled":false},{"id":9000000000050,"isEnabled":false},{"id":9000000000062,"isEnabled":false},{"id":9000000000044,"isEnabled":false}]}
[2026-06-16 14:07:08] << /v1/universes/multiget/teamcreate -> {"data":[{"id":9000000000124,"isEnabled":false},{"id":9000000000088,"isEnabled":false},{"id":9000000000048,"isEnabled":false},{"id":9000000000020,"isEnabled":false},{"id":9000000000046,"isEnabled":false},{"id":9000000000098,"isEnabled":false},{"id":9000000000068,"isEnabled":false},{"id":9000000000016,"isEnabled":false},{"id":9000000000064,"isEnabled":false},{"id":9000000000092,"isEnabled":false},{"id":9000000000096,"isEnabled":false},{"id":9000000000080,"isEnabled":false},{"id":9000000000018,"isEnabled":false},{"id":9000000000040,"isEnabled":false},{"id":9000000000030,"isEnabled":false},{"id":9000000000070,"isEnabled":false},{"id":9000000000034,"isEnabled":false},{"id":9000000000002,"isEnabled":false},{"id":9000000000026,"isEnabled":false},{"id":9000000000052,"isEnabled":false},{"id":9000000000022,"isEnabled":false},{"id":9000000000050,"isEnabled":false},{"id":9000000000062,"isEnabled":false},{"id":9000000000044,"isEnabled":false}]}
[2026-06-16 14:07:08] >> GET /content-safety/v1/places/9000000000125/safety-status
[2026-06-16 14:07:08] >> GET /content-safety/v1/places/9000000000089/safety-status
[2026-06-16 14:07:08] >> GET //v1/games/icons?universeIds=28220420&returnPolicy=Placeholder&format=png&size=256x256
[2026-06-16 14:07:08] << /content-safety/v1/places/9000000000125/safety-status -> {"isSequestered":false,"moderationStatus":"Approved"}
[2026-06-16 14:07:08] << /content-safety/v1/places/9000000000089/safety-status -> {"isSequestered":false,"moderationStatus":"Approved"}
[2026-06-16 14:07:08] >> GET /content-safety/v1/places/9000000000049/safety-status
[2026-06-16 14:07:08] << //v1/games/icons -> {"data":[{"targetId":28220420,"state":"Completed","imageUrl":"http://localhost/Thumbs/gameicon.ashx?id=28220420","version":"TN3"}]}
[2026-06-16 14:07:08] >> GET /content-safety/v1/places/9000000000021/safety-status
[2026-06-16 14:07:08] << /content-safety/v1/places/9000000000049/safety-status -> {"isSequestered":false,"moderationStatus":"Approved"}
[2026-06-16 14:07:08] >> GET /content-safety/v1/places/9000000000047/safety-status
[2026-06-16 14:07:08] >> GET /content-safety/v1/places/9000000000099/safety-status
[2026-06-16 14:07:08] << /content-safety/v1/places/9000000000021/safety-status -> {"isSequestered":false,"moderationStatus":"Approved"}
[2026-06-16 14:07:08] << /content-safety/v1/places/9000000000047/safety-status -> {"isSequestered":false,"moderationStatus":"Approved"}
[2026-06-16 14:07:08] << /content-safety/v1/places/9000000000099/safety-status -> {"isSequestered":false,"moderationStatus":"Approved"}
[2026-06-16 14:07:08] >> GET /content-safety/v1/places/9000000000069/safety-status
[2026-06-16 14:07:08] >> GET /content-safety/v1/places/9000000000017/safety-status
[2026-06-16 14:07:08] >> GET /content-safety/v1/places/9000000000065/safety-status
[2026-06-16 14:07:08] << /content-safety/v1/places/9000000000069/safety-status -> {"isSequestered":false,"moderationStatus":"Approved"}
[2026-06-16 14:07:08] << /content-safety/v1/places/9000000000017/safety-status -> {"isSequestered":false,"moderationStatus":"Approved"}
[2026-06-16 14:07:08] >> GET /content-safety/v1/places/9000000000093/safety-status
[2026-06-16 14:07:08] << /content-safety/v1/places/9000000000065/safety-status -> {"isSequestered":false,"moderationStatus":"Approved"}
[2026-06-16 14:07:08] >> GET /content-safety/v1/places/9000000000097/safety-status
[2026-06-16 14:07:08] << /content-safety/v1/places/9000000000093/safety-status -> {"isSequestered":false,"moderationStatus":"Approved"}
[2026-06-16 14:07:08] >> GET /content-safety/v1/places/9000000000081/safety-status
[2026-06-16 14:07:08] << /content-safety/v1/places/9000000000097/safety-status -> {"isSequestered":false,"moderationStatus":"Approved"}
[2026-06-16 14:07:08] >> GET /content-safety/v1/places/9000000000019/safety-status
[2026-06-16 14:07:08] << /content-safety/v1/places/9000000000081/safety-status -> {"isSequestered":false,"moderationStatus":"Approved"}
[2026-06-16 14:07:08] << /content-safety/v1/places/9000000000019/safety-status -> {"isSequestered":false,"moderationStatus":"Approved"}
[2026-06-16 14:07:09] >> GET /content-safety/v1/places/9000000000041/safety-status
[2026-06-16 14:07:09] >> GET /content-safety/v1/places/9000000000031/safety-status
[2026-06-16 14:07:09] >> GET /content-safety/v1/places/9000000000071/safety-status
[2026-06-16 14:07:09] << /content-safety/v1/places/9000000000041/safety-status -> {"isSequestered":false,"moderationStatus":"Approved"}
[2026-06-16 14:07:09] >> GET /content-safety/v1/places/9000000000035/safety-status
[2026-06-16 14:07:09] << /content-safety/v1/places/9000000000031/safety-status -> {"isSequestered":false,"moderationStatus":"Approved"}
[2026-06-16 14:07:09] << /content-safety/v1/places/9000000000071/safety-status -> {"isSequestered":false,"moderationStatus":"Approved"}
[2026-06-16 14:07:09] >> GET /content-safety/v1/places/9000000000003/safety-status
[2026-06-16 14:07:09] << /content-safety/v1/places/9000000000035/safety-status -> {"isSequestered":false,"moderationStatus":"Approved"}
[2026-06-16 14:07:09] >> GET /content-safety/v1/places/9000000000027/safety-status
[2026-06-16 14:07:09] >> GET /content-safety/v1/places/9000000000053/safety-status
[2026-06-16 14:07:09] << /content-safety/v1/places/9000000000003/safety-status -> {"isSequestered":false,"moderationStatus":"Approved"}
[2026-06-16 14:07:09] << /content-safety/v1/places/9000000000027/safety-status -> {"isSequestered":false,"moderationStatus":"Approved"}
[2026-06-16 14:07:09] << /content-safety/v1/places/9000000000053/safety-status -> {"isSequestered":false,"moderationStatus":"Approved"}
[2026-06-16 14:07:09] >> GET /content-safety/v1/places/9000000000023/safety-status
[2026-06-16 14:07:09] >> GET /content-safety/v1/places/9000000000051/safety-status
[2026-06-16 14:07:09] << /content-safety/v1/places/9000000000023/safety-status -> {"isSequestered":false,"moderationStatus":"Approved"}
[2026-06-16 14:07:09] >> GET /content-safety/v1/places/9000000000063/safety-status
[2026-06-16 14:07:09] >> GET /content-safety/v1/places/9000000000045/safety-status
[2026-06-16 14:07:09] << /content-safety/v1/places/9000000000045/safety-status -> {"isSequestered":false,"moderationStatus":"Approved"}
[2026-06-16 14:07:09] >> GET /Thumbs/gameicon.ashx?id=9000000000124
[2026-06-16 14:07:09] << /content-safety/v1/places/9000000000063/safety-status -> {"isSequestered":false,"moderationStatus":"Approved"}
[2026-06-16 14:07:09] >> GET /Thumbs/gameicon.ashx?id=9000000000088
[2026-06-16 14:07:09] << /content-safety/v1/places/9000000000051/safety-status -> {"isSequestered":false,"moderationStatus":"Approved"}
[2026-06-16 14:07:09] >> GET /Thumbs/gameicon.ashx?id=9000000000048
[2026-06-16 14:07:09] >> GET /Thumbs/gameicon.ashx?id=9000000000020
[2026-06-16 14:07:09] >> GET /Thumbs/gameicon.ashx?id=9000000000046
[2026-06-16 14:07:09] >> GET /Thumbs/gameicon.ashx?id=9000000000098
[2026-06-16 14:07:09] >> GET /Thumbs/gameicon.ashx?id=9000000000068
[2026-06-16 14:07:09] >> GET /Thumbs/gameicon.ashx?id=9000000000016
[2026-06-16 14:07:09] >> GET /Thumbs/gameicon.ashx?id=9000000000064
[2026-06-16 14:07:09] >> GET /Thumbs/gameicon.ashx?id=9000000000092
[2026-06-16 14:07:09] >> GET /Thumbs/gameicon.ashx?id=9000000000096
[2026-06-16 14:07:09] >> GET /Thumbs/gameicon.ashx?id=9000000000080
[2026-06-16 14:07:09] >> GET /Thumbs/gameicon.ashx?id=9000000000018
[2026-06-16 14:07:09] >> GET /Thumbs/gameicon.ashx?id=9000000000040
[2026-06-16 14:07:09] >> GET /Thumbs/gameicon.ashx?id=9000000000030
[2026-06-16 14:07:09] >> GET /Thumbs/gameicon.ashx?id=9000000000070
[2026-06-16 14:07:09] >> GET /Thumbs/gameicon.ashx?id=9000000000034
[2026-06-16 14:07:10] >> GET /Thumbs/gameicon.ashx?id=9000000000002
[2026-06-16 14:07:10] >> GET /Thumbs/gameicon.ashx?id=9000000000026
[2026-06-16 14:07:10] >> GET /Thumbs/gameicon.ashx?id=9000000000052
[2026-06-16 14:07:10] >> GET /Thumbs/gameicon.ashx?id=9000000000022
[2026-06-16 14:07:10] >> GET /Thumbs/gameicon.ashx?id=9000000000050
[2026-06-16 14:07:10] >> GET /Thumbs/gameicon.ashx?id=9000000000062
[2026-06-16 14:07:10] >> GET /Thumbs/gameicon.ashx?id=9000000000044
[2026-06-16 14:07:10] >> GET /Thumbs/gameicon.ashx?id=28220420
[2026-06-16 14:07:13] >> POST /offblox/appearance?username=HearMeRoar
[2026-06-16 14:07:13] Avatar: stored appearance for 'HearMeRoar' (userId 14463315, 1266 chars)
[2026-06-16 14:07:13] << /offblox/appearance -> {"ok":true}
[2026-06-16 14:07:13] >> GET /access-management/v1/rcc-user-feature-access?featureNames=CanUseInExperienceChat&userId=14463315&nameSpace=user_comm_safety/UserBehavior&extraParameters=W3sibmFtZSI6InJlYWRGcmVzaERhdGEiLCJ0eXBlIjoiQm9vbGVhbiIsInZhbHVlIjpmYWxzZX1d
[2026-06-16 14:07:13] >> POST /user-blocking-api/v1/users/rcc/get-user-blocking-data
[2026-06-16 14:07:13] >> POST /access-management/v2/rcc-user-feature-evaluation
[2026-06-16 14:07:13] << /access-management/v1/rcc-user-feature-access -> {"featureAccess":[],"data":[]}
[2026-06-16 14:07:13] 404 POST /user-blocking-api/v1/users/rcc/get-user-blocking-data
[2026-06-16 14:07:13] 404 POST /access-management/v2/rcc-user-feature-evaluation
[2026-06-16 14:07:13] >> GET /guac-v2/v1/bundles/app-policy
[2026-06-16 14:07:13] << /user-blocking-api/v1/users/rcc/get-user-blocking-data -> {"errors":[{"code":"NotFound","message":"Not found"}]}
[2026-06-16 14:07:13] << /access-management/v2/rcc-user-feature-evaluation -> {"errors":[{"code":"NotFound","message":"Not found"}]}
[2026-06-16 14:07:13] << /guac-v2/v1/bundles/app-policy -> {"version":"1","bundle":{"name":"studio","configurations":{"Feature_DisableOldCookieManagementSticky":"0;100","Feature_UnifiedCookieProtocolEnabled":"0;100","Feature_UnifiedCookieProtocolEnabledSticky":"0;100","Feature_AccessCookiesWithUrlEnabledSticky":"0;100"},"experiments":{}}}
[2026-06-16 14:07:13] >> GET /v2/persistence/9000000000020/datastores/objects/object?datastore=Wins2015&objectKey=global%2F14463315
[2026-06-16 14:07:13] >> GET /universe-chat-api/v1/universe-chat-settings?userId=14463315&universeId=9000000000020&rccInstanceId=
[2026-06-16 14:07:13] >> GET /v1/asset?id=175728189&xcachesplit=9000000000020
[2026-06-16 14:07:13] >> GET /v2/avatar/avatar-fetch/?placeId=9000000000021&userId=14463315
[2026-06-16 14:07:13] >> GET /v2/users/14463315/groups/roles
[2026-06-16 14:07:13] 404 GET /universe-chat-api/v1/universe-chat-settings
[2026-06-16 14:07:13] << /v2/users/14463315/groups/roles -> {"data":[{"group":{"id":13538101,"name":"GC' Sus Games","memberCount":11,"hasVerifiedBadge":false},"role":{"id":77381526,"name":"Member","rank":1}},{"group":{"id":391929292,"name":"FilteringEnabled=false","memberCount":6,"hasVerifiedBadge":false},"role":{"id":700687000,"name":"Owner","rank":255}},{"group":{"id":4347428,"name":"The State of Mind","memberCount":416796,"hasVerifiedBadge":false},"role":{"id":29322544,"name":"⭐️ Important Member","rank":1}},{"group":{"id":33142130,"name":"Legence Clothes","memberCount":6,"hasVerifiedBadge":false},"role":{"id":101719466,"name":"🎀📝 Love📝","rank":1}},{"group":{"id":13273531,"name":"_RARE NAMES_","memberCount":11049,"hasVerifiedBadge":false},"role":{"id":76113545,"name":"Incredible names","rank":45}},{"group":{"id":5995136,"name":"- Old Roblox Accounts -","memberCount":62907,"hasVerifiedBadge":false},"role":{"id":93679233,"name":"2006 / 2007","rank":170}},{"group":{"id":32818995,"name":"(Project Aincrad SAO)","member
[2026-06-16 14:07:13] >> GET /v1/asset/?id=175728189&permissionContext=ignoreUniverse&xcachesplit=0
[2026-06-16 14:07:13] << /universe-chat-api/v1/universe-chat-settings -> {"errors":[{"code":"NotFound","message":"Not found"}]}
[2026-06-16 14:07:13] >> GET /v2/persistence/9000000000020/datastores/objects/object?datastore=MapSelect&objectKey=global%2F14463315
[2026-06-16 14:07:14] FetchUrl: HTTP 403 for https://assetdelivery.roblox.com/v1/asset/?id=175728189
[2026-06-16 14:07:14] Asset 175728189: fetch failed, falling back to redirect
[2026-06-16 14:07:14] FetchUrl: HTTP 403 for https://assetdelivery.roblox.com/v1/asset/?id=175728189
[2026-06-16 14:07:14] Asset 175728189: fetch failed, falling back to redirect
[2026-06-16 14:07:14] Avatar: batch resolved 0/2 assets
[2026-06-16 14:07:14] >> GET /v1/universes/9000000000020/configuration
[2026-06-16 14:07:14] << /v1/universes/9000000000020/configuration -> {"allowPrivateServers":true,"privateServerPrice":null,"id":9000000000020,"name":"Flood Escape 1.6.5","universeAvatarType":"MorphToR6","universeScaleType":"AllScales","universeAnimationType":"PlayerChoice","universeCollisionType":"OuterBox","universeBodyType":"Standard","universeJointPositioningType":"ArtistIntent","universeAvatarAssetOverrides":[],"universeAvatarMinScales":{"height":0.9,"width":0.7,"head":0.95,"proportion":0,"bodyType":0},"universeAvatarMaxScales":{"height":1.05,"width":1,"head":1,"proportion":1,"bodyType":1},"isArchived":false,"isFriendsOnly":false,"genre":"All","playableDevices":["Computer","Phone","Tablet"],"isForSale":false,"price":0,"isStudioAccessToApisAllowed":true,"privacyType":"Public"}
[2026-06-16 14:07:14] Avatar: batch resolved 0/1 assets
[2026-06-16 14:07:14] >> POST /studio/pbe
[2026-06-16 14:07:14] >> GET /v1/asset/?id=174988382&permissionContext=ignoreUniverse&xcachesplit=0
[2026-06-16 14:07:14] >> GET /v1/asset/?id=174988344&permissionContext=ignoreUniverse&xcachesplit=0
[2026-06-16 14:07:14] >> GET /v1/asset/?id=174984562&permissionContext=ignoreUniverse&xcachesplit=0
[2026-06-16 14:07:14] >> GET /v1/universes/multiget?ids=9000000000124&ids=9000000000088&ids=9000000000048&ids=9000000000020&ids=9000000000046&ids=9000000000098&ids=9000000000068&ids=9000000000016&ids=9000000000064&ids=9000000000092&ids=9000000000096&ids=9000000000080&ids=9000000000018&ids=9000000000040&ids=9000000000030&ids=9000000000070&ids=9000000000034&ids=9000000000002&ids=9000000000026&ids=9000000000052&ids=9000000000022&ids=9000000000050&ids=9000000000062&ids=9000000000044
[2026-06-16 14:07:14] << /studio/pbe -> {}
[2026-06-16 14:07:14] Avatar: batch resolved 0/1 assets
[2026-06-16 14:07:14] << /v2/avatar/avatar-fetch/ -> {"resolvedAvatarType":"R6","equippedGearVersionIds":[],"backpackGearVersionIds":[],"assetAndAssetTypeIds":[{"assetId":86499666,"assetTypeId":27},{"assetId":86499716,"assetTypeId":29},{"assetId":86499698,"assetTypeId":28},{"assetId":86499753,"assetTypeId":30},{"assetId":86499793,"assetTypeId":31},{"assetId":18658405017,"assetTypeId":46},{"assetId":135892587710035,"assetTypeId":8},{"assetId":10804923951,"assetTypeId":67},{"assetId":132133317685629,"assetTypeId":41},{"assetId":14702520072,"assetTypeId":43},{"assetId":11921498664,"assetTypeId":11},{"assetId":140565896620871,"assetTypeId":12},{"assetId":90772666356782,"assetTypeId":79}],"animationAssetIds":{"run":16744214662,"swim":18538158932,"fall":76868289213402,"climb":122281742555667,"jump":114806832298003,"idle":82009039247070,"walk":124733969277188},"bodyColor3s":{"headColor3":"ffcc99","torsoColor3":"ffcc99","rightArmColor3":"ffcc99","leftArmColor3":"ffcc99","rightLegColor3":"ffcc99","leftLegColor3":"ffcc99"},"scales":{"heigh
[2026-06-16 14:07:14] FetchUrl: HTTP 403 for https://assetdelivery.roblox.com/v1/asset/?id=174988382
[2026-06-16 14:07:14] FetchUrl: HTTP 403 for https://assetdelivery.roblox.com/v1/asset/?id=174988344
[2026-06-16 14:07:14] Asset 174988382: fetch failed, falling back to redirect
[2026-06-16 14:07:14] Asset 174988344: fetch failed, falling back to redirect
[2026-06-16 14:07:14] >> POST /v1/persistence/sorted?key=Highscore2015&scope=global&target=14463315
[2026-06-16 14:07:14] DS-v1: M=POST type=sorted rest= ds=Highscore2015 scope=global target=14463315 usnParam=no bodylen=1 body=[1]
[2026-06-16 14:07:14] << /v1/persistence/sorted -> {"value":1,"version":"7","usn":"7"}
[2026-06-16 14:07:14] FetchUrl: HTTP 403 for https://assetdelivery.roblox.com/v1/asset/?id=174984562
[2026-06-16 14:07:14] Asset 174984562: fetch failed, falling back to redirect
[2026-06-16 14:07:14] >> POST /v1.0/SequenceStatistics/BatchAddToSequencesV2?apiKey=76E5A40C-3AE1-4028-9F10-7C62520BD94F
[2026-06-16 14:07:14] >> POST /v1.1/Counters/BatchIncrement?apiKey=76E5A40C-3AE1-4028-9F10-7C62520BD94F
[2026-06-16 14:07:14] << /v1.0/SequenceStatistics/BatchAddToSequencesV2 -> {}
[2026-06-16 14:07:14] << /v1.1/Counters/BatchIncrement -> {}
[2026-06-16 14:07:14] >> POST /v2/persistence/9000000000020/datastores/objects/object?datastore=Wins2015&objectKey=global%2F14463315
[2026-06-16 14:07:14] << /v2/persistence/9000000000020/datastores/objects/object -> {"version":"08DEFED348A9F9B5.0000000004.08DEF9B5AB4EFED3.04","deleted":false,"contentLength":7,"createdTime":"2026-06-16T21:07:14.0000000Z","objectCreatedTime":"2026-06-11T19:17:41Z"}
[2026-06-16 14:07:14] >> GET /player-policy-service/v1/player-policy-client
[2026-06-16 14:07:14] 404 GET /player-policy-service/v1/player-policy-client
[2026-06-16 14:07:14] << /player-policy-service/v1/player-policy-client -> {"errors":[{"code":"NotFound","message":"Not found"}]}
[2026-06-16 14:07:14] >> GET /v1/asset/?id=229526988&permissionContext=ignoreUniverse&xcachesplit=0
[2026-06-16 14:07:14] >> GET /userhub/?id=
[2026-06-16 14:07:14] 404 GET /userhub/
[2026-06-16 14:07:14] << /userhub/ -> {"errors":[{"code":"NotFound","message":"Not found"}]}
[2026-06-16 14:07:15] FetchUrl: HTTP 403 for https://assetdelivery.roblox.com/v1/asset/?id=229526988
[2026-06-16 14:07:15] Asset 229526988: fetch failed, falling back to redirect
[2026-06-16 14:07:15] >> GET /v1/asset/?id=160426818&permissionContext=ignoreUniverse&xcachesplit=0
[2026-06-16 14:07:15] >> GET /v1/asset/?id=265700635&permissionContext=ignoreUniverse&xcachesplit=0
[2026-06-16 14:07:15] >> GET /v1/asset/?id=130777230&permissionContext=ignoreUniverse&xcachesplit=0
[2026-06-16 14:07:15] >> GET /v1/asset/?id=131101318&permissionContext=ignoreUniverse&xcachesplit=0
[2026-06-16 14:07:15] >> GET /v1/asset/?id=175063165&permissionContext=ignoreUniverse&xcachesplit=0
[2026-06-16 14:07:15] >> GET /v1/asset/?id=248892555&permissionContext=ignoreUniverse&xcachesplit=0
[2026-06-16 14:07:15] >> GET /v1/asset/?id=265420675&permissionContext=ignoreUniverse&xcachesplit=0
[2026-06-16 14:07:15] FetchUrl: HTTP 403 for https://assetdelivery.roblox.com/v1/asset/?id=160426818
[2026-06-16 14:07:15] Asset 160426818: fetch failed, falling back to redirect
[2026-06-16 14:07:15] FetchUrl: HTTP 403 for https://assetdelivery.roblox.com/v1/asset/?id=265700635
[2026-06-16 14:07:15] Asset 265700635: fetch failed, falling back to redirect
[2026-06-16 14:07:15] FetchUrl: HTTP 403 for https://assetdelivery.roblox.com/v1/asset/?id=130777230
[2026-06-16 14:07:15] Asset 130777230: fetch failed, falling back to redirect
[2026-06-16 14:07:15] FetchUrl: HTTP 403 for https://assetdelivery.roblox.com/v1/asset/?id=131101318
[2026-06-16 14:07:15] FetchUrl: HTTP 403 for https://assetdelivery.roblox.com/v1/asset/?id=248892555
[2026-06-16 14:07:15] Asset 131101318: fetch failed, falling back to redirect
[2026-06-16 14:07:15] Asset 248892555: fetch failed, falling back to redirect
[2026-06-16 14:07:15] >> GET /v1/asset?id=1080954&contentRepresentationPriorityList=W3siZm9ybWF0IjoiZm1kIiwibWFqb3JWZXJzaW9uIjoiMS4wLjEiLCJmaWRlbGl0eSI6IkFMTCJ9XQ%3D%3D
[2026-06-16 14:07:15] FetchUrl: HTTP 403 for https://assetdelivery.roblox.com/v1/asset/?id=175063165
[2026-06-16 14:07:15] Asset 175063165: fetch failed, falling back to redirect
[2026-06-16 14:07:15] FetchUrl: HTTP 403 for https://assetdelivery.roblox.com/v1/asset/?id=265420675
[2026-06-16 14:07:15] Asset 265420675: fetch failed, falling back to redirect
[2026-06-16 14:07:15] >> POST /v1/batch
[2026-06-16 14:07:15] << /v1/batch -> {"data":[]}
[2026-06-16 14:07:15] >> GET /v1/asset?id=198807364
[2026-06-16 14:07:15] >> GET /v1/asset?id=198807356
[2026-06-16 14:07:15] >> GET /v1/asset?id=110037394&contentRepresentationPriorityList=W3siZm9ybWF0Ijoia3R4MiIsIm1ham9yVmVyc2lvbiI6IjdyZG8iLCJmaWRlbGl0eSI6Ii8vLy8vQUU9In0seyJmb3JtYXQiOiJrdHgyIiwibWFqb3JWZXJzaW9uIjoiNnJkbyIsImZpZGVsaXR5IjoiUUFBPSJ9XQ%3D%3D&doNotFallbackToBaselineRepresentation=true
[2026-06-16 14:07:15] >> GET /v1/asset?id=120191354&contentRepresentationPriorityList=W3siZm9ybWF0Ijoia3R4MiIsIm1ham9yVmVyc2lvbiI6IjdyZG8iLCJmaWRlbGl0eSI6Ii8vLy8vQUU9In0seyJmb3JtYXQiOiJrdHgyIiwibWFqb3JWZXJzaW9uIjoiNnJkbyIsImZpZGVsaXR5IjoiUUFBPSJ9XQ%3D%3D&doNotFallbackToBaselineRepresentation=true
[2026-06-16 14:07:15] Asset 1080954 fetched OK (473549 bytes)
[2026-06-16 14:07:15] >> GET /asset/?hash=9648afba5d3d7f66550213469e074213&contentRepresentationPriorityList=W3siZm9ybWF0IjoiUmVzaWR1YWwiLCJtYWpvclZlcnNpb24iOiIyIiwiZmlkZWxpdHkiOiJPcmlnaW5hbCJ9XQ%3D%3D&doNotFallbackToBaselineRepresentation=true
[2026-06-16 14:07:15] Asset 198807364 fetched OK (36068 bytes)
[2026-06-16 14:07:15] >> GET /v1/asset?id=120191338&contentRepresentationPriorityList=W3siZm9ybWF0Ijoia3R4MiIsIm1ham9yVmVyc2lvbiI6IjdyZG8iLCJmaWRlbGl0eSI6Ii8vLy8vQUU9In0seyJmb3JtYXQiOiJrdHgyIiwibWFqb3JWZXJzaW9uIjoiNnJkbyIsImZpZGVsaXR5IjoiUUFBPSJ9XQ%3D%3D&doNotFallbackToBaselineRepresentation=true
[2026-06-16 14:07:15] Asset 198807356 fetched OK (8001 bytes)
[2026-06-16 14:07:15] >> GET /v1/asset?id=120187463&contentRepresentationPriorityList=W3siZm9ybWF0Ijoia3R4MiIsIm1ham9yVmVyc2lvbiI6IjdyZG8iLCJmaWRlbGl0eSI6Ii8vLy8vQUU9In0seyJmb3JtYXQiOiJrdHgyIiwibWFqb3JWZXJzaW9uIjoiNnJkbyIsImZpZGVsaXR5IjoiUUFBPSJ9XQ%3D%3D&doNotFallbackToBaselineRepresentation=true
[2026-06-16 14:07:15] Asset 120191338 fetched OK (25101 bytes)
[2026-06-16 14:07:15] Asset 120191354 fetched OK (25542 bytes)
[2026-06-16 14:07:15] Asset 120187463 fetched OK (26840 bytes)
[2026-06-16 14:07:15] >> GET /v1/asset?id=122784224&contentRepresentationPriorityList=W3siZm9ybWF0Ijoia3R4MiIsIm1ham9yVmVyc2lvbiI6IjdyZG8iLCJmaWRlbGl0eSI6Ii8vLy8vQUU9In0seyJmb3JtYXQiOiJrdHgyIiwibWFqb3JWZXJzaW9uIjoiNnJkbyIsImZpZGVsaXR5IjoiUUFBPSJ9XQ%3D%3D&doNotFallbackToBaselineRepresentation=true
[2026-06-16 14:07:15] >> GET /v1/asset?id=68081793&contentRepresentationPriorityList=W3siZm9ybWF0Ijoia3R4MiIsIm1ham9yVmVyc2lvbiI6IjdyZG8iLCJmaWRlbGl0eSI6Ii8vLy8vQUU9In0seyJmb3JtYXQiOiJrdHgyIiwibWFqb3JWZXJzaW9uIjoiNnJkbyIsImZpZGVsaXR5IjoiUUFBPSJ9XQ%3D%3D&doNotFallbackToBaselineRepresentation=true
[2026-06-16 14:07:15] >> GET /v1/asset?id=116570434&contentRepresentationPriorityList=W3siZm9ybWF0Ijoia3R4MiIsIm1ham9yVmVyc2lvbiI6IjdyZG8iLCJmaWRlbGl0eSI6Ii8vLy8vQUU9In0seyJmb3JtYXQiOiJrdHgyIiwibWFqb3JWZXJzaW9uIjoiNnJkbyIsImZpZGVsaXR5IjoiUUFBPSJ9XQ%3D%3D&doNotFallbackToBaselineRepresentation=true
[2026-06-16 14:07:15] Asset 110037394 fetched OK (1943 bytes)
[2026-06-16 14:07:15] >> GET /v1/asset/?id=143903221&permissionContext=ignoreUniverse&xcachesplit=0
[2026-06-16 14:07:16] >> GET /v1/asset/?id=143903248&permissionContext=ignoreUniverse&xcachesplit=0
[2026-06-16 14:07:16] >> GET /v1/asset/?id=249049117&permissionContext=ignoreUniverse&xcachesplit=0
[2026-06-16 14:07:16] FetchUrl: HTTP 403 for https://assetdelivery.roblox.com/v1/asset/?id=143903221
[2026-06-16 14:07:16] Asset 143903221: fetch failed, falling back to redirect
[2026-06-16 14:07:16] Asset 122784224 fetched OK (90754 bytes)
[2026-06-16 14:07:16] Asset 116570434 fetched OK (30235 bytes)
[2026-06-16 14:07:16] >> GET /v1/universes/multiget/teamcreate?ids=9000000000124&ids=9000000000088&ids=9000000000048&ids=9000000000020&ids=9000000000046&ids=9000000000098&ids=9000000000068&ids=9000000000016&ids=9000000000064&ids=9000000000092&ids=9000000000096&ids=9000000000080&ids=9000000000018&ids=9000000000040&ids=9000000000030&ids=9000000000070&ids=9000000000034&ids=9000000000002&ids=9000000000026&ids=9000000000052&ids=9000000000022&ids=9000000000050&ids=9000000000062&ids=9000000000044
[2026-06-16 14:07:16] TeamCreate stub (disabled): GET /v1/universes/multiget/teamcreate
[2026-06-16 14:07:16] << /v1/universes/multiget/teamcreate -> {"data":[{"id":9000000000124,"isEnabled":false},{"id":9000000000088,"isEnabled":false},{"id":9000000000048,"isEnabled":false},{"id":9000000000020,"isEnabled":false},{"id":9000000000046,"isEnabled":false},{"id":9000000000098,"isEnabled":false},{"id":9000000000068,"isEnabled":false},{"id":9000000000016,"isEnabled":false},{"id":9000000000064,"isEnabled":false},{"id":9000000000092,"isEnabled":false},{"id":9000000000096,"isEnabled":false},{"id":9000000000080,"isEnabled":false},{"id":9000000000018,"isEnabled":false},{"id":9000000000040,"isEnabled":false},{"id":9000000000030,"isEnabled":false},{"id":9000000000070,"isEnabled":false},{"id":9000000000034,"isEnabled":false},{"id":9000000000002,"isEnabled":false},{"id":9000000000026,"isEnabled":false},{"id":9000000000052,"isEnabled":false},{"id":9000000000022,"isEnabled":false},{"id":9000000000050,"isEnabled":false},{"id":9000000000062,"isEnabled":false},{"id":9000000000044,"isEnabled":false}]}
[2026-06-16 14:07:16] Asset 68081793 fetched OK (76648 bytes)
[2026-06-16 14:07:16] >> GET /v2/assets/179997786/details
[2026-06-16 14:07:16] << /v2/assets/179997786/details -> {"TargetId":179997786,"AssetId":179997786,"ProductId":179997786,"assetId":179997786,"id":179997786,"Id":179997786,"TargetPlaceId":179997786,"PlaceId":179997786,"ProductType":"User Product","Name":"Baseplate","Description":"","AssetTypeId":9,"assetTypeId":9,"Creator":{"Id":14463315,"Name":"HearMeRoar","CreatorType":"User","CreatorTargetId":14463315,"HasVerifiedBadge":false,"id":14463315,"type":1,"creatorType":"User","creatorTargetId":14463315},"IconImageAssetId":0,"Created":"2022-05-11T13:27:09.897Z","Updated":"2022-06-19T07:23:39.03Z","created":"2022-05-11T13:27:09.897Z","updated":"2022-06-19T07:23:39.03Z","PriceInRobux":null,"Sales":0,"IsNew":false,"IsForSale":false,"IsPublicDomain":true,"IsLimited":false,"IsLimitedUnique":false,"isPublic":true,"isForSale":false,"isLimited":false,"isLimitedUnique":false,"enableComments":false}
[2026-06-16 14:07:16] FetchUrl: HTTP 403 for https://assetdelivery.roblox.com/v1/asset/?id=143903248
[2026-06-16 14:07:16] Asset 143903248: fetch failed, falling back to redirect
[2026-06-16 14:07:16] Asset 249049117 fetched OK (3807 bytes)
[2026-06-16 14:07:16] >> POST /v1.0/SequenceStatistics/BatchAddToSequencesV2?apiKey=76E5A40C-3AE1-4028-9F10-7C62520BD94F
[2026-06-16 14:07:16] << /v1.0/SequenceStatistics/BatchAddToSequencesV2 -> {}
[2026-06-16 14:07:16] >> POST /v1.1/Counters/BatchIncrement?apiKey=76E5A40C-3AE1-4028-9F10-7C62520BD94F
[2026-06-16 14:07:16] >> GET /player-policy-service/v1/player-policy-client
[2026-06-16 14:07:16] << /v1.1/Counters/BatchIncrement -> {}
[2026-06-16 14:07:16] 404 GET /player-policy-service/v1/player-policy-client
[2026-06-16 14:07:16] << /player-policy-service/v1/player-policy-client -> {"errors":[{"code":"NotFound","message":"Not found"}]}
[2026-06-16 14:07:16] >> GET /v1/users/14463315/items/asset/179997786/is-owned
[2026-06-16 14:07:16] << /v1/users/14463315/items/asset/179997786/is-owned -> false
[2026-06-16 14:07:16] >> GET /v1/users/14463315/badges/80657745/awarded-date
[2026-06-16 14:07:16] << /v1/users/14463315/badges/80657745/awarded-date -> {"badgeId":80657745,"awardedDate":null}
[2026-06-16 14:07:17] >> GET /v2/assets/113059724/details
[2026-06-16 14:07:17] << /v2/assets/113059724/details -> {"TargetId":113059724,"AssetId":113059724,"ProductId":113059724,"assetId":113059724,"id":113059724,"Id":113059724,"TargetPlaceId":113059724,"PlaceId":113059724,"ProductType":"User Product","Name":"Baseplate","Description":"","AssetTypeId":9,"assetTypeId":9,"Creator":{"Id":14463315,"Name":"HearMeRoar","CreatorType":"User","CreatorTargetId":14463315,"HasVerifiedBadge":false,"id":14463315,"type":1,"creatorType":"User","creatorTargetId":14463315},"IconImageAssetId":0,"Created":"2022-05-11T13:27:09.897Z","Updated":"2022-06-19T07:23:39.03Z","created":"2022-05-11T13:27:09.897Z","updated":"2022-06-19T07:23:39.03Z","PriceInRobux":null,"Sales":0,"IsNew":false,"IsForSale":false,"IsPublicDomain":true,"IsLimited":false,"IsLimitedUnique":false,"isPublic":true,"isForSale":false,"isLimited":false,"isLimitedUnique":false,"enableComments":false}
[2026-06-16 14:07:17] >> GET /v1/users/14463315/items/asset/113059724/is-owned
[2026-06-16 14:07:17] << /v1/users/14463315/items/asset/113059724/is-owned -> false
[2026-06-16 14:07:17] >> GET /v2/assets/122759935/details
[2026-06-16 14:07:17] << /v2/assets/122759935/details -> {"TargetId":122759935,"AssetId":122759935,"ProductId":122759935,"assetId":122759935,"id":122759935,"Id":122759935,"TargetPlaceId":122759935,"PlaceId":122759935,"ProductType":"User Product","Name":"Baseplate","Description":"","AssetTypeId":9,"assetTypeId":9,"Creator":{"Id":14463315,"Name":"HearMeRoar","CreatorType":"User","CreatorTargetId":14463315,"HasVerifiedBadge":false,"id":14463315,"type":1,"creatorType":"User","creatorTargetId":14463315},"IconImageAssetId":0,"Created":"2022-05-11T13:27:09.897Z","Updated":"2022-06-19T07:23:39.03Z","created":"2022-05-11T13:27:09.897Z","updated":"2022-06-19T07:23:39.03Z","PriceInRobux":null,"Sales":0,"IsNew":false,"IsForSale":false,"IsPublicDomain":true,"IsLimited":false,"IsLimitedUnique":false,"isPublic":true,"isForSale":false,"isLimited":false,"isLimitedUnique":false,"enableComments":false}
[2026-06-16 14:07:17] >> GET /player-policy-service/v1/player-policy-client
[2026-06-16 14:07:17] 404 GET /player-policy-service/v1/player-policy-client
[2026-06-16 14:07:17] << /player-policy-service/v1/player-policy-client -> {"errors":[{"code":"NotFound","message":"Not found"}]}
[2026-06-16 14:07:17] >> GET /v1/users/14463315/items/asset/122759935/is-owned
[2026-06-16 14:07:17] << /v1/users/14463315/items/asset/122759935/is-owned -> false
[2026-06-16 14:07:17] >> GET /v2/assets/237714537/details
[2026-06-16 14:07:17] << /v2/assets/237714537/details -> {"TargetId":237714537,"AssetId":237714537,"ProductId":237714537,"assetId":237714537,"id":237714537,"Id":237714537,"TargetPlaceId":237714537,"PlaceId":237714537,"ProductType":"User Product","Name":"Baseplate","Description":"","AssetTypeId":9,"assetTypeId":9,"Creator":{"Id":14463315,"Name":"HearMeRoar","CreatorType":"User","CreatorTargetId":14463315,"HasVerifiedBadge":false,"id":14463315,"type":1,"creatorType":"User","creatorTargetId":14463315},"IconImageAssetId":0,"Created":"2022-05-11T13:27:09.897Z","Updated":"2022-06-19T07:23:39.03Z","created":"2022-05-11T13:27:09.897Z","updated":"2022-06-19T07:23:39.03Z","PriceInRobux":null,"Sales":0,"IsNew":false,"IsForSale":false,"IsPublicDomain":true,"IsLimited":false,"IsLimitedUnique":false,"isPublic":true,"isForSale":false,"isLimited":false,"isLimitedUnique":false,"enableComments":false}
[2026-06-16 14:07:18] >> GET /asset/?hash=9648afba5d3d7f66550213469e074213&contentRepresentationPriorityList=W3siZm9ybWF0IjoiT3JpZ2luYWwiLCJtYWpvclZlcnNpb24iOiJPcmlnaW5hbCIsImZpZGVsaXR5IjoiT3JpZ2luYWwifV0%3D
[2026-06-16 14:07:18] >> GET /v1/users/14463315/items/asset/237714537/is-owned
[2026-06-16 14:07:18] << /v1/users/14463315/items/asset/237714537/is-owned -> false
[2026-06-16 14:07:18] >> GET /v2/assets/231103379/details
[2026-06-16 14:07:18] << /v2/assets/231103379/details -> {"TargetId":231103379,"AssetId":231103379,"ProductId":231103379,"assetId":231103379,"id":231103379,"Id":231103379,"TargetPlaceId":231103379,"PlaceId":231103379,"ProductType":"User Product","Name":"Baseplate","Description":"","AssetTypeId":9,"assetTypeId":9,"Creator":{"Id":14463315,"Name":"HearMeRoar","CreatorType":"User","CreatorTargetId":14463315,"HasVerifiedBadge":false,"id":14463315,"type":1,"creatorType":"User","creatorTargetId":14463315},"IconImageAssetId":0,"Created":"2022-05-11T13:27:09.897Z","Updated":"2022-06-19T07:23:39.03Z","created":"2022-05-11T13:27:09.897Z","updated":"2022-06-19T07:23:39.03Z","PriceInRobux":null,"Sales":0,"IsNew":false,"IsForSale":false,"IsPublicDomain":true,"IsLimited":false,"IsLimitedUnique":false,"isPublic":true,"isForSale":false,"isLimited":false,"isLimitedUnique":false,"enableComments":false}
[2026-06-16 14:07:18] >> GET /v1/users/14463315/items/asset/231103379/is-owned
[2026-06-16 14:07:18] << /v1/users/14463315/items/asset/231103379/is-owned -> false
[2026-06-16 14:07:18] >> POST /v1.1/Counters/BatchIncrement?apiKey=76E5A40C-3AE1-4028-9F10-7C62520BD94F
[2026-06-16 14:07:18] >> POST /v1.0/SequenceStatistics/BatchAddToSequencesV2?apiKey=76E5A40C-3AE1-4028-9F10-7C62520BD94F
[2026-06-16 14:07:18] >> POST /studio/pbe
[2026-06-16 14:07:18] >> POST /timespent/pbe
[2026-06-16 14:07:18] >> POST /experience-signals-ingest/public/v1/events/single
[2026-06-16 14:07:18] << /v1.1/Counters/BatchIncrement -> {}
[2026-06-16 14:07:18] << /v1.0/SequenceStatistics/BatchAddToSequencesV2 -> {}
[2026-06-16 14:07:18] << /studio/pbe -> {}
[2026-06-16 14:07:18] << /timespent/pbe -> {}
[2026-06-16 14:07:18] << /experience-signals-ingest/public/v1/events/single -> {}
[2026-06-16 14:07:19] >> GET /player-policy-service/v1/player-policy-client
[2026-06-16 14:07:19] 404 GET /player-policy-service/v1/player-policy-client
[2026-06-16 14:07:19] << /player-policy-service/v1/player-policy-client -> {"errors":[{"code":"NotFound","message":"Not found"}]}
[2026-06-16 14:07:20] >> POST /product-experimentation-platform/v1/projects/1/values
[2026-06-16 14:07:20] << /product-experimentation-platform/v1/projects/1/values -> {"assignments":[]}
[2026-06-16 14:07:20] >> GET /v1/settings
[2026-06-16 14:07:20] << /v1/settings -> {"isVoiceEnabled":true,"isUserOptIn":true,"isUserEligible":true,"isBanned":false,"banReason":0,"bannedUntil":null,"canVerifyAgeForVoice":true,"isVerifiedForVoice":true,"denialReason":0,"isOptInDisabled":false,"hasEverOpted":true,"isAvatarVideoEnabled":true,"isAvatarVideoOptIn":true,"isAvatarVideoOptInDisabled":false,"isAvatarVideoEligible":true,"hasEverOptedAvatarVideo":true,"userHasAvatarCameraAlwaysAvailable":true,"canVerifyPhoneForVoice":true,"seamlessVoiceStatus":1,"allowVoiceDataUsage":true,"seamlessVoiceVariant":""}
[2026-06-16 14:07:20] >> GET /v1/settings
[2026-06-16 14:07:20] << /v1/settings -> {"isVoiceEnabled":true,"isUserOptIn":true,"isUserEligible":true,"isBanned":false,"banReason":0,"bannedUntil":null,"canVerifyAgeForVoice":true,"isVerifiedForVoice":true,"denialReason":0,"isOptInDisabled":false,"hasEverOpted":true,"isAvatarVideoEnabled":true,"isAvatarVideoOptIn":true,"isAvatarVideoOptInDisabled":false,"isAvatarVideoEligible":true,"hasEverOptedAvatarVideo":true,"userHasAvatarCameraAlwaysAvailable":true,"canVerifyPhoneForVoice":true,"seamlessVoiceStatus":1,"allowVoiceDataUsage":true,"seamlessVoiceVariant":""}
[2026-06-16 14:07:20] >> GET /v2/users/14463315/groups/roles
[2026-06-16 14:07:20] << /v2/users/14463315/groups/roles -> {"data":[{"group":{"id":13538101,"name":"GC' Sus Games","memberCount":11,"hasVerifiedBadge":false},"role":{"id":77381526,"name":"Member","rank":1}},{"group":{"id":391929292,"name":"FilteringEnabled=false","memberCount":6,"hasVerifiedBadge":false},"role":{"id":700687000,"name":"Owner","rank":255}},{"group":{"id":4347428,"name":"The State of Mind","memberCount":416796,"hasVerifiedBadge":false},"role":{"id":29322544,"name":"⭐️ Important Member","rank":1}},{"group":{"id":33142130,"name":"Legence Clothes","memberCount":6,"hasVerifiedBadge":false},"role":{"id":101719466,"name":"🎀📝 Love📝","rank":1}},{"group":{"id":13273531,"name":"_RARE NAMES_","memberCount":11049,"hasVerifiedBadge":false},"role":{"id":76113545,"name":"Incredible names","rank":45}},{"group":{"id":5995136,"name":"- Old Roblox Accounts -","memberCount":62907,"hasVerifiedBadge":false},"role":{"id":93679233,"name":"2006 / 2007","rank":170}},{"group":{"id":32818995,"name":"(Project Aincrad SAO)","member
[2026-06-16 14:07:23] >> POST /user-heartbeats-api/pulse
[2026-06-16 14:07:23] << /user-heartbeats-api/pulse -> {"accounts": [{"username": "HearMeRoar","robloxCookie": "","pulseInterval": 30000,"enableLogging": true}],"globalConfig": {"retryAttempts": 3,"retryDelay": 5000}}
[2026-06-16 14:07:27] >> POST /v1.1/Counters/BatchIncrement?apiKey=76E5A40C-3AE1-4028-9F10-7C62520BD94F
[2026-06-16 14:07:27] >> POST /v1.0/SequenceStatistics/BatchAddToSequencesV2?apiKey=76E5A40C-3AE1-4028-9F10-7C62520BD94F
[2026-06-16 14:07:27] >> POST /timespent/pbe
[2026-06-16 14:07:27] >> POST /studio/pbe
[2026-06-16 14:07:27] >> POST /client/pbe
[2026-06-16 14:07:27] >> POST /experience-signals-ingest/public/v1/events/single
[2026-06-16 14:07:27] << /v1.1/Counters/BatchIncrement -> {}
[2026-06-16 14:07:27] << /v1.0/SequenceStatistics/BatchAddToSequencesV2 -> {}
[2026-06-16 14:07:27] << /timespent/pbe -> {}
[2026-06-16 14:07:27] << /studio/pbe -> {}
[2026-06-16 14:07:27] << /client/pbe -> {}
[2026-06-16 14:07:27] << /experience-signals-ingest/public/v1/events/single -> {}
[2026-06-16 14:07:31] >> POST /user-heartbeats-api/pulse
[2026-06-16 14:07:31] << /user-heartbeats-api/pulse -> {"accounts": [{"username": "HearMeRoar","robloxCookie": "","pulseInterval": 30000,"enableLogging": true}],"globalConfig": {"retryAttempts": 3,"retryDelay": 5000}}
[2026-06-16 14:07:36] >> GET /v1/asset?id=205268500
[2026-06-16 14:07:36] Asset 205268500 fetched OK (476298 bytes)
[2026-06-16 14:07:37] >> GET /userhub/?id=
[2026-06-16 14:07:37] 404 GET /userhub/
[2026-06-16 14:07:37] << /userhub/ -> {"errors":[{"code":"NotFound","message":"Not found"}]}
[2026-06-16 14:07:45] >> GET /userhub/?id=
[2026-06-16 14:07:45] 404 GET /userhub/
[2026-06-16 14:07:45] << /userhub/ -> {"errors":[{"code":"NotFound","message":"Not found"}]}
[2026-06-16 14:07:45] >> POST /v1.0/SequenceStatistics/BatchAddToSequencesV2?apiKey=76E5A40C-3AE1-4028-9F10-7C62520BD94F
[2026-06-16 14:07:45] << /v1.0/SequenceStatistics/BatchAddToSequencesV2 -> {}
[2026-06-16 14:07:45] >> POST /v1.1/Counters/BatchIncrement?apiKey=76E5A40C-3AE1-4028-9F10-7C62520BD94F
[2026-06-16 14:07:45] << /v1.1/Counters/BatchIncrement -> {}
[2026-06-16 14:07:48] >> POST /v1.0/SequenceStatistics/BatchAddToSequencesV2?apiKey=76E5A40C-3AE1-4028-9F10-7C62520BD94F
[2026-06-16 14:07:48] << /v1.0/SequenceStatistics/BatchAddToSequencesV2 -> {}
[2026-06-16 14:07:48] >> POST /v1.1/Counters/BatchIncrement?apiKey=76E5A40C-3AE1-4028-9F10-7C62520BD94F
[2026-06-16 14:07:48] >> POST /v1.0/SequenceStatistics/BatchAddToSequencesV2?apiKey=76E5A40C-3AE1-4028-9F10-7C62520BD94F
[2026-06-16 14:07:48] >> POST /timespent/pbe
[2026-06-16 14:07:48] >> POST /experience-signals-ingest/public/v1/events/single
[2026-06-16 14:07:48] << /v1.1/Counters/BatchIncrement -> {}
[2026-06-16 14:07:48] << /v1.0/SequenceStatistics/BatchAddToSequencesV2 -> {}
[2026-06-16 14:07:48] << /timespent/pbe -> {}
[2026-06-16 14:07:48] << /experience-signals-ingest/public/v1/events/single -> {}
[2026-06-16 14:07:49] >> POST /v1.1/Counters/BatchIncrement?apiKey=76E5A40C-3AE1-4028-9F10-7C62520BD94F
[2026-06-16 14:07:49] << /v1.1/Counters/BatchIncrement -> {}
[2026-06-16 14:07:50] >> POST /v1.1/Counters/BatchIncrement?apiKey=76E5A40C-3AE1-4028-9F10-7C62520BD94F
[2026-06-16 14:07:50] << /v1.1/Counters/BatchIncrement -> {}
[2026-06-16 14:07:53] >> POST /user-heartbeats-api/pulse
[2026-06-16 14:07:53] << /user-heartbeats-api/pulse -> {"accounts": [{"username": "HearMeRoar","robloxCookie": "","pulseInterval": 30000,"enableLogging": true}],"globalConfig": {"retryAttempts": 3,"retryDelay": 5000}}
[2026-06-16 14:07:55] >> GET /userhub/?id=
[2026-06-16 14:07:55] 404 GET /userhub/
[2026-06-16 14:07:55] << /userhub/ -> {"errors":[{"code":"NotFound","message":"Not found"}]}
[2026-06-16 14:07:57] >> POST /v1.0/SequenceStatistics/BatchAddToSequencesV2?apiKey=76E5A40C-3AE1-4028-9F10-7C62520BD94F
[2026-06-16 14:07:57] >> POST /timespent/pbe
[2026-06-16 14:07:57] >> POST /studio/pbe
[2026-06-16 14:07:57] >> POST /experience-signals-ingest/public/v1/events/single
[2026-06-16 14:07:57] << /v1.0/SequenceStatistics/BatchAddToSequencesV2 -> {}
[2026-06-16 14:07:57] << /timespent/pbe -> {}
[2026-06-16 14:07:57] << /studio/pbe -> {}
[2026-06-16 14:07:57] << /experience-signals-ingest/public/v1/events/single -> {}
[2026-06-16 14:07:57] >> POST /experience-signals-ingest/rcc/v1/events/uniform
[2026-06-16 14:07:57] << /experience-signals-ingest/rcc/v1/events/uniform -> {}
[2026-06-16 14:07:58] >> POST /v1.0/SequenceStatistics/BatchAddToSequencesV2?apiKey=76E5A40C-3AE1-4028-9F10-7C62520BD94F
[2026-06-16 14:07:58] << /v1.0/SequenceStatistics/BatchAddToSequencesV2 -> {}
[2026-06-16 14:07:58] >> POST /v1.1/Counters/BatchIncrement?apiKey=76E5A40C-3AE1-4028-9F10-7C62520BD94F
[2026-06-16 14:07:58] << /v1.1/Counters/BatchIncrement -> {}
[2026-06-16 14:08:01] >> POST /user-heartbeats-api/pulse
[2026-06-16 14:08:01] << /user-heartbeats-api/pulse -> {"accounts": [{"username": "HearMeRoar","robloxCookie": "","pulseInterval": 30000,"enableLogging": true}],"globalConfig": {"retryAttempts": 3,"retryDelay": 5000}}
[2026-06-16 14:08:02] >> GET /v1/asset?id=118041458&contentRepresentationPriorityList=W3siZm9ybWF0Ijoia3R4MiIsIm1ham9yVmVyc2lvbiI6IjdyZG8iLCJmaWRlbGl0eSI6Ii8vLy8vQUU9In0seyJmb3JtYXQiOiJrdHgyIiwibWFqb3JWZXJzaW9uIjoiNnJkbyIsImZpZGVsaXR5IjoiUUFBPSJ9XQ%3D%3D&doNotFallbackToBaselineRepresentation=true
[2026-06-16 14:08:02] >> GET /v1/asset?id=59595826&contentRepresentationPriorityList=W3siZm9ybWF0Ijoia3R4MiIsIm1ham9yVmVyc2lvbiI6IjdyZG8iLCJmaWRlbGl0eSI6Ii8vLy8vQUU9In0seyJmb3JtYXQiOiJrdHgyIiwibWFqb3JWZXJzaW9uIjoiNnJkbyIsImZpZGVsaXR5IjoiUUFBPSJ9XQ%3D%3D&doNotFallbackToBaselineRepresentation=true
[2026-06-16 14:08:03] >> GET /userhub/?id=
[2026-06-16 14:08:03] 404 GET /userhub/
[2026-06-16 14:08:03] << /userhub/ -> {"errors":[{"code":"NotFound","message":"Not found"}]}
[2026-06-16 14:08:03] Asset 59595826 fetched OK (55024 bytes)
[2026-06-16 14:08:03] Asset 118041458 fetched OK (15777 bytes)
[2026-06-16 14:08:03] >> GET /v1/asset?id=118041458&contentRepresentationPriorityList=W3siZm9ybWF0Ijoia3R4MiIsIm1ham9yVmVyc2lvbiI6IjdyZG8iLCJmaWRlbGl0eSI6Ii8vLy8vQUU9In0seyJmb3JtYXQiOiJrdHgyIiwibWFqb3JWZXJzaW9uIjoiNnJkbyIsImZpZGVsaXR5IjoiUUFBPSJ9XQ%3D%3D&doNotFallbackToBaselineRepresentation=true
[2026-06-16 14:08:03] >> GET /v1/asset?id=62892825&contentRepresentationPriorityList=W3siZm9ybWF0Ijoia3R4MiIsIm1ham9yVmVyc2lvbiI6IjdyZG8iLCJmaWRlbGl0eSI6Ii8vLy8vQUU9In0seyJmb3JtYXQiOiJrdHgyIiwibWFqb3JWZXJzaW9uIjoiNnJkbyIsImZpZGVsaXR5IjoiUUFBPSJ9XQ%3D%3D&doNotFallbackToBaselineRepresentation=true
[2026-06-16 14:08:03] >> GET /v1/asset?id=62318563&contentRepresentationPriorityList=W3siZm9ybWF0Ijoia3R4MiIsIm1ham9yVmVyc2lvbiI6IjdyZG8iLCJmaWRlbGl0eSI6Ii8vLy8vQUU9In0seyJmb3JtYXQiOiJrdHgyIiwibWFqb3JWZXJzaW9uIjoiNnJkbyIsImZpZGVsaXR5IjoiUUFBPSJ9XQ%3D%3D&doNotFallbackToBaselineRepresentation=true
[2026-06-16 14:08:03] >> GET /v1/asset?id=156455255
[2026-06-16 14:08:03] >> GET /subscriptions/v2/products?productType=Blackbird&includePurchased=false
[2026-06-16 14:08:03] >> GET /v1/user/currency
[2026-06-16 14:08:03] >> GET /developer-products/v1/developer-products/batch?productIds=19194396
[2026-06-16 14:08:03] << /subscriptions/v2/products -> {"data":[],"hasMoreData":false,"nextPageCursor":null}
[2026-06-16 14:08:03] >> GET /v1/asset?id=62318563&contentRepresentationPriorityList=W3siZm9ybWF0Ijoia3R4MiIsIm1ham9yVmVyc2lvbiI6IjdyZG8iLCJmaWRlbGl0eSI6Ii8vLy8vQUU9In0seyJmb3JtYXQiOiJrdHgyIiwibWFqb3JWZXJzaW9uIjoiNnJkbyIsImZpZGVsaXR5IjoiUUFBPSJ9XQ%3D%3D&doNotFallbackToBaselineRepresentation=true
[2026-06-16 14:08:03] << /v1/user/currency -> {"robux":9999999999}
[2026-06-16 14:08:03] 404 GET /developer-products/v1/developer-products/batch
[2026-06-16 14:08:03] << /developer-products/v1/developer-products/batch -> {"errors":[{"code":"NotFound","message":"Not found"}]}
[2026-06-16 14:08:03] Asset 118041458 fetched OK (15777 bytes)
[2026-06-16 14:08:03] Asset 62318563 fetched OK (13444 bytes)
[2026-06-16 14:08:03] Asset 62318563 fetched OK (13444 bytes)
[2026-06-16 14:08:03] Asset 62892825 fetched OK (5593 bytes)
[2026-06-16 14:08:03] Asset 156455255 fetched OK (95362 bytes)
[2026-06-16 14:08:03] >> GET /v1/asset?id=62892825&contentRepresentationPriorityList=W3siZm9ybWF0Ijoia3R4MiIsIm1ham9yVmVyc2lvbiI6IjdyZG8iLCJmaWRlbGl0eSI6Ii8vLy8vQUU9In0seyJmb3JtYXQiOiJrdHgyIiwibWFqb3JWZXJzaW9uIjoiNnJkbyIsImZpZGVsaXR5IjoiUUFBPSJ9XQ%3D%3D&doNotFallbackToBaselineRepresentation=true
[2026-06-16 14:08:03] Asset 62892825 fetched OK (5593 bytes)
[2026-06-16 14:08:03] >> GET /v1/asset?id=59595826&contentRepresentationPriorityList=W3siZm9ybWF0Ijoia3R4MiIsIm1ham9yVmVyc2lvbiI6IjdyZG8iLCJmaWRlbGl0eSI6Ii8vLy8vQUU9In0seyJmb3JtYXQiOiJrdHgyIiwibWFqb3JWZXJzaW9uIjoiNnJkbyIsImZpZGVsaXR5IjoiUUFBPSJ9XQ%3D%3D&doNotFallbackToBaselineRepresentation=true
[2026-06-16 14:08:04] Asset 59595826 fetched OK (55024 bytes)
[2026-06-16 14:08:18] >> POST /v1.1/Counters/BatchIncrement?apiKey=76E5A40C-3AE1-4028-9F10-7C62520BD94F
[2026-06-16 14:08:18] >> POST /v1.0/SequenceStatistics/BatchAddToSequencesV2?apiKey=76E5A40C-3AE1-4028-9F10-7C62520BD94F
[2026-06-16 14:08:18] >> POST /timespent/pbe
[2026-06-16 14:08:18] >> POST /experience-signals-ingest/public/v1/events/single
[2026-06-16 14:08:18] << /v1.1/Counters/BatchIncrement -> {}
[2026-06-16 14:08:18] << /v1.0/SequenceStatistics/BatchAddToSequencesV2 -> {}
[2026-06-16 14:08:18] << /timespent/pbe -> {}
[2026-06-16 14:08:19] << /experience-signals-ingest/public/v1/events/single -> {}
[2026-06-16 14:08:23] >> POST /user-heartbeats-api/pulse
[2026-06-16 14:08:23] << /user-heartbeats-api/pulse -> {"accounts": [{"username": "HearMeRoar","robloxCookie": "","pulseInterval": 30000,"enableLogging": true}],"globalConfig": {"retryAttempts": 3,"retryDelay": 5000}}
[2026-06-16 14:08:25] >> GET /userhub/?id=
[2026-06-16 14:08:25] 404 GET /userhub/
[2026-06-16 14:08:25] << /userhub/ -> {"errors":[{"code":"NotFound","message":"Not found"}]}
[2026-06-16 14:08:27] >> POST /v1.1/Counters/BatchIncrement?apiKey=76E5A40C-3AE1-4028-9F10-7C62520BD94F
[2026-06-16 14:08:27] >> POST /v1.0/SequenceStatistics/BatchAddToSequencesV2?apiKey=76E5A40C-3AE1-4028-9F10-7C62520BD94F
[2026-06-16 14:08:27] >> POST /timespent/pbe
[2026-06-16 14:08:27] >> POST /studio/pbe
[2026-06-16 14:08:27] >> POST /experience-signals-ingest/public/v1/events/single
[2026-06-16 14:08:27] << /v1.1/Counters/BatchIncrement -> {}
[2026-06-16 14:08:27] << /v1.0/SequenceStatistics/BatchAddToSequencesV2 -> {}
[2026-06-16 14:08:27] << /timespent/pbe -> {}
[2026-06-16 14:08:27] << /studio/pbe -> {}
[2026-06-16 14:08:27] << /experience-signals-ingest/public/v1/events/single -> {}
[2026-06-16 14:08:30] >> GET /v1/asset?id=109746627
[2026-06-16 14:08:30] Asset 109746627 fetched OK (33218 bytes)
[2026-06-16 14:08:31] >> POST /user-heartbeats-api/pulse
[2026-06-16 14:08:31] << /user-heartbeats-api/pulse -> {"accounts": [{"username": "HearMeRoar","robloxCookie": "","pulseInterval": 30000,"enableLogging": true}],"globalConfig": {"retryAttempts": 3,"retryDelay": 5000}}
[2026-06-16 14:08:33] >> GET /v1/asset?id=175728189&xcachesplit=9000000000020
[2026-06-16 14:08:33] >> GET /v1/asset/?id=175728189&permissionContext=ignoreUniverse&xcachesplit=0
[2026-06-16 14:08:33] FetchUrl: HTTP 403 for https://assetdelivery.roblox.com/v1/asset/?id=175728189
[2026-06-16 14:08:33] Asset 175728189: fetch failed, falling back to redirect
[2026-06-16 14:08:33] FetchUrl: HTTP 403 for https://assetdelivery.roblox.com/v1/asset/?id=175728189
[2026-06-16 14:08:33] Asset 175728189: fetch failed, falling back to redirect
[2026-06-16 14:08:33] >> GET /userhub/?id=
[2026-06-16 14:08:33] 404 GET /userhub/
[2026-06-16 14:08:33] << /userhub/ -> {"errors":[{"code":"NotFound","message":"Not found"}]}
[2026-06-16 14:08:33] >> POST /v1.0/SequenceStatistics/BatchAddToSequencesV2?apiKey=76E5A40C-3AE1-4028-9F10-7C62520BD94F
[2026-06-16 14:08:33] << /v1.0/SequenceStatistics/BatchAddToSequencesV2 -> {}
[2026-06-16 14:08:33] >> POST /v1.1/Counters/BatchIncrement?apiKey=76E5A40C-3AE1-4028-9F10-7C62520BD94F
[2026-06-16 14:08:33] << /v1.1/Counters/BatchIncrement -> {}
[2026-06-16 14:08:34] >> POST /game-passes/v1/game-passes:batchGetOwnership
[2026-06-16 14:08:34] batchGetOwnership userId=14463315 ids=1 body=[{"ownershipIdentifiers":[{"userId":14463315,"gamePassId":113061413}]}]
[2026-06-16 14:08:34] << /game-passes/v1/game-passes:batchGetOwnership -> {"data":[{"gamePassId":113061413,"userId":14463315,"owned":true,"isOwned":true}],"errors":[],"gamePasses":[{"path":"game-passes/113061413","gamePassId":113061413,"userId":14463315,"owned":true,"isOwned":true}]}
[2026-06-16 14:08:34] >> GET /v2/assets/179997786/details
[2026-06-16 14:08:34] << /v2/assets/179997786/details -> {"TargetId":179997786,"AssetId":179997786,"ProductId":179997786,"assetId":179997786,"id":179997786,"Id":179997786,"TargetPlaceId":179997786,"PlaceId":179997786,"ProductType":"User Product","Name":"Baseplate","Description":"","AssetTypeId":9,"assetTypeId":9,"Creator":{"Id":14463315,"Name":"HearMeRoar","CreatorType":"User","CreatorTargetId":14463315,"HasVerifiedBadge":false,"id":14463315,"type":1,"creatorType":"User","creatorTargetId":14463315},"IconImageAssetId":0,"Created":"2022-05-11T13:27:09.897Z","Updated":"2022-06-19T07:23:39.03Z","created":"2022-05-11T13:27:09.897Z","updated":"2022-06-19T07:23:39.03Z","PriceInRobux":null,"Sales":0,"IsNew":false,"IsForSale":false,"IsPublicDomain":true,"IsLimited":false,"IsLimitedUnique":false,"isPublic":true,"isForSale":false,"isLimited":false,"isLimitedUnique":false,"enableComments":false}
[2026-06-16 14:08:34] >> GET /v1/users/14463315/items/asset/179997786/is-owned
[2026-06-16 14:08:34] << /v1/users/14463315/items/asset/179997786/is-owned -> false
[2026-06-16 14:08:36] >> GET /v1/users/14463315/badges/80657745/awarded-date
[2026-06-16 14:08:36] << /v1/users/14463315/badges/80657745/awarded-date -> {"badgeId":80657745,"awardedDate":null}
[2026-06-16 14:08:36] >> GET /v2/assets/113059724/details
[2026-06-16 14:08:36] << /v2/assets/113059724/details -> {"TargetId":113059724,"AssetId":113059724,"ProductId":113059724,"assetId":113059724,"id":113059724,"Id":113059724,"TargetPlaceId":113059724,"PlaceId":113059724,"ProductType":"User Product","Name":"Baseplate","Description":"","AssetTypeId":9,"assetTypeId":9,"Creator":{"Id":14463315,"Name":"HearMeRoar","CreatorType":"User","CreatorTargetId":14463315,"HasVerifiedBadge":false,"id":14463315,"type":1,"creatorType":"User","creatorTargetId":14463315},"IconImageAssetId":0,"Created":"2022-05-11T13:27:09.897Z","Updated":"2022-06-19T07:23:39.03Z","created":"2022-05-11T13:27:09.897Z","updated":"2022-06-19T07:23:39.03Z","PriceInRobux":null,"Sales":0,"IsNew":false,"IsForSale":false,"IsPublicDomain":true,"IsLimited":false,"IsLimitedUnique":false,"isPublic":true,"isForSale":false,"isLimited":false,"isLimitedUnique":false,"enableComments":false}
[2026-06-16 14:08:36] >> GET /v1/users/14463315/items/asset/113059724/is-owned
[2026-06-16 14:08:36] << /v1/users/14463315/items/asset/113059724/is-owned -> false
[2026-06-16 14:08:36] >> GET /v2/assets/122759935/details
[2026-06-16 14:08:36] << /v2/assets/122759935/details -> {"TargetId":122759935,"AssetId":122759935,"ProductId":122759935,"assetId":122759935,"id":122759935,"Id":122759935,"TargetPlaceId":122759935,"PlaceId":122759935,"ProductType":"User Product","Name":"Baseplate","Description":"","AssetTypeId":9,"assetTypeId":9,"Creator":{"Id":14463315,"Name":"HearMeRoar","CreatorType":"User","CreatorTargetId":14463315,"HasVerifiedBadge":false,"id":14463315,"type":1,"creatorType":"User","creatorTargetId":14463315},"IconImageAssetId":0,"Created":"2022-05-11T13:27:09.897Z","Updated":"2022-06-19T07:23:39.03Z","created":"2022-05-11T13:27:09.897Z","updated":"2022-06-19T07:23:39.03Z","PriceInRobux":null,"Sales":0,"IsNew":false,"IsForSale":false,"IsPublicDomain":true,"IsLimited":false,"IsLimitedUnique":false,"isPublic":true,"isForSale":false,"isLimited":false,"isLimitedUnique":false,"enableComments":false}
[2026-06-16 14:08:36] >> GET /v1/users/14463315/items/asset/122759935/is-owned
[2026-06-16 14:08:36] << /v1/users/14463315/items/asset/122759935/is-owned -> false
[2026-06-16 14:08:37] >> GET /v2/assets/237714537/details
[2026-06-16 14:08:37] << /v2/assets/237714537/details -> {"TargetId":237714537,"AssetId":237714537,"ProductId":237714537,"assetId":237714537,"id":237714537,"Id":237714537,"TargetPlaceId":237714537,"PlaceId":237714537,"ProductType":"User Product","Name":"Baseplate","Description":"","AssetTypeId":9,"assetTypeId":9,"Creator":{"Id":14463315,"Name":"HearMeRoar","CreatorType":"User","CreatorTargetId":14463315,"HasVerifiedBadge":false,"id":14463315,"type":1,"creatorType":"User","creatorTargetId":14463315},"IconImageAssetId":0,"Created":"2022-05-11T13:27:09.897Z","Updated":"2022-06-19T07:23:39.03Z","created":"2022-05-11T13:27:09.897Z","updated":"2022-06-19T07:23:39.03Z","PriceInRobux":null,"Sales":0,"IsNew":false,"IsForSale":false,"IsPublicDomain":true,"IsLimited":false,"IsLimitedUnique":false,"isPublic":true,"isForSale":false,"isLimited":false,"isLimitedUnique":false,"enableComments":false}
[2026-06-16 14:08:37] >> GET /v1/users/14463315/items/asset/237714537/is-owned
[2026-06-16 14:08:37] << /v1/users/14463315/items/asset/237714537/is-owned -> false
[2026-06-16 14:08:37] >> GET /v2/assets/231103379/details
[2026-06-16 14:08:37] << /v2/assets/231103379/details -> {"TargetId":231103379,"AssetId":231103379,"ProductId":231103379,"assetId":231103379,"id":231103379,"Id":231103379,"TargetPlaceId":231103379,"PlaceId":231103379,"ProductType":"User Product","Name":"Baseplate","Description":"","AssetTypeId":9,"assetTypeId":9,"Creator":{"Id":14463315,"Name":"HearMeRoar","CreatorType":"User","CreatorTargetId":14463315,"HasVerifiedBadge":false,"id":14463315,"type":1,"creatorType":"User","creatorTargetId":14463315},"IconImageAssetId":0,"Created":"2022-05-11T13:27:09.897Z","Updated":"2022-06-19T07:23:39.03Z","created":"2022-05-11T13:27:09.897Z","updated":"2022-06-19T07:23:39.03Z","PriceInRobux":null,"Sales":0,"IsNew":false,"IsForSale":false,"IsPublicDomain":true,"IsLimited":false,"IsLimitedUnique":false,"isPublic":true,"isForSale":false,"isLimited":false,"isLimitedUnique":false,"enableComments":false}
[2026-06-16 14:08:37] >> GET /v1/users/14463315/items/asset/231103379/is-owned
[2026-06-16 14:08:37] << /v1/users/14463315/items/asset/231103379/is-owned -> false
[2026-06-16 14:08:48] >> POST /v1.0/SequenceStatistics/BatchAddToSequencesV2?apiKey=76E5A40C-3AE1-4028-9F10-7C62520BD94F
[2026-06-16 14:08:48] << /v1.0/SequenceStatistics/BatchAddToSequencesV2 -> {}
[2026-06-16 14:08:49] >> POST /v1.1/Counters/BatchIncrement?apiKey=76E5A40C-3AE1-4028-9F10-7C62520BD94F
[2026-06-16 14:08:49] >> POST /v1.0/SequenceStatistics/BatchAddToSequencesV2?apiKey=76E5A40C-3AE1-4028-9F10-7C62520BD94F
[2026-06-16 14:08:49] >> POST /timespent/pbe
[2026-06-16 14:08:49] >> POST /experience-signals-ingest/public/v1/events/single
[2026-06-16 14:08:49] << /v1.1/Counters/BatchIncrement -> {}
[2026-06-16 14:08:49] << /v1.0/SequenceStatistics/BatchAddToSequencesV2 -> {}
[2026-06-16 14:08:49] << /timespent/pbe -> {}
[2026-06-16 14:08:49] << /experience-signals-ingest/public/v1/events/single -> {}
[2026-06-16 14:08:49] >> POST /v1.1/Counters/BatchIncrement?apiKey=76E5A40C-3AE1-4028-9F10-7C62520BD94F
[2026-06-16 14:08:49] << /v1.1/Counters/BatchIncrement -> {}
[2026-06-16 14:08:51] >> POST /v1.1/Counters/BatchIncrement?apiKey=76E5A40C-3AE1-4028-9F10-7C62520BD94F
[2026-06-16 14:08:51] << /v1.1/Counters/BatchIncrement -> {}
[2026-06-16 14:08:53] >> POST /user-heartbeats-api/pulse
[2026-06-16 14:08:53] << /user-heartbeats-api/pulse -> {"accounts": [{"username": "HearMeRoar","robloxCookie": "","pulseInterval": 30000,"enableLogging": true}],"globalConfig": {"retryAttempts": 3,"retryDelay": 5000}}
[2026-06-16 14:08:55] >> GET /userhub/?id=
[2026-06-16 14:08:55] 404 GET /userhub/
[2026-06-16 14:08:55] << /userhub/ -> {"errors":[{"code":"NotFound","message":"Not found"}]}
[2026-06-16 14:08:57] >> POST /v1.1/Counters/BatchIncrement?apiKey=76E5A40C-3AE1-4028-9F10-7C62520BD94F
[2026-06-16 14:08:57] << /v1.1/Counters/BatchIncrement -> {}
[2026-06-16 14:08:57] >> POST /v1.0/SequenceStatistics/BatchAddToSequencesV2?apiKey=76E5A40C-3AE1-4028-9F10-7C62520BD94F
[2026-06-16 14:08:57] >> POST /timespent/pbe
[2026-06-16 14:08:57] >> POST /studio/pbe
[2026-06-16 14:08:57] >> POST /experience-signals-ingest/public/v1/events/single
[2026-06-16 14:08:57] << /v1.0/SequenceStatistics/BatchAddToSequencesV2 -> {}
[2026-06-16 14:08:57] << /timespent/pbe -> {}
[2026-06-16 14:08:57] << /studio/pbe -> {}
[2026-06-16 14:08:57] << /experience-signals-ingest/public/v1/events/single -> {}
[2026-06-16 14:08:58] >> POST /v1.0/SequenceStatistics/BatchAddToSequencesV2?apiKey=76E5A40C-3AE1-4028-9F10-7C62520BD94F
[2026-06-16 14:08:58] << /v1.0/SequenceStatistics/BatchAddToSequencesV2 -> {}
[2026-06-16 14:08:58] >> POST /experience-signals-ingest/rcc/v1/events/uniform
[2026-06-16 14:08:58] << /experience-signals-ingest/rcc/v1/events/uniform -> {}
[2026-06-16 14:08:58] >> POST /v1.1/Counters/BatchIncrement?apiKey=76E5A40C-3AE1-4028-9F10-7C62520BD94F
[2026-06-16 14:08:58] << /v1.1/Counters/BatchIncrement -> {}
[2026-06-16 14:09:01] >> POST /user-heartbeats-api/pulse
[2026-06-16 14:09:01] << /user-heartbeats-api/pulse -> {"accounts": [{"username": "HearMeRoar","robloxCookie": "","pulseInterval": 30000,"enableLogging": true}],"globalConfig": {"retryAttempts": 3,"retryDelay": 5000}}
[2026-06-16 14:09:03] >> GET /userhub/?id=
[2026-06-16 14:09:03] 404 GET /userhub/
[2026-06-16 14:09:03] << /userhub/ -> {"errors":[{"code":"NotFound","message":"Not found"}]}
[2026-06-16 14:09:09] >> POST /cgi-bin/.%2e/.%2e/.%2e/.%2e/.%2e/.%2e/.%2e/.%2e/.%2e/.%2e/bin/sh
[2026-06-16 14:09:09] 404 POST /cgi-bin/.%2e/.%2e/.%2e/.%2e/.%2e/.%2e/.%2e/.%2e/.%2e/.%2e/bin/sh
[2026-06-16 14:09:09] << /cgi-bin/.%2e/.%2e/.%2e/.%2e/.%2e/.%2e/.%2e/.%2e/.%2e/.%2e/bin/sh -> {"errors":[{"code":"NotFound","message":"Not found"}]}
[2026-06-16 14:09:10] >> POST /cgi-bin/%%32%65%%32%65/%%32%65%%32%65/%%32%65%%32%65/%%32%65%%32%65/%%32%65%%32%65/%%32%65%%32%65/%%32%65%%32%65/bin/sh
[2026-06-16 14:09:10] 404 POST /cgi-bin/%%32%65%%32%65/%%32%65%%32%65/%%32%65%%32%65/%%32%65%%32%65/%%32%65%%32%65/%%32%65%%32%65/%%32%65%%32%65/bin/sh
[2026-06-16 14:09:10] << /cgi-bin/%%32%65%%32%65/%%32%65%%32%65/%%32%65%%32%65/%%32%65%%32%65/%%32%65%%32%65/%%32%65%%32%65/%%32%65%%32%65/bin/sh -> {"errors":[{"code":"NotFound","message":"Not found"}]}
[2026-06-16 14:09:12] >> POST /hello.world?%ADd+allow_url_include%3d1+%ADd+auto_prepend_file%3dphp://input
[2026-06-16 14:09:12] 404 POST /hello.world
[2026-06-16 14:09:12] << /hello.world -> {"errors":[{"code":"NotFound","message":"Not found"}]}
[2026-06-16 14:09:15] >> POST /?%ADd+allow_url_include%3d1+%ADd+auto_prepend_file%3dphp://input
[2026-06-16 14:09:18] >> GET /vendor/phpunit/phpunit/src/Util/PHP/eval-stdin.php
[2026-06-16 14:09:18] 404 GET /vendor/phpunit/phpunit/src/Util/PHP/eval-stdin.php
[2026-06-16 14:09:18] << /vendor/phpunit/phpunit/src/Util/PHP/eval-stdin.php -> {"errors":[{"code":"NotFound","message":"Not found"}]}
[2026-06-16 14:09:19] >> POST /v1.1/Counters/BatchIncrement?apiKey=76E5A40C-3AE1-4028-9F10-7C62520BD94F
[2026-06-16 14:09:19] >> POST /v1.0/SequenceStatistics/BatchAddToSequencesV2?apiKey=76E5A40C-3AE1-4028-9F10-7C62520BD94F
[2026-06-16 14:09:19] >> POST /timespent/pbe
[2026-06-16 14:09:19] >> POST /experience-signals-ingest/public/v1/events/single
[2026-06-16 14:09:19] << /v1.1/Counters/BatchIncrement -> {}
[2026-06-16 14:09:19] << /v1.0/SequenceStatistics/BatchAddToSequencesV2 -> {}
[2026-06-16 14:09:19] << /timespent/pbe -> {}
[2026-06-16 14:09:19] << /experience-signals-ingest/public/v1/events/single -> {}
[2026-06-16 14:09:22] >> GET /vendor/phpunit/phpunit/Util/PHP/eval-stdin.php
[2026-06-16 14:09:22] 404 GET /vendor/phpunit/phpunit/Util/PHP/eval-stdin.php
[2026-06-16 14:09:22] << /vendor/phpunit/phpunit/Util/PHP/eval-stdin.php -> {"errors":[{"code":"NotFound","message":"Not found"}]}
[2026-06-16 14:09:23] >> POST /user-heartbeats-api/pulse
[2026-06-16 14:09:23] << /user-heartbeats-api/pulse -> {"accounts": [{"username": "HearMeRoar","robloxCookie": "","pulseInterval": 30000,"enableLogging": true}],"globalConfig": {"retryAttempts": 3,"retryDelay": 5000}}
[2026-06-16 14:09:25] >> GET /vendor/phpunit/src/Util/PHP/eval-stdin.php
[2026-06-16 14:09:25] 404 GET /vendor/phpunit/src/Util/PHP/eval-stdin.php
[2026-06-16 14:09:25] << /vendor/phpunit/src/Util/PHP/eval-stdin.php -> {"errors":[{"code":"NotFound","message":"Not found"}]}
[2026-06-16 14:09:26] >> GET /userhub/?id=
[2026-06-16 14:09:26] 404 GET /userhub/
[2026-06-16 14:09:26] << /userhub/ -> {"errors":[{"code":"NotFound","message":"Not found"}]}
[2026-06-16 14:09:27] >> POST /v1.1/Counters/BatchIncrement?apiKey=76E5A40C-3AE1-4028-9F10-7C62520BD94F
[2026-06-16 14:09:27] >> POST /v1.0/SequenceStatistics/BatchAddToSequencesV2?apiKey=76E5A40C-3AE1-4028-9F10-7C62520BD94F
[2026-06-16 14:09:27] >> POST /timespent/pbe
[2026-06-16 14:09:27] >> POST /studio/pbe
[2026-06-16 14:09:27] >> POST /experience-signals-ingest/public/v1/events/single
[2026-06-16 14:09:27] << /v1.1/Counters/BatchIncrement -> {}
[2026-06-16 14:09:27] << /v1.0/SequenceStatistics/BatchAddToSequencesV2 -> {}
[2026-06-16 14:09:27] << /timespent/pbe -> {}
[2026-06-16 14:09:27] << /studio/pbe -> {}
[2026-06-16 14:09:27] << /experience-signals-ingest/public/v1/events/single -> {}
[2026-06-16 14:09:29] >> GET /vendor/phpunit/Util/PHP/eval-stdin.php
[2026-06-16 14:09:29] 404 GET /vendor/phpunit/Util/PHP/eval-stdin.php
[2026-06-16 14:09:29] << /vendor/phpunit/Util/PHP/eval-stdin.php -> {"errors":[{"code":"NotFound","message":"Not found"}]}
[2026-06-16 14:09:30] >> GET /v1/asset?id=175728189&xcachesplit=9000000000020
[2026-06-16 14:09:30] >> GET /v1/asset/?id=175728189&permissionContext=ignoreUniverse&xcachesplit=0
[2026-06-16 14:09:31] FetchUrl: HTTP 403 for https://assetdelivery.roblox.com/v1/asset/?id=175728189
[2026-06-16 14:09:31] Asset 175728189: fetch failed, falling back to redirect
[2026-06-16 14:09:31] FetchUrl: HTTP 403 for https://assetdelivery.roblox.com/v1/asset/?id=175728189
[2026-06-16 14:09:31] Asset 175728189: fetch failed, falling back to redirect
[2026-06-16 14:09:31] >> POST /user-heartbeats-api/pulse
[2026-06-16 14:09:31] << /user-heartbeats-api/pulse -> {"accounts": [{"username": "HearMeRoar","robloxCookie": "","pulseInterval": 30000,"enableLogging": true}],"globalConfig": {"retryAttempts": 3,"retryDelay": 5000}}
[2026-06-16 14:09:31] >> POST /game-passes/v1/game-passes:batchGetOwnership
[2026-06-16 14:09:31] batchGetOwnership userId=14463315 ids=1 body=[{"ownershipIdentifiers":[{"userId":14463315,"gamePassId":113061413}]}]
[2026-06-16 14:09:31] << /game-passes/v1/game-passes:batchGetOwnership -> {"data":[{"gamePassId":113061413,"userId":14463315,"owned":true,"isOwned":true}],"errors":[],"gamePasses":[{"path":"game-passes/113061413","gamePassId":113061413,"userId":14463315,"owned":true,"isOwned":true}]}
[2026-06-16 14:09:33] >> POST /studio/pbe
[2026-06-16 14:09:33] >> POST /studio/pbe
[2026-06-16 14:09:33] << /studio/pbe -> {}
[2026-06-16 14:09:33] << /studio/pbe -> {}
[2026-06-16 14:09:33] >> POST /studio/pbe
[2026-06-16 14:09:33] >> POST /studio/pbe
[2026-06-16 14:09:33] << /studio/pbe -> {}
[2026-06-16 14:09:33] << /studio/pbe -> {}
[2026-06-16 14:09:33] >> GET /vendor/phpunit/phpunit/LICENSE/eval-stdin.php
[2026-06-16 14:09:33] 404 GET /vendor/phpunit/phpunit/LICENSE/eval-stdin.php
[2026-06-16 14:09:33] << /vendor/phpunit/phpunit/LICENSE/eval-stdin.php -> {"errors":[{"code":"NotFound","message":"Not found"}]}
[2026-06-16 14:09:33] >> POST /v1.1/Counters/BatchIncrement?apiKey=76E5A40C-3AE1-4028-9F10-7C62520BD94F
[2026-06-16 14:09:33] << /v1.1/Counters/BatchIncrement -> {}
[2026-06-16 14:09:33] >> POST /v1.1/Counters/BatchIncrement?apiKey=76E5A40C-3AE1-4028-9F10-7C62520BD94F
[2026-06-16 14:09:33] << /v1.1/Counters/BatchIncrement -> {}
[2026-06-16 14:09:33] >> GET /v1/users/14463315/badges/80657745/awarded-date
[2026-06-16 14:09:33] << /v1/users/14463315/badges/80657745/awarded-date -> {"badgeId":80657745,"awardedDate":null}
[2026-06-16 14:09:33] >> POST /v1.1/Counters/BatchIncrement?apiKey=76E5A40C-3AE1-4028-9F10-7C62520BD94F
[2026-06-16 14:09:34] << /v1.1/Counters/BatchIncrement -> {}
[2026-06-16 14:09:34] >> GET /v2/assets/113059724/details
[2026-06-16 14:09:34] << /v2/assets/113059724/details -> {"TargetId":113059724,"AssetId":113059724,"ProductId":113059724,"assetId":113059724,"id":113059724,"Id":113059724,"TargetPlaceId":113059724,"PlaceId":113059724,"ProductType":"User Product","Name":"Baseplate","Description":"","AssetTypeId":9,"assetTypeId":9,"Creator":{"Id":14463315,"Name":"HearMeRoar","CreatorType":"User","CreatorTargetId":14463315,"HasVerifiedBadge":false,"id":14463315,"type":1,"creatorType":"User","creatorTargetId":14463315},"IconImageAssetId":0,"Created":"2022-05-11T13:27:09.897Z","Updated":"2022-06-19T07:23:39.03Z","created":"2022-05-11T13:27:09.897Z","updated":"2022-06-19T07:23:39.03Z","PriceInRobux":null,"Sales":0,"IsNew":false,"IsForSale":false,"IsPublicDomain":true,"IsLimited":false,"IsLimitedUnique":false,"isPublic":true,"isForSale":false,"isLimited":false,"isLimitedUnique":false,"enableComments":false}
[2026-06-16 14:09:34] >> GET /v1/users/14463315/items/asset/113059724/is-owned
[2026-06-16 14:09:34] << /v1/users/14463315/items/asset/113059724/is-owned -> false
[2026-06-16 14:09:34] >> GET /v2/assets/122759935/details
[2026-06-16 14:09:34] << /v2/assets/122759935/details -> {"TargetId":122759935,"AssetId":122759935,"ProductId":122759935,"assetId":122759935,"id":122759935,"Id":122759935,"TargetPlaceId":122759935,"PlaceId":122759935,"ProductType":"User Product","Name":"Baseplate","Description":"","AssetTypeId":9,"assetTypeId":9,"Creator":{"Id":14463315,"Name":"HearMeRoar","CreatorType":"User","CreatorTargetId":14463315,"HasVerifiedBadge":false,"id":14463315,"type":1,"creatorType":"User","creatorTargetId":14463315},"IconImageAssetId":0,"Created":"2022-05-11T13:27:09.897Z","Updated":"2022-06-19T07:23:39.03Z","created":"2022-05-11T13:27:09.897Z","updated":"2022-06-19T07:23:39.03Z","PriceInRobux":null,"Sales":0,"IsNew":false,"IsForSale":false,"IsPublicDomain":true,"IsLimited":false,"IsLimitedUnique":false,"isPublic":true,"isForSale":false,"isLimited":false,"isLimitedUnique":false,"enableComments":false}
[2026-06-16 14:09:34] >> GET /v1/users/14463315/items/asset/122759935/is-owned
[2026-06-16 14:09:34] << /v1/users/14463315/items/asset/122759935/is-owned -> false
[2026-06-16 14:09:35] >> GET /v2/assets/237714537/details
[2026-06-16 14:09:35] << /v2/assets/237714537/details -> {"TargetId":237714537,"AssetId":237714537,"ProductId":237714537,"assetId":237714537,"id":237714537,"Id":237714537,"TargetPlaceId":237714537,"PlaceId":237714537,"ProductType":"User Product","Name":"Baseplate","Description":"","AssetTypeId":9,"assetTypeId":9,"Creator":{"Id":14463315,"Name":"HearMeRoar","CreatorType":"User","CreatorTargetId":14463315,"HasVerifiedBadge":false,"id":14463315,"type":1,"creatorType":"User","creatorTargetId":14463315},"IconImageAssetId":0,"Created":"2022-05-11T13:27:09.897Z","Updated":"2022-06-19T07:23:39.03Z","created":"2022-05-11T13:27:09.897Z","updated":"2022-06-19T07:23:39.03Z","PriceInRobux":null,"Sales":0,"IsNew":false,"IsForSale":false,"IsPublicDomain":true,"IsLimited":false,"IsLimitedUnique":false,"isPublic":true,"isForSale":false,"isLimited":false,"isLimitedUnique":false,"enableComments":false}
[2026-06-16 14:09:35] >> GET /v1/users/14463315/items/asset/237714537/is-owned
[2026-06-16 14:09:35] << /v1/users/14463315/items/asset/237714537/is-owned -> false
[2026-06-16 14:09:35] >> GET /v2/assets/231103379/details
[2026-06-16 14:09:35] << /v2/assets/231103379/details -> {"TargetId":231103379,"AssetId":231103379,"ProductId":231103379,"assetId":231103379,"id":231103379,"Id":231103379,"TargetPlaceId":231103379,"PlaceId":231103379,"ProductType":"User Product","Name":"Baseplate","Description":"","AssetTypeId":9,"assetTypeId":9,"Creator":{"Id":14463315,"Name":"HearMeRoar","CreatorType":"User","CreatorTargetId":14463315,"HasVerifiedBadge":false,"id":14463315,"type":1,"creatorType":"User","creatorTargetId":14463315},"IconImageAssetId":0,"Created":"2022-05-11T13:27:09.897Z","Updated":"2022-06-19T07:23:39.03Z","created":"2022-05-11T13:27:09.897Z","updated":"2022-06-19T07:23:39.03Z","PriceInRobux":null,"Sales":0,"IsNew":false,"IsForSale":false,"IsPublicDomain":true,"IsLimited":false,"IsLimitedUnique":false,"isPublic":true,"isForSale":false,"isLimited":false,"isLimitedUnique":false,"enableComments":false}
[2026-06-16 14:09:35] >> GET /v1/users/14463315/items/asset/231103379/is-owned
[2026-06-16 14:09:35] << /v1/users/14463315/items/asset/231103379/is-owned -> false
[2026-06-16 14:09:36] >> GET /v1/persistence/sorted/list?scope=global&key=Highscore2015&pageSize=10&direction=dsc
[2026-06-16 14:09:36] DS-v1: M=GET type=sorted rest=/list ds=Highscore2015 scope=global target= usnParam=no bodylen=0 body=[]
[2026-06-16 14:09:36] << /v1/persistence/sorted/list -> {"entries":[{"target":"14463315","value":1,"usn":"1"}],"lastEvaluatedKey":null}
[2026-06-16 14:09:36] >> GET /v1/persistence/sorted/list?scope=global&key=SingleplayerEndless&pageSize=10&direction=dsc
[2026-06-16 14:09:36] DS-v1: M=GET type=sorted rest=/list ds=SingleplayerEndless scope=global target= usnParam=no bodylen=0 body=[]
[2026-06-16 14:09:36] << /v1/persistence/sorted/list -> {"entries":[],"lastEvaluatedKey":null}
[2026-06-16 14:09:37] >> GET /vendor/vendor/phpunit/phpunit/src/Util/PHP/eval-stdin.php
[2026-06-16 14:09:37] 404 GET /vendor/vendor/phpunit/phpunit/src/Util/PHP/eval-stdin.php
[2026-06-16 14:09:37] << /vendor/vendor/phpunit/phpunit/src/Util/PHP/eval-stdin.php -> {"errors":[{"code":"NotFound","message":"Not found"}]}
[2026-06-16 14:09:40] >> GET /cgi-bin/luci/;stok=/locale
[2026-06-16 14:09:40] 404 GET /cgi-bin/luci/;stok=/locale
[2026-06-16 14:09:40] << /cgi-bin/luci/;stok=/locale -> {"errors":[{"code":"NotFound","message":"Not found"}]}
[2026-06-16 14:09:41] >> GET /phpunit/phpunit/src/Util/PHP/eval-stdin.php
[2026-06-16 14:09:41] 404 GET /phpunit/phpunit/src/Util/PHP/eval-stdin.php
[2026-06-16 14:09:41] << /phpunit/phpunit/src/Util/PHP/eval-stdin.php -> {"errors":[{"code":"NotFound","message":"Not found"}]}
[2026-06-16 14:09:45] >> GET /phpunit/phpunit/Util/PHP/eval-stdin.php
[2026-06-16 14:09:45] 404 GET /phpunit/phpunit/Util/PHP/eval-stdin.php
[2026-06-16 14:09:45] << /phpunit/phpunit/Util/PHP/eval-stdin.php -> {"errors":[{"code":"NotFound","message":"Not found"}]}
[2026-06-16 14:09:48] >> POST /v1.0/SequenceStatistics/BatchAddToSequencesV2?apiKey=76E5A40C-3AE1-4028-9F10-7C62520BD94F
[2026-06-16 14:09:48] << /v1.0/SequenceStatistics/BatchAddToSequencesV2 -> {}
[2026-06-16 14:09:49] >> POST /v1.1/Counters/BatchIncrement?apiKey=76E5A40C-3AE1-4028-9F10-7C62520BD94F
[2026-06-16 14:09:49] >> POST /v1.0/SequenceStatistics/BatchAddToSequencesV2?apiKey=76E5A40C-3AE1-4028-9F10-7C62520BD94F
[2026-06-16 14:09:49] >> POST /studio/pbe
[2026-06-16 14:09:49] >> POST /timespent/pbe
[2026-06-16 14:09:49] >> POST /experience-signals-ingest/public/v1/events/single
[2026-06-16 14:09:49] << /v1.1/Counters/BatchIncrement -> {}
[2026-06-16 14:09:49] << /v1.0/SequenceStatistics/BatchAddToSequencesV2 -> {}
[2026-06-16 14:09:49] << /studio/pbe -> {}
[2026-06-16 14:09:49] << /timespent/pbe -> {}
[2026-06-16 14:09:49] << /experience-signals-ingest/public/v1/events/single -> {}
[2026-06-16 14:09:49] >> POST /v1.1/Counters/BatchIncrement?apiKey=76E5A40C-3AE1-4028-9F10-7C62520BD94F
[2026-06-16 14:09:49] << /v1.1/Counters/BatchIncrement -> {}
[2026-06-16 14:09:49] >> GET /phpunit/src/Util/PHP/eval-stdin.php
[2026-06-16 14:09:49] 404 GET /phpunit/src/Util/PHP/eval-stdin.php
[2026-06-16 14:09:49] << /phpunit/src/Util/PHP/eval-stdin.php -> {"errors":[{"code":"NotFound","message":"Not found"}]}
[2026-06-16 14:09:51] >> POST /v1.1/Counters/BatchIncrement?apiKey=76E5A40C-3AE1-4028-9F10-7C62520BD94F
[2026-06-16 14:09:51] << /v1.1/Counters/BatchIncrement -> {}
[2026-06-16 14:09:53] >> GET /phpunit/Util/PHP/eval-stdin.php
[2026-06-16 14:09:53] 404 GET /phpunit/Util/PHP/eval-stdin.php
[2026-06-16 14:09:53] << /phpunit/Util/PHP/eval-stdin.php -> {"errors":[{"code":"NotFound","message":"Not found"}]}
[2026-06-16 14:09:53] >> POST /user-heartbeats-api/pulse
[2026-06-16 14:09:53] << /user-heartbeats-api/pulse -> {"accounts": [{"username": "HearMeRoar","robloxCookie": "","pulseInterval": 30000,"enableLogging": true}],"globalConfig": {"retryAttempts": 3,"retryDelay": 5000}}
[2026-06-16 14:09:56] >> GET /userhub/?id=
[2026-06-16 14:09:56] 404 GET /userhub/
[2026-06-16 14:09:56] << /userhub/ -> {"errors":[{"code":"NotFound","message":"Not found"}]}
[2026-06-16 14:09:57] >> GET /lib/phpunit/phpunit/src/Util/PHP/eval-stdin.php
[2026-06-16 14:09:57] 404 GET /lib/phpunit/phpunit/src/Util/PHP/eval-stdin.php
[2026-06-16 14:09:57] << /lib/phpunit/phpunit/src/Util/PHP/eval-stdin.php -> {"errors":[{"code":"NotFound","message":"Not found"}]}
[2026-06-16 14:09:58] >> POST /experience-signals-ingest/rcc/v1/events/uniform
[2026-06-16 14:09:58] << /experience-signals-ingest/rcc/v1/events/uniform -> {}
[2026-06-16 14:10:02] >> GET /lib/phpunit/phpunit/Util/PHP/eval-stdin.php
[2026-06-16 14:10:02] 404 GET /lib/phpunit/phpunit/Util/PHP/eval-stdin.php
[2026-06-16 14:10:02] << /lib/phpunit/phpunit/Util/PHP/eval-stdin.php -> {"errors":[{"code":"NotFound","message":"Not found"}]}
[2026-06-16 14:10:06] >> GET /lib/phpunit/src/Util/PHP/eval-stdin.php
[2026-06-16 14:10:06] 404 GET /lib/phpunit/src/Util/PHP/eval-stdin.php
[2026-06-16 14:10:06] << /lib/phpunit/src/Util/PHP/eval-stdin.php -> {"errors":[{"code":"NotFound","message":"Not found"}]}
[2026-06-16 14:10:09] >> POST /studio/pbe
[2026-06-16 14:10:09] >> POST /studio/pbe
[2026-06-16 14:10:09] >> PATCH /studio-user-settings/v1/user/studiodata/CloudEditKey_placeId9000000000021
[2026-06-16 14:10:09] << /studio/pbe -> {}
[2026-06-16 14:10:09] << /studio/pbe -> {}
[2026-06-16 14:10:09] << /studio-user-settings/v1/user/studiodata/CloudEditKey_placeId9000000000021 -> {}
[2026-06-16 14:10:10] >> GET /v1/not-approved
[2026-06-16 14:10:10] >> POST /user-heartbeats-api/action-report
[2026-06-16 14:10:10] << /v1/not-approved -> {}
[2026-06-16 14:10:10] << /user-heartbeats-api/action-report -> {"accounts": [{"username": "HearMeRoar","robloxCookie": "","pulseInterval": 30000,"enableLogging": true}],"globalConfig": {"retryAttempts": 3,"retryDelay": 5000}}
[2026-06-16 14:10:10] >> POST /studio/pbe
[2026-06-16 14:10:10] >> POST /studio/pbe
[2026-06-16 14:10:10] << /studio/pbe -> {}
[2026-06-16 14:10:10] << /studio/pbe -> {}
[2026-06-16 14:10:10] >> POST /user-heartbeats-api/action-report
[2026-06-16 14:10:10] << /user-heartbeats-api/action-report -> {"accounts": [{"username": "HearMeRoar","robloxCookie": "","pulseInterval": 30000,"enableLogging": true}],"globalConfig": {"retryAttempts": 3,"retryDelay": 5000}}
[2026-06-16 14:10:10] >> GET /v1/universes/multiget?ids=9000000000124&ids=9000000000088&ids=9000000000048&ids=9000000000020&ids=9000000000046&ids=9000000000098&ids=9000000000068&ids=9000000000016&ids=9000000000064&ids=9000000000092&ids=9000000000096&ids=9000000000080&ids=9000000000018&ids=9000000000040&ids=9000000000030&ids=9000000000070&ids=9000000000034&ids=9000000000002&ids=9000000000026&ids=9000000000052&ids=9000000000022&ids=9000000000050&ids=9000000000062&ids=9000000000044
[2026-06-16 14:10:10] >> POST /v1.0/SequenceStatistics/BatchAddToSequencesV2?apiKey=76E5A40C-3AE1-4028-9F10-7C62520BD94F
[2026-06-16 14:10:10] >> POST /v1.1/Counters/BatchIncrement?apiKey=76E5A40C-3AE1-4028-9F10-7C62520BD94F
[2026-06-16 14:10:10] << /v1.0/SequenceStatistics/BatchAddToSequencesV2 -> {}
[2026-06-16 14:10:10] << /v1.1/Counters/BatchIncrement -> {}
[2026-06-16 14:10:10] >> POST /v1.0/SequenceStatistics/BatchAddToSequencesV2?apiKey=76E5A40C-3AE1-4028-9F10-7C62520BD94F
[2026-06-16 14:10:10] >> POST /v1.1/Counters/BatchIncrement?apiKey=76E5A40C-3AE1-4028-9F10-7C62520BD94F
[2026-06-16 14:10:10] << /v1.0/SequenceStatistics/BatchAddToSequencesV2 -> {}
[2026-06-16 14:10:10] << /v1.1/Counters/BatchIncrement -> {}
[2026-06-16 14:10:11] >> GET /lib/phpunit/Util/PHP/eval-stdin.php
[2026-06-16 14:10:11] 404 GET /lib/phpunit/Util/PHP/eval-stdin.php
[2026-06-16 14:10:11] << /lib/phpunit/Util/PHP/eval-stdin.php -> {"errors":[{"code":"NotFound","message":"Not found"}]}
[2026-06-16 14:10:11] >> POST /v1.1/Counters/BatchIncrement?apiKey=76E5A40C-3AE1-4028-9F10-7C62520BD94F
[2026-06-16 14:10:11] >> POST /v1.0/SequenceStatistics/BatchAddToSequencesV2?apiKey=76E5A40C-3AE1-4028-9F10-7C62520BD94F
[2026-06-16 14:10:11] >> POST /studio/pbe
[2026-06-16 14:10:11] >> POST /timespent/pbe
[2026-06-16 14:10:11] >> POST /experience-signals-ingest/public/v1/events/single
[2026-06-16 14:10:11] << /v1.1/Counters/BatchIncrement -> {}
[2026-06-16 14:10:11] << /v1.0/SequenceStatistics/BatchAddToSequencesV2 -> {}
[2026-06-16 14:10:11] << /studio/pbe -> {}
[2026-06-16 14:10:11] << /timespent/pbe -> {}
[2026-06-16 14:10:11] << /experience-signals-ingest/public/v1/events/single -> {}
[2026-06-16 14:10:11] >> POST /experience-signals-ingest/public/v1/events/single
[2026-06-16 14:10:11] << /experience-signals-ingest/public/v1/events/single -> {}
[2026-06-16 14:10:11] >> POST /experience-signals-ingest/public/v1/events/single
[2026-06-16 14:10:11] << /experience-signals-ingest/public/v1/events/single -> {}
[2026-06-16 14:10:11] >> POST /experience-signals-ingest/public/v1/events/single
[2026-06-16 14:10:11] << /experience-signals-ingest/public/v1/events/single -> {}
[2026-06-16 14:10:12] >> POST /experience-signals-ingest/public/v1/events/single
[2026-06-16 14:10:12] << /experience-signals-ingest/public/v1/events/single -> {}
[2026-06-16 14:10:12] >> POST /experience-signals-ingest/public/v1/events/single
[2026-06-16 14:10:12] << /experience-signals-ingest/public/v1/events/single -> {}
[2026-06-16 14:10:12] >> POST /experience-signals-ingest/public/v1/events/single
[2026-06-16 14:10:12] << /experience-signals-ingest/public/v1/events/single -> {}
[2026-06-16 14:10:12] >> POST /experience-signals-ingest/public/v1/events/single
[2026-06-16 14:10:12] << /experience-signals-ingest/public/v1/events/single -> {}
[2026-06-16 14:10:12] >> POST /experience-signals-ingest/public/v1/events/single
[2026-06-16 14:10:12] << /experience-signals-ingest/public/v1/events/single -> {}
[2026-06-16 14:10:13] >> POST /experience-signals-ingest/public/v1/events/single
[2026-06-16 14:10:13] << /experience-signals-ingest/public/v1/events/single -> {}
[2026-06-16 14:10:13] >> POST /experience-signals-ingest/public/v1/events/single
[2026-06-16 14:10:13] << /experience-signals-ingest/public/v1/events/single -> {}
