[2026-06-13 22:18:40] === HookedWebserver startup ===
[2026-06-13 22:18:40] DLL directory: C:\Users\catoa\Desktop\OffBloxMain\Clients\OffBlox\
[2026-06-13 22:18:40] Username: HearMeRoar  UserId: 14463315
[2026-06-13 22:18:40] HTTP port: 80  HTTPS port: 443
[2026-06-13 22:18:40] Winsock initialized
[2026-06-13 22:18:40] Sign key: loaded OK
[2026-06-13 22:18:40] SSL: PEM cert+key loaded OK (PKCS#8 key, no PFX needed)
[2026-06-13 22:18:40] SSL/TLS: loaded OK
[2026-06-13 22:18:40] Server ACTIVE — listening on HTTP:80 and HTTPS:443
[2026-06-13 22:18:40] Startup complete.
[2026-06-13 22:18:40] Roblox cookie probe (users/authenticated): HTTP 200 -> valid
[2026-06-13 22:18:40] Roblox cookie: loaded & valid
[2026-06-13 22:18:41] >> GET /v2/settings/application/PCStudioApp
[2026-06-13 22:18:41] << /v2/settings/application/PCStudioApp -> {"applicationSettings":{}}
[2026-06-13 22:18:41] >> POST /v1.1/Counters/BatchIncrement?apiKey=76E5A40C%2D3AE1%2D4028%2D9F10%2D7C62520BD94F
[2026-06-13 22:18:41] << /v1.1/Counters/BatchIncrement -> {}
[2026-06-13 22:18:41] >> GET /studio/e.png?studioSid=E18009C6-6056-45D6-A536-FDE38AA6DB9E&clientID=1983CBC1-BFEF-4E46-A6E5-7574E69AA5BC&timestamp=1781414321247&userID=&placeID=&category=Game&evt=GraphicsFeatureLevel&label=Win32%20D3D11%2E1&value=0&SD.Platform.ID=5DC0E8833F3044C39825BE99732F8E84&SD.Platform.CT=1781414319536&SD.Platform.MD.DebugVersion=FFlagStudioFlushDeferredEventsBlock%2C%20FFlagFixMissingStudioStartupSummaryEvent%2C%20FFlagFixWinStudioMissingStartEvent
[2026-06-13 22:18:41] >> GET /studio/e.png?studioSid=E18009C6-6056-45D6-A536-FDE38AA6DB9E&clientID=1983CBC1-BFEF-4E46-A6E5-7574E69AA5BC&timestamp=1781414321247&userID=&placeID=&category=Game&evt=GraphicsFeatureLevelEx&label=Win32%20148%2E10%2E0%2E26200%20D3D11%2E1&value=0&SD.Platform.ID=5DC0E8833F3044C39825BE99732F8E84&SD.Platform.CT=1781414319536&SD.Platform.MD.DebugVersion=FFlagStudioFlushDeferredEventsBlock%2C%20FFlagFixMissingStudioStartupSummaryEvent%2C%20FFlagFixWinStudioMissingStartEvent
[2026-06-13 22:18:41] << /studio/e.png -> {}
[2026-06-13 22:18:41] << /studio/e.png -> {}
[2026-06-13 22:18:41] >> POST /studio/pbe
[2026-06-13 22:18:41] << /studio/pbe -> {}
[2026-06-13 22:18:41] >> GET /oauth/.well-known/openid-configuration
[2026-06-13 22:18:41] << /oauth/.well-known/openid-configuration -> {"issuer":"http://localhost/oauth/","authorization_endpoint":"http://localhost/oauth/v1/authorize","token_endpoint":"http://localhost/oauth/v1/token","introspection_endpoint":"http://localhost/oauth/v1/token/introspect","revocation_endpoint":"http://localhost/oauth/v1/token/revoke","resources_endpoint":"http://localhost/oauth/v1/token/resources","userinfo_endpoint":"http://localhost/oauth/v1/userinfo","jwks_uri":"http://localhost/oauth/v1/certs","registration_endpoint":"http://localhost/dashboard/credentials","service_documentation":"http://localhost/docs/reference/cloud","scopes_supported":["openid","profile","email","verification","credentials","age","premium","roles","attributes"],"response_types_supported":["none","code"],"subject_types_supported":["public"],"id_token_signing_alg_values_supported":["ES256"],"claims_supported":["sub","type","iss","aud","exp","iat","nonce","name","nickname","preferred_username","created_at","profile","picture","email","email_ve
[2026-06-13 22:18:42] >> GET /universal-app-configuration/v1/behaviors/studio/content
[2026-06-13 22:18:42] << /universal-app-configuration/v1/behaviors/studio/content -> {}
[2026-06-13 22:18:42] >> GET /oauth/v1/authorize?response_type=code&code_challenge=THUNxbjlwV0VwgIX2UvJzib7oKUlSFVyIdeqwogDkhw&code_challenge_method=S256&client_id=7968549422692352298&redirect_uri=roblox-studio-auth%3A%2F&scope=openid+credentials+profile+age+roles+premium&nonce=id-roblox&prompt=login+select_account&state=eyJyYW5kb21fc3RyaW5nIjoiam4wUVUtR29XQzlrTXplNGF6TllZRGp3WjlGLTJfYTRtYk1DT3hpT0NDYyIsInBpZCI6IjE1MzE2In0%3D
[2026-06-13 22:18:42] << /oauth/v1/authorize -> 
[2026-06-13 22:18:42] >> POST /v1.1/Counters/BatchIncrement?apiKey=76E5A40C%2D3AE1%2D4028%2D9F10%2D7C62520BD94F
[2026-06-13 22:18:42] << /v1.1/Counters/BatchIncrement -> {}
[2026-06-13 22:18:42] >> POST /oauth/v1/token
[2026-06-13 22:18:42] << /oauth/v1/token -> {"access_token":"hardcoded_access_token","token_type":"Bearer","expires_in":1800,"refresh_token":"hardcoded_refresh_token","scope":"openid credentials profile age roles premium","id_token":"eyJhbGciOiJFUzI1NiIsInR5cCI6IkpXVCIsImtpZCI6ImhhcmRjb2RlZC1rZXktMSJ9.eyJzdWIiOiIxNDQ2MzMxNSIsInR5cGUiOiJVc2VyIiwiaXNzIjoiaHR0cDovL2xvY2FsaG9zdC9vYXV0aC8iLCJhdWQiOiI3OTY4NTQ5NDIyNjkyMzUyMjk4IiwiZXhwIjoxNzgxNDE2MTE3LCJpYXQiOjE3ODE0MTQzMTcsIm5vbmNlIjoiaWQtcm9ibG94IiwibmFtZSI6IkhlYXJNZVJvYXIiLCJuaWNrbmFtZSI6IkRldiIsInByZWZlcnJlZF91c2VybmFtZSI6IkhlYXJNZVJvYXIiLCJjcmVhdGVkX2F0IjoxNjgwMDAwMDAwLCJwcm9maWxlIjoiaHR0cHM6Ly93d3cucm9ibG94LmNvbS91c2Vycy8xNDQ2MzMxNS9wcm9maWxlIiwicGljdHVyZSI6Imh0dHBzOi8vd3d3LnJvYmxveC5jb20vaGVhZHNob3QtdGh1bWJuYWlsL2ltYWdlP3VzZXJJZD0xNDQ2MzMxNSZ3aWR0aD00MjAmaGVpZ2h0PTQyMCIsImVtYWlsIjoiZGV2QHJvYmxveC5leGFtcGxlIiwiZW1haWxfdmVyaWZpZWQiOnRydWUsInZlcmlmaWVkIjp0cnVlLCJhZ2VfYnJhY2tldCI6IjE4KyIsInByZW1pdW0iOnRydWUsInJvbGVzIjpbIkRldmVsb3BlciJdLCJpbnRlcm5hbF91c2VyIjpmYWxzZSwiYXR0cmlidXRlcyI6e3
[2026-06-13 22:18:42] >> GET /studio-login/v1/login
[2026-06-13 22:18:42] << /studio-login/v1/login -> {"user":{"AccountAgeInDays":1324354,"UserId":14463315,"Username":"HearMeRoar","AgeBracket":0,"Roles":["Soothsayer","BetaTester"],"Email":{"value":"d****@dummy.com","isVerified":true},"IsBanned":false,"DisplayName":"HearMeRoar"},"userAgreements":[]}
[2026-06-13 22:18:43] >> GET /my/settings/json
[2026-06-13 22:18:43] >> GET /studio/e.png?studioSid=E18009C6-6056-45D6-A536-FDE38AA6DB9E&clientID=1983CBC1-BFEF-4E46-A6E5-7574E69AA5BC&timestamp=1781414323069&userID=14463315&placeID=&category=Action&evt=Play&label=Studio%20%2D%20Server&value=0&SD.Platform.ID=5DC0E8833F3044C39825BE99732F8E84&SD.Platform.CT=1781414319536&SD.StudioSession.MD.Type=StartServer&SD.StudioSession.ID=0EEA74702D24416D86A3B30006682D09&SD.Platform.MD.DebugVersion=FFlagStudioFlushDeferredEventsBlock%2C%20FFlagFixMissingStudioStartupSummaryEvent%2C%20FFlagFixWinStudioMissingStartEvent&SD.StudioSession.CT=1781414321316&SD.UserSession.ID=193E34956D0B4317A4B13E2C09AA4BAB&SD.UserSession.CT=1781414321316&SD.UserSession.MD.Type=LoggedOut
[2026-06-13 22:18:43] >> GET /studio/e.png?studioSid=E18009C6-6056-45D6-A536-FDE38AA6DB9E&clientID=1983CBC1-BFEF-4E46-A6E5-7574E69AA5BC&timestamp=1781414323069&userID=14463315&placeID=&category=Studio&evt=Start&label=IDE%20%03&value=0&SD.Platform.ID=5DC0E8833F3044C39825BE99732F8E84&SD.Platform.CT=1781414319536&SD.StudioSession.MD.Type=StartServer&SD.StudioSession.ID=0EEA74702D24416D86A3B30006682D09&SD.Platform.MD.DebugVersion=FFlagStudioFlushDeferredEventsBlock%2C%20FFlagFixMissingStudioStartupSummaryEvent%2C%20FFlagFixWinStudioMissingStartEvent&SD.StudioSession.CT=1781414321316&SD.UserSession.ID=193E34956D0B4317A4B13E2C09AA4BAB&SD.UserSession.CT=1781414321316&SD.UserSession.MD.Type=LoggedOut
[2026-06-13 22:18:43] >> GET /studio/e.png?studioSid=E18009C6-6056-45D6-A536-FDE38AA6DB9E&clientID=1983CBC1-BFEF-4E46-A6E5-7574E69AA5BC&timestamp=1781414323069&userID=14463315&placeID=&category=Studio&evt=Version&label=0%2E578%2E0%2E5780566&value=0&SD.Platform.ID=5DC0E8833F3044C39825BE99732F8E84&SD.Platform.CT=1781414319536&SD.StudioSession.MD.Type=StartServer&SD.StudioSession.ID=0EEA74702D24416D86A3B30006682D09&SD.Platform.MD.DebugVersion=FFlagStudioFlushDeferredEventsBlock%2C%20FFlagFixMissingStudioStartupSummaryEvent%2C%20FFlagFixWinStudioMissingStartEvent&SD.StudioSession.CT=1781414321316&SD.UserSession.ID=193E34956D0B4317A4B13E2C09AA4BAB&SD.UserSession.CT=1781414321316&SD.UserSession.MD.Type=LoggedOut
[2026-06-13 22:18:43] >> GET /studio/e.png?studioSid=E18009C6-6056-45D6-A536-FDE38AA6DB9E&clientID=1983CBC1-BFEF-4E46-A6E5-7574E69AA5BC&timestamp=1781414323069&userID=14463315&placeID=&category=Studio&evt=OS&label=Windows%2011&value=0&SD.Platform.ID=5DC0E8833F3044C39825BE99732F8E84&SD.Platform.CT=1781414319536&SD.StudioSession.MD.Type=StartServer&SD.StudioSession.ID=0EEA74702D24416D86A3B30006682D09&SD.Platform.MD.DebugVersion=FFlagStudioFlushDeferredEventsBlock%2C%20FFlagFixMissingStudioStartupSummaryEvent%2C%20FFlagFixWinStudioMissingStartEvent&SD.StudioSession.CT=1781414321316&SD.UserSession.ID=193E34956D0B4317A4B13E2C09AA4BAB&SD.UserSession.CT=1781414321316&SD.UserSession.MD.Type=LoggedOut
[2026-06-13 22:18:43] << /my/settings/json -> {"UserId":14463315,"UserName":"HearMeRoar","DisplayName":"HearMeRoar","RobuxBalance":9999999999,"IsEmailVerified":true,"IsPremiumUser":true,"AgeBracket":0,"CountryCode":"US","Roles":["Developer","Soothsayer"],"AccountAgeInDays":1324354}
[2026-06-13 22:18:43] >> GET /studio/e.png?studioSid=E18009C6-6056-45D6-A536-FDE38AA6DB9E&clientID=1983CBC1-BFEF-4E46-A6E5-7574E69AA5BC&timestamp=1781414323069&userID=14463315&placeID=&category=Counters&evt=RibbonBar&label=Launches&value=1&SD.Platform.ID=5DC0E8833F3044C39825BE99732F8E84&SD.Platform.CT=1781414319536&SD.StudioSession.MD.Type=StartServer&SD.StudioSession.ID=0EEA74702D24416D86A3B30006682D09&SD.Platform.MD.DebugVersion=FFlagStudioFlushDeferredEventsBlock%2C%20FFlagFixMissingStudioStartupSummaryEvent%2C%20FFlagFixWinStudioMissingStartEvent&SD.StudioSession.CT=1781414321316&SD.UserSession.ID=193E34956D0B4317A4B13E2C09AA4BAB&SD.UserSession.CT=1781414321316&SD.UserSession.MD.Type=LoggedOut
[2026-06-13 22:18:43] << /studio/e.png -> {}
[2026-06-13 22:18:43] << /studio/e.png -> {}
[2026-06-13 22:18:43] << /studio/e.png -> {}
[2026-06-13 22:18:43] << /studio/e.png -> {}
[2026-06-13 22:18:43] << /studio/e.png -> {}
[2026-06-13 22:18:43] >> GET /studio/e.png?studioSid=E18009C6-6056-45D6-A536-FDE38AA6DB9E&clientID=1983CBC1-BFEF-4E46-A6E5-7574E69AA5BC&timestamp=1781414323334&userID=14463315&placeID=&category=Game&evt=LightingObjects&label=none&value=0&SD.Platform.ID=5DC0E8833F3044C39825BE99732F8E84&SD.Platform.CT=1781414319536&SD.StudioSession.MD.Type=StartServer&SD.StudioSession.ID=0EEA74702D24416D86A3B30006682D09&SD.Platform.MD.DebugVersion=FFlagStudioFlushDeferredEventsBlock%2C%20FFlagFixMissingStudioStartupSummaryEvent%2C%20FFlagFixWinStudioMissingStartEvent&SD.StudioSession.CT=1781414321316&SD.UserSession.ID=193E34956D0B4317A4B13E2C09AA4BAB&SD.UserSession.CT=1781414321316&SD.UserSession.MD.Type=LoggedOut
[2026-06-13 22:18:43] << /studio/e.png -> {}
[2026-06-13 22:18:43] >> GET /v1/universes/multiget?ids=9000000000048&ids=9000000000098&ids=9000000000068&ids=9000000000016&ids=9000000000088&ids=9000000000064&ids=9000000000092&ids=9000000000096&ids=9000000000080&ids=9000000000018&ids=9000000000040&ids=9000000000030&ids=9000000000070&ids=9000000000034&ids=9000000000020&ids=9000000000002&ids=9000000000026&ids=9000000000052&ids=9000000000022&ids=9000000000050&ids=9000000000062&ids=9000000000044&ids=9000000000060&ids=9000000000024
[2026-06-13 22:18:43] >> POST /product-experimentation-platform/v1/projects/1/values
[2026-06-13 22:18:43] << /product-experimentation-platform/v1/projects/1/values -> {"assignments":[]}
[2026-06-13 22:18:43] >> POST /studio/pbe
[2026-06-13 22:18:43] << /studio/pbe -> {}
[2026-06-13 22:18:44] >> GET /studio/e.png?studioSid=6CC0A067-6251-498D-97D7-72F82332A8A5&clientID=1983CBC1-BFEF-4E46-A6E5-7574E69AA5BC&timestamp=1781414324030&userID=&placeID=&category=Game&evt=GraphicsFeatureLevel&label=Win32%20D3D11%2E1&value=0&SD.Platform.ID=39BD5212B7E147C4BB2598657C7226EC&SD.Platform.CT=1781414322384&SD.Platform.MD.DebugVersion=FFlagStudioFlushDeferredEventsBlock%2C%20FFlagFixMissingStudioStartupSummaryEvent%2C%20FFlagFixWinStudioMissingStartEvent
[2026-06-13 22:18:44] >> GET /studio/e.png?studioSid=6CC0A067-6251-498D-97D7-72F82332A8A5&clientID=1983CBC1-BFEF-4E46-A6E5-7574E69AA5BC&timestamp=1781414324030&userID=&placeID=&category=Game&evt=GraphicsFeatureLevelEx&label=Win32%20148%2E10%2E0%2E26200%20D3D11%2E1&value=0&SD.Platform.ID=39BD5212B7E147C4BB2598657C7226EC&SD.Platform.CT=1781414322384&SD.Platform.MD.DebugVersion=FFlagStudioFlushDeferredEventsBlock%2C%20FFlagFixMissingStudioStartupSummaryEvent%2C%20FFlagFixWinStudioMissingStartEvent
[2026-06-13 22:18:44] << /studio/e.png -> {}
[2026-06-13 22:18:44] << /studio/e.png -> {}
[2026-06-13 22:18:44] >> GET /studio/e.png?studioSid=E18009C6-6056-45D6-A536-FDE38AA6DB9E&clientID=1983CBC1-BFEF-4E46-A6E5-7574E69AA5BC&timestamp=1781414324068&userID=14463315&placeID=&category=Game&evt=ComputerCameraMove&label=ComputerCameraMoveModeDefault&value=0&SD.Platform.ID=5DC0E8833F3044C39825BE99732F8E84&SD.Platform.CT=1781414319536&SD.StudioSession.MD.Type=StartServer&SD.StudioSession.ID=0EEA74702D24416D86A3B30006682D09&SD.Platform.MD.DebugVersion=FFlagStudioFlushDeferredEventsBlock%2C%20FFlagFixMissingStudioStartupSummaryEvent%2C%20FFlagFixWinStudioMissingStartEvent&SD.StudioSession.CT=1781414321316&SD.UserSession.ID=193E34956D0B4317A4B13E2C09AA4BAB&SD.UserSession.CT=1781414321316&SD.UserSession.MD.Type=LoggedOut
[2026-06-13 22:18:44] >> GET /studio/e.png?studioSid=E18009C6-6056-45D6-A536-FDE38AA6DB9E&clientID=1983CBC1-BFEF-4E46-A6E5-7574E69AA5BC&timestamp=1781414324068&userID=14463315&placeID=&category=Game&evt=ComputerMovement&label=ComputerMovementModeDefault&value=0&SD.Platform.ID=5DC0E8833F3044C39825BE99732F8E84&SD.Platform.CT=1781414319536&SD.StudioSession.MD.Type=StartServer&SD.StudioSession.ID=0EEA74702D24416D86A3B30006682D09&SD.Platform.MD.DebugVersion=FFlagStudioFlushDeferredEventsBlock%2C%20FFlagFixMissingStudioStartupSummaryEvent%2C%20FFlagFixWinStudioMissingStartEvent&SD.StudioSession.CT=1781414321316&SD.UserSession.ID=193E34956D0B4317A4B13E2C09AA4BAB&SD.UserSession.CT=1781414321316&SD.UserSession.MD.Type=LoggedOut
[2026-06-13 22:18:44] << /studio/e.png -> {}
[2026-06-13 22:18:44] << /studio/e.png -> {}
[2026-06-13 22:18:45] >> GET /oauth/v1/authorize?response_type=code&code_challenge=8sbLVpKvqLfVLwIzyPXDxAf8QKbGzrPSv6ouJ6Z1aac&code_challenge_method=S256&client_id=7968549422692352298&redirect_uri=roblox-studio-auth%3A%2F&scope=openid+credentials+profile+age+roles+premium&nonce=id-roblox&prompt=login+select_account&state=eyJyYW5kb21fc3RyaW5nIjoiRXFlbWs4SmJoemhhbFlDaGR0eVVMWU1HX1A2Q202alBuTmpUbnJVeVF6byIsInBpZCI6IjQyOTEyIn0%3D
[2026-06-13 22:18:45] << /oauth/v1/authorize -> 
[2026-06-13 22:18:45] >> POST /oauth/v1/token
[2026-06-13 22:18:45] << /oauth/v1/token -> {"access_token":"hardcoded_access_token","token_type":"Bearer","expires_in":1800,"refresh_token":"hardcoded_refresh_token","scope":"openid credentials profile age roles premium","id_token":"eyJhbGciOiJFUzI1NiIsInR5cCI6IkpXVCIsImtpZCI6ImhhcmRjb2RlZC1rZXktMSJ9.eyJzdWIiOiIxNDQ2MzMxNSIsInR5cGUiOiJVc2VyIiwiaXNzIjoiaHR0cDovL2xvY2FsaG9zdC9vYXV0aC8iLCJhdWQiOiI3OTY4NTQ5NDIyNjkyMzUyMjk4IiwiZXhwIjoxNzgxNDE2MTIwLCJpYXQiOjE3ODE0MTQzMjAsIm5vbmNlIjoiaWQtcm9ibG94IiwibmFtZSI6IkhlYXJNZVJvYXIiLCJuaWNrbmFtZSI6IkRldiIsInByZWZlcnJlZF91c2VybmFtZSI6IkhlYXJNZVJvYXIiLCJjcmVhdGVkX2F0IjoxNjgwMDAwMDAwLCJwcm9maWxlIjoiaHR0cHM6Ly93d3cucm9ibG94LmNvbS91c2Vycy8xNDQ2MzMxNS9wcm9maWxlIiwicGljdHVyZSI6Imh0dHBzOi8vd3d3LnJvYmxveC5jb20vaGVhZHNob3QtdGh1bWJuYWlsL2ltYWdlP3VzZXJJZD0xNDQ2MzMxNSZ3aWR0aD00MjAmaGVpZ2h0PTQyMCIsImVtYWlsIjoiZGV2QHJvYmxveC5leGFtcGxlIiwiZW1haWxfdmVyaWZpZWQiOnRydWUsInZlcmlmaWVkIjp0cnVlLCJhZ2VfYnJhY2tldCI6IjE4KyIsInByZW1pdW0iOnRydWUsInJvbGVzIjpbIkRldmVsb3BlciJdLCJpbnRlcm5hbF91c2VyIjpmYWxzZSwiYXR0cmlidXRlcyI6e3
[2026-06-13 22:18:45] >> GET /studio-open-place/v1/openplace?placeId=9000000000065
[2026-06-13 22:18:45] << /studio-open-place/v1/openplace -> {"universe":{"Id":9000000000064,"RootPlaceId":9000000000065,"Name":"New MM2","Description":"","IsArchived":false,"CreatorType":"User","CreatorTargetId":14463315,"PrivacyType":"Private","Created":"2022-01-01T00:00:00.000+00:00","Updated":"2022-01-01T00:00:00.000+00:00"},"teamCreateEnabled":false,"place":{"Creator":{"CreatorType":"User","CreatorTargetId":14463315}}}
[2026-06-13 22:18:45] >> GET /studio-login/v1/login
[2026-06-13 22:18:45] << /studio-login/v1/login -> {"user":{"AccountAgeInDays":1324354,"UserId":14463315,"Username":"HearMeRoar","AgeBracket":0,"Roles":["Soothsayer","BetaTester"],"Email":{"value":"d****@dummy.com","isVerified":true},"IsBanned":false,"DisplayName":"HearMeRoar"},"userAgreements":[]}
[2026-06-13 22:18:46] >> GET /studio/e.png?studioSid=E18009C6-6056-45D6-A536-FDE38AA6DB9E&clientID=1983CBC1-BFEF-4E46-A6E5-7574E69AA5BC&timestamp=1781414325676&userID=14463315&placeID=9000000000065&category=Game&evt=ComputerCameraMove&label=ComputerCameraMoveModeDefault&value=0&SD.Platform.ID=5DC0E8833F3044C39825BE99732F8E84&SD.Platform.CT=1781414319536&SD.StudioSession.MD.Type=StartServer&SD.StudioSession.ID=0EEA74702D24416D86A3B30006682D09&SD.Platform.MD.DebugVersion=FFlagStudioFlushDeferredEventsBlock%2C%20FFlagFixMissingStudioStartupSummaryEvent%2C%20FFlagFixWinStudioMissingStartEvent&SD.StudioSession.CT=1781414321316&SD.UserSession.ID=193E34956D0B4317A4B13E2C09AA4BAB&SD.UserSession.CT=1781414321316&SD.UserSession.MD.Type=LoggedOut
[2026-06-13 22:18:46] >> GET /studio/e.png?studioSid=E18009C6-6056-45D6-A536-FDE38AA6DB9E&clientID=1983CBC1-BFEF-4E46-A6E5-7574E69AA5BC&timestamp=1781414325676&userID=14463315&placeID=9000000000065&category=Game&evt=ComputerMovement&label=ComputerMovementModeDefault&value=0&SD.Platform.ID=5DC0E8833F3044C39825BE99732F8E84&SD.Platform.CT=1781414319536&SD.StudioSession.MD.Type=StartServer&SD.StudioSession.ID=0EEA74702D24416D86A3B30006682D09&SD.Platform.MD.DebugVersion=FFlagStudioFlushDeferredEventsBlock%2C%20FFlagFixMissingStudioStartupSummaryEvent%2C%20FFlagFixWinStudioMissingStartEvent&SD.StudioSession.CT=1781414321316&SD.UserSession.ID=193E34956D0B4317A4B13E2C09AA4BAB&SD.UserSession.CT=1781414321316&SD.UserSession.MD.Type=LoggedOut
[2026-06-13 22:18:46] >> GET /studio/e.png?studioSid=E18009C6-6056-45D6-A536-FDE38AA6DB9E&clientID=1983CBC1-BFEF-4E46-A6E5-7574E69AA5BC&timestamp=1781414325677&userID=14463315&placeID=9000000000065&category=Game&evt=PlaceID&label=0&value=0&SD.Platform.ID=5DC0E8833F3044C39825BE99732F8E84&SD.Platform.CT=1781414319536&SD.StudioSession.MD.Type=StartServer&SD.StudioSession.ID=0EEA74702D24416D86A3B30006682D09&SD.Platform.MD.DebugVersion=FFlagStudioFlushDeferredEventsBlock%2C%20FFlagFixMissingStudioStartupSummaryEvent%2C%20FFlagFixWinStudioMissingStartEvent&SD.StudioSession.CT=1781414321316&SD.UserSession.ID=193E34956D0B4317A4B13E2C09AA4BAB&SD.UserSession.CT=1781414321316&SD.UserSession.MD.Type=LoggedOut
[2026-06-13 22:18:46] >> GET /studio/e.png?studioSid=E18009C6-6056-45D6-A536-FDE38AA6DB9E&clientID=1983CBC1-BFEF-4E46-A6E5-7574E69AA5BC&timestamp=1781414325677&userID=14463315&placeID=9000000000065&category=Game&evt=DevTouchCameraMove&label=TouchCameraMoveModeUser&value=0&SD.Platform.ID=5DC0E8833F3044C39825BE99732F8E84&SD.Platform.CT=1781414319536&SD.StudioSession.MD.Type=StartServer&SD.StudioSession.ID=0EEA74702D24416D86A3B30006682D09&SD.Platform.MD.DebugVersion=FFlagStudioFlushDeferredEventsBlock%2C%20FFlagFixMissingStudioStartupSummaryEvent%2C%20FFlagFixWinStudioMissingStartEvent&SD.StudioSession.CT=1781414321316&SD.UserSession.ID=193E34956D0B4317A4B13E2C09AA4BAB&SD.UserSession.CT=1781414321316&SD.UserSession.MD.Type=LoggedOut
[2026-06-13 22:18:46] >> GET /studio/e.png?studioSid=E18009C6-6056-45D6-A536-FDE38AA6DB9E&clientID=1983CBC1-BFEF-4E46-A6E5-7574E69AA5BC&timestamp=1781414325677&userID=14463315&placeID=9000000000065&category=Game&evt=DevTouchMovement&label=TouchMovementModeUser&value=0&SD.Platform.ID=5DC0E8833F3044C39825BE99732F8E84&SD.Platform.CT=1781414319536&SD.StudioSession.MD.Type=StartServer&SD.StudioSession.ID=0EEA74702D24416D86A3B30006682D09&SD.Platform.MD.DebugVersion=FFlagStudioFlushDeferredEventsBlock%2C%20FFlagFixMissingStudioStartupSummaryEvent%2C%20FFlagFixWinStudioMissingStartEvent&SD.StudioSession.CT=1781414321316&SD.UserSession.ID=193E34956D0B4317A4B13E2C09AA4BAB&SD.UserSession.CT=1781414321316&SD.UserSession.MD.Type=LoggedOut
[2026-06-13 22:18:46] >> GET /studio/e.png?studioSid=E18009C6-6056-45D6-A536-FDE38AA6DB9E&clientID=1983CBC1-BFEF-4E46-A6E5-7574E69AA5BC&timestamp=1781414325677&userID=14463315&placeID=9000000000065&category=Game&evt=DevComputerCameraMove&label=ComputerCameraMoveModeUser&value=0&SD.Platform.ID=5DC0E8833F3044C39825BE99732F8E84&SD.Platform.CT=1781414319536&SD.StudioSession.MD.Type=StartServer&SD.StudioSession.ID=0EEA74702D24416D86A3B30006682D09&SD.Platform.MD.DebugVersion=FFlagStudioFlushDeferredEventsBlock%2C%20FFlagFixMissingStudioStartupSummaryEvent%2C%20FFlagFixWinStudioMissingStartEvent&SD.StudioSession.CT=1781414321316&SD.UserSession.ID=193E34956D0B4317A4B13E2C09AA4BAB&SD.UserSession.CT=1781414321316&SD.UserSession.MD.Type=LoggedOut
[2026-06-13 22:18:46] >> GET /studio/e.png?studioSid=E18009C6-6056-45D6-A536-FDE38AA6DB9E&clientID=1983CBC1-BFEF-4E46-A6E5-7574E69AA5BC&timestamp=1781414325677&userID=14463315&placeID=9000000000065&category=Game&evt=DevComputerMovement&label=ComputerMovementModeUser&value=0&SD.Platform.ID=5DC0E8833F3044C39825BE99732F8E84&SD.Platform.CT=1781414319536&SD.StudioSession.MD.Type=StartServer&SD.StudioSession.ID=0EEA74702D24416D86A3B30006682D09&SD.Platform.MD.DebugVersion=FFlagStudioFlushDeferredEventsBlock%2C%20FFlagFixMissingStudioStartupSummaryEvent%2C%20FFlagFixWinStudioMissingStartEvent&SD.StudioSession.CT=1781414321316&SD.UserSession.ID=193E34956D0B4317A4B13E2C09AA4BAB&SD.UserSession.CT=1781414321316&SD.UserSession.MD.Type=LoggedOut
[2026-06-13 22:18:46] >> GET /studio/e.png?studioSid=E18009C6-6056-45D6-A536-FDE38AA6DB9E&clientID=1983CBC1-BFEF-4E46-A6E5-7574E69AA5BC&timestamp=1781414325677&userID=14463315&placeID=9000000000065&category=Game&evt=DevComputerEnableMouseLock&label=True&value=0&SD.Platform.ID=5DC0E8833F3044C39825BE99732F8E84&SD.Platform.CT=1781414319536&SD.StudioSession.MD.Type=StartServer&SD.StudioSession.ID=0EEA74702D24416D86A3B30006682D09&SD.Platform.MD.DebugVersion=FFlagStudioFlushDeferredEventsBlock%2C%20FFlagFixMissingStudioStartupSummaryEvent%2C%20FFlagFixWinStudioMissingStartEvent&SD.StudioSession.CT=1781414321316&SD.UserSession.ID=193E34956D0B4317A4B13E2C09AA4BAB&SD.UserSession.CT=1781414321316&SD.UserSession.MD.Type=LoggedOut
[2026-06-13 22:18:46] << /studio/e.png -> {}
[2026-06-13 22:18:46] << /studio/e.png -> {}
[2026-06-13 22:18:46] << /studio/e.png -> {}
[2026-06-13 22:18:46] << /studio/e.png -> {}
[2026-06-13 22:18:46] << /studio/e.png -> {}
[2026-06-13 22:18:46] << /studio/e.png -> {}
[2026-06-13 22:18:46] << /studio/e.png -> {}
[2026-06-13 22:18:46] << /studio/e.png -> {}
[2026-06-13 22:18:46] >> GET /my/settings/json
[2026-06-13 22:18:46] >> GET /studio/e.png?studioSid=6CC0A067-6251-498D-97D7-72F82332A8A5&clientID=1983CBC1-BFEF-4E46-A6E5-7574E69AA5BC&timestamp=1781414325991&userID=14463315&placeID=&category=Action&evt=Play&label=Studio%20%2D%20Client&value=0&SD.Platform.ID=39BD5212B7E147C4BB2598657C7226EC&SD.Platform.CT=1781414322384&SD.StudioSession.MD.Type=StartClient&SD.StudioSession.ID=6EA6A1942F214C57A6DE42308BCFC110&SD.Platform.MD.DebugVersion=FFlagStudioFlushDeferredEventsBlock%2C%20FFlagFixMissingStudioStartupSummaryEvent%2C%20FFlagFixWinStudioMissingStartEvent&SD.StudioSession.CT=1781414324104&SD.UserSession.ID=880839A742D94CCC8399F0501A4B7499&SD.UserSession.CT=1781414324104&SD.UserSession.MD.Type=LoggedOut
[2026-06-13 22:18:46] >> GET /studio/e.png?studioSid=6CC0A067-6251-498D-97D7-72F82332A8A5&clientID=1983CBC1-BFEF-4E46-A6E5-7574E69AA5BC&timestamp=1781414325991&userID=14463315&placeID=&category=Studio&evt=Start&label=IDE%20%04&value=0&SD.Platform.ID=39BD5212B7E147C4BB2598657C7226EC&SD.Platform.CT=1781414322384&SD.StudioSession.MD.Type=StartClient&SD.StudioSession.ID=6EA6A1942F214C57A6DE42308BCFC110&SD.Platform.MD.DebugVersion=FFlagStudioFlushDeferredEventsBlock%2C%20FFlagFixMissingStudioStartupSummaryEvent%2C%20FFlagFixWinStudioMissingStartEvent&SD.StudioSession.CT=1781414324104&SD.UserSession.ID=880839A742D94CCC8399F0501A4B7499&SD.UserSession.CT=1781414324104&SD.UserSession.MD.Type=LoggedOut
[2026-06-13 22:18:46] >> GET /studio/e.png?studioSid=6CC0A067-6251-498D-97D7-72F82332A8A5&clientID=1983CBC1-BFEF-4E46-A6E5-7574E69AA5BC&timestamp=1781414325991&userID=14463315&placeID=&category=Studio&evt=Version&label=0%2E578%2E0%2E5780566&value=0&SD.Platform.ID=39BD5212B7E147C4BB2598657C7226EC&SD.Platform.CT=1781414322384&SD.StudioSession.MD.Type=StartClient&SD.StudioSession.ID=6EA6A1942F214C57A6DE42308BCFC110&SD.Platform.MD.DebugVersion=FFlagStudioFlushDeferredEventsBlock%2C%20FFlagFixMissingStudioStartupSummaryEvent%2C%20FFlagFixWinStudioMissingStartEvent&SD.StudioSession.CT=1781414324104&SD.UserSession.ID=880839A742D94CCC8399F0501A4B7499&SD.UserSession.CT=1781414324104&SD.UserSession.MD.Type=LoggedOut
[2026-06-13 22:18:46] >> GET /studio/e.png?studioSid=6CC0A067-6251-498D-97D7-72F82332A8A5&clientID=1983CBC1-BFEF-4E46-A6E5-7574E69AA5BC&timestamp=1781414325991&userID=14463315&placeID=&category=Studio&evt=OS&label=Windows%2011&value=0&SD.Platform.ID=39BD5212B7E147C4BB2598657C7226EC&SD.Platform.CT=1781414322384&SD.StudioSession.MD.Type=StartClient&SD.StudioSession.ID=6EA6A1942F214C57A6DE42308BCFC110&SD.Platform.MD.DebugVersion=FFlagStudioFlushDeferredEventsBlock%2C%20FFlagFixMissingStudioStartupSummaryEvent%2C%20FFlagFixWinStudioMissingStartEvent&SD.StudioSession.CT=1781414324104&SD.UserSession.ID=880839A742D94CCC8399F0501A4B7499&SD.UserSession.CT=1781414324104&SD.UserSession.MD.Type=LoggedOut
[2026-06-13 22:18:46] << /my/settings/json -> {"UserId":14463315,"UserName":"HearMeRoar","DisplayName":"HearMeRoar","RobuxBalance":9999999999,"IsEmailVerified":true,"IsPremiumUser":true,"AgeBracket":0,"CountryCode":"US","Roles":["Developer","Soothsayer"],"AccountAgeInDays":1324354}
[2026-06-13 22:18:46] << /studio/e.png -> {}
[2026-06-13 22:18:46] >> GET /studio/e.png?studioSid=6CC0A067-6251-498D-97D7-72F82332A8A5&clientID=1983CBC1-BFEF-4E46-A6E5-7574E69AA5BC&timestamp=1781414325991&userID=14463315&placeID=&category=Counters&evt=RibbonBar&label=Launches&value=1&SD.Platform.ID=39BD5212B7E147C4BB2598657C7226EC&SD.Platform.CT=1781414322384&SD.StudioSession.MD.Type=StartClient&SD.StudioSession.ID=6EA6A1942F214C57A6DE42308BCFC110&SD.Platform.MD.DebugVersion=FFlagStudioFlushDeferredEventsBlock%2C%20FFlagFixMissingStudioStartupSummaryEvent%2C%20FFlagFixWinStudioMissingStartEvent&SD.StudioSession.CT=1781414324104&SD.UserSession.ID=880839A742D94CCC8399F0501A4B7499&SD.UserSession.CT=1781414324104&SD.UserSession.MD.Type=LoggedOut
[2026-06-13 22:18:46] << /studio/e.png -> {}
[2026-06-13 22:18:46] << /studio/e.png -> {}
[2026-06-13 22:18:46] >> GET /studio/e.png?studioSid=E18009C6-6056-45D6-A536-FDE38AA6DB9E&clientID=1983CBC1-BFEF-4E46-A6E5-7574E69AA5BC&timestamp=1781414325677&userID=14463315&placeID=9000000000065&category=Game&evt=DevCameraOcclusion&label=DevCameraOcclusionZoom&value=0&SD.Platform.ID=5DC0E8833F3044C39825BE99732F8E84&SD.Platform.CT=1781414319536&SD.StudioSession.MD.Type=StartServer&SD.StudioSession.ID=0EEA74702D24416D86A3B30006682D09&SD.Platform.MD.DebugVersion=FFlagStudioFlushDeferredEventsBlock%2C%20FFlagFixMissingStudioStartupSummaryEvent%2C%20FFlagFixWinStudioMissingStartEvent&SD.StudioSession.CT=1781414321316&SD.UserSession.ID=193E34956D0B4317A4B13E2C09AA4BAB&SD.UserSession.CT=1781414321316&SD.UserSession.MD.Type=LoggedOut
[2026-06-13 22:18:46] >> GET /v1/game-start-info?universeId=9000000000064
[2026-06-13 22:18:46] >> GET /v2/universes/9000000000064/configuration
[2026-06-13 22:18:46] >> POST /v1/autolocalization/games/9000000000064/autolocalizationtable
[2026-06-13 22:18:46] >> GET /studio/e.png?studioSid=E18009C6-6056-45D6-A536-FDE38AA6DB9E&clientID=1983CBC1-BFEF-4E46-A6E5-7574E69AA5BC&timestamp=1781414325789&userID=14463315&placeID=9000000000065&category=Studio&evt=OpenPlaceSuccess&label=none&value=1075&SD.Platform.ID=5DC0E8833F3044C39825BE99732F8E84&SD.Platform.CT=1781414319536&SD.StudioSession.MD.Type=StartServer&SD.StudioSession.ID=0EEA74702D24416D86A3B30006682D09&SD.Platform.MD.DebugVersion=FFlagStudioFlushDeferredEventsBlock%2C%20FFlagFixMissingStudioStartupSummaryEvent%2C%20FFlagFixWinStudioMissingStartEvent&SD.StudioSession.CT=1781414321316&SD.UserSession.ID=193E34956D0B4317A4B13E2C09AA4BAB&SD.UserSession.CT=1781414321316&SD.UserSession.MD.Type=LoggedOut
[2026-06-13 22:18:46] << /studio/e.png -> {}
[2026-06-13 22:18:46] << /studio/e.png -> {}
[2026-06-13 22:18:46] << /studio/e.png -> {}
[2026-06-13 22:18:46] << /v1/game-start-info -> {"gameServerUserGroupPolicies":[],"universePolicies":{"allowedExternalLinkReferences":[]},"name":"New MM2","universeDisplayName":"New MM2","creatorId":14463315,"creatorName":"HearMeRoar","universeId":9000000000064,"placeId":9000000000065}
[2026-06-13 22:18:46] << /v2/universes/9000000000064/configuration -> {"allowPrivateServers":true,"privateServerPrice":null,"id":9000000000064,"name":"New MM2","universeAvatarType":"MorphToR15","universeScaleType":"AllScales","universeAnimationType":"PlayerChoice","universeCollisionType":"OuterBox","universeBodyType":"Standard","universeJointPositioningType":"ArtistIntent","universeAvatarAssetOverrides":[],"universeAvatarMinScales":{"height":0.9,"width":0.7,"head":0.95,"proportion":0,"bodyType":0},"universeAvatarMaxScales":{"height":1.05,"width":1,"head":1,"proportion":1,"bodyType":1},"isArchived":false,"isFriendsOnly":false,"genre":"All","playableDevices":["Computer","Phone","Tablet"],"isForSale":false,"price":0,"isStudioAccessToApisAllowed":true,"privacyType":"Public"}
[2026-06-13 22:18:46] << /v1/autolocalization/games/9000000000064/autolocalizationtable -> {"tableId":"","locale":"en_us","entries":[]}
[2026-06-13 22:18:46] << /studio/e.png -> {}
[2026-06-13 22:18:46] >> GET /studio/e.png?studioSid=6CC0A067-6251-498D-97D7-72F82332A8A5&clientID=1983CBC1-BFEF-4E46-A6E5-7574E69AA5BC&timestamp=1781414326321&userID=14463315&placeID=&category=Game&evt=LightingObjects&label=none&value=0&SD.Platform.ID=39BD5212B7E147C4BB2598657C7226EC&SD.Platform.CT=1781414322384&SD.StudioSession.MD.Type=StartClient&SD.StudioSession.ID=6EA6A1942F214C57A6DE42308BCFC110&SD.Platform.MD.DebugVersion=FFlagStudioFlushDeferredEventsBlock%2C%20FFlagFixMissingStudioStartupSummaryEvent%2C%20FFlagFixWinStudioMissingStartEvent&SD.StudioSession.CT=1781414324104&SD.UserSession.ID=880839A742D94CCC8399F0501A4B7499&SD.UserSession.CT=1781414324104&SD.UserSession.MD.Type=LoggedOut
[2026-06-13 22:18:46] << /studio/e.png -> {}
[2026-06-13 22:18:46] >> GET /v1/universes/multiget?ids=9000000000048&ids=9000000000098&ids=9000000000068&ids=9000000000016&ids=9000000000088&ids=9000000000064&ids=9000000000092&ids=9000000000096&ids=9000000000080&ids=9000000000018&ids=9000000000040&ids=9000000000030&ids=9000000000070&ids=9000000000034&ids=9000000000020&ids=9000000000002&ids=9000000000026&ids=9000000000052&ids=9000000000022&ids=9000000000050&ids=9000000000062&ids=9000000000044&ids=9000000000060&ids=9000000000024
[2026-06-13 22:18:46] >> POST /product-experimentation-platform/v1/projects/1/values
[2026-06-13 22:18:46] << /product-experimentation-platform/v1/projects/1/values -> {"assignments":[]}
[2026-06-13 22:18:47] >> GET /studio/e.png?studioSid=6CC0A067-6251-498D-97D7-72F82332A8A5&clientID=1983CBC1-BFEF-4E46-A6E5-7574E69AA5BC&timestamp=1781414327216&userID=14463315&placeID=&category=Game&evt=ComputerCameraMove&label=ComputerCameraMoveModeDefault&value=0&SD.Platform.ID=39BD5212B7E147C4BB2598657C7226EC&SD.Platform.CT=1781414322384&SD.StudioSession.MD.Type=StartClient&SD.StudioSession.ID=6EA6A1942F214C57A6DE42308BCFC110&SD.Platform.MD.DebugVersion=FFlagStudioFlushDeferredEventsBlock%2C%20FFlagFixMissingStudioStartupSummaryEvent%2C%20FFlagFixWinStudioMissingStartEvent&SD.StudioSession.CT=1781414324104&SD.UserSession.ID=880839A742D94CCC8399F0501A4B7499&SD.UserSession.CT=1781414324104&SD.UserSession.MD.Type=LoggedOut
[2026-06-13 22:18:47] >> GET /studio/e.png?studioSid=6CC0A067-6251-498D-97D7-72F82332A8A5&clientID=1983CBC1-BFEF-4E46-A6E5-7574E69AA5BC&timestamp=1781414327216&userID=14463315&placeID=&category=Game&evt=ComputerMovement&label=ComputerMovementModeDefault&value=0&SD.Platform.ID=39BD5212B7E147C4BB2598657C7226EC&SD.Platform.CT=1781414322384&SD.StudioSession.MD.Type=StartClient&SD.StudioSession.ID=6EA6A1942F214C57A6DE42308BCFC110&SD.Platform.MD.DebugVersion=FFlagStudioFlushDeferredEventsBlock%2C%20FFlagFixMissingStudioStartupSummaryEvent%2C%20FFlagFixWinStudioMissingStartEvent&SD.StudioSession.CT=1781414324104&SD.UserSession.ID=880839A742D94CCC8399F0501A4B7499&SD.UserSession.CT=1781414324104&SD.UserSession.MD.Type=LoggedOut
[2026-06-13 22:18:47] << /studio/e.png -> {}
[2026-06-13 22:18:47] << /studio/e.png -> {}
[2026-06-13 22:18:47] >> GET /studio/e.png?studioSid=E18009C6-6056-45D6-A536-FDE38AA6DB9E&clientID=1983CBC1-BFEF-4E46-A6E5-7574E69AA5BC&timestamp=1781414327254&userID=14463315&placeID=9000000000065&category=Game&evt=CustomParticleEmitter&label=none&value=0&SD.Platform.ID=5DC0E8833F3044C39825BE99732F8E84&SD.Platform.CT=1781414319536&SD.StudioSession.MD.Type=StartServer&SD.StudioSession.ID=0EEA74702D24416D86A3B30006682D09&SD.Platform.MD.DebugVersion=FFlagStudioFlushDeferredEventsBlock%2C%20FFlagFixMissingStudioStartupSummaryEvent%2C%20FFlagFixWinStudioMissingStartEvent&SD.StudioSession.CT=1781414321316&SD.UserSession.ID=193E34956D0B4317A4B13E2C09AA4BAB&SD.UserSession.CT=1781414321316&SD.UserSession.MD.Type=LoggedOut
[2026-06-13 22:18:47] >> GET /studio/e.png?studioSid=E18009C6-6056-45D6-A536-FDE38AA6DB9E&clientID=1983CBC1-BFEF-4E46-A6E5-7574E69AA5BC&timestamp=1781414327254&userID=14463315&placeID=9000000000065&category=Game&evt=UsingMeshPart&label=none&value=0&SD.Platform.ID=5DC0E8833F3044C39825BE99732F8E84&SD.Platform.CT=1781414319536&SD.StudioSession.MD.Type=StartServer&SD.StudioSession.ID=0EEA74702D24416D86A3B30006682D09&SD.Platform.MD.DebugVersion=FFlagStudioFlushDeferredEventsBlock%2C%20FFlagFixMissingStudioStartupSummaryEvent%2C%20FFlagFixWinStudioMissingStartEvent&SD.StudioSession.CT=1781414321316&SD.UserSession.ID=193E34956D0B4317A4B13E2C09AA4BAB&SD.UserSession.CT=1781414321316&SD.UserSession.MD.Type=LoggedOut
[2026-06-13 22:18:47] >> GET /v1/asset?ID=144008269
[2026-06-13 22:18:47] >> GET /v1/asset?ID=144008272
[2026-06-13 22:18:47] >> GET /studio/e.png?studioSid=E18009C6-6056-45D6-A536-FDE38AA6DB9E&clientID=1983CBC1-BFEF-4E46-A6E5-7574E69AA5BC&timestamp=1781414327265&userID=14463315&placeID=9000000000065&category=Game&evt=SurfaceGui&label=none&value=0&SD.Platform.ID=5DC0E8833F3044C39825BE99732F8E84&SD.Platform.CT=1781414319536&SD.StudioSession.MD.Type=StartServer&SD.StudioSession.ID=0EEA74702D24416D86A3B30006682D09&SD.Platform.MD.DebugVersion=FFlagStudioFlushDeferredEventsBlock%2C%20FFlagFixMissingStudioStartupSummaryEvent%2C%20FFlagFixWinStudioMissingStartEvent&SD.StudioSession.CT=1781414321316&SD.UserSession.ID=193E34956D0B4317A4B13E2C09AA4BAB&SD.UserSession.CT=1781414321316&SD.UserSession.MD.Type=LoggedOut
[2026-06-13 22:18:47] >> GET /v1/asset?ID=147722227
[2026-06-13 22:18:47] >> GET /v1/asset?ID=144011185
[2026-06-13 22:18:47] << /studio/e.png -> {}
[2026-06-13 22:18:47] << /studio/e.png -> {}
[2026-06-13 22:18:47] << /v1/asset -> {"errors":[{"code":400,"message":"Missing id"}]}
[2026-06-13 22:18:47] << /v1/asset -> {"errors":[{"code":400,"message":"Missing id"}]}
[2026-06-13 22:18:47] << /studio/e.png -> {}
[2026-06-13 22:18:47] << /v1/asset -> {"errors":[{"code":400,"message":"Missing id"}]}
[2026-06-13 22:18:47] << /v1/asset -> {"errors":[{"code":400,"message":"Missing id"}]}
[2026-06-13 22:18:47] >> GET /asset/?id=911864050
[2026-06-13 22:18:47] >> GET /v1/asset?ID=94132726
[2026-06-13 22:18:47] >> GET /v1/asset?ID=97103817
[2026-06-13 22:18:47] << /v1/asset -> {"errors":[{"code":400,"message":"Missing id"}]}
[2026-06-13 22:18:47] << /v1/asset -> {"errors":[{"code":400,"message":"Missing id"}]}
[2026-06-13 22:18:48] FetchUrl: HTTP 403 for https://assetdelivery.roblox.com/v1/asset/?id=911864050
[2026-06-13 22:18:48] Asset 911864050: fetch failed, falling back to redirect
[2026-06-13 22:18:48] >> GET /studio/e.png?studioSid=E18009C6-6056-45D6-A536-FDE38AA6DB9E&clientID=1983CBC1-BFEF-4E46-A6E5-7574E69AA5BC&timestamp=1781414328058&userID=14463315&placeID=9000000000065&category=Game&evt=PostEffect&label=none&value=0&SD.Platform.ID=5DC0E8833F3044C39825BE99732F8E84&SD.Platform.CT=1781414319536&SD.StudioSession.MD.Type=StartServer&SD.StudioSession.ID=0EEA74702D24416D86A3B30006682D09&SD.Platform.MD.DebugVersion=FFlagStudioFlushDeferredEventsBlock%2C%20FFlagFixMissingStudioStartupSummaryEvent%2C%20FFlagFixWinStudioMissingStartEvent&SD.StudioSession.CT=1781414321316&SD.UserSession.ID=193E34956D0B4317A4B13E2C09AA4BAB&SD.UserSession.CT=1781414321316&SD.UserSession.MD.Type=LoggedOut
[2026-06-13 22:18:48] << /studio/e.png -> {}
[2026-06-13 22:18:48] >> GET /v1/universes/9000000000064/configuration
[2026-06-13 22:18:48] << /v1/universes/9000000000064/configuration -> {"allowPrivateServers":true,"privateServerPrice":null,"id":9000000000064,"name":"New MM2","universeAvatarType":"MorphToR15","universeScaleType":"AllScales","universeAnimationType":"PlayerChoice","universeCollisionType":"OuterBox","universeBodyType":"Standard","universeJointPositioningType":"ArtistIntent","universeAvatarAssetOverrides":[],"universeAvatarMinScales":{"height":0.9,"width":0.7,"head":0.95,"proportion":0,"bodyType":0},"universeAvatarMaxScales":{"height":1.05,"width":1,"head":1,"proportion":1,"bodyType":1},"isArchived":false,"isFriendsOnly":false,"genre":"All","playableDevices":["Computer","Phone","Tablet"],"isForSale":false,"price":0,"isStudioAccessToApisAllowed":true,"privacyType":"Public"}
[2026-06-13 22:18:48] >> GET /studio/e.png?studioSid=E18009C6-6056-45D6-A536-FDE38AA6DB9E&clientID=1983CBC1-BFEF-4E46-A6E5-7574E69AA5BC&timestamp=1781414328212&userID=14463315&placeID=9000000000065&category=Game&evt=ServerStartTime&label=none&value=2729&SD.Platform.ID=5DC0E8833F3044C39825BE99732F8E84&SD.Platform.CT=1781414319536&SD.StudioSession.MD.Type=StartServer&SD.StudioSession.ID=0EEA74702D24416D86A3B30006682D09&SD.Platform.MD.DebugVersion=FFlagStudioFlushDeferredEventsBlock%2C%20FFlagFixMissingStudioStartupSummaryEvent%2C%20FFlagFixWinStudioMissingStartEvent&SD.StudioSession.CT=1781414321316&SD.UserSession.ID=193E34956D0B4317A4B13E2C09AA4BAB&SD.UserSession.CT=1781414321316&SD.UserSession.MD.Type=LoggedOut
[2026-06-13 22:18:48] << /studio/e.png -> {}
[2026-06-13 22:18:49] >> GET /studio/e.png?studioSid=6CC0A067-6251-498D-97D7-72F82332A8A5&clientID=1983CBC1-BFEF-4E46-A6E5-7574E69AA5BC&timestamp=1781414328701&userID=14463315&placeID=0&category=Game&evt=ComputerCameraMove&label=ComputerCameraMoveModeDefault&value=0&SD.Platform.ID=39BD5212B7E147C4BB2598657C7226EC&SD.Platform.CT=1781414322384&SD.StudioSession.MD.Type=StartClient&SD.StudioSession.ID=6EA6A1942F214C57A6DE42308BCFC110&SD.Platform.MD.DebugVersion=FFlagStudioFlushDeferredEventsBlock%2C%20FFlagFixMissingStudioStartupSummaryEvent%2C%20FFlagFixWinStudioMissingStartEvent&SD.StudioSession.CT=1781414324104&SD.UserSession.ID=880839A742D94CCC8399F0501A4B7499&SD.UserSession.CT=1781414324104&SD.UserSession.MD.Type=LoggedOut
[2026-06-13 22:18:49] >> GET /studio/e.png?studioSid=6CC0A067-6251-498D-97D7-72F82332A8A5&clientID=1983CBC1-BFEF-4E46-A6E5-7574E69AA5BC&timestamp=1781414328701&userID=14463315&placeID=0&category=Game&evt=ComputerMovement&label=ComputerMovementModeDefault&value=0&SD.Platform.ID=39BD5212B7E147C4BB2598657C7226EC&SD.Platform.CT=1781414322384&SD.StudioSession.MD.Type=StartClient&SD.StudioSession.ID=6EA6A1942F214C57A6DE42308BCFC110&SD.Platform.MD.DebugVersion=FFlagStudioFlushDeferredEventsBlock%2C%20FFlagFixMissingStudioStartupSummaryEvent%2C%20FFlagFixWinStudioMissingStartEvent&SD.StudioSession.CT=1781414324104&SD.UserSession.ID=880839A742D94CCC8399F0501A4B7499&SD.UserSession.CT=1781414324104&SD.UserSession.MD.Type=LoggedOut
[2026-06-13 22:18:49] << /studio/e.png -> {}
[2026-06-13 22:18:49] << /studio/e.png -> {}
[2026-06-13 22:18:49] >> GET /v1/asset/?id=4834963944&modulePlaceId=9000000000065
[2026-06-13 22:18:49] >> GET /v1/asset?id=0
[2026-06-13 22:18:49] >> GET /v1/asset/?id=5543277991&modulePlaceId=9000000000065
[2026-06-13 22:18:49] >> GET /v1/asset/?id=6972600074&modulePlaceId=9000000000065
[2026-06-13 22:18:49] >> GET /v1/asset/?id=4656102360&modulePlaceId=9000000000065
[2026-06-13 22:18:49] >> GET /v1/persistence/sorted/list?scope=global&key=KillData&pageSize=10&direction=dsc&minValue=1
[2026-06-13 22:18:49] >> GET /studio/e.png?studioSid=E18009C6-6056-45D6-A536-FDE38AA6DB9E&clientID=1983CBC1-BFEF-4E46-A6E5-7574E69AA5BC&timestamp=1781414328403&userID=14463315&placeID=9000000000065&category=Game&evt=DataStorePersistence&label=none&value=0&SD.Platform.ID=5DC0E8833F3044C39825BE99732F8E84&SD.Platform.CT=1781414319536&SD.StudioSession.MD.Type=StartServer&SD.StudioSession.ID=0EEA74702D24416D86A3B30006682D09&SD.Platform.MD.DebugVersion=FFlagStudioFlushDeferredEventsBlock%2C%20FFlagFixMissingStudioStartupSummaryEvent%2C%20FFlagFixWinStudioMissingStartEvent&SD.StudioSession.CT=1781414321316&SD.UserSession.ID=193E34956D0B4317A4B13E2C09AA4BAB&SD.UserSession.CT=1781414321316&SD.UserSession.MD.Type=LoggedOut
[2026-06-13 22:18:49] >> GET /v1/universes/9000000000064/configuration
[2026-06-13 22:18:49] DS-v1: M=GET type=sorted rest=/list ds=KillData scope=global target= usnParam=no bodylen=0 body=[]
[2026-06-13 22:18:49] << /studio/e.png -> {}
[2026-06-13 22:18:49] << /v1/universes/9000000000064/configuration -> {"allowPrivateServers":true,"privateServerPrice":null,"id":9000000000064,"name":"New MM2","universeAvatarType":"MorphToR15","universeScaleType":"AllScales","universeAnimationType":"PlayerChoice","universeCollisionType":"OuterBox","universeBodyType":"Standard","universeJointPositioningType":"ArtistIntent","universeAvatarAssetOverrides":[],"universeAvatarMinScales":{"height":0.9,"width":0.7,"head":0.95,"proportion":0,"bodyType":0},"universeAvatarMaxScales":{"height":1.05,"width":1,"head":1,"proportion":1,"bodyType":1},"isArchived":false,"isFriendsOnly":false,"genre":"All","playableDevices":["Computer","Phone","Tablet"],"isForSale":false,"price":0,"isStudioAccessToApisAllowed":true,"privacyType":"Public"}
[2026-06-13 22:18:49] << /v1/persistence/sorted/list -> {"entries":[{"target":"TimePlayed62884268","value":20,"usn":"1"}],"lastEvaluatedKey":null}
[2026-06-13 22:18:49] FetchUrl: HTTP 403 for https://assetdelivery.roblox.com/v1/asset/?id=4834963944
[2026-06-13 22:18:49] Asset 4834963944: fetch failed, falling back to redirect
[2026-06-13 22:18:49] FetchUrl: HTTP 404 for https://assetdelivery.roblox.com/v1/asset/?id=0
[2026-06-13 22:18:49] Asset 0: fetch failed, falling back to redirect
[2026-06-13 22:18:49] FetchUrl: HTTP 403 for https://assetdelivery.roblox.com/v1/asset/?id=5543277991
[2026-06-13 22:18:49] FetchUrl: HTTP 403 for https://assetdelivery.roblox.com/v1/asset/?id=4656102360
[2026-06-13 22:18:49] Asset 5543277991: fetch failed, falling back to redirect
[2026-06-13 22:18:49] Asset 4656102360: fetch failed, falling back to redirect
[2026-06-13 22:18:49] >> POST /offblox/appearance?username=HearMeRoar
[2026-06-13 22:18:49] FetchUrl: HTTP 403 for https://assetdelivery.roblox.com/v1/asset/?id=6972600074
[2026-06-13 22:18:49] Avatar: stored appearance for 'HearMeRoar' (userId 14463315, 1096 chars)
[2026-06-13 22:18:49] Asset 6972600074: fetch failed, falling back to redirect
[2026-06-13 22:18:49] << /offblox/appearance -> {"ok":true}
[2026-06-13 22:18:49] >> GET /studio/e.png?studioSid=6CC0A067-6251-498D-97D7-72F82332A8A5&clientID=1983CBC1-BFEF-4E46-A6E5-7574E69AA5BC&timestamp=1781414329324&userID=14463315&placeID=0&category=Studio&evt=RamUsage%2EPlayTest&label=955&value=0&SD.Platform.ID=39BD5212B7E147C4BB2598657C7226EC&SD.Platform.CT=1781414322384&SD.StudioSession.MD.Type=StartClient&SD.StudioSession.ID=6EA6A1942F214C57A6DE42308BCFC110&SD.Platform.MD.DebugVersion=FFlagStudioFlushDeferredEventsBlock%2C%20FFlagFixMissingStudioStartupSummaryEvent%2C%20FFlagFixWinStudioMissingStartEvent&SD.StudioSession.CT=1781414324104&SD.UserSession.ID=880839A742D94CCC8399F0501A4B7499&SD.UserSession.CT=1781414324104&SD.UserSession.MD.Type=LoggedOut
[2026-06-13 22:18:49] >> GET /studio/e.png?studioSid=6CC0A067-6251-498D-97D7-72F82332A8A5&clientID=1983CBC1-BFEF-4E46-A6E5-7574E69AA5BC&timestamp=1781414329334&userID=14463315&placeID=0&category=Game&evt=GameJoin&label=Start&value=0&SD.Platform.ID=39BD5212B7E147C4BB2598657C7226EC&SD.Platform.CT=1781414322384&SD.StudioSession.MD.Type=StartClient&SD.StudioSession.ID=6EA6A1942F214C57A6DE42308BCFC110&SD.Platform.MD.DebugVersion=FFlagStudioFlushDeferredEventsBlock%2C%20FFlagFixMissingStudioStartupSummaryEvent%2C%20FFlagFixWinStudioMissingStartEvent&SD.StudioSession.CT=1781414324104&SD.UserSession.ID=880839A742D94CCC8399F0501A4B7499&SD.UserSession.CT=1781414324104&SD.UserSession.MD.Type=LoggedOut
[2026-06-13 22:18:49] >> GET /studio/e.png?studioSid=6CC0A067-6251-498D-97D7-72F82332A8A5&clientID=1983CBC1-BFEF-4E46-A6E5-7574E69AA5BC&timestamp=1781414329342&userID=14463315&placeID=0&category=Studio&evt=OpenPlaceSuccess&label=none&value=1455&SD.Platform.ID=39BD5212B7E147C4BB2598657C7226EC&SD.Platform.CT=1781414322384&SD.StudioSession.MD.Type=StartClient&SD.StudioSession.ID=6EA6A1942F214C57A6DE42308BCFC110&SD.Platform.MD.DebugVersion=FFlagStudioFlushDeferredEventsBlock%2C%20FFlagFixMissingStudioStartupSummaryEvent%2C%20FFlagFixWinStudioMissingStartEvent&SD.StudioSession.CT=1781414324104&SD.UserSession.ID=880839A742D94CCC8399F0501A4B7499&SD.UserSession.CT=1781414324104&SD.UserSession.MD.Type=LoggedOut
[2026-06-13 22:18:49] << /studio/e.png -> {}
[2026-06-13 22:18:49] << /studio/e.png -> {}
[2026-06-13 22:18:49] << /studio/e.png -> {}
[2026-06-13 22:18:49] >> GET /playfab-universes-service/v1/playfab-title?universeId=9000000000064
[2026-06-13 22:18:49] >> GET /studio-user-settings/v1/user/studiodata/BetaFeatureInformation
[2026-06-13 22:18:49] >> GET /studio-user-settings/v1/user/studiodata/InstalledPluginsAsJson_V001
[2026-06-13 22:18:49] << /playfab-universes-service/v1/playfab-title -> {"titleId":"","enabled":false}
[2026-06-13 22:18:49] >> GET /studio-user-settings/plugin-permissions?permissionType=HttpService&exclusiveStartId=0&pageSize=100
[2026-06-13 22:18:49] << /studio-user-settings/v1/user/studiodata/BetaFeatureInformation -> {}
[2026-06-13 22:18:49] << /studio-user-settings/v1/user/studiodata/InstalledPluginsAsJson_V001 -> {}
[2026-06-13 22:18:49] << /studio-user-settings/plugin-permissions -> {}
[2026-06-13 22:18:49] >> GET /studio-user-settings/plugin-permissions?permissionType=ScriptInjection&exclusiveStartId=0&pageSize=100
[2026-06-13 22:18:49] << /studio-user-settings/plugin-permissions -> {}
[2026-06-13 22:18:49] >> GET /v1/universes/multiget/teamcreate?ids=9000000000048&ids=9000000000098&ids=9000000000068&ids=9000000000016&ids=9000000000088&ids=9000000000064&ids=9000000000092&ids=9000000000096&ids=9000000000080&ids=9000000000018&ids=9000000000040&ids=9000000000030&ids=9000000000070&ids=9000000000034&ids=9000000000020&ids=9000000000002&ids=9000000000026&ids=9000000000052&ids=9000000000022&ids=9000000000050&ids=9000000000062&ids=9000000000044&ids=9000000000060&ids=9000000000024
[2026-06-13 22:18:49] >> GET /v1/asset?id=1112382870
[2026-06-13 22:18:49] TeamCreate stub (disabled): GET /v1/universes/multiget/teamcreate
[2026-06-13 22:18:49] << /v1/universes/multiget/teamcreate -> {"data":[{"universeId":9000000000048,"isEnabled":false,"teamCreateEnabled":false},{"universeId":9000000000098,"isEnabled":false,"teamCreateEnabled":false},{"universeId":9000000000068,"isEnabled":false,"teamCreateEnabled":false},{"universeId":9000000000016,"isEnabled":false,"teamCreateEnabled":false},{"universeId":9000000000088,"isEnabled":false,"teamCreateEnabled":false},{"universeId":9000000000064,"isEnabled":false,"teamCreateEnabled":false},{"universeId":9000000000092,"isEnabled":false,"teamCreateEnabled":false},{"universeId":9000000000096,"isEnabled":false,"teamCreateEnabled":false},{"universeId":9000000000080,"isEnabled":false,"teamCreateEnabled":false},{"universeId":9000000000018,"isEnabled":false,"teamCreateEnabled":false},{"universeId":9000000000040,"isEnabled":false,"teamCreateEnabled":false},{"universeId":9000000000030,"isEnabled":false,"teamCreateEnabled":false},{"universeId":9000000000070,"isEnabled":false,"teamCreateEnabled":false},{"universeId":90000000000
[2026-06-13 22:18:49] >> GET /v1/asset?id=36869975
[2026-06-13 22:18:49] >> GET /studio-user-settings/v1/user/studiodata/BetaFeatureInformation
[2026-06-13 22:18:49] >> GET /studio-user-settings/v1/user/studiodata/InstalledPluginsAsJson_V001
[2026-06-13 22:18:49] >> GET /studio-user-settings/plugin-permissions?permissionType=HttpService&exclusiveStartId=0&pageSize=100
[2026-06-13 22:18:49] >> GET /studio-user-settings/plugin-permissions?permissionType=ScriptInjection&exclusiveStartId=0&pageSize=100
[2026-06-13 22:18:49] >> GET /v1/universes/multiget/teamcreate?ids=9000000000048&ids=9000000000098&ids=9000000000068&ids=9000000000016&ids=9000000000088&ids=9000000000064&ids=9000000000092&ids=9000000000096&ids=9000000000080&ids=9000000000018&ids=9000000000040&ids=9000000000030&ids=9000000000070&ids=9000000000034&ids=9000000000020&ids=9000000000002&ids=9000000000026&ids=9000000000052&ids=9000000000022&ids=9000000000050&ids=9000000000062&ids=9000000000044&ids=9000000000060&ids=9000000000024
[2026-06-13 22:18:49] >> GET /v1/asset?id=10060220393
[2026-06-13 22:18:49] << /studio-user-settings/v1/user/studiodata/BetaFeatureInformation -> {}
[2026-06-13 22:18:49] << /studio-user-settings/v1/user/studiodata/InstalledPluginsAsJson_V001 -> {}
[2026-06-13 22:18:49] << /studio-user-settings/plugin-permissions -> {}
[2026-06-13 22:18:49] << /studio-user-settings/plugin-permissions -> {}
[2026-06-13 22:18:49] TeamCreate stub (disabled): GET /v1/universes/multiget/teamcreate
[2026-06-13 22:18:49] << /v1/universes/multiget/teamcreate -> {"data":[{"universeId":9000000000048,"isEnabled":false,"teamCreateEnabled":false},{"universeId":9000000000098,"isEnabled":false,"teamCreateEnabled":false},{"universeId":9000000000068,"isEnabled":false,"teamCreateEnabled":false},{"universeId":9000000000016,"isEnabled":false,"teamCreateEnabled":false},{"universeId":9000000000088,"isEnabled":false,"teamCreateEnabled":false},{"universeId":9000000000064,"isEnabled":false,"teamCreateEnabled":false},{"universeId":9000000000092,"isEnabled":false,"teamCreateEnabled":false},{"universeId":9000000000096,"isEnabled":false,"teamCreateEnabled":false},{"universeId":9000000000080,"isEnabled":false,"teamCreateEnabled":false},{"universeId":9000000000018,"isEnabled":false,"teamCreateEnabled":false},{"universeId":9000000000040,"isEnabled":false,"teamCreateEnabled":false},{"universeId":9000000000030,"isEnabled":false,"teamCreateEnabled":false},{"universeId":9000000000070,"isEnabled":false,"teamCreateEnabled":false},{"universeId":90000000000
[2026-06-13 22:18:49] Asset 1112382870 fetched OK (6774 bytes)
[2026-06-13 22:18:50] >> GET /asset/?id=431017394
[2026-06-13 22:18:50] >> GET /asset/?id=431017393
[2026-06-13 22:18:50] >> GET /v1/asset?id=1106919053
[2026-06-13 22:18:50] >> GET /asset/?id=1100377925
[2026-06-13 22:18:50] >> GET /asset/?id=9873270487
[2026-06-13 22:18:50] Asset 36869975 fetched OK (107828 bytes)
[2026-06-13 22:18:50] >> GET /studio/e.png?studioSid=6CC0A067-6251-498D-97D7-72F82332A8A5&clientID=1983CBC1-BFEF-4E46-A6E5-7574E69AA5BC&timestamp=1781414329856&userID=14463315&placeID=0&category=Studio&evt=RamUsage%2EOpenPlace&label=1012&value=0&SD.Platform.ID=39BD5212B7E147C4BB2598657C7226EC&SD.Platform.CT=1781414322384&SD.StudioSession.MD.Type=StartClient&SD.StudioSession.ID=6EA6A1942F214C57A6DE42308BCFC110&SD.Platform.MD.DebugVersion=FFlagStudioFlushDeferredEventsBlock%2C%20FFlagFixMissingStudioStartupSummaryEvent%2C%20FFlagFixWinStudioMissingStartEvent&SD.StudioSession.CT=1781414324104&SD.UserSession.ID=B6A04371E73F40DBA3373E22122D8E7E&SD.UserSession.CT=1781414329595&SD.UserSession.MD.Type=LoggedIn&SD.MainViewSession.ID=F56B3182993E44DCAA75E2390D37758B&SD.MainViewSession.CT=1781414329595&SD.MainViewSession.MD.Type=StartClient&SD.MainViewSession.MD.PlaceInstanceId=00000000%2D0000%2D0000%2D0000%2D000000000000
[2026-06-13 22:18:50] << /studio/e.png -> {}
[2026-06-13 22:18:50] FetchUrl: HTTP 403 for https://assetdelivery.roblox.com/v1/asset/?id=431017393
[2026-06-13 22:18:50] FetchUrl: HTTP 403 for https://assetdelivery.roblox.com/v1/asset/?id=431017394
[2026-06-13 22:18:50] Asset 431017393: fetch failed, falling back to redirect
[2026-06-13 22:18:50] Asset 431017394: fetch failed, falling back to redirect
[2026-06-13 22:18:50] Asset 10060220393 fetched OK (9388 bytes)
[2026-06-13 22:18:50] Asset 1100377925 fetched OK (14281 bytes)
[2026-06-13 22:18:50] Asset 1106919053 fetched OK (5253 bytes)
[2026-06-13 22:18:50] Asset 9873270487 fetched OK (268 bytes)
[2026-06-13 22:18:50] >> GET /asset/?id=9873270487
[2026-06-13 22:18:50] >> GET /asset/?id=9873270487
[2026-06-13 22:18:50] Asset 9873270487 fetched OK (268 bytes)
[2026-06-13 22:18:50] Asset 9873270487 fetched OK (268 bytes)
[2026-06-13 22:18:50] >> GET /asset/?id=9438413638
[2026-06-13 22:18:50] >> GET /asset/?id=7547164710
[2026-06-13 22:18:50] >> GET /asset/?id=425242298
[2026-06-13 22:18:50] >> GET /asset/?id=7547164710
[2026-06-13 22:18:50] >> GET /asset/?id=425953882
[2026-06-13 22:18:50] >> GET /v1/asset?id=1159012819
[2026-06-13 22:18:50] Asset 9438413638 fetched OK (162 bytes)
[2026-06-13 22:18:50] Asset 7547164710 fetched OK (226 bytes)
[2026-06-13 22:18:50] Asset 7547164710 fetched OK (226 bytes)
[2026-06-13 22:18:50] Asset 425242298 fetched OK (165209 bytes)
[2026-06-13 22:18:50] >> GET /v1/asset?id=1090084917
[2026-06-13 22:18:50] >> GET /v1/asset?id=1106919119
[2026-06-13 22:18:50] Asset 1159012819 fetched OK (6548 bytes)
[2026-06-13 22:18:50] >> PATCH /studio-user-settings/v1/user/studiodata/BetaFeatureInformation
[2026-06-13 22:18:50] >> GET /v1/games/icons?universeIds=9000000000048,9000000000098,9000000000068,9000000000016,9000000000088,9000000000064,9000000000092,9000000000096,9000000000080,9000000000018,9000000000040,9000000000030,9000000000070,9000000000034,9000000000020,9000000000002,9000000000026,9000000000052,9000000000022,9000000000050,9000000000062,9000000000044,9000000000060,9000000000024&size=256x256&format=png&returnPolicy=AutoGenerated
[2026-06-13 22:18:50] << /studio-user-settings/v1/user/studiodata/BetaFeatureInformation -> {}
[2026-06-13 22:18:50] << /v1/games/icons -> {"data":[{"targetId":9000000000048,"state":"Completed","imageUrl":"http://localhost/Png.png"},{"targetId":9000000000098,"state":"Completed","imageUrl":"http://localhost/Png.png"},{"targetId":9000000000068,"state":"Completed","imageUrl":"http://localhost/Png.png"},{"targetId":9000000000016,"state":"Completed","imageUrl":"http://localhost/Png.png"},{"targetId":9000000000088,"state":"Completed","imageUrl":"http://localhost/Png.png"},{"targetId":9000000000064,"state":"Completed","imageUrl":"http://localhost/Png.png"},{"targetId":9000000000092,"state":"Completed","imageUrl":"http://localhost/Png.png"},{"targetId":9000000000096,"state":"Completed","imageUrl":"http://localhost/Png.png"},{"targetId":9000000000080,"state":"Completed","imageUrl":"http://localhost/Png.png"},{"targetId":9000000000018,"state":"Completed","imageUrl":"http://localhost/Png.png"},{"targetId":9000000000040,"state":"Completed","imageUrl":"http://localhost/Png.png"},{"targetId":9000000000030,"state":"Completed","imageUrl":
[2026-06-13 22:18:50] Asset 1090084917 fetched OK (8769 bytes)
[2026-06-13 22:18:50] Asset 1106919119 fetched OK (5194 bytes)
[2026-06-13 22:18:50] >> GET /v1/asset?id=1100441852
[2026-06-13 22:18:50] >> GET /v1/asset?id=1100441859
[2026-06-13 22:18:50] >> GET /asset/?id=1089920262
[2026-06-13 22:18:50] Asset 425953882 fetched OK (109298 bytes)
[2026-06-13 22:18:50] >> GET /asset/?id=1097273795
[2026-06-13 22:18:50] >> GET /asset/?id=1158316069
[2026-06-13 22:18:51] Asset 1100441859 fetched OK (3670 bytes)
[2026-06-13 22:18:51] Asset 1100441852 fetched OK (7430 bytes)
[2026-06-13 22:18:51] Asset 1089920262 fetched OK (11793 bytes)
[2026-06-13 22:18:51] >> GET /v1/player-policies-client
[2026-06-13 22:18:51] >> GET /universal-app-configuration/v1/behaviors/app-policy/content
[2026-06-13 22:18:51] << /v1/player-policies-client -> {"isSubjectToChinaPolicies":false,"arePaidRandomItemsRestricted":false,"isPaidItemTradingAllowed":true,"areAdsAllowed":true,"isEmotesEnabled":true,"allowedExternalLinkReferences":["Discord","YouTube","Twitch","Facebook"]}
[2026-06-13 22:18:51] << /universal-app-configuration/v1/behaviors/app-policy/content -> {"ChatConversationHeaderGroupDetails":true,"ShowDisplayName":true,"GamesDropDownList":true,"GameDetailsMorePage":true,"Notifications":true,"SearchBar":true,"SocialLinks":true,"UseLuobuAuthentication":true,"CheckUserAgreementsUpdatedOnLogin":true,"UseOmniRecommendation":true,"IsEmotesEnabled":true}
[2026-06-13 22:18:51] Asset 1097273795 fetched OK (20185 bytes)
[2026-06-13 22:18:51] >> POST /studio/pbe
[2026-06-13 22:18:51] Asset 1158316069 fetched OK (6585 bytes)
[2026-06-13 22:18:51] << /studio/pbe -> {}
[2026-06-13 22:18:51] >> GET /v1/asset?id=151760072
[2026-06-13 22:18:51] >> GET /asset/?id=10060400103
[2026-06-13 22:18:51] >> GET /v1/asset?id=10060220351
[2026-06-13 22:18:51] >> GET /v1/asset?id=10060220297
[2026-06-13 22:18:51] FetchUrl: HTTP 403 for https://assetdelivery.roblox.com/v1/asset/?id=10060400103
[2026-06-13 22:18:51] Asset 10060400103: fetch failed, falling back to redirect
[2026-06-13 22:18:51] Asset 151760072 fetched OK (74363 bytes)
[2026-06-13 22:18:51] >> GET /asset/?id=156292409
[2026-06-13 22:18:51] >> GET /asset/?id=156292343
[2026-06-13 22:18:51] Asset 10060220351 fetched OK (53046 bytes)
[2026-06-13 22:18:51] >> GET /v1/users/get-blocked-users
[2026-06-13 22:18:51] >> GET /v1/asset?id=9650458518
[2026-06-13 22:18:51] >> GET /asset/?id=7240770494
[2026-06-13 22:18:51] << /v1/users/get-blocked-users -> {"data":[{"id":14463315,"name":"HearMeRoar","displayName":"HearMeRoar"}]}
[2026-06-13 22:18:51] Asset 156292409 fetched OK (92762 bytes)
[2026-06-13 22:18:51] Asset 156292343 fetched OK (102336 bytes)
[2026-06-13 22:18:51] Asset 10060220297 fetched OK (38492 bytes)
[2026-06-13 22:18:51] FetchUrl: HTTP 403 for https://assetdelivery.roblox.com/v1/asset/?id=9650458518
[2026-06-13 22:18:51] Asset 9650458518: fetch failed, falling back to redirect
[2026-06-13 22:18:51] >> GET /asset/?id=9650545162
[2026-06-13 22:18:51] >> GET /v1/asset?id=9650428507
[2026-06-13 22:18:51] FetchUrl: HTTP 403 for https://assetdelivery.roblox.com/v1/asset/?id=7240770494
[2026-06-13 22:18:51] Asset 7240770494: fetch failed, falling back to redirect
[2026-06-13 22:18:51] >> GET /asset/?id=10241609255
[2026-06-13 22:18:51] FetchUrl: HTTP 403 for https://assetdelivery.roblox.com/v1/asset/?id=9650545162
[2026-06-13 22:18:51] FetchUrl: HTTP 403 for https://assetdelivery.roblox.com/v1/asset/?id=9650428507
[2026-06-13 22:18:51] >> GET /v1/asset/?id=156286438&permissionContext=ignoreUniverse
[2026-06-13 22:18:51] >> GET /studio/e.png?studioSid=6CC0A067-6251-498D-97D7-72F82332A8A5&clientID=1983CBC1-BFEF-4E46-A6E5-7574E69AA5BC&timestamp=1781414331366&userID=14463315&placeID=0&category=Game&evt=PostEffect&label=none&value=0&SD.Platform.ID=39BD5212B7E147C4BB2598657C7226EC&SD.Platform.CT=1781414322384&SD.StudioSession.MD.Type=StartClient&SD.StudioSession.ID=6EA6A1942F214C57A6DE42308BCFC110&SD.Platform.MD.DebugVersion=FFlagStudioFlushDeferredEventsBlock%2C%20FFlagFixMissingStudioStartupSummaryEvent%2C%20FFlagFixWinStudioMissingStartEvent&SD.StudioSession.CT=1781414324104&SD.UserSession.ID=B6A04371E73F40DBA3373E22122D8E7E&SD.UserSession.CT=1781414329595&SD.UserSession.MD.Type=LoggedIn&SD.MainViewSession.ID=F56B3182993E44DCAA75E2390D37758B&SD.MainViewSession.CT=1781414329595&SD.MainViewSession.MD.Type=StartClient&SD.MainViewSession.MD.PlaceInstanceId=00000000%2D0000%2D0000%2D0000%2D000000000000
[2026-06-13 22:18:51] >> GET /v1/asset/?id=179235828&permissionContext=ignoreUniverse
[2026-06-13 22:18:51] >> GET /v1/asset/?id=179287602&permissionContext=ignoreUniverse
[2026-06-13 22:18:51] >> GET /v1/asset/?id=131886985&permissionContext=ignoreUniverse
[2026-06-13 22:18:51] Asset 9650545162: fetch failed, falling back to redirect
[2026-06-13 22:18:51] Asset 9650428507: fetch failed, falling back to redirect
[2026-06-13 22:18:51] << /studio/e.png -> {}
[2026-06-13 22:18:51] >> GET /studio/e.png?studioSid=6CC0A067-6251-498D-97D7-72F82332A8A5&clientID=1983CBC1-BFEF-4E46-A6E5-7574E69AA5BC&timestamp=1781414331457&userID=14463315&placeID=0&category=Game&evt=CustomParticleEmitter&label=none&value=0&SD.Platform.ID=39BD5212B7E147C4BB2598657C7226EC&SD.Platform.CT=1781414322384&SD.StudioSession.MD.Type=StartClient&SD.StudioSession.ID=6EA6A1942F214C57A6DE42308BCFC110&SD.Platform.MD.DebugVersion=FFlagStudioFlushDeferredEventsBlock%2C%20FFlagFixMissingStudioStartupSummaryEvent%2C%20FFlagFixWinStudioMissingStartEvent&SD.StudioSession.CT=1781414324104&SD.UserSession.ID=B6A04371E73F40DBA3373E22122D8E7E&SD.UserSession.CT=1781414329595&SD.UserSession.MD.Type=LoggedIn&SD.MainViewSession.ID=F56B3182993E44DCAA75E2390D37758B&SD.MainViewSession.CT=1781414329595&SD.MainViewSession.MD.Type=StartClient&SD.MainViewSession.MD.PlaceInstanceId=00000000%2D0000%2D0000%2D0000%2D000000000000
[2026-06-13 22:18:51] >> GET /asset/?id=9545534561
[2026-06-13 22:18:51] << /studio/e.png -> {}
[2026-06-13 22:18:51] >> GET /asset/?id=10241781197
[2026-06-13 22:18:51] >> GET /v1/asset?id=9493967073
[2026-06-13 22:18:51] FetchUrl: HTTP 403 for https://assetdelivery.roblox.com/v1/asset/?id=10241609255
[2026-06-13 22:18:51] Asset 10241609255: fetch failed, falling back to redirect
[2026-06-13 22:18:51] >> GET /asset/?id=9470154020
[2026-06-13 22:18:51] Asset 156286438 fetched OK (11629 bytes)
[2026-06-13 22:18:51] >> GET /asset/?id=9476538312
[2026-06-13 22:18:51] >> GET /v1/asset/?id=144008269&permissionContext=ignoreUniverse
[2026-06-13 22:18:51] >> GET /v1/asset/?id=144008272&permissionContext=ignoreUniverse
[2026-06-13 22:18:51] Asset 179235828 fetched OK (5434 bytes)
[2026-06-13 22:18:51] Asset 179287602 fetched OK (6309 bytes)
[2026-06-13 22:18:51] Asset 131886985 fetched OK (7346 bytes)
[2026-06-13 22:18:51] FetchUrl: HTTP 403 for https://assetdelivery.roblox.com/v1/asset/?id=9545534561
[2026-06-13 22:18:51] FetchUrl: HTTP 403 for https://assetdelivery.roblox.com/v1/asset/?id=9493967073
[2026-06-13 22:18:51] Asset 9545534561: fetch failed, falling back to redirect
[2026-06-13 22:18:51] Asset 9493967073: fetch failed, falling back to redirect
[2026-06-13 22:18:51] FetchUrl: HTTP 403 for https://assetdelivery.roblox.com/v1/asset/?id=9476538312
[2026-06-13 22:18:51] Asset 9476538312: fetch failed, falling back to redirect
[2026-06-13 22:18:51] FetchUrl: HTTP 403 for https://assetdelivery.roblox.com/v1/asset/?id=10241781197
[2026-06-13 22:18:51] Asset 144008269 fetched OK (21925 bytes)
[2026-06-13 22:18:51] Asset 10241781197: fetch failed, falling back to redirect
[2026-06-13 22:18:51] FetchUrl: HTTP 403 for https://assetdelivery.roblox.com/v1/asset/?id=9470154020
[2026-06-13 22:18:51] Asset 144008272 fetched OK (26839 bytes)
[2026-06-13 22:18:51] Asset 9470154020: fetch failed, falling back to redirect
[2026-06-13 22:18:51] >> GET /v1/asset?id=251051010
[2026-06-13 22:18:51] >> GET /asset/?id=606155451
[2026-06-13 22:18:51] >> GET /studio/e.png?studioSid=6CC0A067-6251-498D-97D7-72F82332A8A5&clientID=1983CBC1-BFEF-4E46-A6E5-7574E69AA5BC&timestamp=1781414331741&userID=14463315&placeID=0&category=Game&evt=UsingMeshPart&label=none&value=0&SD.Platform.ID=39BD5212B7E147C4BB2598657C7226EC&SD.Platform.CT=1781414322384&SD.StudioSession.MD.Type=StartClient&SD.StudioSession.ID=6EA6A1942F214C57A6DE42308BCFC110&SD.Platform.MD.DebugVersion=FFlagStudioFlushDeferredEventsBlock%2C%20FFlagFixMissingStudioStartupSummaryEvent%2C%20FFlagFixWinStudioMissingStartEvent&SD.StudioSession.CT=1781414324104&SD.UserSession.ID=B6A04371E73F40DBA3373E22122D8E7E&SD.UserSession.CT=1781414329595&SD.UserSession.MD.Type=LoggedIn&SD.MainViewSession.ID=F56B3182993E44DCAA75E2390D37758B&SD.MainViewSession.CT=1781414329595&SD.MainViewSession.MD.Type=StartClient&SD.MainViewSession.MD.PlaceInstanceId=00000000%2D0000%2D0000%2D0000%2D000000000000
[2026-06-13 22:18:52] << /studio/e.png -> {}
[2026-06-13 22:18:52] >> GET /asset/?id=23705166
[2026-06-13 22:18:52] >> POST /v1.0/SequenceStatistics/BatchAddToSequencesV2?apiKey=76E5A40C%2D3AE1%2D4028%2D9F10%2D7C62520BD94F
[2026-06-13 22:18:52] >> POST /v1.1/Counters/BatchIncrement?apiKey=76E5A40C%2D3AE1%2D4028%2D9F10%2D7C62520BD94F
[2026-06-13 22:18:52] << /v1.0/SequenceStatistics/BatchAddToSequencesV2 -> {}
[2026-06-13 22:18:52] << /v1.1/Counters/BatchIncrement -> {}
[2026-06-13 22:18:52] >> GET /v1/asset/?id=78496487&permissionContext=ignoreUniverse
[2026-06-13 22:18:52] >> GET /v1/asset/?id=153647554&permissionContext=ignoreUniverse
[2026-06-13 22:18:52] >> GET /v1/asset/?id=153647563&permissionContext=ignoreUniverse
[2026-06-13 22:18:52] >> GET /v1/asset?id=10294526344
[2026-06-13 22:18:52] >> GET /v1/asset?id=97886770
[2026-06-13 22:18:52] >> GET /asset/?id=810972651
[2026-06-13 22:18:52] >> GET /v1/asset/?id=153647529&permissionContext=ignoreUniverse
[2026-06-13 22:18:52] Asset 23705166 fetched OK (127368 bytes)
[2026-06-13 22:18:52] >> POST /v1/batch
[2026-06-13 22:18:52] << /v1/batch -> {"data":[]}
[2026-06-13 22:18:52] >> GET /asset/?id=601861441
[2026-06-13 22:18:52] >> GET /asset/?id=734098555
[2026-06-13 22:18:52] Asset 606155451 fetched OK (115621 bytes)
[2026-06-13 22:18:52] Asset 153647563 fetched OK (10143 bytes)
[2026-06-13 22:18:52] Asset 153647554 fetched OK (9927 bytes)
[2026-06-13 22:18:52] Asset 78496487 fetched OK (111176 bytes)
[2026-06-13 22:18:52] Asset 97886770 fetched OK (375818 bytes)
[2026-06-13 22:18:52] Asset 153647529 fetched OK (7166 bytes)
[2026-06-13 22:18:52] >> GET /v1/asset/?id=153647514&permissionContext=ignoreUniverse
[2026-06-13 22:18:52] >> GET /v1/asset/?id=153647516&permissionContext=ignoreUniverse
[2026-06-13 22:18:52] >> GET /v1/asset/?id=169310273&permissionContext=ignoreUniverse
[2026-06-13 22:18:52] Asset 10294526344 fetched OK (8274 bytes)
[2026-06-13 22:18:52] Asset 810972651 fetched OK (138309 bytes)
[2026-06-13 22:18:52] >> GET /v1/asset/?id=105273324&permissionContext=ignoreUniverse
[2026-06-13 22:18:52] >> GET /v1/asset?id=54983107
[2026-06-13 22:18:52] >> GET /v1/asset?id=54983181
[2026-06-13 22:18:52] Asset 734098555 fetched OK (159722 bytes)
[2026-06-13 22:18:52] Asset 169310273 fetched OK (10686 bytes)
[2026-06-13 22:18:52] Asset 153647514 fetched OK (12398 bytes)
[2026-06-13 22:18:52] >> GET /asset/?id=2134691514
[2026-06-13 22:18:52] Asset 153647516 fetched OK (7674 bytes)
[2026-06-13 22:18:52] Asset 251051010 fetched OK (57840 bytes)
[2026-06-13 22:18:52] Asset 105273324 fetched OK (5993 bytes)
[2026-06-13 22:18:52] Asset 54983107 fetched OK (107356 bytes)
[2026-06-13 22:18:52] >> GET /asset/?id=602844188
[2026-06-13 22:18:52] Asset 54983181 fetched OK (163055 bytes)
[2026-06-13 22:18:52] >> GET /v1/asset?id=10190681442
[2026-06-13 22:18:52] Asset 2134691514 fetched OK (2753 bytes)
[2026-06-13 22:18:52] >> GET /v1/asset?id=608243309
[2026-06-13 22:18:52] >> GET /v1/asset?id=317389236
[2026-06-13 22:18:52] Asset 10190681442 fetched OK (8632 bytes)
[2026-06-13 22:18:52] Asset 601861441 fetched OK (109526 bytes)
[2026-06-13 22:18:52] >> GET /v1/asset?id=317389593
[2026-06-13 22:18:52] >> GET /v1/asset?id=10294525939
[2026-06-13 22:18:52] >> GET /v1/asset?id=6978645136
[2026-06-13 22:18:52] Asset 608243309 fetched OK (146171 bytes)
[2026-06-13 22:18:53] >> GET /v1/asset/?id=5634448510&permissionContext=ignoreUniverse
[2026-06-13 22:18:53] >> GET /v1/asset/?id=147722227&permissionContext=ignoreUniverse
[2026-06-13 22:18:53] >> GET /v1/asset/?id=144011185&permissionContext=ignoreUniverse
[2026-06-13 22:18:53] Asset 10294525939 fetched OK (18460 bytes)
[2026-06-13 22:18:53] >> GET /v1/asset/?id=103842566&permissionContext=ignoreUniverse
[2026-06-13 22:18:53] Asset 317389236 fetched OK (186723 bytes)
[2026-06-13 22:18:53] >> GET /v1/asset?id=251050885
[2026-06-13 22:18:53] >> GET /v1/asset?id=608201724
[2026-06-13 22:18:53] Asset 317389593 fetched OK (164588 bytes)
[2026-06-13 22:18:53] Asset 6978645136 fetched OK (328063 bytes)
[2026-06-13 22:18:53] Asset 147722227 fetched OK (12107 bytes)
[2026-06-13 22:18:53] Asset 144011185 fetched OK (5249 bytes)
[2026-06-13 22:18:53] Asset 5634448510 fetched OK (35132 bytes)
[2026-06-13 22:18:53] >> GET /v1/asset?id=251050144
[2026-06-13 22:18:53] Asset 103842566 fetched OK (17753 bytes)
[2026-06-13 22:18:53] >> GET /v1/asset?id=198940037
[2026-06-13 22:18:53] >> GET /v1/asset/?id=104560954&permissionContext=ignoreUniverse
[2026-06-13 22:18:53] >> GET /v1/asset/?id=104605494&permissionContext=ignoreUniverse
[2026-06-13 22:18:53] >> GET /v1/asset/?id=104562155&permissionContext=ignoreUniverse
[2026-06-13 22:18:53] >> GET /v1/asset/?id=93043504&permissionContext=ignoreUniverse
[2026-06-13 22:18:53] >> GET /v1/asset?id=10294525847
[2026-06-13 22:18:53] Asset 608201724 fetched OK (242145 bytes)
[2026-06-13 22:18:53] >> GET /asset/?id=602576733
[2026-06-13 22:18:53] >> GET //v1/settings/verify/show-age-verification-overlay/0?placeId=0
[2026-06-13 22:18:53] << //v1/settings/verify/show-age-verification-overlay/0 -> {"showAgeVerificationOverlay":false,"inExperienceFaeUpsell":"Disabled","elegibleToSeeVoiceUpsell":false,"showVoiceOptInOverlay":false,"showVoiceInExperienceUpsell":false,"showVoiceInExperienceUpsellVariant":"","showAvatarVideoOptInOverlay":false,"showDataConsentToast":false,"showJoinVoiceUpsellTooltip":false,"showM3LikelySpeakingBubbles":false,"universePlaceVoiceEnabledSettings":{"isUniverseEnabledForVoice":true,"isPlaceEnabledForVoice":true,"isUniverseEnabledForAvatarVideo":true,"isPlaceEnabledForAvatarVideo":true,"isChatGroupsApiEnabled":false},"voiceSettings":{"isVoiceEnabled":true,"isUserOptIn":true,"isUserEligible":true,"isBanned":false,"banReason":0,"bannedUntil":null,"canVerifyAgeForVoice":false,"isVerifiedForVoice":true,"denialReason":0,"isOptInDisabled":false,"hasEverOpted":true,"isAvatarVideoEnabled":false,"isAvatarVideoOptIn":false,"isAvatarVideoOptInDisabled":false,"isAvatarVideoEligible":true,"hasEverOptedAvatarVideo":false,"userHasAvata
[2026-06-13 22:18:53] Asset 104605494 fetched OK (38304 bytes)
[2026-06-13 22:18:53] >> GET /v1/asset/?id=0&permissionContext=ignoreUniverse
[2026-06-13 22:18:53] >> GET /v1/asset?id=319491726
[2026-06-13 22:18:53] Asset 602844188 fetched OK (62642 bytes)
[2026-06-13 22:18:53] Asset 104562155 fetched OK (14152 bytes)
[2026-06-13 22:18:53] Asset 104560954 fetched OK (4657 bytes)
[2026-06-13 22:18:53] >> GET /v1/asset?id=167884734
[2026-06-13 22:18:53] >> GET /v1/asset?id=315217424
[2026-06-13 22:18:53] Asset 93043504 fetched OK (10222 bytes)
[2026-06-13 22:18:53] FetchUrl: HTTP 404 for https://assetdelivery.roblox.com/v1/asset/?id=0
[2026-06-13 22:18:53] Asset 0: fetch failed, falling back to redirect
[2026-06-13 22:18:53] Asset 198940037 fetched OK (133810 bytes)
[2026-06-13 22:18:53] Asset 10294525847 fetched OK (15767 bytes)
[2026-06-13 22:18:53] Asset 315217424 fetched OK (95745 bytes)
[2026-06-13 22:18:53] >> GET /asset/?id=810986207
[2026-06-13 22:18:53] Asset 167884734 fetched OK (6828 bytes)
[2026-06-13 22:18:53] >> GET /v1/asset?id=239583800
[2026-06-13 22:18:53] Asset 319491726 fetched OK (244831 bytes)
[2026-06-13 22:18:53] >> GET /asset/?id=10060400103
[2026-06-13 22:18:53] >> GET /asset/?id=431017394
[2026-06-13 22:18:53] >> GET /asset/?id=431017393
[2026-06-13 22:18:53] >> GET /asset/?id=198947272
[2026-06-13 22:18:53] >> GET /asset/?id=722042793
[2026-06-13 22:18:53] >> GET /asset/?id=807597422
[2026-06-13 22:18:53] Asset 251050885 fetched OK (107198 bytes)
[2026-06-13 22:18:53] Asset 251050144 fetched OK (62027 bytes)
[2026-06-13 22:18:53] >> GET /asset/?id=605857532
[2026-06-13 22:18:53] >> GET /asset/?id=7547304948
[2026-06-13 22:18:53] >> GET /v1/asset?id=190131936
[2026-06-13 22:18:53] FetchUrl: HTTP 403 for https://assetdelivery.roblox.com/v1/asset/?id=10060400103
[2026-06-13 22:18:53] Asset 10060400103: fetch failed, falling back to redirect
[2026-06-13 22:18:53] >> GET /asset/?id=601861441
[2026-06-13 22:18:53] FetchUrl: HTTP 403 for https://assetdelivery.roblox.com/v1/asset/?id=431017393
[2026-06-13 22:18:53] FetchUrl: HTTP 403 for https://assetdelivery.roblox.com/v1/asset/?id=431017394
[2026-06-13 22:18:53] Asset 431017393: fetch failed, falling back to redirect
[2026-06-13 22:18:53] Asset 431017394: fetch failed, falling back to redirect
[2026-06-13 22:18:54] >> GET /asset/?id=7547304948
[2026-06-13 22:18:54] Asset 722042793 fetched OK (181971 bytes)
[2026-06-13 22:18:54] Asset 7547304948 fetched OK (226 bytes)
[2026-06-13 22:18:54] Asset 807597422 fetched OK (200758 bytes)
[2026-06-13 22:18:54] Asset 601861441 fetched OK (109526 bytes)
[2026-06-13 22:18:54] >> GET /asset/?id=7547304948
[2026-06-13 22:18:54] >> GET /asset/?id=807597422
[2026-06-13 22:18:54] >> GET /asset/?id=722042616
[2026-06-13 22:18:54] Asset 7547304948 fetched OK (226 bytes)
[2026-06-13 22:18:54] Asset 190131936 fetched OK (102539 bytes)
[2026-06-13 22:18:54] >> GET /v1/asset?id=317389430
[2026-06-13 22:18:54] >> GET /v1/asset?id=180944989
[2026-06-13 22:18:54] Asset 7547304948 fetched OK (226 bytes)
[2026-06-13 22:18:54] Asset 807597422 fetched OK (200758 bytes)
[2026-06-13 22:18:54] >> GET /v1/asset?id=608217845
[2026-06-13 22:18:54] >> GET /asset/?id=26195003
[2026-06-13 22:18:54] >> GET /v1/asset?id=10060220236
[2026-06-13 22:18:54] Asset 722042616 fetched OK (238487 bytes)
[2026-06-13 22:18:54] >> GET /asset/?id=7547304948
[2026-06-13 22:18:54] Asset 198947272 fetched OK (295261 bytes)
[2026-06-13 22:18:54] >> GET /v1/asset?id=317389538
[2026-06-13 22:18:54] Asset 317389430 fetched OK (219399 bytes)
[2026-06-13 22:18:54] >> GET /asset/?id=7547304948
[2026-06-13 22:18:54] Asset 810986207 fetched OK (300728 bytes)
[2026-06-13 22:18:54] Asset 7547304948 fetched OK (226 bytes)
[2026-06-13 22:18:54] Asset 26195003 fetched OK (71276 bytes)
[2026-06-13 22:18:54] Asset 602576733 fetched OK (144118 bytes)
[2026-06-13 22:18:54] >> GET /asset/?id=702352983
[2026-06-13 22:18:54] Asset 605857532 fetched OK (170569 bytes)
[2026-06-13 22:18:54] Asset 7547304948 fetched OK (226 bytes)
[2026-06-13 22:18:54] Asset 10060220236 fetched OK (22983 bytes)
[2026-06-13 22:18:54] >> GET /asset/?id=7547304948
[2026-06-13 22:18:54] >> GET /v1/asset?id=162671092
[2026-06-13 22:18:54] >> GET /asset/?id=1080978447
[2026-06-13 22:18:54] >> GET /v1/asset?id=180944904
[2026-06-13 22:18:54] >> GET /asset/?id=1080978431
[2026-06-13 22:18:54] >> GET /v1/asset?id=251050885
[2026-06-13 22:18:54] Asset 7547304948 fetched OK (226 bytes)
[2026-06-13 22:18:54] >> GET /asset/?id=1086678958
[2026-06-13 22:18:54] Asset 239583800 fetched OK (1002187 bytes)
[2026-06-13 22:18:54] >> GET /v1/asset?id=180945052
[2026-06-13 22:18:54] >> GET /asset/?id=1100419792
[2026-06-13 22:18:54] Asset 162671092 fetched OK (413655 bytes)
[2026-06-13 22:18:54] Asset 1080978447 fetched OK (95822 bytes)
[2026-06-13 22:18:54] >> GET /v1/asset?id=10294526050
[2026-06-13 22:18:54] >> GET /v1/asset?id=608217845
[2026-06-13 22:18:54] Asset 1080978431 fetched OK (66825 bytes)
[2026-06-13 22:18:54] Asset 251050885 fetched OK (107198 bytes)
[2026-06-13 22:18:54] Asset 608217845 fetched OK (166472 bytes)
[2026-06-13 22:18:54] Asset 180944904 fetched OK (263023 bytes)
[2026-06-13 22:18:54] >> GET /v1/asset?id=608226740
[2026-06-13 22:18:55] Asset 1100419792 fetched OK (14281 bytes)
[2026-06-13 22:18:55] Asset 1086678958 fetched OK (235651 bytes)
[2026-06-13 22:18:55] FetchUrl: HTTP 403 for https://assetdelivery.roblox.com/v1/asset/?id=608226740
[2026-06-13 22:18:55] Asset 608217845 fetched OK (166472 bytes)
[2026-06-13 22:18:55] Asset 608226740: fetch failed, falling back to redirect
[2026-06-13 22:18:55] Asset 10294526050 fetched OK (10141 bytes)
[2026-06-13 22:18:55] >> GET /v1/asset?id=317389491
[2026-06-13 22:18:55] >> GET /v1/asset?id=317389538
[2026-06-13 22:18:55] >> GET /v1/asset?id=159653652
[2026-06-13 22:18:55] >> GET /v1/asset?id=10294525939
[2026-06-13 22:18:55] >> GET /asset/?id=601598508
[2026-06-13 22:18:55] >> GET /v1/asset?id=178402723
[2026-06-13 22:18:55] >> GET /asset/?id=1100419792
[2026-06-13 22:18:55] >> GET /v1/asset?id=251047708
[2026-06-13 22:18:55] Asset 10294525939 fetched OK (18460 bytes)
[2026-06-13 22:18:55] Asset 702352983 fetched OK (291654 bytes)
[2026-06-13 22:18:55] Asset 1100419792 fetched OK (14281 bytes)
[2026-06-13 22:18:55] >> GET /asset/?id=250547611
[2026-06-13 22:18:55] >> GET /v1/asset?id=190398538
[2026-06-13 22:18:55] Asset 180945052 fetched OK (88480 bytes)
[2026-06-13 22:18:55] Asset 601598508 fetched OK (149717 bytes)
[2026-06-13 22:18:55] Asset 317389491 fetched OK (181650 bytes)
[2026-06-13 22:18:55] Asset 180944989 fetched OK (256316 bytes)
[2026-06-13 22:18:55] Asset 159653652 fetched OK (539729 bytes)
[2026-06-13 22:18:55] >> GET /v1/asset?id=159653652
[2026-06-13 22:18:55] Asset 250547611 fetched OK (55187 bytes)
[2026-06-13 22:18:55] Asset 178402723 fetched OK (140388 bytes)
[2026-06-13 22:18:55] Asset 317389538 fetched OK (168593 bytes)
[2026-06-13 22:18:55] Asset 317389538 fetched OK (168593 bytes)
[2026-06-13 22:18:55] Asset 251047708 fetched OK (144605 bytes)
[2026-06-13 22:18:55] >> GET /v1/asset?id=10190681442
[2026-06-13 22:18:55] Asset 159653652 fetched OK (539729 bytes)
[2026-06-13 22:18:55] >> GET /asset/?id=702352983
[2026-06-13 22:18:55] >> GET /asset/?id=807495258
[2026-06-13 22:18:55] >> GET /v1/asset?id=10294526108
[2026-06-13 22:18:55] >> GET /asset/?id=26195003
[2026-06-13 22:18:55] >> GET /v1/asset?id=180945144
[2026-06-13 22:18:55] >> GET /v1/asset?id=608207274
[2026-06-13 22:18:55] >> GET /v1/asset?id=319491726
[2026-06-13 22:18:55] >> GET /asset/?id=603206447
[2026-06-13 22:18:55] Asset 10190681442 fetched OK (8632 bytes)
[2026-06-13 22:18:55] >> GET /asset/?id=807502168
[2026-06-13 22:18:55] >> GET /asset/?id=807597680
[2026-06-13 22:18:55] Asset 702352983 fetched OK (291654 bytes)
[2026-06-13 22:18:55] >> GET /v1/asset?id=10294526161
[2026-06-13 22:18:55] Asset 10294526108 fetched OK (14404 bytes)
[2026-06-13 22:18:55] Asset 26195003 fetched OK (71276 bytes)
[2026-06-13 22:18:55] >> GET /v1/asset?id=608222531
[2026-06-13 22:18:55] >> GET /v1/asset?id=178402723
[2026-06-13 22:18:55] Asset 319491726 fetched OK (244831 bytes)
[2026-06-13 22:18:55] >> GET /v1/asset?id=251050125
[2026-06-13 22:18:55] Asset 608207274 fetched OK (133418 bytes)
[2026-06-13 22:18:55] Asset 10294526161 fetched OK (12850 bytes)
[2026-06-13 22:18:56] >> GET /asset/?id=1086678352
[2026-06-13 22:18:56] Asset 603206447 fetched OK (94975 bytes)
[2026-06-13 22:18:56] Asset 190398538 fetched OK (136870 bytes)
[2026-06-13 22:18:56] Asset 178402723 fetched OK (140388 bytes)
[2026-06-13 22:18:56] >> GET /v1/asset?id=608230000
[2026-06-13 22:18:56] >> GET /v1/asset?id=251050108
[2026-06-13 22:18:56] Asset 608222531 fetched OK (107755 bytes)
[2026-06-13 22:18:56] >> GET /v1/asset?id=180945131
[2026-06-13 22:18:56] >> GET /v1/asset?id=251050108
[2026-06-13 22:18:56] Asset 251050125 fetched OK (135547 bytes)
[2026-06-13 22:18:56] >> GET /v1/asset?id=192294097
[2026-06-13 22:18:56] >> GET /v1/asset?id=317389593
[2026-06-13 22:18:56] >> GET /asset/?id=1086672853
[2026-06-13 22:18:56] >> GET /asset/?id=601871832
[2026-06-13 22:18:56] >> GET /asset/?id=1086672836
[2026-06-13 22:18:56] Asset 180945131 fetched OK (129004 bytes)
[2026-06-13 22:18:56] >> GET /v1/asset?id=180945089
[2026-06-13 22:18:56] Asset 608230000 fetched OK (198403 bytes)
[2026-06-13 22:18:56] Asset 180945144 fetched OK (99662 bytes)
[2026-06-13 22:18:56] Asset 317389593 fetched OK (164588 bytes)
[2026-06-13 22:18:56] Asset 807495258 fetched OK (217045 bytes)
[2026-06-13 22:18:56] >> GET /v1/asset?id=190848393
[2026-06-13 22:18:56] Asset 1086672836 fetched OK (39113 bytes)
[2026-06-13 22:18:56] Asset 601871832 fetched OK (83619 bytes)
[2026-06-13 22:18:56] >> GET /v1/asset?id=608248490
[2026-06-13 22:18:56] >> GET /v1/asset?id=251050144
[2026-06-13 22:18:56] >> GET /v1/asset?id=251047708
[2026-06-13 22:18:56] >> GET /v1/asset?id=190398538
[2026-06-13 22:18:56] Asset 190848393 fetched OK (114264 bytes)
[2026-06-13 22:18:56] >> GET /asset/?id=603206447
[2026-06-13 22:18:56] >> GET /asset/?id=807495258
[2026-06-13 22:18:56] Asset 251050108 fetched OK (59300 bytes)
[2026-06-13 22:18:56] Asset 251050108 fetched OK (59300 bytes)
[2026-06-13 22:18:56] >> GET /v1/asset?id=180944960
[2026-06-13 22:18:56] Asset 251050144 fetched OK (62027 bytes)
[2026-06-13 22:18:56] Asset 251047708 fetched OK (144605 bytes)
[2026-06-13 22:18:56] Asset 1086678352 fetched OK (138567 bytes)
[2026-06-13 22:18:56] Asset 807597680 fetched OK (193231 bytes)
[2026-06-13 22:18:56] Asset 190398538 fetched OK (136870 bytes)
[2026-06-13 22:18:56] Asset 608248490 fetched OK (108063 bytes)
[2026-06-13 22:18:56] Asset 807502168 fetched OK (240244 bytes)
[2026-06-13 22:18:56] Asset 603206447 fetched OK (94975 bytes)
[2026-06-13 22:18:56] Asset 807495258 fetched OK (217045 bytes)
[2026-06-13 22:18:56] >> GET /v1/asset?id=201480146
[2026-06-13 22:18:56] Asset 180944960 fetched OK (109184 bytes)
[2026-06-13 22:18:56] Asset 1086672853 fetched OK (127697 bytes)
[2026-06-13 22:18:56] >> GET /asset/?id=605880648
[2026-06-13 22:18:56] >> GET /asset/?id=7837986943
[2026-06-13 22:18:56] Asset 180945089 fetched OK (95934 bytes)
[2026-06-13 22:18:56] >> GET /asset/?id=810986207
[2026-06-13 22:18:57] Asset 192294097 fetched OK (188921 bytes)
[2026-06-13 22:18:57] >> GET /v1/asset?id=317389491
[2026-06-13 22:18:57] >> GET /v1/asset?id=317389430
[2026-06-13 22:18:57] >> GET /v1/asset?id=10294526161
[2026-06-13 22:18:57] >> GET /v1/asset?id=180945039
[2026-06-13 22:18:57] >> GET /asset/?id=605880648
[2026-06-13 22:18:57] >> GET /v1/asset?id=317389378
[2026-06-13 22:18:57] >> GET /v1/asset?id=317389334
[2026-06-13 22:18:57] Asset 201480146 fetched OK (96634 bytes)
[2026-06-13 22:18:57] >> GET /asset/?id=20572870
[2026-06-13 22:18:57] Asset 605880648 fetched OK (200503 bytes)
[2026-06-13 22:18:57] Asset 810986207 fetched OK (300728 bytes)
[2026-06-13 22:18:57] >> GET /v1/asset?id=306877635
[2026-06-13 22:18:57] Asset 317389430 fetched OK (219399 bytes)
[2026-06-13 22:18:57] Asset 10294526161 fetched OK (12850 bytes)
[2026-06-13 22:18:57] >> GET /v1/asset?id=178200933
[2026-06-13 22:18:57] Asset 7837986943 fetched OK (129042 bytes)
[2026-06-13 22:18:57] Asset 605880648 fetched OK (200503 bytes)
[2026-06-13 22:18:57] >> GET /asset/?id=602576733
[2026-06-13 22:18:57] Asset 317389491 fetched OK (181650 bytes)
[2026-06-13 22:18:57] Asset 20572870 fetched OK (48235 bytes)
[2026-06-13 22:18:57] >> GET /v1/asset?ID=144012208
[2026-06-13 22:18:57] << /v1/asset -> {"errors":[{"code":400,"message":"Missing id"}]}
[2026-06-13 22:18:57] Asset 317389378 fetched OK (187256 bytes)
[2026-06-13 22:18:57] Asset 317389334 fetched OK (188944 bytes)
[2026-06-13 22:18:57] >> GET /v1/asset?id=178494449
[2026-06-13 22:18:57] Asset 602576733 fetched OK (144118 bytes)
[2026-06-13 22:18:57] >> GET /v1/asset?id=251050098
[2026-06-13 22:18:57] Asset 178200933 fetched OK (380806 bytes)
[2026-06-13 22:18:57] >> GET /v1/asset?id=251059557
[2026-06-13 22:18:57] Asset 306877635 fetched OK (196028 bytes)
[2026-06-13 22:18:57] >> GET /asset/?id=806278033
[2026-06-13 22:18:57] >> GET /v1/asset?id=10294526050
[2026-06-13 22:18:57] >> GET /v1/asset?id=608201724
[2026-06-13 22:18:57] >> GET /v1/asset?id=178402851
[2026-06-13 22:18:57] >> GET /v1/asset?id=198936019
[2026-06-13 22:18:57] >> GET /asset/?id=601871832
[2026-06-13 22:18:57] Asset 180945039 fetched OK (120275 bytes)
[2026-06-13 22:18:57] >> GET /v1/asset?id=191006047
[2026-06-13 22:18:57] Asset 178494449 fetched OK (155090 bytes)
[2026-06-13 22:18:57] Asset 10294526050 fetched OK (10141 bytes)
[2026-06-13 22:18:57] Asset 608201724 fetched OK (242145 bytes)
[2026-06-13 22:18:57] >> GET /v1/asset?id=180944928
[2026-06-13 22:18:57] >> GET /asset/?id=601598508
[2026-06-13 22:18:57] Asset 251050098 fetched OK (90407 bytes)
[2026-06-13 22:18:57] >> GET /v1/asset?id=306877635
[2026-06-13 22:18:57] Asset 601871832 fetched OK (83619 bytes)
[2026-06-13 22:18:57] >> GET /asset/?id=1086678352
[2026-06-13 22:18:57] Asset 806278033 fetched OK (177375 bytes)
[2026-06-13 22:18:57] >> GET /v1/asset?id=10294525847
[2026-06-13 22:18:57] Asset 601598508 fetched OK (149717 bytes)
[2026-06-13 22:18:57] >> GET /v1/asset?ID=144012208
[2026-06-13 22:18:57] << /v1/asset -> {"errors":[{"code":400,"message":"Missing id"}]}
[2026-06-13 22:18:57] Asset 306877635 fetched OK (196028 bytes)
[2026-06-13 22:18:57] Asset 178402851 fetched OK (174460 bytes)
[2026-06-13 22:18:57] >> GET /v1/asset?id=178494449
[2026-06-13 22:18:57] Asset 1086678352 fetched OK (138567 bytes)
[2026-06-13 22:18:57] >> GET /asset/?id=1080978447
[2026-06-13 22:18:57] Asset 180944928 fetched OK (177896 bytes)
[2026-06-13 22:18:57] >> GET /asset/?id=1080978431
[2026-06-13 22:18:57] >> GET /v1/asset?id=251050125
[2026-06-13 22:18:57] Asset 10294525847 fetched OK (15767 bytes)
[2026-06-13 22:18:57] >> GET /asset/?id=250547611
[2026-06-13 22:18:57] >> GET /v1/asset?id=192294097
[2026-06-13 22:18:58] >> GET /asset/?id=1086672853
[2026-06-13 22:18:58] Asset 1080978447 fetched OK (95822 bytes)
[2026-06-13 22:18:58] Asset 178494449 fetched OK (155090 bytes)
[2026-06-13 22:18:58] Asset 1080978431 fetched OK (66825 bytes)
[2026-06-13 22:18:58] Asset 251050125 fetched OK (135547 bytes)
[2026-06-13 22:18:58] >> GET /v1/asset?id=608232450
[2026-06-13 22:18:58] Asset 250547611 fetched OK (55187 bytes)
[2026-06-13 22:18:58] >> GET /v1/asset?id=251050098
[2026-06-13 22:18:58] >> GET /asset/?id=23800371
[2026-06-13 22:18:58] Asset 192294097 fetched OK (188921 bytes)
[2026-06-13 22:18:58] >> GET /asset/?id=1086672836
[2026-06-13 22:18:58] >> GET /asset/?id=1086680746
[2026-06-13 22:18:58] Asset 251059557 fetched OK (92053 bytes)
[2026-06-13 22:18:58] >> GET /v1/asset?id=190848393
[2026-06-13 22:18:58] Asset 1086672853 fetched OK (127697 bytes)
[2026-06-13 22:18:58] Asset 251050098 fetched OK (90407 bytes)
[2026-06-13 22:18:58] Asset 23800371 fetched OK (44899 bytes)
[2026-06-13 22:18:58] Asset 1086672836 fetched OK (39113 bytes)
[2026-06-13 22:18:58] >> GET /asset/?id=1086678958
[2026-06-13 22:18:58] >> GET /asset/?id=23800371
[2026-06-13 22:18:58] Asset 190848393 fetched OK (114264 bytes)
[2026-06-13 22:18:58] Asset 608232450 fetched OK (141399 bytes)
[2026-06-13 22:18:58] Asset 191006047 fetched OK (335940 bytes)
[2026-06-13 22:18:58] >> GET /v1/asset?id=608243309
[2026-06-13 22:18:58] >> GET /v1/asset?id=180944928
[2026-06-13 22:18:58] >> GET /v1/asset?id=201480146
[2026-06-13 22:18:58] Asset 1086680746 fetched OK (163132 bytes)
[2026-06-13 22:18:58] >> GET /asset/?id=20572870
[2026-06-13 22:18:58] >> GET /v1/asset?id=191006047
[2026-06-13 22:18:58] Asset 23800371 fetched OK (44899 bytes)
[2026-06-13 22:18:58] >> GET /asset/?id=722042793
[2026-06-13 22:18:58] Asset 1086678958 fetched OK (235651 bytes)
[2026-06-13 22:18:58] Asset 198936019 fetched OK (214853 bytes)
[2026-06-13 22:18:58] >> GET /asset/?id=806225822
[2026-06-13 22:18:58] >> GET /v1/asset?id=10060220236
[2026-06-13 22:18:58] >> GET /asset/?id=807502168
[2026-06-13 22:18:58] Asset 201480146 fetched OK (96634 bytes)
[2026-06-13 22:18:58] Asset 608243309 fetched OK (146171 bytes)
[2026-06-13 22:18:58] Asset 20572870 fetched OK (48235 bytes)
[2026-06-13 22:18:58] Asset 191006047 fetched OK (335940 bytes)
[2026-06-13 22:18:58] Asset 722042793 fetched OK (181971 bytes)
[2026-06-13 22:18:58] Asset 180944928 fetched OK (177896 bytes)
[2026-06-13 22:18:58] >> GET /v1/asset?id=239583800
[2026-06-13 22:18:58] >> GET /v1/asset?id=180944960
[2026-06-13 22:18:58] >> GET /asset/?id=806249396
[2026-06-13 22:18:58] Asset 10060220236 fetched OK (22983 bytes)
[2026-06-13 22:18:58] >> GET /asset/?id=722042616
[2026-06-13 22:18:58] >> GET /asset/?id=806278033
[2026-06-13 22:18:58] >> GET /v1/asset?id=178402851
[2026-06-13 22:18:58] >> GET /v1/asset?id=162671092
[2026-06-13 22:18:58] Asset 807502168 fetched OK (240244 bytes)
[2026-06-13 22:18:58] Asset 239583800 fetched OK (1002187 bytes)
[2026-06-13 22:18:58] Asset 180944960 fetched OK (109184 bytes)
[2026-06-13 22:18:58] >> GET /asset/?id=198947272
[2026-06-13 22:18:58] >> GET /v1/asset?id=178200933
[2026-06-13 22:18:58] >> GET /v1/asset?id=54983181
[2026-06-13 22:18:58] >> GET /v1/asset?id=317389236
[2026-06-13 22:18:58] Asset 178402851 fetched OK (174460 bytes)
[2026-06-13 22:18:58] Asset 806278033 fetched OK (177375 bytes)
[2026-06-13 22:18:58] Asset 162671092 fetched OK (413655 bytes)
[2026-06-13 22:18:58] >> GET /v1/asset?id=317389378
[2026-06-13 22:18:58] >> GET /v1/asset?id=6978645136
[2026-06-13 22:18:58] >> GET /asset/?id=1086680746
[2026-06-13 22:18:58] Asset 722042616 fetched OK (238487 bytes)
[2026-06-13 22:18:58] Asset 198947272 fetched OK (295261 bytes)
[2026-06-13 22:18:58] Asset 54983181 fetched OK (163055 bytes)
[2026-06-13 22:18:58] Asset 178200933 fetched OK (380806 bytes)
[2026-06-13 22:18:58] >> GET /asset/?id=806249396
[2026-06-13 22:18:58] Asset 317389236 fetched OK (186723 bytes)
[2026-06-13 22:18:58] >> GET /asset/?id=806225822
[2026-06-13 22:18:59] Asset 6978645136 fetched OK (328063 bytes)
[2026-06-13 22:18:59] Asset 1086680746 fetched OK (163132 bytes)
[2026-06-13 22:18:59] Asset 317389378 fetched OK (187256 bytes)
[2026-06-13 22:18:59] Asset 806225822 fetched OK (196673 bytes)
[2026-06-13 22:18:59] >> GET /v1/asset?id=190131936
[2026-06-13 22:18:59] >> GET /asset/?id=7837986943
[2026-06-13 22:18:59] >> GET /v1/asset?id=608194655
[2026-06-13 22:18:59] Asset 806225822 fetched OK (196673 bytes)
[2026-06-13 22:18:59] >> GET /v1/asset?id=608207274
[2026-06-13 22:18:59] >> GET /v1/asset?id=608222531
[2026-06-13 22:18:59] >> GET /v1/asset?id=608248490
[2026-06-13 22:18:59] Asset 7837986943 fetched OK (129042 bytes)
[2026-06-13 22:18:59] Asset 190131936 fetched OK (102539 bytes)
[2026-06-13 22:18:59] >> GET /v1/asset?id=180945012
[2026-06-13 22:18:59] >> GET /v1/asset?id=608194655
[2026-06-13 22:18:59] >> GET /asset/?id=605857532
[2026-06-13 22:18:59] >> GET /asset/?id=2134691514
[2026-06-13 22:18:59] >> GET /asset/?id=602844188
[2026-06-13 22:18:59] >> GET /v1/asset?id=180945052
[2026-06-13 22:18:59] Asset 608222531 fetched OK (107755 bytes)
[2026-06-13 22:18:59] >> GET /v1/asset?id=608226740
[2026-06-13 22:18:59] Asset 608194655 fetched OK (133023 bytes)
[2026-06-13 22:18:59] Asset 608207274 fetched OK (133418 bytes)
[2026-06-13 22:18:59] Asset 608248490 fetched OK (108063 bytes)
[2026-06-13 22:18:59] >> GET /v1/asset?id=10294526108
[2026-06-13 22:18:59] Asset 2134691514 fetched OK (2753 bytes)
[2026-06-13 22:18:59] Asset 605857532 fetched OK (170569 bytes)
[2026-06-13 22:18:59] >> GET /v1/asset?id=608232450
[2026-06-13 22:18:59] Asset 608194655 fetched OK (133023 bytes)
[2026-06-13 22:18:59] Asset 806249396 fetched OK (293210 bytes)
[2026-06-13 22:18:59] Asset 180945052 fetched OK (88480 bytes)
[2026-06-13 22:18:59] Asset 806249396 fetched OK (293210 bytes)
[2026-06-13 22:18:59] Asset 602844188 fetched OK (62642 bytes)
[2026-06-13 22:18:59] FetchUrl: HTTP 403 for https://assetdelivery.roblox.com/v1/asset/?id=608226740
[2026-06-13 22:18:59] >> GET /v1/asset?id=180944989
[2026-06-13 22:18:59] Asset 608226740: fetch failed, falling back to redirect
[2026-06-13 22:18:59] Asset 180945012 fetched OK (85108 bytes)
[2026-06-13 22:18:59] Asset 10294526108 fetched OK (14404 bytes)
[2026-06-13 22:18:59] >> GET /v1/asset?id=180945012
[2026-06-13 22:18:59] >> GET /v1/asset?id=180945039
[2026-06-13 22:18:59] >> GET /v1/asset?id=180945089
[2026-06-13 22:18:59] >> GET /asset/?id=2551856737
[2026-06-13 22:18:59] Asset 608232450 fetched OK (141399 bytes)
[2026-06-13 22:18:59] >> GET /v1/asset?id=180944904
[2026-06-13 22:18:59] Asset 180944989 fetched OK (256316 bytes)
[2026-06-13 22:18:59] >> GET /v1/asset?id=198940037
[2026-06-13 22:18:59] Asset 180945012 fetched OK (85108 bytes)
[2026-06-13 22:18:59] >> GET /asset/?id=305826272
[2026-06-13 22:18:59] >> GET /asset/?id=306914370
[2026-06-13 22:18:59] Asset 180945039 fetched OK (120275 bytes)
[2026-06-13 22:18:59] Asset 180945089 fetched OK (95934 bytes)
[2026-06-13 22:18:59] Asset 2551856737 fetched OK (125178 bytes)
[2026-06-13 22:18:59] >> GET /v1/asset?id=198936019
[2026-06-13 22:18:59] >> GET /v1/asset?id=317389334
[2026-06-13 22:18:59] >> GET /v1/asset?id=608230000
[2026-06-13 22:18:59] >> GET /v1/asset?id=180945155
[2026-06-13 22:18:59] >> GET /v1/asset?id=251059557
[2026-06-13 22:18:59] >> GET /asset/?id=807597680
[2026-06-13 22:18:59] Asset 198940037 fetched OK (133810 bytes)
[2026-06-13 22:18:59] Asset 180944904 fetched OK (263023 bytes)
[2026-06-13 22:18:59] >> GET /v1/asset?id=13206750999
[2026-06-13 22:18:59] >> GET /v1/asset?id=571635574
[2026-06-13 22:18:59] Asset 608230000 fetched OK (198403 bytes)
[2026-06-13 22:18:59] Asset 305826272 fetched OK (327075 bytes)
[2026-06-13 22:18:59] Asset 198936019 fetched OK (214853 bytes)
[2026-06-13 22:18:59] Asset 317389334 fetched OK (188944 bytes)
[2026-06-13 22:18:59] Asset 251059557 fetched OK (92053 bytes)
[2026-06-13 22:19:00] >> GET /asset/?id=545603487
[2026-06-13 22:19:00] Asset 807597680 fetched OK (193231 bytes)
[2026-06-13 22:19:00] Asset 180945155 fetched OK (131295 bytes)
[2026-06-13 22:19:00] >> GET /v1/asset?id=163023507
[2026-06-13 22:19:00] >> GET /v1/asset?id=163023481
[2026-06-13 22:19:00] >> GET /asset/?id=12953307149
[2026-06-13 22:19:00] >> GET /asset/?id=10241781197
[2026-06-13 22:19:00] >> GET /asset/?id=9545534561
[2026-06-13 22:19:00] Asset 571635574 fetched OK (22005 bytes)
[2026-06-13 22:19:00] FetchUrl: HTTP 403 for https://assetdelivery.roblox.com/v1/asset/?id=10241781197
[2026-06-13 22:19:00] Asset 10241781197: fetch failed, falling back to redirect
[2026-06-13 22:19:00] Asset 545603487 fetched OK (155076 bytes)
[2026-06-13 22:19:00] Asset 13206750999 fetched OK (112009 bytes)
[2026-06-13 22:19:00] FetchUrl: HTTP 403 for https://assetdelivery.roblox.com/v1/asset/?id=9545534561
[2026-06-13 22:19:00] Asset 9545534561: fetch failed, falling back to redirect
[2026-06-13 22:19:00] >> GET /v1/asset?id=9493967073
[2026-06-13 22:19:00] >> GET /asset/?id=9470154020
[2026-06-13 22:19:00] >> GET /asset/?id=10241609255
[2026-06-13 22:19:00] >> GET /asset/?id=7240770494
[2026-06-13 22:19:00] Asset 163023507 fetched OK (41817 bytes)
[2026-06-13 22:19:00] >> GET /asset/?id=12953306795
[2026-06-13 22:19:00] >> GET /asset/?id=9476538312
[2026-06-13 22:19:00] Asset 163023481 fetched OK (599068 bytes)
[2026-06-13 22:19:00] >> GET /v1/asset?id=9650458518
[2026-06-13 22:19:00] FetchUrl: HTTP 403 for https://assetdelivery.roblox.com/v1/asset/?id=10241609255
[2026-06-13 22:19:00] FetchUrl: HTTP 403 for https://assetdelivery.roblox.com/v1/asset/?id=9493967073
[2026-06-13 22:19:00] Asset 10241609255: fetch failed, falling back to redirect
[2026-06-13 22:19:00] FetchUrl: HTTP 403 for https://assetdelivery.roblox.com/v1/asset/?id=9470154020
[2026-06-13 22:19:00] Asset 9493967073: fetch failed, falling back to redirect
[2026-06-13 22:19:00] FetchUrl: HTTP 403 for https://assetdelivery.roblox.com/v1/asset/?id=7240770494
[2026-06-13 22:19:00] Asset 9470154020: fetch failed, falling back to redirect
[2026-06-13 22:19:00] Asset 7240770494: fetch failed, falling back to redirect
[2026-06-13 22:19:00] >> GET /v1/asset?id=5671242596
[2026-06-13 22:19:00] FetchUrl: HTTP 403 for https://assetdelivery.roblox.com/v1/asset/?id=9476538312
[2026-06-13 22:19:00] Asset 9476538312: fetch failed, falling back to redirect
[2026-06-13 22:19:00] FetchUrl: HTTP 403 for https://assetdelivery.roblox.com/v1/asset/?id=9650458518
[2026-06-13 22:19:00] Asset 9650458518: fetch failed, falling back to redirect
[2026-06-13 22:19:00] Asset 306914370 fetched OK (157729 bytes)
[2026-06-13 22:19:00] >> GET /v1/asset?id=5580148723
[2026-06-13 22:19:00] >> GET /asset/?id=12945895223
[2026-06-13 22:19:00] >> GET /asset/?id=9650545162
[2026-06-13 22:19:00] >> GET /v1/asset?id=9650428507
[2026-06-13 22:19:00] >> GET /v1/asset?id=272605241
[2026-06-13 22:19:00] FetchUrl: HTTP 403 for https://assetdelivery.roblox.com/v1/asset/?id=5580148723
[2026-06-13 22:19:00] Asset 12953306795 fetched OK (54837 bytes)
[2026-06-13 22:19:00] Asset 5580148723: fetch failed, falling back to redirect
[2026-06-13 22:19:00] FetchUrl: HTTP 403 for https://assetdelivery.roblox.com/v1/asset/?id=9650428507
[2026-06-13 22:19:00] FetchUrl: HTTP 403 for https://assetdelivery.roblox.com/v1/asset/?id=9650545162
[2026-06-13 22:19:00] Asset 9650428507: fetch failed, falling back to redirect
[2026-06-13 22:19:00] Asset 9650545162: fetch failed, falling back to redirect
[2026-06-13 22:19:00] >> GET /v1/asset?id=2277647160
[2026-06-13 22:19:00] Asset 272605241 fetched OK (58885 bytes)
[2026-06-13 22:19:00] >> GET /v1/asset?id=9500636136
[2026-06-13 22:19:00] Asset 5671242596 fetched OK (397643 bytes)
[2026-06-13 22:19:00] >> GET /asset/?id=628625639
[2026-06-13 22:19:00] >> GET /v1/asset?id=9500505337
[2026-06-13 22:19:00] >> GET /v1/asset?id=142885397
[2026-06-13 22:19:00] >> GET /v1/asset?id=10294526407
[2026-06-13 22:19:00] Asset 12953307149 fetched OK (468200 bytes)
[2026-06-13 22:19:00] >> GET /v1/asset?id=162871213
[2026-06-13 22:19:00] >> GET /v1/asset?id=21382687
[2026-06-13 22:19:00] FetchUrl: HTTP 403 for https://assetdelivery.roblox.com/v1/asset/?id=9500636136
[2026-06-13 22:19:00] Asset 9500636136: fetch failed, falling back to redirect
[2026-06-13 22:19:00] Asset 12945895223 fetched OK (350733 bytes)
[2026-06-13 22:19:00] FetchUrl: HTTP 403 for https://assetdelivery.roblox.com/v1/asset/?id=9500505337
[2026-06-13 22:19:00] Asset 9500505337: fetch failed, falling back to redirect
[2026-06-13 22:19:00] Asset 628625639 fetched OK (193361 bytes)
[2026-06-13 22:19:00] Asset 2277647160 fetched OK (118929 bytes)
[2026-06-13 22:19:00] Asset 21382687 fetched OK (23634 bytes)
[2026-06-13 22:19:00] >> GET /v1/asset?id=21382712
[2026-06-13 22:19:00] >> GET /v1/asset?id=104516981
[2026-06-13 22:19:00] >> GET /v1/asset?id=104516854
[2026-06-13 22:19:00] >> GET /asset/?id=435754345
[2026-06-13 22:19:00] >> GET /asset/?id=12237805628
[2026-06-13 22:19:00] Asset 142885397 fetched OK (545838 bytes)
[2026-06-13 22:19:00] Asset 10294526407 fetched OK (9158 bytes)
[2026-06-13 22:19:00] >> GET /asset/?id=2599774828
[2026-06-13 22:19:00] Asset 162871213 fetched OK (166882 bytes)
[2026-06-13 22:19:00] >> GET /asset/?id=11809753556
[2026-06-13 22:19:01] >> GET /asset/?id=340600991
[2026-06-13 22:19:01] Asset 104516981 fetched OK (36572 bytes)
[2026-06-13 22:19:01] >> GET /v1/asset?id=6256756879
[2026-06-13 22:19:01] Asset 104516854 fetched OK (253251 bytes)
[2026-06-13 22:19:01] Asset 21382712 fetched OK (140582 bytes)
[2026-06-13 22:19:01] >> GET /asset/?id=6596839942
[2026-06-13 22:19:01] Asset 12237805628 fetched OK (628967 bytes)
[2026-06-13 22:19:01] >> GET /v1/asset?id=5671240393
[2026-06-13 22:19:01] >> GET /asset/?id=306916804
[2026-06-13 22:19:01] >> GET /asset/?id=3214702197
[2026-06-13 22:19:01] Asset 435754345 fetched OK (138741 bytes)
[2026-06-13 22:19:01] Asset 2599774828 fetched OK (129607 bytes)
[2026-06-13 22:19:01] Asset 340600991 fetched OK (71866 bytes)
[2026-06-13 22:19:01] >> GET /asset/?id=3214761404
[2026-06-13 22:19:01] >> GET /v1/asset?id=115340918
[2026-06-13 22:19:01] >> GET /v1/asset?id=115296503
[2026-06-13 22:19:01] Asset 6256756879 fetched OK (785567 bytes)
[2026-06-13 22:19:01] >> GET /asset/?id=3214604354
[2026-06-13 22:19:01] Asset 6596839942 fetched OK (166253 bytes)
[2026-06-13 22:19:01] Asset 3214702197 fetched OK (29173 bytes)
[2026-06-13 22:19:01] >> GET /asset/?id=3201311774
[2026-06-13 22:19:01] >> GET /v1/asset?id=571636330
[2026-06-13 22:19:01] Asset 306916804 fetched OK (158591 bytes)
[2026-06-13 22:19:01] Asset 115340918 fetched OK (36081 bytes)
[2026-06-13 22:19:01] Asset 11809753556 fetched OK (647286 bytes)
[2026-06-13 22:19:01] Asset 115296503 fetched OK (86922 bytes)
[2026-06-13 22:19:01] >> GET /asset/?id=2599774828
[2026-06-13 22:19:01] Asset 3214761404 fetched OK (26120 bytes)
[2026-06-13 22:19:01] >> GET /asset/?id=6024688634
[2026-06-13 22:19:01] Asset 5671240393 fetched OK (666699 bytes)
[2026-06-13 22:19:01] >> GET /asset/?id=305826272
[2026-06-13 22:19:01] >> GET /v1/asset?id=571636330
[2026-06-13 22:19:01] Asset 3214604354 fetched OK (247488 bytes)
[2026-06-13 22:19:01] Asset 2599774828 fetched OK (129607 bytes)
[2026-06-13 22:19:01] >> GET /asset/?id=12967941784
[2026-06-13 22:19:01] >> GET /asset/?id=12967941455
[2026-06-13 22:19:01] >> GET /asset/?id=11831384378
[2026-06-13 22:19:01] Asset 3201311774 fetched OK (153757 bytes)
[2026-06-13 22:19:01] >> GET /asset/?id=11830420444
[2026-06-13 22:19:01] >> GET /asset/?id=3214761404
[2026-06-13 22:19:01] Asset 305826272 fetched OK (327075 bytes)
[2026-06-13 22:19:01] >> GET /v1/asset?id=162871188
[2026-06-13 22:19:01] >> GET /v1/asset?id=6237993632
[2026-06-13 22:19:01] Asset 3214761404 fetched OK (26120 bytes)
[2026-06-13 22:19:01] >> GET /v1/asset?id=144012208
[2026-06-13 22:19:01] Asset 12967941784 fetched OK (431554 bytes)
[2026-06-13 22:19:01] >> GET /asset/?id=12966466016
[2026-06-13 22:19:01] >> GET /asset/?id=12956802293
[2026-06-13 22:19:01] Asset 571636330 fetched OK (25542 bytes)
[2026-06-13 22:19:01] Asset 571636330 fetched OK (25542 bytes)
[2026-06-13 22:19:01] Asset 12967941455 fetched OK (118545 bytes)
[2026-06-13 22:19:01] Asset 11831384378 fetched OK (307335 bytes)
[2026-06-13 22:19:01] Asset 11830420444 fetched OK (330783 bytes)
[2026-06-13 22:19:01] >> GET /asset/?id=4856108482
[2026-06-13 22:19:01] FetchUrl: HTTP 403 for https://assetdelivery.roblox.com/v1/asset/?id=144012208
[2026-06-13 22:19:01] Asset 144012208: fetch failed, falling back to redirect
[2026-06-13 22:19:01] >> GET /v1/asset?id=450686548
[2026-06-13 22:19:01] Asset 162871188 fetched OK (152150 bytes)
[2026-06-13 22:19:01] >> GET /asset/?id=4728487789
[2026-06-13 22:19:01] Asset 6237993632 fetched OK (898987 bytes)
[2026-06-13 22:19:01] Asset 6024688634 fetched OK (203118 bytes)
[2026-06-13 22:19:01] >> GET /asset/?id=306912202
[2026-06-13 22:19:01] >> GET /asset/?id=12944811314
[2026-06-13 22:19:01] >> GET /asset/?id=6689727175
[2026-06-13 22:19:01] Asset 12956802293 fetched OK (52437 bytes)
[2026-06-13 22:19:02] Asset 4856108482 fetched OK (123326 bytes)
[2026-06-13 22:19:02] Asset 450686548 fetched OK (21053 bytes)
[2026-06-13 22:19:02] >> GET /asset/?id=12944811182
[2026-06-13 22:19:02] >> GET /v1/asset?id=5671241768
[2026-06-13 22:19:02] >> GET /asset/?id=12978771581
[2026-06-13 22:19:02] >> GET /v1/asset?id=196971287
[2026-06-13 22:19:02] Asset 4728487789 fetched OK (709421 bytes)
[2026-06-13 22:19:02] >> GET /v1/asset?id=19059116
[2026-06-13 22:19:02] Asset 12966466016 fetched OK (330465 bytes)
[2026-06-13 22:19:02] >> GET /asset/?id=3241664074
[2026-06-13 22:19:02] Asset 306912202 fetched OK (157452 bytes)
[2026-06-13 22:19:02] Asset 6689727175 fetched OK (380293 bytes)
[2026-06-13 22:19:02] >> GET /asset/?id=2518146497
[2026-06-13 22:19:02] >> GET /v1/asset?id=262027449
[2026-06-13 22:19:02] Asset 12944811314 fetched OK (290639 bytes)
[2026-06-13 22:19:02] Asset 19059116 fetched OK (72840 bytes)
[2026-06-13 22:19:02] >> GET /v1/asset?id=115340918
[2026-06-13 22:19:02] Asset 12978771581 fetched OK (153334 bytes)
[2026-06-13 22:19:02] >> GET /v1/asset?id=6237992602
[2026-06-13 22:19:02] Asset 196971287 fetched OK (67565 bytes)
[2026-06-13 22:19:02] >> GET /v1/asset?id=115289510
[2026-06-13 22:19:02] Asset 3241664074 fetched OK (253126 bytes)
[2026-06-13 22:19:02] Asset 5671241768 fetched OK (469501 bytes)
[2026-06-13 22:19:02] >> GET /v1/asset?id=5670657955
[2026-06-13 22:19:02] Asset 262027449 fetched OK (528716 bytes)
[2026-06-13 22:19:02] Asset 115340918 fetched OK (36081 bytes)
[2026-06-13 22:19:02] >> GET /v1/asset?id=571636583
[2026-06-13 22:19:02] >> GET /asset/?id=116657225
[2026-06-13 22:19:02] Asset 12944811182 fetched OK (27749 bytes)
[2026-06-13 22:19:02] >> GET /asset/?id=116657254
[2026-06-13 22:19:02] Asset 115289510 fetched OK (167707 bytes)
[2026-06-13 22:19:02] Asset 6237992602 fetched OK (887379 bytes)
[2026-06-13 22:19:02] >> GET /asset/?id=3201389872
[2026-06-13 22:19:02] >> GET /v1/asset?id=4836181660
[2026-06-13 22:19:02] >> GET /v1/asset?id=4836179349
[2026-06-13 22:19:02] >> GET /asset/?id=3201389320
[2026-06-13 22:19:02] Asset 5670657955 fetched OK (85563 bytes)
[2026-06-13 22:19:02] >> GET /v1/asset?id=12218077
[2026-06-13 22:19:02] Asset 116657254 fetched OK (258169 bytes)
[2026-06-13 22:19:02] >> GET /asset/?id=4659572197
[2026-06-13 22:19:02] >> GET /v1/asset?id=12218321
[2026-06-13 22:19:02] Asset 116657225 fetched OK (59405 bytes)
[2026-06-13 22:19:02] Asset 571636583 fetched OK (27392 bytes)
[2026-06-13 22:19:02] >> GET /asset/?id=306915414
[2026-06-13 22:19:02] >> GET /asset/?id=11809753556
[2026-06-13 22:19:02] Asset 4836181660 fetched OK (85127 bytes)
[2026-06-13 22:19:02] Asset 3201389872 fetched OK (112344 bytes)
[2026-06-13 22:19:02] >> GET /v1/asset?id=264767063
[2026-06-13 22:19:02] Asset 12218077 fetched OK (61392 bytes)
[2026-06-13 22:19:02] Asset 4659572197 fetched OK (486697 bytes)
[2026-06-13 22:19:02] Asset 12218321 fetched OK (200943 bytes)
[2026-06-13 22:19:02] Asset 3201389320 fetched OK (154453 bytes)
[2026-06-13 22:19:02] >> GET /v1/asset?id=264766957
[2026-06-13 22:19:02] Asset 306915414 fetched OK (156969 bytes)
[2026-06-13 22:19:02] Asset 11809753556 fetched OK (647286 bytes)
[2026-06-13 22:19:02] >> GET /asset/?id=4663058089
[2026-06-13 22:19:02] Asset 264767063 fetched OK (97997 bytes)
[2026-06-13 22:19:02] >> GET /v1/asset?id=4836181660
[2026-06-13 22:19:02] >> GET /v1/asset?id=4488374804
[2026-06-13 22:19:02] >> GET /asset/?id=306914370
[2026-06-13 22:19:02] Asset 2518146497 fetched OK (211265 bytes)
[2026-06-13 22:19:02] >> GET /asset/?id=11823641715
[2026-06-13 22:19:02] >> GET /v1/asset?id=7808206106
[2026-06-13 22:19:02] >> GET /asset/?id=3214660502
[2026-06-13 22:19:02] Asset 4663058089 fetched OK (148457 bytes)
[2026-06-13 22:19:03] >> GET /asset/?id=5838611518
[2026-06-13 22:19:03] Asset 4836181660 fetched OK (85127 bytes)
[2026-06-13 22:19:03] Asset 4488374804 fetched OK (150627 bytes)
[2026-06-13 22:19:03] Asset 264766957 fetched OK (553064 bytes)
[2026-06-13 22:19:03] Asset 306914370 fetched OK (157729 bytes)
[2026-06-13 22:19:03] >> GET /v1/asset?id=15631335
[2026-06-13 22:19:03] >> GET /v1/asset?id=79146220
[2026-06-13 22:19:03] >> GET /v1/asset?id=264767063
[2026-06-13 22:19:03] >> GET /v1/asset?id=79146128
[2026-06-13 22:19:03] Asset 4836179349 fetched OK (47788 bytes)
[2026-06-13 22:19:03] Asset 7808206106 fetched OK (37779 bytes)
[2026-06-13 22:19:03] >> GET /asset/?id=11823641715
[2026-06-13 22:19:03] >> GET /v1/asset?id=264766957
[2026-06-13 22:19:03] Asset 15631335 fetched OK (7699 bytes)
[2026-06-13 22:19:03] Asset 3214660502 fetched OK (39283 bytes)
[2026-06-13 22:19:03] Asset 11823641715 fetched OK (442121 bytes)
[2026-06-13 22:19:03] Asset 264767063 fetched OK (97997 bytes)
[2026-06-13 22:19:03] Asset 79146220 fetched OK (110632 bytes)
[2026-06-13 22:19:03] >> GET /asset/?id=4659571247
[2026-06-13 22:19:03] Asset 5838611518 fetched OK (193114 bytes)
[2026-06-13 22:19:03] Asset 79146128 fetched OK (142100 bytes)
[2026-06-13 22:19:03] >> GET /asset/?id=306921666
[2026-06-13 22:19:03] >> GET /v1/asset?id=4836179349
[2026-06-13 22:19:03] >> GET /v1/asset?id=96079887
[2026-06-13 22:19:03] Asset 264766957 fetched OK (553064 bytes)
[2026-06-13 22:19:03] Asset 11823641715 fetched OK (442121 bytes)
[2026-06-13 22:19:03] >> GET /asset/?id=240943629
[2026-06-13 22:19:03] >> GET /asset/?id=11802560508
[2026-06-13 22:19:03] >> GET /asset/?id=5278764604
[2026-06-13 22:19:03] >> GET /asset/?id=6689657395
[2026-06-13 22:19:03] Asset 4659571247 fetched OK (777299 bytes)
[2026-06-13 22:19:03] >> GET /v1/asset?id=92634005
[2026-06-13 22:19:03] >> GET /asset/?id=3201334405
[2026-06-13 22:19:03] Asset 96079887 fetched OK (75664 bytes)
[2026-06-13 22:19:03] Asset 4836179349 fetched OK (47788 bytes)
[2026-06-13 22:19:03] >> GET /asset/?id=6689656094
[2026-06-13 22:19:03] Asset 306921666 fetched OK (132387 bytes)
[2026-06-13 22:19:03] >> GET /asset/?id=3201332371
[2026-06-13 22:19:03] >> GET /asset/?id=3214657512
[2026-06-13 22:19:03] >> GET /v1/asset?id=161254231
[2026-06-13 22:19:03] Asset 5278764604 fetched OK (203918 bytes)
[2026-06-13 22:19:03] Asset 6689657395 fetched OK (93978 bytes)
[2026-06-13 22:19:03] Asset 240943629 fetched OK (915561 bytes)
[2026-06-13 22:19:03] Asset 6689656094 fetched OK (232297 bytes)
[2026-06-13 22:19:03] >> GET /v1/asset?id=86290910
[2026-06-13 22:19:03] Asset 92634005 fetched OK (262893 bytes)
[2026-06-13 22:19:03] Asset 3201334405 fetched OK (237946 bytes)
[2026-06-13 22:19:03] >> GET /v1/asset?id=2675785344
[2026-06-13 22:19:03] Asset 161254231 fetched OK (177307 bytes)
[2026-06-13 22:19:03] >> GET /v1/asset?id=6246950589
[2026-06-13 22:19:03] Asset 11802560508 fetched OK (398126 bytes)
[2026-06-13 22:19:03] Asset 3214657512 fetched OK (229567 bytes)
[2026-06-13 22:19:03] >> GET /v1/asset?id=267669462
[2026-06-13 22:19:03] >> GET /v1/asset?id=86297695
[2026-06-13 22:19:03] Asset 3201332371 fetched OK (126709 bytes)
[2026-06-13 22:19:03] Asset 86290910 fetched OK (89272 bytes)
[2026-06-13 22:19:03] >> GET /asset/?id=3183401534
[2026-06-13 22:19:03] Asset 2675785344 fetched OK (215 bytes)
[2026-06-13 22:19:03] >> GET /v1/asset?id=267669368
[2026-06-13 22:19:03] >> GET /asset/?id=5838611518
[2026-06-13 22:19:03] >> GET /v1/asset?id=4836180381
[2026-06-13 22:19:03] Asset 86297695 fetched OK (531736 bytes)
[2026-06-13 22:19:03] >> GET /asset/?id=12953307149
[2026-06-13 22:19:03] >> GET /asset/?id=12953306795
[2026-06-13 22:19:03] Asset 267669462 fetched OK (87710 bytes)
[2026-06-13 22:19:03] >> GET /asset/?id=11830420444
[2026-06-13 22:19:03] >> GET /asset/?id=11810684576
[2026-06-13 22:19:03] >> GET /v1/asset?id=79146220
[2026-06-13 22:19:03] Asset 6246950589 fetched OK (554605 bytes)
[2026-06-13 22:19:03] Asset 5838611518 fetched OK (193114 bytes)
[2026-06-13 22:19:04] >> GET /v1/asset?id=79146128
[2026-06-13 22:19:04] >> GET /v1/asset?id=6932359567
[2026-06-13 22:19:04] >> GET /asset/?id=3201311774
[2026-06-13 22:19:04] >> GET /asset/?id=79401392
[2026-06-13 22:19:04] Asset 3183401534 fetched OK (733163 bytes)
[2026-06-13 22:19:04] Asset 12953306795 fetched OK (54837 bytes)
[2026-06-13 22:19:04] Asset 267669368 fetched OK (511650 bytes)
[2026-06-13 22:19:04] Asset 12953307149 fetched OK (468200 bytes)
[2026-06-13 22:19:04] Asset 4836180381 fetched OK (78065 bytes)
[2026-06-13 22:19:04] Asset 11830420444 fetched OK (330783 bytes)
[2026-06-13 22:19:04] Asset 79146220 fetched OK (110632 bytes)
[2026-06-13 22:19:04] Asset 79146128 fetched OK (142100 bytes)
[2026-06-13 22:19:04] Asset 3201311774 fetched OK (153757 bytes)
[2026-06-13 22:19:04] Asset 79401392 fetched OK (387082 bytes)
[2026-06-13 22:19:04] Asset 6932359567 fetched OK (157450 bytes)
[2026-06-13 22:19:04] >> GET /asset/?id=539831264
[2026-06-13 22:19:04] >> GET /asset/?id=4659546595
[2026-06-13 22:19:04] >> GET /asset/?id=306916804
[2026-06-13 22:19:04] Asset 11810684576 fetched OK (522508 bytes)
[2026-06-13 22:19:04] >> GET /asset/?id=3171220436
[2026-06-13 22:19:04] >> GET /asset/?id=12944011692
[2026-06-13 22:19:04] >> GET /v1/asset?id=178259396
[2026-06-13 22:19:04] Asset 306916804 fetched OK (158591 bytes)
[2026-06-13 22:19:04] >> GET /asset/?id=12248435132
[2026-06-13 22:19:04] >> GET /asset/?id=12978765580
[2026-06-13 22:19:04] >> GET /asset/?id=531864479
[2026-06-13 22:19:04] >> GET /v1/asset?id=178238688
[2026-06-13 22:19:04] >> GET /v1/asset?id=6784839139
[2026-06-13 22:19:04] Asset 4659546595 fetched OK (542734 bytes)
[2026-06-13 22:19:04] Asset 3171220436 fetched OK (38896 bytes)
[2026-06-13 22:19:04] >> GET /asset/?id=7877417020
[2026-06-13 22:19:04] >> GET /v1/asset?id=15631335
[2026-06-13 22:19:04] >> GET /asset/?id=12944324709
[2026-06-13 22:19:04] >> GET /asset/?id=12944011692
[2026-06-13 22:19:04] Asset 178259396 fetched OK (17717 bytes)
[2026-06-13 22:19:04] Asset 12944011692 fetched OK (466728 bytes)
[2026-06-13 22:19:04] Asset 178238688 fetched OK (217675 bytes)
[2026-06-13 22:19:04] Asset 12248435132 fetched OK (600426 bytes)
[2026-06-13 22:19:04] Asset 7877417020 fetched OK (71826 bytes)
[2026-06-13 22:19:04] Asset 15631335 fetched OK (7699 bytes)
[2026-06-13 22:19:04] >> GET /asset/?id=4659576260
[2026-06-13 22:19:04] Asset 531864479 fetched OK (82579 bytes)
[2026-06-13 22:19:04] Asset 6784839139 fetched OK (42811 bytes)
[2026-06-13 22:19:04] Asset 12944011692 fetched OK (466728 bytes)
[2026-06-13 22:19:04] >> GET /asset/?id=4659571247
[2026-06-13 22:19:04] >> GET /asset/?id=11810684576
[2026-06-13 22:19:04] >> GET /v1/asset?id=22771560
[2026-06-13 22:19:04] >> GET /v1/asset?id=22771612
[2026-06-13 22:19:04] Asset 539831264 fetched OK (69144 bytes)
[2026-06-13 22:19:04] >> GET /asset/?id=79401392
[2026-06-13 22:19:04] >> GET /asset/?id=4728487789
[2026-06-13 22:19:04] Asset 4659576260 fetched OK (524530 bytes)
[2026-06-13 22:19:04] Asset 11810684576 fetched OK (522508 bytes)
[2026-06-13 22:19:04] >> GET /asset/?id=1626715568
[2026-06-13 22:19:04] >> GET /v1/asset?id=6784839139
[2026-06-13 22:19:04] Asset 4659571247 fetched OK (777299 bytes)
[2026-06-13 22:19:04] >> GET /v1/asset?id=4836179767
[2026-06-13 22:19:04] >> GET /asset/?id=306919809
[2026-06-13 22:19:04] Asset 12978765580 fetched OK (14181 bytes)
[2026-06-13 22:19:04] Asset 22771612 fetched OK (242869 bytes)
[2026-06-13 22:19:04] >> GET /v1/asset?id=571636583
[2026-06-13 22:19:04] Asset 79401392 fetched OK (387082 bytes)
[2026-06-13 22:19:04] >> GET /asset/?id=12921241867
[2026-06-13 22:19:04] Asset 22771560 fetched OK (71617 bytes)
[2026-06-13 22:19:04] Asset 4728487789 fetched OK (709421 bytes)
[2026-06-13 22:19:04] Asset 6784839139 fetched OK (42811 bytes)
[2026-06-13 22:19:04] Asset 1626715568 fetched OK (73568 bytes)
[2026-06-13 22:19:05] Asset 306919809 fetched OK (133611 bytes)
[2026-06-13 22:19:05] >> GET /asset/?id=12921240966
[2026-06-13 22:19:05] Asset 571636583 fetched OK (27392 bytes)
[2026-06-13 22:19:05] Asset 4836179767 fetched OK (62035 bytes)
[2026-06-13 22:19:05] Asset 12944324709 fetched OK (405512 bytes)
[2026-06-13 22:19:05] >> GET /asset/?id=306909649
[2026-06-13 22:19:05] Asset 12921241867 fetched OK (542380 bytes)
[2026-06-13 22:19:05] >> GET /asset/?id=6691966716
[2026-06-13 22:19:05] >> GET /v1/asset?id=571635574
[2026-06-13 22:19:05] >> GET /asset/?id=4659587929
[2026-06-13 22:19:05] >> GET /v1/asset?id=5580148723
[2026-06-13 22:19:05] Asset 12921240966 fetched OK (55425 bytes)
[2026-06-13 22:19:05] >> GET /asset/?id=3214660502
[2026-06-13 22:19:05] >> GET /asset/?id=4856108482
[2026-06-13 22:19:05] Asset 306909649 fetched OK (158408 bytes)
[2026-06-13 22:19:05] >> GET /asset/?id=4663058089
[2026-06-13 22:19:05] Asset 571635574 fetched OK (22005 bytes)
[2026-06-13 22:19:05] >> GET /asset/?id=3201395877
[2026-06-13 22:19:05] >> GET /asset/?id=3201395552
[2026-06-13 22:19:05] >> GET /asset/?id=240941633
[2026-06-13 22:19:05] FetchUrl: HTTP 403 for https://assetdelivery.roblox.com/v1/asset/?id=5580148723
[2026-06-13 22:19:05] Asset 5580148723: fetch failed, falling back to redirect
[2026-06-13 22:19:05] >> GET /asset/?id=6691966716
[2026-06-13 22:19:05] Asset 6691966716 fetched OK (120180 bytes)
[2026-06-13 22:19:05] >> GET /asset/?id=2518146497
[2026-06-13 22:19:05] Asset 3214660502 fetched OK (39283 bytes)
[2026-06-13 22:19:05] Asset 4856108482 fetched OK (123326 bytes)
[2026-06-13 22:19:05] >> GET /asset/?id=306913268
[2026-06-13 22:19:05] Asset 4659587929 fetched OK (410044 bytes)
[2026-06-13 22:19:05] Asset 4663058089 fetched OK (148457 bytes)
[2026-06-13 22:19:05] Asset 3201395877 fetched OK (217711 bytes)
[2026-06-13 22:19:05] Asset 3201395552 fetched OK (160629 bytes)
[2026-06-13 22:19:05] Asset 6691966716 fetched OK (120180 bytes)
[2026-06-13 22:19:05] >> GET /asset/?id=12248435132
[2026-06-13 22:19:05] >> GET /v1/asset?id=162871213
[2026-06-13 22:19:05] >> GET /v1/asset?id=18265614
[2026-06-13 22:19:05] >> GET /v1/asset?id=6932358967
[2026-06-13 22:19:05] Asset 2518146497 fetched OK (211265 bytes)
[2026-06-13 22:19:05] >> GET /v1/asset?id=18265627
[2026-06-13 22:19:05] >> GET /asset/?id=12956670670
[2026-06-13 22:19:05] >> GET /asset/?id=3183401534
[2026-06-13 22:19:05] Asset 306913268 fetched OK (159752 bytes)
[2026-06-13 22:19:05] >> GET /asset/?id=1626715568
[2026-06-13 22:19:05] Asset 18265614 fetched OK (72162 bytes)
[2026-06-13 22:19:05] Asset 162871213 fetched OK (166882 bytes)
[2026-06-13 22:19:05] Asset 12248435132 fetched OK (600426 bytes)
[2026-06-13 22:19:05] >> GET /v1/asset?id=6932362516
[2026-06-13 22:19:05] >> GET /asset/?id=12956412659
[2026-06-13 22:19:05] >> GET /asset/?id=2518184870
[2026-06-13 22:19:05] Asset 18265627 fetched OK (151150 bytes)
[2026-06-13 22:19:05] Asset 6932358967 fetched OK (113382 bytes)
[2026-06-13 22:19:05] >> GET /v1/asset?id=6932361814
[2026-06-13 22:19:05] >> GET /v1/asset?id=6932359567
[2026-06-13 22:19:05] Asset 3183401534 fetched OK (733163 bytes)
[2026-06-13 22:19:05] Asset 1626715568 fetched OK (73568 bytes)
[2026-06-13 22:19:05] >> GET /asset/?id=4659546595
[2026-06-13 22:19:05] >> GET /asset/?id=12956665420
[2026-06-13 22:19:05] >> GET /asset/?id=12956652010
[2026-06-13 22:19:05] >> GET /asset/?id=531864479
[2026-06-13 22:19:05] Asset 6932362516 fetched OK (176893 bytes)
[2026-06-13 22:19:05] Asset 6932359567 fetched OK (157450 bytes)
[2026-06-13 22:19:05] Asset 6932361814 fetched OK (163975 bytes)
[2026-06-13 22:19:05] Asset 2518184870 fetched OK (247517 bytes)
[2026-06-13 22:19:05] Asset 4659546595 fetched OK (542734 bytes)
[2026-06-13 22:19:05] >> GET /asset/?id=5278764604
[2026-06-13 22:19:05] >> GET /v1/asset?id=86290910
[2026-06-13 22:19:06] >> GET /v1/asset?id=86297695
[2026-06-13 22:19:06] >> GET /v1/asset?id=6932357946
[2026-06-13 22:19:06] Asset 531864479 fetched OK (82579 bytes)
[2026-06-13 22:19:06] >> GET /v1/asset?id=170783040
[2026-06-13 22:19:06] Asset 86290910 fetched OK (89272 bytes)
[2026-06-13 22:19:06] Asset 12956652010 fetched OK (49061 bytes)
[2026-06-13 22:19:06] Asset 12956412659 fetched OK (57537 bytes)
[2026-06-13 22:19:06] Asset 5278764604 fetched OK (203918 bytes)
[2026-06-13 22:19:06] Asset 240941633 fetched OK (761026 bytes)
[2026-06-13 22:19:06] Asset 86297695 fetched OK (531736 bytes)
[2026-06-13 22:19:06] >> GET /v1/asset?id=170782953
[2026-06-13 22:19:06] >> GET /asset/?id=6123168583
[2026-06-13 22:19:06] >> GET /asset/?id=12946156197
[2026-06-13 22:19:06] Asset 170783040 fetched OK (64704 bytes)
[2026-06-13 22:19:06] >> GET /v1/asset?id=130275427
[2026-06-13 22:19:06] >> GET /asset/?id=6123168377
[2026-06-13 22:19:06] >> GET /v1/asset?id=575903484
[2026-06-13 22:19:06] Asset 12956665420 fetched OK (361774 bytes)
[2026-06-13 22:19:06] >> GET /v1/asset?id=115296503
[2026-06-13 22:19:06] >> GET /v1/asset?id=130101214
[2026-06-13 22:19:06] >> GET /asset/?id=539831264
[2026-06-13 22:19:06] Asset 170782953 fetched OK (39279 bytes)
[2026-06-13 22:19:06] >> GET /asset/?id=2551856737
[2026-06-13 22:19:06] Asset 6123168583 fetched OK (620700 bytes)
[2026-06-13 22:19:06] Asset 115296503 fetched OK (86922 bytes)
[2026-06-13 22:19:06] Asset 6123168377 fetched OK (80369 bytes)
[2026-06-13 22:19:06] >> GET /v1/asset?id=179155105
[2026-06-13 22:19:06] >> GET /v1/asset?id=571637236
[2026-06-13 22:19:06] Asset 130275427 fetched OK (109505 bytes)
[2026-06-13 22:19:06] Asset 539831264 fetched OK (69144 bytes)
[2026-06-13 22:19:06] >> GET /asset/?id=3201315497
[2026-06-13 22:19:06] Asset 575903484 fetched OK (109302 bytes)
[2026-06-13 22:19:06] Asset 2551856737 fetched OK (125178 bytes)
[2026-06-13 22:19:06] Asset 130101214 fetched OK (177321 bytes)
[2026-06-13 22:19:06] >> GET /asset/?id=12966022347
[2026-06-13 22:19:06] Asset 179155105 fetched OK (112315 bytes)
[2026-06-13 22:19:06] >> GET /v1/asset?id=571636472
[2026-06-13 22:19:06] Asset 6932357946 fetched OK (122812 bytes)
[2026-06-13 22:19:06] >> GET /asset/?id=11885808526
[2026-06-13 22:19:06] >> GET /asset/?id=11837984324
[2026-06-13 22:19:06] Asset 3201315497 fetched OK (223678 bytes)
[2026-06-13 22:19:06] >> GET /asset/?id=12956802293
[2026-06-13 22:19:06] >> GET /v1/asset?id=137445593
[2026-06-13 22:19:06] >> GET /asset/?id=11885809979
[2026-06-13 22:19:06] >> GET /v1/asset?id=137445578
[2026-06-13 22:19:06] >> GET /asset/?id=11802560508
[2026-06-13 22:19:06] Asset 12956670670 fetched OK (452881 bytes)
[2026-06-13 22:19:06] >> GET /v1/asset?id=255486143
[2026-06-13 22:19:06] Asset 12966022347 fetched OK (255307 bytes)
[2026-06-13 22:19:06] >> GET /v1/asset?id=6237993632
[2026-06-13 22:19:06] Asset 571636472 fetched OK (32780 bytes)
[2026-06-13 22:19:06] Asset 12956802293 fetched OK (52437 bytes)
[2026-06-13 22:19:06] Asset 12946156197 fetched OK (548294 bytes)
[2026-06-13 22:19:06] Asset 137445578 fetched OK (551089 bytes)
[2026-06-13 22:19:06] Asset 137445593 fetched OK (58545 bytes)
[2026-06-13 22:19:06] Asset 11885808526 fetched OK (139704 bytes)
[2026-06-13 22:19:06] Asset 11802560508 fetched OK (398126 bytes)
[2026-06-13 22:19:06] Asset 255486143 fetched OK (61424 bytes)
[2026-06-13 22:19:07] >> GET /asset/?id=11837984504
[2026-06-13 22:19:07] >> GET /v1/asset?id=255485578
[2026-06-13 22:19:07] Asset 6237993632 fetched OK (898987 bytes)
[2026-06-13 22:19:07] Asset 11885809979 fetched OK (40382 bytes)
[2026-06-13 22:19:07] >> GET /v1/asset?id=571636472
[2026-06-13 22:19:07] >> GET /asset/?id=3214846365
[2026-06-13 22:19:07] >> GET /asset/?id=12945895223
[2026-06-13 22:19:07] >> GET /v1/asset?id=6932357946
[2026-06-13 22:19:07] Asset 11837984324 fetched OK (76301 bytes)
[2026-06-13 22:19:07] >> GET /asset/?id=12322809917
[2026-06-13 22:19:07] Asset 255485578 fetched OK (405407 bytes)
[2026-06-13 22:19:07] >> GET /asset/?id=3201395552
[2026-06-13 22:19:07] >> GET /asset/?id=12322809632
[2026-06-13 22:19:07] >> GET /asset/?id=3214702197
[2026-06-13 22:19:07] >> GET /v1/asset?id=162016526
[2026-06-13 22:19:07] >> GET /asset/?id=11802560347
[2026-06-13 22:19:07] Asset 571636472 fetched OK (32780 bytes)
[2026-06-13 22:19:07] >> GET /asset/?id=11823994753
[2026-06-13 22:19:07] Asset 6932357946 fetched OK (122812 bytes)
[2026-06-13 22:19:07] Asset 12322809917 fetched OK (683125 bytes)
[2026-06-13 22:19:07] Asset 3201395552 fetched OK (160629 bytes)
[2026-06-13 22:19:07] Asset 3214846365 fetched OK (222613 bytes)
[2026-06-13 22:19:07] Asset 3214702197 fetched OK (29173 bytes)
[2026-06-13 22:19:07] Asset 571637236 fetched OK (26446 bytes)
[2026-06-13 22:19:07] Asset 11837984504 fetched OK (699648 bytes)
[2026-06-13 22:19:07] Asset 12322809632 fetched OK (165261 bytes)
[2026-06-13 22:19:07] >> GET /asset/?id=13017252082
[2026-06-13 22:19:07] >> GET /asset/?id=3215024352
[2026-06-13 22:19:07] Asset 162016526 fetched OK (223698 bytes)
[2026-06-13 22:19:07] Asset 12945895223 fetched OK (350733 bytes)
[2026-06-13 22:19:07] >> GET /asset/?id=12921241867
[2026-06-13 22:19:07] >> GET /asset/?id=12921240966
[2026-06-13 22:19:07] Asset 11823994753 fetched OK (416201 bytes)
[2026-06-13 22:19:07] >> GET /asset/?id=12956674604
[2026-06-13 22:19:07] Asset 3215024352 fetched OK (73746 bytes)
[2026-06-13 22:19:07] >> GET /asset/?id=12955843720
[2026-06-13 22:19:07] Asset 12921241867 fetched OK (542380 bytes)
[2026-06-13 22:19:07] Asset 13017252082 fetched OK (48153 bytes)
[2026-06-13 22:19:07] >> GET /v1/asset?id=179155105
[2026-06-13 22:19:07] >> GET /asset/?id=3296639450
[2026-06-13 22:19:07] Asset 11802560347 fetched OK (437268 bytes)
[2026-06-13 22:19:07] Asset 12921240966 fetched OK (55425 bytes)
[2026-06-13 22:19:07] >> GET /asset/?id=3215024488
[2026-06-13 22:19:07] >> GET /asset/?id=3214657512
[2026-06-13 22:19:07] >> GET /asset/?id=3201332371
[2026-06-13 22:19:07] >> GET /asset/?id=450680781
[2026-06-13 22:19:07] >> GET /asset/?id=12967941784
[2026-06-13 22:19:07] >> GET /v1/asset?id=99801879
[2026-06-13 22:19:07] Asset 179155105 fetched OK (112315 bytes)
[2026-06-13 22:19:07] Asset 12956674604 fetched OK (373468 bytes)
[2026-06-13 22:19:07] Asset 12955843720 fetched OK (109841 bytes)
[2026-06-13 22:19:07] Asset 3215024488 fetched OK (50851 bytes)
[2026-06-13 22:19:07] >> GET /asset/?id=12967941455
[2026-06-13 22:19:07] >> GET /asset/?id=12944324709
[2026-06-13 22:19:07] Asset 3214657512 fetched OK (229567 bytes)
[2026-06-13 22:19:07] Asset 3201332371 fetched OK (126709 bytes)
[2026-06-13 22:19:07] Asset 3296639450 fetched OK (179637 bytes)
[2026-06-13 22:19:07] Asset 99801879 fetched OK (38173 bytes)
[2026-06-13 22:19:07] >> GET /v1/asset?id=12218077
[2026-06-13 22:19:07] >> GET /v1/asset?id=99801784
[2026-06-13 22:19:07] Asset 12967941784 fetched OK (431554 bytes)
[2026-06-13 22:19:07] >> GET /v1/asset?id=872382723
[2026-06-13 22:19:07] >> GET /v1/asset?id=12218321
[2026-06-13 22:19:07] Asset 450680781 fetched OK (11354 bytes)
[2026-06-13 22:19:07] Asset 12967941455 fetched OK (118545 bytes)
[2026-06-13 22:19:08] >> GET /asset/?id=13017252082
[2026-06-13 22:19:08] Asset 99801784 fetched OK (267275 bytes)
[2026-06-13 22:19:08] Asset 12218077 fetched OK (61392 bytes)
[2026-06-13 22:19:08] >> GET /v1/asset?id=103838996
[2026-06-13 22:19:08] Asset 12944324709 fetched OK (405512 bytes)
[2026-06-13 22:19:08] >> GET /v1/asset?id=103838505
[2026-06-13 22:19:08] >> GET /asset/?id=3201334566
[2026-06-13 22:19:08] Asset 12218321 fetched OK (200943 bytes)
[2026-06-13 22:19:08] Asset 13017252082 fetched OK (48153 bytes)
[2026-06-13 22:19:08] >> GET /v1/asset?id=6246951385
[2026-06-13 22:19:08] >> GET /asset/?id=3201334405
[2026-06-13 22:19:08] >> GET /asset/?id=12965628726
[2026-06-13 22:19:08] >> GET /v1/asset?id=96079831
[2026-06-13 22:19:08] Asset 103838996 fetched OK (53253 bytes)
[2026-06-13 22:19:08] >> GET /v1/asset?id=70990591
[2026-06-13 22:19:08] Asset 103838505 fetched OK (352435 bytes)
[2026-06-13 22:19:08] >> GET /asset/?id=3201315497
[2026-06-13 22:19:08] >> GET /v1/asset?id=162871188
[2026-06-13 22:19:08] >> GET /asset/?id=12978765580
[2026-06-13 22:19:08] Asset 96079831 fetched OK (75870 bytes)
[2026-06-13 22:19:08] >> GET /v1/asset?id=70990583
[2026-06-13 22:19:08] Asset 3201334405 fetched OK (237946 bytes)
[2026-06-13 22:19:08] Asset 3201334566 fetched OK (40944 bytes)
[2026-06-13 22:19:08] Asset 872382723 fetched OK (24612 bytes)
[2026-06-13 22:19:08] Asset 12965628726 fetched OK (328700 bytes)
[2026-06-13 22:19:08] >> GET /v1/asset?id=476142876
[2026-06-13 22:19:08] >> GET /v1/asset?id=476142876
[2026-06-13 22:19:08] >> GET /asset/?id=3201382104
[2026-06-13 22:19:08] Asset 162871188 fetched OK (152150 bytes)
[2026-06-13 22:19:08] Asset 6246951385 fetched OK (520935 bytes)
[2026-06-13 22:19:08] Asset 3201315497 fetched OK (223678 bytes)
[2026-06-13 22:19:08] >> GET /v1/asset?id=115289510
[2026-06-13 22:19:08] Asset 12978765580 fetched OK (14181 bytes)
[2026-06-13 22:19:08] Asset 70990583 fetched OK (401167 bytes)
[2026-06-13 22:19:08] >> GET /asset/?id=12307707797
[2026-06-13 22:19:08] Asset 70990591 fetched OK (138160 bytes)
[2026-06-13 22:19:08] >> GET /asset/?id=12307707430
[2026-06-13 22:19:08] Asset 115289510 fetched OK (167707 bytes)
[2026-06-13 22:19:08] Asset 476142876 fetched OK (140418 bytes)
[2026-06-13 22:19:08] Asset 476142876 fetched OK (140418 bytes)
[2026-06-13 22:19:08] >> GET /v1/asset?id=79401500
[2026-06-13 22:19:08] Asset 3201382104 fetched OK (225713 bytes)
[2026-06-13 22:19:08] >> GET /asset/?id=6689727175
[2026-06-13 22:19:08] >> GET /asset/?id=3201395877
[2026-06-13 22:19:08] >> GET /asset/?id=12921231088
[2026-06-13 22:19:08] Asset 12307707430 fetched OK (119617 bytes)
[2026-06-13 22:19:08] >> GET /asset/?id=12921221200
[2026-06-13 22:19:08] >> GET /asset/?id=3214684392
[2026-06-13 22:19:08] >> GET /v1/asset?id=170783010
[2026-06-13 22:19:08] Asset 12307707797 fetched OK (737233 bytes)
[2026-06-13 22:19:08] >> GET /v1/asset?id=170782921
[2026-06-13 22:19:08] >> GET /v1/asset?id=163023507
[2026-06-13 22:19:08] Asset 79401500 fetched OK (115440 bytes)
[2026-06-13 22:19:08] >> GET /v1/asset?id=163023481
[2026-06-13 22:19:08] >> GET /v1/asset?id=144012208
[2026-06-13 22:19:08] Asset 6689727175 fetched OK (380293 bytes)
[2026-06-13 22:19:08] >> GET /asset/?id=545603487
[2026-06-13 22:19:08] Asset 3201395877 fetched OK (217711 bytes)
[2026-06-13 22:19:08] Asset 163023507 fetched OK (41817 bytes)
[2026-06-13 22:19:08] Asset 12921231088 fetched OK (632476 bytes)
[2026-06-13 22:19:08] Asset 170782921 fetched OK (39394 bytes)
[2026-06-13 22:19:08] Asset 12921221200 fetched OK (99925 bytes)
[2026-06-13 22:19:08] Asset 3214684392 fetched OK (114077 bytes)
[2026-06-13 22:19:08] FetchUrl: HTTP 403 for https://assetdelivery.roblox.com/v1/asset/?id=144012208
[2026-06-13 22:19:08] >> GET /asset/?id=3214604354
[2026-06-13 22:19:08] Asset 144012208: fetch failed, falling back to redirect
[2026-06-13 22:19:08] Asset 163023481 fetched OK (599068 bytes)
[2026-06-13 22:19:08] >> GET /v1/asset?id=122293136
[2026-06-13 22:19:08] >> GET /v1/asset?id=122293937
[2026-06-13 22:19:08] Asset 545603487 fetched OK (155076 bytes)
[2026-06-13 22:19:08] Asset 170783010 fetched OK (455492 bytes)
[2026-06-13 22:19:08] >> GET /v1/asset?id=196971287
[2026-06-13 22:19:09] >> GET /v1/asset?id=19059116
[2026-06-13 22:19:09] Asset 3214604354 fetched OK (247488 bytes)
[2026-06-13 22:19:09] >> GET /v1/asset?id=6932358967
[2026-06-13 22:19:09] >> GET /v1/asset?id=4488374804
[2026-06-13 22:19:09] >> GET /v1/asset?id=99801879
[2026-06-13 22:19:09] >> GET /v1/asset?id=99801784
[2026-06-13 22:19:09] Asset 196971287 fetched OK (67565 bytes)
[2026-06-13 22:19:09] >> GET /v1/asset?id=170783040
[2026-06-13 22:19:09] Asset 19059116 fetched OK (72840 bytes)
[2026-06-13 22:19:09] Asset 122293937 fetched OK (480013 bytes)
[2026-06-13 22:19:09] Asset 122293136 fetched OK (307904 bytes)
[2026-06-13 22:19:09] >> GET /asset/?id=12978771581
[2026-06-13 22:19:09] >> GET /v1/asset?id=255486143
[2026-06-13 22:19:09] >> GET /v1/asset?id=255485578
[2026-06-13 22:19:09] >> GET /v1/asset?id=170783010
[2026-06-13 22:19:09] Asset 6932358967 fetched OK (113382 bytes)
[2026-06-13 22:19:09] Asset 4488374804 fetched OK (150627 bytes)
[2026-06-13 22:19:09] >> GET /v1/asset?id=161270249
[2026-06-13 22:19:09] Asset 99801879 fetched OK (38173 bytes)
[2026-06-13 22:19:09] Asset 99801784 fetched OK (267275 bytes)
[2026-06-13 22:19:09] >> GET /v1/asset?id=6932361814
[2026-06-13 22:19:09] Asset 170783040 fetched OK (64704 bytes)
[2026-06-13 22:19:09] Asset 170783010 fetched OK (455492 bytes)
[2026-06-13 22:19:09] >> GET /asset/?id=3215024352
[2026-06-13 22:19:09] Asset 255486143 fetched OK (61424 bytes)
[2026-06-13 22:19:09] Asset 12978771581 fetched OK (153334 bytes)
[2026-06-13 22:19:09] Asset 255485578 fetched OK (405407 bytes)
[2026-06-13 22:19:09] Asset 161270249 fetched OK (110023 bytes)
[2026-06-13 22:19:09] >> GET /asset/?id=3201389320
[2026-06-13 22:19:09] >> GET /asset/?id=3215024488
[2026-06-13 22:19:09] Asset 6932361814 fetched OK (163975 bytes)
[2026-06-13 22:19:09] Asset 3215024352 fetched OK (73746 bytes)
[2026-06-13 22:19:09] >> GET /asset/?id=3201382104
[2026-06-13 22:19:09] >> GET /asset/?id=240942385
[2026-06-13 22:19:09] Asset 3201389320 fetched OK (154453 bytes)
[2026-06-13 22:19:09] >> GET /v1/asset?id=7808206106
[2026-06-13 22:19:09] >> GET /v1/asset?id=161270281
[2026-06-13 22:19:09] >> GET /v1/asset?id=137445593
[2026-06-13 22:19:09] >> GET /v1/asset?id=137445578
[2026-06-13 22:19:09] >> GET /v1/asset?id=162016526
[2026-06-13 22:19:09] Asset 3215024488 fetched OK (50851 bytes)
[2026-06-13 22:19:09] >> GET /asset/?id=450680781
[2026-06-13 22:19:09] >> GET /asset/?id=11837984504
[2026-06-13 22:19:09] Asset 3201382104 fetched OK (225713 bytes)
[2026-06-13 22:19:09] >> GET /asset/?id=435754345
[2026-06-13 22:19:09] >> GET /asset/?id=3296639450
[2026-06-13 22:19:09] >> GET /asset/?id=532156041
[2026-06-13 22:19:09] Asset 7808206106 fetched OK (37779 bytes)
[2026-06-13 22:19:09] Asset 161270281 fetched OK (100433 bytes)
[2026-06-13 22:19:09] Asset 137445578 fetched OK (551089 bytes)
[2026-06-13 22:19:09] Asset 137445593 fetched OK (58545 bytes)
[2026-06-13 22:19:09] Asset 162016526 fetched OK (223698 bytes)
[2026-06-13 22:19:09] Asset 240942385 fetched OK (586390 bytes)
[2026-06-13 22:19:09] >> GET /asset/?id=11837984324
[2026-06-13 22:19:09] >> GET /asset/?id=6024688634
[2026-06-13 22:19:09] Asset 450680781 fetched OK (11354 bytes)
[2026-06-13 22:19:09] Asset 11837984504 fetched OK (699648 bytes)
[2026-06-13 22:19:09] Asset 435754345 fetched OK (138741 bytes)
[2026-06-13 22:19:09] >> GET /asset/?id=12954505888
[2026-06-13 22:19:09] Asset 532156041 fetched OK (76660 bytes)
[2026-06-13 22:19:09] >> GET /asset/?id=12954392109
[2026-06-13 22:19:09] Asset 3296639450 fetched OK (179637 bytes)
[2026-06-13 22:19:09] >> GET /v1/asset?id=4836180381
[2026-06-13 22:19:09] >> GET /asset/?id=4659572197
[2026-06-13 22:19:09] >> GET /asset/?id=2518160276
[2026-06-13 22:19:09] >> GET /asset/?id=2518184870
[2026-06-13 22:19:09] Asset 11837984324 fetched OK (76301 bytes)
[2026-06-13 22:19:09] Asset 6024688634 fetched OK (203118 bytes)
[2026-06-13 22:19:09] >> GET /v1/asset?id=6246948951
[2026-06-13 22:19:09] >> GET /v1/asset?id=6246949956
[2026-06-13 22:19:10] >> GET /v1/asset?id=6237992602
[2026-06-13 22:19:10] Asset 12954392109 fetched OK (92277 bytes)
[2026-06-13 22:19:10] >> GET /asset/?id=12322809917
[2026-06-13 22:19:10] >> GET /asset/?id=12322809632
[2026-06-13 22:19:10] >> GET /v1/asset?id=134632723
[2026-06-13 22:19:10] Asset 4836180381 fetched OK (78065 bytes)
[2026-06-13 22:19:10] Asset 4659572197 fetched OK (486697 bytes)
[2026-06-13 22:19:10] >> GET /asset/?id=240942385
[2026-06-13 22:19:10] Asset 2518184870 fetched OK (247517 bytes)
[2026-06-13 22:19:10] >> GET /asset/?id=3214684392
[2026-06-13 22:19:10] >> GET /v1/asset?id=5670657955
[2026-06-13 22:19:10] Asset 6237992602 fetched OK (887379 bytes)
[2026-06-13 22:19:10] Asset 12322809632 fetched OK (165261 bytes)
[2026-06-13 22:19:10] >> GET /asset/?id=306912202
[2026-06-13 22:19:10] Asset 6246949956 fetched OK (611105 bytes)
[2026-06-13 22:19:10] Asset 3214684392 fetched OK (114077 bytes)
[2026-06-13 22:19:10] Asset 134632723 fetched OK (187718 bytes)
[2026-06-13 22:19:10] Asset 6246948951 fetched OK (616636 bytes)
[2026-06-13 22:19:10] Asset 240942385 fetched OK (586390 bytes)
[2026-06-13 22:19:10] Asset 2518160276 fetched OK (237772 bytes)
[2026-06-13 22:19:10] Asset 5670657955 fetched OK (85563 bytes)
[2026-06-13 22:19:10] >> GET /asset/?id=306909649
[2026-06-13 22:19:10] >> GET /asset/?id=3214846365
[2026-06-13 22:19:10] Asset 12322809917 fetched OK (683125 bytes)
[2026-06-13 22:19:10] >> GET /asset/?id=240941633
[2026-06-13 22:19:10] Asset 306912202 fetched OK (157452 bytes)
[2026-06-13 22:19:10] >> GET /asset/?id=12966466016
[2026-06-13 22:19:10] Asset 12954505888 fetched OK (471863 bytes)
[2026-06-13 22:19:10] >> GET /v1/asset?id=92658105
[2026-06-13 22:19:10] Asset 306909649 fetched OK (158408 bytes)
[2026-06-13 22:19:10] >> GET /v1/asset?id=6932362516
[2026-06-13 22:19:10] Asset 3214846365 fetched OK (222613 bytes)
[2026-06-13 22:19:10] Asset 240941633 fetched OK (761026 bytes)
[2026-06-13 22:19:10] >> GET /v1/asset?id=92656610
[2026-06-13 22:19:10] >> GET /v1/asset?id=4836179767
[2026-06-13 22:19:10] >> GET /v1/asset?id=267669462
[2026-06-13 22:19:10] >> GET /v1/asset?id=267669368
[2026-06-13 22:19:10] >> GET /asset/?id=2518160276
[2026-06-13 22:19:10] >> GET /asset/?id=306915414
[2026-06-13 22:19:10] >> GET /asset/?id=306913268
[2026-06-13 22:19:10] >> GET /asset/?id=306919809
[2026-06-13 22:19:10] Asset 92658105 fetched OK (70756 bytes)
[2026-06-13 22:19:10] >> GET /v1/asset?id=872382723
[2026-06-13 22:19:10] Asset 6932362516 fetched OK (176893 bytes)
[2026-06-13 22:19:10] Asset 92656610 fetched OK (335297 bytes)
[2026-06-13 22:19:10] Asset 267669368 fetched OK (511650 bytes)
[2026-06-13 22:19:10] Asset 4836179767 fetched OK (62035 bytes)
[2026-06-13 22:19:10] Asset 267669462 fetched OK (87710 bytes)
[2026-06-13 22:19:10] Asset 306919809 fetched OK (133611 bytes)
[2026-06-13 22:19:10] >> GET /v1/asset?id=13206750999
[2026-06-13 22:19:10] >> GET /v1/asset?id=571637236
[2026-06-13 22:19:10] Asset 306915414 fetched OK (156969 bytes)
[2026-06-13 22:19:10] Asset 2518160276 fetched OK (237772 bytes)
[2026-06-13 22:19:10] Asset 872382723 fetched OK (24612 bytes)
[2026-06-13 22:19:10] Asset 12966466016 fetched OK (330465 bytes)
[2026-06-13 22:19:10] >> GET /asset/?id=12329936339
[2026-06-13 22:19:10] >> GET /v1/asset?id=18265614
[2026-06-13 22:19:10] Asset 13206750999 fetched OK (112009 bytes)
[2026-06-13 22:19:10] >> GET /asset/?id=12329936011
[2026-06-13 22:19:10] >> GET /v1/asset?id=18265627
[2026-06-13 22:19:10] Asset 571637236 fetched OK (26446 bytes)
[2026-06-13 22:19:10] Asset 306913268 fetched OK (159752 bytes)
[2026-06-13 22:19:10] >> GET /v1/asset?id=134632723
[2026-06-13 22:19:10] >> GET /v1/asset?id=79401500
[2026-06-13 22:19:10] >> GET /asset/?id=306921666
[2026-06-13 22:19:10] >> GET /v1/asset?id=70990591
[2026-06-13 22:19:10] Asset 18265614 fetched OK (72162 bytes)
[2026-06-13 22:19:11] >> GET /v1/asset?id=70990583
[2026-06-13 22:19:11] >> GET /asset/?id=4659576260
[2026-06-13 22:19:11] >> GET /v1/asset?id=5671241768
[2026-06-13 22:19:11] Asset 12329936339 fetched OK (393060 bytes)
[2026-06-13 22:19:11] Asset 18265627 fetched OK (151150 bytes)
[2026-06-13 22:19:11] >> GET /v1/asset?id=575903484
[2026-06-13 22:19:11] >> GET /asset/?id=116657225
[2026-06-13 22:19:11] Asset 79401500 fetched OK (115440 bytes)
[2026-06-13 22:19:11] Asset 134632723 fetched OK (187718 bytes)
[2026-06-13 22:19:11] Asset 306921666 fetched OK (132387 bytes)
[2026-06-13 22:19:11] Asset 12329936011 fetched OK (92417 bytes)
[2026-06-13 22:19:11] >> GET /asset/?id=116657254
[2026-06-13 22:19:11] >> GET /asset/?id=4659587929
[2026-06-13 22:19:11] Asset 70990583 fetched OK (401167 bytes)
[2026-06-13 22:19:11] Asset 70990591 fetched OK (138160 bytes)
[2026-06-13 22:19:11] Asset 116657225 fetched OK (59405 bytes)
[2026-06-13 22:19:11] Asset 575903484 fetched OK (109302 bytes)
[2026-06-13 22:19:11] >> GET /asset/?id=7877417020
[2026-06-13 22:19:11] Asset 4659576260 fetched OK (524530 bytes)
[2026-06-13 22:19:11] Asset 5671241768 fetched OK (469501 bytes)
[2026-06-13 22:19:11] >> GET /v1/asset?id=6256756879
[2026-06-13 22:19:11] Asset 116657254 fetched OK (258169 bytes)
[2026-06-13 22:19:11] >> GET /asset/?id=6596839942
[2026-06-13 22:19:11] Asset 4659587929 fetched OK (410044 bytes)
[2026-06-13 22:19:11] >> GET /asset/?id=6123168583
[2026-06-13 22:19:11] >> GET /v1/asset?id=103838996
[2026-06-13 22:19:11] >> GET /v1/asset?id=103838505
[2026-06-13 22:19:11] >> GET /asset/?id=6123168377
[2026-06-13 22:19:11] >> GET /asset/?id=12238708500
[2026-06-13 22:19:11] Asset 7877417020 fetched OK (71826 bytes)
[2026-06-13 22:19:11] >> GET /asset/?id=3241664074
[2026-06-13 22:19:11] Asset 6596839942 fetched OK (166253 bytes)
[2026-06-13 22:19:11] Asset 6256756879 fetched OK (785567 bytes)
[2026-06-13 22:19:11] >> GET /v1/asset?id=262027449
[2026-06-13 22:19:11] >> GET /asset/?id=3201389872
[2026-06-13 22:19:11] >> GET /v1/asset?id=5671240393
[2026-06-13 22:19:11] Asset 103838996 fetched OK (53253 bytes)
[2026-06-13 22:19:11] >> GET /asset/?id=11802560347
[2026-06-13 22:19:11] Asset 6123168377 fetched OK (80369 bytes)
[2026-06-13 22:19:11] Asset 103838505 fetched OK (352435 bytes)
[2026-06-13 22:19:11] Asset 6123168583 fetched OK (620700 bytes)
[2026-06-13 22:19:11] >> GET /asset/?id=12307707797
[2026-06-13 22:19:11] >> GET /v1/asset?id=5671242596
[2026-06-13 22:19:11] Asset 3201389872 fetched OK (112344 bytes)
[2026-06-13 22:19:11] Asset 12238708500 fetched OK (581648 bytes)
[2026-06-13 22:19:11] Asset 262027449 fetched OK (528716 bytes)
[2026-06-13 22:19:11] >> GET /asset/?id=11823994753
[2026-06-13 22:19:11] >> GET /asset/?id=12307707430
[2026-06-13 22:19:11] Asset 11802560347 fetched OK (437268 bytes)
[2026-06-13 22:19:11] Asset 5671240393 fetched OK (666699 bytes)
[2026-06-13 22:19:11] Asset 3241664074 fetched OK (253126 bytes)
[2026-06-13 22:19:11] >> GET /v1/asset?id=130275427
[2026-06-13 22:19:11] >> GET /v1/asset?id=130101214
[2026-06-13 22:19:11] Asset 12307707797 fetched OK (737233 bytes)
[2026-06-13 22:19:11] Asset 5671242596 fetched OK (397643 bytes)
[2026-06-13 22:19:11] >> GET /asset/?id=532156041
[2026-06-13 22:19:11] Asset 12307707430 fetched OK (119617 bytes)
[2026-06-13 22:19:11] >> GET /v1/asset?id=96079831
[2026-06-13 22:19:11] >> GET /v1/asset?id=96079887
[2026-06-13 22:19:11] Asset 130275427 fetched OK (109505 bytes)
[2026-06-13 22:19:11] >> GET /v1/asset?id=22771560
[2026-06-13 22:19:11] >> GET /v1/asset?id=22771612
[2026-06-13 22:19:11] >> GET /v1/asset?id=178238688
[2026-06-13 22:19:11] Asset 130101214 fetched OK (177321 bytes)
[2026-06-13 22:19:11] Asset 532156041 fetched OK (76660 bytes)
[2026-06-13 22:19:11] >> GET /v1/asset?id=2675785344
[2026-06-13 22:19:11] Asset 96079887 fetched OK (75664 bytes)
[2026-06-13 22:19:11] Asset 96079831 fetched OK (75870 bytes)
[2026-06-13 22:19:11] >> GET /v1/asset?id=6246949956
[2026-06-13 22:19:11] >> GET /asset/?id=12329936339
[2026-06-13 22:19:11] >> GET /asset/?id=12329936011
[2026-06-13 22:19:11] Asset 22771612 fetched OK (242869 bytes)
[2026-06-13 22:19:11] Asset 22771560 fetched OK (71617 bytes)
[2026-06-13 22:19:11] >> GET /v1/asset?id=178259396
[2026-06-13 22:19:12] >> GET /v1/asset?id=92634005
[2026-06-13 22:19:12] >> GET /asset/?id=12966022347
[2026-06-13 22:19:12] >> GET /asset/?id=12965628726
[2026-06-13 22:19:12] Asset 2675785344 fetched OK (215 bytes)
[2026-06-13 22:19:12] Asset 178238688 fetched OK (217675 bytes)
[2026-06-13 22:19:12] Asset 12329936011 fetched OK (92417 bytes)
[2026-06-13 22:19:12] Asset 178259396 fetched OK (17717 bytes)
[2026-06-13 22:19:12] >> GET /asset/?id=12946156197
[2026-06-13 22:19:12] Asset 11823994753 fetched OK (416201 bytes)
[2026-06-13 22:19:12] >> GET /asset/?id=11831384378
[2026-06-13 22:19:12] Asset 12329936339 fetched OK (393060 bytes)
[2026-06-13 22:19:12] Asset 92634005 fetched OK (262893 bytes)
[2026-06-13 22:19:12] >> GET /asset/?id=12956670670
[2026-06-13 22:19:12] >> GET /asset/?id=12956412659
[2026-06-13 22:19:12] >> GET /v1/asset?id=272605241
[2026-06-13 22:19:12] >> GET /v1/asset?id=2277647160
[2026-06-13 22:19:12] Asset 12965628726 fetched OK (328700 bytes)
[2026-06-13 22:19:12] Asset 12966022347 fetched OK (255307 bytes)
[2026-06-13 22:19:12] >> GET /asset/?id=3201334566
[2026-06-13 22:19:12] Asset 12946156197 fetched OK (548294 bytes)
[2026-06-13 22:19:12] >> GET /v1/asset?id=6246950589
[2026-06-13 22:19:12] >> GET /v1/asset?id=122293136
[2026-06-13 22:19:12] >> GET /asset/?id=12954505888
[2026-06-13 22:19:12] Asset 12956412659 fetched OK (57537 bytes)
[2026-06-13 22:19:12] Asset 2277647160 fetched OK (118929 bytes)
[2026-06-13 22:19:12] Asset 272605241 fetched OK (58885 bytes)
[2026-06-13 22:19:12] Asset 12956670670 fetched OK (452881 bytes)
[2026-06-13 22:19:12] Asset 11831384378 fetched OK (307335 bytes)
[2026-06-13 22:19:12] >> GET /v1/asset?id=122293937
[2026-06-13 22:19:12] Asset 6246949956 fetched OK (611105 bytes)
[2026-06-13 22:19:12] Asset 3201334566 fetched OK (40944 bytes)
[2026-06-13 22:19:12] >> GET /asset/?id=12954392109
[2026-06-13 22:19:12] >> GET /asset/?id=12956674604
[2026-06-13 22:19:12] Asset 122293136 fetched OK (307904 bytes)
[2026-06-13 22:19:12] Asset 6246950589 fetched OK (554605 bytes)
[2026-06-13 22:19:12] >> GET /asset/?id=12955843720
[2026-06-13 22:19:12] Asset 122293937 fetched OK (480013 bytes)
[2026-06-13 22:19:12] >> GET /asset/?id=12944811314
[2026-06-13 22:19:12] Asset 12954505888 fetched OK (471863 bytes)
[2026-06-13 22:19:12] >> GET /asset/?id=12944811182
[2026-06-13 22:19:12] Asset 12954392109 fetched OK (92277 bytes)
[2026-06-13 22:19:12] >> GET /asset/?id=12956665420
[2026-06-13 22:19:12] Asset 12956674604 fetched OK (373468 bytes)
[2026-06-13 22:19:12] >> GET /v1/asset?id=21382687
[2026-06-13 22:19:12] >> GET /v1/asset?id=21382712
[2026-06-13 22:19:12] >> GET /asset/?id=3171220436
[2026-06-13 22:19:12] >> GET /v1/asset?id=6246951385
[2026-06-13 22:19:12] Asset 12955843720 fetched OK (109841 bytes)
[2026-06-13 22:19:12] >> GET /asset/?id=12956652010
[2026-06-13 22:19:12] >> GET /asset/?id=6689657395
[2026-06-13 22:19:12] Asset 12944811314 fetched OK (290639 bytes)
[2026-06-13 22:19:12] Asset 12944811182 fetched OK (27749 bytes)
[2026-06-13 22:19:12] >> GET /asset/?id=6689656094
[2026-06-13 22:19:12] >> GET /v1/asset?id=161254231
[2026-06-13 22:19:12] Asset 12956665420 fetched OK (361774 bytes)
[2026-06-13 22:19:12] Asset 3171220436 fetched OK (38896 bytes)
[2026-06-13 22:19:12] Asset 21382712 fetched OK (140582 bytes)
[2026-06-13 22:19:12] Asset 21382687 fetched OK (23634 bytes)
[2026-06-13 22:19:12] >> GET /asset/?id=11885808526
[2026-06-13 22:19:12] Asset 12956652010 fetched OK (49061 bytes)
[2026-06-13 22:19:12] >> GET /asset/?id=12238708500
[2026-06-13 22:19:12] Asset 6689657395 fetched OK (93978 bytes)
[2026-06-13 22:19:12] Asset 6246951385 fetched OK (520935 bytes)
[2026-06-13 22:19:12] >> GET /asset/?id=12237805628
[2026-06-13 22:19:12] Asset 6689656094 fetched OK (232297 bytes)
[2026-06-13 22:19:12] Asset 161254231 fetched OK (177307 bytes)
[2026-06-13 22:19:12] Asset 11885808526 fetched OK (139704 bytes)
[2026-06-13 22:19:12] >> GET /asset/?id=340600991
[2026-06-13 22:19:12] >> GET /asset/?id=10330174896
[2026-06-13 22:19:13] >> GET /asset/?id=5207426010
[2026-06-13 22:19:13] >> GET /asset/?id=4440312522
[2026-06-13 22:19:13] Asset 12238708500 fetched OK (581648 bytes)
[2026-06-13 22:19:13] Asset 12237805628 fetched OK (628967 bytes)
[2026-06-13 22:19:13] >> GET /asset/?id=11885809979
[2026-06-13 22:19:13] >> GET /v1/asset?id=6246948951
[2026-06-13 22:19:13] >> GET /asset/?id=12921231088
[2026-06-13 22:19:13] >> GET /asset/?id=12921221200
[2026-06-13 22:19:13] >> GET /v1/asset?id=10294526407
[2026-06-13 22:19:13] Asset 340600991 fetched OK (71866 bytes)
[2026-06-13 22:19:13] >> GET /v1/asset?id=9500505337
[2026-06-13 22:19:13] >> GET /v1/asset?id=161270249
[2026-06-13 22:19:13] >> GET /v1/asset?id=161270281
[2026-06-13 22:19:13] >> GET /v1/asset?id=170782921
[2026-06-13 22:19:13] >> GET /v1/asset?id=170782953
[2026-06-13 22:19:13] Asset 4440312522 fetched OK (139105 bytes)
[2026-06-13 22:19:13] FetchUrl: HTTP 403 for https://assetdelivery.roblox.com/v1/asset/?id=9500505337
[2026-06-13 22:19:13] Asset 9500505337: fetch failed, falling back to redirect
[2026-06-13 22:19:13] Asset 12921221200 fetched OK (99925 bytes)
[2026-06-13 22:19:13] Asset 5207426010 fetched OK (235819 bytes)
[2026-06-13 22:19:13] Asset 10294526407 fetched OK (9158 bytes)
[2026-06-13 22:19:13] Asset 6246948951 fetched OK (616636 bytes)
[2026-06-13 22:19:13] Asset 12921231088 fetched OK (632476 bytes)
[2026-06-13 22:19:13] Asset 161270281 fetched OK (100433 bytes)
[2026-06-13 22:19:13] Asset 161270249 fetched OK (110023 bytes)
[2026-06-13 22:19:13] Asset 170782921 fetched OK (39394 bytes)
[2026-06-13 22:19:13] >> GET /v1/asset?id=142885397
[2026-06-13 22:19:13] >> GET /v1/asset?id=9500636136
[2026-06-13 22:19:13] >> GET /asset/?id=628625639
[2026-06-13 22:19:13] Asset 11885809979 fetched OK (40382 bytes)
[2026-06-13 22:19:13] Asset 170782953 fetched OK (39279 bytes)
[2026-06-13 22:19:13] >> GET /v1/asset?id=104516981
[2026-06-13 22:19:13] >> GET /asset/?id=1086687635
[2026-06-13 22:19:13] >> GET /asset/?id=1086681954
[2026-06-13 22:19:13] FetchUrl: HTTP 403 for https://assetdelivery.roblox.com/v1/asset/?id=9500636136
[2026-06-13 22:19:13] >> GET /asset/?id=1086685235
[2026-06-13 22:19:13] >> GET /asset/?id=1086686987
[2026-06-13 22:19:13] Asset 9500636136: fetch failed, falling back to redirect
[2026-06-13 22:19:13] Asset 142885397 fetched OK (545838 bytes)
[2026-06-13 22:19:13] Asset 628625639 fetched OK (193361 bytes)
[2026-06-13 22:19:13] >> GET /v1/asset?id=104516854
[2026-06-13 22:19:13] >> GET /v1/asset?id=450686548
[2026-06-13 22:19:13] >> GET /v1/asset?id=92658105
[2026-06-13 22:19:13] >> GET /v1/asset?id=92656610
[2026-06-13 22:19:13] >> GET /v1/asset?id=10304934418
[2026-06-13 22:19:13] Asset 104516981 fetched OK (36572 bytes)
[2026-06-13 22:19:13] >> GET /asset/?id=10330174896
[2026-06-13 22:19:13] >> GET /asset/?id=5207426010
[2026-06-13 22:19:13] Asset 10330174896 fetched OK (156031 bytes)
[2026-06-13 22:19:13] Asset 450686548 fetched OK (21053 bytes)
[2026-06-13 22:19:13] Asset 92658105 fetched OK (70756 bytes)
[2026-06-13 22:19:13] Asset 104516854 fetched OK (253251 bytes)
[2026-06-13 22:19:13] >> GET /v1/asset?id=180945144
[2026-06-13 22:19:13] >> GET /v1/asset?id=180945131
[2026-06-13 22:19:13] Asset 1086685235 fetched OK (102578 bytes)
[2026-06-13 22:19:13] >> GET /asset/?id=1086685817
[2026-06-13 22:19:13] Asset 92656610 fetched OK (335297 bytes)
[2026-06-13 22:19:13] Asset 10330174896 fetched OK (156031 bytes)
[2026-06-13 22:19:13] Asset 10304934418 fetched OK (5375 bytes)
[2026-06-13 22:19:13] Asset 5207426010 fetched OK (235819 bytes)
[2026-06-13 22:19:13] >> GET /asset/?id=4440312522
[2026-06-13 22:19:13] Asset 180945144 fetched OK (99662 bytes)
[2026-06-13 22:19:13] >> GET /asset/?id=1086685235
[2026-06-13 22:19:13] Asset 180945131 fetched OK (129004 bytes)
[2026-06-13 22:19:14] >> GET /v1/asset?id=180945155
[2026-06-13 22:19:14] >> GET /asset/?id=1086686262
[2026-06-13 22:19:14] >> GET /asset/?id=1086684539
[2026-06-13 22:19:14] >> GET /asset/?id=1086686262
[2026-06-13 22:19:14] Asset 4440312522 fetched OK (139105 bytes)
[2026-06-13 22:19:14] >> GET /asset/?id=1086681954
[2026-06-13 22:19:14] >> GET /asset/?id=1086685817
[2026-06-13 22:19:14] >> GET /asset/?id=1086681344
[2026-06-13 22:19:14] >> GET /asset/?id=1086684012
[2026-06-13 22:19:14] Asset 1086681954 fetched OK (89408 bytes)
[2026-06-13 22:19:14] Asset 1086685235 fetched OK (102578 bytes)
[2026-06-13 22:19:14] Asset 180945155 fetched OK (131295 bytes)
[2026-06-13 22:19:14] >> GET /asset/?id=1086683284
[2026-06-13 22:19:14] >> GET /asset/?id=1086681344
[2026-06-13 22:19:14] Asset 1086686262 fetched OK (132425 bytes)
[2026-06-13 22:19:14] Asset 1086681954 fetched OK (89408 bytes)
[2026-06-13 22:19:14] Asset 1086684539 fetched OK (274613 bytes)
[2026-06-13 22:19:14] Asset 1086686987 fetched OK (127393 bytes)
[2026-06-13 22:19:14] Asset 1086686262 fetched OK (132425 bytes)
[2026-06-13 22:19:14] Asset 1086687635 fetched OK (65474 bytes)
[2026-06-13 22:19:14] Asset 1086681344 fetched OK (91590 bytes)
[2026-06-13 22:19:14] >> GET /asset/?id=1086686987
[2026-06-13 22:19:14] Asset 1086683284 fetched OK (75321 bytes)
[2026-06-13 22:19:14] Asset 1086684012 fetched OK (82098 bytes)
[2026-06-13 22:19:14] Asset 1086681344 fetched OK (91590 bytes)
[2026-06-13 22:19:14] >> GET /asset/?id=1086687635
[2026-06-13 22:19:14] >> GET /asset/?id=1086684539
[2026-06-13 22:19:14] >> GET /asset/?id=1086684012
[2026-06-13 22:19:14] >> GET /asset/?id=1086683284
[2026-06-13 22:19:14] >> GET /v1/asset?id=134080569
[2026-06-13 22:19:14] >> GET /v1/asset?id=134080767
[2026-06-13 22:19:14] Asset 1086686987 fetched OK (127393 bytes)
[2026-06-13 22:19:14] >> GET /asset/?id=7563973283
[2026-06-13 22:19:14] Asset 1086685817 fetched OK (291096 bytes)
[2026-06-13 22:19:14] Asset 1086685817 fetched OK (291096 bytes)
[2026-06-13 22:19:14] Asset 1086684012 fetched OK (82098 bytes)
[2026-06-13 22:19:14] >> GET /asset/?id=7563973283
[2026-06-13 22:19:14] >> GET /v1/asset?id=134080767
[2026-06-13 22:19:14] >> GET /asset/?id=7563974154
[2026-06-13 22:19:14] >> GET /asset/?id=7563974154
[2026-06-13 22:19:14] >> GET /asset/?id=7563972493
[2026-06-13 22:19:14] >> GET /v1/asset?id=134080569
[2026-06-13 22:19:14] Asset 1086683284 fetched OK (75321 bytes)
[2026-06-13 22:19:14] Asset 134080569 fetched OK (73932 bytes)
[2026-06-13 22:19:14] Asset 134080767 fetched OK (484706 bytes)
[2026-06-13 22:19:14] Asset 1086684539 fetched OK (274613 bytes)
[2026-06-13 22:19:14] Asset 1086687635 fetched OK (65474 bytes)
[2026-06-13 22:19:14] Asset 134080767 fetched OK (484706 bytes)
[2026-06-13 22:19:14] >> GET /asset/?id=7563972493
[2026-06-13 22:19:14] Asset 134080569 fetched OK (73932 bytes)
[2026-06-13 22:19:14] Asset 7563973283 fetched OK (143159 bytes)
[2026-06-13 22:19:14] >> GET /v1/asset?id=2530636595
[2026-06-13 22:19:14] >> GET /v1/asset?id=10304934418
[2026-06-13 22:19:14] Asset 7563972493 fetched OK (157367 bytes)
[2026-06-13 22:19:14] Asset 7563972493 fetched OK (157367 bytes)
[2026-06-13 22:19:14] >> GET /v1/asset?id=2530636595
[2026-06-13 22:19:14] >> POST /v1.0/SequenceStatistics/BatchAddToSequencesV2?apiKey=76E5A40C%2D3AE1%2D4028%2D9F10%2D7C62520BD94F
[2026-06-13 22:19:14] >> POST /v1.1/Counters/BatchIncrement?apiKey=76E5A40C%2D3AE1%2D4028%2D9F10%2D7C62520BD94F
[2026-06-13 22:19:14] << /v1.0/SequenceStatistics/BatchAddToSequencesV2 -> {}
[2026-06-13 22:19:14] Asset 7563973283 fetched OK (143159 bytes)
[2026-06-13 22:19:14] >> POST /product-experimentation-platform/v1/projects/1/values
[2026-06-13 22:19:14] << /v1.1/Counters/BatchIncrement -> {}
[2026-06-13 22:19:14] << /product-experimentation-platform/v1/projects/1/values -> {"assignments":[]}
[2026-06-13 22:19:14] >> GET /v2/assets/9991912465/details
[2026-06-13 22:19:14] << /v2/assets/9991912465/details -> {"TargetId":9991912465,"AssetId":9991912465,"ProductId":9991912465,"assetId":9991912465,"id":9991912465,"Id":9991912465,"TargetPlaceId":9991912465,"PlaceId":9991912465,"ProductType":"User Product","Name":"Baseplate","Description":"","AssetTypeId":9,"assetTypeId":9,"Creator":{"Id":14463315,"Name":"HearMeRoar","CreatorType":"User","CreatorTargetId":14463315,"HasVerifiedBadge":false,"id":14463315,"type":1,"creatorType":"User","creatorTargetId":14463315},"IconImageAssetId":0,"Created":"2022-05-11T13:27:09.897Z","Updated":"2022-06-19T07:23:39.03Z","created":"2022-05-11T13:27:09.897Z","updated":"2022-06-19T07:23:39.03Z","PriceInRobux":null,"Sales":0,"IsNew":false,"IsForSale":false,"IsPublicDomain":true,"IsLimited":false,"IsLimitedUnique":false,"isPublic":true,"isForSale":false,"isLimited":false,"isLimitedUnique":false,"enableComments":false}
[2026-06-13 22:19:15] Asset 10304934418 fetched OK (5375 bytes)
[2026-06-13 22:19:15] Asset 2530636595 fetched OK (179373 bytes)
[2026-06-13 22:19:15] >> GET /asset/?id=2957796423
[2026-06-13 22:19:15] >> GET /studio/e.png?studioSid=E18009C6-6056-45D6-A536-FDE38AA6DB9E&clientID=1983CBC1-BFEF-4E46-A6E5-7574E69AA5BC&timestamp=1781414329100&userID=14463315&placeID=9000000000065&category=Studio&evt=RamUsage%2EOpenPlace&label=1733&value=0&SD.Platform.ID=5DC0E8833F3044C39825BE99732F8E84&SD.Platform.CT=1781414319536&SD.StudioSession.MD.Type=StartServer&SD.StudioSession.ID=0EEA74702D24416D86A3B30006682D09&SD.Platform.MD.DebugVersion=FFlagStudioFlushDeferredEventsBlock%2C%20FFlagFixMissingStudioStartupSummaryEvent%2C%20FFlagFixWinStudioMissingStartEvent&SD.StudioSession.CT=1781414321316&SD.UserSession.ID=F0A5EAA86B314D1C8A3508DFC66D1085&SD.UserSession.CT=1781414328502&SD.UserSession.MD.Type=LoggedIn&SD.MainViewSession.ID=3EF9E8E5665C4DE8A157CBD89883B5DA&SD.MainViewSession.CT=1781414328502&SD.MainViewSession.MD.Type=StartServer&SD.MainViewSession.MD.PlaceId=9000000000065
[2026-06-13 22:19:15] >> GET /v1/games?universeIds=9000000000064
[2026-06-13 22:19:15] << /studio/e.png -> {}
[2026-06-13 22:19:15] << /v1/games -> {"data":[{"id":9991912465,"rootPlaceId":9991912465,"name":"Baseplate","description":"","sourceName":null,"sourceDescription":null,"creator":{"id":14463315,"name":"HearMeRoar","type":"User","isRNVAccount":false,"hasVerifiedBadge":false},"price":null,"allowedGearGenres":["All"],"allowedGearCategories":[],"isGenreEnforced":true,"copyingAllowed":false,"playing":0,"visits":0,"maxPlayers":10,"created":"2022-05-11T13:27:09.897Z","updated":"2022-06-19T07:23:39.03Z","studioAccessToApisAllowed":true,"createVipServersAllowed":false,"genre":"All","genre_l1":"","genre_l2":"","untranslated_genre_l1":"na","isAllGenre":true,"isFavoritedByUser":false,"favoritedCount":0,"isActive":true,"privacyType":"Public","canonicalUrlPath":"/games/9991912465/Baseplate"}]}
[2026-06-13 22:19:15] Asset 2530636595 fetched OK (179373 bytes)
[2026-06-13 22:19:15] >> POST /v2/persistence/9000000000064/datastores/objects/object?datastore=GameData&objectKey=global%2FVersion
[2026-06-13 22:19:15] << /v2/persistence/9000000000064/datastores/objects/object -> {"version":"1","deleted":false,"contentLength":0,"createdTime":"2023-01-01T00:00:00Z","objectCreatedTime":"2023-01-01T00:00:00Z"}
[2026-06-13 22:19:15] Asset 2957796423 fetched OK (3390 bytes)
[2026-06-13 22:19:15] >> GET /asset/?id=2954739019
[2026-06-13 22:19:15] >> GET /asset/?id=2576540162
[2026-06-13 22:19:15] >> GET /asset/?id=2954412467
[2026-06-13 22:19:15] >> GET /asset/?id=3087228211
[2026-06-13 22:19:15] >> GET /asset/?id=2957790421
[2026-06-13 22:19:15] Asset 7563974154 fetched OK (145198 bytes)
[2026-06-13 22:19:15] Asset 7563974154 fetched OK (145198 bytes)
[2026-06-13 22:19:15] >> POST /v1.1/Counters/BatchIncrement?apiKey=76E5A40C%2D3AE1%2D4028%2D9F10%2D7C62520BD94F
[2026-06-13 22:19:15] >> GET /asset/?id=3150088039
[2026-06-13 22:19:15] << /v1.1/Counters/BatchIncrement -> {}
[2026-06-13 22:19:15] >> POST /v1/users
[2026-06-13 22:19:15] >> PATCH /studio-user-settings/v1/user/studiodata/BetaFeatureInformation
[2026-06-13 22:19:15] << /v1/users -> {"data":[{"id":14463315,"name":"HearMeRoar","displayName":"HearMeRoar"}]}
[2026-06-13 22:19:15] << /studio-user-settings/v1/user/studiodata/BetaFeatureInformation -> {}
[2026-06-13 22:19:15] >> GET /v1/games/icons?universeIds=9000000000048,9000000000098,9000000000068,9000000000016,9000000000088,9000000000064,9000000000092,9000000000096,9000000000080,9000000000018,9000000000040,9000000000030,9000000000070,9000000000034,9000000000020,9000000000002,9000000000026,9000000000052,9000000000022,9000000000050,9000000000062,9000000000044,9000000000060,9000000000024&size=256x256&format=png&returnPolicy=AutoGenerated
[2026-06-13 22:19:15] << /v1/games/icons -> {"data":[{"targetId":9000000000048,"state":"Completed","imageUrl":"http://localhost/Png.png"},{"targetId":9000000000098,"state":"Completed","imageUrl":"http://localhost/Png.png"},{"targetId":9000000000068,"state":"Completed","imageUrl":"http://localhost/Png.png"},{"targetId":9000000000016,"state":"Completed","imageUrl":"http://localhost/Png.png"},{"targetId":9000000000088,"state":"Completed","imageUrl":"http://localhost/Png.png"},{"targetId":9000000000064,"state":"Completed","imageUrl":"http://localhost/Png.png"},{"targetId":9000000000092,"state":"Completed","imageUrl":"http://localhost/Png.png"},{"targetId":9000000000096,"state":"Completed","imageUrl":"http://localhost/Png.png"},{"targetId":9000000000080,"state":"Completed","imageUrl":"http://localhost/Png.png"},{"targetId":9000000000018,"state":"Completed","imageUrl":"http://localhost/Png.png"},{"targetId":9000000000040,"state":"Completed","imageUrl":"http://localhost/Png.png"},{"targetId":9000000000030,"state":"Completed","imageUrl":
[2026-06-13 22:19:15] Asset 2954739019 fetched OK (187385 bytes)
[2026-06-13 22:19:15] >> GET /studio/e.png?studioSid=E18009C6-6056-45D6-A536-FDE38AA6DB9E&clientID=1983CBC1-BFEF-4E46-A6E5-7574E69AA5BC&timestamp=1781414330477&userID=14463315&placeID=9000000000065&category=Game&evt=RemoteEvent&label=fireClient&value=0&SD.Platform.ID=5DC0E8833F3044C39825BE99732F8E84&SD.Platform.CT=1781414319536&SD.StudioSession.MD.Type=StartServer&SD.StudioSession.ID=0EEA74702D24416D86A3B30006682D09&SD.Platform.MD.DebugVersion=FFlagStudioFlushDeferredEventsBlock%2C%20FFlagFixMissingStudioStartupSummaryEvent%2C%20FFlagFixWinStudioMissingStartEvent&SD.StudioSession.CT=1781414321316&SD.UserSession.ID=F0A5EAA86B314D1C8A3508DFC66D1085&SD.UserSession.CT=1781414328502&SD.UserSession.MD.Type=LoggedIn&SD.MainViewSession.ID=3EF9E8E5665C4DE8A157CBD89883B5DA&SD.MainViewSession.CT=1781414328502&SD.MainViewSession.MD.Type=StartServer&SD.MainViewSession.MD.PlaceId=9000000000065
[2026-06-13 22:19:15] Asset 2576540162 fetched OK (931 bytes)
[2026-06-13 22:19:15] << /studio/e.png -> {}
[2026-06-13 22:19:15] Asset 3087228211 fetched OK (1682 bytes)
[2026-06-13 22:19:15] Asset 2954412467 fetched OK (79992 bytes)
[2026-06-13 22:19:15] Asset 2957790421 fetched OK (2642 bytes)
[2026-06-13 22:19:15] Asset 3150088039 fetched OK (276605 bytes)
[2026-06-13 22:19:15] >> GET /asset/?id=3028270839
[2026-06-13 22:19:15] >> GET /asset/?id=3085453029
[2026-06-13 22:19:15] >> GET /v1/user/14463315/canmanage/9000000000065
[2026-06-13 22:19:15] << /v1/user/14463315/canmanage/9000000000065 -> {"Success":true,"CanManage":true}
[2026-06-13 22:19:15] >> GET /v2/users/14463315/groups/roles
[2026-06-13 22:19:15] << /v2/users/14463315/groups/roles -> {"data":[{"group":{"id":13538101,"name":"GC' Sus Games","memberCount":11,"hasVerifiedBadge":false},"role":{"id":77381526,"name":"Member","rank":1}},{"group":{"id":391929292,"name":"FilteringEnabled=false","memberCount":6,"hasVerifiedBadge":false},"role":{"id":700687000,"name":"Owner","rank":255}},{"group":{"id":4347428,"name":"The State of Mind","memberCount":416796,"hasVerifiedBadge":false},"role":{"id":29322544,"name":"⭐️ Important Member","rank":1}},{"group":{"id":33142130,"name":"Legence Clothes","memberCount":6,"hasVerifiedBadge":false},"role":{"id":101719466,"name":"🎀📝 Love📝","rank":1}},{"group":{"id":13273531,"name":"_RARE NAMES_","memberCount":11049,"hasVerifiedBadge":false},"role":{"id":76113545,"name":"Incredible names","rank":45}},{"group":{"id":5995136,"name":"- Old Roblox Accounts -","memberCount":62907,"hasVerifiedBadge":false},"role":{"id":93679233,"name":"2006 / 2007","rank":170}},{"group":{"id":32818995,"name":"(Project Aincrad SAO)","member
[2026-06-13 22:19:15] >> GET /v1/persistence/sorted/list?scope=global&key=LeaderboardJuly2022&pageSize=100&direction=dsc&minValue=0
[2026-06-13 22:19:15] DS-v1: M=GET type=sorted rest=/list ds=LeaderboardJuly2022 scope=global target= usnParam=no bodylen=0 body=[]
[2026-06-13 22:19:15] >> GET /v1/persistence/sorted?scope=global&key=LeaderboardJuly2022&target=HearMeRoar
[2026-06-13 22:19:15] << /v1/persistence/sorted/list -> {"entries":[],"lastEvaluatedKey":null}
[2026-06-13 22:19:15] DS-v1: M=GET type=sorted rest= ds=LeaderboardJuly2022 scope=global target=HearMeRoar usnParam=no bodylen=0 body=[]
[2026-06-13 22:19:15] >> GET /studio/e.png?studioSid=E18009C6-6056-45D6-A536-FDE38AA6DB9E&clientID=1983CBC1-BFEF-4E46-A6E5-7574E69AA5BC&timestamp=1781414331991&userID=14463315&placeID=9000000000065&category=Game&evt=RemoteFunction&label=invokeServer&value=0&SD.Platform.ID=5DC0E8833F3044C39825BE99732F8E84&SD.Platform.CT=1781414319536&SD.StudioSession.MD.Type=StartServer&SD.StudioSession.ID=0EEA74702D24416D86A3B30006682D09&SD.Platform.MD.DebugVersion=FFlagStudioFlushDeferredEventsBlock%2C%20FFlagFixMissingStudioStartupSummaryEvent%2C%20FFlagFixWinStudioMissingStartEvent&SD.StudioSession.CT=1781414321316&SD.UserSession.ID=F0A5EAA86B314D1C8A3508DFC66D1085&SD.UserSession.CT=1781414328502&SD.UserSession.MD.Type=LoggedIn&SD.MainViewSession.ID=3EF9E8E5665C4DE8A157CBD89883B5DA&SD.MainViewSession.CT=1781414328502&SD.MainViewSession.MD.Type=StartServer&SD.MainViewSession.MD.PlaceId=9000000000065
[2026-06-13 22:19:15] << /v1/persistence/sorted -> null
[2026-06-13 22:19:15] << /studio/e.png -> {}
[2026-06-13 22:19:15] Asset 3028270839 fetched OK (96036 bytes)
[2026-06-13 22:19:15] >> GET /v1/users/14463315/items/gamepass/56405847
[2026-06-13 22:19:15] << /v1/users/14463315/items/gamepass/56405847 -> {"data":[{"id":14463315,"name":"HearMeRoar","displayName":"HearMeRoar"}]}
[2026-06-13 22:19:15] Asset 3085453029 fetched OK (1670 bytes)
[2026-06-13 22:19:15] >> GET /asset/?id=3152509901
[2026-06-13 22:19:15] >> GET /asset/?id=3152504722
[2026-06-13 22:19:15] >> GET /asset/?id=3152772634
[2026-06-13 22:19:15] >> GET /asset/?id=3152772386
[2026-06-13 22:19:15] >> GET /asset/?id=3152387679
[2026-06-13 22:19:15] >> GET /studio/e.png?studioSid=6CC0A067-6251-498D-97D7-72F82332A8A5&clientID=1983CBC1-BFEF-4E46-A6E5-7574E69AA5BC&timestamp=1781414334498&userID=14463315&placeID=9991912465&category=Error&evt=QtMessage%5FWarning&label=QWindowsWindow%3A%3AsetGeometry%3A%20Unable%20to%20set%20geometry%201240x843%2B0%2B0%20%28frame%3A%201240x843%2B0%2B0%29%20on%20QWidgetWindow%2F%22Qtitan%3A%3ADockSplitLayoutPanelClassWindow%22%20on%20%22%5C%5C%2E%5CDISPLAY1%22%2E%20Resulting%20geometry%3A%201608x843%2B0%2B0%20%28frame%3A%201608x843%2B0%2B0%29%20margins%3A%200%2C%200%2C%200%2C%200%29&value=0&SD.Platform.ID=39BD5212B7E147C4BB2598657C7226EC&SD.Platform.CT=1781414322384&SD.StudioSession.MD.Type=StartClient&SD.StudioSession.ID=6EA6A1942F214C57A6DE42308BCFC110&SD.Platform.MD.DebugVersion=FFlagStudioFlushDeferredEventsBlock%2C%20FFlagFixMissingStudioStartupSummaryEvent%2C%20FFlagFixWinStudioMissingStartEvent&SD.StudioSession.CT=1781414324104&SD.UserSession.ID=B6A04371E73F40DBA3373E22122D8E7E&SD.UserSession.CT=1781414329595&SD.UserSes
[2026-06-13 22:19:15] << /studio/e.png -> {}
[2026-06-13 22:19:15] Asset 3152509901 fetched OK (56398 bytes)
[2026-06-13 22:19:15] Asset 3152504722 fetched OK (13354 bytes)
[2026-06-13 22:19:15] >> GET /studio/e.png?studioSid=E18009C6-6056-45D6-A536-FDE38AA6DB9E&clientID=1983CBC1-BFEF-4E46-A6E5-7574E69AA5BC&timestamp=1781414333353&userID=14463315&placeID=9000000000065&category=Game&evt=RemoteEvent&label=fireServer&value=0&SD.Platform.ID=5DC0E8833F3044C39825BE99732F8E84&SD.Platform.CT=1781414319536&SD.StudioSession.MD.Type=StartServer&SD.StudioSession.ID=0EEA74702D24416D86A3B30006682D09&SD.Platform.MD.DebugVersion=FFlagStudioFlushDeferredEventsBlock%2C%20FFlagFixMissingStudioStartupSummaryEvent%2C%20FFlagFixWinStudioMissingStartEvent&SD.StudioSession.CT=1781414321316&SD.UserSession.ID=F0A5EAA86B314D1C8A3508DFC66D1085&SD.UserSession.CT=1781414328502&SD.UserSession.MD.Type=LoggedIn&SD.MainViewSession.ID=3EF9E8E5665C4DE8A157CBD89883B5DA&SD.MainViewSession.CT=1781414328502&SD.MainViewSession.MD.Type=StartServer&SD.MainViewSession.MD.PlaceId=9000000000065
[2026-06-13 22:19:15] << /studio/e.png -> {}
[2026-06-13 22:19:15] Asset 3152772634 fetched OK (33642 bytes)
[2026-06-13 22:19:15] Asset 3152772386 fetched OK (43230 bytes)
[2026-06-13 22:19:15] Asset 3152387679 fetched OK (63015 bytes)
[2026-06-13 22:19:15] >> GET /studio/e.png?studioSid=E18009C6-6056-45D6-A536-FDE38AA6DB9E&clientID=1983CBC1-BFEF-4E46-A6E5-7574E69AA5BC&timestamp=1781414333420&userID=14463315&placeID=9000000000065&category=Game&evt=HttpService&label=9000000000065&value=0&SD.Platform.ID=5DC0E8833F3044C39825BE99732F8E84&SD.Platform.CT=1781414319536&SD.StudioSession.MD.Type=StartServer&SD.StudioSession.ID=0EEA74702D24416D86A3B30006682D09&SD.Platform.MD.DebugVersion=FFlagStudioFlushDeferredEventsBlock%2C%20FFlagFixMissingStudioStartupSummaryEvent%2C%20FFlagFixWinStudioMissingStartEvent&SD.StudioSession.CT=1781414321316&SD.UserSession.ID=F0A5EAA86B314D1C8A3508DFC66D1085&SD.UserSession.CT=1781414328502&SD.UserSession.MD.Type=LoggedIn&SD.MainViewSession.ID=3EF9E8E5665C4DE8A157CBD89883B5DA&SD.MainViewSession.CT=1781414328502&SD.MainViewSession.MD.Type=StartServer&SD.MainViewSession.MD.PlaceId=9000000000065
[2026-06-13 22:19:15] >> GET /v1/user/14463315/is-admin-developer-console-enabled
[2026-06-13 22:19:15] << /studio/e.png -> {}
[2026-06-13 22:19:15] << /v1/user/14463315/is-admin-developer-console-enabled -> {"isAdminDeveloperConsoleEnabled":true}
[2026-06-13 22:19:15] >> GET /v1/user/14463315/canmanage/9000000000065
[2026-06-13 22:19:15] >> GET /studio/e.png?studioSid=E18009C6-6056-45D6-A536-FDE38AA6DB9E&clientID=1983CBC1-BFEF-4E46-A6E5-7574E69AA5BC&timestamp=1781414355586&userID=14463315&placeID=9000000000065&category=Game&evt=RemoteEvent&label=fireAllClients&value=0&SD.Platform.ID=5DC0E8833F3044C39825BE99732F8E84&SD.Platform.CT=1781414319536&SD.StudioSession.MD.Type=StartServer&SD.StudioSession.ID=0EEA74702D24416D86A3B30006682D09&SD.Platform.MD.DebugVersion=FFlagStudioFlushDeferredEventsBlock%2C%20FFlagFixMissingStudioStartupSummaryEvent%2C%20FFlagFixWinStudioMissingStartEvent&SD.StudioSession.CT=1781414321316&SD.UserSession.ID=F0A5EAA86B314D1C8A3508DFC66D1085&SD.UserSession.CT=1781414328502&SD.UserSession.MD.Type=LoggedIn&SD.MainViewSession.ID=3EF9E8E5665C4DE8A157CBD89883B5DA&SD.MainViewSession.CT=1781414328502&SD.MainViewSession.MD.Type=StartServer&SD.MainViewSession.MD.PlaceId=9000000000065
[2026-06-13 22:19:15] >> GET /v2/persistence/9000000000064/datastores/objects/object?datastore=BanStore&objectKey=global%2F14463315
[2026-06-13 22:19:15] << /v1/user/14463315/canmanage/9000000000065 -> {"Success":true,"CanManage":true}
[2026-06-13 22:19:15] << /studio/e.png -> {}
[2026-06-13 22:19:15] >> GET /studio/e.png?studioSid=6CC0A067-6251-498D-97D7-72F82332A8A5&clientID=1983CBC1-BFEF-4E46-A6E5-7574E69AA5BC&timestamp=1781414334500&userID=14463315&placeID=9991912465&category=Error&evt=QtMessage%5FWarning&label=QWindowsWindow%3A%3AsetGeometry%3A%20Unable%20to%20set%20geometry%201240x843%2B0%2B0%20%28frame%3A%201240x843%2B0%2B0%29%20on%20QWidgetWindow%2F%22Qtitan%3A%3ADockSplitLayoutPanelClassWindow%22%20on%20%22%5C%5C%2E%5CDISPLAY1%22%2E%20Resulting%20geometry%3A%201608x843%2B0%2B0%20%28frame%3A%201608x843%2B0%2B0%29%20margins%3A%200%2C%200%2C%200%2C%200%29&value=0&SD.Platform.ID=39BD5212B7E147C4BB2598657C7226EC&SD.Platform.CT=1781414322384&SD.StudioSession.MD.Type=StartClient&SD.StudioSession.ID=6EA6A1942F214C57A6DE42308BCFC110&SD.Platform.MD.DebugVersion=FFlagStudioFlushDeferredEventsBlock%2C%20FFlagFixMissingStudioStartupSummaryEvent%2C%20FFlagFixWinStudioMissingStartEvent&SD.StudioSession.CT=1781414324104&SD.UserSession.ID=B6A04371E73F40DBA3373E22122D8E7E&SD.UserSession.CT=1781414329595&SD.UserSes
[2026-06-13 22:19:15] >> GET /studio/e.png?studioSid=6CC0A067-6251-498D-97D7-72F82332A8A5&clientID=1983CBC1-BFEF-4E46-A6E5-7574E69AA5BC&timestamp=1781414334502&userID=14463315&placeID=9991912465&category=Error&evt=QtMessage%5FWarning&label=QWindowsWindow%3A%3AsetGeometry%3A%20Unable%20to%20set%20geometry%201240x843%2B0%2B0%20%28frame%3A%201240x843%2B0%2B0%29%20on%20QWidgetWindow%2F%22Qtitan%3A%3ADockSplitLayoutPanelClassWindow%22%20on%20%22%5C%5C%2E%5CDISPLAY1%22%2E%20Resulting%20geometry%3A%201608x843%2B0%2B0%20%28frame%3A%201608x843%2B0%2B0%29%20margins%3A%200%2C%200%2C%200%2C%200%29&value=0&SD.Platform.ID=39BD5212B7E147C4BB2598657C7226EC&SD.Platform.CT=1781414322384&SD.StudioSession.MD.Type=StartClient&SD.StudioSession.ID=6EA6A1942F214C57A6DE42308BCFC110&SD.Platform.MD.DebugVersion=FFlagStudioFlushDeferredEventsBlock%2C%20FFlagFixMissingStudioStartupSummaryEvent%2C%20FFlagFixWinStudioMissingStartEvent&SD.StudioSession.CT=1781414324104&SD.UserSession.ID=B6A04371E73F40DBA3373E22122D8E7E&SD.UserSession.CT=1781414329595&SD.UserSes
[2026-06-13 22:19:15] << /v2/persistence/9000000000064/datastores/objects/object -> null
[2026-06-13 22:19:15] << /studio/e.png -> {}
[2026-06-13 22:19:15] >> POST /studio/pbe
[2026-06-13 22:19:15] << /studio/e.png -> {}
[2026-06-13 22:19:15] >> GET /studio/e.png?studioSid=6CC0A067-6251-498D-97D7-72F82332A8A5&clientID=1983CBC1-BFEF-4E46-A6E5-7574E69AA5BC&timestamp=1781414334504&userID=14463315&placeID=9991912465&category=Error&evt=QtMessage%5FWarning&label=QWindowsWindow%3A%3AsetGeometry%3A%20Unable%20to%20set%20geometry%201240x843%2B0%2B0%20%28frame%3A%201240x843%2B0%2B0%29%20on%20QWidgetWindow%2F%22Qtitan%3A%3ADockSplitLayoutPanelClassWindow%22%20on%20%22%5C%5C%2E%5CDISPLAY1%22%2E%20Resulting%20geometry%3A%201608x843%2B0%2B0%20%28frame%3A%201608x843%2B0%2B0%29%20margins%3A%200%2C%200%2C%200%2C%200%29&value=0&SD.Platform.ID=39BD5212B7E147C4BB2598657C7226EC&SD.Platform.CT=1781414322384&SD.StudioSession.MD.Type=StartClient&SD.StudioSession.ID=6EA6A1942F214C57A6DE42308BCFC110&SD.Platform.MD.DebugVersion=FFlagStudioFlushDeferredEventsBlock%2C%20FFlagFixMissingStudioStartupSummaryEvent%2C%20FFlagFixWinStudioMissingStartEvent&SD.StudioSession.CT=1781414324104&SD.UserSession.ID=B6A04371E73F40DBA3373E22122D8E7E&SD.UserSession.CT=1781414329595&SD.UserSes
[2026-06-13 22:19:15] << /studio/pbe -> {}
[2026-06-13 22:19:15] << /studio/e.png -> {}
[2026-06-13 22:19:16] >> GET /studio/e.png?studioSid=6CC0A067-6251-498D-97D7-72F82332A8A5&clientID=1983CBC1-BFEF-4E46-A6E5-7574E69AA5BC&timestamp=1781414334505&userID=14463315&placeID=9991912465&category=Error&evt=QtMessage%5FWarning&label=QWindowsWindow%3A%3AsetGeometry%3A%20Unable%20to%20set%20geometry%201240x843%2B0%2B0%20%28frame%3A%201240x843%2B0%2B0%29%20on%20QWidgetWindow%2F%22Qtitan%3A%3ADockSplitLayoutPanelClassWindow%22%20on%20%22%5C%5C%2E%5CDISPLAY1%22%2E%20Resulting%20geometry%3A%201608x843%2B0%2B0%20%28frame%3A%201608x843%2B0%2B0%29%20margins%3A%200%2C%200%2C%200%2C%200%29&value=0&SD.Platform.ID=39BD5212B7E147C4BB2598657C7226EC&SD.Platform.CT=1781414322384&SD.StudioSession.MD.Type=StartClient&SD.StudioSession.ID=6EA6A1942F214C57A6DE42308BCFC110&SD.Platform.MD.DebugVersion=FFlagStudioFlushDeferredEventsBlock%2C%20FFlagFixMissingStudioStartupSummaryEvent%2C%20FFlagFixWinStudioMissingStartEvent&SD.StudioSession.CT=1781414324104&SD.UserSession.ID=B6A04371E73F40DBA3373E22122D8E7E&SD.UserSession.CT=1781414329595&SD.UserSes
[2026-06-13 22:19:16] >> GET /studio/e.png?studioSid=6CC0A067-6251-498D-97D7-72F82332A8A5&clientID=1983CBC1-BFEF-4E46-A6E5-7574E69AA5BC&timestamp=1781414334505&userID=14463315&placeID=9991912465&category=Error&evt=QtMessage%5FWarning&label=QWindowsWindow%3A%3AsetGeometry%3A%20Unable%20to%20set%20geometry%201240x843%2B0%2B0%20%28frame%3A%201240x843%2B0%2B0%29%20on%20QWidgetWindow%2F%22Qtitan%3A%3ADockDocumentLayoutPanelClassWindow%22%20on%20%22%5C%5C%2E%5CDISPLAY1%22%2E%20Resulting%20geometry%3A%201608x843%2B0%2B0%20%28frame%3A%201608x843%2B0%2B0%29%20margins%3A%200%2C%200%2C%200%2C%200%29&value=0&SD.Platform.ID=39BD5212B7E147C4BB2598657C7226EC&SD.Platform.CT=1781414322384&SD.StudioSession.MD.Type=StartClient&SD.StudioSession.ID=6EA6A1942F214C57A6DE42308BCFC110&SD.Platform.MD.DebugVersion=FFlagStudioFlushDeferredEventsBlock%2C%20FFlagFixMissingStudioStartupSummaryEvent%2C%20FFlagFixWinStudioMissingStartEvent&SD.StudioSession.CT=1781414324104&SD.UserSession.ID=B6A04371E73F40DBA3373E22122D8E7E&SD.UserSession.CT=1781414329595&SD.User
[2026-06-13 22:19:16] >> GET /studio/e.png?studioSid=6CC0A067-6251-498D-97D7-72F82332A8A5&clientID=1983CBC1-BFEF-4E46-A6E5-7574E69AA5BC&timestamp=1781414334506&userID=14463315&placeID=9991912465&category=Error&evt=QtMessage%5FWarning&label=QWindowsWindow%3A%3AsetGeometry%3A%20Unable%20to%20set%20geometry%201240x363%2B0%2B0%20%28frame%3A%201240x363%2B0%2B0%29%20on%20QWidgetWindow%2F%22Qtitan%3A%3ADockDocumentTabbedLayoutPanelClassWindow%22%20on%20%22%5C%5C%2E%5CDISPLAY1%22%2E%20Resulting%20geometry%3A%201608x843%2B0%2B0%20%28frame%3A%201608x843%2B0%2B0%29%20margins%3A%200%2C%200%2C%200%2C%200%29&value=0&SD.Platform.ID=39BD5212B7E147C4BB2598657C7226EC&SD.Platform.CT=1781414322384&SD.StudioSession.MD.Type=StartClient&SD.StudioSession.ID=6EA6A1942F214C57A6DE42308BCFC110&SD.Platform.MD.DebugVersion=FFlagStudioFlushDeferredEventsBlock%2C%20FFlagFixMissingStudioStartupSummaryEvent%2C%20FFlagFixWinStudioMissingStartEvent&SD.StudioSession.CT=1781414324104&SD.UserSession.ID=B6A04371E73F40DBA3373E22122D8E7E&SD.UserSession.CT=1781414329595&S
[2026-06-13 22:19:16] >> GET /studio/e.png?studioSid=6CC0A067-6251-498D-97D7-72F82332A8A5&clientID=1983CBC1-BFEF-4E46-A6E5-7574E69AA5BC&timestamp=1781414334507&userID=14463315&placeID=9991912465&category=Error&evt=QtMessage%5FWarning&label=QWindowsWindow%3A%3AsetGeometry%3A%20Unable%20to%20set%20geometry%201240x333%2B0%2B30%20%28frame%3A%201240x333%2B0%2B30%29%20on%20QWidgetWindow%2F%22ideDocDocumentPanelWindow%22%20on%20%22%5C%5C%2E%5CDISPLAY1%22%2E%20Resulting%20geometry%3A%201608x843%2B0%2B0%20%28frame%3A%201608x843%2B0%2B0%29%20margins%3A%200%2C%200%2C%200%2C%200%29&value=0&SD.Platform.ID=39BD5212B7E147C4BB2598657C7226EC&SD.Platform.CT=1781414322384&SD.StudioSession.MD.Type=StartClient&SD.StudioSession.ID=6EA6A1942F214C57A6DE42308BCFC110&SD.Platform.MD.DebugVersion=FFlagStudioFlushDeferredEventsBlock%2C%20FFlagFixMissingStudioStartupSummaryEvent%2C%20FFlagFixWinStudioMissingStartEvent&SD.StudioSession.CT=1781414324104&SD.UserSession.ID=B6A04371E73F40DBA3373E22122D8E7E&SD.UserSession.CT=1781414329595&SD.UserSession.MD.Type=Log
[2026-06-13 22:19:16] << /studio/e.png -> {}
[2026-06-13 22:19:16] << /studio/e.png -> {}
[2026-06-13 22:19:16] << /studio/e.png -> {}
[2026-06-13 22:19:16] << /studio/e.png -> {}
[2026-06-13 22:19:16] >> GET /studio/e.png?studioSid=6CC0A067-6251-498D-97D7-72F82332A8A5&clientID=1983CBC1-BFEF-4E46-A6E5-7574E69AA5BC&timestamp=1781414334508&userID=14463315&placeID=9991912465&category=Error&evt=QtMessage%5FWarning&label=QWindowsWindow%3A%3AsetGeometry%3A%20Unable%20to%20set%20geometry%201238x330%2B1%2B1%20%28frame%3A%201238x330%2B1%2B1%29%20on%20QWidgetWindow%2F%22QStackedWidgetClassWindow%22%20on%20%22%5C%5C%2E%5CDISPLAY1%22%2E%20Resulting%20geometry%3A%201608x843%2B0%2B0%20%28frame%3A%201608x843%2B0%2B0%29%20margins%3A%200%2C%200%2C%200%2C%200%29&value=0&SD.Platform.ID=39BD5212B7E147C4BB2598657C7226EC&SD.Platform.CT=1781414322384&SD.StudioSession.MD.Type=StartClient&SD.StudioSession.ID=6EA6A1942F214C57A6DE42308BCFC110&SD.Platform.MD.DebugVersion=FFlagStudioFlushDeferredEventsBlock%2C%20FFlagFixMissingStudioStartupSummaryEvent%2C%20FFlagFixWinStudioMissingStartEvent&SD.StudioSession.CT=1781414324104&SD.UserSession.ID=B6A04371E73F40DBA3373E22122D8E7E&SD.UserSession.CT=1781414329595&SD.UserSession.MD.Type=Logge
[2026-06-13 22:19:16] >> GET /studio/e.png?studioSid=E18009C6-6056-45D6-A536-FDE38AA6DB9E&clientID=1983CBC1-BFEF-4E46-A6E5-7574E69AA5BC&timestamp=1781414355912&userID=14463315&placeID=9000000000065&category=Game&evt=SendingServerLogHistory&label=9000000000065&value=0&SD.Platform.ID=5DC0E8833F3044C39825BE99732F8E84&SD.Platform.CT=1781414319536&SD.StudioSession.MD.Type=StartServer&SD.StudioSession.ID=0EEA74702D24416D86A3B30006682D09&SD.Platform.MD.DebugVersion=FFlagStudioFlushDeferredEventsBlock%2C%20FFlagFixMissingStudioStartupSummaryEvent%2C%20FFlagFixWinStudioMissingStartEvent&SD.StudioSession.CT=1781414321316&SD.UserSession.ID=F0A5EAA86B314D1C8A3508DFC66D1085&SD.UserSession.CT=1781414328502&SD.UserSession.MD.Type=LoggedIn&SD.MainViewSession.ID=3EF9E8E5665C4DE8A157CBD89883B5DA&SD.MainViewSession.CT=1781414328502&SD.MainViewSession.MD.Type=StartServer&SD.MainViewSession.MD.PlaceId=9000000000065
[2026-06-13 22:19:16] >> GET /studio/e.png?studioSid=E18009C6-6056-45D6-A536-FDE38AA6DB9E&clientID=1983CBC1-BFEF-4E46-A6E5-7574E69AA5BC&timestamp=1781414355913&userID=14463315&placeID=9000000000065&category=Game&evt=CreatorReadingServerLogs&label=14463315&value=0&SD.Platform.ID=5DC0E8833F3044C39825BE99732F8E84&SD.Platform.CT=1781414319536&SD.StudioSession.MD.Type=StartServer&SD.StudioSession.ID=0EEA74702D24416D86A3B30006682D09&SD.Platform.MD.DebugVersion=FFlagStudioFlushDeferredEventsBlock%2C%20FFlagFixMissingStudioStartupSummaryEvent%2C%20FFlagFixWinStudioMissingStartEvent&SD.StudioSession.CT=1781414321316&SD.UserSession.ID=F0A5EAA86B314D1C8A3508DFC66D1085&SD.UserSession.CT=1781414328502&SD.UserSession.MD.Type=LoggedIn&SD.MainViewSession.ID=3EF9E8E5665C4DE8A157CBD89883B5DA&SD.MainViewSession.CT=1781414328502&SD.MainViewSession.MD.Type=StartServer&SD.MainViewSession.MD.PlaceId=9000000000065
[2026-06-13 22:19:16] << /studio/e.png -> {}
[2026-06-13 22:19:16] << /studio/e.png -> {}
[2026-06-13 22:19:16] << /studio/e.png -> {}
[2026-06-13 22:19:16] >> POST /v1.0/SequenceStatistics/BatchAddToSequencesV2?apiKey=76E5A40C%2D3AE1%2D4028%2D9F10%2D7C62520BD94F
[2026-06-13 22:19:16] << /v1.0/SequenceStatistics/BatchAddToSequencesV2 -> {}
[2026-06-13 22:19:16] >> GET /studio/e.png?studioSid=6CC0A067-6251-498D-97D7-72F82332A8A5&clientID=1983CBC1-BFEF-4E46-A6E5-7574E69AA5BC&timestamp=1781414334510&userID=14463315&placeID=9991912465&category=Error&evt=QtMessage%5FWarning&label=QWindowsWindow%3A%3AsetGeometry%3A%20Unable%20to%20set%20geometry%201238x330%2B0%2B0%20%28frame%3A%201238x330%2B0%2B0%29%20on%20QWidgetWindow%2F%22QWidgetClassWindow%22%20on%20%22%5C%5C%2E%5CDISPLAY1%22%2E%20Resulting%20geometry%3A%201608x843%2B0%2B0%20%28frame%3A%201608x843%2B0%2B0%29%20margins%3A%200%2C%200%2C%200%2C%200%29&value=0&SD.Platform.ID=39BD5212B7E147C4BB2598657C7226EC&SD.Platform.CT=1781414322384&SD.StudioSession.MD.Type=StartClient&SD.StudioSession.ID=6EA6A1942F214C57A6DE42308BCFC110&SD.Platform.MD.DebugVersion=FFlagStudioFlushDeferredEventsBlock%2C%20FFlagFixMissingStudioStartupSummaryEvent%2C%20FFlagFixWinStudioMissingStartEvent&SD.StudioSession.CT=1781414324104&SD.UserSession.ID=B6A04371E73F40DBA3373E22122D8E7E&SD.UserSession.CT=1781414329595&SD.UserSession.MD.Type=LoggedIn&SD.
[2026-06-13 22:19:16] >> GET /studio/e.png?studioSid=6CC0A067-6251-498D-97D7-72F82332A8A5&clientID=1983CBC1-BFEF-4E46-A6E5-7574E69AA5BC&timestamp=1781414334511&userID=14463315&placeID=9991912465&category=Error&evt=QtMessage%5FWarning&label=QWindowsWindow%3A%3AsetGeometry%3A%20Unable%20to%20set%20geometry%201238x330%2B0%2B0%20%28frame%3A%201238x330%2B0%2B0%29%20on%20QWidgetWindow%2F%22QScrollAreaClassWindow%22%20on%20%22%5C%5C%2E%5CDISPLAY1%22%2E%20Resulting%20geometry%3A%201608x843%2B0%2B0%20%28frame%3A%201608x843%2B0%2B0%29%20margins%3A%200%2C%200%2C%200%2C%200%29&value=0&SD.Platform.ID=39BD5212B7E147C4BB2598657C7226EC&SD.Platform.CT=1781414322384&SD.StudioSession.MD.Type=StartClient&SD.StudioSession.ID=6EA6A1942F214C57A6DE42308BCFC110&SD.Platform.MD.DebugVersion=FFlagStudioFlushDeferredEventsBlock%2C%20FFlagFixMissingStudioStartupSummaryEvent%2C%20FFlagFixWinStudioMissingStartEvent&SD.StudioSession.CT=1781414324104&SD.UserSession.ID=B6A04371E73F40DBA3373E22122D8E7E&SD.UserSession.CT=1781414329595&SD.UserSession.MD.Type=LoggedIn
[2026-06-13 22:19:16] << /studio/e.png -> {}
[2026-06-13 22:19:16] >> GET /v2/persistence/9000000000064/datastores/objects/object?datastore=WipedDataStore&objectKey=global%2F14463315
[2026-06-13 22:19:16] >> GET /studio/e.png?studioSid=6CC0A067-6251-498D-97D7-72F82332A8A5&clientID=1983CBC1-BFEF-4E46-A6E5-7574E69AA5BC&timestamp=1781414334513&userID=14463315&placeID=9991912465&category=Error&evt=QtMessage%5FWarning&label=QWindowsWindow%3A%3AsetGeometry%3A%20Unable%20to%20set%20geometry%201238x330%2B0%2B0%20%28frame%3A%201238x330%2B0%2B0%29%20on%20QWidgetWindow%2F%22qt%5Fscrollarea%5FviewportWindow%22%20on%20%22%5C%5C%2E%5CDISPLAY1%22%2E%20Resulting%20geometry%3A%201608x843%2B0%2B0%20%28frame%3A%201608x843%2B0%2B0%29%20margins%3A%200%2C%200%2C%200%2C%200%29&value=0&SD.Platform.ID=39BD5212B7E147C4BB2598657C7226EC&SD.Platform.CT=1781414322384&SD.StudioSession.MD.Type=StartClient&SD.StudioSession.ID=6EA6A1942F214C57A6DE42308BCFC110&SD.Platform.MD.DebugVersion=FFlagStudioFlushDeferredEventsBlock%2C%20FFlagFixMissingStudioStartupSummaryEvent%2C%20FFlagFixWinStudioMissingStartEvent&SD.StudioSession.CT=1781414324104&SD.UserSession.ID=B6A04371E73F40DBA3373E22122D8E7E&SD.UserSession.CT=1781414329595&SD.UserSession.MD.Typ
[2026-06-13 22:19:16] << /studio/e.png -> {}
[2026-06-13 22:19:16] << /studio/e.png -> {}
[2026-06-13 22:19:16] << /v2/persistence/9000000000064/datastores/objects/object -> null
[2026-06-13 22:19:16] >> GET /studio/e.png?studioSid=6CC0A067-6251-498D-97D7-72F82332A8A5&clientID=1983CBC1-BFEF-4E46-A6E5-7574E69AA5BC&timestamp=1781414334513&userID=14463315&placeID=9991912465&category=Error&evt=QtMessage%5FWarning&label=QWindowsWindow%3A%3AsetGeometry%3A%20Unable%20to%20set%20geometry%201238x330%2B0%2B0%20%28frame%3A%201238x330%2B0%2B0%29%20on%20QWidgetWindow%2F%22QWidgetClassWindow%22%20on%20%22%5C%5C%2E%5CDISPLAY1%22%2E%20Resulting%20geometry%3A%201608x843%2B0%2B0%20%28frame%3A%201608x843%2B0%2B0%29%20margins%3A%200%2C%200%2C%200%2C%200%29&value=0&SD.Platform.ID=39BD5212B7E147C4BB2598657C7226EC&SD.Platform.CT=1781414322384&SD.StudioSession.MD.Type=StartClient&SD.StudioSession.ID=6EA6A1942F214C57A6DE42308BCFC110&SD.Platform.MD.DebugVersion=FFlagStudioFlushDeferredEventsBlock%2C%20FFlagFixMissingStudioStartupSummaryEvent%2C%20FFlagFixWinStudioMissingStartEvent&SD.StudioSession.CT=1781414324104&SD.UserSession.ID=B6A04371E73F40DBA3373E22122D8E7E&SD.UserSession.CT=1781414329595&SD.UserSession.MD.Type=LoggedIn&SD.
[2026-06-13 22:19:16] >> GET /studio/e.png?studioSid=6CC0A067-6251-498D-97D7-72F82332A8A5&clientID=1983CBC1-BFEF-4E46-A6E5-7574E69AA5BC&timestamp=1781414334515&userID=14463315&placeID=9991912465&category=Error&evt=QtMessage%5FWarning&label=QWindowsWindow%3A%3AsetGeometry%3A%20Unable%20to%20set%20geometry%201238x330%2B0%2B0%20%28frame%3A%201238x330%2B0%2B0%29%20on%20QWidgetWindow%2F%22QWidgetClassWindow%22%20on%20%22%5C%5C%2E%5CDISPLAY1%22%2E%20Resulting%20geometry%3A%201608x843%2B0%2B0%20%28frame%3A%201608x843%2B0%2B0%29%20margins%3A%200%2C%200%2C%200%2C%200%29&value=0&SD.Platform.ID=39BD5212B7E147C4BB2598657C7226EC&SD.Platform.CT=1781414322384&SD.StudioSession.MD.Type=StartClient&SD.StudioSession.ID=6EA6A1942F214C57A6DE42308BCFC110&SD.Platform.MD.DebugVersion=FFlagStudioFlushDeferredEventsBlock%2C%20FFlagFixMissingStudioStartupSummaryEvent%2C%20FFlagFixWinStudioMissingStartEvent&SD.StudioSession.CT=1781414324104&SD.UserSession.ID=B6A04371E73F40DBA3373E22122D8E7E&SD.UserSession.CT=1781414329595&SD.UserSession.MD.Type=LoggedIn&SD.
[2026-06-13 22:19:16] >> GET /studio/e.png?studioSid=6CC0A067-6251-498D-97D7-72F82332A8A5&clientID=1983CBC1-BFEF-4E46-A6E5-7574E69AA5BC&timestamp=1781414334516&userID=14463315&placeID=9991912465&category=Error&evt=QtMessage%5FWarning&label=QWindowsWindow%3A%3AsetGeometry%3A%20Unable%20to%20set%20geometry%201238x330%2B0%2B0%20%28frame%3A%201238x330%2B0%2B0%29%20on%20QWidgetWindow%2F%22QOgreWidgetWindow%22%20on%20%22%5C%5C%2E%5CDISPLAY1%22%2E%20Resulting%20geometry%3A%201608x843%2B0%2B0%20%28frame%3A%201608x843%2B0%2B0%29%20margins%3A%200%2C%200%2C%200%2C%200%29&value=0&SD.Platform.ID=39BD5212B7E147C4BB2598657C7226EC&SD.Platform.CT=1781414322384&SD.StudioSession.MD.Type=StartClient&SD.StudioSession.ID=6EA6A1942F214C57A6DE42308BCFC110&SD.Platform.MD.DebugVersion=FFlagStudioFlushDeferredEventsBlock%2C%20FFlagFixMissingStudioStartupSummaryEvent%2C%20FFlagFixWinStudioMissingStartEvent&SD.StudioSession.CT=1781414324104&SD.UserSession.ID=B6A04371E73F40DBA3373E22122D8E7E&SD.UserSession.CT=1781414329595&SD.UserSession.MD.Type=LoggedIn&SD.M
[2026-06-13 22:19:16] >> GET /studio/e.png?studioSid=6CC0A067-6251-498D-97D7-72F82332A8A5&clientID=1983CBC1-BFEF-4E46-A6E5-7574E69AA5BC&timestamp=1781414334544&userID=14463315&placeID=9991912465&category=Error&evt=QtMessage%5FWarning&label=QWindowsWindow%3A%3AsetGeometry%3A%20Unable%20to%20set%20geometry%201605x840%2B1%2B1%20%28frame%3A%201605x840%2B1%2B1%29%20on%20QWidgetWindow%2F%22QStackedWidgetClassWindow%22%20on%20%22%5C%5C%2E%5CDISPLAY1%22%2E%20Resulting%20geometry%3A%201608x843%2B0%2B0%20%28frame%3A%201608x843%2B0%2B0%29%20margins%3A%200%2C%200%2C%200%2C%200%29&value=0&SD.Platform.ID=39BD5212B7E147C4BB2598657C7226EC&SD.Platform.CT=1781414322384&SD.StudioSession.MD.Type=StartClient&SD.StudioSession.ID=6EA6A1942F214C57A6DE42308BCFC110&SD.Platform.MD.DebugVersion=FFlagStudioFlushDeferredEventsBlock%2C%20FFlagFixMissingStudioStartupSummaryEvent%2C%20FFlagFixWinStudioMissingStartEvent&SD.StudioSession.CT=1781414324104&SD.UserSession.ID=B6A04371E73F40DBA3373E22122D8E7E&SD.UserSession.CT=1781414329595&SD.UserSession.MD.Type=Logge
[2026-06-13 22:19:16] << /studio/e.png -> {}
[2026-06-13 22:19:16] << /studio/e.png -> {}
[2026-06-13 22:19:16] << /studio/e.png -> {}
[2026-06-13 22:19:16] << /studio/e.png -> {}
[2026-06-13 22:19:16] >> GET /studio/e.png?studioSid=6CC0A067-6251-498D-97D7-72F82332A8A5&clientID=1983CBC1-BFEF-4E46-A6E5-7574E69AA5BC&timestamp=1781414334545&userID=14463315&placeID=9991912465&category=Error&evt=QtMessage%5FWarning&label=QWindowsWindow%3A%3AsetGeometry%3A%20Unable%20to%20set%20geometry%201605x840%2B0%2B0%20%28frame%3A%201605x840%2B0%2B0%29%20on%20QWidgetWindow%2F%22QWidgetClassWindow%22%20on%20%22%5C%5C%2E%5CDISPLAY1%22%2E%20Resulting%20geometry%3A%201608x843%2B0%2B0%20%28frame%3A%201608x843%2B0%2B0%29%20margins%3A%200%2C%200%2C%200%2C%200%29&value=0&SD.Platform.ID=39BD5212B7E147C4BB2598657C7226EC&SD.Platform.CT=1781414322384&SD.StudioSession.MD.Type=StartClient&SD.StudioSession.ID=6EA6A1942F214C57A6DE42308BCFC110&SD.Platform.MD.DebugVersion=FFlagStudioFlushDeferredEventsBlock%2C%20FFlagFixMissingStudioStartupSummaryEvent%2C%20FFlagFixWinStudioMissingStartEvent&SD.StudioSession.CT=1781414324104&SD.UserSession.ID=B6A04371E73F40DBA3373E22122D8E7E&SD.UserSession.CT=1781414329595&SD.UserSession.MD.Type=LoggedIn&SD.
[2026-06-13 22:19:16] << /studio/e.png -> {}
[2026-06-13 22:19:16] >> GET /studio/e.png?studioSid=6CC0A067-6251-498D-97D7-72F82332A8A5&clientID=1983CBC1-BFEF-4E46-A6E5-7574E69AA5BC&timestamp=1781414334545&userID=14463315&placeID=9991912465&category=Error&evt=QtMessage%5FWarning&label=QWindowsWindow%3A%3AsetGeometry%3A%20Unable%20to%20set%20geometry%201605x840%2B0%2B0%20%28frame%3A%201605x840%2B0%2B0%29%20on%20QWidgetWindow%2F%22QScrollAreaClassWindow%22%20on%20%22%5C%5C%2E%5CDISPLAY1%22%2E%20Resulting%20geometry%3A%201608x843%2B0%2B0%20%28frame%3A%201608x843%2B0%2B0%29%20margins%3A%200%2C%200%2C%200%2C%200%29&value=0&SD.Platform.ID=39BD5212B7E147C4BB2598657C7226EC&SD.Platform.CT=1781414322384&SD.StudioSession.MD.Type=StartClient&SD.StudioSession.ID=6EA6A1942F214C57A6DE42308BCFC110&SD.Platform.MD.DebugVersion=FFlagStudioFlushDeferredEventsBlock%2C%20FFlagFixMissingStudioStartupSummaryEvent%2C%20FFlagFixWinStudioMissingStartEvent&SD.StudioSession.CT=1781414324104&SD.UserSession.ID=B6A04371E73F40DBA3373E22122D8E7E&SD.UserSession.CT=1781414329595&SD.UserSession.MD.Type=LoggedIn
[2026-06-13 22:19:16] << /studio/e.png -> {}
[2026-06-13 22:19:16] >> GET /v2/persistence/9000000000064/datastores/objects/object?datastore=Profiles51&objectKey=global%2F14463315
[2026-06-13 22:19:16] >> GET /studio/e.png?studioSid=6CC0A067-6251-498D-97D7-72F82332A8A5&clientID=1983CBC1-BFEF-4E46-A6E5-7574E69AA5BC&timestamp=1781414334545&userID=14463315&placeID=9991912465&category=Error&evt=QtMessage%5FWarning&label=QWindowsWindow%3A%3AsetGeometry%3A%20Unable%20to%20set%20geometry%201605x840%2B0%2B0%20%28frame%3A%201605x840%2B0%2B0%29%20on%20QWidgetWindow%2F%22qt%5Fscrollarea%5FviewportWindow%22%20on%20%22%5C%5C%2E%5CDISPLAY1%22%2E%20Resulting%20geometry%3A%201608x843%2B0%2B0%20%28frame%3A%201608x843%2B0%2B0%29%20margins%3A%200%2C%200%2C%200%2C%200%29&value=0&SD.Platform.ID=39BD5212B7E147C4BB2598657C7226EC&SD.Platform.CT=1781414322384&SD.StudioSession.MD.Type=StartClient&SD.StudioSession.ID=6EA6A1942F214C57A6DE42308BCFC110&SD.Platform.MD.DebugVersion=FFlagStudioFlushDeferredEventsBlock%2C%20FFlagFixMissingStudioStartupSummaryEvent%2C%20FFlagFixWinStudioMissingStartEvent&SD.StudioSession.CT=1781414324104&SD.UserSession.ID=B6A04371E73F40DBA3373E22122D8E7E&SD.UserSession.CT=1781414329595&SD.UserSession.MD.Typ
[2026-06-13 22:19:16] >> GET /studio/e.png?studioSid=6CC0A067-6251-498D-97D7-72F82332A8A5&clientID=1983CBC1-BFEF-4E46-A6E5-7574E69AA5BC&timestamp=1781414334546&userID=14463315&placeID=9991912465&category=Error&evt=QtMessage%5FWarning&label=QWindowsWindow%3A%3AsetGeometry%3A%20Unable%20to%20set%20geometry%201605x840%2B0%2B0%20%28frame%3A%201605x840%2B0%2B0%29%20on%20QWidgetWindow%2F%22QWidgetClassWindow%22%20on%20%22%5C%5C%2E%5CDISPLAY1%22%2E%20Resulting%20geometry%3A%201608x843%2B0%2B0%20%28frame%3A%201608x843%2B0%2B0%29%20margins%3A%200%2C%200%2C%200%2C%200%29&value=0&SD.Platform.ID=39BD5212B7E147C4BB2598657C7226EC&SD.Platform.CT=1781414322384&SD.StudioSession.MD.Type=StartClient&SD.StudioSession.ID=6EA6A1942F214C57A6DE42308BCFC110&SD.Platform.MD.DebugVersion=FFlagStudioFlushDeferredEventsBlock%2C%20FFlagFixMissingStudioStartupSummaryEvent%2C%20FFlagFixWinStudioMissingStartEvent&SD.StudioSession.CT=1781414324104&SD.UserSession.ID=B6A04371E73F40DBA3373E22122D8E7E&SD.UserSession.CT=1781414329595&SD.UserSession.MD.Type=LoggedIn&SD.
[2026-06-13 22:19:16] << /v2/persistence/9000000000064/datastores/objects/object -> null
[2026-06-13 22:19:16] << /studio/e.png -> {}
[2026-06-13 22:19:16] << /studio/e.png -> {}
[2026-06-13 22:19:16] >> GET /v1/universes/9000000000064/configuration
[2026-06-13 22:19:16] << /v1/universes/9000000000064/configuration -> {"allowPrivateServers":true,"privateServerPrice":null,"id":9000000000064,"name":"New MM2","universeAvatarType":"MorphToR15","universeScaleType":"AllScales","universeAnimationType":"PlayerChoice","universeCollisionType":"OuterBox","universeBodyType":"Standard","universeJointPositioningType":"ArtistIntent","universeAvatarAssetOverrides":[],"universeAvatarMinScales":{"height":0.9,"width":0.7,"head":0.95,"proportion":0,"bodyType":0},"universeAvatarMaxScales":{"height":1.05,"width":1,"head":1,"proportion":1,"bodyType":1},"isArchived":false,"isFriendsOnly":false,"genre":"All","playableDevices":["Computer","Phone","Tablet"],"isForSale":false,"price":0,"isStudioAccessToApisAllowed":true,"privacyType":"Public"}
[2026-06-13 22:19:16] >> GET /studio/e.png?studioSid=6CC0A067-6251-498D-97D7-72F82332A8A5&clientID=1983CBC1-BFEF-4E46-A6E5-7574E69AA5BC&timestamp=1781414334546&userID=14463315&placeID=9991912465&category=Error&evt=QtMessage%5FWarning&label=QWindowsWindow%3A%3AsetGeometry%3A%20Unable%20to%20set%20geometry%201605x840%2B0%2B0%20%28frame%3A%201605x840%2B0%2B0%29%20on%20QWidgetWindow%2F%22QWidgetClassWindow%22%20on%20%22%5C%5C%2E%5CDISPLAY1%22%2E%20Resulting%20geometry%3A%201608x843%2B0%2B0%20%28frame%3A%201608x843%2B0%2B0%29%20margins%3A%200%2C%200%2C%200%2C%200%29&value=0&SD.Platform.ID=39BD5212B7E147C4BB2598657C7226EC&SD.Platform.CT=1781414322384&SD.StudioSession.MD.Type=StartClient&SD.StudioSession.ID=6EA6A1942F214C57A6DE42308BCFC110&SD.Platform.MD.DebugVersion=FFlagStudioFlushDeferredEventsBlock%2C%20FFlagFixMissingStudioStartupSummaryEvent%2C%20FFlagFixWinStudioMissingStartEvent&SD.StudioSession.CT=1781414324104&SD.UserSession.ID=B6A04371E73F40DBA3373E22122D8E7E&SD.UserSession.CT=1781414329595&SD.UserSession.MD.Type=LoggedIn&SD.
[2026-06-13 22:19:16] >> GET /studio/e.png?studioSid=6CC0A067-6251-498D-97D7-72F82332A8A5&clientID=1983CBC1-BFEF-4E46-A6E5-7574E69AA5BC&timestamp=1781414334547&userID=14463315&placeID=9991912465&category=Error&evt=QtMessage%5FWarning&label=QWindowsWindow%3A%3AsetGeometry%3A%20Unable%20to%20set%20geometry%201605x840%2B0%2B0%20%28frame%3A%201605x840%2B0%2B0%29%20on%20QWidgetWindow%2F%22QOgreWidgetWindow%22%20on%20%22%5C%5C%2E%5CDISPLAY1%22%2E%20Resulting%20geometry%3A%201608x843%2B0%2B0%20%28frame%3A%201608x843%2B0%2B0%29%20margins%3A%200%2C%200%2C%200%2C%200%29&value=0&SD.Platform.ID=39BD5212B7E147C4BB2598657C7226EC&SD.Platform.CT=1781414322384&SD.StudioSession.MD.Type=StartClient&SD.StudioSession.ID=6EA6A1942F214C57A6DE42308BCFC110&SD.Platform.MD.DebugVersion=FFlagStudioFlushDeferredEventsBlock%2C%20FFlagFixMissingStudioStartupSummaryEvent%2C%20FFlagFixWinStudioMissingStartEvent&SD.StudioSession.CT=1781414324104&SD.UserSession.ID=B6A04371E73F40DBA3373E22122D8E7E&SD.UserSession.CT=1781414329595&SD.UserSession.MD.Type=LoggedIn&SD.M
[2026-06-13 22:19:16] >> GET /studio/e.png?studioSid=6CC0A067-6251-498D-97D7-72F82332A8A5&clientID=1983CBC1-BFEF-4E46-A6E5-7574E69AA5BC&timestamp=1781414347078&userID=14463315&placeID=9991912465&category=Error&evt=QtMessage%5FWarning&label=QWindowsWindow%3A%3AsetGeometry%3A%20Unable%20to%20set%20geometry%201589x738%2B0%2B35%20%28frame%3A%201589x738%2B0%2B35%29%20on%20QWidgetWindow%2F%22RootWidgetWindow%22%20on%20%22%5C%5C%2E%5CDISPLAY1%22%2E%20Resulting%20geometry%3A%201589x843%2B0%2B0%20%28frame%3A%201589x843%2B0%2B0%29%20margins%3A%200%2C%200%2C%200%2C%200%29&value=0&SD.Platform.ID=39BD5212B7E147C4BB2598657C7226EC&SD.Platform.CT=1781414322384&SD.StudioSession.MD.Type=StartClient&SD.StudioSession.ID=6EA6A1942F214C57A6DE42308BCFC110&SD.Platform.MD.DebugVersion=FFlagStudioFlushDeferredEventsBlock%2C%20FFlagFixMissingStudioStartupSummaryEvent%2C%20FFlagFixWinStudioMissingStartEvent&SD.StudioSession.CT=1781414324104&SD.UserSession.ID=B6A04371E73F40DBA3373E22122D8E7E&SD.UserSession.CT=1781414329595&SD.UserSession.MD.Type=LoggedIn&SD.
[2026-06-13 22:19:16] >> GET /studio/e.png?studioSid=6CC0A067-6251-498D-97D7-72F82332A8A5&clientID=1983CBC1-BFEF-4E46-A6E5-7574E69AA5BC&timestamp=1781414347079&userID=14463315&placeID=9991912465&category=Error&evt=QtMessage%5FWarning&label=QWindowsWindow%3A%3AsetGeometry%3A%20Unable%20to%20set%20geometry%201589x738%2B0%2B0%20%28frame%3A%201589x738%2B0%2B0%29%20on%20QWidgetWindow%2F%22RootDockSplitLayoutPanelWindow%22%20on%20%22%5C%5C%2E%5CDISPLAY1%22%2E%20Resulting%20geometry%3A%201589x843%2B0%2B0%20%28frame%3A%201589x843%2B0%2B0%29%20margins%3A%200%2C%200%2C%200%2C%200%29&value=0&SD.Platform.ID=39BD5212B7E147C4BB2598657C7226EC&SD.Platform.CT=1781414322384&SD.StudioSession.MD.Type=StartClient&SD.StudioSession.ID=6EA6A1942F214C57A6DE42308BCFC110&SD.Platform.MD.DebugVersion=FFlagStudioFlushDeferredEventsBlock%2C%20FFlagFixMissingStudioStartupSummaryEvent%2C%20FFlagFixWinStudioMissingStartEvent&SD.StudioSession.CT=1781414324104&SD.UserSession.ID=B6A04371E73F40DBA3373E22122D8E7E&SD.UserSession.CT=1781414329595&SD.UserSession.MD.Type=
[2026-06-13 22:19:16] >> GET /studio/e.png?studioSid=6CC0A067-6251-498D-97D7-72F82332A8A5&clientID=1983CBC1-BFEF-4E46-A6E5-7574E69AA5BC&timestamp=1781414347081&userID=14463315&placeID=9991912465&category=Error&evt=QtMessage%5FWarning&label=QWindowsWindow%3A%3AsetGeometry%3A%20Unable%20to%20set%20geometry%201589x738%2B0%2B0%20%28frame%3A%201589x738%2B0%2B0%29%20on%20QWidgetWindow%2F%22Qtitan%3A%3ADockSplitLayoutPanelClassWindow%22%20on%20%22%5C%5C%2E%5CDISPLAY1%22%2E%20Resulting%20geometry%3A%201589x843%2B0%2B0%20%28frame%3A%201589x843%2B0%2B0%29%20margins%3A%200%2C%200%2C%200%2C%200%29&value=0&SD.Platform.ID=39BD5212B7E147C4BB2598657C7226EC&SD.Platform.CT=1781414322384&SD.StudioSession.MD.Type=StartClient&SD.StudioSession.ID=6EA6A1942F214C57A6DE42308BCFC110&SD.Platform.MD.DebugVersion=FFlagStudioFlushDeferredEventsBlock%2C%20FFlagFixMissingStudioStartupSummaryEvent%2C%20FFlagFixWinStudioMissingStartEvent&SD.StudioSession.CT=1781414324104&SD.UserSession.ID=B6A04371E73F40DBA3373E22122D8E7E&SD.UserSession.CT=1781414329595&SD.UserSes
[2026-06-13 22:19:16] >> GET /studio/e.png?studioSid=6CC0A067-6251-498D-97D7-72F82332A8A5&clientID=1983CBC1-BFEF-4E46-A6E5-7574E69AA5BC&timestamp=1781414347081&userID=14463315&placeID=9991912465&category=Error&evt=QtMessage%5FWarning&label=QWindowsWindow%3A%3AsetGeometry%3A%20Unable%20to%20set%20geometry%201589x738%2B0%2B0%20%28frame%3A%201589x738%2B0%2B0%29%20on%20QWidgetWindow%2F%22Qtitan%3A%3ADockSplitLayoutPanelClassWindow%22%20on%20%22%5C%5C%2E%5CDISPLAY1%22%2E%20Resulting%20geometry%3A%201589x843%2B0%2B0%20%28frame%3A%201589x843%2B0%2B0%29%20margins%3A%200%2C%200%2C%200%2C%200%29&value=0&SD.Platform.ID=39BD5212B7E147C4BB2598657C7226EC&SD.Platform.CT=1781414322384&SD.StudioSession.MD.Type=StartClient&SD.StudioSession.ID=6EA6A1942F214C57A6DE42308BCFC110&SD.Platform.MD.DebugVersion=FFlagStudioFlushDeferredEventsBlock%2C%20FFlagFixMissingStudioStartupSummaryEvent%2C%20FFlagFixWinStudioMissingStartEvent&SD.StudioSession.CT=1781414324104&SD.UserSession.ID=B6A04371E73F40DBA3373E22122D8E7E&SD.UserSession.CT=1781414329595&SD.UserSes
[2026-06-13 22:19:16] >> GET /studio/e.png?studioSid=6CC0A067-6251-498D-97D7-72F82332A8A5&clientID=1983CBC1-BFEF-4E46-A6E5-7574E69AA5BC&timestamp=1781414347082&userID=14463315&placeID=9991912465&category=Error&evt=QtMessage%5FWarning&label=QWindowsWindow%3A%3AsetGeometry%3A%20Unable%20to%20set%20geometry%201221x738%2B0%2B0%20%28frame%3A%201221x738%2B0%2B0%29%20on%20QWidgetWindow%2F%22Qtitan%3A%3ADockSplitLayoutPanelClassWindow%22%20on%20%22%5C%5C%2E%5CDISPLAY1%22%2E%20Resulting%20geometry%3A%201589x843%2B0%2B0%20%28frame%3A%201589x843%2B0%2B0%29%20margins%3A%200%2C%200%2C%200%2C%200%29&value=0&SD.Platform.ID=39BD5212B7E147C4BB2598657C7226EC&SD.Platform.CT=1781414322384&SD.StudioSession.MD.Type=StartClient&SD.StudioSession.ID=6EA6A1942F214C57A6DE42308BCFC110&SD.Platform.MD.DebugVersion=FFlagStudioFlushDeferredEventsBlock%2C%20FFlagFixMissingStudioStartupSummaryEvent%2C%20FFlagFixWinStudioMissingStartEvent&SD.StudioSession.CT=1781414324104&SD.UserSession.ID=B6A04371E73F40DBA3373E22122D8E7E&SD.UserSession.CT=1781414329595&SD.UserSes
[2026-06-13 22:19:16] >> GET /studio/e.png?studioSid=6CC0A067-6251-498D-97D7-72F82332A8A5&clientID=1983CBC1-BFEF-4E46-A6E5-7574E69AA5BC&timestamp=1781414347083&userID=14463315&placeID=9991912465&category=Error&evt=QtMessage%5FWarning&label=QWindowsWindow%3A%3AsetGeometry%3A%20Unable%20to%20set%20geometry%201221x738%2B0%2B0%20%28frame%3A%201221x738%2B0%2B0%29%20on%20QWidgetWindow%2F%22Qtitan%3A%3ADockSplitLayoutPanelClassWindow%22%20on%20%22%5C%5C%2E%5CDISPLAY1%22%2E%20Resulting%20geometry%3A%201589x843%2B0%2B0%20%28frame%3A%201589x843%2B0%2B0%29%20margins%3A%200%2C%200%2C%200%2C%200%29&value=0&SD.Platform.ID=39BD5212B7E147C4BB2598657C7226EC&SD.Platform.CT=1781414322384&SD.StudioSession.MD.Type=StartClient&SD.StudioSession.ID=6EA6A1942F214C57A6DE42308BCFC110&SD.Platform.MD.DebugVersion=FFlagStudioFlushDeferredEventsBlock%2C%20FFlagFixMissingStudioStartupSummaryEvent%2C%20FFlagFixWinStudioMissingStartEvent&SD.StudioSession.CT=1781414324104&SD.UserSession.ID=B6A04371E73F40DBA3373E22122D8E7E&SD.UserSession.CT=1781414329595&SD.UserSes
[2026-06-13 22:19:16] << /studio/e.png -> {}
[2026-06-13 22:19:16] << /studio/e.png -> {}
[2026-06-13 22:19:16] << /studio/e.png -> {}
[2026-06-13 22:19:16] << /studio/e.png -> {}
[2026-06-13 22:19:16] << /studio/e.png -> {}
[2026-06-13 22:19:16] << /studio/e.png -> {}
[2026-06-13 22:19:16] << /studio/e.png -> {}
[2026-06-13 22:19:16] << /studio/e.png -> {}
[2026-06-13 22:19:16] >> GET /v2/persistence/9000000000064/datastores/objects/object?datastore=NewProfiles2&objectKey=global%2F14463315
[2026-06-13 22:19:17] << /v2/persistence/9000000000064/datastores/objects/object -> {"Prestige":0,"JDKnife":true,"ServerID":"","PlayerPoints":true,"userId":14463315,"Toys":{"Reset":true,"Equipped":[],"Slots":1,"Owned":[],"Converted":true},"RedeemedCodes":[],"PetName":"","Gems":52000,"Halloween2021":{"ClaimedRewards":[],"Tutorial":false,"GotReward":false,"CurrentTier":1,"AncientClaimed":false},"EliteKnife":true,"July2022":{"ClaimedRewards":[],"Tutorial":false,"GotReward":false,"CurrentTier":1,"AncientClaimed":false},"Effects":{"Slots":1,"Owned":["Bitsplosion","IceMagic","Bitsplosion","Gearstorm","Greenplasma","Darkfire","Elitify"],"Equipped":["Bitsplosion"],"Converted":true},"Perks":{"Slots":1,"Owned":["Footsteps","Trap"],"Equipped":["Footsteps"],"Converted":true},"Materials":{"Owned":[]},"NumberOne":false,"ItemPacks":{"57926562":true,"56405653":true,"56405684":true,"56242584":true,"56405767":true,"64645263":true,"56424348":true,"58822124":true,"56242837":true,"44280489":true,"59577132":true,"59777097":true,"56668673":true,"590932
[2026-06-13 22:19:17] >> GET /studio/e.png?studioSid=6CC0A067-6251-498D-97D7-72F82332A8A5&clientID=1983CBC1-BFEF-4E46-A6E5-7574E69AA5BC&timestamp=1781414347085&userID=14463315&placeID=9991912465&category=Error&evt=QtMessage%5FWarning&label=QWindowsWindow%3A%3AsetGeometry%3A%20Unable%20to%20set%20geometry%201221x738%2B0%2B0%20%28frame%3A%201221x738%2B0%2B0%29%20on%20QWidgetWindow%2F%22Qtitan%3A%3ADockSplitLayoutPanelClassWindow%22%20on%20%22%5C%5C%2E%5CDISPLAY1%22%2E%20Resulting%20geometry%3A%201589x843%2B0%2B0%20%28frame%3A%201589x843%2B0%2B0%29%20margins%3A%200%2C%200%2C%200%2C%200%29&value=0&SD.Platform.ID=39BD5212B7E147C4BB2598657C7226EC&SD.Platform.CT=1781414322384&SD.StudioSession.MD.Type=StartClient&SD.StudioSession.ID=6EA6A1942F214C57A6DE42308BCFC110&SD.Platform.MD.DebugVersion=FFlagStudioFlushDeferredEventsBlock%2C%20FFlagFixMissingStudioStartupSummaryEvent%2C%20FFlagFixWinStudioMissingStartEvent&SD.StudioSession.CT=1781414324104&SD.UserSession.ID=B6A04371E73F40DBA3373E22122D8E7E&SD.UserSession.CT=1781414329595&SD.UserSes
[2026-06-13 22:19:17] >> GET /studio/e.png?studioSid=6CC0A067-6251-498D-97D7-72F82332A8A5&clientID=1983CBC1-BFEF-4E46-A6E5-7574E69AA5BC&timestamp=1781414347086&userID=14463315&placeID=9991912465&category=Error&evt=QtMessage%5FWarning&label=QWindowsWindow%3A%3AsetGeometry%3A%20Unable%20to%20set%20geometry%201221x738%2B0%2B0%20%28frame%3A%201221x738%2B0%2B0%29%20on%20QWidgetWindow%2F%22Qtitan%3A%3ADockSplitLayoutPanelClassWindow%22%20on%20%22%5C%5C%2E%5CDISPLAY1%22%2E%20Resulting%20geometry%3A%201589x843%2B0%2B0%20%28frame%3A%201589x843%2B0%2B0%29%20margins%3A%200%2C%200%2C%200%2C%200%29&value=0&SD.Platform.ID=39BD5212B7E147C4BB2598657C7226EC&SD.Platform.CT=1781414322384&SD.StudioSession.MD.Type=StartClient&SD.StudioSession.ID=6EA6A1942F214C57A6DE42308BCFC110&SD.Platform.MD.DebugVersion=FFlagStudioFlushDeferredEventsBlock%2C%20FFlagFixMissingStudioStartupSummaryEvent%2C%20FFlagFixWinStudioMissingStartEvent&SD.StudioSession.CT=1781414324104&SD.UserSession.ID=B6A04371E73F40DBA3373E22122D8E7E&SD.UserSession.CT=1781414329595&SD.UserSes
[2026-06-13 22:19:17] >> GET /studio/e.png?studioSid=6CC0A067-6251-498D-97D7-72F82332A8A5&clientID=1983CBC1-BFEF-4E46-A6E5-7574E69AA5BC&timestamp=1781414347087&userID=14463315&placeID=9991912465&category=Error&evt=QtMessage%5FWarning&label=QWindowsWindow%3A%3AsetGeometry%3A%20Unable%20to%20set%20geometry%201221x738%2B0%2B0%20%28frame%3A%201221x738%2B0%2B0%29%20on%20QWidgetWindow%2F%22Qtitan%3A%3ADockSplitLayoutPanelClassWindow%22%20on%20%22%5C%5C%2E%5CDISPLAY1%22%2E%20Resulting%20geometry%3A%201589x843%2B0%2B0%20%28frame%3A%201589x843%2B0%2B0%29%20margins%3A%200%2C%200%2C%200%2C%200%29&value=0&SD.Platform.ID=39BD5212B7E147C4BB2598657C7226EC&SD.Platform.CT=1781414322384&SD.StudioSession.MD.Type=StartClient&SD.StudioSession.ID=6EA6A1942F214C57A6DE42308BCFC110&SD.Platform.MD.DebugVersion=FFlagStudioFlushDeferredEventsBlock%2C%20FFlagFixMissingStudioStartupSummaryEvent%2C%20FFlagFixWinStudioMissingStartEvent&SD.StudioSession.CT=1781414324104&SD.UserSession.ID=B6A04371E73F40DBA3373E22122D8E7E&SD.UserSession.CT=1781414329595&SD.UserSes
[2026-06-13 22:19:17] >> GET /studio/e.png?studioSid=6CC0A067-6251-498D-97D7-72F82332A8A5&clientID=1983CBC1-BFEF-4E46-A6E5-7574E69AA5BC&timestamp=1781414347088&userID=14463315&placeID=9991912465&category=Error&evt=QtMessage%5FWarning&label=QWindowsWindow%3A%3AsetGeometry%3A%20Unable%20to%20set%20geometry%201221x738%2B0%2B0%20%28frame%3A%201221x738%2B0%2B0%29%20on%20QWidgetWindow%2F%22Qtitan%3A%3ADockDocumentLayoutPanelClassWindow%22%20on%20%22%5C%5C%2E%5CDISPLAY1%22%2E%20Resulting%20geometry%3A%201589x843%2B0%2B0%20%28frame%3A%201589x843%2B0%2B0%29%20margins%3A%200%2C%200%2C%200%2C%200%29&value=0&SD.Platform.ID=39BD5212B7E147C4BB2598657C7226EC&SD.Platform.CT=1781414322384&SD.StudioSession.MD.Type=StartClient&SD.StudioSession.ID=6EA6A1942F214C57A6DE42308BCFC110&SD.Platform.MD.DebugVersion=FFlagStudioFlushDeferredEventsBlock%2C%20FFlagFixMissingStudioStartupSummaryEvent%2C%20FFlagFixWinStudioMissingStartEvent&SD.StudioSession.CT=1781414324104&SD.UserSession.ID=B6A04371E73F40DBA3373E22122D8E7E&SD.UserSession.CT=1781414329595&SD.User
[2026-06-13 22:19:17] >> GET /studio/e.png?studioSid=6CC0A067-6251-498D-97D7-72F82332A8A5&clientID=1983CBC1-BFEF-4E46-A6E5-7574E69AA5BC&timestamp=1781414347088&userID=14463315&placeID=9991912465&category=Error&evt=QtMessage%5FWarning&label=QWindowsWindow%3A%3AsetGeometry%3A%20Unable%20to%20set%20geometry%201221x318%2B0%2B0%20%28frame%3A%201221x318%2B0%2B0%29%20on%20QWidgetWindow%2F%22Qtitan%3A%3ADockDocumentTabbedLayoutPanelClassWindow%22%20on%20%22%5C%5C%2E%5CDISPLAY1%22%2E%20Resulting%20geometry%3A%201589x843%2B0%2B0%20%28frame%3A%201589x843%2B0%2B0%29%20margins%3A%200%2C%200%2C%200%2C%200%29&value=0&SD.Platform.ID=39BD5212B7E147C4BB2598657C7226EC&SD.Platform.CT=1781414322384&SD.StudioSession.MD.Type=StartClient&SD.StudioSession.ID=6EA6A1942F214C57A6DE42308BCFC110&SD.Platform.MD.DebugVersion=FFlagStudioFlushDeferredEventsBlock%2C%20FFlagFixMissingStudioStartupSummaryEvent%2C%20FFlagFixWinStudioMissingStartEvent&SD.StudioSession.CT=1781414324104&SD.UserSession.ID=B6A04371E73F40DBA3373E22122D8E7E&SD.UserSession.CT=1781414329595&S
[2026-06-13 22:19:17] >> GET /studio/e.png?studioSid=6CC0A067-6251-498D-97D7-72F82332A8A5&clientID=1983CBC1-BFEF-4E46-A6E5-7574E69AA5BC&timestamp=1781414347089&userID=14463315&placeID=9991912465&category=Error&evt=QtMessage%5FWarning&label=QWindowsWindow%3A%3AsetGeometry%3A%20Unable%20to%20set%20geometry%201221x288%2B0%2B30%20%28frame%3A%201221x288%2B0%2B30%29%20on%20QWidgetWindow%2F%22ideDocDocumentPanelWindow%22%20on%20%22%5C%5C%2E%5CDISPLAY1%22%2E%20Resulting%20geometry%3A%201589x843%2B0%2B0%20%28frame%3A%201589x843%2B0%2B0%29%20margins%3A%200%2C%200%2C%200%2C%200%29&value=0&SD.Platform.ID=39BD5212B7E147C4BB2598657C7226EC&SD.Platform.CT=1781414322384&SD.StudioSession.MD.Type=StartClient&SD.StudioSession.ID=6EA6A1942F214C57A6DE42308BCFC110&SD.Platform.MD.DebugVersion=FFlagStudioFlushDeferredEventsBlock%2C%20FFlagFixMissingStudioStartupSummaryEvent%2C%20FFlagFixWinStudioMissingStartEvent&SD.StudioSession.CT=1781414324104&SD.UserSession.ID=B6A04371E73F40DBA3373E22122D8E7E&SD.UserSession.CT=1781414329595&SD.UserSession.MD.Type=Log
[2026-06-13 22:19:17] >> GET /studio/e.png?studioSid=6CC0A067-6251-498D-97D7-72F82332A8A5&clientID=1983CBC1-BFEF-4E46-A6E5-7574E69AA5BC&timestamp=1781414347090&userID=14463315&placeID=9991912465&category=Error&evt=QtMessage%5FWarning&label=QWindowsWindow%3A%3AsetGeometry%3A%20Unable%20to%20set%20geometry%201219x285%2B1%2B1%20%28frame%3A%201219x285%2B1%2B1%29%20on%20QWidgetWindow%2F%22QStackedWidgetClassWindow%22%20on%20%22%5C%5C%2E%5CDISPLAY1%22%2E%20Resulting%20geometry%3A%201589x843%2B0%2B0%20%28frame%3A%201589x843%2B0%2B0%29%20margins%3A%200%2C%200%2C%200%2C%200%29&value=0&SD.Platform.ID=39BD5212B7E147C4BB2598657C7226EC&SD.Platform.CT=1781414322384&SD.StudioSession.MD.Type=StartClient&SD.StudioSession.ID=6EA6A1942F214C57A6DE42308BCFC110&SD.Platform.MD.DebugVersion=FFlagStudioFlushDeferredEventsBlock%2C%20FFlagFixMissingStudioStartupSummaryEvent%2C%20FFlagFixWinStudioMissingStartEvent&SD.StudioSession.CT=1781414324104&SD.UserSession.ID=B6A04371E73F40DBA3373E22122D8E7E&SD.UserSession.CT=1781414329595&SD.UserSession.MD.Type=Logge
[2026-06-13 22:19:17] >> GET /studio/e.png?studioSid=6CC0A067-6251-498D-97D7-72F82332A8A5&clientID=1983CBC1-BFEF-4E46-A6E5-7574E69AA5BC&timestamp=1781414347091&userID=14463315&placeID=9991912465&category=Error&evt=QtMessage%5FWarning&label=QWindowsWindow%3A%3AsetGeometry%3A%20Unable%20to%20set%20geometry%201219x285%2B0%2B0%20%28frame%3A%201219x285%2B0%2B0%29%20on%20QWidgetWindow%2F%22QWidgetClassWindow%22%20on%20%22%5C%5C%2E%5CDISPLAY1%22%2E%20Resulting%20geometry%3A%201589x843%2B0%2B0%20%28frame%3A%201589x843%2B0%2B0%29%20margins%3A%200%2C%200%2C%200%2C%200%29&value=0&SD.Platform.ID=39BD5212B7E147C4BB2598657C7226EC&SD.Platform.CT=1781414322384&SD.StudioSession.MD.Type=StartClient&SD.StudioSession.ID=6EA6A1942F214C57A6DE42308BCFC110&SD.Platform.MD.DebugVersion=FFlagStudioFlushDeferredEventsBlock%2C%20FFlagFixMissingStudioStartupSummaryEvent%2C%20FFlagFixWinStudioMissingStartEvent&SD.StudioSession.CT=1781414324104&SD.UserSession.ID=B6A04371E73F40DBA3373E22122D8E7E&SD.UserSession.CT=1781414329595&SD.UserSession.MD.Type=LoggedIn&SD.
[2026-06-13 22:19:17] << /studio/e.png -> {}
[2026-06-13 22:19:17] << /studio/e.png -> {}
[2026-06-13 22:19:17] << /studio/e.png -> {}
[2026-06-13 22:19:17] << /studio/e.png -> {}
[2026-06-13 22:19:17] << /studio/e.png -> {}
[2026-06-13 22:19:17] << /studio/e.png -> {}
[2026-06-13 22:19:17] << /studio/e.png -> {}
[2026-06-13 22:19:17] << /studio/e.png -> {}
[2026-06-13 22:19:17] >> GET /studio/e.png?studioSid=6CC0A067-6251-498D-97D7-72F82332A8A5&clientID=1983CBC1-BFEF-4E46-A6E5-7574E69AA5BC&timestamp=1781414347092&userID=14463315&placeID=9991912465&category=Error&evt=QtMessage%5FWarning&label=QWindowsWindow%3A%3AsetGeometry%3A%20Unable%20to%20set%20geometry%201219x285%2B0%2B0%20%28frame%3A%201219x285%2B0%2B0%29%20on%20QWidgetWindow%2F%22QScrollAreaClassWindow%22%20on%20%22%5C%5C%2E%5CDISPLAY1%22%2E%20Resulting%20geometry%3A%201589x843%2B0%2B0%20%28frame%3A%201589x843%2B0%2B0%29%20margins%3A%200%2C%200%2C%200%2C%200%29&value=0&SD.Platform.ID=39BD5212B7E147C4BB2598657C7226EC&SD.Platform.CT=1781414322384&SD.StudioSession.MD.Type=StartClient&SD.StudioSession.ID=6EA6A1942F214C57A6DE42308BCFC110&SD.Platform.MD.DebugVersion=FFlagStudioFlushDeferredEventsBlock%2C%20FFlagFixMissingStudioStartupSummaryEvent%2C%20FFlagFixWinStudioMissingStartEvent&SD.StudioSession.CT=1781414324104&SD.UserSession.ID=B6A04371E73F40DBA3373E22122D8E7E&SD.UserSession.CT=1781414329595&SD.UserSession.MD.Type=LoggedIn
[2026-06-13 22:19:17] >> GET /studio/e.png?studioSid=6CC0A067-6251-498D-97D7-72F82332A8A5&clientID=1983CBC1-BFEF-4E46-A6E5-7574E69AA5BC&timestamp=1781414347093&userID=14463315&placeID=9991912465&category=Error&evt=QtMessage%5FWarning&label=QWindowsWindow%3A%3AsetGeometry%3A%20Unable%20to%20set%20geometry%201219x285%2B0%2B0%20%28frame%3A%201219x285%2B0%2B0%29%20on%20QWidgetWindow%2F%22qt%5Fscrollarea%5FviewportWindow%22%20on%20%22%5C%5C%2E%5CDISPLAY1%22%2E%20Resulting%20geometry%3A%201589x843%2B0%2B0%20%28frame%3A%201589x843%2B0%2B0%29%20margins%3A%200%2C%200%2C%200%2C%200%29&value=0&SD.Platform.ID=39BD5212B7E147C4BB2598657C7226EC&SD.Platform.CT=1781414322384&SD.StudioSession.MD.Type=StartClient&SD.StudioSession.ID=6EA6A1942F214C57A6DE42308BCFC110&SD.Platform.MD.DebugVersion=FFlagStudioFlushDeferredEventsBlock%2C%20FFlagFixMissingStudioStartupSummaryEvent%2C%20FFlagFixWinStudioMissingStartEvent&SD.StudioSession.CT=1781414324104&SD.UserSession.ID=B6A04371E73F40DBA3373E22122D8E7E&SD.UserSession.CT=1781414329595&SD.UserSession.MD.Typ
[2026-06-13 22:19:17] >> GET /studio/e.png?studioSid=6CC0A067-6251-498D-97D7-72F82332A8A5&clientID=1983CBC1-BFEF-4E46-A6E5-7574E69AA5BC&timestamp=1781414347093&userID=14463315&placeID=9991912465&category=Error&evt=QtMessage%5FWarning&label=QWindowsWindow%3A%3AsetGeometry%3A%20Unable%20to%20set%20geometry%201219x285%2B0%2B0%20%28frame%3A%201219x285%2B0%2B0%29%20on%20QWidgetWindow%2F%22QWidgetClassWindow%22%20on%20%22%5C%5C%2E%5CDISPLAY1%22%2E%20Resulting%20geometry%3A%201589x843%2B0%2B0%20%28frame%3A%201589x843%2B0%2B0%29%20margins%3A%200%2C%200%2C%200%2C%200%29&value=0&SD.Platform.ID=39BD5212B7E147C4BB2598657C7226EC&SD.Platform.CT=1781414322384&SD.StudioSession.MD.Type=StartClient&SD.StudioSession.ID=6EA6A1942F214C57A6DE42308BCFC110&SD.Platform.MD.DebugVersion=FFlagStudioFlushDeferredEventsBlock%2C%20FFlagFixMissingStudioStartupSummaryEvent%2C%20FFlagFixWinStudioMissingStartEvent&SD.StudioSession.CT=1781414324104&SD.UserSession.ID=B6A04371E73F40DBA3373E22122D8E7E&SD.UserSession.CT=1781414329595&SD.UserSession.MD.Type=LoggedIn&SD.
[2026-06-13 22:19:17] >> GET /studio/e.png?studioSid=6CC0A067-6251-498D-97D7-72F82332A8A5&clientID=1983CBC1-BFEF-4E46-A6E5-7574E69AA5BC&timestamp=1781414347094&userID=14463315&placeID=9991912465&category=Error&evt=QtMessage%5FWarning&label=QWindowsWindow%3A%3AsetGeometry%3A%20Unable%20to%20set%20geometry%201219x285%2B0%2B0%20%28frame%3A%201219x285%2B0%2B0%29%20on%20QWidgetWindow%2F%22QWidgetClassWindow%22%20on%20%22%5C%5C%2E%5CDISPLAY1%22%2E%20Resulting%20geometry%3A%201589x843%2B0%2B0%20%28frame%3A%201589x843%2B0%2B0%29%20margins%3A%200%2C%200%2C%200%2C%200%29&value=0&SD.Platform.ID=39BD5212B7E147C4BB2598657C7226EC&SD.Platform.CT=1781414322384&SD.StudioSession.MD.Type=StartClient&SD.StudioSession.ID=6EA6A1942F214C57A6DE42308BCFC110&SD.Platform.MD.DebugVersion=FFlagStudioFlushDeferredEventsBlock%2C%20FFlagFixMissingStudioStartupSummaryEvent%2C%20FFlagFixWinStudioMissingStartEvent&SD.StudioSession.CT=1781414324104&SD.UserSession.ID=B6A04371E73F40DBA3373E22122D8E7E&SD.UserSession.CT=1781414329595&SD.UserSession.MD.Type=LoggedIn&SD.
[2026-06-13 22:19:17] >> GET /studio/e.png?studioSid=6CC0A067-6251-498D-97D7-72F82332A8A5&clientID=1983CBC1-BFEF-4E46-A6E5-7574E69AA5BC&timestamp=1781414347094&userID=14463315&placeID=9991912465&category=Error&evt=QtMessage%5FWarning&label=QWindowsWindow%3A%3AsetGeometry%3A%20Unable%20to%20set%20geometry%201219x285%2B0%2B0%20%28frame%3A%201219x285%2B0%2B0%29%20on%20QWidgetWindow%2F%22QOgreWidgetWindow%22%20on%20%22%5C%5C%2E%5CDISPLAY1%22%2E%20Resulting%20geometry%3A%201589x843%2B0%2B0%20%28frame%3A%201589x843%2B0%2B0%29%20margins%3A%200%2C%200%2C%200%2C%200%29&value=0&SD.Platform.ID=39BD5212B7E147C4BB2598657C7226EC&SD.Platform.CT=1781414322384&SD.StudioSession.MD.Type=StartClient&SD.StudioSession.ID=6EA6A1942F214C57A6DE42308BCFC110&SD.Platform.MD.DebugVersion=FFlagStudioFlushDeferredEventsBlock%2C%20FFlagFixMissingStudioStartupSummaryEvent%2C%20FFlagFixWinStudioMissingStartEvent&SD.StudioSession.CT=1781414324104&SD.UserSession.ID=B6A04371E73F40DBA3373E22122D8E7E&SD.UserSession.CT=1781414329595&SD.UserSession.MD.Type=LoggedIn&SD.M
[2026-06-13 22:19:17] >> GET /studio/e.png?studioSid=6CC0A067-6251-498D-97D7-72F82332A8A5&clientID=1983CBC1-BFEF-4E46-A6E5-7574E69AA5BC&timestamp=1781414347114&userID=14463315&placeID=9991912465&category=Error&evt=QtMessage%5FWarning&label=QWindowsWindow%3A%3AsetGeometry%3A%20Unable%20to%20set%20geometry%201221x843%2B0%2B0%20%28frame%3A%201221x843%2B0%2B0%29%20on%20QWidgetWindow%2F%22Qtitan%3A%3ADockSplitLayoutPanelClassWindow%22%20on%20%22%5C%5C%2E%5CDISPLAY1%22%2E%20Resulting%20geometry%3A%201589x843%2B0%2B0%20%28frame%3A%201589x843%2B0%2B0%29%20margins%3A%200%2C%200%2C%200%2C%200%29&value=0&SD.Platform.ID=39BD5212B7E147C4BB2598657C7226EC&SD.Platform.CT=1781414322384&SD.StudioSession.MD.Type=StartClient&SD.StudioSession.ID=6EA6A1942F214C57A6DE42308BCFC110&SD.Platform.MD.DebugVersion=FFlagStudioFlushDeferredEventsBlock%2C%20FFlagFixMissingStudioStartupSummaryEvent%2C%20FFlagFixWinStudioMissingStartEvent&SD.StudioSession.CT=1781414324104&SD.UserSession.ID=B6A04371E73F40DBA3373E22122D8E7E&SD.UserSession.CT=1781414329595&SD.UserSes
[2026-06-13 22:19:17] >> GET /studio/e.png?studioSid=6CC0A067-6251-498D-97D7-72F82332A8A5&clientID=1983CBC1-BFEF-4E46-A6E5-7574E69AA5BC&timestamp=1781414347115&userID=14463315&placeID=9991912465&category=Error&evt=QtMessage%5FWarning&label=QWindowsWindow%3A%3AsetGeometry%3A%20Unable%20to%20set%20geometry%201221x843%2B0%2B0%20%28frame%3A%201221x843%2B0%2B0%29%20on%20QWidgetWindow%2F%22Qtitan%3A%3ADockSplitLayoutPanelClassWindow%22%20on%20%22%5C%5C%2E%5CDISPLAY1%22%2E%20Resulting%20geometry%3A%201589x843%2B0%2B0%20%28frame%3A%201589x843%2B0%2B0%29%20margins%3A%200%2C%200%2C%200%2C%200%29&value=0&SD.Platform.ID=39BD5212B7E147C4BB2598657C7226EC&SD.Platform.CT=1781414322384&SD.StudioSession.MD.Type=StartClient&SD.StudioSession.ID=6EA6A1942F214C57A6DE42308BCFC110&SD.Platform.MD.DebugVersion=FFlagStudioFlushDeferredEventsBlock%2C%20FFlagFixMissingStudioStartupSummaryEvent%2C%20FFlagFixWinStudioMissingStartEvent&SD.StudioSession.CT=1781414324104&SD.UserSession.ID=B6A04371E73F40DBA3373E22122D8E7E&SD.UserSession.CT=1781414329595&SD.UserSes
[2026-06-13 22:19:17] >> GET /studio/e.png?studioSid=6CC0A067-6251-498D-97D7-72F82332A8A5&clientID=1983CBC1-BFEF-4E46-A6E5-7574E69AA5BC&timestamp=1781414347115&userID=14463315&placeID=9991912465&category=Error&evt=QtMessage%5FWarning&label=QWindowsWindow%3A%3AsetGeometry%3A%20Unable%20to%20set%20geometry%201221x843%2B0%2B0%20%28frame%3A%201221x843%2B0%2B0%29%20on%20QWidgetWindow%2F%22Qtitan%3A%3ADockSplitLayoutPanelClassWindow%22%20on%20%22%5C%5C%2E%5CDISPLAY1%22%2E%20Resulting%20geometry%3A%201589x843%2B0%2B0%20%28frame%3A%201589x843%2B0%2B0%29%20margins%3A%200%2C%200%2C%200%2C%200%29&value=0&SD.Platform.ID=39BD5212B7E147C4BB2598657C7226EC&SD.Platform.CT=1781414322384&SD.StudioSession.MD.Type=StartClient&SD.StudioSession.ID=6EA6A1942F214C57A6DE42308BCFC110&SD.Platform.MD.DebugVersion=FFlagStudioFlushDeferredEventsBlock%2C%20FFlagFixMissingStudioStartupSummaryEvent%2C%20FFlagFixWinStudioMissingStartEvent&SD.StudioSession.CT=1781414324104&SD.UserSession.ID=B6A04371E73F40DBA3373E22122D8E7E&SD.UserSession.CT=1781414329595&SD.UserSes
[2026-06-13 22:19:17] << /studio/e.png -> {}
[2026-06-13 22:19:17] << /studio/e.png -> {}
[2026-06-13 22:19:17] << /studio/e.png -> {}
[2026-06-13 22:19:17] << /studio/e.png -> {}
[2026-06-13 22:19:17] << /studio/e.png -> {}
[2026-06-13 22:19:17] << /studio/e.png -> {}
[2026-06-13 22:19:17] << /studio/e.png -> {}
[2026-06-13 22:19:17] << /studio/e.png -> {}
[2026-06-13 22:19:17] >> GET /studio/e.png?studioSid=6CC0A067-6251-498D-97D7-72F82332A8A5&clientID=1983CBC1-BFEF-4E46-A6E5-7574E69AA5BC&timestamp=1781414347115&userID=14463315&placeID=9991912465&category=Error&evt=QtMessage%5FWarning&label=QWindowsWindow%3A%3AsetGeometry%3A%20Unable%20to%20set%20geometry%201221x843%2B0%2B0%20%28frame%3A%201221x843%2B0%2B0%29%20on%20QWidgetWindow%2F%22Qtitan%3A%3ADockSplitLayoutPanelClassWindow%22%20on%20%22%5C%5C%2E%5CDISPLAY1%22%2E%20Resulting%20geometry%3A%201589x843%2B0%2B0%20%28frame%3A%201589x843%2B0%2B0%29%20margins%3A%200%2C%200%2C%200%2C%200%29&value=0&SD.Platform.ID=39BD5212B7E147C4BB2598657C7226EC&SD.Platform.CT=1781414322384&SD.StudioSession.MD.Type=StartClient&SD.StudioSession.ID=6EA6A1942F214C57A6DE42308BCFC110&SD.Platform.MD.DebugVersion=FFlagStudioFlushDeferredEventsBlock%2C%20FFlagFixMissingStudioStartupSummaryEvent%2C%20FFlagFixWinStudioMissingStartEvent&SD.StudioSession.CT=1781414324104&SD.UserSession.ID=B6A04371E73F40DBA3373E22122D8E7E&SD.UserSession.CT=1781414329595&SD.UserSes
[2026-06-13 22:19:17] >> GET /studio/e.png?studioSid=6CC0A067-6251-498D-97D7-72F82332A8A5&clientID=1983CBC1-BFEF-4E46-A6E5-7574E69AA5BC&timestamp=1781414347116&userID=14463315&placeID=9991912465&category=Error&evt=QtMessage%5FWarning&label=QWindowsWindow%3A%3AsetGeometry%3A%20Unable%20to%20set%20geometry%201221x843%2B0%2B0%20%28frame%3A%201221x843%2B0%2B0%29%20on%20QWidgetWindow%2F%22Qtitan%3A%3ADockSplitLayoutPanelClassWindow%22%20on%20%22%5C%5C%2E%5CDISPLAY1%22%2E%20Resulting%20geometry%3A%201589x843%2B0%2B0%20%28frame%3A%201589x843%2B0%2B0%29%20margins%3A%200%2C%200%2C%200%2C%200%29&value=0&SD.Platform.ID=39BD5212B7E147C4BB2598657C7226EC&SD.Platform.CT=1781414322384&SD.StudioSession.MD.Type=StartClient&SD.StudioSession.ID=6EA6A1942F214C57A6DE42308BCFC110&SD.Platform.MD.DebugVersion=FFlagStudioFlushDeferredEventsBlock%2C%20FFlagFixMissingStudioStartupSummaryEvent%2C%20FFlagFixWinStudioMissingStartEvent&SD.StudioSession.CT=1781414324104&SD.UserSession.ID=B6A04371E73F40DBA3373E22122D8E7E&SD.UserSession.CT=1781414329595&SD.UserSes
[2026-06-13 22:19:17] >> GET /studio/e.png?studioSid=6CC0A067-6251-498D-97D7-72F82332A8A5&clientID=1983CBC1-BFEF-4E46-A6E5-7574E69AA5BC&timestamp=1781414347116&userID=14463315&placeID=9991912465&category=Error&evt=QtMessage%5FWarning&label=QWindowsWindow%3A%3AsetGeometry%3A%20Unable%20to%20set%20geometry%201221x843%2B0%2B0%20%28frame%3A%201221x843%2B0%2B0%29%20on%20QWidgetWindow%2F%22Qtitan%3A%3ADockDocumentLayoutPanelClassWindow%22%20on%20%22%5C%5C%2E%5CDISPLAY1%22%2E%20Resulting%20geometry%3A%201589x843%2B0%2B0%20%28frame%3A%201589x843%2B0%2B0%29%20margins%3A%200%2C%200%2C%200%2C%200%29&value=0&SD.Platform.ID=39BD5212B7E147C4BB2598657C7226EC&SD.Platform.CT=1781414322384&SD.StudioSession.MD.Type=StartClient&SD.StudioSession.ID=6EA6A1942F214C57A6DE42308BCFC110&SD.Platform.MD.DebugVersion=FFlagStudioFlushDeferredEventsBlock%2C%20FFlagFixMissingStudioStartupSummaryEvent%2C%20FFlagFixWinStudioMissingStartEvent&SD.StudioSession.CT=1781414324104&SD.UserSession.ID=B6A04371E73F40DBA3373E22122D8E7E&SD.UserSession.CT=1781414329595&SD.User
[2026-06-13 22:19:17] >> GET /studio/e.png?studioSid=6CC0A067-6251-498D-97D7-72F82332A8A5&clientID=1983CBC1-BFEF-4E46-A6E5-7574E69AA5BC&timestamp=1781414347116&userID=14463315&placeID=9991912465&category=Error&evt=QtMessage%5FWarning&label=QWindowsWindow%3A%3AsetGeometry%3A%20Unable%20to%20set%20geometry%201221x363%2B0%2B0%20%28frame%3A%201221x363%2B0%2B0%29%20on%20QWidgetWindow%2F%22Qtitan%3A%3ADockDocumentTabbedLayoutPanelClassWindow%22%20on%20%22%5C%5C%2E%5CDISPLAY1%22%2E%20Resulting%20geometry%3A%201589x843%2B0%2B0%20%28frame%3A%201589x843%2B0%2B0%29%20margins%3A%200%2C%200%2C%200%2C%200%29&value=0&SD.Platform.ID=39BD5212B7E147C4BB2598657C7226EC&SD.Platform.CT=1781414322384&SD.StudioSession.MD.Type=StartClient&SD.StudioSession.ID=6EA6A1942F214C57A6DE42308BCFC110&SD.Platform.MD.DebugVersion=FFlagStudioFlushDeferredEventsBlock%2C%20FFlagFixMissingStudioStartupSummaryEvent%2C%20FFlagFixWinStudioMissingStartEvent&SD.StudioSession.CT=1781414324104&SD.UserSession.ID=B6A04371E73F40DBA3373E22122D8E7E&SD.UserSession.CT=1781414329595&S
[2026-06-13 22:19:17] >> GET /studio/e.png?studioSid=6CC0A067-6251-498D-97D7-72F82332A8A5&clientID=1983CBC1-BFEF-4E46-A6E5-7574E69AA5BC&timestamp=1781414347116&userID=14463315&placeID=9991912465&category=Error&evt=QtMessage%5FWarning&label=QWindowsWindow%3A%3AsetGeometry%3A%20Unable%20to%20set%20geometry%201221x333%2B0%2B30%20%28frame%3A%201221x333%2B0%2B30%29%20on%20QWidgetWindow%2F%22ideDocDocumentPanelWindow%22%20on%20%22%5C%5C%2E%5CDISPLAY1%22%2E%20Resulting%20geometry%3A%201589x843%2B0%2B0%20%28frame%3A%201589x843%2B0%2B0%29%20margins%3A%200%2C%200%2C%200%2C%200%29&value=0&SD.Platform.ID=39BD5212B7E147C4BB2598657C7226EC&SD.Platform.CT=1781414322384&SD.StudioSession.MD.Type=StartClient&SD.StudioSession.ID=6EA6A1942F214C57A6DE42308BCFC110&SD.Platform.MD.DebugVersion=FFlagStudioFlushDeferredEventsBlock%2C%20FFlagFixMissingStudioStartupSummaryEvent%2C%20FFlagFixWinStudioMissingStartEvent&SD.StudioSession.CT=1781414324104&SD.UserSession.ID=B6A04371E73F40DBA3373E22122D8E7E&SD.UserSession.CT=1781414329595&SD.UserSession.MD.Type=Log
[2026-06-13 22:19:17] >> GET /studio/e.png?studioSid=6CC0A067-6251-498D-97D7-72F82332A8A5&clientID=1983CBC1-BFEF-4E46-A6E5-7574E69AA5BC&timestamp=1781414347117&userID=14463315&placeID=9991912465&category=Error&evt=QtMessage%5FWarning&label=QWindowsWindow%3A%3AsetGeometry%3A%20Unable%20to%20set%20geometry%201219x330%2B1%2B1%20%28frame%3A%201219x330%2B1%2B1%29%20on%20QWidgetWindow%2F%22QStackedWidgetClassWindow%22%20on%20%22%5C%5C%2E%5CDISPLAY1%22%2E%20Resulting%20geometry%3A%201589x843%2B0%2B0%20%28frame%3A%201589x843%2B0%2B0%29%20margins%3A%200%2C%200%2C%200%2C%200%29&value=0&SD.Platform.ID=39BD5212B7E147C4BB2598657C7226EC&SD.Platform.CT=1781414322384&SD.StudioSession.MD.Type=StartClient&SD.StudioSession.ID=6EA6A1942F214C57A6DE42308BCFC110&SD.Platform.MD.DebugVersion=FFlagStudioFlushDeferredEventsBlock%2C%20FFlagFixMissingStudioStartupSummaryEvent%2C%20FFlagFixWinStudioMissingStartEvent&SD.StudioSession.CT=1781414324104&SD.UserSession.ID=B6A04371E73F40DBA3373E22122D8E7E&SD.UserSession.CT=1781414329595&SD.UserSession.MD.Type=Logge
[2026-06-13 22:19:17] >> GET /studio/e.png?studioSid=6CC0A067-6251-498D-97D7-72F82332A8A5&clientID=1983CBC1-BFEF-4E46-A6E5-7574E69AA5BC&timestamp=1781414347117&userID=14463315&placeID=9991912465&category=Error&evt=QtMessage%5FWarning&label=QWindowsWindow%3A%3AsetGeometry%3A%20Unable%20to%20set%20geometry%201219x330%2B0%2B0%20%28frame%3A%201219x330%2B0%2B0%29%20on%20QWidgetWindow%2F%22QWidgetClassWindow%22%20on%20%22%5C%5C%2E%5CDISPLAY1%22%2E%20Resulting%20geometry%3A%201589x843%2B0%2B0%20%28frame%3A%201589x843%2B0%2B0%29%20margins%3A%200%2C%200%2C%200%2C%200%29&value=0&SD.Platform.ID=39BD5212B7E147C4BB2598657C7226EC&SD.Platform.CT=1781414322384&SD.StudioSession.MD.Type=StartClient&SD.StudioSession.ID=6EA6A1942F214C57A6DE42308BCFC110&SD.Platform.MD.DebugVersion=FFlagStudioFlushDeferredEventsBlock%2C%20FFlagFixMissingStudioStartupSummaryEvent%2C%20FFlagFixWinStudioMissingStartEvent&SD.StudioSession.CT=1781414324104&SD.UserSession.ID=B6A04371E73F40DBA3373E22122D8E7E&SD.UserSession.CT=1781414329595&SD.UserSession.MD.Type=LoggedIn&SD.
[2026-06-13 22:19:17] >> GET /studio/e.png?studioSid=6CC0A067-6251-498D-97D7-72F82332A8A5&clientID=1983CBC1-BFEF-4E46-A6E5-7574E69AA5BC&timestamp=1781414347117&userID=14463315&placeID=9991912465&category=Error&evt=QtMessage%5FWarning&label=QWindowsWindow%3A%3AsetGeometry%3A%20Unable%20to%20set%20geometry%201219x330%2B0%2B0%20%28frame%3A%201219x330%2B0%2B0%29%20on%20QWidgetWindow%2F%22QScrollAreaClassWindow%22%20on%20%22%5C%5C%2E%5CDISPLAY1%22%2E%20Resulting%20geometry%3A%201589x843%2B0%2B0%20%28frame%3A%201589x843%2B0%2B0%29%20margins%3A%200%2C%200%2C%200%2C%200%29&value=0&SD.Platform.ID=39BD5212B7E147C4BB2598657C7226EC&SD.Platform.CT=1781414322384&SD.StudioSession.MD.Type=StartClient&SD.StudioSession.ID=6EA6A1942F214C57A6DE42308BCFC110&SD.Platform.MD.DebugVersion=FFlagStudioFlushDeferredEventsBlock%2C%20FFlagFixMissingStudioStartupSummaryEvent%2C%20FFlagFixWinStudioMissingStartEvent&SD.StudioSession.CT=1781414324104&SD.UserSession.ID=B6A04371E73F40DBA3373E22122D8E7E&SD.UserSession.CT=1781414329595&SD.UserSession.MD.Type=LoggedIn
[2026-06-13 22:19:17] << /studio/e.png -> {}
[2026-06-13 22:19:17] << /studio/e.png -> {}
[2026-06-13 22:19:17] << /studio/e.png -> {}
[2026-06-13 22:19:17] << /studio/e.png -> {}
[2026-06-13 22:19:17] << /studio/e.png -> {}
[2026-06-13 22:19:17] << /studio/e.png -> {}
[2026-06-13 22:19:17] << /studio/e.png -> {}
[2026-06-13 22:19:17] << /studio/e.png -> {}
[2026-06-13 22:19:18] >> POST /v2/persistence/9000000000064/datastores/objects/object?datastore=NewProfiles2&objectKey=global%2F14463315
[2026-06-13 22:19:18] << /v2/persistence/9000000000064/datastores/objects/object -> {"version":"1","deleted":false,"contentLength":0,"createdTime":"2023-01-01T00:00:00Z","objectCreatedTime":"2023-01-01T00:00:00Z"}
[2026-06-13 22:19:18] >> GET /studio/e.png?studioSid=6CC0A067-6251-498D-97D7-72F82332A8A5&clientID=1983CBC1-BFEF-4E46-A6E5-7574E69AA5BC&timestamp=1781414347118&userID=14463315&placeID=9991912465&category=Error&evt=QtMessage%5FWarning&label=QWindowsWindow%3A%3AsetGeometry%3A%20Unable%20to%20set%20geometry%201219x330%2B0%2B0%20%28frame%3A%201219x330%2B0%2B0%29%20on%20QWidgetWindow%2F%22qt%5Fscrollarea%5FviewportWindow%22%20on%20%22%5C%5C%2E%5CDISPLAY1%22%2E%20Resulting%20geometry%3A%201589x843%2B0%2B0%20%28frame%3A%201589x843%2B0%2B0%29%20margins%3A%200%2C%200%2C%200%2C%200%29&value=0&SD.Platform.ID=39BD5212B7E147C4BB2598657C7226EC&SD.Platform.CT=1781414322384&SD.StudioSession.MD.Type=StartClient&SD.StudioSession.ID=6EA6A1942F214C57A6DE42308BCFC110&SD.Platform.MD.DebugVersion=FFlagStudioFlushDeferredEventsBlock%2C%20FFlagFixMissingStudioStartupSummaryEvent%2C%20FFlagFixWinStudioMissingStartEvent&SD.StudioSession.CT=1781414324104&SD.UserSession.ID=B6A04371E73F40DBA3373E22122D8E7E&SD.UserSession.CT=1781414329595&SD.UserSession.MD.Typ
[2026-06-13 22:19:18] >> GET /studio/e.png?studioSid=6CC0A067-6251-498D-97D7-72F82332A8A5&clientID=1983CBC1-BFEF-4E46-A6E5-7574E69AA5BC&timestamp=1781414347118&userID=14463315&placeID=9991912465&category=Error&evt=QtMessage%5FWarning&label=QWindowsWindow%3A%3AsetGeometry%3A%20Unable%20to%20set%20geometry%201219x330%2B0%2B0%20%28frame%3A%201219x330%2B0%2B0%29%20on%20QWidgetWindow%2F%22QWidgetClassWindow%22%20on%20%22%5C%5C%2E%5CDISPLAY1%22%2E%20Resulting%20geometry%3A%201589x843%2B0%2B0%20%28frame%3A%201589x843%2B0%2B0%29%20margins%3A%200%2C%200%2C%200%2C%200%29&value=0&SD.Platform.ID=39BD5212B7E147C4BB2598657C7226EC&SD.Platform.CT=1781414322384&SD.StudioSession.MD.Type=StartClient&SD.StudioSession.ID=6EA6A1942F214C57A6DE42308BCFC110&SD.Platform.MD.DebugVersion=FFlagStudioFlushDeferredEventsBlock%2C%20FFlagFixMissingStudioStartupSummaryEvent%2C%20FFlagFixWinStudioMissingStartEvent&SD.StudioSession.CT=1781414324104&SD.UserSession.ID=B6A04371E73F40DBA3373E22122D8E7E&SD.UserSession.CT=1781414329595&SD.UserSession.MD.Type=LoggedIn&SD.
[2026-06-13 22:19:18] >> GET /studio/e.png?studioSid=6CC0A067-6251-498D-97D7-72F82332A8A5&clientID=1983CBC1-BFEF-4E46-A6E5-7574E69AA5BC&timestamp=1781414347119&userID=14463315&placeID=9991912465&category=Error&evt=QtMessage%5FWarning&label=QWindowsWindow%3A%3AsetGeometry%3A%20Unable%20to%20set%20geometry%201219x330%2B0%2B0%20%28frame%3A%201219x330%2B0%2B0%29%20on%20QWidgetWindow%2F%22QWidgetClassWindow%22%20on%20%22%5C%5C%2E%5CDISPLAY1%22%2E%20Resulting%20geometry%3A%201589x843%2B0%2B0%20%28frame%3A%201589x843%2B0%2B0%29%20margins%3A%200%2C%200%2C%200%2C%200%29&value=0&SD.Platform.ID=39BD5212B7E147C4BB2598657C7226EC&SD.Platform.CT=1781414322384&SD.StudioSession.MD.Type=StartClient&SD.StudioSession.ID=6EA6A1942F214C57A6DE42308BCFC110&SD.Platform.MD.DebugVersion=FFlagStudioFlushDeferredEventsBlock%2C%20FFlagFixMissingStudioStartupSummaryEvent%2C%20FFlagFixWinStudioMissingStartEvent&SD.StudioSession.CT=1781414324104&SD.UserSession.ID=B6A04371E73F40DBA3373E22122D8E7E&SD.UserSession.CT=1781414329595&SD.UserSession.MD.Type=LoggedIn&SD.
[2026-06-13 22:19:18] >> GET /studio/e.png?studioSid=6CC0A067-6251-498D-97D7-72F82332A8A5&clientID=1983CBC1-BFEF-4E46-A6E5-7574E69AA5BC&timestamp=1781414347120&userID=14463315&placeID=9991912465&category=Error&evt=QtMessage%5FWarning&label=QWindowsWindow%3A%3AsetGeometry%3A%20Unable%20to%20set%20geometry%201219x330%2B0%2B0%20%28frame%3A%201219x330%2B0%2B0%29%20on%20QWidgetWindow%2F%22QOgreWidgetWindow%22%20on%20%22%5C%5C%2E%5CDISPLAY1%22%2E%20Resulting%20geometry%3A%201589x843%2B0%2B0%20%28frame%3A%201589x843%2B0%2B0%29%20margins%3A%200%2C%200%2C%200%2C%200%29&value=0&SD.Platform.ID=39BD5212B7E147C4BB2598657C7226EC&SD.Platform.CT=1781414322384&SD.StudioSession.MD.Type=StartClient&SD.StudioSession.ID=6EA6A1942F214C57A6DE42308BCFC110&SD.Platform.MD.DebugVersion=FFlagStudioFlushDeferredEventsBlock%2C%20FFlagFixMissingStudioStartupSummaryEvent%2C%20FFlagFixWinStudioMissingStartEvent&SD.StudioSession.CT=1781414324104&SD.UserSession.ID=B6A04371E73F40DBA3373E22122D8E7E&SD.UserSession.CT=1781414329595&SD.UserSession.MD.Type=LoggedIn&SD.M
[2026-06-13 22:19:18] >> GET /studio/e.png?studioSid=6CC0A067-6251-498D-97D7-72F82332A8A5&clientID=1983CBC1-BFEF-4E46-A6E5-7574E69AA5BC&timestamp=1781414347134&userID=14463315&placeID=9991912465&category=Error&evt=QtMessage%5FWarning&label=QWindowsWindow%3A%3AsetGeometry%3A%20Unable%20to%20set%20geometry%201586x840%2B1%2B1%20%28frame%3A%201586x840%2B1%2B1%29%20on%20QWidgetWindow%2F%22QStackedWidgetClassWindow%22%20on%20%22%5C%5C%2E%5CDISPLAY1%22%2E%20Resulting%20geometry%3A%201589x843%2B0%2B0%20%28frame%3A%201589x843%2B0%2B0%29%20margins%3A%200%2C%200%2C%200%2C%200%29&value=0&SD.Platform.ID=39BD5212B7E147C4BB2598657C7226EC&SD.Platform.CT=1781414322384&SD.StudioSession.MD.Type=StartClient&SD.StudioSession.ID=6EA6A1942F214C57A6DE42308BCFC110&SD.Platform.MD.DebugVersion=FFlagStudioFlushDeferredEventsBlock%2C%20FFlagFixMissingStudioStartupSummaryEvent%2C%20FFlagFixWinStudioMissingStartEvent&SD.StudioSession.CT=1781414324104&SD.UserSession.ID=B6A04371E73F40DBA3373E22122D8E7E&SD.UserSession.CT=1781414329595&SD.UserSession.MD.Type=Logge
[2026-06-13 22:19:18] >> GET /studio/e.png?studioSid=6CC0A067-6251-498D-97D7-72F82332A8A5&clientID=1983CBC1-BFEF-4E46-A6E5-7574E69AA5BC&timestamp=1781414347134&userID=14463315&placeID=9991912465&category=Error&evt=QtMessage%5FWarning&label=QWindowsWindow%3A%3AsetGeometry%3A%20Unable%20to%20set%20geometry%201586x840%2B0%2B0%20%28frame%3A%201586x840%2B0%2B0%29%20on%20QWidgetWindow%2F%22QWidgetClassWindow%22%20on%20%22%5C%5C%2E%5CDISPLAY1%22%2E%20Resulting%20geometry%3A%201589x843%2B0%2B0%20%28frame%3A%201589x843%2B0%2B0%29%20margins%3A%200%2C%200%2C%200%2C%200%29&value=0&SD.Platform.ID=39BD5212B7E147C4BB2598657C7226EC&SD.Platform.CT=1781414322384&SD.StudioSession.MD.Type=StartClient&SD.StudioSession.ID=6EA6A1942F214C57A6DE42308BCFC110&SD.Platform.MD.DebugVersion=FFlagStudioFlushDeferredEventsBlock%2C%20FFlagFixMissingStudioStartupSummaryEvent%2C%20FFlagFixWinStudioMissingStartEvent&SD.StudioSession.CT=1781414324104&SD.UserSession.ID=B6A04371E73F40DBA3373E22122D8E7E&SD.UserSession.CT=1781414329595&SD.UserSession.MD.Type=LoggedIn&SD.
[2026-06-13 22:19:18] >> GET /studio/e.png?studioSid=6CC0A067-6251-498D-97D7-72F82332A8A5&clientID=1983CBC1-BFEF-4E46-A6E5-7574E69AA5BC&timestamp=1781414347135&userID=14463315&placeID=9991912465&category=Error&evt=QtMessage%5FWarning&label=QWindowsWindow%3A%3AsetGeometry%3A%20Unable%20to%20set%20geometry%201586x840%2B0%2B0%20%28frame%3A%201586x840%2B0%2B0%29%20on%20QWidgetWindow%2F%22QScrollAreaClassWindow%22%20on%20%22%5C%5C%2E%5CDISPLAY1%22%2E%20Resulting%20geometry%3A%201589x843%2B0%2B0%20%28frame%3A%201589x843%2B0%2B0%29%20margins%3A%200%2C%200%2C%200%2C%200%29&value=0&SD.Platform.ID=39BD5212B7E147C4BB2598657C7226EC&SD.Platform.CT=1781414322384&SD.StudioSession.MD.Type=StartClient&SD.StudioSession.ID=6EA6A1942F214C57A6DE42308BCFC110&SD.Platform.MD.DebugVersion=FFlagStudioFlushDeferredEventsBlock%2C%20FFlagFixMissingStudioStartupSummaryEvent%2C%20FFlagFixWinStudioMissingStartEvent&SD.StudioSession.CT=1781414324104&SD.UserSession.ID=B6A04371E73F40DBA3373E22122D8E7E&SD.UserSession.CT=1781414329595&SD.UserSession.MD.Type=LoggedIn
[2026-06-13 22:19:18] >> GET /studio/e.png?studioSid=6CC0A067-6251-498D-97D7-72F82332A8A5&clientID=1983CBC1-BFEF-4E46-A6E5-7574E69AA5BC&timestamp=1781414347135&userID=14463315&placeID=9991912465&category=Error&evt=QtMessage%5FWarning&label=QWindowsWindow%3A%3AsetGeometry%3A%20Unable%20to%20set%20geometry%201586x840%2B0%2B0%20%28frame%3A%201586x840%2B0%2B0%29%20on%20QWidgetWindow%2F%22qt%5Fscrollarea%5FviewportWindow%22%20on%20%22%5C%5C%2E%5CDISPLAY1%22%2E%20Resulting%20geometry%3A%201589x843%2B0%2B0%20%28frame%3A%201589x843%2B0%2B0%29%20margins%3A%200%2C%200%2C%200%2C%200%29&value=0&SD.Platform.ID=39BD5212B7E147C4BB2598657C7226EC&SD.Platform.CT=1781414322384&SD.StudioSession.MD.Type=StartClient&SD.StudioSession.ID=6EA6A1942F214C57A6DE42308BCFC110&SD.Platform.MD.DebugVersion=FFlagStudioFlushDeferredEventsBlock%2C%20FFlagFixMissingStudioStartupSummaryEvent%2C%20FFlagFixWinStudioMissingStartEvent&SD.StudioSession.CT=1781414324104&SD.UserSession.ID=B6A04371E73F40DBA3373E22122D8E7E&SD.UserSession.CT=1781414329595&SD.UserSession.MD.Typ
[2026-06-13 22:19:18] << /studio/e.png -> {}
[2026-06-13 22:19:18] << /studio/e.png -> {}
[2026-06-13 22:19:18] << /studio/e.png -> {}
[2026-06-13 22:19:18] << /studio/e.png -> {}
[2026-06-13 22:19:18] << /studio/e.png -> {}
[2026-06-13 22:19:18] << /studio/e.png -> {}
[2026-06-13 22:19:18] << /studio/e.png -> {}
[2026-06-13 22:19:18] << /studio/e.png -> {}
[2026-06-13 22:19:18] >> GET /v2/persistence/9000000000064/datastores/objects/object?datastore=MerchCodes&objectKey=global%2F14463315
[2026-06-13 22:19:18] << /v2/persistence/9000000000064/datastores/objects/object -> null
[2026-06-13 22:19:18] >> GET /studio/e.png?studioSid=6CC0A067-6251-498D-97D7-72F82332A8A5&clientID=1983CBC1-BFEF-4E46-A6E5-7574E69AA5BC&timestamp=1781414347135&userID=14463315&placeID=9991912465&category=Error&evt=QtMessage%5FWarning&label=QWindowsWindow%3A%3AsetGeometry%3A%20Unable%20to%20set%20geometry%201586x840%2B0%2B0%20%28frame%3A%201586x840%2B0%2B0%29%20on%20QWidgetWindow%2F%22QWidgetClassWindow%22%20on%20%22%5C%5C%2E%5CDISPLAY1%22%2E%20Resulting%20geometry%3A%201589x843%2B0%2B0%20%28frame%3A%201589x843%2B0%2B0%29%20margins%3A%200%2C%200%2C%200%2C%200%29&value=0&SD.Platform.ID=39BD5212B7E147C4BB2598657C7226EC&SD.Platform.CT=1781414322384&SD.StudioSession.MD.Type=StartClient&SD.StudioSession.ID=6EA6A1942F214C57A6DE42308BCFC110&SD.Platform.MD.DebugVersion=FFlagStudioFlushDeferredEventsBlock%2C%20FFlagFixMissingStudioStartupSummaryEvent%2C%20FFlagFixWinStudioMissingStartEvent&SD.StudioSession.CT=1781414324104&SD.UserSession.ID=B6A04371E73F40DBA3373E22122D8E7E&SD.UserSession.CT=1781414329595&SD.UserSession.MD.Type=LoggedIn&SD.
[2026-06-13 22:19:18] >> GET /studio/e.png?studioSid=6CC0A067-6251-498D-97D7-72F82332A8A5&clientID=1983CBC1-BFEF-4E46-A6E5-7574E69AA5BC&timestamp=1781414347136&userID=14463315&placeID=9991912465&category=Error&evt=QtMessage%5FWarning&label=QWindowsWindow%3A%3AsetGeometry%3A%20Unable%20to%20set%20geometry%201586x840%2B0%2B0%20%28frame%3A%201586x840%2B0%2B0%29%20on%20QWidgetWindow%2F%22QWidgetClassWindow%22%20on%20%22%5C%5C%2E%5CDISPLAY1%22%2E%20Resulting%20geometry%3A%201589x843%2B0%2B0%20%28frame%3A%201589x843%2B0%2B0%29%20margins%3A%200%2C%200%2C%200%2C%200%29&value=0&SD.Platform.ID=39BD5212B7E147C4BB2598657C7226EC&SD.Platform.CT=1781414322384&SD.StudioSession.MD.Type=StartClient&SD.StudioSession.ID=6EA6A1942F214C57A6DE42308BCFC110&SD.Platform.MD.DebugVersion=FFlagStudioFlushDeferredEventsBlock%2C%20FFlagFixMissingStudioStartupSummaryEvent%2C%20FFlagFixWinStudioMissingStartEvent&SD.StudioSession.CT=1781414324104&SD.UserSession.ID=B6A04371E73F40DBA3373E22122D8E7E&SD.UserSession.CT=1781414329595&SD.UserSession.MD.Type=LoggedIn&SD.
[2026-06-13 22:19:18] >> GET /studio/e.png?studioSid=6CC0A067-6251-498D-97D7-72F82332A8A5&clientID=1983CBC1-BFEF-4E46-A6E5-7574E69AA5BC&timestamp=1781414347136&userID=14463315&placeID=9991912465&category=Error&evt=QtMessage%5FWarning&label=QWindowsWindow%3A%3AsetGeometry%3A%20Unable%20to%20set%20geometry%201586x840%2B0%2B0%20%28frame%3A%201586x840%2B0%2B0%29%20on%20QWidgetWindow%2F%22QOgreWidgetWindow%22%20on%20%22%5C%5C%2E%5CDISPLAY1%22%2E%20Resulting%20geometry%3A%201589x843%2B0%2B0%20%28frame%3A%201589x843%2B0%2B0%29%20margins%3A%200%2C%200%2C%200%2C%200%29&value=0&SD.Platform.ID=39BD5212B7E147C4BB2598657C7226EC&SD.Platform.CT=1781414322384&SD.StudioSession.MD.Type=StartClient&SD.StudioSession.ID=6EA6A1942F214C57A6DE42308BCFC110&SD.Platform.MD.DebugVersion=FFlagStudioFlushDeferredEventsBlock%2C%20FFlagFixMissingStudioStartupSummaryEvent%2C%20FFlagFixWinStudioMissingStartEvent&SD.StudioSession.CT=1781414324104&SD.UserSession.ID=B6A04371E73F40DBA3373E22122D8E7E&SD.UserSession.CT=1781414329595&SD.UserSession.MD.Type=LoggedIn&SD.M
[2026-06-13 22:19:18] >> GET /studio/e.png?studioSid=6CC0A067-6251-498D-97D7-72F82332A8A5&clientID=1983CBC1-BFEF-4E46-A6E5-7574E69AA5BC&timestamp=1781414347179&userID=14463315&placeID=9991912465&category=Error&evt=QtMessage%5FWarning&label=QWindowsWindow%3A%3AsetGeometry%3A%20Unable%20to%20set%20geometry%201585x738%2B0%2B35%20%28frame%3A%201585x738%2B0%2B35%29%20on%20QWidgetWindow%2F%22RootWidgetWindow%22%20on%20%22%5C%5C%2E%5CDISPLAY1%22%2E%20Resulting%20geometry%3A%201585x843%2B0%2B0%20%28frame%3A%201585x843%2B0%2B0%29%20margins%3A%200%2C%200%2C%200%2C%200%29&value=0&SD.Platform.ID=39BD5212B7E147C4BB2598657C7226EC&SD.Platform.CT=1781414322384&SD.StudioSession.MD.Type=StartClient&SD.StudioSession.ID=6EA6A1942F214C57A6DE42308BCFC110&SD.Platform.MD.DebugVersion=FFlagStudioFlushDeferredEventsBlock%2C%20FFlagFixMissingStudioStartupSummaryEvent%2C%20FFlagFixWinStudioMissingStartEvent&SD.StudioSession.CT=1781414324104&SD.UserSession.ID=B6A04371E73F40DBA3373E22122D8E7E&SD.UserSession.CT=1781414329595&SD.UserSession.MD.Type=LoggedIn&SD.
[2026-06-13 22:19:18] >> GET /studio/e.png?studioSid=6CC0A067-6251-498D-97D7-72F82332A8A5&clientID=1983CBC1-BFEF-4E46-A6E5-7574E69AA5BC&timestamp=1781414347179&userID=14463315&placeID=9991912465&category=Error&evt=QtMessage%5FWarning&label=QWindowsWindow%3A%3AsetGeometry%3A%20Unable%20to%20set%20geometry%201585x738%2B0%2B0%20%28frame%3A%201585x738%2B0%2B0%29%20on%20QWidgetWindow%2F%22RootDockSplitLayoutPanelWindow%22%20on%20%22%5C%5C%2E%5CDISPLAY1%22%2E%20Resulting%20geometry%3A%201585x843%2B0%2B0%20%28frame%3A%201585x843%2B0%2B0%29%20margins%3A%200%2C%200%2C%200%2C%200%29&value=0&SD.Platform.ID=39BD5212B7E147C4BB2598657C7226EC&SD.Platform.CT=1781414322384&SD.StudioSession.MD.Type=StartClient&SD.StudioSession.ID=6EA6A1942F214C57A6DE42308BCFC110&SD.Platform.MD.DebugVersion=FFlagStudioFlushDeferredEventsBlock%2C%20FFlagFixMissingStudioStartupSummaryEvent%2C%20FFlagFixWinStudioMissingStartEvent&SD.StudioSession.CT=1781414324104&SD.UserSession.ID=B6A04371E73F40DBA3373E22122D8E7E&SD.UserSession.CT=1781414329595&SD.UserSession.MD.Type=
[2026-06-13 22:19:18] >> GET /studio/e.png?studioSid=6CC0A067-6251-498D-97D7-72F82332A8A5&clientID=1983CBC1-BFEF-4E46-A6E5-7574E69AA5BC&timestamp=1781414347182&userID=14463315&placeID=9991912465&category=Error&evt=QtMessage%5FWarning&label=QWindowsWindow%3A%3AsetGeometry%3A%20Unable%20to%20set%20geometry%201585x738%2B0%2B0%20%28frame%3A%201585x738%2B0%2B0%29%20on%20QWidgetWindow%2F%22Qtitan%3A%3ADockSplitLayoutPanelClassWindow%22%20on%20%22%5C%5C%2E%5CDISPLAY1%22%2E%20Resulting%20geometry%3A%201585x843%2B0%2B0%20%28frame%3A%201585x843%2B0%2B0%29%20margins%3A%200%2C%200%2C%200%2C%200%29&value=0&SD.Platform.ID=39BD5212B7E147C4BB2598657C7226EC&SD.Platform.CT=1781414322384&SD.StudioSession.MD.Type=StartClient&SD.StudioSession.ID=6EA6A1942F214C57A6DE42308BCFC110&SD.Platform.MD.DebugVersion=FFlagStudioFlushDeferredEventsBlock%2C%20FFlagFixMissingStudioStartupSummaryEvent%2C%20FFlagFixWinStudioMissingStartEvent&SD.StudioSession.CT=1781414324104&SD.UserSession.ID=B6A04371E73F40DBA3373E22122D8E7E&SD.UserSession.CT=1781414329595&SD.UserSes
[2026-06-13 22:19:18] >> GET /studio/e.png?studioSid=6CC0A067-6251-498D-97D7-72F82332A8A5&clientID=1983CBC1-BFEF-4E46-A6E5-7574E69AA5BC&timestamp=1781414347184&userID=14463315&placeID=9991912465&category=Error&evt=QtMessage%5FWarning&label=QWindowsWindow%3A%3AsetGeometry%3A%20Unable%20to%20set%20geometry%201585x738%2B0%2B0%20%28frame%3A%201585x738%2B0%2B0%29%20on%20QWidgetWindow%2F%22Qtitan%3A%3ADockSplitLayoutPanelClassWindow%22%20on%20%22%5C%5C%2E%5CDISPLAY1%22%2E%20Resulting%20geometry%3A%201585x843%2B0%2B0%20%28frame%3A%201585x843%2B0%2B0%29%20margins%3A%200%2C%200%2C%200%2C%200%29&value=0&SD.Platform.ID=39BD5212B7E147C4BB2598657C7226EC&SD.Platform.CT=1781414322384&SD.StudioSession.MD.Type=StartClient&SD.StudioSession.ID=6EA6A1942F214C57A6DE42308BCFC110&SD.Platform.MD.DebugVersion=FFlagStudioFlushDeferredEventsBlock%2C%20FFlagFixMissingStudioStartupSummaryEvent%2C%20FFlagFixWinStudioMissingStartEvent&SD.StudioSession.CT=1781414324104&SD.UserSession.ID=B6A04371E73F40DBA3373E22122D8E7E&SD.UserSession.CT=1781414329595&SD.UserSes
[2026-06-13 22:19:18] >> GET /studio/e.png?studioSid=6CC0A067-6251-498D-97D7-72F82332A8A5&clientID=1983CBC1-BFEF-4E46-A6E5-7574E69AA5BC&timestamp=1781414347185&userID=14463315&placeID=9991912465&category=Error&evt=QtMessage%5FWarning&label=QWindowsWindow%3A%3AsetGeometry%3A%20Unable%20to%20set%20geometry%201218x738%2B0%2B0%20%28frame%3A%201218x738%2B0%2B0%29%20on%20QWidgetWindow%2F%22Qtitan%3A%3ADockSplitLayoutPanelClassWindow%22%20on%20%22%5C%5C%2E%5CDISPLAY1%22%2E%20Resulting%20geometry%3A%201585x843%2B0%2B0%20%28frame%3A%201585x843%2B0%2B0%29%20margins%3A%200%2C%200%2C%200%2C%200%29&value=0&SD.Platform.ID=39BD5212B7E147C4BB2598657C7226EC&SD.Platform.CT=1781414322384&SD.StudioSession.MD.Type=StartClient&SD.StudioSession.ID=6EA6A1942F214C57A6DE42308BCFC110&SD.Platform.MD.DebugVersion=FFlagStudioFlushDeferredEventsBlock%2C%20FFlagFixMissingStudioStartupSummaryEvent%2C%20FFlagFixWinStudioMissingStartEvent&SD.StudioSession.CT=1781414324104&SD.UserSession.ID=B6A04371E73F40DBA3373E22122D8E7E&SD.UserSession.CT=1781414329595&SD.UserSes
[2026-06-13 22:19:18] << /studio/e.png -> {}
[2026-06-13 22:19:18] << /studio/e.png -> {}
[2026-06-13 22:19:18] << /studio/e.png -> {}
[2026-06-13 22:19:18] << /studio/e.png -> {}
[2026-06-13 22:19:18] << /studio/e.png -> {}
[2026-06-13 22:19:18] << /studio/e.png -> {}
[2026-06-13 22:19:18] << /studio/e.png -> {}
[2026-06-13 22:19:18] << /studio/e.png -> {}
[2026-06-13 22:19:18] >> GET /v2/persistence/9000000000064/datastores/objects/object?datastore=MerchRemoveCodes&objectKey=global%2F14463315
[2026-06-13 22:19:18] << /v2/persistence/9000000000064/datastores/objects/object -> null
[2026-06-13 22:19:18] >> GET /v1/users/14463315/items/gamepass/56405802
[2026-06-13 22:19:18] >> GET /studio/e.png?studioSid=6CC0A067-6251-498D-97D7-72F82332A8A5&clientID=1983CBC1-BFEF-4E46-A6E5-7574E69AA5BC&timestamp=1781414347186&userID=14463315&placeID=9991912465&category=Error&evt=QtMessage%5FWarning&label=QWindowsWindow%3A%3AsetGeometry%3A%20Unable%20to%20set%20geometry%201218x738%2B0%2B0%20%28frame%3A%201218x738%2B0%2B0%29%20on%20QWidgetWindow%2F%22Qtitan%3A%3ADockSplitLayoutPanelClassWindow%22%20on%20%22%5C%5C%2E%5CDISPLAY1%22%2E%20Resulting%20geometry%3A%201585x843%2B0%2B0%20%28frame%3A%201585x843%2B0%2B0%29%20margins%3A%200%2C%200%2C%200%2C%200%29&value=0&SD.Platform.ID=39BD5212B7E147C4BB2598657C7226EC&SD.Platform.CT=1781414322384&SD.StudioSession.MD.Type=StartClient&SD.StudioSession.ID=6EA6A1942F214C57A6DE42308BCFC110&SD.Platform.MD.DebugVersion=FFlagStudioFlushDeferredEventsBlock%2C%20FFlagFixMissingStudioStartupSummaryEvent%2C%20FFlagFixWinStudioMissingStartEvent&SD.StudioSession.CT=1781414324104&SD.UserSession.ID=B6A04371E73F40DBA3373E22122D8E7E&SD.UserSession.CT=1781414329595&SD.UserSes
[2026-06-13 22:19:18] >> GET /studio/e.png?studioSid=6CC0A067-6251-498D-97D7-72F82332A8A5&clientID=1983CBC1-BFEF-4E46-A6E5-7574E69AA5BC&timestamp=1781414347186&userID=14463315&placeID=9991912465&category=Error&evt=QtMessage%5FWarning&label=QWindowsWindow%3A%3AsetGeometry%3A%20Unable%20to%20set%20geometry%201218x738%2B0%2B0%20%28frame%3A%201218x738%2B0%2B0%29%20on%20QWidgetWindow%2F%22Qtitan%3A%3ADockSplitLayoutPanelClassWindow%22%20on%20%22%5C%5C%2E%5CDISPLAY1%22%2E%20Resulting%20geometry%3A%201585x843%2B0%2B0%20%28frame%3A%201585x843%2B0%2B0%29%20margins%3A%200%2C%200%2C%200%2C%200%29&value=0&SD.Platform.ID=39BD5212B7E147C4BB2598657C7226EC&SD.Platform.CT=1781414322384&SD.StudioSession.MD.Type=StartClient&SD.StudioSession.ID=6EA6A1942F214C57A6DE42308BCFC110&SD.Platform.MD.DebugVersion=FFlagStudioFlushDeferredEventsBlock%2C%20FFlagFixMissingStudioStartupSummaryEvent%2C%20FFlagFixWinStudioMissingStartEvent&SD.StudioSession.CT=1781414324104&SD.UserSession.ID=B6A04371E73F40DBA3373E22122D8E7E&SD.UserSession.CT=1781414329595&SD.UserSes
[2026-06-13 22:19:18] >> GET /studio/e.png?studioSid=6CC0A067-6251-498D-97D7-72F82332A8A5&clientID=1983CBC1-BFEF-4E46-A6E5-7574E69AA5BC&timestamp=1781414347187&userID=14463315&placeID=9991912465&category=Error&evt=QtMessage%5FWarning&label=QWindowsWindow%3A%3AsetGeometry%3A%20Unable%20to%20set%20geometry%201218x738%2B0%2B0%20%28frame%3A%201218x738%2B0%2B0%29%20on%20QWidgetWindow%2F%22Qtitan%3A%3ADockSplitLayoutPanelClassWindow%22%20on%20%22%5C%5C%2E%5CDISPLAY1%22%2E%20Resulting%20geometry%3A%201585x843%2B0%2B0%20%28frame%3A%201585x843%2B0%2B0%29%20margins%3A%200%2C%200%2C%200%2C%200%29&value=0&SD.Platform.ID=39BD5212B7E147C4BB2598657C7226EC&SD.Platform.CT=1781414322384&SD.StudioSession.MD.Type=StartClient&SD.StudioSession.ID=6EA6A1942F214C57A6DE42308BCFC110&SD.Platform.MD.DebugVersion=FFlagStudioFlushDeferredEventsBlock%2C%20FFlagFixMissingStudioStartupSummaryEvent%2C%20FFlagFixWinStudioMissingStartEvent&SD.StudioSession.CT=1781414324104&SD.UserSession.ID=B6A04371E73F40DBA3373E22122D8E7E&SD.UserSession.CT=1781414329595&SD.UserSes
[2026-06-13 22:19:18] >> GET /studio/e.png?studioSid=6CC0A067-6251-498D-97D7-72F82332A8A5&clientID=1983CBC1-BFEF-4E46-A6E5-7574E69AA5BC&timestamp=1781414347189&userID=14463315&placeID=9991912465&category=Error&evt=QtMessage%5FWarning&label=QWindowsWindow%3A%3AsetGeometry%3A%20Unable%20to%20set%20geometry%201218x738%2B0%2B0%20%28frame%3A%201218x738%2B0%2B0%29%20on%20QWidgetWindow%2F%22Qtitan%3A%3ADockSplitLayoutPanelClassWindow%22%20on%20%22%5C%5C%2E%5CDISPLAY1%22%2E%20Resulting%20geometry%3A%201585x843%2B0%2B0%20%28frame%3A%201585x843%2B0%2B0%29%20margins%3A%200%2C%200%2C%200%2C%200%29&value=0&SD.Platform.ID=39BD5212B7E147C4BB2598657C7226EC&SD.Platform.CT=1781414322384&SD.StudioSession.MD.Type=StartClient&SD.StudioSession.ID=6EA6A1942F214C57A6DE42308BCFC110&SD.Platform.MD.DebugVersion=FFlagStudioFlushDeferredEventsBlock%2C%20FFlagFixMissingStudioStartupSummaryEvent%2C%20FFlagFixWinStudioMissingStartEvent&SD.StudioSession.CT=1781414324104&SD.UserSession.ID=B6A04371E73F40DBA3373E22122D8E7E&SD.UserSession.CT=1781414329595&SD.UserSes
[2026-06-13 22:19:18] >> GET /studio/e.png?studioSid=6CC0A067-6251-498D-97D7-72F82332A8A5&clientID=1983CBC1-BFEF-4E46-A6E5-7574E69AA5BC&timestamp=1781414347190&userID=14463315&placeID=9991912465&category=Error&evt=QtMessage%5FWarning&label=QWindowsWindow%3A%3AsetGeometry%3A%20Unable%20to%20set%20geometry%201218x738%2B0%2B0%20%28frame%3A%201218x738%2B0%2B0%29%20on%20QWidgetWindow%2F%22Qtitan%3A%3ADockDocumentLayoutPanelClassWindow%22%20on%20%22%5C%5C%2E%5CDISPLAY1%22%2E%20Resulting%20geometry%3A%201585x843%2B0%2B0%20%28frame%3A%201585x843%2B0%2B0%29%20margins%3A%200%2C%200%2C%200%2C%200%29&value=0&SD.Platform.ID=39BD5212B7E147C4BB2598657C7226EC&SD.Platform.CT=1781414322384&SD.StudioSession.MD.Type=StartClient&SD.StudioSession.ID=6EA6A1942F214C57A6DE42308BCFC110&SD.Platform.MD.DebugVersion=FFlagStudioFlushDeferredEventsBlock%2C%20FFlagFixMissingStudioStartupSummaryEvent%2C%20FFlagFixWinStudioMissingStartEvent&SD.StudioSession.CT=1781414324104&SD.UserSession.ID=B6A04371E73F40DBA3373E22122D8E7E&SD.UserSession.CT=1781414329595&SD.User
[2026-06-13 22:19:18] >> GET /studio/e.png?studioSid=6CC0A067-6251-498D-97D7-72F82332A8A5&clientID=1983CBC1-BFEF-4E46-A6E5-7574E69AA5BC&timestamp=1781414347191&userID=14463315&placeID=9991912465&category=Error&evt=QtMessage%5FWarning&label=QWindowsWindow%3A%3AsetGeometry%3A%20Unable%20to%20set%20geometry%201218x318%2B0%2B0%20%28frame%3A%201218x318%2B0%2B0%29%20on%20QWidgetWindow%2F%22Qtitan%3A%3ADockDocumentTabbedLayoutPanelClassWindow%22%20on%20%22%5C%5C%2E%5CDISPLAY1%22%2E%20Resulting%20geometry%3A%201585x843%2B0%2B0%20%28frame%3A%201585x843%2B0%2B0%29%20margins%3A%200%2C%200%2C%200%2C%200%29&value=0&SD.Platform.ID=39BD5212B7E147C4BB2598657C7226EC&SD.Platform.CT=1781414322384&SD.StudioSession.MD.Type=StartClient&SD.StudioSession.ID=6EA6A1942F214C57A6DE42308BCFC110&SD.Platform.MD.DebugVersion=FFlagStudioFlushDeferredEventsBlock%2C%20FFlagFixMissingStudioStartupSummaryEvent%2C%20FFlagFixWinStudioMissingStartEvent&SD.StudioSession.CT=1781414324104&SD.UserSession.ID=B6A04371E73F40DBA3373E22122D8E7E&SD.UserSession.CT=1781414329595&S
[2026-06-13 22:19:18] >> GET /studio/e.png?studioSid=6CC0A067-6251-498D-97D7-72F82332A8A5&clientID=1983CBC1-BFEF-4E46-A6E5-7574E69AA5BC&timestamp=1781414347191&userID=14463315&placeID=9991912465&category=Error&evt=QtMessage%5FWarning&label=QWindowsWindow%3A%3AsetGeometry%3A%20Unable%20to%20set%20geometry%201218x288%2B0%2B30%20%28frame%3A%201218x288%2B0%2B30%29%20on%20QWidgetWindow%2F%22ideDocDocumentPanelWindow%22%20on%20%22%5C%5C%2E%5CDISPLAY1%22%2E%20Resulting%20geometry%3A%201585x843%2B0%2B0%20%28frame%3A%201585x843%2B0%2B0%29%20margins%3A%200%2C%200%2C%200%2C%200%29&value=0&SD.Platform.ID=39BD5212B7E147C4BB2598657C7226EC&SD.Platform.CT=1781414322384&SD.StudioSession.MD.Type=StartClient&SD.StudioSession.ID=6EA6A1942F214C57A6DE42308BCFC110&SD.Platform.MD.DebugVersion=FFlagStudioFlushDeferredEventsBlock%2C%20FFlagFixMissingStudioStartupSummaryEvent%2C%20FFlagFixWinStudioMissingStartEvent&SD.StudioSession.CT=1781414324104&SD.UserSession.ID=B6A04371E73F40DBA3373E22122D8E7E&SD.UserSession.CT=1781414329595&SD.UserSession.MD.Type=Log
[2026-06-13 22:19:18] >> GET /studio/e.png?studioSid=6CC0A067-6251-498D-97D7-72F82332A8A5&clientID=1983CBC1-BFEF-4E46-A6E5-7574E69AA5BC&timestamp=1781414347192&userID=14463315&placeID=9991912465&category=Error&evt=QtMessage%5FWarning&label=QWindowsWindow%3A%3AsetGeometry%3A%20Unable%20to%20set%20geometry%201215x285%2B1%2B1%20%28frame%3A%201215x285%2B1%2B1%29%20on%20QWidgetWindow%2F%22QStackedWidgetClassWindow%22%20on%20%22%5C%5C%2E%5CDISPLAY1%22%2E%20Resulting%20geometry%3A%201585x843%2B0%2B0%20%28frame%3A%201585x843%2B0%2B0%29%20margins%3A%200%2C%200%2C%200%2C%200%29&value=0&SD.Platform.ID=39BD5212B7E147C4BB2598657C7226EC&SD.Platform.CT=1781414322384&SD.StudioSession.MD.Type=StartClient&SD.StudioSession.ID=6EA6A1942F214C57A6DE42308BCFC110&SD.Platform.MD.DebugVersion=FFlagStudioFlushDeferredEventsBlock%2C%20FFlagFixMissingStudioStartupSummaryEvent%2C%20FFlagFixWinStudioMissingStartEvent&SD.StudioSession.CT=1781414324104&SD.UserSession.ID=B6A04371E73F40DBA3373E22122D8E7E&SD.UserSession.CT=1781414329595&SD.UserSession.MD.Type=Logge
[2026-06-13 22:19:18] << /v1/users/14463315/items/gamepass/56405802 -> {"data":[{"id":14463315,"name":"HearMeRoar","displayName":"HearMeRoar"}]}
[2026-06-13 22:19:19] << /studio/e.png -> {}
[2026-06-13 22:19:19] << /studio/e.png -> {}
[2026-06-13 22:19:19] << /studio/e.png -> {}
[2026-06-13 22:19:19] << /studio/e.png -> {}
[2026-06-13 22:19:19] << /studio/e.png -> {}
[2026-06-13 22:19:19] << /studio/e.png -> {}
[2026-06-13 22:19:19] << /studio/e.png -> {}
[2026-06-13 22:19:19] << /studio/e.png -> {}
[2026-06-13 22:19:19] >> GET /studio/e.png?studioSid=6CC0A067-6251-498D-97D7-72F82332A8A5&clientID=1983CBC1-BFEF-4E46-A6E5-7574E69AA5BC&timestamp=1781414347193&userID=14463315&placeID=9991912465&category=Error&evt=QtMessage%5FWarning&label=QWindowsWindow%3A%3AsetGeometry%3A%20Unable%20to%20set%20geometry%201215x285%2B0%2B0%20%28frame%3A%201215x285%2B0%2B0%29%20on%20QWidgetWindow%2F%22QWidgetClassWindow%22%20on%20%22%5C%5C%2E%5CDISPLAY1%22%2E%20Resulting%20geometry%3A%201585x843%2B0%2B0%20%28frame%3A%201585x843%2B0%2B0%29%20margins%3A%200%2C%200%2C%200%2C%200%29&value=0&SD.Platform.ID=39BD5212B7E147C4BB2598657C7226EC&SD.Platform.CT=1781414322384&SD.StudioSession.MD.Type=StartClient&SD.StudioSession.ID=6EA6A1942F214C57A6DE42308BCFC110&SD.Platform.MD.DebugVersion=FFlagStudioFlushDeferredEventsBlock%2C%20FFlagFixMissingStudioStartupSummaryEvent%2C%20FFlagFixWinStudioMissingStartEvent&SD.StudioSession.CT=1781414324104&SD.UserSession.ID=B6A04371E73F40DBA3373E22122D8E7E&SD.UserSession.CT=1781414329595&SD.UserSession.MD.Type=LoggedIn&SD.
[2026-06-13 22:19:19] >> GET /studio/e.png?studioSid=6CC0A067-6251-498D-97D7-72F82332A8A5&clientID=1983CBC1-BFEF-4E46-A6E5-7574E69AA5BC&timestamp=1781414347193&userID=14463315&placeID=9991912465&category=Error&evt=QtMessage%5FWarning&label=QWindowsWindow%3A%3AsetGeometry%3A%20Unable%20to%20set%20geometry%201215x285%2B0%2B0%20%28frame%3A%201215x285%2B0%2B0%29%20on%20QWidgetWindow%2F%22QScrollAreaClassWindow%22%20on%20%22%5C%5C%2E%5CDISPLAY1%22%2E%20Resulting%20geometry%3A%201585x843%2B0%2B0%20%28frame%3A%201585x843%2B0%2B0%29%20margins%3A%200%2C%200%2C%200%2C%200%29&value=0&SD.Platform.ID=39BD5212B7E147C4BB2598657C7226EC&SD.Platform.CT=1781414322384&SD.StudioSession.MD.Type=StartClient&SD.StudioSession.ID=6EA6A1942F214C57A6DE42308BCFC110&SD.Platform.MD.DebugVersion=FFlagStudioFlushDeferredEventsBlock%2C%20FFlagFixMissingStudioStartupSummaryEvent%2C%20FFlagFixWinStudioMissingStartEvent&SD.StudioSession.CT=1781414324104&SD.UserSession.ID=B6A04371E73F40DBA3373E22122D8E7E&SD.UserSession.CT=1781414329595&SD.UserSession.MD.Type=LoggedIn
[2026-06-13 22:19:19] >> GET /studio/e.png?studioSid=6CC0A067-6251-498D-97D7-72F82332A8A5&clientID=1983CBC1-BFEF-4E46-A6E5-7574E69AA5BC&timestamp=1781414347194&userID=14463315&placeID=9991912465&category=Error&evt=QtMessage%5FWarning&label=QWindowsWindow%3A%3AsetGeometry%3A%20Unable%20to%20set%20geometry%201215x285%2B0%2B0%20%28frame%3A%201215x285%2B0%2B0%29%20on%20QWidgetWindow%2F%22qt%5Fscrollarea%5FviewportWindow%22%20on%20%22%5C%5C%2E%5CDISPLAY1%22%2E%20Resulting%20geometry%3A%201585x843%2B0%2B0%20%28frame%3A%201585x843%2B0%2B0%29%20margins%3A%200%2C%200%2C%200%2C%200%29&value=0&SD.Platform.ID=39BD5212B7E147C4BB2598657C7226EC&SD.Platform.CT=1781414322384&SD.StudioSession.MD.Type=StartClient&SD.StudioSession.ID=6EA6A1942F214C57A6DE42308BCFC110&SD.Platform.MD.DebugVersion=FFlagStudioFlushDeferredEventsBlock%2C%20FFlagFixMissingStudioStartupSummaryEvent%2C%20FFlagFixWinStudioMissingStartEvent&SD.StudioSession.CT=1781414324104&SD.UserSession.ID=B6A04371E73F40DBA3373E22122D8E7E&SD.UserSession.CT=1781414329595&SD.UserSession.MD.Typ
[2026-06-13 22:19:19] >> GET /studio/e.png?studioSid=6CC0A067-6251-498D-97D7-72F82332A8A5&clientID=1983CBC1-BFEF-4E46-A6E5-7574E69AA5BC&timestamp=1781414347196&userID=14463315&placeID=9991912465&category=Error&evt=QtMessage%5FWarning&label=QWindowsWindow%3A%3AsetGeometry%3A%20Unable%20to%20set%20geometry%201215x285%2B0%2B0%20%28frame%3A%201215x285%2B0%2B0%29%20on%20QWidgetWindow%2F%22QWidgetClassWindow%22%20on%20%22%5C%5C%2E%5CDISPLAY1%22%2E%20Resulting%20geometry%3A%201585x843%2B0%2B0%20%28frame%3A%201585x843%2B0%2B0%29%20margins%3A%200%2C%200%2C%200%2C%200%29&value=0&SD.Platform.ID=39BD5212B7E147C4BB2598657C7226EC&SD.Platform.CT=1781414322384&SD.StudioSession.MD.Type=StartClient&SD.StudioSession.ID=6EA6A1942F214C57A6DE42308BCFC110&SD.Platform.MD.DebugVersion=FFlagStudioFlushDeferredEventsBlock%2C%20FFlagFixMissingStudioStartupSummaryEvent%2C%20FFlagFixWinStudioMissingStartEvent&SD.StudioSession.CT=1781414324104&SD.UserSession.ID=B6A04371E73F40DBA3373E22122D8E7E&SD.UserSession.CT=1781414329595&SD.UserSession.MD.Type=LoggedIn&SD.
[2026-06-13 22:19:19] >> GET /studio/e.png?studioSid=6CC0A067-6251-498D-97D7-72F82332A8A5&clientID=1983CBC1-BFEF-4E46-A6E5-7574E69AA5BC&timestamp=1781414347197&userID=14463315&placeID=9991912465&category=Error&evt=QtMessage%5FWarning&label=QWindowsWindow%3A%3AsetGeometry%3A%20Unable%20to%20set%20geometry%201215x285%2B0%2B0%20%28frame%3A%201215x285%2B0%2B0%29%20on%20QWidgetWindow%2F%22QWidgetClassWindow%22%20on%20%22%5C%5C%2E%5CDISPLAY1%22%2E%20Resulting%20geometry%3A%201585x843%2B0%2B0%20%28frame%3A%201585x843%2B0%2B0%29%20margins%3A%200%2C%200%2C%200%2C%200%29&value=0&SD.Platform.ID=39BD5212B7E147C4BB2598657C7226EC&SD.Platform.CT=1781414322384&SD.StudioSession.MD.Type=StartClient&SD.StudioSession.ID=6EA6A1942F214C57A6DE42308BCFC110&SD.Platform.MD.DebugVersion=FFlagStudioFlushDeferredEventsBlock%2C%20FFlagFixMissingStudioStartupSummaryEvent%2C%20FFlagFixWinStudioMissingStartEvent&SD.StudioSession.CT=1781414324104&SD.UserSession.ID=B6A04371E73F40DBA3373E22122D8E7E&SD.UserSession.CT=1781414329595&SD.UserSession.MD.Type=LoggedIn&SD.
[2026-06-13 22:19:19] >> GET /studio/e.png?studioSid=6CC0A067-6251-498D-97D7-72F82332A8A5&clientID=1983CBC1-BFEF-4E46-A6E5-7574E69AA5BC&timestamp=1781414347198&userID=14463315&placeID=9991912465&category=Error&evt=QtMessage%5FWarning&label=QWindowsWindow%3A%3AsetGeometry%3A%20Unable%20to%20set%20geometry%201215x285%2B0%2B0%20%28frame%3A%201215x285%2B0%2B0%29%20on%20QWidgetWindow%2F%22QOgreWidgetWindow%22%20on%20%22%5C%5C%2E%5CDISPLAY1%22%2E%20Resulting%20geometry%3A%201585x843%2B0%2B0%20%28frame%3A%201585x843%2B0%2B0%29%20margins%3A%200%2C%200%2C%200%2C%200%29&value=0&SD.Platform.ID=39BD5212B7E147C4BB2598657C7226EC&SD.Platform.CT=1781414322384&SD.StudioSession.MD.Type=StartClient&SD.StudioSession.ID=6EA6A1942F214C57A6DE42308BCFC110&SD.Platform.MD.DebugVersion=FFlagStudioFlushDeferredEventsBlock%2C%20FFlagFixMissingStudioStartupSummaryEvent%2C%20FFlagFixWinStudioMissingStartEvent&SD.StudioSession.CT=1781414324104&SD.UserSession.ID=B6A04371E73F40DBA3373E22122D8E7E&SD.UserSession.CT=1781414329595&SD.UserSession.MD.Type=LoggedIn&SD.M
[2026-06-13 22:19:19] >> GET /studio/e.png?studioSid=6CC0A067-6251-498D-97D7-72F82332A8A5&clientID=1983CBC1-BFEF-4E46-A6E5-7574E69AA5BC&timestamp=1781414347217&userID=14463315&placeID=9991912465&category=Error&evt=QtMessage%5FWarning&label=QWindowsWindow%3A%3AsetGeometry%3A%20Unable%20to%20set%20geometry%201218x843%2B0%2B0%20%28frame%3A%201218x843%2B0%2B0%29%20on%20QWidgetWindow%2F%22Qtitan%3A%3ADockSplitLayoutPanelClassWindow%22%20on%20%22%5C%5C%2E%5CDISPLAY1%22%2E%20Resulting%20geometry%3A%201585x843%2B0%2B0%20%28frame%3A%201585x843%2B0%2B0%29%20margins%3A%200%2C%200%2C%200%2C%200%29&value=0&SD.Platform.ID=39BD5212B7E147C4BB2598657C7226EC&SD.Platform.CT=1781414322384&SD.StudioSession.MD.Type=StartClient&SD.StudioSession.ID=6EA6A1942F214C57A6DE42308BCFC110&SD.Platform.MD.DebugVersion=FFlagStudioFlushDeferredEventsBlock%2C%20FFlagFixMissingStudioStartupSummaryEvent%2C%20FFlagFixWinStudioMissingStartEvent&SD.StudioSession.CT=1781414324104&SD.UserSession.ID=B6A04371E73F40DBA3373E22122D8E7E&SD.UserSession.CT=1781414329595&SD.UserSes
[2026-06-13 22:19:19] >> GET /studio/e.png?studioSid=6CC0A067-6251-498D-97D7-72F82332A8A5&clientID=1983CBC1-BFEF-4E46-A6E5-7574E69AA5BC&timestamp=1781414347218&userID=14463315&placeID=9991912465&category=Error&evt=QtMessage%5FWarning&label=QWindowsWindow%3A%3AsetGeometry%3A%20Unable%20to%20set%20geometry%201218x843%2B0%2B0%20%28frame%3A%201218x843%2B0%2B0%29%20on%20QWidgetWindow%2F%22Qtitan%3A%3ADockSplitLayoutPanelClassWindow%22%20on%20%22%5C%5C%2E%5CDISPLAY1%22%2E%20Resulting%20geometry%3A%201585x843%2B0%2B0%20%28frame%3A%201585x843%2B0%2B0%29%20margins%3A%200%2C%200%2C%200%2C%200%29&value=0&SD.Platform.ID=39BD5212B7E147C4BB2598657C7226EC&SD.Platform.CT=1781414322384&SD.StudioSession.MD.Type=StartClient&SD.StudioSession.ID=6EA6A1942F214C57A6DE42308BCFC110&SD.Platform.MD.DebugVersion=FFlagStudioFlushDeferredEventsBlock%2C%20FFlagFixMissingStudioStartupSummaryEvent%2C%20FFlagFixWinStudioMissingStartEvent&SD.StudioSession.CT=1781414324104&SD.UserSession.ID=B6A04371E73F40DBA3373E22122D8E7E&SD.UserSession.CT=1781414329595&SD.UserSes
[2026-06-13 22:19:19] << /studio/e.png -> {}
[2026-06-13 22:19:19] << /studio/e.png -> {}
[2026-06-13 22:19:19] << /studio/e.png -> {}
[2026-06-13 22:19:19] << /studio/e.png -> {}
[2026-06-13 22:19:19] << /studio/e.png -> {}
[2026-06-13 22:19:19] << /studio/e.png -> {}
[2026-06-13 22:19:19] << /studio/e.png -> {}
[2026-06-13 22:19:19] << /studio/e.png -> {}
[2026-06-13 22:19:19] >> GET /studio/e.png?studioSid=6CC0A067-6251-498D-97D7-72F82332A8A5&clientID=1983CBC1-BFEF-4E46-A6E5-7574E69AA5BC&timestamp=1781414347218&userID=14463315&placeID=9991912465&category=Error&evt=QtMessage%5FWarning&label=QWindowsWindow%3A%3AsetGeometry%3A%20Unable%20to%20set%20geometry%201218x843%2B0%2B0%20%28frame%3A%201218x843%2B0%2B0%29%20on%20QWidgetWindow%2F%22Qtitan%3A%3ADockSplitLayoutPanelClassWindow%22%20on%20%22%5C%5C%2E%5CDISPLAY1%22%2E%20Resulting%20geometry%3A%201585x843%2B0%2B0%20%28frame%3A%201585x843%2B0%2B0%29%20margins%3A%200%2C%200%2C%200%2C%200%29&value=0&SD.Platform.ID=39BD5212B7E147C4BB2598657C7226EC&SD.Platform.CT=1781414322384&SD.StudioSession.MD.Type=StartClient&SD.StudioSession.ID=6EA6A1942F214C57A6DE42308BCFC110&SD.Platform.MD.DebugVersion=FFlagStudioFlushDeferredEventsBlock%2C%20FFlagFixMissingStudioStartupSummaryEvent%2C%20FFlagFixWinStudioMissingStartEvent&SD.StudioSession.CT=1781414324104&SD.UserSession.ID=B6A04371E73F40DBA3373E22122D8E7E&SD.UserSession.CT=1781414329595&SD.UserSes
[2026-06-13 22:19:19] >> GET /studio/e.png?studioSid=6CC0A067-6251-498D-97D7-72F82332A8A5&clientID=1983CBC1-BFEF-4E46-A6E5-7574E69AA5BC&timestamp=1781414347218&userID=14463315&placeID=9991912465&category=Error&evt=QtMessage%5FWarning&label=QWindowsWindow%3A%3AsetGeometry%3A%20Unable%20to%20set%20geometry%201218x843%2B0%2B0%20%28frame%3A%201218x843%2B0%2B0%29%20on%20QWidgetWindow%2F%22Qtitan%3A%3ADockSplitLayoutPanelClassWindow%22%20on%20%22%5C%5C%2E%5CDISPLAY1%22%2E%20Resulting%20geometry%3A%201585x843%2B0%2B0%20%28frame%3A%201585x843%2B0%2B0%29%20margins%3A%200%2C%200%2C%200%2C%200%29&value=0&SD.Platform.ID=39BD5212B7E147C4BB2598657C7226EC&SD.Platform.CT=1781414322384&SD.StudioSession.MD.Type=StartClient&SD.StudioSession.ID=6EA6A1942F214C57A6DE42308BCFC110&SD.Platform.MD.DebugVersion=FFlagStudioFlushDeferredEventsBlock%2C%20FFlagFixMissingStudioStartupSummaryEvent%2C%20FFlagFixWinStudioMissingStartEvent&SD.StudioSession.CT=1781414324104&SD.UserSession.ID=B6A04371E73F40DBA3373E22122D8E7E&SD.UserSession.CT=1781414329595&SD.UserSes
[2026-06-13 22:19:19] >> GET /studio/e.png?studioSid=6CC0A067-6251-498D-97D7-72F82332A8A5&clientID=1983CBC1-BFEF-4E46-A6E5-7574E69AA5BC&timestamp=1781414347219&userID=14463315&placeID=9991912465&category=Error&evt=QtMessage%5FWarning&label=QWindowsWindow%3A%3AsetGeometry%3A%20Unable%20to%20set%20geometry%201218x843%2B0%2B0%20%28frame%3A%201218x843%2B0%2B0%29%20on%20QWidgetWindow%2F%22Qtitan%3A%3ADockSplitLayoutPanelClassWindow%22%20on%20%22%5C%5C%2E%5CDISPLAY1%22%2E%20Resulting%20geometry%3A%201585x843%2B0%2B0%20%28frame%3A%201585x843%2B0%2B0%29%20margins%3A%200%2C%200%2C%200%2C%200%29&value=0&SD.Platform.ID=39BD5212B7E147C4BB2598657C7226EC&SD.Platform.CT=1781414322384&SD.StudioSession.MD.Type=StartClient&SD.StudioSession.ID=6EA6A1942F214C57A6DE42308BCFC110&SD.Platform.MD.DebugVersion=FFlagStudioFlushDeferredEventsBlock%2C%20FFlagFixMissingStudioStartupSummaryEvent%2C%20FFlagFixWinStudioMissingStartEvent&SD.StudioSession.CT=1781414324104&SD.UserSession.ID=B6A04371E73F40DBA3373E22122D8E7E&SD.UserSession.CT=1781414329595&SD.UserSes
[2026-06-13 22:19:19] >> GET /studio/e.png?studioSid=6CC0A067-6251-498D-97D7-72F82332A8A5&clientID=1983CBC1-BFEF-4E46-A6E5-7574E69AA5BC&timestamp=1781414347219&userID=14463315&placeID=9991912465&category=Error&evt=QtMessage%5FWarning&label=QWindowsWindow%3A%3AsetGeometry%3A%20Unable%20to%20set%20geometry%201218x843%2B0%2B0%20%28frame%3A%201218x843%2B0%2B0%29%20on%20QWidgetWindow%2F%22Qtitan%3A%3ADockDocumentLayoutPanelClassWindow%22%20on%20%22%5C%5C%2E%5CDISPLAY1%22%2E%20Resulting%20geometry%3A%201585x843%2B0%2B0%20%28frame%3A%201585x843%2B0%2B0%29%20margins%3A%200%2C%200%2C%200%2C%200%29&value=0&SD.Platform.ID=39BD5212B7E147C4BB2598657C7226EC&SD.Platform.CT=1781414322384&SD.StudioSession.MD.Type=StartClient&SD.StudioSession.ID=6EA6A1942F214C57A6DE42308BCFC110&SD.Platform.MD.DebugVersion=FFlagStudioFlushDeferredEventsBlock%2C%20FFlagFixMissingStudioStartupSummaryEvent%2C%20FFlagFixWinStudioMissingStartEvent&SD.StudioSession.CT=1781414324104&SD.UserSession.ID=B6A04371E73F40DBA3373E22122D8E7E&SD.UserSession.CT=1781414329595&SD.User
[2026-06-13 22:19:19] >> GET /studio/e.png?studioSid=6CC0A067-6251-498D-97D7-72F82332A8A5&clientID=1983CBC1-BFEF-4E46-A6E5-7574E69AA5BC&timestamp=1781414347219&userID=14463315&placeID=9991912465&category=Error&evt=QtMessage%5FWarning&label=QWindowsWindow%3A%3AsetGeometry%3A%20Unable%20to%20set%20geometry%201218x363%2B0%2B0%20%28frame%3A%201218x363%2B0%2B0%29%20on%20QWidgetWindow%2F%22Qtitan%3A%3ADockDocumentTabbedLayoutPanelClassWindow%22%20on%20%22%5C%5C%2E%5CDISPLAY1%22%2E%20Resulting%20geometry%3A%201585x843%2B0%2B0%20%28frame%3A%201585x843%2B0%2B0%29%20margins%3A%200%2C%200%2C%200%2C%200%29&value=0&SD.Platform.ID=39BD5212B7E147C4BB2598657C7226EC&SD.Platform.CT=1781414322384&SD.StudioSession.MD.Type=StartClient&SD.StudioSession.ID=6EA6A1942F214C57A6DE42308BCFC110&SD.Platform.MD.DebugVersion=FFlagStudioFlushDeferredEventsBlock%2C%20FFlagFixMissingStudioStartupSummaryEvent%2C%20FFlagFixWinStudioMissingStartEvent&SD.StudioSession.CT=1781414324104&SD.UserSession.ID=B6A04371E73F40DBA3373E22122D8E7E&SD.UserSession.CT=1781414329595&S
[2026-06-13 22:19:19] >> GET /studio/e.png?studioSid=6CC0A067-6251-498D-97D7-72F82332A8A5&clientID=1983CBC1-BFEF-4E46-A6E5-7574E69AA5BC&timestamp=1781414347219&userID=14463315&placeID=9991912465&category=Error&evt=QtMessage%5FWarning&label=QWindowsWindow%3A%3AsetGeometry%3A%20Unable%20to%20set%20geometry%201218x333%2B0%2B30%20%28frame%3A%201218x333%2B0%2B30%29%20on%20QWidgetWindow%2F%22ideDocDocumentPanelWindow%22%20on%20%22%5C%5C%2E%5CDISPLAY1%22%2E%20Resulting%20geometry%3A%201585x843%2B0%2B0%20%28frame%3A%201585x843%2B0%2B0%29%20margins%3A%200%2C%200%2C%200%2C%200%29&value=0&SD.Platform.ID=39BD5212B7E147C4BB2598657C7226EC&SD.Platform.CT=1781414322384&SD.StudioSession.MD.Type=StartClient&SD.StudioSession.ID=6EA6A1942F214C57A6DE42308BCFC110&SD.Platform.MD.DebugVersion=FFlagStudioFlushDeferredEventsBlock%2C%20FFlagFixMissingStudioStartupSummaryEvent%2C%20FFlagFixWinStudioMissingStartEvent&SD.StudioSession.CT=1781414324104&SD.UserSession.ID=B6A04371E73F40DBA3373E22122D8E7E&SD.UserSession.CT=1781414329595&SD.UserSession.MD.Type=Log
[2026-06-13 22:19:19] >> GET /studio/e.png?studioSid=6CC0A067-6251-498D-97D7-72F82332A8A5&clientID=1983CBC1-BFEF-4E46-A6E5-7574E69AA5BC&timestamp=1781414347220&userID=14463315&placeID=9991912465&category=Error&evt=QtMessage%5FWarning&label=QWindowsWindow%3A%3AsetGeometry%3A%20Unable%20to%20set%20geometry%201215x330%2B1%2B1%20%28frame%3A%201215x330%2B1%2B1%29%20on%20QWidgetWindow%2F%22QStackedWidgetClassWindow%22%20on%20%22%5C%5C%2E%5CDISPLAY1%22%2E%20Resulting%20geometry%3A%201585x843%2B0%2B0%20%28frame%3A%201585x843%2B0%2B0%29%20margins%3A%200%2C%200%2C%200%2C%200%29&value=0&SD.Platform.ID=39BD5212B7E147C4BB2598657C7226EC&SD.Platform.CT=1781414322384&SD.StudioSession.MD.Type=StartClient&SD.StudioSession.ID=6EA6A1942F214C57A6DE42308BCFC110&SD.Platform.MD.DebugVersion=FFlagStudioFlushDeferredEventsBlock%2C%20FFlagFixMissingStudioStartupSummaryEvent%2C%20FFlagFixWinStudioMissingStartEvent&SD.StudioSession.CT=1781414324104&SD.UserSession.ID=B6A04371E73F40DBA3373E22122D8E7E&SD.UserSession.CT=1781414329595&SD.UserSession.MD.Type=Logge
[2026-06-13 22:19:19] >> GET /studio/e.png?studioSid=6CC0A067-6251-498D-97D7-72F82332A8A5&clientID=1983CBC1-BFEF-4E46-A6E5-7574E69AA5BC&timestamp=1781414347220&userID=14463315&placeID=9991912465&category=Error&evt=QtMessage%5FWarning&label=QWindowsWindow%3A%3AsetGeometry%3A%20Unable%20to%20set%20geometry%201215x330%2B0%2B0%20%28frame%3A%201215x330%2B0%2B0%29%20on%20QWidgetWindow%2F%22QWidgetClassWindow%22%20on%20%22%5C%5C%2E%5CDISPLAY1%22%2E%20Resulting%20geometry%3A%201585x843%2B0%2B0%20%28frame%3A%201585x843%2B0%2B0%29%20margins%3A%200%2C%200%2C%200%2C%200%29&value=0&SD.Platform.ID=39BD5212B7E147C4BB2598657C7226EC&SD.Platform.CT=1781414322384&SD.StudioSession.MD.Type=StartClient&SD.StudioSession.ID=6EA6A1942F214C57A6DE42308BCFC110&SD.Platform.MD.DebugVersion=FFlagStudioFlushDeferredEventsBlock%2C%20FFlagFixMissingStudioStartupSummaryEvent%2C%20FFlagFixWinStudioMissingStartEvent&SD.StudioSession.CT=1781414324104&SD.UserSession.ID=B6A04371E73F40DBA3373E22122D8E7E&SD.UserSession.CT=1781414329595&SD.UserSession.MD.Type=LoggedIn&SD.
[2026-06-13 22:19:19] << /studio/e.png -> {}
[2026-06-13 22:19:19] << /studio/e.png -> {}
[2026-06-13 22:19:19] << /studio/e.png -> {}
[2026-06-13 22:19:19] << /studio/e.png -> {}
[2026-06-13 22:19:19] << /studio/e.png -> {}
[2026-06-13 22:19:19] << /studio/e.png -> {}
[2026-06-13 22:19:19] << /studio/e.png -> {}
[2026-06-13 22:19:19] << /studio/e.png -> {}
[2026-06-13 22:19:19] >> POST /v1.0/SequenceStatistics/BatchAddToSequencesV2?apiKey=76E5A40C%2D3AE1%2D4028%2D9F10%2D7C62520BD94F
[2026-06-13 22:19:19] << /v1.0/SequenceStatistics/BatchAddToSequencesV2 -> {}
[2026-06-13 22:19:20] >> POST /v1.1/Counters/BatchIncrement?apiKey=76E5A40C%2D3AE1%2D4028%2D9F10%2D7C62520BD94F
[2026-06-13 22:19:20] << /v1.1/Counters/BatchIncrement -> {}
[2026-06-13 22:19:20] >> GET /studio/e.png?studioSid=6CC0A067-6251-498D-97D7-72F82332A8A5&clientID=1983CBC1-BFEF-4E46-A6E5-7574E69AA5BC&timestamp=1781414347220&userID=14463315&placeID=9991912465&category=Error&evt=QtMessage%5FWarning&label=QWindowsWindow%3A%3AsetGeometry%3A%20Unable%20to%20set%20geometry%201215x330%2B0%2B0%20%28frame%3A%201215x330%2B0%2B0%29%20on%20QWidgetWindow%2F%22QScrollAreaClassWindow%22%20on%20%22%5C%5C%2E%5CDISPLAY1%22%2E%20Resulting%20geometry%3A%201585x843%2B0%2B0%20%28frame%3A%201585x843%2B0%2B0%29%20margins%3A%200%2C%200%2C%200%2C%200%29&value=0&SD.Platform.ID=39BD5212B7E147C4BB2598657C7226EC&SD.Platform.CT=1781414322384&SD.StudioSession.MD.Type=StartClient&SD.StudioSession.ID=6EA6A1942F214C57A6DE42308BCFC110&SD.Platform.MD.DebugVersion=FFlagStudioFlushDeferredEventsBlock%2C%20FFlagFixMissingStudioStartupSummaryEvent%2C%20FFlagFixWinStudioMissingStartEvent&SD.StudioSession.CT=1781414324104&SD.UserSession.ID=B6A04371E73F40DBA3373E22122D8E7E&SD.UserSession.CT=1781414329595&SD.UserSession.MD.Type=LoggedIn
[2026-06-13 22:19:20] >> GET /studio/e.png?studioSid=6CC0A067-6251-498D-97D7-72F82332A8A5&clientID=1983CBC1-BFEF-4E46-A6E5-7574E69AA5BC&timestamp=1781414347221&userID=14463315&placeID=9991912465&category=Error&evt=QtMessage%5FWarning&label=QWindowsWindow%3A%3AsetGeometry%3A%20Unable%20to%20set%20geometry%201215x330%2B0%2B0%20%28frame%3A%201215x330%2B0%2B0%29%20on%20QWidgetWindow%2F%22qt%5Fscrollarea%5FviewportWindow%22%20on%20%22%5C%5C%2E%5CDISPLAY1%22%2E%20Resulting%20geometry%3A%201585x843%2B0%2B0%20%28frame%3A%201585x843%2B0%2B0%29%20margins%3A%200%2C%200%2C%200%2C%200%29&value=0&SD.Platform.ID=39BD5212B7E147C4BB2598657C7226EC&SD.Platform.CT=1781414322384&SD.StudioSession.MD.Type=StartClient&SD.StudioSession.ID=6EA6A1942F214C57A6DE42308BCFC110&SD.Platform.MD.DebugVersion=FFlagStudioFlushDeferredEventsBlock%2C%20FFlagFixMissingStudioStartupSummaryEvent%2C%20FFlagFixWinStudioMissingStartEvent&SD.StudioSession.CT=1781414324104&SD.UserSession.ID=B6A04371E73F40DBA3373E22122D8E7E&SD.UserSession.CT=1781414329595&SD.UserSession.MD.Typ
[2026-06-13 22:19:20] >> GET /studio/e.png?studioSid=6CC0A067-6251-498D-97D7-72F82332A8A5&clientID=1983CBC1-BFEF-4E46-A6E5-7574E69AA5BC&timestamp=1781414347221&userID=14463315&placeID=9991912465&category=Error&evt=QtMessage%5FWarning&label=QWindowsWindow%3A%3AsetGeometry%3A%20Unable%20to%20set%20geometry%201215x330%2B0%2B0%20%28frame%3A%201215x330%2B0%2B0%29%20on%20QWidgetWindow%2F%22QWidgetClassWindow%22%20on%20%22%5C%5C%2E%5CDISPLAY1%22%2E%20Resulting%20geometry%3A%201585x843%2B0%2B0%20%28frame%3A%201585x843%2B0%2B0%29%20margins%3A%200%2C%200%2C%200%2C%200%29&value=0&SD.Platform.ID=39BD5212B7E147C4BB2598657C7226EC&SD.Platform.CT=1781414322384&SD.StudioSession.MD.Type=StartClient&SD.StudioSession.ID=6EA6A1942F214C57A6DE42308BCFC110&SD.Platform.MD.DebugVersion=FFlagStudioFlushDeferredEventsBlock%2C%20FFlagFixMissingStudioStartupSummaryEvent%2C%20FFlagFixWinStudioMissingStartEvent&SD.StudioSession.CT=1781414324104&SD.UserSession.ID=B6A04371E73F40DBA3373E22122D8E7E&SD.UserSession.CT=1781414329595&SD.UserSession.MD.Type=LoggedIn&SD.
[2026-06-13 22:19:20] >> GET /studio/e.png?studioSid=6CC0A067-6251-498D-97D7-72F82332A8A5&clientID=1983CBC1-BFEF-4E46-A6E5-7574E69AA5BC&timestamp=1781414347221&userID=14463315&placeID=9991912465&category=Error&evt=QtMessage%5FWarning&label=QWindowsWindow%3A%3AsetGeometry%3A%20Unable%20to%20set%20geometry%201215x330%2B0%2B0%20%28frame%3A%201215x330%2B0%2B0%29%20on%20QWidgetWindow%2F%22QWidgetClassWindow%22%20on%20%22%5C%5C%2E%5CDISPLAY1%22%2E%20Resulting%20geometry%3A%201585x843%2B0%2B0%20%28frame%3A%201585x843%2B0%2B0%29%20margins%3A%200%2C%200%2C%200%2C%200%29&value=0&SD.Platform.ID=39BD5212B7E147C4BB2598657C7226EC&SD.Platform.CT=1781414322384&SD.StudioSession.MD.Type=StartClient&SD.StudioSession.ID=6EA6A1942F214C57A6DE42308BCFC110&SD.Platform.MD.DebugVersion=FFlagStudioFlushDeferredEventsBlock%2C%20FFlagFixMissingStudioStartupSummaryEvent%2C%20FFlagFixWinStudioMissingStartEvent&SD.StudioSession.CT=1781414324104&SD.UserSession.ID=B6A04371E73F40DBA3373E22122D8E7E&SD.UserSession.CT=1781414329595&SD.UserSession.MD.Type=LoggedIn&SD.
[2026-06-13 22:19:20] >> GET /studio/e.png?studioSid=6CC0A067-6251-498D-97D7-72F82332A8A5&clientID=1983CBC1-BFEF-4E46-A6E5-7574E69AA5BC&timestamp=1781414347222&userID=14463315&placeID=9991912465&category=Error&evt=QtMessage%5FWarning&label=QWindowsWindow%3A%3AsetGeometry%3A%20Unable%20to%20set%20geometry%201215x330%2B0%2B0%20%28frame%3A%201215x330%2B0%2B0%29%20on%20QWidgetWindow%2F%22QOgreWidgetWindow%22%20on%20%22%5C%5C%2E%5CDISPLAY1%22%2E%20Resulting%20geometry%3A%201585x843%2B0%2B0%20%28frame%3A%201585x843%2B0%2B0%29%20margins%3A%200%2C%200%2C%200%2C%200%29&value=0&SD.Platform.ID=39BD5212B7E147C4BB2598657C7226EC&SD.Platform.CT=1781414322384&SD.StudioSession.MD.Type=StartClient&SD.StudioSession.ID=6EA6A1942F214C57A6DE42308BCFC110&SD.Platform.MD.DebugVersion=FFlagStudioFlushDeferredEventsBlock%2C%20FFlagFixMissingStudioStartupSummaryEvent%2C%20FFlagFixWinStudioMissingStartEvent&SD.StudioSession.CT=1781414324104&SD.UserSession.ID=B6A04371E73F40DBA3373E22122D8E7E&SD.UserSession.CT=1781414329595&SD.UserSession.MD.Type=LoggedIn&SD.M
[2026-06-13 22:19:20] >> GET /studio/e.png?studioSid=6CC0A067-6251-498D-97D7-72F82332A8A5&clientID=1983CBC1-BFEF-4E46-A6E5-7574E69AA5BC&timestamp=1781414347236&userID=14463315&placeID=9991912465&category=Error&evt=QtMessage%5FWarning&label=QWindowsWindow%3A%3AsetGeometry%3A%20Unable%20to%20set%20geometry%201583x840%2B1%2B1%20%28frame%3A%201583x840%2B1%2B1%29%20on%20QWidgetWindow%2F%22QStackedWidgetClassWindow%22%20on%20%22%5C%5C%2E%5CDISPLAY1%22%2E%20Resulting%20geometry%3A%201585x843%2B0%2B0%20%28frame%3A%201585x843%2B0%2B0%29%20margins%3A%200%2C%200%2C%200%2C%200%29&value=0&SD.Platform.ID=39BD5212B7E147C4BB2598657C7226EC&SD.Platform.CT=1781414322384&SD.StudioSession.MD.Type=StartClient&SD.StudioSession.ID=6EA6A1942F214C57A6DE42308BCFC110&SD.Platform.MD.DebugVersion=FFlagStudioFlushDeferredEventsBlock%2C%20FFlagFixMissingStudioStartupSummaryEvent%2C%20FFlagFixWinStudioMissingStartEvent&SD.StudioSession.CT=1781414324104&SD.UserSession.ID=B6A04371E73F40DBA3373E22122D8E7E&SD.UserSession.CT=1781414329595&SD.UserSession.MD.Type=Logge
[2026-06-13 22:19:20] >> GET /studio/e.png?studioSid=6CC0A067-6251-498D-97D7-72F82332A8A5&clientID=1983CBC1-BFEF-4E46-A6E5-7574E69AA5BC&timestamp=1781414347237&userID=14463315&placeID=9991912465&category=Error&evt=QtMessage%5FWarning&label=QWindowsWindow%3A%3AsetGeometry%3A%20Unable%20to%20set%20geometry%201583x840%2B0%2B0%20%28frame%3A%201583x840%2B0%2B0%29%20on%20QWidgetWindow%2F%22QWidgetClassWindow%22%20on%20%22%5C%5C%2E%5CDISPLAY1%22%2E%20Resulting%20geometry%3A%201585x843%2B0%2B0%20%28frame%3A%201585x843%2B0%2B0%29%20margins%3A%200%2C%200%2C%200%2C%200%29&value=0&SD.Platform.ID=39BD5212B7E147C4BB2598657C7226EC&SD.Platform.CT=1781414322384&SD.StudioSession.MD.Type=StartClient&SD.StudioSession.ID=6EA6A1942F214C57A6DE42308BCFC110&SD.Platform.MD.DebugVersion=FFlagStudioFlushDeferredEventsBlock%2C%20FFlagFixMissingStudioStartupSummaryEvent%2C%20FFlagFixWinStudioMissingStartEvent&SD.StudioSession.CT=1781414324104&SD.UserSession.ID=B6A04371E73F40DBA3373E22122D8E7E&SD.UserSession.CT=1781414329595&SD.UserSession.MD.Type=LoggedIn&SD.
[2026-06-13 22:19:20] >> GET /studio/e.png?studioSid=6CC0A067-6251-498D-97D7-72F82332A8A5&clientID=1983CBC1-BFEF-4E46-A6E5-7574E69AA5BC&timestamp=1781414347238&userID=14463315&placeID=9991912465&category=Error&evt=QtMessage%5FWarning&label=QWindowsWindow%3A%3AsetGeometry%3A%20Unable%20to%20set%20geometry%201583x840%2B0%2B0%20%28frame%3A%201583x840%2B0%2B0%29%20on%20QWidgetWindow%2F%22QScrollAreaClassWindow%22%20on%20%22%5C%5C%2E%5CDISPLAY1%22%2E%20Resulting%20geometry%3A%201585x843%2B0%2B0%20%28frame%3A%201585x843%2B0%2B0%29%20margins%3A%200%2C%200%2C%200%2C%200%29&value=0&SD.Platform.ID=39BD5212B7E147C4BB2598657C7226EC&SD.Platform.CT=1781414322384&SD.StudioSession.MD.Type=StartClient&SD.StudioSession.ID=6EA6A1942F214C57A6DE42308BCFC110&SD.Platform.MD.DebugVersion=FFlagStudioFlushDeferredEventsBlock%2C%20FFlagFixMissingStudioStartupSummaryEvent%2C%20FFlagFixWinStudioMissingStartEvent&SD.StudioSession.CT=1781414324104&SD.UserSession.ID=B6A04371E73F40DBA3373E22122D8E7E&SD.UserSession.CT=1781414329595&SD.UserSession.MD.Type=LoggedIn
[2026-06-13 22:19:20] << /studio/e.png -> {}
[2026-06-13 22:19:20] << /studio/e.png -> {}
[2026-06-13 22:19:20] << /studio/e.png -> {}
[2026-06-13 22:19:20] << /studio/e.png -> {}
[2026-06-13 22:19:20] << /studio/e.png -> {}
[2026-06-13 22:19:20] << /studio/e.png -> {}
[2026-06-13 22:19:20] << /studio/e.png -> {}
[2026-06-13 22:19:20] << /studio/e.png -> {}
[2026-06-13 22:19:20] >> GET /studio/e.png?studioSid=6CC0A067-6251-498D-97D7-72F82332A8A5&clientID=1983CBC1-BFEF-4E46-A6E5-7574E69AA5BC&timestamp=1781414347238&userID=14463315&placeID=9991912465&category=Error&evt=QtMessage%5FWarning&label=QWindowsWindow%3A%3AsetGeometry%3A%20Unable%20to%20set%20geometry%201583x840%2B0%2B0%20%28frame%3A%201583x840%2B0%2B0%29%20on%20QWidgetWindow%2F%22qt%5Fscrollarea%5FviewportWindow%22%20on%20%22%5C%5C%2E%5CDISPLAY1%22%2E%20Resulting%20geometry%3A%201585x843%2B0%2B0%20%28frame%3A%201585x843%2B0%2B0%29%20margins%3A%200%2C%200%2C%200%2C%200%29&value=0&SD.Platform.ID=39BD5212B7E147C4BB2598657C7226EC&SD.Platform.CT=1781414322384&SD.StudioSession.MD.Type=StartClient&SD.StudioSession.ID=6EA6A1942F214C57A6DE42308BCFC110&SD.Platform.MD.DebugVersion=FFlagStudioFlushDeferredEventsBlock%2C%20FFlagFixMissingStudioStartupSummaryEvent%2C%20FFlagFixWinStudioMissingStartEvent&SD.StudioSession.CT=1781414324104&SD.UserSession.ID=B6A04371E73F40DBA3373E22122D8E7E&SD.UserSession.CT=1781414329595&SD.UserSession.MD.Typ
[2026-06-13 22:19:20] >> GET /studio/e.png?studioSid=6CC0A067-6251-498D-97D7-72F82332A8A5&clientID=1983CBC1-BFEF-4E46-A6E5-7574E69AA5BC&timestamp=1781414347238&userID=14463315&placeID=9991912465&category=Error&evt=QtMessage%5FWarning&label=QWindowsWindow%3A%3AsetGeometry%3A%20Unable%20to%20set%20geometry%201583x840%2B0%2B0%20%28frame%3A%201583x840%2B0%2B0%29%20on%20QWidgetWindow%2F%22QWidgetClassWindow%22%20on%20%22%5C%5C%2E%5CDISPLAY1%22%2E%20Resulting%20geometry%3A%201585x843%2B0%2B0%20%28frame%3A%201585x843%2B0%2B0%29%20margins%3A%200%2C%200%2C%200%2C%200%29&value=0&SD.Platform.ID=39BD5212B7E147C4BB2598657C7226EC&SD.Platform.CT=1781414322384&SD.StudioSession.MD.Type=StartClient&SD.StudioSession.ID=6EA6A1942F214C57A6DE42308BCFC110&SD.Platform.MD.DebugVersion=FFlagStudioFlushDeferredEventsBlock%2C%20FFlagFixMissingStudioStartupSummaryEvent%2C%20FFlagFixWinStudioMissingStartEvent&SD.StudioSession.CT=1781414324104&SD.UserSession.ID=B6A04371E73F40DBA3373E22122D8E7E&SD.UserSession.CT=1781414329595&SD.UserSession.MD.Type=LoggedIn&SD.
[2026-06-13 22:19:20] >> GET /studio/e.png?studioSid=6CC0A067-6251-498D-97D7-72F82332A8A5&clientID=1983CBC1-BFEF-4E46-A6E5-7574E69AA5BC&timestamp=1781414347239&userID=14463315&placeID=9991912465&category=Error&evt=QtMessage%5FWarning&label=QWindowsWindow%3A%3AsetGeometry%3A%20Unable%20to%20set%20geometry%201583x840%2B0%2B0%20%28frame%3A%201583x840%2B0%2B0%29%20on%20QWidgetWindow%2F%22QWidgetClassWindow%22%20on%20%22%5C%5C%2E%5CDISPLAY1%22%2E%20Resulting%20geometry%3A%201585x843%2B0%2B0%20%28frame%3A%201585x843%2B0%2B0%29%20margins%3A%200%2C%200%2C%200%2C%200%29&value=0&SD.Platform.ID=39BD5212B7E147C4BB2598657C7226EC&SD.Platform.CT=1781414322384&SD.StudioSession.MD.Type=StartClient&SD.StudioSession.ID=6EA6A1942F214C57A6DE42308BCFC110&SD.Platform.MD.DebugVersion=FFlagStudioFlushDeferredEventsBlock%2C%20FFlagFixMissingStudioStartupSummaryEvent%2C%20FFlagFixWinStudioMissingStartEvent&SD.StudioSession.CT=1781414324104&SD.UserSession.ID=B6A04371E73F40DBA3373E22122D8E7E&SD.UserSession.CT=1781414329595&SD.UserSession.MD.Type=LoggedIn&SD.
[2026-06-13 22:19:20] >> GET /studio/e.png?studioSid=6CC0A067-6251-498D-97D7-72F82332A8A5&clientID=1983CBC1-BFEF-4E46-A6E5-7574E69AA5BC&timestamp=1781414347239&userID=14463315&placeID=9991912465&category=Error&evt=QtMessage%5FWarning&label=QWindowsWindow%3A%3AsetGeometry%3A%20Unable%20to%20set%20geometry%201583x840%2B0%2B0%20%28frame%3A%201583x840%2B0%2B0%29%20on%20QWidgetWindow%2F%22QOgreWidgetWindow%22%20on%20%22%5C%5C%2E%5CDISPLAY1%22%2E%20Resulting%20geometry%3A%201585x843%2B0%2B0%20%28frame%3A%201585x843%2B0%2B0%29%20margins%3A%200%2C%200%2C%200%2C%200%29&value=0&SD.Platform.ID=39BD5212B7E147C4BB2598657C7226EC&SD.Platform.CT=1781414322384&SD.StudioSession.MD.Type=StartClient&SD.StudioSession.ID=6EA6A1942F214C57A6DE42308BCFC110&SD.Platform.MD.DebugVersion=FFlagStudioFlushDeferredEventsBlock%2C%20FFlagFixMissingStudioStartupSummaryEvent%2C%20FFlagFixWinStudioMissingStartEvent&SD.StudioSession.CT=1781414324104&SD.UserSession.ID=B6A04371E73F40DBA3373E22122D8E7E&SD.UserSession.CT=1781414329595&SD.UserSession.MD.Type=LoggedIn&SD.M
[2026-06-13 22:19:20] >> GET /studio/e.png?studioSid=6CC0A067-6251-498D-97D7-72F82332A8A5&clientID=1983CBC1-BFEF-4E46-A6E5-7574E69AA5BC&timestamp=1781414347291&userID=14463315&placeID=9991912465&category=Error&evt=QtMessage%5FWarning&label=QWindowsWindow%3A%3AsetGeometry%3A%20Unable%20to%20set%20geometry%201581x738%2B0%2B35%20%28frame%3A%201581x738%2B0%2B35%29%20on%20QWidgetWindow%2F%22RootWidgetWindow%22%20on%20%22%5C%5C%2E%5CDISPLAY1%22%2E%20Resulting%20geometry%3A%201581x843%2B0%2B0%20%28frame%3A%201581x843%2B0%2B0%29%20margins%3A%200%2C%200%2C%200%2C%200%29&value=0&SD.Platform.ID=39BD5212B7E147C4BB2598657C7226EC&SD.Platform.CT=1781414322384&SD.StudioSession.MD.Type=StartClient&SD.StudioSession.ID=6EA6A1942F214C57A6DE42308BCFC110&SD.Platform.MD.DebugVersion=FFlagStudioFlushDeferredEventsBlock%2C%20FFlagFixMissingStudioStartupSummaryEvent%2C%20FFlagFixWinStudioMissingStartEvent&SD.StudioSession.CT=1781414324104&SD.UserSession.ID=B6A04371E73F40DBA3373E22122D8E7E&SD.UserSession.CT=1781414329595&SD.UserSession.MD.Type=LoggedIn&SD.
[2026-06-13 22:19:20] >> GET /studio/e.png?studioSid=6CC0A067-6251-498D-97D7-72F82332A8A5&clientID=1983CBC1-BFEF-4E46-A6E5-7574E69AA5BC&timestamp=1781414347295&userID=14463315&placeID=9991912465&category=Error&evt=QtMessage%5FWarning&label=QWindowsWindow%3A%3AsetGeometry%3A%20Unable%20to%20set%20geometry%201581x738%2B0%2B0%20%28frame%3A%201581x738%2B0%2B0%29%20on%20QWidgetWindow%2F%22RootDockSplitLayoutPanelWindow%22%20on%20%22%5C%5C%2E%5CDISPLAY1%22%2E%20Resulting%20geometry%3A%201581x843%2B0%2B0%20%28frame%3A%201581x843%2B0%2B0%29%20margins%3A%200%2C%200%2C%200%2C%200%29&value=0&SD.Platform.ID=39BD5212B7E147C4BB2598657C7226EC&SD.Platform.CT=1781414322384&SD.StudioSession.MD.Type=StartClient&SD.StudioSession.ID=6EA6A1942F214C57A6DE42308BCFC110&SD.Platform.MD.DebugVersion=FFlagStudioFlushDeferredEventsBlock%2C%20FFlagFixMissingStudioStartupSummaryEvent%2C%20FFlagFixWinStudioMissingStartEvent&SD.StudioSession.CT=1781414324104&SD.UserSession.ID=B6A04371E73F40DBA3373E22122D8E7E&SD.UserSession.CT=1781414329595&SD.UserSession.MD.Type=
[2026-06-13 22:19:20] >> GET /studio/e.png?studioSid=6CC0A067-6251-498D-97D7-72F82332A8A5&clientID=1983CBC1-BFEF-4E46-A6E5-7574E69AA5BC&timestamp=1781414347295&userID=14463315&placeID=9991912465&category=Error&evt=QtMessage%5FWarning&label=QWindowsWindow%3A%3AsetGeometry%3A%20Unable%20to%20set%20geometry%201581x738%2B0%2B0%20%28frame%3A%201581x738%2B0%2B0%29%20on%20QWidgetWindow%2F%22Qtitan%3A%3ADockSplitLayoutPanelClassWindow%22%20on%20%22%5C%5C%2E%5CDISPLAY1%22%2E%20Resulting%20geometry%3A%201581x843%2B0%2B0%20%28frame%3A%201581x843%2B0%2B0%29%20margins%3A%200%2C%200%2C%200%2C%200%29&value=0&SD.Platform.ID=39BD5212B7E147C4BB2598657C7226EC&SD.Platform.CT=1781414322384&SD.StudioSession.MD.Type=StartClient&SD.StudioSession.ID=6EA6A1942F214C57A6DE42308BCFC110&SD.Platform.MD.DebugVersion=FFlagStudioFlushDeferredEventsBlock%2C%20FFlagFixMissingStudioStartupSummaryEvent%2C%20FFlagFixWinStudioMissingStartEvent&SD.StudioSession.CT=1781414324104&SD.UserSession.ID=B6A04371E73F40DBA3373E22122D8E7E&SD.UserSession.CT=1781414329595&SD.UserSes
[2026-06-13 22:19:20] >> GET /studio/e.png?studioSid=6CC0A067-6251-498D-97D7-72F82332A8A5&clientID=1983CBC1-BFEF-4E46-A6E5-7574E69AA5BC&timestamp=1781414347296&userID=14463315&placeID=9991912465&category=Error&evt=QtMessage%5FWarning&label=QWindowsWindow%3A%3AsetGeometry%3A%20Unable%20to%20set%20geometry%201581x738%2B0%2B0%20%28frame%3A%201581x738%2B0%2B0%29%20on%20QWidgetWindow%2F%22Qtitan%3A%3ADockSplitLayoutPanelClassWindow%22%20on%20%22%5C%5C%2E%5CDISPLAY1%22%2E%20Resulting%20geometry%3A%201581x843%2B0%2B0%20%28frame%3A%201581x843%2B0%2B0%29%20margins%3A%200%2C%200%2C%200%2C%200%29&value=0&SD.Platform.ID=39BD5212B7E147C4BB2598657C7226EC&SD.Platform.CT=1781414322384&SD.StudioSession.MD.Type=StartClient&SD.StudioSession.ID=6EA6A1942F214C57A6DE42308BCFC110&SD.Platform.MD.DebugVersion=FFlagStudioFlushDeferredEventsBlock%2C%20FFlagFixMissingStudioStartupSummaryEvent%2C%20FFlagFixWinStudioMissingStartEvent&SD.StudioSession.CT=1781414324104&SD.UserSession.ID=B6A04371E73F40DBA3373E22122D8E7E&SD.UserSession.CT=1781414329595&SD.UserSes
[2026-06-13 22:19:20] << /studio/e.png -> {}
[2026-06-13 22:19:20] << /studio/e.png -> {}
[2026-06-13 22:19:20] << /studio/e.png -> {}
[2026-06-13 22:19:20] << /studio/e.png -> {}
[2026-06-13 22:19:20] << /studio/e.png -> {}
[2026-06-13 22:19:20] << /studio/e.png -> {}
[2026-06-13 22:19:20] << /studio/e.png -> {}
[2026-06-13 22:19:20] << /studio/e.png -> {}
[2026-06-13 22:19:20] >> GET /studio/e.png?studioSid=6CC0A067-6251-498D-97D7-72F82332A8A5&clientID=1983CBC1-BFEF-4E46-A6E5-7574E69AA5BC&timestamp=1781414347297&userID=14463315&placeID=9991912465&category=Error&evt=QtMessage%5FWarning&label=QWindowsWindow%3A%3AsetGeometry%3A%20Unable%20to%20set%20geometry%201214x738%2B0%2B0%20%28frame%3A%201214x738%2B0%2B0%29%20on%20QWidgetWindow%2F%22Qtitan%3A%3ADockSplitLayoutPanelClassWindow%22%20on%20%22%5C%5C%2E%5CDISPLAY1%22%2E%20Resulting%20geometry%3A%201581x843%2B0%2B0%20%28frame%3A%201581x843%2B0%2B0%29%20margins%3A%200%2C%200%2C%200%2C%200%29&value=0&SD.Platform.ID=39BD5212B7E147C4BB2598657C7226EC&SD.Platform.CT=1781414322384&SD.StudioSession.MD.Type=StartClient&SD.StudioSession.ID=6EA6A1942F214C57A6DE42308BCFC110&SD.Platform.MD.DebugVersion=FFlagStudioFlushDeferredEventsBlock%2C%20FFlagFixMissingStudioStartupSummaryEvent%2C%20FFlagFixWinStudioMissingStartEvent&SD.StudioSession.CT=1781414324104&SD.UserSession.ID=B6A04371E73F40DBA3373E22122D8E7E&SD.UserSession.CT=1781414329595&SD.UserSes
[2026-06-13 22:19:20] >> GET /studio/e.png?studioSid=6CC0A067-6251-498D-97D7-72F82332A8A5&clientID=1983CBC1-BFEF-4E46-A6E5-7574E69AA5BC&timestamp=1781414347297&userID=14463315&placeID=9991912465&category=Error&evt=QtMessage%5FWarning&label=QWindowsWindow%3A%3AsetGeometry%3A%20Unable%20to%20set%20geometry%201214x738%2B0%2B0%20%28frame%3A%201214x738%2B0%2B0%29%20on%20QWidgetWindow%2F%22Qtitan%3A%3ADockSplitLayoutPanelClassWindow%22%20on%20%22%5C%5C%2E%5CDISPLAY1%22%2E%20Resulting%20geometry%3A%201581x843%2B0%2B0%20%28frame%3A%201581x843%2B0%2B0%29%20margins%3A%200%2C%200%2C%200%2C%200%29&value=0&SD.Platform.ID=39BD5212B7E147C4BB2598657C7226EC&SD.Platform.CT=1781414322384&SD.StudioSession.MD.Type=StartClient&SD.StudioSession.ID=6EA6A1942F214C57A6DE42308BCFC110&SD.Platform.MD.DebugVersion=FFlagStudioFlushDeferredEventsBlock%2C%20FFlagFixMissingStudioStartupSummaryEvent%2C%20FFlagFixWinStudioMissingStartEvent&SD.StudioSession.CT=1781414324104&SD.UserSession.ID=B6A04371E73F40DBA3373E22122D8E7E&SD.UserSession.CT=1781414329595&SD.UserSes
[2026-06-13 22:19:20] >> GET /studio/e.png?studioSid=6CC0A067-6251-498D-97D7-72F82332A8A5&clientID=1983CBC1-BFEF-4E46-A6E5-7574E69AA5BC&timestamp=1781414347298&userID=14463315&placeID=9991912465&category=Error&evt=QtMessage%5FWarning&label=QWindowsWindow%3A%3AsetGeometry%3A%20Unable%20to%20set%20geometry%201214x738%2B0%2B0%20%28frame%3A%201214x738%2B0%2B0%29%20on%20QWidgetWindow%2F%22Qtitan%3A%3ADockSplitLayoutPanelClassWindow%22%20on%20%22%5C%5C%2E%5CDISPLAY1%22%2E%20Resulting%20geometry%3A%201581x843%2B0%2B0%20%28frame%3A%201581x843%2B0%2B0%29%20margins%3A%200%2C%200%2C%200%2C%200%29&value=0&SD.Platform.ID=39BD5212B7E147C4BB2598657C7226EC&SD.Platform.CT=1781414322384&SD.StudioSession.MD.Type=StartClient&SD.StudioSession.ID=6EA6A1942F214C57A6DE42308BCFC110&SD.Platform.MD.DebugVersion=FFlagStudioFlushDeferredEventsBlock%2C%20FFlagFixMissingStudioStartupSummaryEvent%2C%20FFlagFixWinStudioMissingStartEvent&SD.StudioSession.CT=1781414324104&SD.UserSession.ID=B6A04371E73F40DBA3373E22122D8E7E&SD.UserSession.CT=1781414329595&SD.UserSes
[2026-06-13 22:19:20] >> GET /studio/e.png?studioSid=6CC0A067-6251-498D-97D7-72F82332A8A5&clientID=1983CBC1-BFEF-4E46-A6E5-7574E69AA5BC&timestamp=1781414347300&userID=14463315&placeID=9991912465&category=Error&evt=QtMessage%5FWarning&label=QWindowsWindow%3A%3AsetGeometry%3A%20Unable%20to%20set%20geometry%201214x738%2B0%2B0%20%28frame%3A%201214x738%2B0%2B0%29%20on%20QWidgetWindow%2F%22Qtitan%3A%3ADockSplitLayoutPanelClassWindow%22%20on%20%22%5C%5C%2E%5CDISPLAY1%22%2E%20Resulting%20geometry%3A%201581x843%2B0%2B0%20%28frame%3A%201581x843%2B0%2B0%29%20margins%3A%200%2C%200%2C%200%2C%200%29&value=0&SD.Platform.ID=39BD5212B7E147C4BB2598657C7226EC&SD.Platform.CT=1781414322384&SD.StudioSession.MD.Type=StartClient&SD.StudioSession.ID=6EA6A1942F214C57A6DE42308BCFC110&SD.Platform.MD.DebugVersion=FFlagStudioFlushDeferredEventsBlock%2C%20FFlagFixMissingStudioStartupSummaryEvent%2C%20FFlagFixWinStudioMissingStartEvent&SD.StudioSession.CT=1781414324104&SD.UserSession.ID=B6A04371E73F40DBA3373E22122D8E7E&SD.UserSession.CT=1781414329595&SD.UserSes
[2026-06-13 22:19:20] >> GET /studio/e.png?studioSid=6CC0A067-6251-498D-97D7-72F82332A8A5&clientID=1983CBC1-BFEF-4E46-A6E5-7574E69AA5BC&timestamp=1781414347301&userID=14463315&placeID=9991912465&category=Error&evt=QtMessage%5FWarning&label=QWindowsWindow%3A%3AsetGeometry%3A%20Unable%20to%20set%20geometry%201214x738%2B0%2B0%20%28frame%3A%201214x738%2B0%2B0%29%20on%20QWidgetWindow%2F%22Qtitan%3A%3ADockSplitLayoutPanelClassWindow%22%20on%20%22%5C%5C%2E%5CDISPLAY1%22%2E%20Resulting%20geometry%3A%201581x843%2B0%2B0%20%28frame%3A%201581x843%2B0%2B0%29%20margins%3A%200%2C%200%2C%200%2C%200%29&value=0&SD.Platform.ID=39BD5212B7E147C4BB2598657C7226EC&SD.Platform.CT=1781414322384&SD.StudioSession.MD.Type=StartClient&SD.StudioSession.ID=6EA6A1942F214C57A6DE42308BCFC110&SD.Platform.MD.DebugVersion=FFlagStudioFlushDeferredEventsBlock%2C%20FFlagFixMissingStudioStartupSummaryEvent%2C%20FFlagFixWinStudioMissingStartEvent&SD.StudioSession.CT=1781414324104&SD.UserSession.ID=B6A04371E73F40DBA3373E22122D8E7E&SD.UserSession.CT=1781414329595&SD.UserSes
[2026-06-13 22:19:20] >> GET /studio/e.png?studioSid=6CC0A067-6251-498D-97D7-72F82332A8A5&clientID=1983CBC1-BFEF-4E46-A6E5-7574E69AA5BC&timestamp=1781414347302&userID=14463315&placeID=9991912465&category=Error&evt=QtMessage%5FWarning&label=QWindowsWindow%3A%3AsetGeometry%3A%20Unable%20to%20set%20geometry%201214x738%2B0%2B0%20%28frame%3A%201214x738%2B0%2B0%29%20on%20QWidgetWindow%2F%22Qtitan%3A%3ADockDocumentLayoutPanelClassWindow%22%20on%20%22%5C%5C%2E%5CDISPLAY1%22%2E%20Resulting%20geometry%3A%201581x843%2B0%2B0%20%28frame%3A%201581x843%2B0%2B0%29%20margins%3A%200%2C%200%2C%200%2C%200%29&value=0&SD.Platform.ID=39BD5212B7E147C4BB2598657C7226EC&SD.Platform.CT=1781414322384&SD.StudioSession.MD.Type=StartClient&SD.StudioSession.ID=6EA6A1942F214C57A6DE42308BCFC110&SD.Platform.MD.DebugVersion=FFlagStudioFlushDeferredEventsBlock%2C%20FFlagFixMissingStudioStartupSummaryEvent%2C%20FFlagFixWinStudioMissingStartEvent&SD.StudioSession.CT=1781414324104&SD.UserSession.ID=B6A04371E73F40DBA3373E22122D8E7E&SD.UserSession.CT=1781414329595&SD.User
[2026-06-13 22:19:20] >> GET /studio/e.png?studioSid=6CC0A067-6251-498D-97D7-72F82332A8A5&clientID=1983CBC1-BFEF-4E46-A6E5-7574E69AA5BC&timestamp=1781414347303&userID=14463315&placeID=9991912465&category=Error&evt=QtMessage%5FWarning&label=QWindowsWindow%3A%3AsetGeometry%3A%20Unable%20to%20set%20geometry%201214x318%2B0%2B0%20%28frame%3A%201214x318%2B0%2B0%29%20on%20QWidgetWindow%2F%22Qtitan%3A%3ADockDocumentTabbedLayoutPanelClassWindow%22%20on%20%22%5C%5C%2E%5CDISPLAY1%22%2E%20Resulting%20geometry%3A%201581x843%2B0%2B0%20%28frame%3A%201581x843%2B0%2B0%29%20margins%3A%200%2C%200%2C%200%2C%200%29&value=0&SD.Platform.ID=39BD5212B7E147C4BB2598657C7226EC&SD.Platform.CT=1781414322384&SD.StudioSession.MD.Type=StartClient&SD.StudioSession.ID=6EA6A1942F214C57A6DE42308BCFC110&SD.Platform.MD.DebugVersion=FFlagStudioFlushDeferredEventsBlock%2C%20FFlagFixMissingStudioStartupSummaryEvent%2C%20FFlagFixWinStudioMissingStartEvent&SD.StudioSession.CT=1781414324104&SD.UserSession.ID=B6A04371E73F40DBA3373E22122D8E7E&SD.UserSession.CT=1781414329595&S
[2026-06-13 22:19:20] >> GET /studio/e.png?studioSid=6CC0A067-6251-498D-97D7-72F82332A8A5&clientID=1983CBC1-BFEF-4E46-A6E5-7574E69AA5BC&timestamp=1781414347304&userID=14463315&placeID=9991912465&category=Error&evt=QtMessage%5FWarning&label=QWindowsWindow%3A%3AsetGeometry%3A%20Unable%20to%20set%20geometry%201214x288%2B0%2B30%20%28frame%3A%201214x288%2B0%2B30%29%20on%20QWidgetWindow%2F%22ideDocDocumentPanelWindow%22%20on%20%22%5C%5C%2E%5CDISPLAY1%22%2E%20Resulting%20geometry%3A%201581x843%2B0%2B0%20%28frame%3A%201581x843%2B0%2B0%29%20margins%3A%200%2C%200%2C%200%2C%200%29&value=0&SD.Platform.ID=39BD5212B7E147C4BB2598657C7226EC&SD.Platform.CT=1781414322384&SD.StudioSession.MD.Type=StartClient&SD.StudioSession.ID=6EA6A1942F214C57A6DE42308BCFC110&SD.Platform.MD.DebugVersion=FFlagStudioFlushDeferredEventsBlock%2C%20FFlagFixMissingStudioStartupSummaryEvent%2C%20FFlagFixWinStudioMissingStartEvent&SD.StudioSession.CT=1781414324104&SD.UserSession.ID=B6A04371E73F40DBA3373E22122D8E7E&SD.UserSession.CT=1781414329595&SD.UserSession.MD.Type=Log
[2026-06-13 22:19:20] << /studio/e.png -> {}
[2026-06-13 22:19:20] << /studio/e.png -> {}
[2026-06-13 22:19:20] << /studio/e.png -> {}
[2026-06-13 22:19:20] << /studio/e.png -> {}
[2026-06-13 22:19:20] << /studio/e.png -> {}
[2026-06-13 22:19:20] << /studio/e.png -> {}
[2026-06-13 22:19:20] << /studio/e.png -> {}
[2026-06-13 22:19:20] << /studio/e.png -> {}
[2026-06-13 22:19:21] >> GET /studio/e.png?studioSid=6CC0A067-6251-498D-97D7-72F82332A8A5&clientID=1983CBC1-BFEF-4E46-A6E5-7574E69AA5BC&timestamp=1781414347304&userID=14463315&placeID=9991912465&category=Error&evt=QtMessage%5FWarning&label=QWindowsWindow%3A%3AsetGeometry%3A%20Unable%20to%20set%20geometry%201211x285%2B1%2B1%20%28frame%3A%201211x285%2B1%2B1%29%20on%20QWidgetWindow%2F%22QStackedWidgetClassWindow%22%20on%20%22%5C%5C%2E%5CDISPLAY1%22%2E%20Resulting%20geometry%3A%201581x843%2B0%2B0%20%28frame%3A%201581x843%2B0%2B0%29%20margins%3A%200%2C%200%2C%200%2C%200%29&value=0&SD.Platform.ID=39BD5212B7E147C4BB2598657C7226EC&SD.Platform.CT=1781414322384&SD.StudioSession.MD.Type=StartClient&SD.StudioSession.ID=6EA6A1942F214C57A6DE42308BCFC110&SD.Platform.MD.DebugVersion=FFlagStudioFlushDeferredEventsBlock%2C%20FFlagFixMissingStudioStartupSummaryEvent%2C%20FFlagFixWinStudioMissingStartEvent&SD.StudioSession.CT=1781414324104&SD.UserSession.ID=B6A04371E73F40DBA3373E22122D8E7E&SD.UserSession.CT=1781414329595&SD.UserSession.MD.Type=Logge
[2026-06-13 22:19:21] >> GET /studio/e.png?studioSid=6CC0A067-6251-498D-97D7-72F82332A8A5&clientID=1983CBC1-BFEF-4E46-A6E5-7574E69AA5BC&timestamp=1781414347305&userID=14463315&placeID=9991912465&category=Error&evt=QtMessage%5FWarning&label=QWindowsWindow%3A%3AsetGeometry%3A%20Unable%20to%20set%20geometry%201211x285%2B0%2B0%20%28frame%3A%201211x285%2B0%2B0%29%20on%20QWidgetWindow%2F%22QWidgetClassWindow%22%20on%20%22%5C%5C%2E%5CDISPLAY1%22%2E%20Resulting%20geometry%3A%201581x843%2B0%2B0%20%28frame%3A%201581x843%2B0%2B0%29%20margins%3A%200%2C%200%2C%200%2C%200%29&value=0&SD.Platform.ID=39BD5212B7E147C4BB2598657C7226EC&SD.Platform.CT=1781414322384&SD.StudioSession.MD.Type=StartClient&SD.StudioSession.ID=6EA6A1942F214C57A6DE42308BCFC110&SD.Platform.MD.DebugVersion=FFlagStudioFlushDeferredEventsBlock%2C%20FFlagFixMissingStudioStartupSummaryEvent%2C%20FFlagFixWinStudioMissingStartEvent&SD.StudioSession.CT=1781414324104&SD.UserSession.ID=B6A04371E73F40DBA3373E22122D8E7E&SD.UserSession.CT=1781414329595&SD.UserSession.MD.Type=LoggedIn&SD.
[2026-06-13 22:19:21] >> GET /studio/e.png?studioSid=6CC0A067-6251-498D-97D7-72F82332A8A5&clientID=1983CBC1-BFEF-4E46-A6E5-7574E69AA5BC&timestamp=1781414347308&userID=14463315&placeID=9991912465&category=Error&evt=QtMessage%5FWarning&label=QWindowsWindow%3A%3AsetGeometry%3A%20Unable%20to%20set%20geometry%201211x285%2B0%2B0%20%28frame%3A%201211x285%2B0%2B0%29%20on%20QWidgetWindow%2F%22QScrollAreaClassWindow%22%20on%20%22%5C%5C%2E%5CDISPLAY1%22%2E%20Resulting%20geometry%3A%201581x843%2B0%2B0%20%28frame%3A%201581x843%2B0%2B0%29%20margins%3A%200%2C%200%2C%200%2C%200%29&value=0&SD.Platform.ID=39BD5212B7E147C4BB2598657C7226EC&SD.Platform.CT=1781414322384&SD.StudioSession.MD.Type=StartClient&SD.StudioSession.ID=6EA6A1942F214C57A6DE42308BCFC110&SD.Platform.MD.DebugVersion=FFlagStudioFlushDeferredEventsBlock%2C%20FFlagFixMissingStudioStartupSummaryEvent%2C%20FFlagFixWinStudioMissingStartEvent&SD.StudioSession.CT=1781414324104&SD.UserSession.ID=B6A04371E73F40DBA3373E22122D8E7E&SD.UserSession.CT=1781414329595&SD.UserSession.MD.Type=LoggedIn
[2026-06-13 22:19:21] >> GET /studio/e.png?studioSid=6CC0A067-6251-498D-97D7-72F82332A8A5&clientID=1983CBC1-BFEF-4E46-A6E5-7574E69AA5BC&timestamp=1781414347309&userID=14463315&placeID=9991912465&category=Error&evt=QtMessage%5FWarning&label=QWindowsWindow%3A%3AsetGeometry%3A%20Unable%20to%20set%20geometry%201211x285%2B0%2B0%20%28frame%3A%201211x285%2B0%2B0%29%20on%20QWidgetWindow%2F%22qt%5Fscrollarea%5FviewportWindow%22%20on%20%22%5C%5C%2E%5CDISPLAY1%22%2E%20Resulting%20geometry%3A%201581x843%2B0%2B0%20%28frame%3A%201581x843%2B0%2B0%29%20margins%3A%200%2C%200%2C%200%2C%200%29&value=0&SD.Platform.ID=39BD5212B7E147C4BB2598657C7226EC&SD.Platform.CT=1781414322384&SD.StudioSession.MD.Type=StartClient&SD.StudioSession.ID=6EA6A1942F214C57A6DE42308BCFC110&SD.Platform.MD.DebugVersion=FFlagStudioFlushDeferredEventsBlock%2C%20FFlagFixMissingStudioStartupSummaryEvent%2C%20FFlagFixWinStudioMissingStartEvent&SD.StudioSession.CT=1781414324104&SD.UserSession.ID=B6A04371E73F40DBA3373E22122D8E7E&SD.UserSession.CT=1781414329595&SD.UserSession.MD.Typ
[2026-06-13 22:19:21] >> GET /studio/e.png?studioSid=6CC0A067-6251-498D-97D7-72F82332A8A5&clientID=1983CBC1-BFEF-4E46-A6E5-7574E69AA5BC&timestamp=1781414347309&userID=14463315&placeID=9991912465&category=Error&evt=QtMessage%5FWarning&label=QWindowsWindow%3A%3AsetGeometry%3A%20Unable%20to%20set%20geometry%201211x285%2B0%2B0%20%28frame%3A%201211x285%2B0%2B0%29%20on%20QWidgetWindow%2F%22QWidgetClassWindow%22%20on%20%22%5C%5C%2E%5CDISPLAY1%22%2E%20Resulting%20geometry%3A%201581x843%2B0%2B0%20%28frame%3A%201581x843%2B0%2B0%29%20margins%3A%200%2C%200%2C%200%2C%200%29&value=0&SD.Platform.ID=39BD5212B7E147C4BB2598657C7226EC&SD.Platform.CT=1781414322384&SD.StudioSession.MD.Type=StartClient&SD.StudioSession.ID=6EA6A1942F214C57A6DE42308BCFC110&SD.Platform.MD.DebugVersion=FFlagStudioFlushDeferredEventsBlock%2C%20FFlagFixMissingStudioStartupSummaryEvent%2C%20FFlagFixWinStudioMissingStartEvent&SD.StudioSession.CT=1781414324104&SD.UserSession.ID=B6A04371E73F40DBA3373E22122D8E7E&SD.UserSession.CT=1781414329595&SD.UserSession.MD.Type=LoggedIn&SD.
[2026-06-13 22:19:21] >> GET /studio/e.png?studioSid=6CC0A067-6251-498D-97D7-72F82332A8A5&clientID=1983CBC1-BFEF-4E46-A6E5-7574E69AA5BC&timestamp=1781414347310&userID=14463315&placeID=9991912465&category=Error&evt=QtMessage%5FWarning&label=QWindowsWindow%3A%3AsetGeometry%3A%20Unable%20to%20set%20geometry%201211x285%2B0%2B0%20%28frame%3A%201211x285%2B0%2B0%29%20on%20QWidgetWindow%2F%22QWidgetClassWindow%22%20on%20%22%5C%5C%2E%5CDISPLAY1%22%2E%20Resulting%20geometry%3A%201581x843%2B0%2B0%20%28frame%3A%201581x843%2B0%2B0%29%20margins%3A%200%2C%200%2C%200%2C%200%29&value=0&SD.Platform.ID=39BD5212B7E147C4BB2598657C7226EC&SD.Platform.CT=1781414322384&SD.StudioSession.MD.Type=StartClient&SD.StudioSession.ID=6EA6A1942F214C57A6DE42308BCFC110&SD.Platform.MD.DebugVersion=FFlagStudioFlushDeferredEventsBlock%2C%20FFlagFixMissingStudioStartupSummaryEvent%2C%20FFlagFixWinStudioMissingStartEvent&SD.StudioSession.CT=1781414324104&SD.UserSession.ID=B6A04371E73F40DBA3373E22122D8E7E&SD.UserSession.CT=1781414329595&SD.UserSession.MD.Type=LoggedIn&SD.
[2026-06-13 22:19:21] >> GET /studio/e.png?studioSid=6CC0A067-6251-498D-97D7-72F82332A8A5&clientID=1983CBC1-BFEF-4E46-A6E5-7574E69AA5BC&timestamp=1781414347311&userID=14463315&placeID=9991912465&category=Error&evt=QtMessage%5FWarning&label=QWindowsWindow%3A%3AsetGeometry%3A%20Unable%20to%20set%20geometry%201211x285%2B0%2B0%20%28frame%3A%201211x285%2B0%2B0%29%20on%20QWidgetWindow%2F%22QOgreWidgetWindow%22%20on%20%22%5C%5C%2E%5CDISPLAY1%22%2E%20Resulting%20geometry%3A%201581x843%2B0%2B0%20%28frame%3A%201581x843%2B0%2B0%29%20margins%3A%200%2C%200%2C%200%2C%200%29&value=0&SD.Platform.ID=39BD5212B7E147C4BB2598657C7226EC&SD.Platform.CT=1781414322384&SD.StudioSession.MD.Type=StartClient&SD.StudioSession.ID=6EA6A1942F214C57A6DE42308BCFC110&SD.Platform.MD.DebugVersion=FFlagStudioFlushDeferredEventsBlock%2C%20FFlagFixMissingStudioStartupSummaryEvent%2C%20FFlagFixWinStudioMissingStartEvent&SD.StudioSession.CT=1781414324104&SD.UserSession.ID=B6A04371E73F40DBA3373E22122D8E7E&SD.UserSession.CT=1781414329595&SD.UserSession.MD.Type=LoggedIn&SD.M
[2026-06-13 22:19:21] >> GET /studio/e.png?studioSid=6CC0A067-6251-498D-97D7-72F82332A8A5&clientID=1983CBC1-BFEF-4E46-A6E5-7574E69AA5BC&timestamp=1781414347331&userID=14463315&placeID=9991912465&category=Error&evt=QtMessage%5FWarning&label=QWindowsWindow%3A%3AsetGeometry%3A%20Unable%20to%20set%20geometry%201214x843%2B0%2B0%20%28frame%3A%201214x843%2B0%2B0%29%20on%20QWidgetWindow%2F%22Qtitan%3A%3ADockSplitLayoutPanelClassWindow%22%20on%20%22%5C%5C%2E%5CDISPLAY1%22%2E%20Resulting%20geometry%3A%201581x843%2B0%2B0%20%28frame%3A%201581x843%2B0%2B0%29%20margins%3A%200%2C%200%2C%200%2C%200%29&value=0&SD.Platform.ID=39BD5212B7E147C4BB2598657C7226EC&SD.Platform.CT=1781414322384&SD.StudioSession.MD.Type=StartClient&SD.StudioSession.ID=6EA6A1942F214C57A6DE42308BCFC110&SD.Platform.MD.DebugVersion=FFlagStudioFlushDeferredEventsBlock%2C%20FFlagFixMissingStudioStartupSummaryEvent%2C%20FFlagFixWinStudioMissingStartEvent&SD.StudioSession.CT=1781414324104&SD.UserSession.ID=B6A04371E73F40DBA3373E22122D8E7E&SD.UserSession.CT=1781414329595&SD.UserSes
[2026-06-13 22:19:21] << /studio/e.png -> {}
[2026-06-13 22:19:21] << /studio/e.png -> {}
[2026-06-13 22:19:21] << /studio/e.png -> {}
[2026-06-13 22:19:21] << /studio/e.png -> {}
[2026-06-13 22:19:21] << /studio/e.png -> {}
[2026-06-13 22:19:21] << /studio/e.png -> {}
[2026-06-13 22:19:21] << /studio/e.png -> {}
[2026-06-13 22:19:21] << /studio/e.png -> {}
[2026-06-13 22:19:21] >> GET /studio/e.png?studioSid=6CC0A067-6251-498D-97D7-72F82332A8A5&clientID=1983CBC1-BFEF-4E46-A6E5-7574E69AA5BC&timestamp=1781414347331&userID=14463315&placeID=9991912465&category=Error&evt=QtMessage%5FWarning&label=QWindowsWindow%3A%3AsetGeometry%3A%20Unable%20to%20set%20geometry%201214x843%2B0%2B0%20%28frame%3A%201214x843%2B0%2B0%29%20on%20QWidgetWindow%2F%22Qtitan%3A%3ADockSplitLayoutPanelClassWindow%22%20on%20%22%5C%5C%2E%5CDISPLAY1%22%2E%20Resulting%20geometry%3A%201581x843%2B0%2B0%20%28frame%3A%201581x843%2B0%2B0%29%20margins%3A%200%2C%200%2C%200%2C%200%29&value=0&SD.Platform.ID=39BD5212B7E147C4BB2598657C7226EC&SD.Platform.CT=1781414322384&SD.StudioSession.MD.Type=StartClient&SD.StudioSession.ID=6EA6A1942F214C57A6DE42308BCFC110&SD.Platform.MD.DebugVersion=FFlagStudioFlushDeferredEventsBlock%2C%20FFlagFixMissingStudioStartupSummaryEvent%2C%20FFlagFixWinStudioMissingStartEvent&SD.StudioSession.CT=1781414324104&SD.UserSession.ID=B6A04371E73F40DBA3373E22122D8E7E&SD.UserSession.CT=1781414329595&SD.UserSes
[2026-06-13 22:19:21] >> GET /studio/e.png?studioSid=6CC0A067-6251-498D-97D7-72F82332A8A5&clientID=1983CBC1-BFEF-4E46-A6E5-7574E69AA5BC&timestamp=1781414347332&userID=14463315&placeID=9991912465&category=Error&evt=QtMessage%5FWarning&label=QWindowsWindow%3A%3AsetGeometry%3A%20Unable%20to%20set%20geometry%201214x843%2B0%2B0%20%28frame%3A%201214x843%2B0%2B0%29%20on%20QWidgetWindow%2F%22Qtitan%3A%3ADockSplitLayoutPanelClassWindow%22%20on%20%22%5C%5C%2E%5CDISPLAY1%22%2E%20Resulting%20geometry%3A%201581x843%2B0%2B0%20%28frame%3A%201581x843%2B0%2B0%29%20margins%3A%200%2C%200%2C%200%2C%200%29&value=0&SD.Platform.ID=39BD5212B7E147C4BB2598657C7226EC&SD.Platform.CT=1781414322384&SD.StudioSession.MD.Type=StartClient&SD.StudioSession.ID=6EA6A1942F214C57A6DE42308BCFC110&SD.Platform.MD.DebugVersion=FFlagStudioFlushDeferredEventsBlock%2C%20FFlagFixMissingStudioStartupSummaryEvent%2C%20FFlagFixWinStudioMissingStartEvent&SD.StudioSession.CT=1781414324104&SD.UserSession.ID=B6A04371E73F40DBA3373E22122D8E7E&SD.UserSession.CT=1781414329595&SD.UserSes
[2026-06-13 22:19:21] >> GET /studio/e.png?studioSid=6CC0A067-6251-498D-97D7-72F82332A8A5&clientID=1983CBC1-BFEF-4E46-A6E5-7574E69AA5BC&timestamp=1781414347332&userID=14463315&placeID=9991912465&category=Error&evt=QtMessage%5FWarning&label=QWindowsWindow%3A%3AsetGeometry%3A%20Unable%20to%20set%20geometry%201214x843%2B0%2B0%20%28frame%3A%201214x843%2B0%2B0%29%20on%20QWidgetWindow%2F%22Qtitan%3A%3ADockSplitLayoutPanelClassWindow%22%20on%20%22%5C%5C%2E%5CDISPLAY1%22%2E%20Resulting%20geometry%3A%201581x843%2B0%2B0%20%28frame%3A%201581x843%2B0%2B0%29%20margins%3A%200%2C%200%2C%200%2C%200%29&value=0&SD.Platform.ID=39BD5212B7E147C4BB2598657C7226EC&SD.Platform.CT=1781414322384&SD.StudioSession.MD.Type=StartClient&SD.StudioSession.ID=6EA6A1942F214C57A6DE42308BCFC110&SD.Platform.MD.DebugVersion=FFlagStudioFlushDeferredEventsBlock%2C%20FFlagFixMissingStudioStartupSummaryEvent%2C%20FFlagFixWinStudioMissingStartEvent&SD.StudioSession.CT=1781414324104&SD.UserSession.ID=B6A04371E73F40DBA3373E22122D8E7E&SD.UserSession.CT=1781414329595&SD.UserSes
[2026-06-13 22:19:21] >> GET /studio/e.png?studioSid=6CC0A067-6251-498D-97D7-72F82332A8A5&clientID=1983CBC1-BFEF-4E46-A6E5-7574E69AA5BC&timestamp=1781414347332&userID=14463315&placeID=9991912465&category=Error&evt=QtMessage%5FWarning&label=QWindowsWindow%3A%3AsetGeometry%3A%20Unable%20to%20set%20geometry%201214x843%2B0%2B0%20%28frame%3A%201214x843%2B0%2B0%29%20on%20QWidgetWindow%2F%22Qtitan%3A%3ADockSplitLayoutPanelClassWindow%22%20on%20%22%5C%5C%2E%5CDISPLAY1%22%2E%20Resulting%20geometry%3A%201581x843%2B0%2B0%20%28frame%3A%201581x843%2B0%2B0%29%20margins%3A%200%2C%200%2C%200%2C%200%29&value=0&SD.Platform.ID=39BD5212B7E147C4BB2598657C7226EC&SD.Platform.CT=1781414322384&SD.StudioSession.MD.Type=StartClient&SD.StudioSession.ID=6EA6A1942F214C57A6DE42308BCFC110&SD.Platform.MD.DebugVersion=FFlagStudioFlushDeferredEventsBlock%2C%20FFlagFixMissingStudioStartupSummaryEvent%2C%20FFlagFixWinStudioMissingStartEvent&SD.StudioSession.CT=1781414324104&SD.UserSession.ID=B6A04371E73F40DBA3373E22122D8E7E&SD.UserSession.CT=1781414329595&SD.UserSes
[2026-06-13 22:19:21] >> GET /studio/e.png?studioSid=6CC0A067-6251-498D-97D7-72F82332A8A5&clientID=1983CBC1-BFEF-4E46-A6E5-7574E69AA5BC&timestamp=1781414347333&userID=14463315&placeID=9991912465&category=Error&evt=QtMessage%5FWarning&label=QWindowsWindow%3A%3AsetGeometry%3A%20Unable%20to%20set%20geometry%201214x843%2B0%2B0%20%28frame%3A%201214x843%2B0%2B0%29%20on%20QWidgetWindow%2F%22Qtitan%3A%3ADockDocumentLayoutPanelClassWindow%22%20on%20%22%5C%5C%2E%5CDISPLAY1%22%2E%20Resulting%20geometry%3A%201581x843%2B0%2B0%20%28frame%3A%201581x843%2B0%2B0%29%20margins%3A%200%2C%200%2C%200%2C%200%29&value=0&SD.Platform.ID=39BD5212B7E147C4BB2598657C7226EC&SD.Platform.CT=1781414322384&SD.StudioSession.MD.Type=StartClient&SD.StudioSession.ID=6EA6A1942F214C57A6DE42308BCFC110&SD.Platform.MD.DebugVersion=FFlagStudioFlushDeferredEventsBlock%2C%20FFlagFixMissingStudioStartupSummaryEvent%2C%20FFlagFixWinStudioMissingStartEvent&SD.StudioSession.CT=1781414324104&SD.UserSession.ID=B6A04371E73F40DBA3373E22122D8E7E&SD.UserSession.CT=1781414329595&SD.User
[2026-06-13 22:19:21] >> GET /studio/e.png?studioSid=6CC0A067-6251-498D-97D7-72F82332A8A5&clientID=1983CBC1-BFEF-4E46-A6E5-7574E69AA5BC&timestamp=1781414347333&userID=14463315&placeID=9991912465&category=Error&evt=QtMessage%5FWarning&label=QWindowsWindow%3A%3AsetGeometry%3A%20Unable%20to%20set%20geometry%201214x363%2B0%2B0%20%28frame%3A%201214x363%2B0%2B0%29%20on%20QWidgetWindow%2F%22Qtitan%3A%3ADockDocumentTabbedLayoutPanelClassWindow%22%20on%20%22%5C%5C%2E%5CDISPLAY1%22%2E%20Resulting%20geometry%3A%201581x843%2B0%2B0%20%28frame%3A%201581x843%2B0%2B0%29%20margins%3A%200%2C%200%2C%200%2C%200%29&value=0&SD.Platform.ID=39BD5212B7E147C4BB2598657C7226EC&SD.Platform.CT=1781414322384&SD.StudioSession.MD.Type=StartClient&SD.StudioSession.ID=6EA6A1942F214C57A6DE42308BCFC110&SD.Platform.MD.DebugVersion=FFlagStudioFlushDeferredEventsBlock%2C%20FFlagFixMissingStudioStartupSummaryEvent%2C%20FFlagFixWinStudioMissingStartEvent&SD.StudioSession.CT=1781414324104&SD.UserSession.ID=B6A04371E73F40DBA3373E22122D8E7E&SD.UserSession.CT=1781414329595&S
[2026-06-13 22:19:21] >> GET /studio/e.png?studioSid=6CC0A067-6251-498D-97D7-72F82332A8A5&clientID=1983CBC1-BFEF-4E46-A6E5-7574E69AA5BC&timestamp=1781414347334&userID=14463315&placeID=9991912465&category=Error&evt=QtMessage%5FWarning&label=QWindowsWindow%3A%3AsetGeometry%3A%20Unable%20to%20set%20geometry%201214x333%2B0%2B30%20%28frame%3A%201214x333%2B0%2B30%29%20on%20QWidgetWindow%2F%22ideDocDocumentPanelWindow%22%20on%20%22%5C%5C%2E%5CDISPLAY1%22%2E%20Resulting%20geometry%3A%201581x843%2B0%2B0%20%28frame%3A%201581x843%2B0%2B0%29%20margins%3A%200%2C%200%2C%200%2C%200%29&value=0&SD.Platform.ID=39BD5212B7E147C4BB2598657C7226EC&SD.Platform.CT=1781414322384&SD.StudioSession.MD.Type=StartClient&SD.StudioSession.ID=6EA6A1942F214C57A6DE42308BCFC110&SD.Platform.MD.DebugVersion=FFlagStudioFlushDeferredEventsBlock%2C%20FFlagFixMissingStudioStartupSummaryEvent%2C%20FFlagFixWinStudioMissingStartEvent&SD.StudioSession.CT=1781414324104&SD.UserSession.ID=B6A04371E73F40DBA3373E22122D8E7E&SD.UserSession.CT=1781414329595&SD.UserSession.MD.Type=Log
[2026-06-13 22:19:21] >> GET /studio/e.png?studioSid=6CC0A067-6251-498D-97D7-72F82332A8A5&clientID=1983CBC1-BFEF-4E46-A6E5-7574E69AA5BC&timestamp=1781414347335&userID=14463315&placeID=9991912465&category=Error&evt=QtMessage%5FWarning&label=QWindowsWindow%3A%3AsetGeometry%3A%20Unable%20to%20set%20geometry%201211x330%2B1%2B1%20%28frame%3A%201211x330%2B1%2B1%29%20on%20QWidgetWindow%2F%22QStackedWidgetClassWindow%22%20on%20%22%5C%5C%2E%5CDISPLAY1%22%2E%20Resulting%20geometry%3A%201581x843%2B0%2B0%20%28frame%3A%201581x843%2B0%2B0%29%20margins%3A%200%2C%200%2C%200%2C%200%29&value=0&SD.Platform.ID=39BD5212B7E147C4BB2598657C7226EC&SD.Platform.CT=1781414322384&SD.StudioSession.MD.Type=StartClient&SD.StudioSession.ID=6EA6A1942F214C57A6DE42308BCFC110&SD.Platform.MD.DebugVersion=FFlagStudioFlushDeferredEventsBlock%2C%20FFlagFixMissingStudioStartupSummaryEvent%2C%20FFlagFixWinStudioMissingStartEvent&SD.StudioSession.CT=1781414324104&SD.UserSession.ID=B6A04371E73F40DBA3373E22122D8E7E&SD.UserSession.CT=1781414329595&SD.UserSession.MD.Type=Logge
[2026-06-13 22:19:21] << /studio/e.png -> {}
[2026-06-13 22:19:21] << /studio/e.png -> {}
[2026-06-13 22:19:21] << /studio/e.png -> {}
[2026-06-13 22:19:21] << /studio/e.png -> {}
[2026-06-13 22:19:21] << /studio/e.png -> {}
[2026-06-13 22:19:21] << /studio/e.png -> {}
[2026-06-13 22:19:21] << /studio/e.png -> {}
[2026-06-13 22:19:21] << /studio/e.png -> {}
[2026-06-13 22:19:21] >> GET /studio/e.png?studioSid=6CC0A067-6251-498D-97D7-72F82332A8A5&clientID=1983CBC1-BFEF-4E46-A6E5-7574E69AA5BC&timestamp=1781414347336&userID=14463315&placeID=9991912465&category=Error&evt=QtMessage%5FWarning&label=QWindowsWindow%3A%3AsetGeometry%3A%20Unable%20to%20set%20geometry%201211x330%2B0%2B0%20%28frame%3A%201211x330%2B0%2B0%29%20on%20QWidgetWindow%2F%22QWidgetClassWindow%22%20on%20%22%5C%5C%2E%5CDISPLAY1%22%2E%20Resulting%20geometry%3A%201581x843%2B0%2B0%20%28frame%3A%201581x843%2B0%2B0%29%20margins%3A%200%2C%200%2C%200%2C%200%29&value=0&SD.Platform.ID=39BD5212B7E147C4BB2598657C7226EC&SD.Platform.CT=1781414322384&SD.StudioSession.MD.Type=StartClient&SD.StudioSession.ID=6EA6A1942F214C57A6DE42308BCFC110&SD.Platform.MD.DebugVersion=FFlagStudioFlushDeferredEventsBlock%2C%20FFlagFixMissingStudioStartupSummaryEvent%2C%20FFlagFixWinStudioMissingStartEvent&SD.StudioSession.CT=1781414324104&SD.UserSession.ID=B6A04371E73F40DBA3373E22122D8E7E&SD.UserSession.CT=1781414329595&SD.UserSession.MD.Type=LoggedIn&SD.
[2026-06-13 22:19:21] >> GET /studio/e.png?studioSid=6CC0A067-6251-498D-97D7-72F82332A8A5&clientID=1983CBC1-BFEF-4E46-A6E5-7574E69AA5BC&timestamp=1781414347337&userID=14463315&placeID=9991912465&category=Error&evt=QtMessage%5FWarning&label=QWindowsWindow%3A%3AsetGeometry%3A%20Unable%20to%20set%20geometry%201211x330%2B0%2B0%20%28frame%3A%201211x330%2B0%2B0%29%20on%20QWidgetWindow%2F%22QScrollAreaClassWindow%22%20on%20%22%5C%5C%2E%5CDISPLAY1%22%2E%20Resulting%20geometry%3A%201581x843%2B0%2B0%20%28frame%3A%201581x843%2B0%2B0%29%20margins%3A%200%2C%200%2C%200%2C%200%29&value=0&SD.Platform.ID=39BD5212B7E147C4BB2598657C7226EC&SD.Platform.CT=1781414322384&SD.StudioSession.MD.Type=StartClient&SD.StudioSession.ID=6EA6A1942F214C57A6DE42308BCFC110&SD.Platform.MD.DebugVersion=FFlagStudioFlushDeferredEventsBlock%2C%20FFlagFixMissingStudioStartupSummaryEvent%2C%20FFlagFixWinStudioMissingStartEvent&SD.StudioSession.CT=1781414324104&SD.UserSession.ID=B6A04371E73F40DBA3373E22122D8E7E&SD.UserSession.CT=1781414329595&SD.UserSession.MD.Type=LoggedIn
[2026-06-13 22:19:21] >> GET /studio/e.png?studioSid=6CC0A067-6251-498D-97D7-72F82332A8A5&clientID=1983CBC1-BFEF-4E46-A6E5-7574E69AA5BC&timestamp=1781414347338&userID=14463315&placeID=9991912465&category=Error&evt=QtMessage%5FWarning&label=QWindowsWindow%3A%3AsetGeometry%3A%20Unable%20to%20set%20geometry%201211x330%2B0%2B0%20%28frame%3A%201211x330%2B0%2B0%29%20on%20QWidgetWindow%2F%22qt%5Fscrollarea%5FviewportWindow%22%20on%20%22%5C%5C%2E%5CDISPLAY1%22%2E%20Resulting%20geometry%3A%201581x843%2B0%2B0%20%28frame%3A%201581x843%2B0%2B0%29%20margins%3A%200%2C%200%2C%200%2C%200%29&value=0&SD.Platform.ID=39BD5212B7E147C4BB2598657C7226EC&SD.Platform.CT=1781414322384&SD.StudioSession.MD.Type=StartClient&SD.StudioSession.ID=6EA6A1942F214C57A6DE42308BCFC110&SD.Platform.MD.DebugVersion=FFlagStudioFlushDeferredEventsBlock%2C%20FFlagFixMissingStudioStartupSummaryEvent%2C%20FFlagFixWinStudioMissingStartEvent&SD.StudioSession.CT=1781414324104&SD.UserSession.ID=B6A04371E73F40DBA3373E22122D8E7E&SD.UserSession.CT=1781414329595&SD.UserSession.MD.Typ
[2026-06-13 22:19:21] >> GET /studio/e.png?studioSid=6CC0A067-6251-498D-97D7-72F82332A8A5&clientID=1983CBC1-BFEF-4E46-A6E5-7574E69AA5BC&timestamp=1781414347338&userID=14463315&placeID=9991912465&category=Error&evt=QtMessage%5FWarning&label=QWindowsWindow%3A%3AsetGeometry%3A%20Unable%20to%20set%20geometry%201211x330%2B0%2B0%20%28frame%3A%201211x330%2B0%2B0%29%20on%20QWidgetWindow%2F%22QWidgetClassWindow%22%20on%20%22%5C%5C%2E%5CDISPLAY1%22%2E%20Resulting%20geometry%3A%201581x843%2B0%2B0%20%28frame%3A%201581x843%2B0%2B0%29%20margins%3A%200%2C%200%2C%200%2C%200%29&value=0&SD.Platform.ID=39BD5212B7E147C4BB2598657C7226EC&SD.Platform.CT=1781414322384&SD.StudioSession.MD.Type=StartClient&SD.StudioSession.ID=6EA6A1942F214C57A6DE42308BCFC110&SD.Platform.MD.DebugVersion=FFlagStudioFlushDeferredEventsBlock%2C%20FFlagFixMissingStudioStartupSummaryEvent%2C%20FFlagFixWinStudioMissingStartEvent&SD.StudioSession.CT=1781414324104&SD.UserSession.ID=B6A04371E73F40DBA3373E22122D8E7E&SD.UserSession.CT=1781414329595&SD.UserSession.MD.Type=LoggedIn&SD.
[2026-06-13 22:19:21] >> GET /studio/e.png?studioSid=6CC0A067-6251-498D-97D7-72F82332A8A5&clientID=1983CBC1-BFEF-4E46-A6E5-7574E69AA5BC&timestamp=1781414347339&userID=14463315&placeID=9991912465&category=Error&evt=QtMessage%5FWarning&label=QWindowsWindow%3A%3AsetGeometry%3A%20Unable%20to%20set%20geometry%201211x330%2B0%2B0%20%28frame%3A%201211x330%2B0%2B0%29%20on%20QWidgetWindow%2F%22QWidgetClassWindow%22%20on%20%22%5C%5C%2E%5CDISPLAY1%22%2E%20Resulting%20geometry%3A%201581x843%2B0%2B0%20%28frame%3A%201581x843%2B0%2B0%29%20margins%3A%200%2C%200%2C%200%2C%200%29&value=0&SD.Platform.ID=39BD5212B7E147C4BB2598657C7226EC&SD.Platform.CT=1781414322384&SD.StudioSession.MD.Type=StartClient&SD.StudioSession.ID=6EA6A1942F214C57A6DE42308BCFC110&SD.Platform.MD.DebugVersion=FFlagStudioFlushDeferredEventsBlock%2C%20FFlagFixMissingStudioStartupSummaryEvent%2C%20FFlagFixWinStudioMissingStartEvent&SD.StudioSession.CT=1781414324104&SD.UserSession.ID=B6A04371E73F40DBA3373E22122D8E7E&SD.UserSession.CT=1781414329595&SD.UserSession.MD.Type=LoggedIn&SD.
[2026-06-13 22:19:21] >> GET /studio/e.png?studioSid=6CC0A067-6251-498D-97D7-72F82332A8A5&clientID=1983CBC1-BFEF-4E46-A6E5-7574E69AA5BC&timestamp=1781414347339&userID=14463315&placeID=9991912465&category=Error&evt=QtMessage%5FWarning&label=QWindowsWindow%3A%3AsetGeometry%3A%20Unable%20to%20set%20geometry%201211x330%2B0%2B0%20%28frame%3A%201211x330%2B0%2B0%29%20on%20QWidgetWindow%2F%22QOgreWidgetWindow%22%20on%20%22%5C%5C%2E%5CDISPLAY1%22%2E%20Resulting%20geometry%3A%201581x843%2B0%2B0%20%28frame%3A%201581x843%2B0%2B0%29%20margins%3A%200%2C%200%2C%200%2C%200%29&value=0&SD.Platform.ID=39BD5212B7E147C4BB2598657C7226EC&SD.Platform.CT=1781414322384&SD.StudioSession.MD.Type=StartClient&SD.StudioSession.ID=6EA6A1942F214C57A6DE42308BCFC110&SD.Platform.MD.DebugVersion=FFlagStudioFlushDeferredEventsBlock%2C%20FFlagFixMissingStudioStartupSummaryEvent%2C%20FFlagFixWinStudioMissingStartEvent&SD.StudioSession.CT=1781414324104&SD.UserSession.ID=B6A04371E73F40DBA3373E22122D8E7E&SD.UserSession.CT=1781414329595&SD.UserSession.MD.Type=LoggedIn&SD.M
[2026-06-13 22:19:21] >> GET /studio/e.png?studioSid=6CC0A067-6251-498D-97D7-72F82332A8A5&clientID=1983CBC1-BFEF-4E46-A6E5-7574E69AA5BC&timestamp=1781414347357&userID=14463315&placeID=9991912465&category=Error&evt=QtMessage%5FWarning&label=QWindowsWindow%3A%3AsetGeometry%3A%20Unable%20to%20set%20geometry%201579x840%2B1%2B1%20%28frame%3A%201579x840%2B1%2B1%29%20on%20QWidgetWindow%2F%22QStackedWidgetClassWindow%22%20on%20%22%5C%5C%2E%5CDISPLAY1%22%2E%20Resulting%20geometry%3A%201581x843%2B0%2B0%20%28frame%3A%201581x843%2B0%2B0%29%20margins%3A%200%2C%200%2C%200%2C%200%29&value=0&SD.Platform.ID=39BD5212B7E147C4BB2598657C7226EC&SD.Platform.CT=1781414322384&SD.StudioSession.MD.Type=StartClient&SD.StudioSession.ID=6EA6A1942F214C57A6DE42308BCFC110&SD.Platform.MD.DebugVersion=FFlagStudioFlushDeferredEventsBlock%2C%20FFlagFixMissingStudioStartupSummaryEvent%2C%20FFlagFixWinStudioMissingStartEvent&SD.StudioSession.CT=1781414324104&SD.UserSession.ID=B6A04371E73F40DBA3373E22122D8E7E&SD.UserSession.CT=1781414329595&SD.UserSession.MD.Type=Logge
[2026-06-13 22:19:21] >> GET /studio/e.png?studioSid=6CC0A067-6251-498D-97D7-72F82332A8A5&clientID=1983CBC1-BFEF-4E46-A6E5-7574E69AA5BC&timestamp=1781414347358&userID=14463315&placeID=9991912465&category=Error&evt=QtMessage%5FWarning&label=QWindowsWindow%3A%3AsetGeometry%3A%20Unable%20to%20set%20geometry%201579x840%2B0%2B0%20%28frame%3A%201579x840%2B0%2B0%29%20on%20QWidgetWindow%2F%22QWidgetClassWindow%22%20on%20%22%5C%5C%2E%5CDISPLAY1%22%2E%20Resulting%20geometry%3A%201581x843%2B0%2B0%20%28frame%3A%201581x843%2B0%2B0%29%20margins%3A%200%2C%200%2C%200%2C%200%29&value=0&SD.Platform.ID=39BD5212B7E147C4BB2598657C7226EC&SD.Platform.CT=1781414322384&SD.StudioSession.MD.Type=StartClient&SD.StudioSession.ID=6EA6A1942F214C57A6DE42308BCFC110&SD.Platform.MD.DebugVersion=FFlagStudioFlushDeferredEventsBlock%2C%20FFlagFixMissingStudioStartupSummaryEvent%2C%20FFlagFixWinStudioMissingStartEvent&SD.StudioSession.CT=1781414324104&SD.UserSession.ID=B6A04371E73F40DBA3373E22122D8E7E&SD.UserSession.CT=1781414329595&SD.UserSession.MD.Type=LoggedIn&SD.
[2026-06-13 22:19:21] << /studio/e.png -> {}
[2026-06-13 22:19:21] << /studio/e.png -> {}
[2026-06-13 22:19:21] << /studio/e.png -> {}
[2026-06-13 22:19:21] << /studio/e.png -> {}
[2026-06-13 22:19:21] << /studio/e.png -> {}
[2026-06-13 22:19:21] << /studio/e.png -> {}
[2026-06-13 22:19:21] << /studio/e.png -> {}
[2026-06-13 22:19:21] << /studio/e.png -> {}
[2026-06-13 22:19:22] >> GET /studio/e.png?studioSid=6CC0A067-6251-498D-97D7-72F82332A8A5&clientID=1983CBC1-BFEF-4E46-A6E5-7574E69AA5BC&timestamp=1781414347358&userID=14463315&placeID=9991912465&category=Error&evt=QtMessage%5FWarning&label=QWindowsWindow%3A%3AsetGeometry%3A%20Unable%20to%20set%20geometry%201579x840%2B0%2B0%20%28frame%3A%201579x840%2B0%2B0%29%20on%20QWidgetWindow%2F%22QScrollAreaClassWindow%22%20on%20%22%5C%5C%2E%5CDISPLAY1%22%2E%20Resulting%20geometry%3A%201581x843%2B0%2B0%20%28frame%3A%201581x843%2B0%2B0%29%20margins%3A%200%2C%200%2C%200%2C%200%29&value=0&SD.Platform.ID=39BD5212B7E147C4BB2598657C7226EC&SD.Platform.CT=1781414322384&SD.StudioSession.MD.Type=StartClient&SD.StudioSession.ID=6EA6A1942F214C57A6DE42308BCFC110&SD.Platform.MD.DebugVersion=FFlagStudioFlushDeferredEventsBlock%2C%20FFlagFixMissingStudioStartupSummaryEvent%2C%20FFlagFixWinStudioMissingStartEvent&SD.StudioSession.CT=1781414324104&SD.UserSession.ID=B6A04371E73F40DBA3373E22122D8E7E&SD.UserSession.CT=1781414329595&SD.UserSession.MD.Type=LoggedIn
[2026-06-13 22:19:22] >> GET /studio/e.png?studioSid=6CC0A067-6251-498D-97D7-72F82332A8A5&clientID=1983CBC1-BFEF-4E46-A6E5-7574E69AA5BC&timestamp=1781414347358&userID=14463315&placeID=9991912465&category=Error&evt=QtMessage%5FWarning&label=QWindowsWindow%3A%3AsetGeometry%3A%20Unable%20to%20set%20geometry%201579x840%2B0%2B0%20%28frame%3A%201579x840%2B0%2B0%29%20on%20QWidgetWindow%2F%22qt%5Fscrollarea%5FviewportWindow%22%20on%20%22%5C%5C%2E%5CDISPLAY1%22%2E%20Resulting%20geometry%3A%201581x843%2B0%2B0%20%28frame%3A%201581x843%2B0%2B0%29%20margins%3A%200%2C%200%2C%200%2C%200%29&value=0&SD.Platform.ID=39BD5212B7E147C4BB2598657C7226EC&SD.Platform.CT=1781414322384&SD.StudioSession.MD.Type=StartClient&SD.StudioSession.ID=6EA6A1942F214C57A6DE42308BCFC110&SD.Platform.MD.DebugVersion=FFlagStudioFlushDeferredEventsBlock%2C%20FFlagFixMissingStudioStartupSummaryEvent%2C%20FFlagFixWinStudioMissingStartEvent&SD.StudioSession.CT=1781414324104&SD.UserSession.ID=B6A04371E73F40DBA3373E22122D8E7E&SD.UserSession.CT=1781414329595&SD.UserSession.MD.Typ
[2026-06-13 22:19:22] >> GET /studio/e.png?studioSid=6CC0A067-6251-498D-97D7-72F82332A8A5&clientID=1983CBC1-BFEF-4E46-A6E5-7574E69AA5BC&timestamp=1781414347359&userID=14463315&placeID=9991912465&category=Error&evt=QtMessage%5FWarning&label=QWindowsWindow%3A%3AsetGeometry%3A%20Unable%20to%20set%20geometry%201579x840%2B0%2B0%20%28frame%3A%201579x840%2B0%2B0%29%20on%20QWidgetWindow%2F%22QWidgetClassWindow%22%20on%20%22%5C%5C%2E%5CDISPLAY1%22%2E%20Resulting%20geometry%3A%201581x843%2B0%2B0%20%28frame%3A%201581x843%2B0%2B0%29%20margins%3A%200%2C%200%2C%200%2C%200%29&value=0&SD.Platform.ID=39BD5212B7E147C4BB2598657C7226EC&SD.Platform.CT=1781414322384&SD.StudioSession.MD.Type=StartClient&SD.StudioSession.ID=6EA6A1942F214C57A6DE42308BCFC110&SD.Platform.MD.DebugVersion=FFlagStudioFlushDeferredEventsBlock%2C%20FFlagFixMissingStudioStartupSummaryEvent%2C%20FFlagFixWinStudioMissingStartEvent&SD.StudioSession.CT=1781414324104&SD.UserSession.ID=B6A04371E73F40DBA3373E22122D8E7E&SD.UserSession.CT=1781414329595&SD.UserSession.MD.Type=LoggedIn&SD.
[2026-06-13 22:19:22] >> GET /studio/e.png?studioSid=6CC0A067-6251-498D-97D7-72F82332A8A5&clientID=1983CBC1-BFEF-4E46-A6E5-7574E69AA5BC&timestamp=1781414347359&userID=14463315&placeID=9991912465&category=Error&evt=QtMessage%5FWarning&label=QWindowsWindow%3A%3AsetGeometry%3A%20Unable%20to%20set%20geometry%201579x840%2B0%2B0%20%28frame%3A%201579x840%2B0%2B0%29%20on%20QWidgetWindow%2F%22QWidgetClassWindow%22%20on%20%22%5C%5C%2E%5CDISPLAY1%22%2E%20Resulting%20geometry%3A%201581x843%2B0%2B0%20%28frame%3A%201581x843%2B0%2B0%29%20margins%3A%200%2C%200%2C%200%2C%200%29&value=0&SD.Platform.ID=39BD5212B7E147C4BB2598657C7226EC&SD.Platform.CT=1781414322384&SD.StudioSession.MD.Type=StartClient&SD.StudioSession.ID=6EA6A1942F214C57A6DE42308BCFC110&SD.Platform.MD.DebugVersion=FFlagStudioFlushDeferredEventsBlock%2C%20FFlagFixMissingStudioStartupSummaryEvent%2C%20FFlagFixWinStudioMissingStartEvent&SD.StudioSession.CT=1781414324104&SD.UserSession.ID=B6A04371E73F40DBA3373E22122D8E7E&SD.UserSession.CT=1781414329595&SD.UserSession.MD.Type=LoggedIn&SD.
[2026-06-13 22:19:22] >> GET /studio/e.png?studioSid=6CC0A067-6251-498D-97D7-72F82332A8A5&clientID=1983CBC1-BFEF-4E46-A6E5-7574E69AA5BC&timestamp=1781414347360&userID=14463315&placeID=9991912465&category=Error&evt=QtMessage%5FWarning&label=QWindowsWindow%3A%3AsetGeometry%3A%20Unable%20to%20set%20geometry%201579x840%2B0%2B0%20%28frame%3A%201579x840%2B0%2B0%29%20on%20QWidgetWindow%2F%22QOgreWidgetWindow%22%20on%20%22%5C%5C%2E%5CDISPLAY1%22%2E%20Resulting%20geometry%3A%201581x843%2B0%2B0%20%28frame%3A%201581x843%2B0%2B0%29%20margins%3A%200%2C%200%2C%200%2C%200%29&value=0&SD.Platform.ID=39BD5212B7E147C4BB2598657C7226EC&SD.Platform.CT=1781414322384&SD.StudioSession.MD.Type=StartClient&SD.StudioSession.ID=6EA6A1942F214C57A6DE42308BCFC110&SD.Platform.MD.DebugVersion=FFlagStudioFlushDeferredEventsBlock%2C%20FFlagFixMissingStudioStartupSummaryEvent%2C%20FFlagFixWinStudioMissingStartEvent&SD.StudioSession.CT=1781414324104&SD.UserSession.ID=B6A04371E73F40DBA3373E22122D8E7E&SD.UserSession.CT=1781414329595&SD.UserSession.MD.Type=LoggedIn&SD.M
[2026-06-13 22:19:22] >> GET /studio/e.png?studioSid=6CC0A067-6251-498D-97D7-72F82332A8A5&clientID=1983CBC1-BFEF-4E46-A6E5-7574E69AA5BC&timestamp=1781414347430&userID=14463315&placeID=9991912465&category=Error&evt=QtMessage%5FWarning&label=QWindowsWindow%3A%3AsetGeometry%3A%20Unable%20to%20set%20geometry%201563x738%2B0%2B35%20%28frame%3A%201563x738%2B0%2B35%29%20on%20QWidgetWindow%2F%22RootWidgetWindow%22%20on%20%22%5C%5C%2E%5CDISPLAY1%22%2E%20Resulting%20geometry%3A%201563x843%2B0%2B0%20%28frame%3A%201563x843%2B0%2B0%29%20margins%3A%200%2C%200%2C%200%2C%200%29&value=0&SD.Platform.ID=39BD5212B7E147C4BB2598657C7226EC&SD.Platform.CT=1781414322384&SD.StudioSession.MD.Type=StartClient&SD.StudioSession.ID=6EA6A1942F214C57A6DE42308BCFC110&SD.Platform.MD.DebugVersion=FFlagStudioFlushDeferredEventsBlock%2C%20FFlagFixMissingStudioStartupSummaryEvent%2C%20FFlagFixWinStudioMissingStartEvent&SD.StudioSession.CT=1781414324104&SD.UserSession.ID=B6A04371E73F40DBA3373E22122D8E7E&SD.UserSession.CT=1781414329595&SD.UserSession.MD.Type=LoggedIn&SD.
[2026-06-13 22:19:22] >> GET /studio/e.png?studioSid=6CC0A067-6251-498D-97D7-72F82332A8A5&clientID=1983CBC1-BFEF-4E46-A6E5-7574E69AA5BC&timestamp=1781414347433&userID=14463315&placeID=9991912465&category=Error&evt=QtMessage%5FWarning&label=QWindowsWindow%3A%3AsetGeometry%3A%20Unable%20to%20set%20geometry%201563x738%2B0%2B0%20%28frame%3A%201563x738%2B0%2B0%29%20on%20QWidgetWindow%2F%22RootDockSplitLayoutPanelWindow%22%20on%20%22%5C%5C%2E%5CDISPLAY1%22%2E%20Resulting%20geometry%3A%201563x843%2B0%2B0%20%28frame%3A%201563x843%2B0%2B0%29%20margins%3A%200%2C%200%2C%200%2C%200%29&value=0&SD.Platform.ID=39BD5212B7E147C4BB2598657C7226EC&SD.Platform.CT=1781414322384&SD.StudioSession.MD.Type=StartClient&SD.StudioSession.ID=6EA6A1942F214C57A6DE42308BCFC110&SD.Platform.MD.DebugVersion=FFlagStudioFlushDeferredEventsBlock%2C%20FFlagFixMissingStudioStartupSummaryEvent%2C%20FFlagFixWinStudioMissingStartEvent&SD.StudioSession.CT=1781414324104&SD.UserSession.ID=B6A04371E73F40DBA3373E22122D8E7E&SD.UserSession.CT=1781414329595&SD.UserSession.MD.Type=
[2026-06-13 22:19:22] >> GET /studio/e.png?studioSid=6CC0A067-6251-498D-97D7-72F82332A8A5&clientID=1983CBC1-BFEF-4E46-A6E5-7574E69AA5BC&timestamp=1781414347435&userID=14463315&placeID=9991912465&category=Error&evt=QtMessage%5FWarning&label=QWindowsWindow%3A%3AsetGeometry%3A%20Unable%20to%20set%20geometry%201563x738%2B0%2B0%20%28frame%3A%201563x738%2B0%2B0%29%20on%20QWidgetWindow%2F%22Qtitan%3A%3ADockSplitLayoutPanelClassWindow%22%20on%20%22%5C%5C%2E%5CDISPLAY1%22%2E%20Resulting%20geometry%3A%201563x843%2B0%2B0%20%28frame%3A%201563x843%2B0%2B0%29%20margins%3A%200%2C%200%2C%200%2C%200%29&value=0&SD.Platform.ID=39BD5212B7E147C4BB2598657C7226EC&SD.Platform.CT=1781414322384&SD.StudioSession.MD.Type=StartClient&SD.StudioSession.ID=6EA6A1942F214C57A6DE42308BCFC110&SD.Platform.MD.DebugVersion=FFlagStudioFlushDeferredEventsBlock%2C%20FFlagFixMissingStudioStartupSummaryEvent%2C%20FFlagFixWinStudioMissingStartEvent&SD.StudioSession.CT=1781414324104&SD.UserSession.ID=B6A04371E73F40DBA3373E22122D8E7E&SD.UserSession.CT=1781414329595&SD.UserSes
[2026-06-13 22:19:22] << /studio/e.png -> {}
[2026-06-13 22:19:22] << /studio/e.png -> {}
[2026-06-13 22:19:22] << /studio/e.png -> {}
[2026-06-13 22:19:22] << /studio/e.png -> {}
[2026-06-13 22:19:22] << /studio/e.png -> {}
[2026-06-13 22:19:22] >> GET /v2/avatar-fetch/?placeId=9000000000065&userId=14463315
[2026-06-13 22:19:22] >> GET /v1/universes/9000000000064/configuration
[2026-06-13 22:19:22] << /studio/e.png -> {}
[2026-06-13 22:19:22] << /studio/e.png -> {}
[2026-06-13 22:19:22] << /studio/e.png -> {}
[2026-06-13 22:19:22] << /v1/universes/9000000000064/configuration -> {"allowPrivateServers":true,"privateServerPrice":null,"id":9000000000064,"name":"New MM2","universeAvatarType":"MorphToR15","universeScaleType":"AllScales","universeAnimationType":"PlayerChoice","universeCollisionType":"OuterBox","universeBodyType":"Standard","universeJointPositioningType":"ArtistIntent","universeAvatarAssetOverrides":[],"universeAvatarMinScales":{"height":0.9,"width":0.7,"head":0.95,"proportion":0,"bodyType":0},"universeAvatarMaxScales":{"height":1.05,"width":1,"head":1,"proportion":1,"bodyType":1},"isArchived":false,"isFriendsOnly":false,"genre":"All","playableDevices":["Computer","Phone","Tablet"],"isForSale":false,"price":0,"isStudioAccessToApisAllowed":true,"privacyType":"Public"}
[2026-06-13 22:19:22] << /v2/avatar-fetch/ -> {"resolvedAvatarType":"R15","equippedGearVersionIds":[],"backpackGearVersionIds":[],"assetAndAssetTypeIds":[{"assetId":86499666,"assetTypeId":27},{"assetId":86499716,"assetTypeId":29},{"assetId":86499698,"assetTypeId":28},{"assetId":86499753,"assetTypeId":30},{"assetId":86499793,"assetTypeId":31},{"assetId":129802039941402,"assetTypeId":11},{"assetId":123726090805165,"assetTypeId":12},{"assetId":128998214296166,"assetTypeId":41},{"assetId":121707899033152,"assetTypeId":79},{"assetId":105969766385542,"assetTypeId":46},{"assetId":14702520072,"assetTypeId":43},{"assetId":82677510121383,"assetTypeId":47},{"assetId":123726090805165,"assetTypeId":12}],"animationAssetIds":{"idle":837011741,"walk":658831143,"run":658830056,"jump":619511974,"fall":658831500,"climb":658833139},"bodyColor3s":{"headColor3":"ffcc99","torsoColor3":"ffcc99","rightArmColor3":"ffcc99","leftArmColor3":"ffcc99","rightLegColor3":"ffcc99","leftLegColor3":"ffcc99"},"scales":{"height":1.0,"width":1.0,"head":1.0,"depth":1.0,
[2026-06-13 22:19:22] >> POST /v1/persistence/sorted?key=LeaderboardJuly202399&scope=global&target=HearMeRoar
[2026-06-13 22:19:22] DS-v1: M=POST type=sorted rest= ds=LeaderboardJuly202399 scope=global target=HearMeRoar usnParam=no bodylen=2 body=[15]
[2026-06-13 22:19:22] << /v1/persistence/sorted -> {"value":15,"version":"25","usn":"25"}
[2026-06-13 22:19:22] >> GET /studio/e.png?studioSid=6CC0A067-6251-498D-97D7-72F82332A8A5&clientID=1983CBC1-BFEF-4E46-A6E5-7574E69AA5BC&timestamp=1781414347436&userID=14463315&placeID=9991912465&category=Error&evt=QtMessage%5FWarning&label=QWindowsWindow%3A%3AsetGeometry%3A%20Unable%20to%20set%20geometry%201563x738%2B0%2B0%20%28frame%3A%201563x738%2B0%2B0%29%20on%20QWidgetWindow%2F%22Qtitan%3A%3ADockSplitLayoutPanelClassWindow%22%20on%20%22%5C%5C%2E%5CDISPLAY1%22%2E%20Resulting%20geometry%3A%201563x843%2B0%2B0%20%28frame%3A%201563x843%2B0%2B0%29%20margins%3A%200%2C%200%2C%200%2C%200%29&value=0&SD.Platform.ID=39BD5212B7E147C4BB2598657C7226EC&SD.Platform.CT=1781414322384&SD.StudioSession.MD.Type=StartClient&SD.StudioSession.ID=6EA6A1942F214C57A6DE42308BCFC110&SD.Platform.MD.DebugVersion=FFlagStudioFlushDeferredEventsBlock%2C%20FFlagFixMissingStudioStartupSummaryEvent%2C%20FFlagFixWinStudioMissingStartEvent&SD.StudioSession.CT=1781414324104&SD.UserSession.ID=B6A04371E73F40DBA3373E22122D8E7E&SD.UserSession.CT=1781414329595&SD.UserSes
[2026-06-13 22:19:22] >> GET /studio/e.png?studioSid=6CC0A067-6251-498D-97D7-72F82332A8A5&clientID=1983CBC1-BFEF-4E46-A6E5-7574E69AA5BC&timestamp=1781414347436&userID=14463315&placeID=9991912465&category=Error&evt=QtMessage%5FWarning&label=QWindowsWindow%3A%3AsetGeometry%3A%20Unable%20to%20set%20geometry%201195x738%2B0%2B0%20%28frame%3A%201195x738%2B0%2B0%29%20on%20QWidgetWindow%2F%22Qtitan%3A%3ADockSplitLayoutPanelClassWindow%22%20on%20%22%5C%5C%2E%5CDISPLAY1%22%2E%20Resulting%20geometry%3A%201563x843%2B0%2B0%20%28frame%3A%201563x843%2B0%2B0%29%20margins%3A%200%2C%200%2C%200%2C%200%29&value=0&SD.Platform.ID=39BD5212B7E147C4BB2598657C7226EC&SD.Platform.CT=1781414322384&SD.StudioSession.MD.Type=StartClient&SD.StudioSession.ID=6EA6A1942F214C57A6DE42308BCFC110&SD.Platform.MD.DebugVersion=FFlagStudioFlushDeferredEventsBlock%2C%20FFlagFixMissingStudioStartupSummaryEvent%2C%20FFlagFixWinStudioMissingStartEvent&SD.StudioSession.CT=1781414324104&SD.UserSession.ID=B6A04371E73F40DBA3373E22122D8E7E&SD.UserSession.CT=1781414329595&SD.UserSes
[2026-06-13 22:19:22] >> GET /studio/e.png?studioSid=6CC0A067-6251-498D-97D7-72F82332A8A5&clientID=1983CBC1-BFEF-4E46-A6E5-7574E69AA5BC&timestamp=1781414347437&userID=14463315&placeID=9991912465&category=Error&evt=QtMessage%5FWarning&label=QWindowsWindow%3A%3AsetGeometry%3A%20Unable%20to%20set%20geometry%201195x738%2B0%2B0%20%28frame%3A%201195x738%2B0%2B0%29%20on%20QWidgetWindow%2F%22Qtitan%3A%3ADockSplitLayoutPanelClassWindow%22%20on%20%22%5C%5C%2E%5CDISPLAY1%22%2E%20Resulting%20geometry%3A%201563x843%2B0%2B0%20%28frame%3A%201563x843%2B0%2B0%29%20margins%3A%200%2C%200%2C%200%2C%200%29&value=0&SD.Platform.ID=39BD5212B7E147C4BB2598657C7226EC&SD.Platform.CT=1781414322384&SD.StudioSession.MD.Type=StartClient&SD.StudioSession.ID=6EA6A1942F214C57A6DE42308BCFC110&SD.Platform.MD.DebugVersion=FFlagStudioFlushDeferredEventsBlock%2C%20FFlagFixMissingStudioStartupSummaryEvent%2C%20FFlagFixWinStudioMissingStartEvent&SD.StudioSession.CT=1781414324104&SD.UserSession.ID=B6A04371E73F40DBA3373E22122D8E7E&SD.UserSession.CT=1781414329595&SD.UserSes
[2026-06-13 22:19:22] >> GET /studio/e.png?studioSid=6CC0A067-6251-498D-97D7-72F82332A8A5&clientID=1983CBC1-BFEF-4E46-A6E5-7574E69AA5BC&timestamp=1781414347438&userID=14463315&placeID=9991912465&category=Error&evt=QtMessage%5FWarning&label=QWindowsWindow%3A%3AsetGeometry%3A%20Unable%20to%20set%20geometry%201195x738%2B0%2B0%20%28frame%3A%201195x738%2B0%2B0%29%20on%20QWidgetWindow%2F%22Qtitan%3A%3ADockSplitLayoutPanelClassWindow%22%20on%20%22%5C%5C%2E%5CDISPLAY1%22%2E%20Resulting%20geometry%3A%201563x843%2B0%2B0%20%28frame%3A%201563x843%2B0%2B0%29%20margins%3A%200%2C%200%2C%200%2C%200%29&value=0&SD.Platform.ID=39BD5212B7E147C4BB2598657C7226EC&SD.Platform.CT=1781414322384&SD.StudioSession.MD.Type=StartClient&SD.StudioSession.ID=6EA6A1942F214C57A6DE42308BCFC110&SD.Platform.MD.DebugVersion=FFlagStudioFlushDeferredEventsBlock%2C%20FFlagFixMissingStudioStartupSummaryEvent%2C%20FFlagFixWinStudioMissingStartEvent&SD.StudioSession.CT=1781414324104&SD.UserSession.ID=B6A04371E73F40DBA3373E22122D8E7E&SD.UserSession.CT=1781414329595&SD.UserSes
[2026-06-13 22:19:22] >> GET /studio/e.png?studioSid=6CC0A067-6251-498D-97D7-72F82332A8A5&clientID=1983CBC1-BFEF-4E46-A6E5-7574E69AA5BC&timestamp=1781414347440&userID=14463315&placeID=9991912465&category=Error&evt=QtMessage%5FWarning&label=QWindowsWindow%3A%3AsetGeometry%3A%20Unable%20to%20set%20geometry%201195x738%2B0%2B0%20%28frame%3A%201195x738%2B0%2B0%29%20on%20QWidgetWindow%2F%22Qtitan%3A%3ADockSplitLayoutPanelClassWindow%22%20on%20%22%5C%5C%2E%5CDISPLAY1%22%2E%20Resulting%20geometry%3A%201563x843%2B0%2B0%20%28frame%3A%201563x843%2B0%2B0%29%20margins%3A%200%2C%200%2C%200%2C%200%29&value=0&SD.Platform.ID=39BD5212B7E147C4BB2598657C7226EC&SD.Platform.CT=1781414322384&SD.StudioSession.MD.Type=StartClient&SD.StudioSession.ID=6EA6A1942F214C57A6DE42308BCFC110&SD.Platform.MD.DebugVersion=FFlagStudioFlushDeferredEventsBlock%2C%20FFlagFixMissingStudioStartupSummaryEvent%2C%20FFlagFixWinStudioMissingStartEvent&SD.StudioSession.CT=1781414324104&SD.UserSession.ID=B6A04371E73F40DBA3373E22122D8E7E&SD.UserSession.CT=1781414329595&SD.UserSes
[2026-06-13 22:19:22] >> GET /studio/e.png?studioSid=6CC0A067-6251-498D-97D7-72F82332A8A5&clientID=1983CBC1-BFEF-4E46-A6E5-7574E69AA5BC&timestamp=1781414347443&userID=14463315&placeID=9991912465&category=Error&evt=QtMessage%5FWarning&label=QWindowsWindow%3A%3AsetGeometry%3A%20Unable%20to%20set%20geometry%201195x738%2B0%2B0%20%28frame%3A%201195x738%2B0%2B0%29%20on%20QWidgetWindow%2F%22Qtitan%3A%3ADockSplitLayoutPanelClassWindow%22%20on%20%22%5C%5C%2E%5CDISPLAY1%22%2E%20Resulting%20geometry%3A%201563x843%2B0%2B0%20%28frame%3A%201563x843%2B0%2B0%29%20margins%3A%200%2C%200%2C%200%2C%200%29&value=0&SD.Platform.ID=39BD5212B7E147C4BB2598657C7226EC&SD.Platform.CT=1781414322384&SD.StudioSession.MD.Type=StartClient&SD.StudioSession.ID=6EA6A1942F214C57A6DE42308BCFC110&SD.Platform.MD.DebugVersion=FFlagStudioFlushDeferredEventsBlock%2C%20FFlagFixMissingStudioStartupSummaryEvent%2C%20FFlagFixWinStudioMissingStartEvent&SD.StudioSession.CT=1781414324104&SD.UserSession.ID=B6A04371E73F40DBA3373E22122D8E7E&SD.UserSession.CT=1781414329595&SD.UserSes
[2026-06-13 22:19:22] >> GET /studio/e.png?studioSid=6CC0A067-6251-498D-97D7-72F82332A8A5&clientID=1983CBC1-BFEF-4E46-A6E5-7574E69AA5BC&timestamp=1781414347444&userID=14463315&placeID=9991912465&category=Error&evt=QtMessage%5FWarning&label=QWindowsWindow%3A%3AsetGeometry%3A%20Unable%20to%20set%20geometry%201195x738%2B0%2B0%20%28frame%3A%201195x738%2B0%2B0%29%20on%20QWidgetWindow%2F%22Qtitan%3A%3ADockDocumentLayoutPanelClassWindow%22%20on%20%22%5C%5C%2E%5CDISPLAY1%22%2E%20Resulting%20geometry%3A%201563x843%2B0%2B0%20%28frame%3A%201563x843%2B0%2B0%29%20margins%3A%200%2C%200%2C%200%2C%200%29&value=0&SD.Platform.ID=39BD5212B7E147C4BB2598657C7226EC&SD.Platform.CT=1781414322384&SD.StudioSession.MD.Type=StartClient&SD.StudioSession.ID=6EA6A1942F214C57A6DE42308BCFC110&SD.Platform.MD.DebugVersion=FFlagStudioFlushDeferredEventsBlock%2C%20FFlagFixMissingStudioStartupSummaryEvent%2C%20FFlagFixWinStudioMissingStartEvent&SD.StudioSession.CT=1781414324104&SD.UserSession.ID=B6A04371E73F40DBA3373E22122D8E7E&SD.UserSession.CT=1781414329595&SD.User
[2026-06-13 22:19:22] >> GET /studio/e.png?studioSid=6CC0A067-6251-498D-97D7-72F82332A8A5&clientID=1983CBC1-BFEF-4E46-A6E5-7574E69AA5BC&timestamp=1781414347447&userID=14463315&placeID=9991912465&category=Error&evt=QtMessage%5FWarning&label=QWindowsWindow%3A%3AsetGeometry%3A%20Unable%20to%20set%20geometry%201195x318%2B0%2B0%20%28frame%3A%201195x318%2B0%2B0%29%20on%20QWidgetWindow%2F%22Qtitan%3A%3ADockDocumentTabbedLayoutPanelClassWindow%22%20on%20%22%5C%5C%2E%5CDISPLAY1%22%2E%20Resulting%20geometry%3A%201563x843%2B0%2B0%20%28frame%3A%201563x843%2B0%2B0%29%20margins%3A%200%2C%200%2C%200%2C%200%29&value=0&SD.Platform.ID=39BD5212B7E147C4BB2598657C7226EC&SD.Platform.CT=1781414322384&SD.StudioSession.MD.Type=StartClient&SD.StudioSession.ID=6EA6A1942F214C57A6DE42308BCFC110&SD.Platform.MD.DebugVersion=FFlagStudioFlushDeferredEventsBlock%2C%20FFlagFixMissingStudioStartupSummaryEvent%2C%20FFlagFixWinStudioMissingStartEvent&SD.StudioSession.CT=1781414324104&SD.UserSession.ID=B6A04371E73F40DBA3373E22122D8E7E&SD.UserSession.CT=1781414329595&S
[2026-06-13 22:19:22] << /studio/e.png -> {}
[2026-06-13 22:19:22] << /studio/e.png -> {}
[2026-06-13 22:19:22] << /studio/e.png -> {}
[2026-06-13 22:19:22] << /studio/e.png -> {}
[2026-06-13 22:19:22] << /studio/e.png -> {}
[2026-06-13 22:19:22] << /studio/e.png -> {}
[2026-06-13 22:19:22] << /studio/e.png -> {}
[2026-06-13 22:19:22] << /studio/e.png -> {}
[2026-06-13 22:19:22] >> GET /v2/users/14463315/inventory/61?limit=50&cursor=
[2026-06-13 22:19:22] >> GET /v1/asset/?id=86499666&serverplaceid=9000000000065
[2026-06-13 22:19:22] >> GET /v1/asset/?id=129802039941402&serverplaceid=9000000000065
[2026-06-13 22:19:22] >> GET /v1/asset/?id=86499698&serverplaceid=9000000000065
[2026-06-13 22:19:22] >> GET /v1/asset/?id=123726090805165&serverplaceid=9000000000065
[2026-06-13 22:19:22] >> GET /v1/asset/?id=121707899033152&serverplaceid=9000000000065
[2026-06-13 22:19:22] >> GET /v1/asset/?id=86499716&serverplaceid=9000000000065
[2026-06-13 22:19:22] << /v2/users/14463315/inventory/61 -> {}
[2026-06-13 22:19:22] Asset 86499666 fetched OK (16727 bytes)
[2026-06-13 22:19:22] Asset 123726090805165 fetched OK (539 bytes)
[2026-06-13 22:19:22] Asset 86499698 fetched OK (12932 bytes)
[2026-06-13 22:19:22] Asset 121707899033152 fetched OK (1210 bytes)
[2026-06-13 22:19:23] Asset 86499716 fetched OK (6724 bytes)
[2026-06-13 22:19:23] Asset 129802039941402 fetched OK (539 bytes)
[2026-06-13 22:19:23] >> GET /v1/asset/?id=86499753&serverplaceid=9000000000065
[2026-06-13 22:19:23] >> GET /v1/asset/?id=86499793&serverplaceid=9000000000065
[2026-06-13 22:19:23] >> GET /studio/e.png?studioSid=6CC0A067-6251-498D-97D7-72F82332A8A5&clientID=1983CBC1-BFEF-4E46-A6E5-7574E69AA5BC&timestamp=1781414347448&userID=14463315&placeID=9991912465&category=Error&evt=QtMessage%5FWarning&label=QWindowsWindow%3A%3AsetGeometry%3A%20Unable%20to%20set%20geometry%201195x288%2B0%2B30%20%28frame%3A%201195x288%2B0%2B30%29%20on%20QWidgetWindow%2F%22ideDocDocumentPanelWindow%22%20on%20%22%5C%5C%2E%5CDISPLAY1%22%2E%20Resulting%20geometry%3A%201563x843%2B0%2B0%20%28frame%3A%201563x843%2B0%2B0%29%20margins%3A%200%2C%200%2C%200%2C%200%29&value=0&SD.Platform.ID=39BD5212B7E147C4BB2598657C7226EC&SD.Platform.CT=1781414322384&SD.StudioSession.MD.Type=StartClient&SD.StudioSession.ID=6EA6A1942F214C57A6DE42308BCFC110&SD.Platform.MD.DebugVersion=FFlagStudioFlushDeferredEventsBlock%2C%20FFlagFixMissingStudioStartupSummaryEvent%2C%20FFlagFixWinStudioMissingStartEvent&SD.StudioSession.CT=1781414324104&SD.UserSession.ID=B6A04371E73F40DBA3373E22122D8E7E&SD.UserSession.CT=1781414329595&SD.UserSession.MD.Type=Log
[2026-06-13 22:19:23] >> GET /studio/e.png?studioSid=6CC0A067-6251-498D-97D7-72F82332A8A5&clientID=1983CBC1-BFEF-4E46-A6E5-7574E69AA5BC&timestamp=1781414347449&userID=14463315&placeID=9991912465&category=Error&evt=QtMessage%5FWarning&label=QWindowsWindow%3A%3AsetGeometry%3A%20Unable%20to%20set%20geometry%201193x285%2B1%2B1%20%28frame%3A%201193x285%2B1%2B1%29%20on%20QWidgetWindow%2F%22QStackedWidgetClassWindow%22%20on%20%22%5C%5C%2E%5CDISPLAY1%22%2E%20Resulting%20geometry%3A%201563x843%2B0%2B0%20%28frame%3A%201563x843%2B0%2B0%29%20margins%3A%200%2C%200%2C%200%2C%200%29&value=0&SD.Platform.ID=39BD5212B7E147C4BB2598657C7226EC&SD.Platform.CT=1781414322384&SD.StudioSession.MD.Type=StartClient&SD.StudioSession.ID=6EA6A1942F214C57A6DE42308BCFC110&SD.Platform.MD.DebugVersion=FFlagStudioFlushDeferredEventsBlock%2C%20FFlagFixMissingStudioStartupSummaryEvent%2C%20FFlagFixWinStudioMissingStartEvent&SD.StudioSession.CT=1781414324104&SD.UserSession.ID=B6A04371E73F40DBA3373E22122D8E7E&SD.UserSession.CT=1781414329595&SD.UserSession.MD.Type=Logge
[2026-06-13 22:19:23] >> GET /studio/e.png?studioSid=6CC0A067-6251-498D-97D7-72F82332A8A5&clientID=1983CBC1-BFEF-4E46-A6E5-7574E69AA5BC&timestamp=1781414347449&userID=14463315&placeID=9991912465&category=Error&evt=QtMessage%5FWarning&label=QWindowsWindow%3A%3AsetGeometry%3A%20Unable%20to%20set%20geometry%201193x285%2B0%2B0%20%28frame%3A%201193x285%2B0%2B0%29%20on%20QWidgetWindow%2F%22QWidgetClassWindow%22%20on%20%22%5C%5C%2E%5CDISPLAY1%22%2E%20Resulting%20geometry%3A%201563x843%2B0%2B0%20%28frame%3A%201563x843%2B0%2B0%29%20margins%3A%200%2C%200%2C%200%2C%200%29&value=0&SD.Platform.ID=39BD5212B7E147C4BB2598657C7226EC&SD.Platform.CT=1781414322384&SD.StudioSession.MD.Type=StartClient&SD.StudioSession.ID=6EA6A1942F214C57A6DE42308BCFC110&SD.Platform.MD.DebugVersion=FFlagStudioFlushDeferredEventsBlock%2C%20FFlagFixMissingStudioStartupSummaryEvent%2C%20FFlagFixWinStudioMissingStartEvent&SD.StudioSession.CT=1781414324104&SD.UserSession.ID=B6A04371E73F40DBA3373E22122D8E7E&SD.UserSession.CT=1781414329595&SD.UserSession.MD.Type=LoggedIn&SD.
[2026-06-13 22:19:23] >> GET /studio/e.png?studioSid=6CC0A067-6251-498D-97D7-72F82332A8A5&clientID=1983CBC1-BFEF-4E46-A6E5-7574E69AA5BC&timestamp=1781414347450&userID=14463315&placeID=9991912465&category=Error&evt=QtMessage%5FWarning&label=QWindowsWindow%3A%3AsetGeometry%3A%20Unable%20to%20set%20geometry%201193x285%2B0%2B0%20%28frame%3A%201193x285%2B0%2B0%29%20on%20QWidgetWindow%2F%22QScrollAreaClassWindow%22%20on%20%22%5C%5C%2E%5CDISPLAY1%22%2E%20Resulting%20geometry%3A%201563x843%2B0%2B0%20%28frame%3A%201563x843%2B0%2B0%29%20margins%3A%200%2C%200%2C%200%2C%200%29&value=0&SD.Platform.ID=39BD5212B7E147C4BB2598657C7226EC&SD.Platform.CT=1781414322384&SD.StudioSession.MD.Type=StartClient&SD.StudioSession.ID=6EA6A1942F214C57A6DE42308BCFC110&SD.Platform.MD.DebugVersion=FFlagStudioFlushDeferredEventsBlock%2C%20FFlagFixMissingStudioStartupSummaryEvent%2C%20FFlagFixWinStudioMissingStartEvent&SD.StudioSession.CT=1781414324104&SD.UserSession.ID=B6A04371E73F40DBA3373E22122D8E7E&SD.UserSession.CT=1781414329595&SD.UserSession.MD.Type=LoggedIn
[2026-06-13 22:19:23] >> GET /studio/e.png?studioSid=6CC0A067-6251-498D-97D7-72F82332A8A5&clientID=1983CBC1-BFEF-4E46-A6E5-7574E69AA5BC&timestamp=1781414347451&userID=14463315&placeID=9991912465&category=Error&evt=QtMessage%5FWarning&label=QWindowsWindow%3A%3AsetGeometry%3A%20Unable%20to%20set%20geometry%201193x285%2B0%2B0%20%28frame%3A%201193x285%2B0%2B0%29%20on%20QWidgetWindow%2F%22qt%5Fscrollarea%5FviewportWindow%22%20on%20%22%5C%5C%2E%5CDISPLAY1%22%2E%20Resulting%20geometry%3A%201563x843%2B0%2B0%20%28frame%3A%201563x843%2B0%2B0%29%20margins%3A%200%2C%200%2C%200%2C%200%29&value=0&SD.Platform.ID=39BD5212B7E147C4BB2598657C7226EC&SD.Platform.CT=1781414322384&SD.StudioSession.MD.Type=StartClient&SD.StudioSession.ID=6EA6A1942F214C57A6DE42308BCFC110&SD.Platform.MD.DebugVersion=FFlagStudioFlushDeferredEventsBlock%2C%20FFlagFixMissingStudioStartupSummaryEvent%2C%20FFlagFixWinStudioMissingStartEvent&SD.StudioSession.CT=1781414324104&SD.UserSession.ID=B6A04371E73F40DBA3373E22122D8E7E&SD.UserSession.CT=1781414329595&SD.UserSession.MD.Typ
[2026-06-13 22:19:23] >> GET /studio/e.png?studioSid=6CC0A067-6251-498D-97D7-72F82332A8A5&clientID=1983CBC1-BFEF-4E46-A6E5-7574E69AA5BC&timestamp=1781414347452&userID=14463315&placeID=9991912465&category=Error&evt=QtMessage%5FWarning&label=QWindowsWindow%3A%3AsetGeometry%3A%20Unable%20to%20set%20geometry%201193x285%2B0%2B0%20%28frame%3A%201193x285%2B0%2B0%29%20on%20QWidgetWindow%2F%22QWidgetClassWindow%22%20on%20%22%5C%5C%2E%5CDISPLAY1%22%2E%20Resulting%20geometry%3A%201563x843%2B0%2B0%20%28frame%3A%201563x843%2B0%2B0%29%20margins%3A%200%2C%200%2C%200%2C%200%29&value=0&SD.Platform.ID=39BD5212B7E147C4BB2598657C7226EC&SD.Platform.CT=1781414322384&SD.StudioSession.MD.Type=StartClient&SD.StudioSession.ID=6EA6A1942F214C57A6DE42308BCFC110&SD.Platform.MD.DebugVersion=FFlagStudioFlushDeferredEventsBlock%2C%20FFlagFixMissingStudioStartupSummaryEvent%2C%20FFlagFixWinStudioMissingStartEvent&SD.StudioSession.CT=1781414324104&SD.UserSession.ID=B6A04371E73F40DBA3373E22122D8E7E&SD.UserSession.CT=1781414329595&SD.UserSession.MD.Type=LoggedIn&SD.
[2026-06-13 22:19:23] >> GET /studio/e.png?studioSid=6CC0A067-6251-498D-97D7-72F82332A8A5&clientID=1983CBC1-BFEF-4E46-A6E5-7574E69AA5BC&timestamp=1781414347452&userID=14463315&placeID=9991912465&category=Error&evt=QtMessage%5FWarning&label=QWindowsWindow%3A%3AsetGeometry%3A%20Unable%20to%20set%20geometry%201193x285%2B0%2B0%20%28frame%3A%201193x285%2B0%2B0%29%20on%20QWidgetWindow%2F%22QWidgetClassWindow%22%20on%20%22%5C%5C%2E%5CDISPLAY1%22%2E%20Resulting%20geometry%3A%201563x843%2B0%2B0%20%28frame%3A%201563x843%2B0%2B0%29%20margins%3A%200%2C%200%2C%200%2C%200%29&value=0&SD.Platform.ID=39BD5212B7E147C4BB2598657C7226EC&SD.Platform.CT=1781414322384&SD.StudioSession.MD.Type=StartClient&SD.StudioSession.ID=6EA6A1942F214C57A6DE42308BCFC110&SD.Platform.MD.DebugVersion=FFlagStudioFlushDeferredEventsBlock%2C%20FFlagFixMissingStudioStartupSummaryEvent%2C%20FFlagFixWinStudioMissingStartEvent&SD.StudioSession.CT=1781414324104&SD.UserSession.ID=B6A04371E73F40DBA3373E22122D8E7E&SD.UserSession.CT=1781414329595&SD.UserSession.MD.Type=LoggedIn&SD.
[2026-06-13 22:19:23] >> GET /studio/e.png?studioSid=6CC0A067-6251-498D-97D7-72F82332A8A5&clientID=1983CBC1-BFEF-4E46-A6E5-7574E69AA5BC&timestamp=1781414347453&userID=14463315&placeID=9991912465&category=Error&evt=QtMessage%5FWarning&label=QWindowsWindow%3A%3AsetGeometry%3A%20Unable%20to%20set%20geometry%201193x285%2B0%2B0%20%28frame%3A%201193x285%2B0%2B0%29%20on%20QWidgetWindow%2F%22QOgreWidgetWindow%22%20on%20%22%5C%5C%2E%5CDISPLAY1%22%2E%20Resulting%20geometry%3A%201563x843%2B0%2B0%20%28frame%3A%201563x843%2B0%2B0%29%20margins%3A%200%2C%200%2C%200%2C%200%29&value=0&SD.Platform.ID=39BD5212B7E147C4BB2598657C7226EC&SD.Platform.CT=1781414322384&SD.StudioSession.MD.Type=StartClient&SD.StudioSession.ID=6EA6A1942F214C57A6DE42308BCFC110&SD.Platform.MD.DebugVersion=FFlagStudioFlushDeferredEventsBlock%2C%20FFlagFixMissingStudioStartupSummaryEvent%2C%20FFlagFixWinStudioMissingStartEvent&SD.StudioSession.CT=1781414324104&SD.UserSession.ID=B6A04371E73F40DBA3373E22122D8E7E&SD.UserSession.CT=1781414329595&SD.UserSession.MD.Type=LoggedIn&SD.M
[2026-06-13 22:19:23] << /studio/e.png -> {}
[2026-06-13 22:19:23] << /studio/e.png -> {}
[2026-06-13 22:19:23] << /studio/e.png -> {}
[2026-06-13 22:19:23] << /studio/e.png -> {}
[2026-06-13 22:19:23] << /studio/e.png -> {}
[2026-06-13 22:19:23] << /studio/e.png -> {}
[2026-06-13 22:19:23] << /studio/e.png -> {}
[2026-06-13 22:19:23] << /studio/e.png -> {}
[2026-06-13 22:19:23] Asset 86499753 fetched OK (12369 bytes)
[2026-06-13 22:19:23] Asset 86499793 fetched OK (12356 bytes)
[2026-06-13 22:19:23] >> GET /v1/asset/?id=128998214296166&serverplaceid=9000000000065
[2026-06-13 22:19:23] >> GET /v1/asset/?id=14702520072&serverplaceid=9000000000065
[2026-06-13 22:19:23] >> GET /v1/asset/?id=105969766385542&serverplaceid=9000000000065
[2026-06-13 22:19:23] >> GET /v1/asset/?id=82677510121383&serverplaceid=9000000000065
[2026-06-13 22:19:23] >> GET /v1/asset/?id=658831143&serverplaceid=9000000000065
[2026-06-13 22:19:23] >> GET /v1/asset/?id=658830056&serverplaceid=9000000000065
[2026-06-13 22:19:23] Asset 105969766385542 fetched OK (5474 bytes)
[2026-06-13 22:19:23] Asset 128998214296166 fetched OK (5462 bytes)
[2026-06-13 22:19:23] Asset 82677510121383 fetched OK (5567 bytes)
[2026-06-13 22:19:23] Asset 658831143 fetched OK (918 bytes)
[2026-06-13 22:19:23] Asset 14702520072 fetched OK (6300 bytes)
[2026-06-13 22:19:23] Asset 658830056 fetched OK (916 bytes)
[2026-06-13 22:19:23] >> GET /studio/e.png?studioSid=6CC0A067-6251-498D-97D7-72F82332A8A5&clientID=1983CBC1-BFEF-4E46-A6E5-7574E69AA5BC&timestamp=1781414347473&userID=14463315&placeID=9991912465&category=Error&evt=QtMessage%5FWarning&label=QWindowsWindow%3A%3AsetGeometry%3A%20Unable%20to%20set%20geometry%201195x843%2B0%2B0%20%28frame%3A%201195x843%2B0%2B0%29%20on%20QWidgetWindow%2F%22Qtitan%3A%3ADockSplitLayoutPanelClassWindow%22%20on%20%22%5C%5C%2E%5CDISPLAY1%22%2E%20Resulting%20geometry%3A%201563x843%2B0%2B0%20%28frame%3A%201563x843%2B0%2B0%29%20margins%3A%200%2C%200%2C%200%2C%200%29&value=0&SD.Platform.ID=39BD5212B7E147C4BB2598657C7226EC&SD.Platform.CT=1781414322384&SD.StudioSession.MD.Type=StartClient&SD.StudioSession.ID=6EA6A1942F214C57A6DE42308BCFC110&SD.Platform.MD.DebugVersion=FFlagStudioFlushDeferredEventsBlock%2C%20FFlagFixMissingStudioStartupSummaryEvent%2C%20FFlagFixWinStudioMissingStartEvent&SD.StudioSession.CT=1781414324104&SD.UserSession.ID=B6A04371E73F40DBA3373E22122D8E7E&SD.UserSession.CT=1781414329595&SD.UserSes
[2026-06-13 22:19:23] >> GET /studio/e.png?studioSid=6CC0A067-6251-498D-97D7-72F82332A8A5&clientID=1983CBC1-BFEF-4E46-A6E5-7574E69AA5BC&timestamp=1781414347475&userID=14463315&placeID=9991912465&category=Error&evt=QtMessage%5FWarning&label=QWindowsWindow%3A%3AsetGeometry%3A%20Unable%20to%20set%20geometry%201195x843%2B0%2B0%20%28frame%3A%201195x843%2B0%2B0%29%20on%20QWidgetWindow%2F%22Qtitan%3A%3ADockSplitLayoutPanelClassWindow%22%20on%20%22%5C%5C%2E%5CDISPLAY1%22%2E%20Resulting%20geometry%3A%201563x843%2B0%2B0%20%28frame%3A%201563x843%2B0%2B0%29%20margins%3A%200%2C%200%2C%200%2C%200%29&value=0&SD.Platform.ID=39BD5212B7E147C4BB2598657C7226EC&SD.Platform.CT=1781414322384&SD.StudioSession.MD.Type=StartClient&SD.StudioSession.ID=6EA6A1942F214C57A6DE42308BCFC110&SD.Platform.MD.DebugVersion=FFlagStudioFlushDeferredEventsBlock%2C%20FFlagFixMissingStudioStartupSummaryEvent%2C%20FFlagFixWinStudioMissingStartEvent&SD.StudioSession.CT=1781414324104&SD.UserSession.ID=B6A04371E73F40DBA3373E22122D8E7E&SD.UserSession.CT=1781414329595&SD.UserSes
[2026-06-13 22:19:23] >> GET /studio/e.png?studioSid=6CC0A067-6251-498D-97D7-72F82332A8A5&clientID=1983CBC1-BFEF-4E46-A6E5-7574E69AA5BC&timestamp=1781414347475&userID=14463315&placeID=9991912465&category=Error&evt=QtMessage%5FWarning&label=QWindowsWindow%3A%3AsetGeometry%3A%20Unable%20to%20set%20geometry%201195x843%2B0%2B0%20%28frame%3A%201195x843%2B0%2B0%29%20on%20QWidgetWindow%2F%22Qtitan%3A%3ADockSplitLayoutPanelClassWindow%22%20on%20%22%5C%5C%2E%5CDISPLAY1%22%2E%20Resulting%20geometry%3A%201563x843%2B0%2B0%20%28frame%3A%201563x843%2B0%2B0%29%20margins%3A%200%2C%200%2C%200%2C%200%29&value=0&SD.Platform.ID=39BD5212B7E147C4BB2598657C7226EC&SD.Platform.CT=1781414322384&SD.StudioSession.MD.Type=StartClient&SD.StudioSession.ID=6EA6A1942F214C57A6DE42308BCFC110&SD.Platform.MD.DebugVersion=FFlagStudioFlushDeferredEventsBlock%2C%20FFlagFixMissingStudioStartupSummaryEvent%2C%20FFlagFixWinStudioMissingStartEvent&SD.StudioSession.CT=1781414324104&SD.UserSession.ID=B6A04371E73F40DBA3373E22122D8E7E&SD.UserSession.CT=1781414329595&SD.UserSes
[2026-06-13 22:19:23] >> GET /studio/e.png?studioSid=6CC0A067-6251-498D-97D7-72F82332A8A5&clientID=1983CBC1-BFEF-4E46-A6E5-7574E69AA5BC&timestamp=1781414347475&userID=14463315&placeID=9991912465&category=Error&evt=QtMessage%5FWarning&label=QWindowsWindow%3A%3AsetGeometry%3A%20Unable%20to%20set%20geometry%201195x843%2B0%2B0%20%28frame%3A%201195x843%2B0%2B0%29%20on%20QWidgetWindow%2F%22Qtitan%3A%3ADockSplitLayoutPanelClassWindow%22%20on%20%22%5C%5C%2E%5CDISPLAY1%22%2E%20Resulting%20geometry%3A%201563x843%2B0%2B0%20%28frame%3A%201563x843%2B0%2B0%29%20margins%3A%200%2C%200%2C%200%2C%200%29&value=0&SD.Platform.ID=39BD5212B7E147C4BB2598657C7226EC&SD.Platform.CT=1781414322384&SD.StudioSession.MD.Type=StartClient&SD.StudioSession.ID=6EA6A1942F214C57A6DE42308BCFC110&SD.Platform.MD.DebugVersion=FFlagStudioFlushDeferredEventsBlock%2C%20FFlagFixMissingStudioStartupSummaryEvent%2C%20FFlagFixWinStudioMissingStartEvent&SD.StudioSession.CT=1781414324104&SD.UserSession.ID=B6A04371E73F40DBA3373E22122D8E7E&SD.UserSession.CT=1781414329595&SD.UserSes
[2026-06-13 22:19:23] >> GET /studio/e.png?studioSid=6CC0A067-6251-498D-97D7-72F82332A8A5&clientID=1983CBC1-BFEF-4E46-A6E5-7574E69AA5BC&timestamp=1781414347476&userID=14463315&placeID=9991912465&category=Error&evt=QtMessage%5FWarning&label=QWindowsWindow%3A%3AsetGeometry%3A%20Unable%20to%20set%20geometry%201195x843%2B0%2B0%20%28frame%3A%201195x843%2B0%2B0%29%20on%20QWidgetWindow%2F%22Qtitan%3A%3ADockSplitLayoutPanelClassWindow%22%20on%20%22%5C%5C%2E%5CDISPLAY1%22%2E%20Resulting%20geometry%3A%201563x843%2B0%2B0%20%28frame%3A%201563x843%2B0%2B0%29%20margins%3A%200%2C%200%2C%200%2C%200%29&value=0&SD.Platform.ID=39BD5212B7E147C4BB2598657C7226EC&SD.Platform.CT=1781414322384&SD.StudioSession.MD.Type=StartClient&SD.StudioSession.ID=6EA6A1942F214C57A6DE42308BCFC110&SD.Platform.MD.DebugVersion=FFlagStudioFlushDeferredEventsBlock%2C%20FFlagFixMissingStudioStartupSummaryEvent%2C%20FFlagFixWinStudioMissingStartEvent&SD.StudioSession.CT=1781414324104&SD.UserSession.ID=B6A04371E73F40DBA3373E22122D8E7E&SD.UserSession.CT=1781414329595&SD.UserSes
[2026-06-13 22:19:23] >> GET /studio/e.png?studioSid=6CC0A067-6251-498D-97D7-72F82332A8A5&clientID=1983CBC1-BFEF-4E46-A6E5-7574E69AA5BC&timestamp=1781414347476&userID=14463315&placeID=9991912465&category=Error&evt=QtMessage%5FWarning&label=QWindowsWindow%3A%3AsetGeometry%3A%20Unable%20to%20set%20geometry%201195x843%2B0%2B0%20%28frame%3A%201195x843%2B0%2B0%29%20on%20QWidgetWindow%2F%22Qtitan%3A%3ADockDocumentLayoutPanelClassWindow%22%20on%20%22%5C%5C%2E%5CDISPLAY1%22%2E%20Resulting%20geometry%3A%201563x843%2B0%2B0%20%28frame%3A%201563x843%2B0%2B0%29%20margins%3A%200%2C%200%2C%200%2C%200%29&value=0&SD.Platform.ID=39BD5212B7E147C4BB2598657C7226EC&SD.Platform.CT=1781414322384&SD.StudioSession.MD.Type=StartClient&SD.StudioSession.ID=6EA6A1942F214C57A6DE42308BCFC110&SD.Platform.MD.DebugVersion=FFlagStudioFlushDeferredEventsBlock%2C%20FFlagFixMissingStudioStartupSummaryEvent%2C%20FFlagFixWinStudioMissingStartEvent&SD.StudioSession.CT=1781414324104&SD.UserSession.ID=B6A04371E73F40DBA3373E22122D8E7E&SD.UserSession.CT=1781414329595&SD.User
[2026-06-13 22:19:23] >> GET /studio/e.png?studioSid=6CC0A067-6251-498D-97D7-72F82332A8A5&clientID=1983CBC1-BFEF-4E46-A6E5-7574E69AA5BC&timestamp=1781414347477&userID=14463315&placeID=9991912465&category=Error&evt=QtMessage%5FWarning&label=QWindowsWindow%3A%3AsetGeometry%3A%20Unable%20to%20set%20geometry%201195x363%2B0%2B0%20%28frame%3A%201195x363%2B0%2B0%29%20on%20QWidgetWindow%2F%22Qtitan%3A%3ADockDocumentTabbedLayoutPanelClassWindow%22%20on%20%22%5C%5C%2E%5CDISPLAY1%22%2E%20Resulting%20geometry%3A%201563x843%2B0%2B0%20%28frame%3A%201563x843%2B0%2B0%29%20margins%3A%200%2C%200%2C%200%2C%200%29&value=0&SD.Platform.ID=39BD5212B7E147C4BB2598657C7226EC&SD.Platform.CT=1781414322384&SD.StudioSession.MD.Type=StartClient&SD.StudioSession.ID=6EA6A1942F214C57A6DE42308BCFC110&SD.Platform.MD.DebugVersion=FFlagStudioFlushDeferredEventsBlock%2C%20FFlagFixMissingStudioStartupSummaryEvent%2C%20FFlagFixWinStudioMissingStartEvent&SD.StudioSession.CT=1781414324104&SD.UserSession.ID=B6A04371E73F40DBA3373E22122D8E7E&SD.UserSession.CT=1781414329595&S
[2026-06-13 22:19:23] >> GET /studio/e.png?studioSid=6CC0A067-6251-498D-97D7-72F82332A8A5&clientID=1983CBC1-BFEF-4E46-A6E5-7574E69AA5BC&timestamp=1781414347477&userID=14463315&placeID=9991912465&category=Error&evt=QtMessage%5FWarning&label=QWindowsWindow%3A%3AsetGeometry%3A%20Unable%20to%20set%20geometry%201195x333%2B0%2B30%20%28frame%3A%201195x333%2B0%2B30%29%20on%20QWidgetWindow%2F%22ideDocDocumentPanelWindow%22%20on%20%22%5C%5C%2E%5CDISPLAY1%22%2E%20Resulting%20geometry%3A%201563x843%2B0%2B0%20%28frame%3A%201563x843%2B0%2B0%29%20margins%3A%200%2C%200%2C%200%2C%200%29&value=0&SD.Platform.ID=39BD5212B7E147C4BB2598657C7226EC&SD.Platform.CT=1781414322384&SD.StudioSession.MD.Type=StartClient&SD.StudioSession.ID=6EA6A1942F214C57A6DE42308BCFC110&SD.Platform.MD.DebugVersion=FFlagStudioFlushDeferredEventsBlock%2C%20FFlagFixMissingStudioStartupSummaryEvent%2C%20FFlagFixWinStudioMissingStartEvent&SD.StudioSession.CT=1781414324104&SD.UserSession.ID=B6A04371E73F40DBA3373E22122D8E7E&SD.UserSession.CT=1781414329595&SD.UserSession.MD.Type=Log
[2026-06-13 22:19:23] << /studio/e.png -> {}
[2026-06-13 22:19:23] << /studio/e.png -> {}
[2026-06-13 22:19:23] << /studio/e.png -> {}
[2026-06-13 22:19:23] << /studio/e.png -> {}
[2026-06-13 22:19:23] << /studio/e.png -> {}
[2026-06-13 22:19:23] << /studio/e.png -> {}
[2026-06-13 22:19:23] >> GET /v1/asset/?id=658831500&serverplaceid=9000000000065
[2026-06-13 22:19:23] >> GET /v1/asset/?id=619511974&serverplaceid=9000000000065
[2026-06-13 22:19:23] << /studio/e.png -> {}
[2026-06-13 22:19:23] << /studio/e.png -> {}
[2026-06-13 22:19:23] Asset 658831500 fetched OK (918 bytes)
[2026-06-13 22:19:23] >> GET /v1/asset/?id=658833139&serverplaceid=9000000000065
[2026-06-13 22:19:23] >> GET /v1/asset/?id=837011741&serverplaceid=9000000000065
[2026-06-13 22:19:23] >> GET /v1/persistence/sorted/list?scope=global&key=LeaderboardJuly2022&pageSize=100&direction=dsc&minValue=0
[2026-06-13 22:19:23] Asset 619511974 fetched OK (918 bytes)
[2026-06-13 22:19:23] DS-v1: M=GET type=sorted rest=/list ds=LeaderboardJuly2022 scope=global target= usnParam=no bodylen=0 body=[]
[2026-06-13 22:19:23] << /v1/persistence/sorted/list -> {"entries":[],"lastEvaluatedKey":null}
[2026-06-13 22:19:23] Asset 658833139 fetched OK (920 bytes)
[2026-06-13 22:19:23] Asset 837011741 fetched OK (1315 bytes)
[2026-06-13 22:19:23] >> GET /studio/e.png?studioSid=6CC0A067-6251-498D-97D7-72F82332A8A5&clientID=1983CBC1-BFEF-4E46-A6E5-7574E69AA5BC&timestamp=1781414347477&userID=14463315&placeID=9991912465&category=Error&evt=QtMessage%5FWarning&label=QWindowsWindow%3A%3AsetGeometry%3A%20Unable%20to%20set%20geometry%201193x330%2B1%2B1%20%28frame%3A%201193x330%2B1%2B1%29%20on%20QWidgetWindow%2F%22QStackedWidgetClassWindow%22%20on%20%22%5C%5C%2E%5CDISPLAY1%22%2E%20Resulting%20geometry%3A%201563x843%2B0%2B0%20%28frame%3A%201563x843%2B0%2B0%29%20margins%3A%200%2C%200%2C%200%2C%200%29&value=0&SD.Platform.ID=39BD5212B7E147C4BB2598657C7226EC&SD.Platform.CT=1781414322384&SD.StudioSession.MD.Type=StartClient&SD.StudioSession.ID=6EA6A1942F214C57A6DE42308BCFC110&SD.Platform.MD.DebugVersion=FFlagStudioFlushDeferredEventsBlock%2C%20FFlagFixMissingStudioStartupSummaryEvent%2C%20FFlagFixWinStudioMissingStartEvent&SD.StudioSession.CT=1781414324104&SD.UserSession.ID=B6A04371E73F40DBA3373E22122D8E7E&SD.UserSession.CT=1781414329595&SD.UserSession.MD.Type=Logge
[2026-06-13 22:19:23] >> GET /studio/e.png?studioSid=6CC0A067-6251-498D-97D7-72F82332A8A5&clientID=1983CBC1-BFEF-4E46-A6E5-7574E69AA5BC&timestamp=1781414347478&userID=14463315&placeID=9991912465&category=Error&evt=QtMessage%5FWarning&label=QWindowsWindow%3A%3AsetGeometry%3A%20Unable%20to%20set%20geometry%201193x330%2B0%2B0%20%28frame%3A%201193x330%2B0%2B0%29%20on%20QWidgetWindow%2F%22QWidgetClassWindow%22%20on%20%22%5C%5C%2E%5CDISPLAY1%22%2E%20Resulting%20geometry%3A%201563x843%2B0%2B0%20%28frame%3A%201563x843%2B0%2B0%29%20margins%3A%200%2C%200%2C%200%2C%200%29&value=0&SD.Platform.ID=39BD5212B7E147C4BB2598657C7226EC&SD.Platform.CT=1781414322384&SD.StudioSession.MD.Type=StartClient&SD.StudioSession.ID=6EA6A1942F214C57A6DE42308BCFC110&SD.Platform.MD.DebugVersion=FFlagStudioFlushDeferredEventsBlock%2C%20FFlagFixMissingStudioStartupSummaryEvent%2C%20FFlagFixWinStudioMissingStartEvent&SD.StudioSession.CT=1781414324104&SD.UserSession.ID=B6A04371E73F40DBA3373E22122D8E7E&SD.UserSession.CT=1781414329595&SD.UserSession.MD.Type=LoggedIn&SD.
[2026-06-13 22:19:23] >> GET /studio/e.png?studioSid=6CC0A067-6251-498D-97D7-72F82332A8A5&clientID=1983CBC1-BFEF-4E46-A6E5-7574E69AA5BC&timestamp=1781414347478&userID=14463315&placeID=9991912465&category=Error&evt=QtMessage%5FWarning&label=QWindowsWindow%3A%3AsetGeometry%3A%20Unable%20to%20set%20geometry%201193x330%2B0%2B0%20%28frame%3A%201193x330%2B0%2B0%29%20on%20QWidgetWindow%2F%22QScrollAreaClassWindow%22%20on%20%22%5C%5C%2E%5CDISPLAY1%22%2E%20Resulting%20geometry%3A%201563x843%2B0%2B0%20%28frame%3A%201563x843%2B0%2B0%29%20margins%3A%200%2C%200%2C%200%2C%200%29&value=0&SD.Platform.ID=39BD5212B7E147C4BB2598657C7226EC&SD.Platform.CT=1781414322384&SD.StudioSession.MD.Type=StartClient&SD.StudioSession.ID=6EA6A1942F214C57A6DE42308BCFC110&SD.Platform.MD.DebugVersion=FFlagStudioFlushDeferredEventsBlock%2C%20FFlagFixMissingStudioStartupSummaryEvent%2C%20FFlagFixWinStudioMissingStartEvent&SD.StudioSession.CT=1781414324104&SD.UserSession.ID=B6A04371E73F40DBA3373E22122D8E7E&SD.UserSession.CT=1781414329595&SD.UserSession.MD.Type=LoggedIn
[2026-06-13 22:19:23] >> GET /studio/e.png?studioSid=6CC0A067-6251-498D-97D7-72F82332A8A5&clientID=1983CBC1-BFEF-4E46-A6E5-7574E69AA5BC&timestamp=1781414347479&userID=14463315&placeID=9991912465&category=Error&evt=QtMessage%5FWarning&label=QWindowsWindow%3A%3AsetGeometry%3A%20Unable%20to%20set%20geometry%201193x330%2B0%2B0%20%28frame%3A%201193x330%2B0%2B0%29%20on%20QWidgetWindow%2F%22qt%5Fscrollarea%5FviewportWindow%22%20on%20%22%5C%5C%2E%5CDISPLAY1%22%2E%20Resulting%20geometry%3A%201563x843%2B0%2B0%20%28frame%3A%201563x843%2B0%2B0%29%20margins%3A%200%2C%200%2C%200%2C%200%29&value=0&SD.Platform.ID=39BD5212B7E147C4BB2598657C7226EC&SD.Platform.CT=1781414322384&SD.StudioSession.MD.Type=StartClient&SD.StudioSession.ID=6EA6A1942F214C57A6DE42308BCFC110&SD.Platform.MD.DebugVersion=FFlagStudioFlushDeferredEventsBlock%2C%20FFlagFixMissingStudioStartupSummaryEvent%2C%20FFlagFixWinStudioMissingStartEvent&SD.StudioSession.CT=1781414324104&SD.UserSession.ID=B6A04371E73F40DBA3373E22122D8E7E&SD.UserSession.CT=1781414329595&SD.UserSession.MD.Typ
[2026-06-13 22:19:23] >> GET /studio/e.png?studioSid=6CC0A067-6251-498D-97D7-72F82332A8A5&clientID=1983CBC1-BFEF-4E46-A6E5-7574E69AA5BC&timestamp=1781414347480&userID=14463315&placeID=9991912465&category=Error&evt=QtMessage%5FWarning&label=QWindowsWindow%3A%3AsetGeometry%3A%20Unable%20to%20set%20geometry%201193x330%2B0%2B0%20%28frame%3A%201193x330%2B0%2B0%29%20on%20QWidgetWindow%2F%22QWidgetClassWindow%22%20on%20%22%5C%5C%2E%5CDISPLAY1%22%2E%20Resulting%20geometry%3A%201563x843%2B0%2B0%20%28frame%3A%201563x843%2B0%2B0%29%20margins%3A%200%2C%200%2C%200%2C%200%29&value=0&SD.Platform.ID=39BD5212B7E147C4BB2598657C7226EC&SD.Platform.CT=1781414322384&SD.StudioSession.MD.Type=StartClient&SD.StudioSession.ID=6EA6A1942F214C57A6DE42308BCFC110&SD.Platform.MD.DebugVersion=FFlagStudioFlushDeferredEventsBlock%2C%20FFlagFixMissingStudioStartupSummaryEvent%2C%20FFlagFixWinStudioMissingStartEvent&SD.StudioSession.CT=1781414324104&SD.UserSession.ID=B6A04371E73F40DBA3373E22122D8E7E&SD.UserSession.CT=1781414329595&SD.UserSession.MD.Type=LoggedIn&SD.
[2026-06-13 22:19:23] >> GET /studio/e.png?studioSid=6CC0A067-6251-498D-97D7-72F82332A8A5&clientID=1983CBC1-BFEF-4E46-A6E5-7574E69AA5BC&timestamp=1781414347481&userID=14463315&placeID=9991912465&category=Error&evt=QtMessage%5FWarning&label=QWindowsWindow%3A%3AsetGeometry%3A%20Unable%20to%20set%20geometry%201193x330%2B0%2B0%20%28frame%3A%201193x330%2B0%2B0%29%20on%20QWidgetWindow%2F%22QWidgetClassWindow%22%20on%20%22%5C%5C%2E%5CDISPLAY1%22%2E%20Resulting%20geometry%3A%201563x843%2B0%2B0%20%28frame%3A%201563x843%2B0%2B0%29%20margins%3A%200%2C%200%2C%200%2C%200%29&value=0&SD.Platform.ID=39BD5212B7E147C4BB2598657C7226EC&SD.Platform.CT=1781414322384&SD.StudioSession.MD.Type=StartClient&SD.StudioSession.ID=6EA6A1942F214C57A6DE42308BCFC110&SD.Platform.MD.DebugVersion=FFlagStudioFlushDeferredEventsBlock%2C%20FFlagFixMissingStudioStartupSummaryEvent%2C%20FFlagFixWinStudioMissingStartEvent&SD.StudioSession.CT=1781414324104&SD.UserSession.ID=B6A04371E73F40DBA3373E22122D8E7E&SD.UserSession.CT=1781414329595&SD.UserSession.MD.Type=LoggedIn&SD.
[2026-06-13 22:19:23] >> GET /studio/e.png?studioSid=6CC0A067-6251-498D-97D7-72F82332A8A5&clientID=1983CBC1-BFEF-4E46-A6E5-7574E69AA5BC&timestamp=1781414347482&userID=14463315&placeID=9991912465&category=Error&evt=QtMessage%5FWarning&label=QWindowsWindow%3A%3AsetGeometry%3A%20Unable%20to%20set%20geometry%201193x330%2B0%2B0%20%28frame%3A%201193x330%2B0%2B0%29%20on%20QWidgetWindow%2F%22QOgreWidgetWindow%22%20on%20%22%5C%5C%2E%5CDISPLAY1%22%2E%20Resulting%20geometry%3A%201563x843%2B0%2B0%20%28frame%3A%201563x843%2B0%2B0%29%20margins%3A%200%2C%200%2C%200%2C%200%29&value=0&SD.Platform.ID=39BD5212B7E147C4BB2598657C7226EC&SD.Platform.CT=1781414322384&SD.StudioSession.MD.Type=StartClient&SD.StudioSession.ID=6EA6A1942F214C57A6DE42308BCFC110&SD.Platform.MD.DebugVersion=FFlagStudioFlushDeferredEventsBlock%2C%20FFlagFixMissingStudioStartupSummaryEvent%2C%20FFlagFixWinStudioMissingStartEvent&SD.StudioSession.CT=1781414324104&SD.UserSession.ID=B6A04371E73F40DBA3373E22122D8E7E&SD.UserSession.CT=1781414329595&SD.UserSession.MD.Type=LoggedIn&SD.M
[2026-06-13 22:19:23] >> GET /studio/e.png?studioSid=6CC0A067-6251-498D-97D7-72F82332A8A5&clientID=1983CBC1-BFEF-4E46-A6E5-7574E69AA5BC&timestamp=1781414347500&userID=14463315&placeID=9991912465&category=Error&evt=QtMessage%5FWarning&label=QWindowsWindow%3A%3AsetGeometry%3A%20Unable%20to%20set%20geometry%201560x840%2B1%2B1%20%28frame%3A%201560x840%2B1%2B1%29%20on%20QWidgetWindow%2F%22QStackedWidgetClassWindow%22%20on%20%22%5C%5C%2E%5CDISPLAY1%22%2E%20Resulting%20geometry%3A%201563x843%2B0%2B0%20%28frame%3A%201563x843%2B0%2B0%29%20margins%3A%200%2C%200%2C%200%2C%200%29&value=0&SD.Platform.ID=39BD5212B7E147C4BB2598657C7226EC&SD.Platform.CT=1781414322384&SD.StudioSession.MD.Type=StartClient&SD.StudioSession.ID=6EA6A1942F214C57A6DE42308BCFC110&SD.Platform.MD.DebugVersion=FFlagStudioFlushDeferredEventsBlock%2C%20FFlagFixMissingStudioStartupSummaryEvent%2C%20FFlagFixWinStudioMissingStartEvent&SD.StudioSession.CT=1781414324104&SD.UserSession.ID=B6A04371E73F40DBA3373E22122D8E7E&SD.UserSession.CT=1781414329595&SD.UserSession.MD.Type=Logge
[2026-06-13 22:19:23] << /studio/e.png -> {}
[2026-06-13 22:19:23] << /studio/e.png -> {}
[2026-06-13 22:19:23] << /studio/e.png -> {}
[2026-06-13 22:19:23] << /studio/e.png -> {}
[2026-06-13 22:19:23] << /studio/e.png -> {}
[2026-06-13 22:19:23] << /studio/e.png -> {}
[2026-06-13 22:19:23] << /studio/e.png -> {}
[2026-06-13 22:19:23] << /studio/e.png -> {}
[2026-06-13 22:19:24] >> GET /v1/asset/?id=336413959&serverplaceid=0&scriptinsert=1&clientinsert=0
[2026-06-13 22:19:24] >> GET /studio/e.png?studioSid=6CC0A067-6251-498D-97D7-72F82332A8A5&clientID=1983CBC1-BFEF-4E46-A6E5-7574E69AA5BC&timestamp=1781414347501&userID=14463315&placeID=9991912465&category=Error&evt=QtMessage%5FWarning&label=QWindowsWindow%3A%3AsetGeometry%3A%20Unable%20to%20set%20geometry%201560x840%2B0%2B0%20%28frame%3A%201560x840%2B0%2B0%29%20on%20QWidgetWindow%2F%22QWidgetClassWindow%22%20on%20%22%5C%5C%2E%5CDISPLAY1%22%2E%20Resulting%20geometry%3A%201563x843%2B0%2B0%20%28frame%3A%201563x843%2B0%2B0%29%20margins%3A%200%2C%200%2C%200%2C%200%29&value=0&SD.Platform.ID=39BD5212B7E147C4BB2598657C7226EC&SD.Platform.CT=1781414322384&SD.StudioSession.MD.Type=StartClient&SD.StudioSession.ID=6EA6A1942F214C57A6DE42308BCFC110&SD.Platform.MD.DebugVersion=FFlagStudioFlushDeferredEventsBlock%2C%20FFlagFixMissingStudioStartupSummaryEvent%2C%20FFlagFixWinStudioMissingStartEvent&SD.StudioSession.CT=1781414324104&SD.UserSession.ID=B6A04371E73F40DBA3373E22122D8E7E&SD.UserSession.CT=1781414329595&SD.UserSession.MD.Type=LoggedIn&SD.
[2026-06-13 22:19:24] >> GET /studio/e.png?studioSid=6CC0A067-6251-498D-97D7-72F82332A8A5&clientID=1983CBC1-BFEF-4E46-A6E5-7574E69AA5BC&timestamp=1781414347502&userID=14463315&placeID=9991912465&category=Error&evt=QtMessage%5FWarning&label=QWindowsWindow%3A%3AsetGeometry%3A%20Unable%20to%20set%20geometry%201560x840%2B0%2B0%20%28frame%3A%201560x840%2B0%2B0%29%20on%20QWidgetWindow%2F%22QScrollAreaClassWindow%22%20on%20%22%5C%5C%2E%5CDISPLAY1%22%2E%20Resulting%20geometry%3A%201563x843%2B0%2B0%20%28frame%3A%201563x843%2B0%2B0%29%20margins%3A%200%2C%200%2C%200%2C%200%29&value=0&SD.Platform.ID=39BD5212B7E147C4BB2598657C7226EC&SD.Platform.CT=1781414322384&SD.StudioSession.MD.Type=StartClient&SD.StudioSession.ID=6EA6A1942F214C57A6DE42308BCFC110&SD.Platform.MD.DebugVersion=FFlagStudioFlushDeferredEventsBlock%2C%20FFlagFixMissingStudioStartupSummaryEvent%2C%20FFlagFixWinStudioMissingStartEvent&SD.StudioSession.CT=1781414324104&SD.UserSession.ID=B6A04371E73F40DBA3373E22122D8E7E&SD.UserSession.CT=1781414329595&SD.UserSession.MD.Type=LoggedIn
[2026-06-13 22:19:24] >> GET /v1/asset/?id=8997173925
[2026-06-13 22:19:24] >> GET /studio/e.png?studioSid=6CC0A067-6251-498D-97D7-72F82332A8A5&clientID=1983CBC1-BFEF-4E46-A6E5-7574E69AA5BC&timestamp=1781414347502&userID=14463315&placeID=9991912465&category=Error&evt=QtMessage%5FWarning&label=QWindowsWindow%3A%3AsetGeometry%3A%20Unable%20to%20set%20geometry%201560x840%2B0%2B0%20%28frame%3A%201560x840%2B0%2B0%29%20on%20QWidgetWindow%2F%22qt%5Fscrollarea%5FviewportWindow%22%20on%20%22%5C%5C%2E%5CDISPLAY1%22%2E%20Resulting%20geometry%3A%201563x843%2B0%2B0%20%28frame%3A%201563x843%2B0%2B0%29%20margins%3A%200%2C%200%2C%200%2C%200%29&value=0&SD.Platform.ID=39BD5212B7E147C4BB2598657C7226EC&SD.Platform.CT=1781414322384&SD.StudioSession.MD.Type=StartClient&SD.StudioSession.ID=6EA6A1942F214C57A6DE42308BCFC110&SD.Platform.MD.DebugVersion=FFlagStudioFlushDeferredEventsBlock%2C%20FFlagFixMissingStudioStartupSummaryEvent%2C%20FFlagFixWinStudioMissingStartEvent&SD.StudioSession.CT=1781414324104&SD.UserSession.ID=B6A04371E73F40DBA3373E22122D8E7E&SD.UserSession.CT=1781414329595&SD.UserSession.MD.Typ
[2026-06-13 22:19:24] >> GET /v1/asset/?id=9231903443
[2026-06-13 22:19:24] >> GET /studio/e.png?studioSid=6CC0A067-6251-498D-97D7-72F82332A8A5&clientID=1983CBC1-BFEF-4E46-A6E5-7574E69AA5BC&timestamp=1781414347503&userID=14463315&placeID=9991912465&category=Error&evt=QtMessage%5FWarning&label=QWindowsWindow%3A%3AsetGeometry%3A%20Unable%20to%20set%20geometry%201560x840%2B0%2B0%20%28frame%3A%201560x840%2B0%2B0%29%20on%20QWidgetWindow%2F%22QWidgetClassWindow%22%20on%20%22%5C%5C%2E%5CDISPLAY1%22%2E%20Resulting%20geometry%3A%201563x843%2B0%2B0%20%28frame%3A%201563x843%2B0%2B0%29%20margins%3A%200%2C%200%2C%200%2C%200%29&value=0&SD.Platform.ID=39BD5212B7E147C4BB2598657C7226EC&SD.Platform.CT=1781414322384&SD.StudioSession.MD.Type=StartClient&SD.StudioSession.ID=6EA6A1942F214C57A6DE42308BCFC110&SD.Platform.MD.DebugVersion=FFlagStudioFlushDeferredEventsBlock%2C%20FFlagFixMissingStudioStartupSummaryEvent%2C%20FFlagFixWinStudioMissingStartEvent&SD.StudioSession.CT=1781414324104&SD.UserSession.ID=B6A04371E73F40DBA3373E22122D8E7E&SD.UserSession.CT=1781414329595&SD.UserSession.MD.Type=LoggedIn&SD.
[2026-06-13 22:19:24] >> GET /v1/asset/?id=8997173927
[2026-06-13 22:19:24] >> GET /studio/e.png?studioSid=6CC0A067-6251-498D-97D7-72F82332A8A5&clientID=1983CBC1-BFEF-4E46-A6E5-7574E69AA5BC&timestamp=1781414347503&userID=14463315&placeID=9991912465&category=Error&evt=QtMessage%5FWarning&label=QWindowsWindow%3A%3AsetGeometry%3A%20Unable%20to%20set%20geometry%201560x840%2B0%2B0%20%28frame%3A%201560x840%2B0%2B0%29%20on%20QWidgetWindow%2F%22QWidgetClassWindow%22%20on%20%22%5C%5C%2E%5CDISPLAY1%22%2E%20Resulting%20geometry%3A%201563x843%2B0%2B0%20%28frame%3A%201563x843%2B0%2B0%29%20margins%3A%200%2C%200%2C%200%2C%200%29&value=0&SD.Platform.ID=39BD5212B7E147C4BB2598657C7226EC&SD.Platform.CT=1781414322384&SD.StudioSession.MD.Type=StartClient&SD.StudioSession.ID=6EA6A1942F214C57A6DE42308BCFC110&SD.Platform.MD.DebugVersion=FFlagStudioFlushDeferredEventsBlock%2C%20FFlagFixMissingStudioStartupSummaryEvent%2C%20FFlagFixWinStudioMissingStartEvent&SD.StudioSession.CT=1781414324104&SD.UserSession.ID=B6A04371E73F40DBA3373E22122D8E7E&SD.UserSession.CT=1781414329595&SD.UserSession.MD.Type=LoggedIn&SD.
[2026-06-13 22:19:24] >> GET /v1/asset/?id=8997174089
[2026-06-13 22:19:24] >> GET /studio/e.png?studioSid=6CC0A067-6251-498D-97D7-72F82332A8A5&clientID=1983CBC1-BFEF-4E46-A6E5-7574E69AA5BC&timestamp=1781414347504&userID=14463315&placeID=9991912465&category=Error&evt=QtMessage%5FWarning&label=QWindowsWindow%3A%3AsetGeometry%3A%20Unable%20to%20set%20geometry%201560x840%2B0%2B0%20%28frame%3A%201560x840%2B0%2B0%29%20on%20QWidgetWindow%2F%22QOgreWidgetWindow%22%20on%20%22%5C%5C%2E%5CDISPLAY1%22%2E%20Resulting%20geometry%3A%201563x843%2B0%2B0%20%28frame%3A%201563x843%2B0%2B0%29%20margins%3A%200%2C%200%2C%200%2C%200%29&value=0&SD.Platform.ID=39BD5212B7E147C4BB2598657C7226EC&SD.Platform.CT=1781414322384&SD.StudioSession.MD.Type=StartClient&SD.StudioSession.ID=6EA6A1942F214C57A6DE42308BCFC110&SD.Platform.MD.DebugVersion=FFlagStudioFlushDeferredEventsBlock%2C%20FFlagFixMissingStudioStartupSummaryEvent%2C%20FFlagFixWinStudioMissingStartEvent&SD.StudioSession.CT=1781414324104&SD.UserSession.ID=B6A04371E73F40DBA3373E22122D8E7E&SD.UserSession.CT=1781414329595&SD.UserSession.MD.Type=LoggedIn&SD.M
[2026-06-13 22:19:24] >> GET /v1/asset/?id=8997174087
[2026-06-13 22:19:24] >> GET /studio/e.png?studioSid=6CC0A067-6251-498D-97D7-72F82332A8A5&clientID=1983CBC1-BFEF-4E46-A6E5-7574E69AA5BC&timestamp=1781414347568&userID=14463315&placeID=9991912465&category=Error&evt=QtMessage%5FWarning&label=QWindowsWindow%3A%3AsetGeometry%3A%20Unable%20to%20set%20geometry%201500x738%2B0%2B35%20%28frame%3A%201500x738%2B0%2B35%29%20on%20QWidgetWindow%2F%22RootWidgetWindow%22%20on%20%22%5C%5C%2E%5CDISPLAY1%22%2E%20Resulting%20geometry%3A%201500x843%2B0%2B0%20%28frame%3A%201500x843%2B0%2B0%29%20margins%3A%200%2C%200%2C%200%2C%200%29&value=0&SD.Platform.ID=39BD5212B7E147C4BB2598657C7226EC&SD.Platform.CT=1781414322384&SD.StudioSession.MD.Type=StartClient&SD.StudioSession.ID=6EA6A1942F214C57A6DE42308BCFC110&SD.Platform.MD.DebugVersion=FFlagStudioFlushDeferredEventsBlock%2C%20FFlagFixMissingStudioStartupSummaryEvent%2C%20FFlagFixWinStudioMissingStartEvent&SD.StudioSession.CT=1781414324104&SD.UserSession.ID=B6A04371E73F40DBA3373E22122D8E7E&SD.UserSession.CT=1781414329595&SD.UserSession.MD.Type=LoggedIn&SD.
[2026-06-13 22:19:24] >> GET /v1/asset/?id=9231903449
[2026-06-13 22:19:24] >> GET /v1/asset/?id=9231903388
[2026-06-13 22:19:24] >> GET /studio/e.png?studioSid=6CC0A067-6251-498D-97D7-72F82332A8A5&clientID=1983CBC1-BFEF-4E46-A6E5-7574E69AA5BC&timestamp=1781414347568&userID=14463315&placeID=9991912465&category=Error&evt=QtMessage%5FWarning&label=QWindowsWindow%3A%3AsetGeometry%3A%20Unable%20to%20set%20geometry%201500x738%2B0%2B0%20%28frame%3A%201500x738%2B0%2B0%29%20on%20QWidgetWindow%2F%22RootDockSplitLayoutPanelWindow%22%20on%20%22%5C%5C%2E%5CDISPLAY1%22%2E%20Resulting%20geometry%3A%201500x843%2B0%2B0%20%28frame%3A%201500x843%2B0%2B0%29%20margins%3A%200%2C%200%2C%200%2C%200%29&value=0&SD.Platform.ID=39BD5212B7E147C4BB2598657C7226EC&SD.Platform.CT=1781414322384&SD.StudioSession.MD.Type=StartClient&SD.StudioSession.ID=6EA6A1942F214C57A6DE42308BCFC110&SD.Platform.MD.DebugVersion=FFlagStudioFlushDeferredEventsBlock%2C%20FFlagFixMissingStudioStartupSummaryEvent%2C%20FFlagFixWinStudioMissingStartEvent&SD.StudioSession.CT=1781414324104&SD.UserSession.ID=B6A04371E73F40DBA3373E22122D8E7E&SD.UserSession.CT=1781414329595&SD.UserSession.MD.Type=
[2026-06-13 22:19:24] << /studio/e.png -> {}
[2026-06-13 22:19:24] << /studio/e.png -> {}
[2026-06-13 22:19:24] << /studio/e.png -> {}
[2026-06-13 22:19:24] << /studio/e.png -> {}
[2026-06-13 22:19:24] << /studio/e.png -> {}
[2026-06-13 22:19:24] << /studio/e.png -> {}
[2026-06-13 22:19:24] << /studio/e.png -> {}
[2026-06-13 22:19:24] << /studio/e.png -> {}
[2026-06-13 22:19:24] FetchUrl: HTTP 403 for https://assetdelivery.roblox.com/v1/asset/?id=336413959
[2026-06-13 22:19:24] Asset 8997173925 fetched OK (16049 bytes)
[2026-06-13 22:19:24] Asset 336413959: fetch failed, falling back to redirect
[2026-06-13 22:19:24] Asset 8997173927 fetched OK (9633 bytes)
[2026-06-13 22:19:24] Asset 9231903443 fetched OK (10825 bytes)
[2026-06-13 22:19:24] Asset 8997174087 fetched OK (16049 bytes)
[2026-06-13 22:19:24] Asset 8997174089 fetched OK (12601 bytes)
[2026-06-13 22:19:24] Asset 9231903388 fetched OK (8097 bytes)
[2026-06-13 22:19:24] Asset 9231903449 fetched OK (33169 bytes)
[2026-06-13 22:19:24] >> GET /studio/e.png?studioSid=6CC0A067-6251-498D-97D7-72F82332A8A5&clientID=1983CBC1-BFEF-4E46-A6E5-7574E69AA5BC&timestamp=1781414347569&userID=14463315&placeID=9991912465&category=Error&evt=QtMessage%5FWarning&label=QWindowsWindow%3A%3AsetGeometry%3A%20Unable%20to%20set%20geometry%201500x738%2B0%2B0%20%28frame%3A%201500x738%2B0%2B0%29%20on%20QWidgetWindow%2F%22Qtitan%3A%3ADockSplitLayoutPanelClassWindow%22%20on%20%22%5C%5C%2E%5CDISPLAY1%22%2E%20Resulting%20geometry%3A%201500x843%2B0%2B0%20%28frame%3A%201500x843%2B0%2B0%29%20margins%3A%200%2C%200%2C%200%2C%200%29&value=0&SD.Platform.ID=39BD5212B7E147C4BB2598657C7226EC&SD.Platform.CT=1781414322384&SD.StudioSession.MD.Type=StartClient&SD.StudioSession.ID=6EA6A1942F214C57A6DE42308BCFC110&SD.Platform.MD.DebugVersion=FFlagStudioFlushDeferredEventsBlock%2C%20FFlagFixMissingStudioStartupSummaryEvent%2C%20FFlagFixWinStudioMissingStartEvent&SD.StudioSession.CT=1781414324104&SD.UserSession.ID=B6A04371E73F40DBA3373E22122D8E7E&SD.UserSession.CT=1781414329595&SD.UserSes
[2026-06-13 22:19:24] >> GET /studio/e.png?studioSid=6CC0A067-6251-498D-97D7-72F82332A8A5&clientID=1983CBC1-BFEF-4E46-A6E5-7574E69AA5BC&timestamp=1781414347571&userID=14463315&placeID=9991912465&category=Error&evt=QtMessage%5FWarning&label=QWindowsWindow%3A%3AsetGeometry%3A%20Unable%20to%20set%20geometry%201500x738%2B0%2B0%20%28frame%3A%201500x738%2B0%2B0%29%20on%20QWidgetWindow%2F%22Qtitan%3A%3ADockSplitLayoutPanelClassWindow%22%20on%20%22%5C%5C%2E%5CDISPLAY1%22%2E%20Resulting%20geometry%3A%201500x843%2B0%2B0%20%28frame%3A%201500x843%2B0%2B0%29%20margins%3A%200%2C%200%2C%200%2C%200%29&value=0&SD.Platform.ID=39BD5212B7E147C4BB2598657C7226EC&SD.Platform.CT=1781414322384&SD.StudioSession.MD.Type=StartClient&SD.StudioSession.ID=6EA6A1942F214C57A6DE42308BCFC110&SD.Platform.MD.DebugVersion=FFlagStudioFlushDeferredEventsBlock%2C%20FFlagFixMissingStudioStartupSummaryEvent%2C%20FFlagFixWinStudioMissingStartEvent&SD.StudioSession.CT=1781414324104&SD.UserSession.ID=B6A04371E73F40DBA3373E22122D8E7E&SD.UserSession.CT=1781414329595&SD.UserSes
[2026-06-13 22:19:24] >> GET /studio/e.png?studioSid=6CC0A067-6251-498D-97D7-72F82332A8A5&clientID=1983CBC1-BFEF-4E46-A6E5-7574E69AA5BC&timestamp=1781414347572&userID=14463315&placeID=9991912465&category=Error&evt=QtMessage%5FWarning&label=QWindowsWindow%3A%3AsetGeometry%3A%20Unable%20to%20set%20geometry%201133x738%2B0%2B0%20%28frame%3A%201133x738%2B0%2B0%29%20on%20QWidgetWindow%2F%22Qtitan%3A%3ADockSplitLayoutPanelClassWindow%22%20on%20%22%5C%5C%2E%5CDISPLAY1%22%2E%20Resulting%20geometry%3A%201500x843%2B0%2B0%20%28frame%3A%201500x843%2B0%2B0%29%20margins%3A%200%2C%200%2C%200%2C%200%29&value=0&SD.Platform.ID=39BD5212B7E147C4BB2598657C7226EC&SD.Platform.CT=1781414322384&SD.StudioSession.MD.Type=StartClient&SD.StudioSession.ID=6EA6A1942F214C57A6DE42308BCFC110&SD.Platform.MD.DebugVersion=FFlagStudioFlushDeferredEventsBlock%2C%20FFlagFixMissingStudioStartupSummaryEvent%2C%20FFlagFixWinStudioMissingStartEvent&SD.StudioSession.CT=1781414324104&SD.UserSession.ID=B6A04371E73F40DBA3373E22122D8E7E&SD.UserSession.CT=1781414329595&SD.UserSes
[2026-06-13 22:19:24] >> GET /studio/e.png?studioSid=6CC0A067-6251-498D-97D7-72F82332A8A5&clientID=1983CBC1-BFEF-4E46-A6E5-7574E69AA5BC&timestamp=1781414347572&userID=14463315&placeID=9991912465&category=Error&evt=QtMessage%5FWarning&label=QWindowsWindow%3A%3AsetGeometry%3A%20Unable%20to%20set%20geometry%201133x738%2B0%2B0%20%28frame%3A%201133x738%2B0%2B0%29%20on%20QWidgetWindow%2F%22Qtitan%3A%3ADockSplitLayoutPanelClassWindow%22%20on%20%22%5C%5C%2E%5CDISPLAY1%22%2E%20Resulting%20geometry%3A%201500x843%2B0%2B0%20%28frame%3A%201500x843%2B0%2B0%29%20margins%3A%200%2C%200%2C%200%2C%200%29&value=0&SD.Platform.ID=39BD5212B7E147C4BB2598657C7226EC&SD.Platform.CT=1781414322384&SD.StudioSession.MD.Type=StartClient&SD.StudioSession.ID=6EA6A1942F214C57A6DE42308BCFC110&SD.Platform.MD.DebugVersion=FFlagStudioFlushDeferredEventsBlock%2C%20FFlagFixMissingStudioStartupSummaryEvent%2C%20FFlagFixWinStudioMissingStartEvent&SD.StudioSession.CT=1781414324104&SD.UserSession.ID=B6A04371E73F40DBA3373E22122D8E7E&SD.UserSession.CT=1781414329595&SD.UserSes
[2026-06-13 22:19:24] >> GET /studio/e.png?studioSid=6CC0A067-6251-498D-97D7-72F82332A8A5&clientID=1983CBC1-BFEF-4E46-A6E5-7574E69AA5BC&timestamp=1781414347573&userID=14463315&placeID=9991912465&category=Error&evt=QtMessage%5FWarning&label=QWindowsWindow%3A%3AsetGeometry%3A%20Unable%20to%20set%20geometry%201133x738%2B0%2B0%20%28frame%3A%201133x738%2B0%2B0%29%20on%20QWidgetWindow%2F%22Qtitan%3A%3ADockSplitLayoutPanelClassWindow%22%20on%20%22%5C%5C%2E%5CDISPLAY1%22%2E%20Resulting%20geometry%3A%201500x843%2B0%2B0%20%28frame%3A%201500x843%2B0%2B0%29%20margins%3A%200%2C%200%2C%200%2C%200%29&value=0&SD.Platform.ID=39BD5212B7E147C4BB2598657C7226EC&SD.Platform.CT=1781414322384&SD.StudioSession.MD.Type=StartClient&SD.StudioSession.ID=6EA6A1942F214C57A6DE42308BCFC110&SD.Platform.MD.DebugVersion=FFlagStudioFlushDeferredEventsBlock%2C%20FFlagFixMissingStudioStartupSummaryEvent%2C%20FFlagFixWinStudioMissingStartEvent&SD.StudioSession.CT=1781414324104&SD.UserSession.ID=B6A04371E73F40DBA3373E22122D8E7E&SD.UserSession.CT=1781414329595&SD.UserSes
[2026-06-13 22:19:24] >> GET /studio/e.png?studioSid=6CC0A067-6251-498D-97D7-72F82332A8A5&clientID=1983CBC1-BFEF-4E46-A6E5-7574E69AA5BC&timestamp=1781414347574&userID=14463315&placeID=9991912465&category=Error&evt=QtMessage%5FWarning&label=QWindowsWindow%3A%3AsetGeometry%3A%20Unable%20to%20set%20geometry%201133x738%2B0%2B0%20%28frame%3A%201133x738%2B0%2B0%29%20on%20QWidgetWindow%2F%22Qtitan%3A%3ADockSplitLayoutPanelClassWindow%22%20on%20%22%5C%5C%2E%5CDISPLAY1%22%2E%20Resulting%20geometry%3A%201500x843%2B0%2B0%20%28frame%3A%201500x843%2B0%2B0%29%20margins%3A%200%2C%200%2C%200%2C%200%29&value=0&SD.Platform.ID=39BD5212B7E147C4BB2598657C7226EC&SD.Platform.CT=1781414322384&SD.StudioSession.MD.Type=StartClient&SD.StudioSession.ID=6EA6A1942F214C57A6DE42308BCFC110&SD.Platform.MD.DebugVersion=FFlagStudioFlushDeferredEventsBlock%2C%20FFlagFixMissingStudioStartupSummaryEvent%2C%20FFlagFixWinStudioMissingStartEvent&SD.StudioSession.CT=1781414324104&SD.UserSession.ID=B6A04371E73F40DBA3373E22122D8E7E&SD.UserSession.CT=1781414329595&SD.UserSes
[2026-06-13 22:19:24] >> GET /studio/e.png?studioSid=6CC0A067-6251-498D-97D7-72F82332A8A5&clientID=1983CBC1-BFEF-4E46-A6E5-7574E69AA5BC&timestamp=1781414347575&userID=14463315&placeID=9991912465&category=Error&evt=QtMessage%5FWarning&label=QWindowsWindow%3A%3AsetGeometry%3A%20Unable%20to%20set%20geometry%201133x738%2B0%2B0%20%28frame%3A%201133x738%2B0%2B0%29%20on%20QWidgetWindow%2F%22Qtitan%3A%3ADockSplitLayoutPanelClassWindow%22%20on%20%22%5C%5C%2E%5CDISPLAY1%22%2E%20Resulting%20geometry%3A%201500x843%2B0%2B0%20%28frame%3A%201500x843%2B0%2B0%29%20margins%3A%200%2C%200%2C%200%2C%200%29&value=0&SD.Platform.ID=39BD5212B7E147C4BB2598657C7226EC&SD.Platform.CT=1781414322384&SD.StudioSession.MD.Type=StartClient&SD.StudioSession.ID=6EA6A1942F214C57A6DE42308BCFC110&SD.Platform.MD.DebugVersion=FFlagStudioFlushDeferredEventsBlock%2C%20FFlagFixMissingStudioStartupSummaryEvent%2C%20FFlagFixWinStudioMissingStartEvent&SD.StudioSession.CT=1781414324104&SD.UserSession.ID=B6A04371E73F40DBA3373E22122D8E7E&SD.UserSession.CT=1781414329595&SD.UserSes
[2026-06-13 22:19:24] >> GET /studio/e.png?studioSid=6CC0A067-6251-498D-97D7-72F82332A8A5&clientID=1983CBC1-BFEF-4E46-A6E5-7574E69AA5BC&timestamp=1781414347576&userID=14463315&placeID=9991912465&category=Error&evt=QtMessage%5FWarning&label=QWindowsWindow%3A%3AsetGeometry%3A%20Unable%20to%20set%20geometry%201133x738%2B0%2B0%20%28frame%3A%201133x738%2B0%2B0%29%20on%20QWidgetWindow%2F%22Qtitan%3A%3ADockDocumentLayoutPanelClassWindow%22%20on%20%22%5C%5C%2E%5CDISPLAY1%22%2E%20Resulting%20geometry%3A%201500x843%2B0%2B0%20%28frame%3A%201500x843%2B0%2B0%29%20margins%3A%200%2C%200%2C%200%2C%200%29&value=0&SD.Platform.ID=39BD5212B7E147C4BB2598657C7226EC&SD.Platform.CT=1781414322384&SD.StudioSession.MD.Type=StartClient&SD.StudioSession.ID=6EA6A1942F214C57A6DE42308BCFC110&SD.Platform.MD.DebugVersion=FFlagStudioFlushDeferredEventsBlock%2C%20FFlagFixMissingStudioStartupSummaryEvent%2C%20FFlagFixWinStudioMissingStartEvent&SD.StudioSession.CT=1781414324104&SD.UserSession.ID=B6A04371E73F40DBA3373E22122D8E7E&SD.UserSession.CT=1781414329595&SD.User
[2026-06-13 22:19:24] << /studio/e.png -> {}
[2026-06-13 22:19:24] << /studio/e.png -> {}
[2026-06-13 22:19:24] << /studio/e.png -> {}
[2026-06-13 22:19:24] << /studio/e.png -> {}
[2026-06-13 22:19:24] << /studio/e.png -> {}
[2026-06-13 22:19:24] << /studio/e.png -> {}
[2026-06-13 22:19:24] << /studio/e.png -> {}
[2026-06-13 22:19:24] << /studio/e.png -> {}
[2026-06-13 22:19:24] >> GET /v1/asset/?id=9231903386
[2026-06-13 22:19:24] >> GET /v1/asset/?id=9231903340
[2026-06-13 22:19:24] >> GET /v1/asset/?id=9231903383
[2026-06-13 22:19:24] >> GET /v1/asset/?id=8997174055
[2026-06-13 22:19:24] >> GET /v1/asset/?id=8997174056
[2026-06-13 22:19:24] >> GET /v1/asset/?id=8997174053
[2026-06-13 22:19:24] >> GET /v1/asset/?id=8997173930
[2026-06-13 22:19:24] >> GET /v1/asset/?id=8997174057
[2026-06-13 22:19:24] Asset 9231903386 fetched OK (11025 bytes)
[2026-06-13 22:19:24] Asset 9231903383 fetched OK (12417 bytes)
[2026-06-13 22:19:24] Asset 9231903340 fetched OK (10677 bytes)
[2026-06-13 22:19:24] Asset 8997174053 fetched OK (9593 bytes)
[2026-06-13 22:19:24] Asset 8997174055 fetched OK (21117 bytes)
[2026-06-13 22:19:24] Asset 8997173930 fetched OK (12681 bytes)
[2026-06-13 22:19:24] Asset 8997174057 fetched OK (10329 bytes)
[2026-06-13 22:19:24] Asset 8997174056 fetched OK (12641 bytes)
[2026-06-13 22:19:25] >> GET /studio/e.png?studioSid=6CC0A067-6251-498D-97D7-72F82332A8A5&clientID=1983CBC1-BFEF-4E46-A6E5-7574E69AA5BC&timestamp=1781414347576&userID=14463315&placeID=9991912465&category=Error&evt=QtMessage%5FWarning&label=QWindowsWindow%3A%3AsetGeometry%3A%20Unable%20to%20set%20geometry%201133x318%2B0%2B0%20%28frame%3A%201133x318%2B0%2B0%29%20on%20QWidgetWindow%2F%22Qtitan%3A%3ADockDocumentTabbedLayoutPanelClassWindow%22%20on%20%22%5C%5C%2E%5CDISPLAY1%22%2E%20Resulting%20geometry%3A%201500x843%2B0%2B0%20%28frame%3A%201500x843%2B0%2B0%29%20margins%3A%200%2C%200%2C%200%2C%200%29&value=0&SD.Platform.ID=39BD5212B7E147C4BB2598657C7226EC&SD.Platform.CT=1781414322384&SD.StudioSession.MD.Type=StartClient&SD.StudioSession.ID=6EA6A1942F214C57A6DE42308BCFC110&SD.Platform.MD.DebugVersion=FFlagStudioFlushDeferredEventsBlock%2C%20FFlagFixMissingStudioStartupSummaryEvent%2C%20FFlagFixWinStudioMissingStartEvent&SD.StudioSession.CT=1781414324104&SD.UserSession.ID=B6A04371E73F40DBA3373E22122D8E7E&SD.UserSession.CT=1781414329595&S
[2026-06-13 22:19:25] >> GET /studio/e.png?studioSid=6CC0A067-6251-498D-97D7-72F82332A8A5&clientID=1983CBC1-BFEF-4E46-A6E5-7574E69AA5BC&timestamp=1781414347578&userID=14463315&placeID=9991912465&category=Error&evt=QtMessage%5FWarning&label=QWindowsWindow%3A%3AsetGeometry%3A%20Unable%20to%20set%20geometry%201133x288%2B0%2B30%20%28frame%3A%201133x288%2B0%2B30%29%20on%20QWidgetWindow%2F%22ideDocDocumentPanelWindow%22%20on%20%22%5C%5C%2E%5CDISPLAY1%22%2E%20Resulting%20geometry%3A%201500x843%2B0%2B0%20%28frame%3A%201500x843%2B0%2B0%29%20margins%3A%200%2C%200%2C%200%2C%200%29&value=0&SD.Platform.ID=39BD5212B7E147C4BB2598657C7226EC&SD.Platform.CT=1781414322384&SD.StudioSession.MD.Type=StartClient&SD.StudioSession.ID=6EA6A1942F214C57A6DE42308BCFC110&SD.Platform.MD.DebugVersion=FFlagStudioFlushDeferredEventsBlock%2C%20FFlagFixMissingStudioStartupSummaryEvent%2C%20FFlagFixWinStudioMissingStartEvent&SD.StudioSession.CT=1781414324104&SD.UserSession.ID=B6A04371E73F40DBA3373E22122D8E7E&SD.UserSession.CT=1781414329595&SD.UserSession.MD.Type=Log
[2026-06-13 22:19:25] >> GET /studio/e.png?studioSid=6CC0A067-6251-498D-97D7-72F82332A8A5&clientID=1983CBC1-BFEF-4E46-A6E5-7574E69AA5BC&timestamp=1781414347579&userID=14463315&placeID=9991912465&category=Error&evt=QtMessage%5FWarning&label=QWindowsWindow%3A%3AsetGeometry%3A%20Unable%20to%20set%20geometry%201130x285%2B1%2B1%20%28frame%3A%201130x285%2B1%2B1%29%20on%20QWidgetWindow%2F%22QStackedWidgetClassWindow%22%20on%20%22%5C%5C%2E%5CDISPLAY1%22%2E%20Resulting%20geometry%3A%201500x843%2B0%2B0%20%28frame%3A%201500x843%2B0%2B0%29%20margins%3A%200%2C%200%2C%200%2C%200%29&value=0&SD.Platform.ID=39BD5212B7E147C4BB2598657C7226EC&SD.Platform.CT=1781414322384&SD.StudioSession.MD.Type=StartClient&SD.StudioSession.ID=6EA6A1942F214C57A6DE42308BCFC110&SD.Platform.MD.DebugVersion=FFlagStudioFlushDeferredEventsBlock%2C%20FFlagFixMissingStudioStartupSummaryEvent%2C%20FFlagFixWinStudioMissingStartEvent&SD.StudioSession.CT=1781414324104&SD.UserSession.ID=B6A04371E73F40DBA3373E22122D8E7E&SD.UserSession.CT=1781414329595&SD.UserSession.MD.Type=Logge
[2026-06-13 22:19:25] >> GET /studio/e.png?studioSid=6CC0A067-6251-498D-97D7-72F82332A8A5&clientID=1983CBC1-BFEF-4E46-A6E5-7574E69AA5BC&timestamp=1781414347580&userID=14463315&placeID=9991912465&category=Error&evt=QtMessage%5FWarning&label=QWindowsWindow%3A%3AsetGeometry%3A%20Unable%20to%20set%20geometry%201130x285%2B0%2B0%20%28frame%3A%201130x285%2B0%2B0%29%20on%20QWidgetWindow%2F%22QWidgetClassWindow%22%20on%20%22%5C%5C%2E%5CDISPLAY1%22%2E%20Resulting%20geometry%3A%201500x843%2B0%2B0%20%28frame%3A%201500x843%2B0%2B0%29%20margins%3A%200%2C%200%2C%200%2C%200%29&value=0&SD.Platform.ID=39BD5212B7E147C4BB2598657C7226EC&SD.Platform.CT=1781414322384&SD.StudioSession.MD.Type=StartClient&SD.StudioSession.ID=6EA6A1942F214C57A6DE42308BCFC110&SD.Platform.MD.DebugVersion=FFlagStudioFlushDeferredEventsBlock%2C%20FFlagFixMissingStudioStartupSummaryEvent%2C%20FFlagFixWinStudioMissingStartEvent&SD.StudioSession.CT=1781414324104&SD.UserSession.ID=B6A04371E73F40DBA3373E22122D8E7E&SD.UserSession.CT=1781414329595&SD.UserSession.MD.Type=LoggedIn&SD.
[2026-06-13 22:19:25] >> GET /studio/e.png?studioSid=6CC0A067-6251-498D-97D7-72F82332A8A5&clientID=1983CBC1-BFEF-4E46-A6E5-7574E69AA5BC&timestamp=1781414347581&userID=14463315&placeID=9991912465&category=Error&evt=QtMessage%5FWarning&label=QWindowsWindow%3A%3AsetGeometry%3A%20Unable%20to%20set%20geometry%201130x285%2B0%2B0%20%28frame%3A%201130x285%2B0%2B0%29%20on%20QWidgetWindow%2F%22QScrollAreaClassWindow%22%20on%20%22%5C%5C%2E%5CDISPLAY1%22%2E%20Resulting%20geometry%3A%201500x843%2B0%2B0%20%28frame%3A%201500x843%2B0%2B0%29%20margins%3A%200%2C%200%2C%200%2C%200%29&value=0&SD.Platform.ID=39BD5212B7E147C4BB2598657C7226EC&SD.Platform.CT=1781414322384&SD.StudioSession.MD.Type=StartClient&SD.StudioSession.ID=6EA6A1942F214C57A6DE42308BCFC110&SD.Platform.MD.DebugVersion=FFlagStudioFlushDeferredEventsBlock%2C%20FFlagFixMissingStudioStartupSummaryEvent%2C%20FFlagFixWinStudioMissingStartEvent&SD.StudioSession.CT=1781414324104&SD.UserSession.ID=B6A04371E73F40DBA3373E22122D8E7E&SD.UserSession.CT=1781414329595&SD.UserSession.MD.Type=LoggedIn
[2026-06-13 22:19:25] >> GET /studio/e.png?studioSid=6CC0A067-6251-498D-97D7-72F82332A8A5&clientID=1983CBC1-BFEF-4E46-A6E5-7574E69AA5BC&timestamp=1781414347581&userID=14463315&placeID=9991912465&category=Error&evt=QtMessage%5FWarning&label=QWindowsWindow%3A%3AsetGeometry%3A%20Unable%20to%20set%20geometry%201130x285%2B0%2B0%20%28frame%3A%201130x285%2B0%2B0%29%20on%20QWidgetWindow%2F%22qt%5Fscrollarea%5FviewportWindow%22%20on%20%22%5C%5C%2E%5CDISPLAY1%22%2E%20Resulting%20geometry%3A%201500x843%2B0%2B0%20%28frame%3A%201500x843%2B0%2B0%29%20margins%3A%200%2C%200%2C%200%2C%200%29&value=0&SD.Platform.ID=39BD5212B7E147C4BB2598657C7226EC&SD.Platform.CT=1781414322384&SD.StudioSession.MD.Type=StartClient&SD.StudioSession.ID=6EA6A1942F214C57A6DE42308BCFC110&SD.Platform.MD.DebugVersion=FFlagStudioFlushDeferredEventsBlock%2C%20FFlagFixMissingStudioStartupSummaryEvent%2C%20FFlagFixWinStudioMissingStartEvent&SD.StudioSession.CT=1781414324104&SD.UserSession.ID=B6A04371E73F40DBA3373E22122D8E7E&SD.UserSession.CT=1781414329595&SD.UserSession.MD.Typ
[2026-06-13 22:19:25] >> GET /studio/e.png?studioSid=6CC0A067-6251-498D-97D7-72F82332A8A5&clientID=1983CBC1-BFEF-4E46-A6E5-7574E69AA5BC&timestamp=1781414347582&userID=14463315&placeID=9991912465&category=Error&evt=QtMessage%5FWarning&label=QWindowsWindow%3A%3AsetGeometry%3A%20Unable%20to%20set%20geometry%201130x285%2B0%2B0%20%28frame%3A%201130x285%2B0%2B0%29%20on%20QWidgetWindow%2F%22QWidgetClassWindow%22%20on%20%22%5C%5C%2E%5CDISPLAY1%22%2E%20Resulting%20geometry%3A%201500x843%2B0%2B0%20%28frame%3A%201500x843%2B0%2B0%29%20margins%3A%200%2C%200%2C%200%2C%200%29&value=0&SD.Platform.ID=39BD5212B7E147C4BB2598657C7226EC&SD.Platform.CT=1781414322384&SD.StudioSession.MD.Type=StartClient&SD.StudioSession.ID=6EA6A1942F214C57A6DE42308BCFC110&SD.Platform.MD.DebugVersion=FFlagStudioFlushDeferredEventsBlock%2C%20FFlagFixMissingStudioStartupSummaryEvent%2C%20FFlagFixWinStudioMissingStartEvent&SD.StudioSession.CT=1781414324104&SD.UserSession.ID=B6A04371E73F40DBA3373E22122D8E7E&SD.UserSession.CT=1781414329595&SD.UserSession.MD.Type=LoggedIn&SD.
[2026-06-13 22:19:25] >> GET /studio/e.png?studioSid=6CC0A067-6251-498D-97D7-72F82332A8A5&clientID=1983CBC1-BFEF-4E46-A6E5-7574E69AA5BC&timestamp=1781414347582&userID=14463315&placeID=9991912465&category=Error&evt=QtMessage%5FWarning&label=QWindowsWindow%3A%3AsetGeometry%3A%20Unable%20to%20set%20geometry%201130x285%2B0%2B0%20%28frame%3A%201130x285%2B0%2B0%29%20on%20QWidgetWindow%2F%22QWidgetClassWindow%22%20on%20%22%5C%5C%2E%5CDISPLAY1%22%2E%20Resulting%20geometry%3A%201500x843%2B0%2B0%20%28frame%3A%201500x843%2B0%2B0%29%20margins%3A%200%2C%200%2C%200%2C%200%29&value=0&SD.Platform.ID=39BD5212B7E147C4BB2598657C7226EC&SD.Platform.CT=1781414322384&SD.StudioSession.MD.Type=StartClient&SD.StudioSession.ID=6EA6A1942F214C57A6DE42308BCFC110&SD.Platform.MD.DebugVersion=FFlagStudioFlushDeferredEventsBlock%2C%20FFlagFixMissingStudioStartupSummaryEvent%2C%20FFlagFixWinStudioMissingStartEvent&SD.StudioSession.CT=1781414324104&SD.UserSession.ID=B6A04371E73F40DBA3373E22122D8E7E&SD.UserSession.CT=1781414329595&SD.UserSession.MD.Type=LoggedIn&SD.
[2026-06-13 22:19:25] << /studio/e.png -> {}
[2026-06-13 22:19:25] << /studio/e.png -> {}
[2026-06-13 22:19:25] << /studio/e.png -> {}
[2026-06-13 22:19:25] << /studio/e.png -> {}
[2026-06-13 22:19:25] << /studio/e.png -> {}
[2026-06-13 22:19:25] << /studio/e.png -> {}
[2026-06-13 22:19:25] << /studio/e.png -> {}
[2026-06-13 22:19:25] << /studio/e.png -> {}
[2026-06-13 22:19:25] >> GET /v1/asset/?id=8997173950
[2026-06-13 22:19:25] >> GET /v1/asset/?id=8997174058
[2026-06-13 22:19:25] >> GET /v1/asset/?id=8997173932
[2026-06-13 22:19:25] >> GET /v1/asset/?id=9231903413
[2026-06-13 22:19:25] >> GET /v1/asset/?id=9231903414
[2026-06-13 22:19:25] >> GET /v1/asset/?id=8997173998
[2026-06-13 22:19:25] >> GET /v1/asset/?id=9231903418
[2026-06-13 22:19:25] >> GET /v1/asset/?id=8997173999
[2026-06-13 22:19:25] Asset 8997173932 fetched OK (21073 bytes)
[2026-06-13 22:19:25] Asset 9231903413 fetched OK (9305 bytes)
[2026-06-13 22:19:25] Asset 8997174058 fetched OK (23281 bytes)
[2026-06-13 22:19:25] Asset 9231903414 fetched OK (11065 bytes)
[2026-06-13 22:19:25] Asset 8997173950 fetched OK (20997 bytes)
[2026-06-13 22:19:25] Asset 8997173999 fetched OK (12641 bytes)
[2026-06-13 22:19:25] Asset 8997173998 fetched OK (21073 bytes)
[2026-06-13 22:19:25] Asset 9231903418 fetched OK (11093 bytes)
[2026-06-13 22:19:25] >> GET /studio/e.png?studioSid=6CC0A067-6251-498D-97D7-72F82332A8A5&clientID=1983CBC1-BFEF-4E46-A6E5-7574E69AA5BC&timestamp=1781414347583&userID=14463315&placeID=9991912465&category=Error&evt=QtMessage%5FWarning&label=QWindowsWindow%3A%3AsetGeometry%3A%20Unable%20to%20set%20geometry%201130x285%2B0%2B0%20%28frame%3A%201130x285%2B0%2B0%29%20on%20QWidgetWindow%2F%22QOgreWidgetWindow%22%20on%20%22%5C%5C%2E%5CDISPLAY1%22%2E%20Resulting%20geometry%3A%201500x843%2B0%2B0%20%28frame%3A%201500x843%2B0%2B0%29%20margins%3A%200%2C%200%2C%200%2C%200%29&value=0&SD.Platform.ID=39BD5212B7E147C4BB2598657C7226EC&SD.Platform.CT=1781414322384&SD.StudioSession.MD.Type=StartClient&SD.StudioSession.ID=6EA6A1942F214C57A6DE42308BCFC110&SD.Platform.MD.DebugVersion=FFlagStudioFlushDeferredEventsBlock%2C%20FFlagFixMissingStudioStartupSummaryEvent%2C%20FFlagFixWinStudioMissingStartEvent&SD.StudioSession.CT=1781414324104&SD.UserSession.ID=B6A04371E73F40DBA3373E22122D8E7E&SD.UserSession.CT=1781414329595&SD.UserSession.MD.Type=LoggedIn&SD.M
[2026-06-13 22:19:25] >> GET /studio/e.png?studioSid=6CC0A067-6251-498D-97D7-72F82332A8A5&clientID=1983CBC1-BFEF-4E46-A6E5-7574E69AA5BC&timestamp=1781414347607&userID=14463315&placeID=9991912465&category=Error&evt=QtMessage%5FWarning&label=QWindowsWindow%3A%3AsetGeometry%3A%20Unable%20to%20set%20geometry%201133x843%2B0%2B0%20%28frame%3A%201133x843%2B0%2B0%29%20on%20QWidgetWindow%2F%22Qtitan%3A%3ADockSplitLayoutPanelClassWindow%22%20on%20%22%5C%5C%2E%5CDISPLAY1%22%2E%20Resulting%20geometry%3A%201500x843%2B0%2B0%20%28frame%3A%201500x843%2B0%2B0%29%20margins%3A%200%2C%200%2C%200%2C%200%29&value=0&SD.Platform.ID=39BD5212B7E147C4BB2598657C7226EC&SD.Platform.CT=1781414322384&SD.StudioSession.MD.Type=StartClient&SD.StudioSession.ID=6EA6A1942F214C57A6DE42308BCFC110&SD.Platform.MD.DebugVersion=FFlagStudioFlushDeferredEventsBlock%2C%20FFlagFixMissingStudioStartupSummaryEvent%2C%20FFlagFixWinStudioMissingStartEvent&SD.StudioSession.CT=1781414324104&SD.UserSession.ID=B6A04371E73F40DBA3373E22122D8E7E&SD.UserSession.CT=1781414329595&SD.UserSes
[2026-06-13 22:19:25] >> GET /studio/e.png?studioSid=6CC0A067-6251-498D-97D7-72F82332A8A5&clientID=1983CBC1-BFEF-4E46-A6E5-7574E69AA5BC&timestamp=1781414347608&userID=14463315&placeID=9991912465&category=Error&evt=QtMessage%5FWarning&label=QWindowsWindow%3A%3AsetGeometry%3A%20Unable%20to%20set%20geometry%201133x843%2B0%2B0%20%28frame%3A%201133x843%2B0%2B0%29%20on%20QWidgetWindow%2F%22Qtitan%3A%3ADockSplitLayoutPanelClassWindow%22%20on%20%22%5C%5C%2E%5CDISPLAY1%22%2E%20Resulting%20geometry%3A%201500x843%2B0%2B0%20%28frame%3A%201500x843%2B0%2B0%29%20margins%3A%200%2C%200%2C%200%2C%200%29&value=0&SD.Platform.ID=39BD5212B7E147C4BB2598657C7226EC&SD.Platform.CT=1781414322384&SD.StudioSession.MD.Type=StartClient&SD.StudioSession.ID=6EA6A1942F214C57A6DE42308BCFC110&SD.Platform.MD.DebugVersion=FFlagStudioFlushDeferredEventsBlock%2C%20FFlagFixMissingStudioStartupSummaryEvent%2C%20FFlagFixWinStudioMissingStartEvent&SD.StudioSession.CT=1781414324104&SD.UserSession.ID=B6A04371E73F40DBA3373E22122D8E7E&SD.UserSession.CT=1781414329595&SD.UserSes
[2026-06-13 22:19:25] >> GET /studio/e.png?studioSid=6CC0A067-6251-498D-97D7-72F82332A8A5&clientID=1983CBC1-BFEF-4E46-A6E5-7574E69AA5BC&timestamp=1781414347610&userID=14463315&placeID=9991912465&category=Error&evt=QtMessage%5FWarning&label=QWindowsWindow%3A%3AsetGeometry%3A%20Unable%20to%20set%20geometry%201133x843%2B0%2B0%20%28frame%3A%201133x843%2B0%2B0%29%20on%20QWidgetWindow%2F%22Qtitan%3A%3ADockSplitLayoutPanelClassWindow%22%20on%20%22%5C%5C%2E%5CDISPLAY1%22%2E%20Resulting%20geometry%3A%201500x843%2B0%2B0%20%28frame%3A%201500x843%2B0%2B0%29%20margins%3A%200%2C%200%2C%200%2C%200%29&value=0&SD.Platform.ID=39BD5212B7E147C4BB2598657C7226EC&SD.Platform.CT=1781414322384&SD.StudioSession.MD.Type=StartClient&SD.StudioSession.ID=6EA6A1942F214C57A6DE42308BCFC110&SD.Platform.MD.DebugVersion=FFlagStudioFlushDeferredEventsBlock%2C%20FFlagFixMissingStudioStartupSummaryEvent%2C%20FFlagFixWinStudioMissingStartEvent&SD.StudioSession.CT=1781414324104&SD.UserSession.ID=B6A04371E73F40DBA3373E22122D8E7E&SD.UserSession.CT=1781414329595&SD.UserSes
[2026-06-13 22:19:25] >> GET /studio/e.png?studioSid=6CC0A067-6251-498D-97D7-72F82332A8A5&clientID=1983CBC1-BFEF-4E46-A6E5-7574E69AA5BC&timestamp=1781414347612&userID=14463315&placeID=9991912465&category=Error&evt=QtMessage%5FWarning&label=QWindowsWindow%3A%3AsetGeometry%3A%20Unable%20to%20set%20geometry%201133x843%2B0%2B0%20%28frame%3A%201133x843%2B0%2B0%29%20on%20QWidgetWindow%2F%22Qtitan%3A%3ADockSplitLayoutPanelClassWindow%22%20on%20%22%5C%5C%2E%5CDISPLAY1%22%2E%20Resulting%20geometry%3A%201500x843%2B0%2B0%20%28frame%3A%201500x843%2B0%2B0%29%20margins%3A%200%2C%200%2C%200%2C%200%29&value=0&SD.Platform.ID=39BD5212B7E147C4BB2598657C7226EC&SD.Platform.CT=1781414322384&SD.StudioSession.MD.Type=StartClient&SD.StudioSession.ID=6EA6A1942F214C57A6DE42308BCFC110&SD.Platform.MD.DebugVersion=FFlagStudioFlushDeferredEventsBlock%2C%20FFlagFixMissingStudioStartupSummaryEvent%2C%20FFlagFixWinStudioMissingStartEvent&SD.StudioSession.CT=1781414324104&SD.UserSession.ID=B6A04371E73F40DBA3373E22122D8E7E&SD.UserSession.CT=1781414329595&SD.UserSes
[2026-06-13 22:19:25] >> GET /studio/e.png?studioSid=6CC0A067-6251-498D-97D7-72F82332A8A5&clientID=1983CBC1-BFEF-4E46-A6E5-7574E69AA5BC&timestamp=1781414347613&userID=14463315&placeID=9991912465&category=Error&evt=QtMessage%5FWarning&label=QWindowsWindow%3A%3AsetGeometry%3A%20Unable%20to%20set%20geometry%201133x843%2B0%2B0%20%28frame%3A%201133x843%2B0%2B0%29%20on%20QWidgetWindow%2F%22Qtitan%3A%3ADockSplitLayoutPanelClassWindow%22%20on%20%22%5C%5C%2E%5CDISPLAY1%22%2E%20Resulting%20geometry%3A%201500x843%2B0%2B0%20%28frame%3A%201500x843%2B0%2B0%29%20margins%3A%200%2C%200%2C%200%2C%200%29&value=0&SD.Platform.ID=39BD5212B7E147C4BB2598657C7226EC&SD.Platform.CT=1781414322384&SD.StudioSession.MD.Type=StartClient&SD.StudioSession.ID=6EA6A1942F214C57A6DE42308BCFC110&SD.Platform.MD.DebugVersion=FFlagStudioFlushDeferredEventsBlock%2C%20FFlagFixMissingStudioStartupSummaryEvent%2C%20FFlagFixWinStudioMissingStartEvent&SD.StudioSession.CT=1781414324104&SD.UserSession.ID=B6A04371E73F40DBA3373E22122D8E7E&SD.UserSession.CT=1781414329595&SD.UserSes
[2026-06-13 22:19:25] >> GET /studio/e.png?studioSid=6CC0A067-6251-498D-97D7-72F82332A8A5&clientID=1983CBC1-BFEF-4E46-A6E5-7574E69AA5BC&timestamp=1781414347614&userID=14463315&placeID=9991912465&category=Error&evt=QtMessage%5FWarning&label=QWindowsWindow%3A%3AsetGeometry%3A%20Unable%20to%20set%20geometry%201133x843%2B0%2B0%20%28frame%3A%201133x843%2B0%2B0%29%20on%20QWidgetWindow%2F%22Qtitan%3A%3ADockDocumentLayoutPanelClassWindow%22%20on%20%22%5C%5C%2E%5CDISPLAY1%22%2E%20Resulting%20geometry%3A%201500x843%2B0%2B0%20%28frame%3A%201500x843%2B0%2B0%29%20margins%3A%200%2C%200%2C%200%2C%200%29&value=0&SD.Platform.ID=39BD5212B7E147C4BB2598657C7226EC&SD.Platform.CT=1781414322384&SD.StudioSession.MD.Type=StartClient&SD.StudioSession.ID=6EA6A1942F214C57A6DE42308BCFC110&SD.Platform.MD.DebugVersion=FFlagStudioFlushDeferredEventsBlock%2C%20FFlagFixMissingStudioStartupSummaryEvent%2C%20FFlagFixWinStudioMissingStartEvent&SD.StudioSession.CT=1781414324104&SD.UserSession.ID=B6A04371E73F40DBA3373E22122D8E7E&SD.UserSession.CT=1781414329595&SD.User
[2026-06-13 22:19:25] >> GET /studio/e.png?studioSid=6CC0A067-6251-498D-97D7-72F82332A8A5&clientID=1983CBC1-BFEF-4E46-A6E5-7574E69AA5BC&timestamp=1781414347615&userID=14463315&placeID=9991912465&category=Error&evt=QtMessage%5FWarning&label=QWindowsWindow%3A%3AsetGeometry%3A%20Unable%20to%20set%20geometry%201133x363%2B0%2B0%20%28frame%3A%201133x363%2B0%2B0%29%20on%20QWidgetWindow%2F%22Qtitan%3A%3ADockDocumentTabbedLayoutPanelClassWindow%22%20on%20%22%5C%5C%2E%5CDISPLAY1%22%2E%20Resulting%20geometry%3A%201500x843%2B0%2B0%20%28frame%3A%201500x843%2B0%2B0%29%20margins%3A%200%2C%200%2C%200%2C%200%29&value=0&SD.Platform.ID=39BD5212B7E147C4BB2598657C7226EC&SD.Platform.CT=1781414322384&SD.StudioSession.MD.Type=StartClient&SD.StudioSession.ID=6EA6A1942F214C57A6DE42308BCFC110&SD.Platform.MD.DebugVersion=FFlagStudioFlushDeferredEventsBlock%2C%20FFlagFixMissingStudioStartupSummaryEvent%2C%20FFlagFixWinStudioMissingStartEvent&SD.StudioSession.CT=1781414324104&SD.UserSession.ID=B6A04371E73F40DBA3373E22122D8E7E&SD.UserSession.CT=1781414329595&S
[2026-06-13 22:19:25] << /studio/e.png -> {}
[2026-06-13 22:19:25] << /studio/e.png -> {}
[2026-06-13 22:19:25] << /studio/e.png -> {}
[2026-06-13 22:19:25] << /studio/e.png -> {}
[2026-06-13 22:19:25] << /studio/e.png -> {}
[2026-06-13 22:19:25] << /studio/e.png -> {}
[2026-06-13 22:19:25] << /studio/e.png -> {}
[2026-06-13 22:19:25] << /studio/e.png -> {}
[2026-06-13 22:19:25] >> GET /v1/asset/?id=9231903350
[2026-06-13 22:19:25] >> GET /v1/asset/?id=9231903353
[2026-06-13 22:19:25] >> GET /v1/asset/?id=9231903335
[2026-06-13 22:19:25] >> GET /v1/asset/?id=9231903395
[2026-06-13 22:19:25] >> GET /v1/asset/?id=9231903370
[2026-06-13 22:19:25] >> GET /v1/asset?id=9231913062
[2026-06-13 22:19:25] >> GET /v1/asset?id=9231913065
[2026-06-13 22:19:25] >> GET /v1/asset?id=9231913063
[2026-06-13 22:19:25] >> GET /studio/e.png?studioSid=6CC0A067-6251-498D-97D7-72F82332A8A5&clientID=1983CBC1-BFEF-4E46-A6E5-7574E69AA5BC&timestamp=1781414347615&userID=14463315&placeID=9991912465&category=Error&evt=QtMessage%5FWarning&label=QWindowsWindow%3A%3AsetGeometry%3A%20Unable%20to%20set%20geometry%201133x333%2B0%2B30%20%28frame%3A%201133x333%2B0%2B30%29%20on%20QWidgetWindow%2F%22ideDocDocumentPanelWindow%22%20on%20%22%5C%5C%2E%5CDISPLAY1%22%2E%20Resulting%20geometry%3A%201500x843%2B0%2B0%20%28frame%3A%201500x843%2B0%2B0%29%20margins%3A%200%2C%200%2C%200%2C%200%29&value=0&SD.Platform.ID=39BD5212B7E147C4BB2598657C7226EC&SD.Platform.CT=1781414322384&SD.StudioSession.MD.Type=StartClient&SD.StudioSession.ID=6EA6A1942F214C57A6DE42308BCFC110&SD.Platform.MD.DebugVersion=FFlagStudioFlushDeferredEventsBlock%2C%20FFlagFixMissingStudioStartupSummaryEvent%2C%20FFlagFixWinStudioMissingStartEvent&SD.StudioSession.CT=1781414324104&SD.UserSession.ID=B6A04371E73F40DBA3373E22122D8E7E&SD.UserSession.CT=1781414329595&SD.UserSession.MD.Type=Log
[2026-06-13 22:19:25] >> GET /studio/e.png?studioSid=6CC0A067-6251-498D-97D7-72F82332A8A5&clientID=1983CBC1-BFEF-4E46-A6E5-7574E69AA5BC&timestamp=1781414347615&userID=14463315&placeID=9991912465&category=Error&evt=QtMessage%5FWarning&label=QWindowsWindow%3A%3AsetGeometry%3A%20Unable%20to%20set%20geometry%201130x330%2B1%2B1%20%28frame%3A%201130x330%2B1%2B1%29%20on%20QWidgetWindow%2F%22QStackedWidgetClassWindow%22%20on%20%22%5C%5C%2E%5CDISPLAY1%22%2E%20Resulting%20geometry%3A%201500x843%2B0%2B0%20%28frame%3A%201500x843%2B0%2B0%29%20margins%3A%200%2C%200%2C%200%2C%200%29&value=0&SD.Platform.ID=39BD5212B7E147C4BB2598657C7226EC&SD.Platform.CT=1781414322384&SD.StudioSession.MD.Type=StartClient&SD.StudioSession.ID=6EA6A1942F214C57A6DE42308BCFC110&SD.Platform.MD.DebugVersion=FFlagStudioFlushDeferredEventsBlock%2C%20FFlagFixMissingStudioStartupSummaryEvent%2C%20FFlagFixWinStudioMissingStartEvent&SD.StudioSession.CT=1781414324104&SD.UserSession.ID=B6A04371E73F40DBA3373E22122D8E7E&SD.UserSession.CT=1781414329595&SD.UserSession.MD.Type=Logge
[2026-06-13 22:19:25] >> GET /studio/e.png?studioSid=6CC0A067-6251-498D-97D7-72F82332A8A5&clientID=1983CBC1-BFEF-4E46-A6E5-7574E69AA5BC&timestamp=1781414347616&userID=14463315&placeID=9991912465&category=Error&evt=QtMessage%5FWarning&label=QWindowsWindow%3A%3AsetGeometry%3A%20Unable%20to%20set%20geometry%201130x330%2B0%2B0%20%28frame%3A%201130x330%2B0%2B0%29%20on%20QWidgetWindow%2F%22QWidgetClassWindow%22%20on%20%22%5C%5C%2E%5CDISPLAY1%22%2E%20Resulting%20geometry%3A%201500x843%2B0%2B0%20%28frame%3A%201500x843%2B0%2B0%29%20margins%3A%200%2C%200%2C%200%2C%200%29&value=0&SD.Platform.ID=39BD5212B7E147C4BB2598657C7226EC&SD.Platform.CT=1781414322384&SD.StudioSession.MD.Type=StartClient&SD.StudioSession.ID=6EA6A1942F214C57A6DE42308BCFC110&SD.Platform.MD.DebugVersion=FFlagStudioFlushDeferredEventsBlock%2C%20FFlagFixMissingStudioStartupSummaryEvent%2C%20FFlagFixWinStudioMissingStartEvent&SD.StudioSession.CT=1781414324104&SD.UserSession.ID=B6A04371E73F40DBA3373E22122D8E7E&SD.UserSession.CT=1781414329595&SD.UserSession.MD.Type=LoggedIn&SD.
[2026-06-13 22:19:25] >> GET /studio/e.png?studioSid=6CC0A067-6251-498D-97D7-72F82332A8A5&clientID=1983CBC1-BFEF-4E46-A6E5-7574E69AA5BC&timestamp=1781414347616&userID=14463315&placeID=9991912465&category=Error&evt=QtMessage%5FWarning&label=QWindowsWindow%3A%3AsetGeometry%3A%20Unable%20to%20set%20geometry%201130x330%2B0%2B0%20%28frame%3A%201130x330%2B0%2B0%29%20on%20QWidgetWindow%2F%22QScrollAreaClassWindow%22%20on%20%22%5C%5C%2E%5CDISPLAY1%22%2E%20Resulting%20geometry%3A%201500x843%2B0%2B0%20%28frame%3A%201500x843%2B0%2B0%29%20margins%3A%200%2C%200%2C%200%2C%200%29&value=0&SD.Platform.ID=39BD5212B7E147C4BB2598657C7226EC&SD.Platform.CT=1781414322384&SD.StudioSession.MD.Type=StartClient&SD.StudioSession.ID=6EA6A1942F214C57A6DE42308BCFC110&SD.Platform.MD.DebugVersion=FFlagStudioFlushDeferredEventsBlock%2C%20FFlagFixMissingStudioStartupSummaryEvent%2C%20FFlagFixWinStudioMissingStartEvent&SD.StudioSession.CT=1781414324104&SD.UserSession.ID=B6A04371E73F40DBA3373E22122D8E7E&SD.UserSession.CT=1781414329595&SD.UserSession.MD.Type=LoggedIn
[2026-06-13 22:19:25] >> GET /studio/e.png?studioSid=6CC0A067-6251-498D-97D7-72F82332A8A5&clientID=1983CBC1-BFEF-4E46-A6E5-7574E69AA5BC&timestamp=1781414347617&userID=14463315&placeID=9991912465&category=Error&evt=QtMessage%5FWarning&label=QWindowsWindow%3A%3AsetGeometry%3A%20Unable%20to%20set%20geometry%201130x330%2B0%2B0%20%28frame%3A%201130x330%2B0%2B0%29%20on%20QWidgetWindow%2F%22qt%5Fscrollarea%5FviewportWindow%22%20on%20%22%5C%5C%2E%5CDISPLAY1%22%2E%20Resulting%20geometry%3A%201500x843%2B0%2B0%20%28frame%3A%201500x843%2B0%2B0%29%20margins%3A%200%2C%200%2C%200%2C%200%29&value=0&SD.Platform.ID=39BD5212B7E147C4BB2598657C7226EC&SD.Platform.CT=1781414322384&SD.StudioSession.MD.Type=StartClient&SD.StudioSession.ID=6EA6A1942F214C57A6DE42308BCFC110&SD.Platform.MD.DebugVersion=FFlagStudioFlushDeferredEventsBlock%2C%20FFlagFixMissingStudioStartupSummaryEvent%2C%20FFlagFixWinStudioMissingStartEvent&SD.StudioSession.CT=1781414324104&SD.UserSession.ID=B6A04371E73F40DBA3373E22122D8E7E&SD.UserSession.CT=1781414329595&SD.UserSession.MD.Typ
[2026-06-13 22:19:25] >> GET /studio/e.png?studioSid=6CC0A067-6251-498D-97D7-72F82332A8A5&clientID=1983CBC1-BFEF-4E46-A6E5-7574E69AA5BC&timestamp=1781414347617&userID=14463315&placeID=9991912465&category=Error&evt=QtMessage%5FWarning&label=QWindowsWindow%3A%3AsetGeometry%3A%20Unable%20to%20set%20geometry%201130x330%2B0%2B0%20%28frame%3A%201130x330%2B0%2B0%29%20on%20QWidgetWindow%2F%22QWidgetClassWindow%22%20on%20%22%5C%5C%2E%5CDISPLAY1%22%2E%20Resulting%20geometry%3A%201500x843%2B0%2B0%20%28frame%3A%201500x843%2B0%2B0%29%20margins%3A%200%2C%200%2C%200%2C%200%29&value=0&SD.Platform.ID=39BD5212B7E147C4BB2598657C7226EC&SD.Platform.CT=1781414322384&SD.StudioSession.MD.Type=StartClient&SD.StudioSession.ID=6EA6A1942F214C57A6DE42308BCFC110&SD.Platform.MD.DebugVersion=FFlagStudioFlushDeferredEventsBlock%2C%20FFlagFixMissingStudioStartupSummaryEvent%2C%20FFlagFixWinStudioMissingStartEvent&SD.StudioSession.CT=1781414324104&SD.UserSession.ID=B6A04371E73F40DBA3373E22122D8E7E&SD.UserSession.CT=1781414329595&SD.UserSession.MD.Type=LoggedIn&SD.
[2026-06-13 22:19:25] >> GET /studio/e.png?studioSid=6CC0A067-6251-498D-97D7-72F82332A8A5&clientID=1983CBC1-BFEF-4E46-A6E5-7574E69AA5BC&timestamp=1781414347618&userID=14463315&placeID=9991912465&category=Error&evt=QtMessage%5FWarning&label=QWindowsWindow%3A%3AsetGeometry%3A%20Unable%20to%20set%20geometry%201130x330%2B0%2B0%20%28frame%3A%201130x330%2B0%2B0%29%20on%20QWidgetWindow%2F%22QWidgetClassWindow%22%20on%20%22%5C%5C%2E%5CDISPLAY1%22%2E%20Resulting%20geometry%3A%201500x843%2B0%2B0%20%28frame%3A%201500x843%2B0%2B0%29%20margins%3A%200%2C%200%2C%200%2C%200%29&value=0&SD.Platform.ID=39BD5212B7E147C4BB2598657C7226EC&SD.Platform.CT=1781414322384&SD.StudioSession.MD.Type=StartClient&SD.StudioSession.ID=6EA6A1942F214C57A6DE42308BCFC110&SD.Platform.MD.DebugVersion=FFlagStudioFlushDeferredEventsBlock%2C%20FFlagFixMissingStudioStartupSummaryEvent%2C%20FFlagFixWinStudioMissingStartEvent&SD.StudioSession.CT=1781414324104&SD.UserSession.ID=B6A04371E73F40DBA3373E22122D8E7E&SD.UserSession.CT=1781414329595&SD.UserSession.MD.Type=LoggedIn&SD.
[2026-06-13 22:19:25] >> GET /studio/e.png?studioSid=6CC0A067-6251-498D-97D7-72F82332A8A5&clientID=1983CBC1-BFEF-4E46-A6E5-7574E69AA5BC&timestamp=1781414347618&userID=14463315&placeID=9991912465&category=Error&evt=QtMessage%5FWarning&label=QWindowsWindow%3A%3AsetGeometry%3A%20Unable%20to%20set%20geometry%201130x330%2B0%2B0%20%28frame%3A%201130x330%2B0%2B0%29%20on%20QWidgetWindow%2F%22QOgreWidgetWindow%22%20on%20%22%5C%5C%2E%5CDISPLAY1%22%2E%20Resulting%20geometry%3A%201500x843%2B0%2B0%20%28frame%3A%201500x843%2B0%2B0%29%20margins%3A%200%2C%200%2C%200%2C%200%29&value=0&SD.Platform.ID=39BD5212B7E147C4BB2598657C7226EC&SD.Platform.CT=1781414322384&SD.StudioSession.MD.Type=StartClient&SD.StudioSession.ID=6EA6A1942F214C57A6DE42308BCFC110&SD.Platform.MD.DebugVersion=FFlagStudioFlushDeferredEventsBlock%2C%20FFlagFixMissingStudioStartupSummaryEvent%2C%20FFlagFixWinStudioMissingStartEvent&SD.StudioSession.CT=1781414324104&SD.UserSession.ID=B6A04371E73F40DBA3373E22122D8E7E&SD.UserSession.CT=1781414329595&SD.UserSession.MD.Type=LoggedIn&SD.M
[2026-06-13 22:19:25] << /studio/e.png -> {}
[2026-06-13 22:19:25] << /studio/e.png -> {}
[2026-06-13 22:19:25] << /studio/e.png -> {}
[2026-06-13 22:19:25] Asset 9231903350 fetched OK (9545 bytes)
[2026-06-13 22:19:25] << /studio/e.png -> {}
[2026-06-13 22:19:25] << /studio/e.png -> {}
[2026-06-13 22:19:25] Asset 9231903395 fetched OK (10649 bytes)
[2026-06-13 22:19:25] Asset 9231903335 fetched OK (8285 bytes)
[2026-06-13 22:19:25] Asset 9231903353 fetched OK (11065 bytes)
[2026-06-13 22:19:25] << /studio/e.png -> {}
[2026-06-13 22:19:25] Asset 9231903370 fetched OK (11093 bytes)
[2026-06-13 22:19:25] << /studio/e.png -> {}
[2026-06-13 22:19:25] << /studio/e.png -> {}
[2026-06-13 22:19:25] Asset 9231913063 fetched OK (2877 bytes)
[2026-06-13 22:19:25] Asset 9231913062 fetched OK (1656 bytes)
[2026-06-13 22:19:25] Asset 9231913065 fetched OK (2668 bytes)
[2026-06-13 22:19:26] >> GET /v1/asset?id=9231912281
[2026-06-13 22:19:26] >> GET /studio/e.png?studioSid=6CC0A067-6251-498D-97D7-72F82332A8A5&clientID=1983CBC1-BFEF-4E46-A6E5-7574E69AA5BC&timestamp=1781414347637&userID=14463315&placeID=9991912465&category=Error&evt=QtMessage%5FWarning&label=QWindowsWindow%3A%3AsetGeometry%3A%20Unable%20to%20set%20geometry%201498x840%2B1%2B1%20%28frame%3A%201498x840%2B1%2B1%29%20on%20QWidgetWindow%2F%22QStackedWidgetClassWindow%22%20on%20%22%5C%5C%2E%5CDISPLAY1%22%2E%20Resulting%20geometry%3A%201500x843%2B0%2B0%20%28frame%3A%201500x843%2B0%2B0%29%20margins%3A%200%2C%200%2C%200%2C%200%29&value=0&SD.Platform.ID=39BD5212B7E147C4BB2598657C7226EC&SD.Platform.CT=1781414322384&SD.StudioSession.MD.Type=StartClient&SD.StudioSession.ID=6EA6A1942F214C57A6DE42308BCFC110&SD.Platform.MD.DebugVersion=FFlagStudioFlushDeferredEventsBlock%2C%20FFlagFixMissingStudioStartupSummaryEvent%2C%20FFlagFixWinStudioMissingStartEvent&SD.StudioSession.CT=1781414324104&SD.UserSession.ID=B6A04371E73F40DBA3373E22122D8E7E&SD.UserSession.CT=1781414329595&SD.UserSession.MD.Type=Logge
[2026-06-13 22:19:26] >> GET /studio/e.png?studioSid=6CC0A067-6251-498D-97D7-72F82332A8A5&clientID=1983CBC1-BFEF-4E46-A6E5-7574E69AA5BC&timestamp=1781414347638&userID=14463315&placeID=9991912465&category=Error&evt=QtMessage%5FWarning&label=QWindowsWindow%3A%3AsetGeometry%3A%20Unable%20to%20set%20geometry%201498x840%2B0%2B0%20%28frame%3A%201498x840%2B0%2B0%29%20on%20QWidgetWindow%2F%22QWidgetClassWindow%22%20on%20%22%5C%5C%2E%5CDISPLAY1%22%2E%20Resulting%20geometry%3A%201500x843%2B0%2B0%20%28frame%3A%201500x843%2B0%2B0%29%20margins%3A%200%2C%200%2C%200%2C%200%29&value=0&SD.Platform.ID=39BD5212B7E147C4BB2598657C7226EC&SD.Platform.CT=1781414322384&SD.StudioSession.MD.Type=StartClient&SD.StudioSession.ID=6EA6A1942F214C57A6DE42308BCFC110&SD.Platform.MD.DebugVersion=FFlagStudioFlushDeferredEventsBlock%2C%20FFlagFixMissingStudioStartupSummaryEvent%2C%20FFlagFixWinStudioMissingStartEvent&SD.StudioSession.CT=1781414324104&SD.UserSession.ID=B6A04371E73F40DBA3373E22122D8E7E&SD.UserSession.CT=1781414329595&SD.UserSession.MD.Type=LoggedIn&SD.
[2026-06-13 22:19:26] >> GET /studio/e.png?studioSid=6CC0A067-6251-498D-97D7-72F82332A8A5&clientID=1983CBC1-BFEF-4E46-A6E5-7574E69AA5BC&timestamp=1781414347638&userID=14463315&placeID=9991912465&category=Error&evt=QtMessage%5FWarning&label=QWindowsWindow%3A%3AsetGeometry%3A%20Unable%20to%20set%20geometry%201498x840%2B0%2B0%20%28frame%3A%201498x840%2B0%2B0%29%20on%20QWidgetWindow%2F%22QScrollAreaClassWindow%22%20on%20%22%5C%5C%2E%5CDISPLAY1%22%2E%20Resulting%20geometry%3A%201500x843%2B0%2B0%20%28frame%3A%201500x843%2B0%2B0%29%20margins%3A%200%2C%200%2C%200%2C%200%29&value=0&SD.Platform.ID=39BD5212B7E147C4BB2598657C7226EC&SD.Platform.CT=1781414322384&SD.StudioSession.MD.Type=StartClient&SD.StudioSession.ID=6EA6A1942F214C57A6DE42308BCFC110&SD.Platform.MD.DebugVersion=FFlagStudioFlushDeferredEventsBlock%2C%20FFlagFixMissingStudioStartupSummaryEvent%2C%20FFlagFixWinStudioMissingStartEvent&SD.StudioSession.CT=1781414324104&SD.UserSession.ID=B6A04371E73F40DBA3373E22122D8E7E&SD.UserSession.CT=1781414329595&SD.UserSession.MD.Type=LoggedIn
[2026-06-13 22:19:26] >> GET /studio/e.png?studioSid=6CC0A067-6251-498D-97D7-72F82332A8A5&clientID=1983CBC1-BFEF-4E46-A6E5-7574E69AA5BC&timestamp=1781414347639&userID=14463315&placeID=9991912465&category=Error&evt=QtMessage%5FWarning&label=QWindowsWindow%3A%3AsetGeometry%3A%20Unable%20to%20set%20geometry%201498x840%2B0%2B0%20%28frame%3A%201498x840%2B0%2B0%29%20on%20QWidgetWindow%2F%22qt%5Fscrollarea%5FviewportWindow%22%20on%20%22%5C%5C%2E%5CDISPLAY1%22%2E%20Resulting%20geometry%3A%201500x843%2B0%2B0%20%28frame%3A%201500x843%2B0%2B0%29%20margins%3A%200%2C%200%2C%200%2C%200%29&value=0&SD.Platform.ID=39BD5212B7E147C4BB2598657C7226EC&SD.Platform.CT=1781414322384&SD.StudioSession.MD.Type=StartClient&SD.StudioSession.ID=6EA6A1942F214C57A6DE42308BCFC110&SD.Platform.MD.DebugVersion=FFlagStudioFlushDeferredEventsBlock%2C%20FFlagFixMissingStudioStartupSummaryEvent%2C%20FFlagFixWinStudioMissingStartEvent&SD.StudioSession.CT=1781414324104&SD.UserSession.ID=B6A04371E73F40DBA3373E22122D8E7E&SD.UserSession.CT=1781414329595&SD.UserSession.MD.Typ
[2026-06-13 22:19:26] >> GET /studio/e.png?studioSid=6CC0A067-6251-498D-97D7-72F82332A8A5&clientID=1983CBC1-BFEF-4E46-A6E5-7574E69AA5BC&timestamp=1781414347639&userID=14463315&placeID=9991912465&category=Error&evt=QtMessage%5FWarning&label=QWindowsWindow%3A%3AsetGeometry%3A%20Unable%20to%20set%20geometry%201498x840%2B0%2B0%20%28frame%3A%201498x840%2B0%2B0%29%20on%20QWidgetWindow%2F%22QWidgetClassWindow%22%20on%20%22%5C%5C%2E%5CDISPLAY1%22%2E%20Resulting%20geometry%3A%201500x843%2B0%2B0%20%28frame%3A%201500x843%2B0%2B0%29%20margins%3A%200%2C%200%2C%200%2C%200%29&value=0&SD.Platform.ID=39BD5212B7E147C4BB2598657C7226EC&SD.Platform.CT=1781414322384&SD.StudioSession.MD.Type=StartClient&SD.StudioSession.ID=6EA6A1942F214C57A6DE42308BCFC110&SD.Platform.MD.DebugVersion=FFlagStudioFlushDeferredEventsBlock%2C%20FFlagFixMissingStudioStartupSummaryEvent%2C%20FFlagFixWinStudioMissingStartEvent&SD.StudioSession.CT=1781414324104&SD.UserSession.ID=B6A04371E73F40DBA3373E22122D8E7E&SD.UserSession.CT=1781414329595&SD.UserSession.MD.Type=LoggedIn&SD.
[2026-06-13 22:19:26] >> GET /studio/e.png?studioSid=6CC0A067-6251-498D-97D7-72F82332A8A5&clientID=1983CBC1-BFEF-4E46-A6E5-7574E69AA5BC&timestamp=1781414347640&userID=14463315&placeID=9991912465&category=Error&evt=QtMessage%5FWarning&label=QWindowsWindow%3A%3AsetGeometry%3A%20Unable%20to%20set%20geometry%201498x840%2B0%2B0%20%28frame%3A%201498x840%2B0%2B0%29%20on%20QWidgetWindow%2F%22QWidgetClassWindow%22%20on%20%22%5C%5C%2E%5CDISPLAY1%22%2E%20Resulting%20geometry%3A%201500x843%2B0%2B0%20%28frame%3A%201500x843%2B0%2B0%29%20margins%3A%200%2C%200%2C%200%2C%200%29&value=0&SD.Platform.ID=39BD5212B7E147C4BB2598657C7226EC&SD.Platform.CT=1781414322384&SD.StudioSession.MD.Type=StartClient&SD.StudioSession.ID=6EA6A1942F214C57A6DE42308BCFC110&SD.Platform.MD.DebugVersion=FFlagStudioFlushDeferredEventsBlock%2C%20FFlagFixMissingStudioStartupSummaryEvent%2C%20FFlagFixWinStudioMissingStartEvent&SD.StudioSession.CT=1781414324104&SD.UserSession.ID=B6A04371E73F40DBA3373E22122D8E7E&SD.UserSession.CT=1781414329595&SD.UserSession.MD.Type=LoggedIn&SD.
[2026-06-13 22:19:26] >> GET /studio/e.png?studioSid=6CC0A067-6251-498D-97D7-72F82332A8A5&clientID=1983CBC1-BFEF-4E46-A6E5-7574E69AA5BC&timestamp=1781414347691&userID=14463315&placeID=9991912465&category=Error&evt=QtMessage%5FWarning&label=QWindowsWindow%3A%3AsetGeometry%3A%20Unable%20to%20set%20geometry%201478x738%2B0%2B35%20%28frame%3A%201478x738%2B0%2B35%29%20on%20QWidgetWindow%2F%22RootWidgetWindow%22%20on%20%22%5C%5C%2E%5CDISPLAY1%22%2E%20Resulting%20geometry%3A%201478x843%2B0%2B0%20%28frame%3A%201478x843%2B0%2B0%29%20margins%3A%200%2C%200%2C%200%2C%200%29&value=0&SD.Platform.ID=39BD5212B7E147C4BB2598657C7226EC&SD.Platform.CT=1781414322384&SD.StudioSession.MD.Type=StartClient&SD.StudioSession.ID=6EA6A1942F214C57A6DE42308BCFC110&SD.Platform.MD.DebugVersion=FFlagStudioFlushDeferredEventsBlock%2C%20FFlagFixMissingStudioStartupSummaryEvent%2C%20FFlagFixWinStudioMissingStartEvent&SD.StudioSession.CT=1781414324104&SD.UserSession.ID=B6A04371E73F40DBA3373E22122D8E7E&SD.UserSession.CT=1781414329595&SD.UserSession.MD.Type=LoggedIn&SD.
[2026-06-13 22:19:26] >> GET /studio/e.png?studioSid=6CC0A067-6251-498D-97D7-72F82332A8A5&clientID=1983CBC1-BFEF-4E46-A6E5-7574E69AA5BC&timestamp=1781414347640&userID=14463315&placeID=9991912465&category=Error&evt=QtMessage%5FWarning&label=QWindowsWindow%3A%3AsetGeometry%3A%20Unable%20to%20set%20geometry%201498x840%2B0%2B0%20%28frame%3A%201498x840%2B0%2B0%29%20on%20QWidgetWindow%2F%22QOgreWidgetWindow%22%20on%20%22%5C%5C%2E%5CDISPLAY1%22%2E%20Resulting%20geometry%3A%201500x843%2B0%2B0%20%28frame%3A%201500x843%2B0%2B0%29%20margins%3A%200%2C%200%2C%200%2C%200%29&value=0&SD.Platform.ID=39BD5212B7E147C4BB2598657C7226EC&SD.Platform.CT=1781414322384&SD.StudioSession.MD.Type=StartClient&SD.StudioSession.ID=6EA6A1942F214C57A6DE42308BCFC110&SD.Platform.MD.DebugVersion=FFlagStudioFlushDeferredEventsBlock%2C%20FFlagFixMissingStudioStartupSummaryEvent%2C%20FFlagFixWinStudioMissingStartEvent&SD.StudioSession.CT=1781414324104&SD.UserSession.ID=B6A04371E73F40DBA3373E22122D8E7E&SD.UserSession.CT=1781414329595&SD.UserSession.MD.Type=LoggedIn&SD.M
[2026-06-13 22:19:26] << /studio/e.png -> {}
[2026-06-13 22:19:26] << /studio/e.png -> {}
[2026-06-13 22:19:26] << /studio/e.png -> {}
[2026-06-13 22:19:26] << /studio/e.png -> {}
[2026-06-13 22:19:26] << /studio/e.png -> {}
[2026-06-13 22:19:26] >> GET /v1/asset?id=11205230459
[2026-06-13 22:19:26] >> GET /v1/asset?id=11205230455
[2026-06-13 22:19:26] >> GET /v1/asset?id=11205230454
[2026-06-13 22:19:26] >> GET /v1/asset?id=9231912283
[2026-06-13 22:19:26] >> GET /v1/asset?id=9231912284
[2026-06-13 22:19:26] >> GET /v1/asset?id=9231913243
[2026-06-13 22:19:26] >> GET /v1/asset?id=9231913245
[2026-06-13 22:19:26] << /studio/e.png -> {}
[2026-06-13 22:19:26] << /studio/e.png -> {}
[2026-06-13 22:19:26] << /studio/e.png -> {}
[2026-06-13 22:19:26] Asset 9231912281 fetched OK (3388 bytes)
[2026-06-13 22:19:26] Asset 11205230455 fetched OK (3405 bytes)
[2026-06-13 22:19:26] Asset 9231912283 fetched OK (2451 bytes)
[2026-06-13 22:19:26] Asset 11205230454 fetched OK (2408 bytes)
[2026-06-13 22:19:26] Asset 9231912284 fetched OK (1901 bytes)
[2026-06-13 22:19:26] Asset 11205230459 fetched OK (2294 bytes)
[2026-06-13 22:19:26] Asset 9231913245 fetched OK (2717 bytes)
[2026-06-13 22:19:26] Asset 9231913243 fetched OK (2812 bytes)
[2026-06-13 22:19:26] >> GET /v1/asset?id=9231910901
[2026-06-13 22:19:26] >> GET /studio/e.png?studioSid=6CC0A067-6251-498D-97D7-72F82332A8A5&clientID=1983CBC1-BFEF-4E46-A6E5-7574E69AA5BC&timestamp=1781414347693&userID=14463315&placeID=9991912465&category=Error&evt=QtMessage%5FWarning&label=QWindowsWindow%3A%3AsetGeometry%3A%20Unable%20to%20set%20geometry%201478x738%2B0%2B0%20%28frame%3A%201478x738%2B0%2B0%29%20on%20QWidgetWindow%2F%22RootDockSplitLayoutPanelWindow%22%20on%20%22%5C%5C%2E%5CDISPLAY1%22%2E%20Resulting%20geometry%3A%201478x843%2B0%2B0%20%28frame%3A%201478x843%2B0%2B0%29%20margins%3A%200%2C%200%2C%200%2C%200%29&value=0&SD.Platform.ID=39BD5212B7E147C4BB2598657C7226EC&SD.Platform.CT=1781414322384&SD.StudioSession.MD.Type=StartClient&SD.StudioSession.ID=6EA6A1942F214C57A6DE42308BCFC110&SD.Platform.MD.DebugVersion=FFlagStudioFlushDeferredEventsBlock%2C%20FFlagFixMissingStudioStartupSummaryEvent%2C%20FFlagFixWinStudioMissingStartEvent&SD.StudioSession.CT=1781414324104&SD.UserSession.ID=B6A04371E73F40DBA3373E22122D8E7E&SD.UserSession.CT=1781414329595&SD.UserSession.MD.Type=
[2026-06-13 22:19:26] >> GET /studio/e.png?studioSid=6CC0A067-6251-498D-97D7-72F82332A8A5&clientID=1983CBC1-BFEF-4E46-A6E5-7574E69AA5BC&timestamp=1781414347693&userID=14463315&placeID=9991912465&category=Error&evt=QtMessage%5FWarning&label=QWindowsWindow%3A%3AsetGeometry%3A%20Unable%20to%20set%20geometry%201478x738%2B0%2B0%20%28frame%3A%201478x738%2B0%2B0%29%20on%20QWidgetWindow%2F%22Qtitan%3A%3ADockSplitLayoutPanelClassWindow%22%20on%20%22%5C%5C%2E%5CDISPLAY1%22%2E%20Resulting%20geometry%3A%201478x843%2B0%2B0%20%28frame%3A%201478x843%2B0%2B0%29%20margins%3A%200%2C%200%2C%200%2C%200%29&value=0&SD.Platform.ID=39BD5212B7E147C4BB2598657C7226EC&SD.Platform.CT=1781414322384&SD.StudioSession.MD.Type=StartClient&SD.StudioSession.ID=6EA6A1942F214C57A6DE42308BCFC110&SD.Platform.MD.DebugVersion=FFlagStudioFlushDeferredEventsBlock%2C%20FFlagFixMissingStudioStartupSummaryEvent%2C%20FFlagFixWinStudioMissingStartEvent&SD.StudioSession.CT=1781414324104&SD.UserSession.ID=B6A04371E73F40DBA3373E22122D8E7E&SD.UserSession.CT=1781414329595&SD.UserSes
[2026-06-13 22:19:26] >> GET /studio/e.png?studioSid=6CC0A067-6251-498D-97D7-72F82332A8A5&clientID=1983CBC1-BFEF-4E46-A6E5-7574E69AA5BC&timestamp=1781414347695&userID=14463315&placeID=9991912465&category=Error&evt=QtMessage%5FWarning&label=QWindowsWindow%3A%3AsetGeometry%3A%20Unable%20to%20set%20geometry%201478x738%2B0%2B0%20%28frame%3A%201478x738%2B0%2B0%29%20on%20QWidgetWindow%2F%22Qtitan%3A%3ADockSplitLayoutPanelClassWindow%22%20on%20%22%5C%5C%2E%5CDISPLAY1%22%2E%20Resulting%20geometry%3A%201478x843%2B0%2B0%20%28frame%3A%201478x843%2B0%2B0%29%20margins%3A%200%2C%200%2C%200%2C%200%29&value=0&SD.Platform.ID=39BD5212B7E147C4BB2598657C7226EC&SD.Platform.CT=1781414322384&SD.StudioSession.MD.Type=StartClient&SD.StudioSession.ID=6EA6A1942F214C57A6DE42308BCFC110&SD.Platform.MD.DebugVersion=FFlagStudioFlushDeferredEventsBlock%2C%20FFlagFixMissingStudioStartupSummaryEvent%2C%20FFlagFixWinStudioMissingStartEvent&SD.StudioSession.CT=1781414324104&SD.UserSession.ID=B6A04371E73F40DBA3373E22122D8E7E&SD.UserSession.CT=1781414329595&SD.UserSes
[2026-06-13 22:19:26] >> GET /studio/e.png?studioSid=6CC0A067-6251-498D-97D7-72F82332A8A5&clientID=1983CBC1-BFEF-4E46-A6E5-7574E69AA5BC&timestamp=1781414347696&userID=14463315&placeID=9991912465&category=Error&evt=QtMessage%5FWarning&label=QWindowsWindow%3A%3AsetGeometry%3A%20Unable%20to%20set%20geometry%201110x738%2B0%2B0%20%28frame%3A%201110x738%2B0%2B0%29%20on%20QWidgetWindow%2F%22Qtitan%3A%3ADockSplitLayoutPanelClassWindow%22%20on%20%22%5C%5C%2E%5CDISPLAY1%22%2E%20Resulting%20geometry%3A%201478x843%2B0%2B0%20%28frame%3A%201478x843%2B0%2B0%29%20margins%3A%200%2C%200%2C%200%2C%200%29&value=0&SD.Platform.ID=39BD5212B7E147C4BB2598657C7226EC&SD.Platform.CT=1781414322384&SD.StudioSession.MD.Type=StartClient&SD.StudioSession.ID=6EA6A1942F214C57A6DE42308BCFC110&SD.Platform.MD.DebugVersion=FFlagStudioFlushDeferredEventsBlock%2C%20FFlagFixMissingStudioStartupSummaryEvent%2C%20FFlagFixWinStudioMissingStartEvent&SD.StudioSession.CT=1781414324104&SD.UserSession.ID=B6A04371E73F40DBA3373E22122D8E7E&SD.UserSession.CT=1781414329595&SD.UserSes
[2026-06-13 22:19:26] >> GET /studio/e.png?studioSid=6CC0A067-6251-498D-97D7-72F82332A8A5&clientID=1983CBC1-BFEF-4E46-A6E5-7574E69AA5BC&timestamp=1781414347697&userID=14463315&placeID=9991912465&category=Error&evt=QtMessage%5FWarning&label=QWindowsWindow%3A%3AsetGeometry%3A%20Unable%20to%20set%20geometry%201110x738%2B0%2B0%20%28frame%3A%201110x738%2B0%2B0%29%20on%20QWidgetWindow%2F%22Qtitan%3A%3ADockSplitLayoutPanelClassWindow%22%20on%20%22%5C%5C%2E%5CDISPLAY1%22%2E%20Resulting%20geometry%3A%201478x843%2B0%2B0%20%28frame%3A%201478x843%2B0%2B0%29%20margins%3A%200%2C%200%2C%200%2C%200%29&value=0&SD.Platform.ID=39BD5212B7E147C4BB2598657C7226EC&SD.Platform.CT=1781414322384&SD.StudioSession.MD.Type=StartClient&SD.StudioSession.ID=6EA6A1942F214C57A6DE42308BCFC110&SD.Platform.MD.DebugVersion=FFlagStudioFlushDeferredEventsBlock%2C%20FFlagFixMissingStudioStartupSummaryEvent%2C%20FFlagFixWinStudioMissingStartEvent&SD.StudioSession.CT=1781414324104&SD.UserSession.ID=B6A04371E73F40DBA3373E22122D8E7E&SD.UserSession.CT=1781414329595&SD.UserSes
[2026-06-13 22:19:26] << /studio/e.png -> {}
[2026-06-13 22:19:26] << /studio/e.png -> {}
[2026-06-13 22:19:26] >> GET /studio/e.png?studioSid=6CC0A067-6251-498D-97D7-72F82332A8A5&clientID=1983CBC1-BFEF-4E46-A6E5-7574E69AA5BC&timestamp=1781414347697&userID=14463315&placeID=9991912465&category=Error&evt=QtMessage%5FWarning&label=QWindowsWindow%3A%3AsetGeometry%3A%20Unable%20to%20set%20geometry%201110x738%2B0%2B0%20%28frame%3A%201110x738%2B0%2B0%29%20on%20QWidgetWindow%2F%22Qtitan%3A%3ADockSplitLayoutPanelClassWindow%22%20on%20%22%5C%5C%2E%5CDISPLAY1%22%2E%20Resulting%20geometry%3A%201478x843%2B0%2B0%20%28frame%3A%201478x843%2B0%2B0%29%20margins%3A%200%2C%200%2C%200%2C%200%29&value=0&SD.Platform.ID=39BD5212B7E147C4BB2598657C7226EC&SD.Platform.CT=1781414322384&SD.StudioSession.MD.Type=StartClient&SD.StudioSession.ID=6EA6A1942F214C57A6DE42308BCFC110&SD.Platform.MD.DebugVersion=FFlagStudioFlushDeferredEventsBlock%2C%20FFlagFixMissingStudioStartupSummaryEvent%2C%20FFlagFixWinStudioMissingStartEvent&SD.StudioSession.CT=1781414324104&SD.UserSession.ID=B6A04371E73F40DBA3373E22122D8E7E&SD.UserSession.CT=1781414329595&SD.UserSes
[2026-06-13 22:19:26] >> GET /studio/e.png?studioSid=6CC0A067-6251-498D-97D7-72F82332A8A5&clientID=1983CBC1-BFEF-4E46-A6E5-7574E69AA5BC&timestamp=1781414347698&userID=14463315&placeID=9991912465&category=Error&evt=QtMessage%5FWarning&label=QWindowsWindow%3A%3AsetGeometry%3A%20Unable%20to%20set%20geometry%201110x738%2B0%2B0%20%28frame%3A%201110x738%2B0%2B0%29%20on%20QWidgetWindow%2F%22Qtitan%3A%3ADockSplitLayoutPanelClassWindow%22%20on%20%22%5C%5C%2E%5CDISPLAY1%22%2E%20Resulting%20geometry%3A%201478x843%2B0%2B0%20%28frame%3A%201478x843%2B0%2B0%29%20margins%3A%200%2C%200%2C%200%2C%200%29&value=0&SD.Platform.ID=39BD5212B7E147C4BB2598657C7226EC&SD.Platform.CT=1781414322384&SD.StudioSession.MD.Type=StartClient&SD.StudioSession.ID=6EA6A1942F214C57A6DE42308BCFC110&SD.Platform.MD.DebugVersion=FFlagStudioFlushDeferredEventsBlock%2C%20FFlagFixMissingStudioStartupSummaryEvent%2C%20FFlagFixWinStudioMissingStartEvent&SD.StudioSession.CT=1781414324104&SD.UserSession.ID=B6A04371E73F40DBA3373E22122D8E7E&SD.UserSession.CT=1781414329595&SD.UserSes
[2026-06-13 22:19:26] >> GET /studio/e.png?studioSid=6CC0A067-6251-498D-97D7-72F82332A8A5&clientID=1983CBC1-BFEF-4E46-A6E5-7574E69AA5BC&timestamp=1781414347698&userID=14463315&placeID=9991912465&category=Error&evt=QtMessage%5FWarning&label=QWindowsWindow%3A%3AsetGeometry%3A%20Unable%20to%20set%20geometry%201110x738%2B0%2B0%20%28frame%3A%201110x738%2B0%2B0%29%20on%20QWidgetWindow%2F%22Qtitan%3A%3ADockSplitLayoutPanelClassWindow%22%20on%20%22%5C%5C%2E%5CDISPLAY1%22%2E%20Resulting%20geometry%3A%201478x843%2B0%2B0%20%28frame%3A%201478x843%2B0%2B0%29%20margins%3A%200%2C%200%2C%200%2C%200%29&value=0&SD.Platform.ID=39BD5212B7E147C4BB2598657C7226EC&SD.Platform.CT=1781414322384&SD.StudioSession.MD.Type=StartClient&SD.StudioSession.ID=6EA6A1942F214C57A6DE42308BCFC110&SD.Platform.MD.DebugVersion=FFlagStudioFlushDeferredEventsBlock%2C%20FFlagFixMissingStudioStartupSummaryEvent%2C%20FFlagFixWinStudioMissingStartEvent&SD.StudioSession.CT=1781414324104&SD.UserSession.ID=B6A04371E73F40DBA3373E22122D8E7E&SD.UserSession.CT=1781414329595&SD.UserSes
[2026-06-13 22:19:26] << /studio/e.png -> {}
[2026-06-13 22:19:26] << /studio/e.png -> {}
[2026-06-13 22:19:26] << /studio/e.png -> {}
[2026-06-13 22:19:26] << /studio/e.png -> {}
[2026-06-13 22:19:26] << /studio/e.png -> {}
[2026-06-13 22:19:26] << /studio/e.png -> {}
[2026-06-13 22:19:26] Asset 9231910901 fetched OK (3331 bytes)
[2026-06-13 22:19:26] >> GET /v1/asset?id=9231910813
[2026-06-13 22:19:26] >> GET /v1/asset?id=9231913253
[2026-06-13 22:19:26] >> GET /asset/?id=70407603844092
[2026-06-13 22:19:26] >> GET /asset/?id=71141084325570
[2026-06-13 22:19:26] >> GET /asset/?id=14702505182
[2026-06-13 22:19:26] >> GET /asset/?id=137248998837764
[2026-06-13 22:19:26] >> GET /asset/?id=127520187379743
[2026-06-13 22:19:26] Asset 9231910813 fetched OK (7369 bytes)
[2026-06-13 22:19:26] Asset 9231913253 fetched OK (1657 bytes)
[2026-06-13 22:19:26] Asset 70407603844092 fetched OK (249362 bytes)
[2026-06-13 22:19:26] Asset 137248998837764 fetched OK (445577 bytes)
[2026-06-13 22:19:26] Asset 14702505182 fetched OK (151597 bytes)
[2026-06-13 22:19:26] Asset 127520187379743 fetched OK (374337 bytes)
[2026-06-13 22:19:26] >> GET /studio/e.png?studioSid=6CC0A067-6251-498D-97D7-72F82332A8A5&clientID=1983CBC1-BFEF-4E46-A6E5-7574E69AA5BC&timestamp=1781414347699&userID=14463315&placeID=9991912465&category=Error&evt=QtMessage%5FWarning&label=QWindowsWindow%3A%3AsetGeometry%3A%20Unable%20to%20set%20geometry%201110x738%2B0%2B0%20%28frame%3A%201110x738%2B0%2B0%29%20on%20QWidgetWindow%2F%22Qtitan%3A%3ADockDocumentLayoutPanelClassWindow%22%20on%20%22%5C%5C%2E%5CDISPLAY1%22%2E%20Resulting%20geometry%3A%201478x843%2B0%2B0%20%28frame%3A%201478x843%2B0%2B0%29%20margins%3A%200%2C%200%2C%200%2C%200%29&value=0&SD.Platform.ID=39BD5212B7E147C4BB2598657C7226EC&SD.Platform.CT=1781414322384&SD.StudioSession.MD.Type=StartClient&SD.StudioSession.ID=6EA6A1942F214C57A6DE42308BCFC110&SD.Platform.MD.DebugVersion=FFlagStudioFlushDeferredEventsBlock%2C%20FFlagFixMissingStudioStartupSummaryEvent%2C%20FFlagFixWinStudioMissingStartEvent&SD.StudioSession.CT=1781414324104&SD.UserSession.ID=B6A04371E73F40DBA3373E22122D8E7E&SD.UserSession.CT=1781414329595&SD.User
[2026-06-13 22:19:26] >> GET /studio/e.png?studioSid=6CC0A067-6251-498D-97D7-72F82332A8A5&clientID=1983CBC1-BFEF-4E46-A6E5-7574E69AA5BC&timestamp=1781414347699&userID=14463315&placeID=9991912465&category=Error&evt=QtMessage%5FWarning&label=QWindowsWindow%3A%3AsetGeometry%3A%20Unable%20to%20set%20geometry%201110x318%2B0%2B0%20%28frame%3A%201110x318%2B0%2B0%29%20on%20QWidgetWindow%2F%22Qtitan%3A%3ADockDocumentTabbedLayoutPanelClassWindow%22%20on%20%22%5C%5C%2E%5CDISPLAY1%22%2E%20Resulting%20geometry%3A%201478x843%2B0%2B0%20%28frame%3A%201478x843%2B0%2B0%29%20margins%3A%200%2C%200%2C%200%2C%200%29&value=0&SD.Platform.ID=39BD5212B7E147C4BB2598657C7226EC&SD.Platform.CT=1781414322384&SD.StudioSession.MD.Type=StartClient&SD.StudioSession.ID=6EA6A1942F214C57A6DE42308BCFC110&SD.Platform.MD.DebugVersion=FFlagStudioFlushDeferredEventsBlock%2C%20FFlagFixMissingStudioStartupSummaryEvent%2C%20FFlagFixWinStudioMissingStartEvent&SD.StudioSession.CT=1781414324104&SD.UserSession.ID=B6A04371E73F40DBA3373E22122D8E7E&SD.UserSession.CT=1781414329595&S
[2026-06-13 22:19:26] Asset 71141084325570 fetched OK (391897 bytes)
[2026-06-13 22:19:26] << /studio/e.png -> {}
[2026-06-13 22:19:26] << /studio/e.png -> {}
[2026-06-13 22:19:26] >> GET /studio/e.png?studioSid=6CC0A067-6251-498D-97D7-72F82332A8A5&clientID=1983CBC1-BFEF-4E46-A6E5-7574E69AA5BC&timestamp=1781414347700&userID=14463315&placeID=9991912465&category=Error&evt=QtMessage%5FWarning&label=QWindowsWindow%3A%3AsetGeometry%3A%20Unable%20to%20set%20geometry%201110x288%2B0%2B30%20%28frame%3A%201110x288%2B0%2B30%29%20on%20QWidgetWindow%2F%22ideDocDocumentPanelWindow%22%20on%20%22%5C%5C%2E%5CDISPLAY1%22%2E%20Resulting%20geometry%3A%201478x843%2B0%2B0%20%28frame%3A%201478x843%2B0%2B0%29%20margins%3A%200%2C%200%2C%200%2C%200%29&value=0&SD.Platform.ID=39BD5212B7E147C4BB2598657C7226EC&SD.Platform.CT=1781414322384&SD.StudioSession.MD.Type=StartClient&SD.StudioSession.ID=6EA6A1942F214C57A6DE42308BCFC110&SD.Platform.MD.DebugVersion=FFlagStudioFlushDeferredEventsBlock%2C%20FFlagFixMissingStudioStartupSummaryEvent%2C%20FFlagFixWinStudioMissingStartEvent&SD.StudioSession.CT=1781414324104&SD.UserSession.ID=B6A04371E73F40DBA3373E22122D8E7E&SD.UserSession.CT=1781414329595&SD.UserSession.MD.Type=Log
[2026-06-13 22:19:26] >> GET /studio/e.png?studioSid=6CC0A067-6251-498D-97D7-72F82332A8A5&clientID=1983CBC1-BFEF-4E46-A6E5-7574E69AA5BC&timestamp=1781414347700&userID=14463315&placeID=9991912465&category=Error&evt=QtMessage%5FWarning&label=QWindowsWindow%3A%3AsetGeometry%3A%20Unable%20to%20set%20geometry%201108x285%2B1%2B1%20%28frame%3A%201108x285%2B1%2B1%29%20on%20QWidgetWindow%2F%22QStackedWidgetClassWindow%22%20on%20%22%5C%5C%2E%5CDISPLAY1%22%2E%20Resulting%20geometry%3A%201478x843%2B0%2B0%20%28frame%3A%201478x843%2B0%2B0%29%20margins%3A%200%2C%200%2C%200%2C%200%29&value=0&SD.Platform.ID=39BD5212B7E147C4BB2598657C7226EC&SD.Platform.CT=1781414322384&SD.StudioSession.MD.Type=StartClient&SD.StudioSession.ID=6EA6A1942F214C57A6DE42308BCFC110&SD.Platform.MD.DebugVersion=FFlagStudioFlushDeferredEventsBlock%2C%20FFlagFixMissingStudioStartupSummaryEvent%2C%20FFlagFixWinStudioMissingStartEvent&SD.StudioSession.CT=1781414324104&SD.UserSession.ID=B6A04371E73F40DBA3373E22122D8E7E&SD.UserSession.CT=1781414329595&SD.UserSession.MD.Type=Logge
[2026-06-13 22:19:26] >> GET /studio/e.png?studioSid=6CC0A067-6251-498D-97D7-72F82332A8A5&clientID=1983CBC1-BFEF-4E46-A6E5-7574E69AA5BC&timestamp=1781414347701&userID=14463315&placeID=9991912465&category=Error&evt=QtMessage%5FWarning&label=QWindowsWindow%3A%3AsetGeometry%3A%20Unable%20to%20set%20geometry%201108x285%2B0%2B0%20%28frame%3A%201108x285%2B0%2B0%29%20on%20QWidgetWindow%2F%22QWidgetClassWindow%22%20on%20%22%5C%5C%2E%5CDISPLAY1%22%2E%20Resulting%20geometry%3A%201478x843%2B0%2B0%20%28frame%3A%201478x843%2B0%2B0%29%20margins%3A%200%2C%200%2C%200%2C%200%29&value=0&SD.Platform.ID=39BD5212B7E147C4BB2598657C7226EC&SD.Platform.CT=1781414322384&SD.StudioSession.MD.Type=StartClient&SD.StudioSession.ID=6EA6A1942F214C57A6DE42308BCFC110&SD.Platform.MD.DebugVersion=FFlagStudioFlushDeferredEventsBlock%2C%20FFlagFixMissingStudioStartupSummaryEvent%2C%20FFlagFixWinStudioMissingStartEvent&SD.StudioSession.CT=1781414324104&SD.UserSession.ID=B6A04371E73F40DBA3373E22122D8E7E&SD.UserSession.CT=1781414329595&SD.UserSession.MD.Type=LoggedIn&SD.
[2026-06-13 22:19:26] >> GET /studio/e.png?studioSid=6CC0A067-6251-498D-97D7-72F82332A8A5&clientID=1983CBC1-BFEF-4E46-A6E5-7574E69AA5BC&timestamp=1781414347703&userID=14463315&placeID=9991912465&category=Error&evt=QtMessage%5FWarning&label=QWindowsWindow%3A%3AsetGeometry%3A%20Unable%20to%20set%20geometry%201108x285%2B0%2B0%20%28frame%3A%201108x285%2B0%2B0%29%20on%20QWidgetWindow%2F%22QScrollAreaClassWindow%22%20on%20%22%5C%5C%2E%5CDISPLAY1%22%2E%20Resulting%20geometry%3A%201478x843%2B0%2B0%20%28frame%3A%201478x843%2B0%2B0%29%20margins%3A%200%2C%200%2C%200%2C%200%29&value=0&SD.Platform.ID=39BD5212B7E147C4BB2598657C7226EC&SD.Platform.CT=1781414322384&SD.StudioSession.MD.Type=StartClient&SD.StudioSession.ID=6EA6A1942F214C57A6DE42308BCFC110&SD.Platform.MD.DebugVersion=FFlagStudioFlushDeferredEventsBlock%2C%20FFlagFixMissingStudioStartupSummaryEvent%2C%20FFlagFixWinStudioMissingStartEvent&SD.StudioSession.CT=1781414324104&SD.UserSession.ID=B6A04371E73F40DBA3373E22122D8E7E&SD.UserSession.CT=1781414329595&SD.UserSession.MD.Type=LoggedIn
[2026-06-13 22:19:26] >> GET /studio/e.png?studioSid=6CC0A067-6251-498D-97D7-72F82332A8A5&clientID=1983CBC1-BFEF-4E46-A6E5-7574E69AA5BC&timestamp=1781414347705&userID=14463315&placeID=9991912465&category=Error&evt=QtMessage%5FWarning&label=QWindowsWindow%3A%3AsetGeometry%3A%20Unable%20to%20set%20geometry%201108x285%2B0%2B0%20%28frame%3A%201108x285%2B0%2B0%29%20on%20QWidgetWindow%2F%22qt%5Fscrollarea%5FviewportWindow%22%20on%20%22%5C%5C%2E%5CDISPLAY1%22%2E%20Resulting%20geometry%3A%201478x843%2B0%2B0%20%28frame%3A%201478x843%2B0%2B0%29%20margins%3A%200%2C%200%2C%200%2C%200%29&value=0&SD.Platform.ID=39BD5212B7E147C4BB2598657C7226EC&SD.Platform.CT=1781414322384&SD.StudioSession.MD.Type=StartClient&SD.StudioSession.ID=6EA6A1942F214C57A6DE42308BCFC110&SD.Platform.MD.DebugVersion=FFlagStudioFlushDeferredEventsBlock%2C%20FFlagFixMissingStudioStartupSummaryEvent%2C%20FFlagFixWinStudioMissingStartEvent&SD.StudioSession.CT=1781414324104&SD.UserSession.ID=B6A04371E73F40DBA3373E22122D8E7E&SD.UserSession.CT=1781414329595&SD.UserSession.MD.Typ
[2026-06-13 22:19:26] >> GET /studio/e.png?studioSid=6CC0A067-6251-498D-97D7-72F82332A8A5&clientID=1983CBC1-BFEF-4E46-A6E5-7574E69AA5BC&timestamp=1781414347706&userID=14463315&placeID=9991912465&category=Error&evt=QtMessage%5FWarning&label=QWindowsWindow%3A%3AsetGeometry%3A%20Unable%20to%20set%20geometry%201108x285%2B0%2B0%20%28frame%3A%201108x285%2B0%2B0%29%20on%20QWidgetWindow%2F%22QWidgetClassWindow%22%20on%20%22%5C%5C%2E%5CDISPLAY1%22%2E%20Resulting%20geometry%3A%201478x843%2B0%2B0%20%28frame%3A%201478x843%2B0%2B0%29%20margins%3A%200%2C%200%2C%200%2C%200%29&value=0&SD.Platform.ID=39BD5212B7E147C4BB2598657C7226EC&SD.Platform.CT=1781414322384&SD.StudioSession.MD.Type=StartClient&SD.StudioSession.ID=6EA6A1942F214C57A6DE42308BCFC110&SD.Platform.MD.DebugVersion=FFlagStudioFlushDeferredEventsBlock%2C%20FFlagFixMissingStudioStartupSummaryEvent%2C%20FFlagFixWinStudioMissingStartEvent&SD.StudioSession.CT=1781414324104&SD.UserSession.ID=B6A04371E73F40DBA3373E22122D8E7E&SD.UserSession.CT=1781414329595&SD.UserSession.MD.Type=LoggedIn&SD.
[2026-06-13 22:19:26] >> GET /asset/?id=95052680478600
[2026-06-13 22:19:26] << /studio/e.png -> {}
[2026-06-13 22:19:26] << /studio/e.png -> {}
[2026-06-13 22:19:27] << /studio/e.png -> {}
[2026-06-13 22:19:27] << /studio/e.png -> {}
[2026-06-13 22:19:27] << /studio/e.png -> {}
[2026-06-13 22:19:27] << /studio/e.png -> {}
[2026-06-13 22:19:27] >> GET /asset/?id=14702505323
[2026-06-13 22:19:27] >> GET /asset/?id=78838614242994
[2026-06-13 22:19:27] >> GET /asset/?id=126898814953987
[2026-06-13 22:19:27] >> GET /asset/?id=74627996960687
[2026-06-13 22:19:27] >> GET /studio/e.png?studioSid=6CC0A067-6251-498D-97D7-72F82332A8A5&clientID=1983CBC1-BFEF-4E46-A6E5-7574E69AA5BC&timestamp=1781414347707&userID=14463315&placeID=9991912465&category=Error&evt=QtMessage%5FWarning&label=QWindowsWindow%3A%3AsetGeometry%3A%20Unable%20to%20set%20geometry%201108x285%2B0%2B0%20%28frame%3A%201108x285%2B0%2B0%29%20on%20QWidgetWindow%2F%22QWidgetClassWindow%22%20on%20%22%5C%5C%2E%5CDISPLAY1%22%2E%20Resulting%20geometry%3A%201478x843%2B0%2B0%20%28frame%3A%201478x843%2B0%2B0%29%20margins%3A%200%2C%200%2C%200%2C%200%29&value=0&SD.Platform.ID=39BD5212B7E147C4BB2598657C7226EC&SD.Platform.CT=1781414322384&SD.StudioSession.MD.Type=StartClient&SD.StudioSession.ID=6EA6A1942F214C57A6DE42308BCFC110&SD.Platform.MD.DebugVersion=FFlagStudioFlushDeferredEventsBlock%2C%20FFlagFixMissingStudioStartupSummaryEvent%2C%20FFlagFixWinStudioMissingStartEvent&SD.StudioSession.CT=1781414324104&SD.UserSession.ID=B6A04371E73F40DBA3373E22122D8E7E&SD.UserSession.CT=1781414329595&SD.UserSession.MD.Type=LoggedIn&SD.
[2026-06-13 22:19:27] >> GET /studio/e.png?studioSid=6CC0A067-6251-498D-97D7-72F82332A8A5&clientID=1983CBC1-BFEF-4E46-A6E5-7574E69AA5BC&timestamp=1781414347709&userID=14463315&placeID=9991912465&category=Error&evt=QtMessage%5FWarning&label=QWindowsWindow%3A%3AsetGeometry%3A%20Unable%20to%20set%20geometry%201108x285%2B0%2B0%20%28frame%3A%201108x285%2B0%2B0%29%20on%20QWidgetWindow%2F%22QOgreWidgetWindow%22%20on%20%22%5C%5C%2E%5CDISPLAY1%22%2E%20Resulting%20geometry%3A%201478x843%2B0%2B0%20%28frame%3A%201478x843%2B0%2B0%29%20margins%3A%200%2C%200%2C%200%2C%200%29&value=0&SD.Platform.ID=39BD5212B7E147C4BB2598657C7226EC&SD.Platform.CT=1781414322384&SD.StudioSession.MD.Type=StartClient&SD.StudioSession.ID=6EA6A1942F214C57A6DE42308BCFC110&SD.Platform.MD.DebugVersion=FFlagStudioFlushDeferredEventsBlock%2C%20FFlagFixMissingStudioStartupSummaryEvent%2C%20FFlagFixWinStudioMissingStartEvent&SD.StudioSession.CT=1781414324104&SD.UserSession.ID=B6A04371E73F40DBA3373E22122D8E7E&SD.UserSession.CT=1781414329595&SD.UserSession.MD.Type=LoggedIn&SD.M
[2026-06-13 22:19:27] << /studio/e.png -> {}
[2026-06-13 22:19:27] << /studio/e.png -> {}
[2026-06-13 22:19:27] Asset 95052680478600 fetched OK (385576 bytes)
[2026-06-13 22:19:27] >> GET /v1/asset?id=72399408952923
[2026-06-13 22:19:27] >> GET /v1/asset?id=84136657410039
[2026-06-13 22:19:27] >> GET /asset/?id=126898814953987
[2026-06-13 22:19:27] Asset 14702505323 fetched OK (297673 bytes)
[2026-06-13 22:19:27] Asset 126898814953987 fetched OK (369843 bytes)
[2026-06-13 22:19:27] >> GET /studio/e.png?studioSid=6CC0A067-6251-498D-97D7-72F82332A8A5&clientID=1983CBC1-BFEF-4E46-A6E5-7574E69AA5BC&timestamp=1781414347731&userID=14463315&placeID=9991912465&category=Error&evt=QtMessage%5FWarning&label=QWindowsWindow%3A%3AsetGeometry%3A%20Unable%20to%20set%20geometry%201110x843%2B0%2B0%20%28frame%3A%201110x843%2B0%2B0%29%20on%20QWidgetWindow%2F%22Qtitan%3A%3ADockSplitLayoutPanelClassWindow%22%20on%20%22%5C%5C%2E%5CDISPLAY1%22%2E%20Resulting%20geometry%3A%201478x843%2B0%2B0%20%28frame%3A%201478x843%2B0%2B0%29%20margins%3A%200%2C%200%2C%200%2C%200%29&value=0&SD.Platform.ID=39BD5212B7E147C4BB2598657C7226EC&SD.Platform.CT=1781414322384&SD.StudioSession.MD.Type=StartClient&SD.StudioSession.ID=6EA6A1942F214C57A6DE42308BCFC110&SD.Platform.MD.DebugVersion=FFlagStudioFlushDeferredEventsBlock%2C%20FFlagFixMissingStudioStartupSummaryEvent%2C%20FFlagFixWinStudioMissingStartEvent&SD.StudioSession.CT=1781414324104&SD.UserSession.ID=B6A04371E73F40DBA3373E22122D8E7E&SD.UserSession.CT=1781414329595&SD.UserSes
[2026-06-13 22:19:27] >> GET /studio/e.png?studioSid=6CC0A067-6251-498D-97D7-72F82332A8A5&clientID=1983CBC1-BFEF-4E46-A6E5-7574E69AA5BC&timestamp=1781414347732&userID=14463315&placeID=9991912465&category=Error&evt=QtMessage%5FWarning&label=QWindowsWindow%3A%3AsetGeometry%3A%20Unable%20to%20set%20geometry%201110x843%2B0%2B0%20%28frame%3A%201110x843%2B0%2B0%29%20on%20QWidgetWindow%2F%22Qtitan%3A%3ADockSplitLayoutPanelClassWindow%22%20on%20%22%5C%5C%2E%5CDISPLAY1%22%2E%20Resulting%20geometry%3A%201478x843%2B0%2B0%20%28frame%3A%201478x843%2B0%2B0%29%20margins%3A%200%2C%200%2C%200%2C%200%29&value=0&SD.Platform.ID=39BD5212B7E147C4BB2598657C7226EC&SD.Platform.CT=1781414322384&SD.StudioSession.MD.Type=StartClient&SD.StudioSession.ID=6EA6A1942F214C57A6DE42308BCFC110&SD.Platform.MD.DebugVersion=FFlagStudioFlushDeferredEventsBlock%2C%20FFlagFixMissingStudioStartupSummaryEvent%2C%20FFlagFixWinStudioMissingStartEvent&SD.StudioSession.CT=1781414324104&SD.UserSession.ID=B6A04371E73F40DBA3373E22122D8E7E&SD.UserSession.CT=1781414329595&SD.UserSes
[2026-06-13 22:19:27] >> GET /studio/e.png?studioSid=6CC0A067-6251-498D-97D7-72F82332A8A5&clientID=1983CBC1-BFEF-4E46-A6E5-7574E69AA5BC&timestamp=1781414347732&userID=14463315&placeID=9991912465&category=Error&evt=QtMessage%5FWarning&label=QWindowsWindow%3A%3AsetGeometry%3A%20Unable%20to%20set%20geometry%201110x843%2B0%2B0%20%28frame%3A%201110x843%2B0%2B0%29%20on%20QWidgetWindow%2F%22Qtitan%3A%3ADockSplitLayoutPanelClassWindow%22%20on%20%22%5C%5C%2E%5CDISPLAY1%22%2E%20Resulting%20geometry%3A%201478x843%2B0%2B0%20%28frame%3A%201478x843%2B0%2B0%29%20margins%3A%200%2C%200%2C%200%2C%200%29&value=0&SD.Platform.ID=39BD5212B7E147C4BB2598657C7226EC&SD.Platform.CT=1781414322384&SD.StudioSession.MD.Type=StartClient&SD.StudioSession.ID=6EA6A1942F214C57A6DE42308BCFC110&SD.Platform.MD.DebugVersion=FFlagStudioFlushDeferredEventsBlock%2C%20FFlagFixMissingStudioStartupSummaryEvent%2C%20FFlagFixWinStudioMissingStartEvent&SD.StudioSession.CT=1781414324104&SD.UserSession.ID=B6A04371E73F40DBA3373E22122D8E7E&SD.UserSession.CT=1781414329595&SD.UserSes
[2026-06-13 22:19:27] Asset 74627996960687 fetched OK (71377 bytes)
[2026-06-13 22:19:27] >> GET /studio/e.png?studioSid=6CC0A067-6251-498D-97D7-72F82332A8A5&clientID=1983CBC1-BFEF-4E46-A6E5-7574E69AA5BC&timestamp=1781414347733&userID=14463315&placeID=9991912465&category=Error&evt=QtMessage%5FWarning&label=QWindowsWindow%3A%3AsetGeometry%3A%20Unable%20to%20set%20geometry%201110x843%2B0%2B0%20%28frame%3A%201110x843%2B0%2B0%29%20on%20QWidgetWindow%2F%22Qtitan%3A%3ADockSplitLayoutPanelClassWindow%22%20on%20%22%5C%5C%2E%5CDISPLAY1%22%2E%20Resulting%20geometry%3A%201478x843%2B0%2B0%20%28frame%3A%201478x843%2B0%2B0%29%20margins%3A%200%2C%200%2C%200%2C%200%29&value=0&SD.Platform.ID=39BD5212B7E147C4BB2598657C7226EC&SD.Platform.CT=1781414322384&SD.StudioSession.MD.Type=StartClient&SD.StudioSession.ID=6EA6A1942F214C57A6DE42308BCFC110&SD.Platform.MD.DebugVersion=FFlagStudioFlushDeferredEventsBlock%2C%20FFlagFixMissingStudioStartupSummaryEvent%2C%20FFlagFixWinStudioMissingStartEvent&SD.StudioSession.CT=1781414324104&SD.UserSession.ID=B6A04371E73F40DBA3373E22122D8E7E&SD.UserSession.CT=1781414329595&SD.UserSes
[2026-06-13 22:19:27] >> GET /studio/e.png?studioSid=6CC0A067-6251-498D-97D7-72F82332A8A5&clientID=1983CBC1-BFEF-4E46-A6E5-7574E69AA5BC&timestamp=1781414347733&userID=14463315&placeID=9991912465&category=Error&evt=QtMessage%5FWarning&label=QWindowsWindow%3A%3AsetGeometry%3A%20Unable%20to%20set%20geometry%201110x843%2B0%2B0%20%28frame%3A%201110x843%2B0%2B0%29%20on%20QWidgetWindow%2F%22Qtitan%3A%3ADockSplitLayoutPanelClassWindow%22%20on%20%22%5C%5C%2E%5CDISPLAY1%22%2E%20Resulting%20geometry%3A%201478x843%2B0%2B0%20%28frame%3A%201478x843%2B0%2B0%29%20margins%3A%200%2C%200%2C%200%2C%200%29&value=0&SD.Platform.ID=39BD5212B7E147C4BB2598657C7226EC&SD.Platform.CT=1781414322384&SD.StudioSession.MD.Type=StartClient&SD.StudioSession.ID=6EA6A1942F214C57A6DE42308BCFC110&SD.Platform.MD.DebugVersion=FFlagStudioFlushDeferredEventsBlock%2C%20FFlagFixMissingStudioStartupSummaryEvent%2C%20FFlagFixWinStudioMissingStartEvent&SD.StudioSession.CT=1781414324104&SD.UserSession.ID=B6A04371E73F40DBA3373E22122D8E7E&SD.UserSession.CT=1781414329595&SD.UserSes
[2026-06-13 22:19:27] >> GET /studio/e.png?studioSid=6CC0A067-6251-498D-97D7-72F82332A8A5&clientID=1983CBC1-BFEF-4E46-A6E5-7574E69AA5BC&timestamp=1781414347733&userID=14463315&placeID=9991912465&category=Error&evt=QtMessage%5FWarning&label=QWindowsWindow%3A%3AsetGeometry%3A%20Unable%20to%20set%20geometry%201110x843%2B0%2B0%20%28frame%3A%201110x843%2B0%2B0%29%20on%20QWidgetWindow%2F%22Qtitan%3A%3ADockDocumentLayoutPanelClassWindow%22%20on%20%22%5C%5C%2E%5CDISPLAY1%22%2E%20Resulting%20geometry%3A%201478x843%2B0%2B0%20%28frame%3A%201478x843%2B0%2B0%29%20margins%3A%200%2C%200%2C%200%2C%200%29&value=0&SD.Platform.ID=39BD5212B7E147C4BB2598657C7226EC&SD.Platform.CT=1781414322384&SD.StudioSession.MD.Type=StartClient&SD.StudioSession.ID=6EA6A1942F214C57A6DE42308BCFC110&SD.Platform.MD.DebugVersion=FFlagStudioFlushDeferredEventsBlock%2C%20FFlagFixMissingStudioStartupSummaryEvent%2C%20FFlagFixWinStudioMissingStartEvent&SD.StudioSession.CT=1781414324104&SD.UserSession.ID=B6A04371E73F40DBA3373E22122D8E7E&SD.UserSession.CT=1781414329595&SD.User
[2026-06-13 22:19:27] << /studio/e.png -> {}
[2026-06-13 22:19:27] << /studio/e.png -> {}
[2026-06-13 22:19:27] Asset 78838614242994 fetched OK (1140630 bytes)
[2026-06-13 22:19:27] << /studio/e.png -> {}
[2026-06-13 22:19:27] << /studio/e.png -> {}
[2026-06-13 22:19:27] << /studio/e.png -> {}
[2026-06-13 22:19:27] << /studio/e.png -> {}
[2026-06-13 22:19:27] Asset 72399408952923 fetched OK (204845 bytes)
[2026-06-13 22:19:27] Asset 84136657410039 fetched OK (311850 bytes)
[2026-06-13 22:19:27] >> GET /asset/?id=78838614242994
[2026-06-13 22:19:27] Asset 126898814953987 fetched OK (369843 bytes)
[2026-06-13 22:19:27] >> GET /asset/?id=14702505323
[2026-06-13 22:19:27] >> GET /studio/e.png?studioSid=6CC0A067-6251-498D-97D7-72F82332A8A5&clientID=1983CBC1-BFEF-4E46-A6E5-7574E69AA5BC&timestamp=1781414347733&userID=14463315&placeID=9991912465&category=Error&evt=QtMessage%5FWarning&label=QWindowsWindow%3A%3AsetGeometry%3A%20Unable%20to%20set%20geometry%201110x363%2B0%2B0%20%28frame%3A%201110x363%2B0%2B0%29%20on%20QWidgetWindow%2F%22Qtitan%3A%3ADockDocumentTabbedLayoutPanelClassWindow%22%20on%20%22%5C%5C%2E%5CDISPLAY1%22%2E%20Resulting%20geometry%3A%201478x843%2B0%2B0%20%28frame%3A%201478x843%2B0%2B0%29%20margins%3A%200%2C%200%2C%200%2C%200%29&value=0&SD.Platform.ID=39BD5212B7E147C4BB2598657C7226EC&SD.Platform.CT=1781414322384&SD.StudioSession.MD.Type=StartClient&SD.StudioSession.ID=6EA6A1942F214C57A6DE42308BCFC110&SD.Platform.MD.DebugVersion=FFlagStudioFlushDeferredEventsBlock%2C%20FFlagFixMissingStudioStartupSummaryEvent%2C%20FFlagFixWinStudioMissingStartEvent&SD.StudioSession.CT=1781414324104&SD.UserSession.ID=B6A04371E73F40DBA3373E22122D8E7E&SD.UserSession.CT=1781414329595&S
[2026-06-13 22:19:27] >> GET /studio/e.png?studioSid=6CC0A067-6251-498D-97D7-72F82332A8A5&clientID=1983CBC1-BFEF-4E46-A6E5-7574E69AA5BC&timestamp=1781414347734&userID=14463315&placeID=9991912465&category=Error&evt=QtMessage%5FWarning&label=QWindowsWindow%3A%3AsetGeometry%3A%20Unable%20to%20set%20geometry%201110x333%2B0%2B30%20%28frame%3A%201110x333%2B0%2B30%29%20on%20QWidgetWindow%2F%22ideDocDocumentPanelWindow%22%20on%20%22%5C%5C%2E%5CDISPLAY1%22%2E%20Resulting%20geometry%3A%201478x843%2B0%2B0%20%28frame%3A%201478x843%2B0%2B0%29%20margins%3A%200%2C%200%2C%200%2C%200%29&value=0&SD.Platform.ID=39BD5212B7E147C4BB2598657C7226EC&SD.Platform.CT=1781414322384&SD.StudioSession.MD.Type=StartClient&SD.StudioSession.ID=6EA6A1942F214C57A6DE42308BCFC110&SD.Platform.MD.DebugVersion=FFlagStudioFlushDeferredEventsBlock%2C%20FFlagFixMissingStudioStartupSummaryEvent%2C%20FFlagFixWinStudioMissingStartEvent&SD.StudioSession.CT=1781414324104&SD.UserSession.ID=B6A04371E73F40DBA3373E22122D8E7E&SD.UserSession.CT=1781414329595&SD.UserSession.MD.Type=Log
[2026-06-13 22:19:27] << /studio/e.png -> {}
[2026-06-13 22:19:27] << /studio/e.png -> {}
[2026-06-13 22:19:27] >> GET /asset/?id=95052680478600
[2026-06-13 22:19:27] >> GET /v1/asset?id=10921071918&serverplaceid=0
[2026-06-13 22:19:27] >> GET /v1/asset/?id=14092181857&serverplaceid=0&scriptinsert=1&clientinsert=0
[2026-06-13 22:19:27] >> GET /studio/e.png?studioSid=6CC0A067-6251-498D-97D7-72F82332A8A5&clientID=1983CBC1-BFEF-4E46-A6E5-7574E69AA5BC&timestamp=1781414347734&userID=14463315&placeID=9991912465&category=Error&evt=QtMessage%5FWarning&label=QWindowsWindow%3A%3AsetGeometry%3A%20Unable%20to%20set%20geometry%201108x330%2B1%2B1%20%28frame%3A%201108x330%2B1%2B1%29%20on%20QWidgetWindow%2F%22QStackedWidgetClassWindow%22%20on%20%22%5C%5C%2E%5CDISPLAY1%22%2E%20Resulting%20geometry%3A%201478x843%2B0%2B0%20%28frame%3A%201478x843%2B0%2B0%29%20margins%3A%200%2C%200%2C%200%2C%200%29&value=0&SD.Platform.ID=39BD5212B7E147C4BB2598657C7226EC&SD.Platform.CT=1781414322384&SD.StudioSession.MD.Type=StartClient&SD.StudioSession.ID=6EA6A1942F214C57A6DE42308BCFC110&SD.Platform.MD.DebugVersion=FFlagStudioFlushDeferredEventsBlock%2C%20FFlagFixMissingStudioStartupSummaryEvent%2C%20FFlagFixWinStudioMissingStartEvent&SD.StudioSession.CT=1781414324104&SD.UserSession.ID=B6A04371E73F40DBA3373E22122D8E7E&SD.UserSession.CT=1781414329595&SD.UserSession.MD.Type=Logge
[2026-06-13 22:19:27] >> GET /studio/e.png?studioSid=6CC0A067-6251-498D-97D7-72F82332A8A5&clientID=1983CBC1-BFEF-4E46-A6E5-7574E69AA5BC&timestamp=1781414347734&userID=14463315&placeID=9991912465&category=Error&evt=QtMessage%5FWarning&label=QWindowsWindow%3A%3AsetGeometry%3A%20Unable%20to%20set%20geometry%201108x330%2B0%2B0%20%28frame%3A%201108x330%2B0%2B0%29%20on%20QWidgetWindow%2F%22QWidgetClassWindow%22%20on%20%22%5C%5C%2E%5CDISPLAY1%22%2E%20Resulting%20geometry%3A%201478x843%2B0%2B0%20%28frame%3A%201478x843%2B0%2B0%29%20margins%3A%200%2C%200%2C%200%2C%200%29&value=0&SD.Platform.ID=39BD5212B7E147C4BB2598657C7226EC&SD.Platform.CT=1781414322384&SD.StudioSession.MD.Type=StartClient&SD.StudioSession.ID=6EA6A1942F214C57A6DE42308BCFC110&SD.Platform.MD.DebugVersion=FFlagStudioFlushDeferredEventsBlock%2C%20FFlagFixMissingStudioStartupSummaryEvent%2C%20FFlagFixWinStudioMissingStartEvent&SD.StudioSession.CT=1781414324104&SD.UserSession.ID=B6A04371E73F40DBA3373E22122D8E7E&SD.UserSession.CT=1781414329595&SD.UserSession.MD.Type=LoggedIn&SD.
[2026-06-13 22:19:27] >> GET /studio/e.png?studioSid=6CC0A067-6251-498D-97D7-72F82332A8A5&clientID=1983CBC1-BFEF-4E46-A6E5-7574E69AA5BC&timestamp=1781414347735&userID=14463315&placeID=9991912465&category=Error&evt=QtMessage%5FWarning&label=QWindowsWindow%3A%3AsetGeometry%3A%20Unable%20to%20set%20geometry%201108x330%2B0%2B0%20%28frame%3A%201108x330%2B0%2B0%29%20on%20QWidgetWindow%2F%22QScrollAreaClassWindow%22%20on%20%22%5C%5C%2E%5CDISPLAY1%22%2E%20Resulting%20geometry%3A%201478x843%2B0%2B0%20%28frame%3A%201478x843%2B0%2B0%29%20margins%3A%200%2C%200%2C%200%2C%200%29&value=0&SD.Platform.ID=39BD5212B7E147C4BB2598657C7226EC&SD.Platform.CT=1781414322384&SD.StudioSession.MD.Type=StartClient&SD.StudioSession.ID=6EA6A1942F214C57A6DE42308BCFC110&SD.Platform.MD.DebugVersion=FFlagStudioFlushDeferredEventsBlock%2C%20FFlagFixMissingStudioStartupSummaryEvent%2C%20FFlagFixWinStudioMissingStartEvent&SD.StudioSession.CT=1781414324104&SD.UserSession.ID=B6A04371E73F40DBA3373E22122D8E7E&SD.UserSession.CT=1781414329595&SD.UserSession.MD.Type=LoggedIn
[2026-06-13 22:19:27] >> GET /studio/e.png?studioSid=6CC0A067-6251-498D-97D7-72F82332A8A5&clientID=1983CBC1-BFEF-4E46-A6E5-7574E69AA5BC&timestamp=1781414347735&userID=14463315&placeID=9991912465&category=Error&evt=QtMessage%5FWarning&label=QWindowsWindow%3A%3AsetGeometry%3A%20Unable%20to%20set%20geometry%201108x330%2B0%2B0%20%28frame%3A%201108x330%2B0%2B0%29%20on%20QWidgetWindow%2F%22qt%5Fscrollarea%5FviewportWindow%22%20on%20%22%5C%5C%2E%5CDISPLAY1%22%2E%20Resulting%20geometry%3A%201478x843%2B0%2B0%20%28frame%3A%201478x843%2B0%2B0%29%20margins%3A%200%2C%200%2C%200%2C%200%29&value=0&SD.Platform.ID=39BD5212B7E147C4BB2598657C7226EC&SD.Platform.CT=1781414322384&SD.StudioSession.MD.Type=StartClient&SD.StudioSession.ID=6EA6A1942F214C57A6DE42308BCFC110&SD.Platform.MD.DebugVersion=FFlagStudioFlushDeferredEventsBlock%2C%20FFlagFixMissingStudioStartupSummaryEvent%2C%20FFlagFixWinStudioMissingStartEvent&SD.StudioSession.CT=1781414324104&SD.UserSession.ID=B6A04371E73F40DBA3373E22122D8E7E&SD.UserSession.CT=1781414329595&SD.UserSession.MD.Typ
[2026-06-13 22:19:27] >> GET /studio/e.png?studioSid=6CC0A067-6251-498D-97D7-72F82332A8A5&clientID=1983CBC1-BFEF-4E46-A6E5-7574E69AA5BC&timestamp=1781414347735&userID=14463315&placeID=9991912465&category=Error&evt=QtMessage%5FWarning&label=QWindowsWindow%3A%3AsetGeometry%3A%20Unable%20to%20set%20geometry%201108x330%2B0%2B0%20%28frame%3A%201108x330%2B0%2B0%29%20on%20QWidgetWindow%2F%22QWidgetClassWindow%22%20on%20%22%5C%5C%2E%5CDISPLAY1%22%2E%20Resulting%20geometry%3A%201478x843%2B0%2B0%20%28frame%3A%201478x843%2B0%2B0%29%20margins%3A%200%2C%200%2C%200%2C%200%29&value=0&SD.Platform.ID=39BD5212B7E147C4BB2598657C7226EC&SD.Platform.CT=1781414322384&SD.StudioSession.MD.Type=StartClient&SD.StudioSession.ID=6EA6A1942F214C57A6DE42308BCFC110&SD.Platform.MD.DebugVersion=FFlagStudioFlushDeferredEventsBlock%2C%20FFlagFixMissingStudioStartupSummaryEvent%2C%20FFlagFixWinStudioMissingStartEvent&SD.StudioSession.CT=1781414324104&SD.UserSession.ID=B6A04371E73F40DBA3373E22122D8E7E&SD.UserSession.CT=1781414329595&SD.UserSession.MD.Type=LoggedIn&SD.
[2026-06-13 22:19:27] >> GET /studio/e.png?studioSid=6CC0A067-6251-498D-97D7-72F82332A8A5&clientID=1983CBC1-BFEF-4E46-A6E5-7574E69AA5BC&timestamp=1781414347736&userID=14463315&placeID=9991912465&category=Error&evt=QtMessage%5FWarning&label=QWindowsWindow%3A%3AsetGeometry%3A%20Unable%20to%20set%20geometry%201108x330%2B0%2B0%20%28frame%3A%201108x330%2B0%2B0%29%20on%20QWidgetWindow%2F%22QWidgetClassWindow%22%20on%20%22%5C%5C%2E%5CDISPLAY1%22%2E%20Resulting%20geometry%3A%201478x843%2B0%2B0%20%28frame%3A%201478x843%2B0%2B0%29%20margins%3A%200%2C%200%2C%200%2C%200%29&value=0&SD.Platform.ID=39BD5212B7E147C4BB2598657C7226EC&SD.Platform.CT=1781414322384&SD.StudioSession.MD.Type=StartClient&SD.StudioSession.ID=6EA6A1942F214C57A6DE42308BCFC110&SD.Platform.MD.DebugVersion=FFlagStudioFlushDeferredEventsBlock%2C%20FFlagFixMissingStudioStartupSummaryEvent%2C%20FFlagFixWinStudioMissingStartEvent&SD.StudioSession.CT=1781414324104&SD.UserSession.ID=B6A04371E73F40DBA3373E22122D8E7E&SD.UserSession.CT=1781414329595&SD.UserSession.MD.Type=LoggedIn&SD.
[2026-06-13 22:19:27] << /studio/e.png -> {}
[2026-06-13 22:19:27] Asset 78838614242994 fetched OK (1140630 bytes)
[2026-06-13 22:19:27] << /studio/e.png -> {}
[2026-06-13 22:19:27] << /studio/e.png -> {}
[2026-06-13 22:19:27] << /studio/e.png -> {}
[2026-06-13 22:19:27] << /studio/e.png -> {}
[2026-06-13 22:19:27] << /studio/e.png -> {}
[2026-06-13 22:19:27] Asset 95052680478600 fetched OK (385576 bytes)
[2026-06-13 22:19:27] FetchUrl: HTTP 403 for https://assetdelivery.roblox.com/v1/asset/?id=14092181857
[2026-06-13 22:19:27] Asset 14092181857: fetch failed, falling back to redirect
[2026-06-13 22:19:27] Asset 14702505323 fetched OK (297673 bytes)
[2026-06-13 22:19:27] Asset 10921071918 fetched OK (36983 bytes)
[2026-06-13 22:19:27] >> GET /studio/e.png?studioSid=6CC0A067-6251-498D-97D7-72F82332A8A5&clientID=1983CBC1-BFEF-4E46-A6E5-7574E69AA5BC&timestamp=1781414347737&userID=14463315&placeID=9991912465&category=Error&evt=QtMessage%5FWarning&label=QWindowsWindow%3A%3AsetGeometry%3A%20Unable%20to%20set%20geometry%201108x330%2B0%2B0%20%28frame%3A%201108x330%2B0%2B0%29%20on%20QWidgetWindow%2F%22QOgreWidgetWindow%22%20on%20%22%5C%5C%2E%5CDISPLAY1%22%2E%20Resulting%20geometry%3A%201478x843%2B0%2B0%20%28frame%3A%201478x843%2B0%2B0%29%20margins%3A%200%2C%200%2C%200%2C%200%29&value=0&SD.Platform.ID=39BD5212B7E147C4BB2598657C7226EC&SD.Platform.CT=1781414322384&SD.StudioSession.MD.Type=StartClient&SD.StudioSession.ID=6EA6A1942F214C57A6DE42308BCFC110&SD.Platform.MD.DebugVersion=FFlagStudioFlushDeferredEventsBlock%2C%20FFlagFixMissingStudioStartupSummaryEvent%2C%20FFlagFixWinStudioMissingStartEvent&SD.StudioSession.CT=1781414324104&SD.UserSession.ID=B6A04371E73F40DBA3373E22122D8E7E&SD.UserSession.CT=1781414329595&SD.UserSession.MD.Type=LoggedIn&SD.M
[2026-06-13 22:19:27] >> GET /studio/e.png?studioSid=6CC0A067-6251-498D-97D7-72F82332A8A5&clientID=1983CBC1-BFEF-4E46-A6E5-7574E69AA5BC&timestamp=1781414347751&userID=14463315&placeID=9991912465&category=Error&evt=QtMessage%5FWarning&label=QWindowsWindow%3A%3AsetGeometry%3A%20Unable%20to%20set%20geometry%201475x840%2B1%2B1%20%28frame%3A%201475x840%2B1%2B1%29%20on%20QWidgetWindow%2F%22QStackedWidgetClassWindow%22%20on%20%22%5C%5C%2E%5CDISPLAY1%22%2E%20Resulting%20geometry%3A%201478x843%2B0%2B0%20%28frame%3A%201478x843%2B0%2B0%29%20margins%3A%200%2C%200%2C%200%2C%200%29&value=0&SD.Platform.ID=39BD5212B7E147C4BB2598657C7226EC&SD.Platform.CT=1781414322384&SD.StudioSession.MD.Type=StartClient&SD.StudioSession.ID=6EA6A1942F214C57A6DE42308BCFC110&SD.Platform.MD.DebugVersion=FFlagStudioFlushDeferredEventsBlock%2C%20FFlagFixMissingStudioStartupSummaryEvent%2C%20FFlagFixWinStudioMissingStartEvent&SD.StudioSession.CT=1781414324104&SD.UserSession.ID=B6A04371E73F40DBA3373E22122D8E7E&SD.UserSession.CT=1781414329595&SD.UserSession.MD.Type=Logge
[2026-06-13 22:19:27] << /studio/e.png -> {}
[2026-06-13 22:19:27] << /studio/e.png -> {}
[2026-06-13 22:19:28] >> GET /studio/e.png?studioSid=6CC0A067-6251-498D-97D7-72F82332A8A5&clientID=1983CBC1-BFEF-4E46-A6E5-7574E69AA5BC&timestamp=1781414347752&userID=14463315&placeID=9991912465&category=Error&evt=QtMessage%5FWarning&label=QWindowsWindow%3A%3AsetGeometry%3A%20Unable%20to%20set%20geometry%201475x840%2B0%2B0%20%28frame%3A%201475x840%2B0%2B0%29%20on%20QWidgetWindow%2F%22QWidgetClassWindow%22%20on%20%22%5C%5C%2E%5CDISPLAY1%22%2E%20Resulting%20geometry%3A%201478x843%2B0%2B0%20%28frame%3A%201478x843%2B0%2B0%29%20margins%3A%200%2C%200%2C%200%2C%200%29&value=0&SD.Platform.ID=39BD5212B7E147C4BB2598657C7226EC&SD.Platform.CT=1781414322384&SD.StudioSession.MD.Type=StartClient&SD.StudioSession.ID=6EA6A1942F214C57A6DE42308BCFC110&SD.Platform.MD.DebugVersion=FFlagStudioFlushDeferredEventsBlock%2C%20FFlagFixMissingStudioStartupSummaryEvent%2C%20FFlagFixWinStudioMissingStartEvent&SD.StudioSession.CT=1781414324104&SD.UserSession.ID=B6A04371E73F40DBA3373E22122D8E7E&SD.UserSession.CT=1781414329595&SD.UserSession.MD.Type=LoggedIn&SD.
[2026-06-13 22:19:28] >> GET /studio/e.png?studioSid=6CC0A067-6251-498D-97D7-72F82332A8A5&clientID=1983CBC1-BFEF-4E46-A6E5-7574E69AA5BC&timestamp=1781414347753&userID=14463315&placeID=9991912465&category=Error&evt=QtMessage%5FWarning&label=QWindowsWindow%3A%3AsetGeometry%3A%20Unable%20to%20set%20geometry%201475x840%2B0%2B0%20%28frame%3A%201475x840%2B0%2B0%29%20on%20QWidgetWindow%2F%22QScrollAreaClassWindow%22%20on%20%22%5C%5C%2E%5CDISPLAY1%22%2E%20Resulting%20geometry%3A%201478x843%2B0%2B0%20%28frame%3A%201478x843%2B0%2B0%29%20margins%3A%200%2C%200%2C%200%2C%200%29&value=0&SD.Platform.ID=39BD5212B7E147C4BB2598657C7226EC&SD.Platform.CT=1781414322384&SD.StudioSession.MD.Type=StartClient&SD.StudioSession.ID=6EA6A1942F214C57A6DE42308BCFC110&SD.Platform.MD.DebugVersion=FFlagStudioFlushDeferredEventsBlock%2C%20FFlagFixMissingStudioStartupSummaryEvent%2C%20FFlagFixWinStudioMissingStartEvent&SD.StudioSession.CT=1781414324104&SD.UserSession.ID=B6A04371E73F40DBA3373E22122D8E7E&SD.UserSession.CT=1781414329595&SD.UserSession.MD.Type=LoggedIn
[2026-06-13 22:19:28] >> GET /studio/e.png?studioSid=6CC0A067-6251-498D-97D7-72F82332A8A5&clientID=1983CBC1-BFEF-4E46-A6E5-7574E69AA5BC&timestamp=1781414347754&userID=14463315&placeID=9991912465&category=Error&evt=QtMessage%5FWarning&label=QWindowsWindow%3A%3AsetGeometry%3A%20Unable%20to%20set%20geometry%201475x840%2B0%2B0%20%28frame%3A%201475x840%2B0%2B0%29%20on%20QWidgetWindow%2F%22qt%5Fscrollarea%5FviewportWindow%22%20on%20%22%5C%5C%2E%5CDISPLAY1%22%2E%20Resulting%20geometry%3A%201478x843%2B0%2B0%20%28frame%3A%201478x843%2B0%2B0%29%20margins%3A%200%2C%200%2C%200%2C%200%29&value=0&SD.Platform.ID=39BD5212B7E147C4BB2598657C7226EC&SD.Platform.CT=1781414322384&SD.StudioSession.MD.Type=StartClient&SD.StudioSession.ID=6EA6A1942F214C57A6DE42308BCFC110&SD.Platform.MD.DebugVersion=FFlagStudioFlushDeferredEventsBlock%2C%20FFlagFixMissingStudioStartupSummaryEvent%2C%20FFlagFixWinStudioMissingStartEvent&SD.StudioSession.CT=1781414324104&SD.UserSession.ID=B6A04371E73F40DBA3373E22122D8E7E&SD.UserSession.CT=1781414329595&SD.UserSession.MD.Typ
[2026-06-13 22:19:28] >> GET /studio/e.png?studioSid=6CC0A067-6251-498D-97D7-72F82332A8A5&clientID=1983CBC1-BFEF-4E46-A6E5-7574E69AA5BC&timestamp=1781414347754&userID=14463315&placeID=9991912465&category=Error&evt=QtMessage%5FWarning&label=QWindowsWindow%3A%3AsetGeometry%3A%20Unable%20to%20set%20geometry%201475x840%2B0%2B0%20%28frame%3A%201475x840%2B0%2B0%29%20on%20QWidgetWindow%2F%22QWidgetClassWindow%22%20on%20%22%5C%5C%2E%5CDISPLAY1%22%2E%20Resulting%20geometry%3A%201478x843%2B0%2B0%20%28frame%3A%201478x843%2B0%2B0%29%20margins%3A%200%2C%200%2C%200%2C%200%29&value=0&SD.Platform.ID=39BD5212B7E147C4BB2598657C7226EC&SD.Platform.CT=1781414322384&SD.StudioSession.MD.Type=StartClient&SD.StudioSession.ID=6EA6A1942F214C57A6DE42308BCFC110&SD.Platform.MD.DebugVersion=FFlagStudioFlushDeferredEventsBlock%2C%20FFlagFixMissingStudioStartupSummaryEvent%2C%20FFlagFixWinStudioMissingStartEvent&SD.StudioSession.CT=1781414324104&SD.UserSession.ID=B6A04371E73F40DBA3373E22122D8E7E&SD.UserSession.CT=1781414329595&SD.UserSession.MD.Type=LoggedIn&SD.
[2026-06-13 22:19:28] >> GET /studio/e.png?studioSid=6CC0A067-6251-498D-97D7-72F82332A8A5&clientID=1983CBC1-BFEF-4E46-A6E5-7574E69AA5BC&timestamp=1781414347754&userID=14463315&placeID=9991912465&category=Error&evt=QtMessage%5FWarning&label=QWindowsWindow%3A%3AsetGeometry%3A%20Unable%20to%20set%20geometry%201475x840%2B0%2B0%20%28frame%3A%201475x840%2B0%2B0%29%20on%20QWidgetWindow%2F%22QWidgetClassWindow%22%20on%20%22%5C%5C%2E%5CDISPLAY1%22%2E%20Resulting%20geometry%3A%201478x843%2B0%2B0%20%28frame%3A%201478x843%2B0%2B0%29%20margins%3A%200%2C%200%2C%200%2C%200%29&value=0&SD.Platform.ID=39BD5212B7E147C4BB2598657C7226EC&SD.Platform.CT=1781414322384&SD.StudioSession.MD.Type=StartClient&SD.StudioSession.ID=6EA6A1942F214C57A6DE42308BCFC110&SD.Platform.MD.DebugVersion=FFlagStudioFlushDeferredEventsBlock%2C%20FFlagFixMissingStudioStartupSummaryEvent%2C%20FFlagFixWinStudioMissingStartEvent&SD.StudioSession.CT=1781414324104&SD.UserSession.ID=B6A04371E73F40DBA3373E22122D8E7E&SD.UserSession.CT=1781414329595&SD.UserSession.MD.Type=LoggedIn&SD.
[2026-06-13 22:19:28] >> GET /studio/e.png?studioSid=6CC0A067-6251-498D-97D7-72F82332A8A5&clientID=1983CBC1-BFEF-4E46-A6E5-7574E69AA5BC&timestamp=1781414347755&userID=14463315&placeID=9991912465&category=Error&evt=QtMessage%5FWarning&label=QWindowsWindow%3A%3AsetGeometry%3A%20Unable%20to%20set%20geometry%201475x840%2B0%2B0%20%28frame%3A%201475x840%2B0%2B0%29%20on%20QWidgetWindow%2F%22QOgreWidgetWindow%22%20on%20%22%5C%5C%2E%5CDISPLAY1%22%2E%20Resulting%20geometry%3A%201478x843%2B0%2B0%20%28frame%3A%201478x843%2B0%2B0%29%20margins%3A%200%2C%200%2C%200%2C%200%29&value=0&SD.Platform.ID=39BD5212B7E147C4BB2598657C7226EC&SD.Platform.CT=1781414322384&SD.StudioSession.MD.Type=StartClient&SD.StudioSession.ID=6EA6A1942F214C57A6DE42308BCFC110&SD.Platform.MD.DebugVersion=FFlagStudioFlushDeferredEventsBlock%2C%20FFlagFixMissingStudioStartupSummaryEvent%2C%20FFlagFixWinStudioMissingStartEvent&SD.StudioSession.CT=1781414324104&SD.UserSession.ID=B6A04371E73F40DBA3373E22122D8E7E&SD.UserSession.CT=1781414329595&SD.UserSession.MD.Type=LoggedIn&SD.M
[2026-06-13 22:19:28] << /studio/e.png -> {}
[2026-06-13 22:19:28] << /studio/e.png -> {}
[2026-06-13 22:19:28] << /studio/e.png -> {}
[2026-06-13 22:19:28] << /studio/e.png -> {}
[2026-06-13 22:19:28] << /studio/e.png -> {}
[2026-06-13 22:19:28] << /studio/e.png -> {}
[2026-06-13 22:19:28] >> GET /v1/asset/?id=9089492270&modulePlaceId=9000000000065
[2026-06-13 22:19:28] >> POST /v1.0/SequenceStatistics/BatchAddToSequencesV2?apiKey=76E5A40C%2D3AE1%2D4028%2D9F10%2D7C62520BD94F
[2026-06-13 22:19:28] >> GET /v1/asset/?id=8997174089
[2026-06-13 22:19:28] << /v1.0/SequenceStatistics/BatchAddToSequencesV2 -> {}
[2026-06-13 22:19:28] FetchUrl: HTTP 403 for https://assetdelivery.roblox.com/v1/asset/?id=9089492270
[2026-06-13 22:19:28] Asset 9089492270: fetch failed, falling back to redirect
[2026-06-13 22:19:28] Asset 8997174089 fetched OK (12601 bytes)
[2026-06-13 22:19:28] >> GET /v1/asset/?id=9231903386
[2026-06-13 22:19:28] >> GET /v1/asset/?id=8997174056
[2026-06-13 22:19:28] >> GET /v1/asset/?id=8997173930
[2026-06-13 22:19:28] >> GET /v1/asset/?id=9231903414
[2026-06-13 22:19:28] >> GET /v1/asset/?id=9231903418
[2026-06-13 22:19:28] >> GET /v1/asset/?id=8997173999
[2026-06-13 22:19:28] >> GET /v1/asset/?id=9231903353
[2026-06-13 22:19:28] Asset 9231903386 fetched OK (11025 bytes)
[2026-06-13 22:19:28] Asset 8997173930 fetched OK (12681 bytes)
[2026-06-13 22:19:28] Asset 9231903414 fetched OK (11065 bytes)
[2026-06-13 22:19:28] Asset 8997174056 fetched OK (12641 bytes)
[2026-06-13 22:19:28] Asset 9231903418 fetched OK (11093 bytes)
[2026-06-13 22:19:28] Asset 8997173999 fetched OK (12641 bytes)
[2026-06-13 22:19:28] Asset 9231903353 fetched OK (11065 bytes)
[2026-06-13 22:19:28] >> GET /v1/asset/?id=9231903350
[2026-06-13 22:19:28] >> GET /v1/asset/?id=9231903370
[2026-06-13 22:19:28] Asset 9231903350 fetched OK (9545 bytes)
[2026-06-13 22:19:28] >> GET /v1/asset?id=9231913062
[2026-06-13 22:19:28] >> GET /v1/asset?id=9231913065
[2026-06-13 22:19:28] >> GET /v1/asset?id=11205230459
[2026-06-13 22:19:28] >> GET /v1/asset?id=11205230454
[2026-06-13 22:19:28] >> GET /v1/asset?id=9231912283
[2026-06-13 22:19:28] >> GET /v1/asset?id=9231912284
[2026-06-13 22:19:28] Asset 9231903370 fetched OK (11093 bytes)
[2026-06-13 22:19:28] Asset 9231913062 fetched OK (1656 bytes)
[2026-06-13 22:19:28] Asset 11205230459 fetched OK (2294 bytes)
[2026-06-13 22:19:28] Asset 9231913065 fetched OK (2668 bytes)
[2026-06-13 22:19:29] Asset 9231912284 fetched OK (1901 bytes)
[2026-06-13 22:19:29] Asset 11205230454 fetched OK (2408 bytes)
[2026-06-13 22:19:29] Asset 9231912283 fetched OK (2451 bytes)
[2026-06-13 22:19:29] >> GET /v1/asset/?id=8997174087
[2026-06-13 22:19:29] >> GET /v1/asset/?id=9231903449
[2026-06-13 22:19:29] Asset 8997174087 fetched OK (16049 bytes)
[2026-06-13 22:19:29] Asset 9231903449 fetched OK (33169 bytes)
[2026-06-13 22:19:29] >> GET /v1/asset/?id=9231903388
[2026-06-13 22:19:29] >> GET /v1/asset/?id=9231903340
[2026-06-13 22:19:29] >> GET /v1/asset/?id=9231903383
[2026-06-13 22:19:29] >> GET /v1/asset/?id=8997174055
[2026-06-13 22:19:29] >> GET /v1/asset/?id=8997174053
[2026-06-13 22:19:29] >> GET /v1/asset/?id=8997174057
[2026-06-13 22:19:29] Asset 9231903388 fetched OK (8097 bytes)
[2026-06-13 22:19:29] Asset 8997174053 fetched OK (9593 bytes)
[2026-06-13 22:19:29] Asset 9231903383 fetched OK (12417 bytes)
[2026-06-13 22:19:29] Asset 8997174057 fetched OK (10329 bytes)
[2026-06-13 22:19:29] Asset 9231903340 fetched OK (10677 bytes)
[2026-06-13 22:19:29] Asset 8997174055 fetched OK (21117 bytes)
[2026-06-13 22:19:29] >> GET /v1/asset/?id=8997173950
[2026-06-13 22:19:29] >> GET /v1/asset/?id=8997174058
[2026-06-13 22:19:29] >> GET /v1/asset/?id=8997173932
[2026-06-13 22:19:29] Asset 8997174058 fetched OK (23281 bytes)
[2026-06-13 22:19:29] Asset 8997173950 fetched OK (20997 bytes)
[2026-06-13 22:19:29] >> GET /v1/asset/?id=9231903413
[2026-06-13 22:19:29] >> GET /v1/asset/?id=8997173998
[2026-06-13 22:19:29] >> GET /v1/asset/?id=9231903335
[2026-06-13 22:19:29] >> GET /v1/asset/?id=9231903395
[2026-06-13 22:19:29] >> GET /v1/asset?id=9231913063
[2026-06-13 22:19:29] Asset 8997173932 fetched OK (21073 bytes)
[2026-06-13 22:19:29] Asset 9231903413 fetched OK (9305 bytes)
[2026-06-13 22:19:29] Asset 8997173998 fetched OK (21073 bytes)
[2026-06-13 22:19:29] Asset 9231903395 fetched OK (10649 bytes)
[2026-06-13 22:19:29] Asset 9231903335 fetched OK (8285 bytes)
[2026-06-13 22:19:29] Asset 9231913063 fetched OK (2877 bytes)
[2026-06-13 22:19:29] >> GET /v1/asset?id=9231912281
[2026-06-13 22:19:29] >> GET /v1/asset?id=11205230455
[2026-06-13 22:19:29] >> GET /v1/asset?id=9231913243
[2026-06-13 22:19:30] Asset 11205230455 fetched OK (3405 bytes)
[2026-06-13 22:19:30] Asset 9231912281 fetched OK (3388 bytes)
[2026-06-13 22:19:30] Asset 9231913243 fetched OK (2812 bytes)
[2026-06-13 22:19:30] >> GET /v1/asset?id=9231913245
[2026-06-13 22:19:30] >> GET /v1/asset?id=9231910901
[2026-06-13 22:19:30] >> GET /v1/asset?id=9231910813
[2026-06-13 22:19:30] >> GET /v1/asset?id=9231913253
[2026-06-13 22:19:30] >> GET /v1/asset?id=268037820
[2026-06-13 22:19:30] Asset 9231913245 fetched OK (2717 bytes)
[2026-06-13 22:19:30] Asset 9231910901 fetched OK (3331 bytes)
[2026-06-13 22:19:30] FetchUrl: HTTP 403 for https://assetdelivery.roblox.com/v1/asset/?id=268037820
[2026-06-13 22:19:30] Asset 9231913253 fetched OK (1657 bytes)
[2026-06-13 22:19:30] Asset 268037820: fetch failed, falling back to redirect
[2026-06-13 22:19:30] Asset 9231910813 fetched OK (7369 bytes)
[2026-06-13 22:19:30] >> GET /asset/?id=2319523583
[2026-06-13 22:19:30] >> GET /asset/?id=997771434
[2026-06-13 22:19:30] >> GET /v1/asset?id=289939836
[2026-06-13 22:19:30] Asset 289939836 fetched OK (131062 bytes)
[2026-06-13 22:19:30] Asset 997771434 fetched OK (5856 bytes)
[2026-06-13 22:19:30] >> GET /v1/asset?id=288708952
[2026-06-13 22:19:30] Asset 2319523583 fetched OK (27957 bytes)
[2026-06-13 22:19:30] >> GET /asset/?id=70407603844092
[2026-06-13 22:19:30] >> GET /asset/?id=137248998837764
[2026-06-13 22:19:30] >> GET /asset/?id=71141084325570
[2026-06-13 22:19:30] >> GET /asset/?id=14702505182
[2026-06-13 22:19:30] Asset 288708952 fetched OK (4200 bytes)
[2026-06-13 22:19:30] Asset 71141084325570 fetched OK (391897 bytes)
[2026-06-13 22:19:30] Asset 70407603844092 fetched OK (249362 bytes)
[2026-06-13 22:19:30] Asset 137248998837764 fetched OK (445577 bytes)
[2026-06-13 22:19:30] Asset 14702505182 fetched OK (151597 bytes)
[2026-06-13 22:19:30] >> GET /asset/?id=127520187379743
[2026-06-13 22:19:30] >> GET /asset/?id=78838614242994
[2026-06-13 22:19:30] >> GET /asset/?id=95052680478600
[2026-06-13 22:19:30] >> GET /asset/?id=14702505323
[2026-06-13 22:19:30] Asset 127520187379743 fetched OK (374337 bytes)
[2026-06-13 22:19:30] Asset 95052680478600 fetched OK (385576 bytes)
[2026-06-13 22:19:31] >> GET /asset/?id=126898814953987
[2026-06-13 22:19:31] >> GET /asset/?id=74627996960687
[2026-06-13 22:19:31] >> GET /v1/asset?id=72399408952923
[2026-06-13 22:19:31] Asset 78838614242994 fetched OK (1140630 bytes)
[2026-06-13 22:19:31] >> GET /v1/asset?id=84136657410039
[2026-06-13 22:19:31] Asset 14702505323 fetched OK (297673 bytes)
[2026-06-13 22:19:31] Asset 74627996960687 fetched OK (71377 bytes)
[2026-06-13 22:19:31] Asset 72399408952923 fetched OK (204845 bytes)
[2026-06-13 22:19:31] Asset 84136657410039 fetched OK (311850 bytes)
[2026-06-13 22:19:31] Asset 126898814953987 fetched OK (369843 bytes)
[2026-06-13 22:19:31] >> GET /asset/?id=126898814953987
[2026-06-13 22:19:31] >> GET /asset/?id=78838614242994
[2026-06-13 22:19:31] >> GET /asset/?id=14702505323
[2026-06-13 22:19:31] >> GET /asset/?id=95052680478600
[2026-06-13 22:19:31] >> GET /asset/?id=7377657484&serverplaceid=0
[2026-06-13 22:19:31] >> GET /v1/asset?id=10921154678&serverplaceid=0
[2026-06-13 22:19:31] Asset 78838614242994 fetched OK (1140630 bytes)
[2026-06-13 22:19:31] Asset 126898814953987 fetched OK (369843 bytes)
[2026-06-13 22:19:31] >> GET /asset/?id=7377641680&serverplaceid=0
[2026-06-13 22:19:31] >> GET /asset/?id=7377648957&serverplaceid=0
[2026-06-13 22:19:31] Asset 14702505323 fetched OK (297673 bytes)
[2026-06-13 22:19:31] Asset 7377657484 fetched OK (3222 bytes)
[2026-06-13 22:19:31] Asset 10921154678 fetched OK (20221 bytes)
[2026-06-13 22:19:31] Asset 95052680478600 fetched OK (385576 bytes)
[2026-06-13 22:19:31] Asset 7377648957 fetched OK (32103 bytes)
[2026-06-13 22:19:31] Asset 7377641680 fetched OK (40516 bytes)
[2026-06-13 22:19:31] >> GET /asset/?id=7377649580&serverplaceid=0
[2026-06-13 22:19:31] >> GET /asset/?id=7377650045&serverplaceid=0
[2026-06-13 22:19:31] >> GET /asset/?id=7377658009&serverplaceid=0
[2026-06-13 22:19:31] >> GET /asset/?id=7377644034&serverplaceid=0
[2026-06-13 22:19:31] >> GET /asset/?id=7377645721&serverplaceid=0
[2026-06-13 22:19:31] >> GET /asset/?id=7377646353&serverplaceid=0
[2026-06-13 22:19:31] >> GET /asset/?id=7377656419&serverplaceid=0
[2026-06-13 22:19:31] >> GET /v1/asset?id=10921159222&serverplaceid=0
[2026-06-13 22:19:31] Asset 7377649580 fetched OK (32103 bytes)
[2026-06-13 22:19:31] Asset 7377650045 fetched OK (32103 bytes)
[2026-06-13 22:19:31] Asset 7377644034 fetched OK (19814 bytes)
[2026-06-13 22:19:31] Asset 7377658009 fetched OK (2987 bytes)
[2026-06-13 22:19:31] Asset 7377645721 fetched OK (19814 bytes)
[2026-06-13 22:19:32] Asset 7377656419 fetched OK (51365 bytes)
[2026-06-13 22:19:32] Asset 7377646353 fetched OK (19814 bytes)
[2026-06-13 22:19:32] Asset 10921159222 fetched OK (16127 bytes)
[2026-06-13 22:19:32] >> GET /asset/?id=7377652628&serverplaceid=0
[2026-06-13 22:19:32] >> GET /v1/asset?id=10134763105&serverplaceid=0
[2026-06-13 22:19:32] >> GET /v1/asset?id=10921071918&serverplaceid=0
[2026-06-13 22:19:32] >> GET /v1/asset?id=10921072875&serverplaceid=0
[2026-06-13 22:19:32] >> GET /v1/asset?id=10921279832&serverplaceid=0
[2026-06-13 22:19:32] Asset 7377652628 fetched OK (50437 bytes)
[2026-06-13 22:19:32] >> GET /asset/?id=7377654522&serverplaceid=0
[2026-06-13 22:19:32] >> GET /v1/asset?id=10083968559&serverplaceid=0
[2026-06-13 22:19:32] >> GET /v1/asset?id=10921157929&serverplaceid=0
[2026-06-13 22:19:32] FetchUrl: HTTP 403 for https://assetdelivery.roblox.com/v1/asset/?id=10134763105
[2026-06-13 22:19:32] Asset 10134763105: fetch failed, falling back to redirect
[2026-06-13 22:19:32] Asset 10921072875 fetched OK (56380 bytes)
[2026-06-13 22:19:32] Asset 10921071918 fetched OK (36983 bytes)
[2026-06-13 22:19:32] Asset 10921279832 fetched OK (21661 bytes)
[2026-06-13 22:19:32] Asset 7377654522 fetched OK (3883 bytes)
[2026-06-13 22:19:32] Asset 10921157929 fetched OK (15083 bytes)
[2026-06-13 22:19:32] FetchUrl: HTTP 403 for https://assetdelivery.roblox.com/v1/asset/?id=10083968559
[2026-06-13 22:19:32] Asset 10083968559: fetch failed, falling back to redirect
[2026-06-13 22:19:32] >> GET /asset/?id=7377655508&serverplaceid=0
[2026-06-13 22:19:32] >> GET /v1/asset?id=10134765904&serverplaceid=0
[2026-06-13 22:19:32] >> GET /asset/?id=7377659506&serverplaceid=0
[2026-06-13 22:19:32] >> GET /v1/asset?id=10076641336&serverplaceid=0
[2026-06-13 22:19:32] >> GET /v1/asset?id=10134745413&serverplaceid=0
[2026-06-13 22:19:32] >> GET /asset/?id=7377658504&serverplaceid=0
[2026-06-13 22:19:32] >> GET /asset/?id=7377647053&serverplaceid=0
[2026-06-13 22:19:32] FetchUrl: HTTP 403 for https://assetdelivery.roblox.com/v1/asset/?id=10134765904
[2026-06-13 22:19:32] Asset 7377655508 fetched OK (41138 bytes)
[2026-06-13 22:19:32] Asset 10134765904: fetch failed, falling back to redirect
[2026-06-13 22:19:32] Asset 7377659506 fetched OK (27917 bytes)
[2026-06-13 22:19:32] >> GET /asset/?id=7377647805&serverplaceid=0
[2026-06-13 22:19:32] FetchUrl: HTTP 403 for https://assetdelivery.roblox.com/v1/asset/?id=10134745413
[2026-06-13 22:19:32] FetchUrl: HTTP 403 for https://assetdelivery.roblox.com/v1/asset/?id=10076641336
[2026-06-13 22:19:32] Asset 10134745413: fetch failed, falling back to redirect
[2026-06-13 22:19:32] Asset 10076641336: fetch failed, falling back to redirect
[2026-06-13 22:19:32] Asset 7377658504 fetched OK (3070 bytes)
[2026-06-13 22:19:32] Asset 7377647053 fetched OK (34258 bytes)
[2026-06-13 22:19:32] Asset 7377647805 fetched OK (34258 bytes)
[2026-06-13 22:19:32] >> GET /asset/?id=7377648349&serverplaceid=0
[2026-06-13 22:19:32] >> GET /asset/?id=7377653107&serverplaceid=0
[2026-06-13 22:19:32] >> GET /v1/asset?id=10921162768&serverplaceid=0
[2026-06-13 22:19:32] >> POST /v1.1/Counters/BatchIncrement?apiKey=76E5A40C%2D3AE1%2D4028%2D9F10%2D7C62520BD94F
[2026-06-13 22:19:32] << /v1.1/Counters/BatchIncrement -> {}
[2026-06-13 22:19:33] Asset 7377648349 fetched OK (34258 bytes)
[2026-06-13 22:19:33] Asset 7377653107 fetched OK (31697 bytes)
[2026-06-13 22:19:33] Asset 10921162768 fetched OK (14369 bytes)
[2026-06-13 22:19:33] >> GET /v1/asset?id=305635967
[2026-06-13 22:19:33] FetchUrl: HTTP 403 for https://assetdelivery.roblox.com/v1/asset/?id=305635967
[2026-06-13 22:19:33] Asset 305635967: fetch failed, falling back to redirect
[2026-06-13 22:19:34] >> GET /v1/asset?id=189694645
[2026-06-13 22:19:34] >> GET /v1/asset?id=189694655
[2026-06-13 22:19:34] >> GET /v1/asset?id=189694662
[2026-06-13 22:19:34] >> GET /v1/asset?id=156286438
[2026-06-13 22:19:34] >> GET /v1/asset?id=189779032
[2026-06-13 22:19:34] >> GET /v1/asset?id=189779142
[2026-06-13 22:19:34] >> GET /v1/asset?id=189779016
[2026-06-13 22:19:34] >> GET /v1/asset?id=189778979
[2026-06-13 22:19:34] Asset 189694645 fetched OK (154729 bytes)
[2026-06-13 22:19:34] Asset 156286438 fetched OK (11629 bytes)
[2026-06-13 22:19:34] Asset 189694662 fetched OK (62864 bytes)
[2026-06-13 22:19:34] Asset 189779032 fetched OK (3369 bytes)
[2026-06-13 22:19:34] Asset 189694655 fetched OK (64689 bytes)
[2026-06-13 22:19:34] Asset 189779016 fetched OK (3398 bytes)
[2026-06-13 22:19:34] Asset 189779142 fetched OK (2537 bytes)
[2026-06-13 22:19:34] Asset 189778979 fetched OK (2795 bytes)
[2026-06-13 22:19:35] >> POST /v1/batch
[2026-06-13 22:19:35] << /v1/batch -> {"data":[]}
[2026-06-13 22:19:35] >> GET /v1/asset?id=189778885
[2026-06-13 22:19:35] >> GET /v1/asset?id=189779132
[2026-06-13 22:19:35] >> GET /v1/asset?id=189779126
[2026-06-13 22:19:35] >> GET /v1/asset?id=189779006
[2026-06-13 22:19:35] >> GET /v1/asset?id=189778859
[2026-06-13 22:19:35] >> GET /v1/asset?id=189778873
[2026-06-13 22:19:35] Asset 189778885 fetched OK (2904 bytes)
[2026-06-13 22:19:35] Asset 189779132 fetched OK (3824 bytes)
[2026-06-13 22:19:35] Asset 189778859 fetched OK (3252 bytes)
[2026-06-13 22:19:35] Asset 189779006 fetched OK (3599 bytes)
[2026-06-13 22:19:35] Asset 189779126 fetched OK (2684 bytes)
[2026-06-13 22:19:35] Asset 189778873 fetched OK (3940 bytes)
[2026-06-13 22:19:35] >> GET /v1/asset?id=189778898
[2026-06-13 22:19:35] Asset 189778898 fetched OK (3717 bytes)
[2026-06-13 22:19:35] >> GET /v1/asset?id=189778998
[2026-06-13 22:19:35] >> GET /v1/asset?id=189778986
[2026-06-13 22:19:35] >> GET /v1/asset?id=189779072
[2026-06-13 22:19:35] >> GET /v1/asset?id=189778991
[2026-06-13 22:19:35] >> GET /v1/asset?id=189779060
[2026-06-13 22:19:35] Asset 189778998 fetched OK (2647 bytes)
[2026-06-13 22:19:35] Asset 189778991 fetched OK (3248 bytes)
[2026-06-13 22:19:35] Asset 189778986 fetched OK (5061 bytes)
[2026-06-13 22:19:35] Asset 189779072 fetched OK (3365 bytes)
[2026-06-13 22:19:35] Asset 189779060 fetched OK (4171 bytes)
[2026-06-13 22:19:35] >> GET /v1/asset?id=189778853
[2026-06-13 22:19:35] Asset 189778853 fetched OK (3388 bytes)
[2026-06-13 22:19:36] >> GET /v1/asset?id=189778918
[2026-06-13 22:19:36] >> GET /v1/asset?id=189779041
[2026-06-13 22:19:36] >> GET /v1/asset?id=189779120
[2026-06-13 22:19:36] >> GET /v1/asset?id=189778946
[2026-06-13 22:19:36] >> GET /v1/asset?id=189778975
[2026-06-13 22:19:36] >> POST /v1/batch
[2026-06-13 22:19:36] << /v1/batch -> {"data":[]}
[2026-06-13 22:19:36] Asset 189778918 fetched OK (3309 bytes)
[2026-06-13 22:19:36] Asset 189779041 fetched OK (3448 bytes)
[2026-06-13 22:19:36] Asset 189778975 fetched OK (2595 bytes)
[2026-06-13 22:19:36] Asset 189779120 fetched OK (4146 bytes)
[2026-06-13 22:19:36] Asset 189778946 fetched OK (3220 bytes)
[2026-06-13 22:19:36] >> GET /v1/asset?id=189778879
[2026-06-13 22:19:36] Asset 189778879 fetched OK (3045 bytes)
[2026-06-13 22:19:36] >> GET /v1/asset?id=189778908
[2026-06-13 22:19:36] >> GET /v1/asset?id=189778930
[2026-06-13 22:19:36] >> GET /v1/asset?id=189778958
[2026-06-13 22:19:36] >> POST /v1/batch
[2026-06-13 22:19:36] >> GET /v1/asset?id=179235828
[2026-06-13 22:19:36] >> GET /v1/asset?id=179287602
[2026-06-13 22:19:36] << /v1/batch -> {"data":[]}
[2026-06-13 22:19:36] >> POST /v1/batch
[2026-06-13 22:19:36] << /v1/batch -> {"data":[]}
[2026-06-13 22:19:36] Asset 189778908 fetched OK (2686 bytes)
[2026-06-13 22:19:36] Asset 189778930 fetched OK (3245 bytes)
[2026-06-13 22:19:36] Asset 179235828 fetched OK (5434 bytes)
[2026-06-13 22:19:36] Asset 189778958 fetched OK (2502 bytes)
[2026-06-13 22:19:36] Asset 179287602 fetched OK (6309 bytes)
[2026-06-13 22:19:36] >> GET /v1/users/14463315/friends/online
[2026-06-13 22:19:36] << /v1/users/14463315/friends/online -> {"previousPageCursor":null,"nextPageCursor":null,"data":[]}
[2026-06-13 22:19:36] >> GET /v1/asset?id=320117299
[2026-06-13 22:19:36] >> GET /v1/asset?id=189761558
[2026-06-13 22:19:36] Asset 320117299 fetched OK (605 bytes)
[2026-06-13 22:19:36] Asset 189761558 fetched OK (21877 bytes)
[2026-06-13 22:19:36] >> GET /v1/asset?id=4662723031
[2026-06-13 22:19:36] >> GET /v1/asset?id=334560485
[2026-06-13 22:19:36] >> GET /v1/asset?id=189690337
[2026-06-13 22:19:36] >> GET /v1/asset?id=189689518
[2026-06-13 22:19:36] >> GET /v1/asset?id=189664481
[2026-06-13 22:19:36] >> GET /asset/?id=8546814427
[2026-06-13 22:19:37] Asset 4662723031 fetched OK (1142 bytes)
[2026-06-13 22:19:37] Asset 189690337 fetched OK (39932 bytes)
[2026-06-13 22:19:37] Asset 334560485 fetched OK (38629 bytes)
[2026-06-13 22:19:37] Asset 189689518 fetched OK (40544 bytes)
[2026-06-13 22:19:37] Asset 189664481 fetched OK (126511 bytes)
[2026-06-13 22:19:37] >> GET /v1/asset?id=6017473071
[2026-06-13 22:19:37] >> GET /v1/asset?id=6132363139
[2026-06-13 22:19:37] Asset 8546814427 fetched OK (296981 bytes)
[2026-06-13 22:19:37] Asset 6017473071 fetched OK (84809 bytes)
[2026-06-13 22:19:37] FetchUrl: HTTP 403 for https://assetdelivery.roblox.com/v1/asset/?id=6132363139
[2026-06-13 22:19:37] Asset 6132363139: fetch failed, falling back to redirect
[2026-06-13 22:19:37] >> GET /v1/asset?id=198455980
[2026-06-13 22:19:37] >> GET /v1/asset?id=5645266804
[2026-06-13 22:19:37] >> GET /asset/?id=8373610132
[2026-06-13 22:19:37] >> GET /v1/asset?id=0
[2026-06-13 22:19:37] >> GET /v1/asset?id=5807076275
[2026-06-13 22:19:37] >> GET /v1/asset?id=7541224295
[2026-06-13 22:19:37] FetchUrl: HTTP 404 for https://assetdelivery.roblox.com/v1/asset/?id=0
[2026-06-13 22:19:37] Asset 0: fetch failed, falling back to redirect
[2026-06-13 22:19:37] Asset 5645266804 fetched OK (40488 bytes)
[2026-06-13 22:19:37] Asset 8373610132 fetched OK (65618 bytes)
[2026-06-13 22:19:37] Asset 5807076275 fetched OK (171970 bytes)
[2026-06-13 22:19:37] Asset 198455980 fetched OK (21387 bytes)
[2026-06-13 22:19:37] >> GET /v1/asset?id=6033886856
[2026-06-13 22:19:37] >> GET /v1/asset?id=5805768116
[2026-06-13 22:19:37] Asset 7541224295 fetched OK (80623 bytes)
[2026-06-13 22:19:37] >> GET /v1/asset?id=4849908327
[2026-06-13 22:19:37] >> GET /v1/asset?id=5808896276
[2026-06-13 22:19:37] Asset 5805768116 fetched OK (19346 bytes)
[2026-06-13 22:19:37] Asset 6033886856 fetched OK (95209 bytes)
[2026-06-13 22:19:37] >> GET /v1/asset?id=6070700573
[2026-06-13 22:19:37] >> GET /asset/?id=9764179052
[2026-06-13 22:19:37] >> GET /v1/asset?id=197518111
[2026-06-13 22:19:37] Asset 5808896276 fetched OK (84971 bytes)
[2026-06-13 22:19:37] FetchUrl: HTTP 403 for https://assetdelivery.roblox.com/v1/asset/?id=4849908327
[2026-06-13 22:19:37] Asset 4849908327: fetch failed, falling back to redirect
[2026-06-13 22:19:37] Asset 6070700573 fetched OK (168038 bytes)
[2026-06-13 22:19:37] Asset 9764179052 fetched OK (137492 bytes)
[2026-06-13 22:19:37] Asset 197518111 fetched OK (21727 bytes)
[2026-06-13 22:19:37] >> GET /v1/asset?id=10060968063
[2026-06-13 22:19:37] >> GET /v1/asset?id=6070701952
[2026-06-13 22:19:37] >> GET /v1/asset?id=10321293517
[2026-06-13 22:19:38] >> GET /asset/?id=7835022311
[2026-06-13 22:19:38] >> GET /v1/asset?id=197657098
[2026-06-13 22:19:38] Asset 6070701952 fetched OK (123308 bytes)
[2026-06-13 22:19:38] Asset 10060968063 fetched OK (88516 bytes)
[2026-06-13 22:19:38] >> GET /v1/asset?id=10121603761
[2026-06-13 22:19:38] >> GET /v1/asset?id=5805970971
[2026-06-13 22:19:38] >> GET /v1/asset?id=6132429246
[2026-06-13 22:19:38] Asset 7835022311 fetched OK (83436 bytes)
[2026-06-13 22:19:38] Asset 10321293517 fetched OK (100017 bytes)
[2026-06-13 22:19:38] Asset 197657098 fetched OK (72656 bytes)
[2026-06-13 22:19:38] Asset 10121603761 fetched OK (104303 bytes)
[2026-06-13 22:19:38] Asset 5805970971 fetched OK (29467 bytes)
[2026-06-13 22:19:38] FetchUrl: HTTP 403 for https://assetdelivery.roblox.com/v1/asset/?id=6132429246
[2026-06-13 22:19:38] Asset 6132429246: fetch failed, falling back to redirect
[2026-06-13 22:19:38] >> GET /v1/asset?id=10080748568
[2026-06-13 22:19:38] >> GET /v1/asset?id=6413214382
[2026-06-13 22:19:38] >> GET /v1/asset?id=10317762206
[2026-06-13 22:19:38] >> GET /v1/asset?id=10068197729
[2026-06-13 22:19:38] >> GET /v1/asset?id=5805732208
[2026-06-13 22:19:38] FetchUrl: HTTP 403 for https://assetdelivery.roblox.com/v1/asset/?id=10080748568
[2026-06-13 22:19:38] Asset 10080748568: fetch failed, falling back to redirect
[2026-06-13 22:19:38] Asset 6413214382 fetched OK (98641 bytes)
[2026-06-13 22:19:38] >> GET /v1/asset?id=10352896211
[2026-06-13 22:19:38] >> GET /v1/asset?id=5805978387
[2026-06-13 22:19:38] >> GET /v1/asset?id=6056780228
[2026-06-13 22:19:38] Asset 5805732208 fetched OK (56358 bytes)
[2026-06-13 22:19:38] Asset 10317762206 fetched OK (82508 bytes)
[2026-06-13 22:19:38] Asset 10068197729 fetched OK (141849 bytes)
[2026-06-13 22:19:38] Asset 6056780228 fetched OK (49484 bytes)
[2026-06-13 22:19:38] Asset 10352896211 fetched OK (146025 bytes)
[2026-06-13 22:19:38] Asset 5805978387 fetched OK (83002 bytes)
[2026-06-13 22:19:38] >> GET /v1/asset?id=6019629260
[2026-06-13 22:19:38] >> GET /v1/asset?id=5805744004
[2026-06-13 22:19:38] >> POST /v1.1/Counters/BatchIncrement?apiKey=76E5A40C%2D3AE1%2D4028%2D9F10%2D7C62520BD94F
[2026-06-13 22:19:38] << /v1.1/Counters/BatchIncrement -> {}
[2026-06-13 22:19:38] >> GET /v1/asset?id=197627734
[2026-06-13 22:19:38] Asset 6019629260 fetched OK (86785 bytes)
[2026-06-13 22:19:38] Asset 5805744004 fetched OK (29237 bytes)
[2026-06-13 22:19:38] >> GET /v1/asset?id=363362726
[2026-06-13 22:19:38] >> GET /v1/asset?id=192480941
[2026-06-13 22:19:38] >> GET /v1/asset?id=198455898
[2026-06-13 22:19:38] >> GET /asset/?id=10316712347
[2026-06-13 22:19:38] >> GET /v1/asset?id=143917700
[2026-06-13 22:19:38] Asset 197627734 fetched OK (39591 bytes)
[2026-06-13 22:19:39] FetchUrl: HTTP 403 for https://assetdelivery.roblox.com/v1/asset/?id=10316712347
[2026-06-13 22:19:39] Asset 363362726 fetched OK (32083 bytes)
[2026-06-13 22:19:39] Asset 10316712347: fetch failed, falling back to redirect
[2026-06-13 22:19:39] Asset 192480941 fetched OK (81757 bytes)
[2026-06-13 22:19:39] Asset 198455898 fetched OK (27317 bytes)
[2026-06-13 22:19:39] Asset 143917700 fetched OK (24777 bytes)
[2026-06-13 22:19:39] >> GET /v1/asset?id=10049964116
[2026-06-13 22:19:39] >> GET /v1/asset?id=5805963918
[2026-06-13 22:19:39] >> GET /v1/asset?id=198461230
[2026-06-13 22:19:39] >> GET /v1/asset?id=5805956212
[2026-06-13 22:19:39] >> GET /v1/asset?id=5805960976
[2026-06-13 22:19:39] Asset 10049964116 fetched OK (58169 bytes)
[2026-06-13 22:19:39] Asset 198461230 fetched OK (39439 bytes)
[2026-06-13 22:19:39] >> GET /v1/asset?id=6017472147
[2026-06-13 22:19:39] >> GET /asset/?id=8636997898
[2026-06-13 22:19:39] >> GET /v1/asset?id=6019629723
[2026-06-13 22:19:39] Asset 5805963918 fetched OK (21186 bytes)
[2026-06-13 22:19:39] Asset 5805956212 fetched OK (24477 bytes)
[2026-06-13 22:19:39] Asset 5805960976 fetched OK (25383 bytes)
[2026-06-13 22:19:39] Asset 6017472147 fetched OK (81511 bytes)
[2026-06-13 22:19:39] Asset 6019629723 fetched OK (71606 bytes)
[2026-06-13 22:19:39] Asset 8636997898 fetched OK (42370 bytes)
[2026-06-13 22:19:39] >> GET /v1/asset?id=9782610073
[2026-06-13 22:19:39] >> GET /v1/asset?id=5805953977
[2026-06-13 22:19:39] >> GET /v1/asset?id=5805764400
[2026-06-13 22:19:39] Asset 9782610073 fetched OK (75259 bytes)
[2026-06-13 22:19:39] Asset 5805953977 fetched OK (19799 bytes)
[2026-06-13 22:19:39] Asset 5805764400 fetched OK (20397 bytes)
[2026-06-13 22:19:39] >> POST /studio/pbe
[2026-06-13 22:19:39] >> GET /v1/asset?id=5805761191
[2026-06-13 22:19:39] >> GET /v1/asset?id=5838251023
[2026-06-13 22:19:39] >> GET /v1/asset?id=10175825083
[2026-06-13 22:19:39] << /studio/pbe -> {}
[2026-06-13 22:19:39] >> GET /asset/?id=9924443207
[2026-06-13 22:19:39] >> GET /v1/asset?id=5807076558
[2026-06-13 22:19:39] Asset 5805761191 fetched OK (21023 bytes)
[2026-06-13 22:19:39] Asset 5838251023 fetched OK (7013 bytes)
[2026-06-13 22:19:39] Asset 5807076558 fetched OK (167592 bytes)
[2026-06-13 22:19:39] Asset 9924443207 fetched OK (37575 bytes)
[2026-06-13 22:19:39] Asset 10175825083 fetched OK (182808 bytes)
[2026-06-13 22:19:40] >> GET /v1/asset?id=147835357
[2026-06-13 22:19:40] >> GET /v1/asset?id=4751572506
[2026-06-13 22:19:40] >> GET /v1/asset?id=5808884705
[2026-06-13 22:19:40] >> GET /v1/asset?id=5808897510
[2026-06-13 22:19:40] >> GET /v1/asset?id=5805947767
[2026-06-13 22:19:40] Asset 4751572506 fetched OK (40628 bytes)
[2026-06-13 22:19:40] Asset 147835357 fetched OK (330816 bytes)
[2026-06-13 22:19:40] >> GET /v1/asset?id=197639041
[2026-06-13 22:19:40] >> GET /v1/asset?id=6132380433
[2026-06-13 22:19:40] Asset 5808884705 fetched OK (70221 bytes)
[2026-06-13 22:19:40] >> GET /v1/asset?id=198455936
[2026-06-13 22:19:40] >> POST /v1.0/SequenceStatistics/BatchAddToSequencesV2?apiKey=76E5A40C%2D3AE1%2D4028%2D9F10%2D7C62520BD94F
[2026-06-13 22:19:40] << /v1.0/SequenceStatistics/BatchAddToSequencesV2 -> {}
[2026-06-13 22:19:40] Asset 5808897510 fetched OK (47841 bytes)
[2026-06-13 22:19:40] FetchUrl: HTTP 403 for https://assetdelivery.roblox.com/v1/asset/?id=6132380433
[2026-06-13 22:19:40] Asset 5805947767 fetched OK (19233 bytes)
[2026-06-13 22:19:40] Asset 6132380433: fetch failed, falling back to redirect
[2026-06-13 22:19:40] Asset 197639041 fetched OK (45104 bytes)
[2026-06-13 22:19:40] Asset 198455936 fetched OK (53176 bytes)
[2026-06-13 22:19:40] >> GET /v1/asset?id=5805943259
[2026-06-13 22:19:40] >> GET /v1/asset?id=10334031536
[2026-06-13 22:19:40] >> GET /v1/asset?id=4751507078
[2026-06-13 22:19:40] >> POST /v1.1/Counters/BatchIncrement?apiKey=76E5A40C%2D3AE1%2D4028%2D9F10%2D7C62520BD94F
[2026-06-13 22:19:40] << /v1.1/Counters/BatchIncrement -> {}
[2026-06-13 22:19:40] >> GET /v1/asset?id=9981540182
[2026-06-13 22:19:40] Asset 5805943259 fetched OK (26442 bytes)
[2026-06-13 22:19:40] >> GET /v1/asset?id=10269569309
[2026-06-13 22:19:40] >> GET /v1/asset?id=4751507011
[2026-06-13 22:19:40] >> GET /v1/asset?id=5838265745
[2026-06-13 22:19:40] Asset 10334031536 fetched OK (65796 bytes)
[2026-06-13 22:19:40] Asset 4751507078 fetched OK (51087 bytes)
[2026-06-13 22:19:40] >> GET /v1/asset?id=5809284189
[2026-06-13 22:19:40] FetchUrl: HTTP 403 for https://assetdelivery.roblox.com/v1/asset/?id=5838265745
[2026-06-13 22:19:40] Asset 5838265745: fetch failed, falling back to redirect
[2026-06-13 22:19:40] Asset 4751507011 fetched OK (50970 bytes)
[2026-06-13 22:19:40] Asset 9981540182 fetched OK (80570 bytes)
[2026-06-13 22:19:40] Asset 10269569309 fetched OK (61941 bytes)
[2026-06-13 22:19:40] Asset 5809284189 fetched OK (9884 bytes)
[2026-06-13 22:19:40] >> GET /v1/asset?id=10332523444
[2026-06-13 22:19:40] >> GET /v1/asset?id=6033770460
[2026-06-13 22:19:40] >> GET /v1/asset?id=5808894870
[2026-06-13 22:19:40] >> GET /asset/?id=9895611408
[2026-06-13 22:19:40] Asset 10332523444 fetched OK (86019 bytes)
[2026-06-13 22:19:40] >> GET /asset/?id=9895594910
[2026-06-13 22:19:40] >> GET /v1/asset?id=10332197963
[2026-06-13 22:19:40] >> GET /v1/asset?id=10352828887
[2026-06-13 22:19:40] Asset 6033770460 fetched OK (84464 bytes)
[2026-06-13 22:19:41] Asset 5808894870 fetched OK (93966 bytes)
[2026-06-13 22:19:41] >> GET /asset/?id=586083489
[2026-06-13 22:19:41] Asset 9895611408 fetched OK (56462 bytes)
[2026-06-13 22:19:41] Asset 9895594910 fetched OK (63508 bytes)
[2026-06-13 22:19:41] Asset 10352828887 fetched OK (62879 bytes)
[2026-06-13 22:19:41] Asset 586083489 fetched OK (278271 bytes)
[2026-06-13 22:19:41] >> GET /v1/asset?id=363362737
[2026-06-13 22:19:41] >> GET /v1/asset?id=330192109
[2026-06-13 22:19:41] >> GET /v1/asset?id=198453499
[2026-06-13 22:19:41] Asset 10332197963 fetched OK (140295 bytes)
[2026-06-13 22:19:41] >> GET /v1/asset?id=197664126
[2026-06-13 22:19:41] Asset 363362737 fetched OK (27205 bytes)
[2026-06-13 22:19:41] >> GET /v1/asset?id=584555920
[2026-06-13 22:19:41] >> GET /v1/asset?id=5805950020
[2026-06-13 22:19:41] Asset 330192109 fetched OK (237518 bytes)
[2026-06-13 22:19:41] Asset 198453499 fetched OK (32755 bytes)
[2026-06-13 22:19:41] >> GET /v1/asset?id=6017476455
[2026-06-13 22:19:41] Asset 197664126 fetched OK (100368 bytes)
[2026-06-13 22:19:41] Asset 584555920 fetched OK (36939 bytes)
[2026-06-13 22:19:41] >> GET /v1/asset?id=5807078730
[2026-06-13 22:19:41] Asset 5805950020 fetched OK (22957 bytes)
[2026-06-13 22:19:41] Asset 6017476455 fetched OK (59973 bytes)
[2026-06-13 22:19:41] >> GET /v1/asset?id=198453482
[2026-06-13 22:19:41] Asset 5807078730 fetched OK (111587 bytes)
[2026-06-13 22:19:41] >> GET /v1/asset?id=8319471490
[2026-06-13 22:19:41] >> GET /v1/asset?id=10049963460
[2026-06-13 22:19:41] >> GET /v1/asset?id=10352829448
[2026-06-13 22:19:41] >> GET /v1/asset?id=5809283834
[2026-06-13 22:19:41] Asset 198453482 fetched OK (26029 bytes)
[2026-06-13 22:19:41] >> GET /v1/asset?id=9754262472
[2026-06-13 22:19:41] Asset 10049963460 fetched OK (55079 bytes)
[2026-06-13 22:19:41] >> GET /v1/asset?id=5808893795
[2026-06-13 22:19:41] Asset 8319471490 fetched OK (48513 bytes)
[2026-06-13 22:19:41] Asset 10352829448 fetched OK (53954 bytes)
[2026-06-13 22:19:41] >> GET /v1/asset?id=10120447634
[2026-06-13 22:19:41] Asset 9754262472 fetched OK (8985 bytes)
[2026-06-13 22:19:41] Asset 5808893795 fetched OK (54364 bytes)
[2026-06-13 22:19:41] >> GET /v1/asset?id=10149826168
[2026-06-13 22:19:41] Asset 5809283834 fetched OK (81694 bytes)
[2026-06-13 22:19:42] Asset 10120447634 fetched OK (82060 bytes)
[2026-06-13 22:19:42] >> GET /asset/?id=586083461
[2026-06-13 22:19:42] >> GET /v1/asset?id=164676043
[2026-06-13 22:19:42] >> GET /v1/asset?id=5805747427
[2026-06-13 22:19:42] Asset 10149826168 fetched OK (71792 bytes)
[2026-06-13 22:19:42] >> GET /v1/asset?id=198458910
[2026-06-13 22:19:42] Asset 586083461 fetched OK (280119 bytes)
[2026-06-13 22:19:42] >> GET /v1/asset?id=10049954800
[2026-06-13 22:19:42] Asset 164676043 fetched OK (93480 bytes)
[2026-06-13 22:19:42] >> GET /v1/asset?id=144070096
[2026-06-13 22:19:42] Asset 5805747427 fetched OK (23351 bytes)
[2026-06-13 22:19:42] >> GET /v1/asset?id=5976324735
[2026-06-13 22:19:42] Asset 198458910 fetched OK (36711 bytes)
[2026-06-13 22:19:42] Asset 10049954800 fetched OK (58518 bytes)
[2026-06-13 22:19:42] >> GET /v1/asset?id=143820641
[2026-06-13 22:19:42] Asset 144070096 fetched OK (19713 bytes)
[2026-06-13 22:19:42] Asset 5976324735 fetched OK (21521 bytes)
[2026-06-13 22:19:42] >> GET /asset/?id=9629915360
[2026-06-13 22:19:42] >> GET /v1/asset?id=6019628835
[2026-06-13 22:19:42] >> GET /v1/asset?id=191976710
[2026-06-13 22:19:42] Asset 143820641 fetched OK (14682 bytes)
[2026-06-13 22:19:42] >> GET /v1/asset?id=5805968838
[2026-06-13 22:19:42] >> GET /v1/asset?id=6106353862
[2026-06-13 22:19:42] >> GET /v1/asset?id=7541256418
[2026-06-13 22:19:42] Asset 6019628835 fetched OK (69257 bytes)
[2026-06-13 22:19:42] Asset 9629915360 fetched OK (73122 bytes)
[2026-06-13 22:19:42] Asset 191976710 fetched OK (25280 bytes)
[2026-06-13 22:19:42] Asset 5805968838 fetched OK (19852 bytes)
[2026-06-13 22:19:42] >> GET /v1/asset?id=5805735262
[2026-06-13 22:19:42] Asset 6106353862 fetched OK (40712 bytes)
[2026-06-13 22:19:42] >> GET /v1/asset?id=6158546958
[2026-06-13 22:19:42] Asset 7541256418 fetched OK (70511 bytes)
[2026-06-13 22:19:42] Asset 5805735262 fetched OK (27319 bytes)
[2026-06-13 22:19:42] Asset 6158546958 fetched OK (69319 bytes)
[2026-06-13 22:19:42] >> GET /v1/asset?id=10149825237
[2026-06-13 22:19:42] >> GET /v1/asset?id=8787496597
[2026-06-13 22:19:42] >> GET /v1/asset?id=5809285257
[2026-06-13 22:19:42] >> GET /v1/asset?id=5805749841
[2026-06-13 22:19:42] >> GET /v1/asset?id=5807073519
[2026-06-13 22:19:43] Asset 5809285257 fetched OK (84697 bytes)
[2026-06-13 22:19:43] Asset 5805749841 fetched OK (20351 bytes)
[2026-06-13 22:19:43] Asset 8787496597 fetched OK (73308 bytes)
[2026-06-13 22:19:43] Asset 5807073519 fetched OK (146735 bytes)
[2026-06-13 22:19:43] Asset 10149825237 fetched OK (85703 bytes)
[2026-06-13 22:19:43] >> GET /v1/asset?id=54798135
[2026-06-13 22:19:43] >> GET /v1/asset?id=5809284896
[2026-06-13 22:19:43] >> GET /v1/asset?id=198461253
[2026-06-13 22:19:43] >> GET /v1/asset?id=198458841
[2026-06-13 22:19:43] Asset 54798135 fetched OK (12346 bytes)
[2026-06-13 22:19:43] Asset 5809284896 fetched OK (83037 bytes)
[2026-06-13 22:19:43] >> GET /v1/asset?id=192492943
[2026-06-13 22:19:43] Asset 198461253 fetched OK (61935 bytes)
[2026-06-13 22:19:43] >> GET /v1/asset?id=3184139765
[2026-06-13 22:19:43] >> GET /v1/asset?id=5805977276
[2026-06-13 22:19:43] >> GET /asset/?id=586083433
[2026-06-13 22:19:43] Asset 198458841 fetched OK (46254 bytes)
[2026-06-13 22:19:43] Asset 192492943 fetched OK (28272 bytes)
[2026-06-13 22:19:43] >> GET /v1/asset?id=5808892571
[2026-06-13 22:19:43] >> GET /v1/asset?id=4528268775
[2026-06-13 22:19:43] >> GET /v1/asset?id=144307188
[2026-06-13 22:19:43] Asset 3184139765 fetched OK (235315 bytes)
[2026-06-13 22:19:43] Asset 5805977276 fetched OK (89118 bytes)
[2026-06-13 22:19:43] Asset 586083433 fetched OK (275847 bytes)
[2026-06-13 22:19:43] FetchUrl: HTTP 403 for https://assetdelivery.roblox.com/v1/asset/?id=4528268775
[2026-06-13 22:19:43] >> GET /v1/asset?id=10076413935
[2026-06-13 22:19:43] Asset 4528268775: fetch failed, falling back to redirect
[2026-06-13 22:19:43] Asset 5808892571 fetched OK (64033 bytes)
[2026-06-13 22:19:43] >> GET /v1/asset?id=144290769
[2026-06-13 22:19:43] Asset 144307188 fetched OK (21323 bytes)
[2026-06-13 22:19:43] Asset 10076413935 fetched OK (75072 bytes)
[2026-06-13 22:19:43] Asset 144290769 fetched OK (27488 bytes)
[2026-06-13 22:19:43] >> GET /v1/asset?id=5808893009
[2026-06-13 22:19:43] >> GET /v1/asset?id=198458862
[2026-06-13 22:19:43] >> GET /v1/asset?id=6070701470
[2026-06-13 22:19:43] >> GET /v1/asset?id=10226305268
[2026-06-13 22:19:43] >> GET /v1/asset?id=5809284486
[2026-06-13 22:19:43] >> GET /v1/asset?id=10120557843
[2026-06-13 22:19:44] Asset 5808893009 fetched OK (80688 bytes)
[2026-06-13 22:19:44] Asset 198458862 fetched OK (43307 bytes)
[2026-06-13 22:19:44] Asset 6070701470 fetched OK (143603 bytes)
[2026-06-13 22:19:44] Asset 5809284486 fetched OK (85224 bytes)
[2026-06-13 22:19:44] Asset 10226305268 fetched OK (189975 bytes)
[2026-06-13 22:19:44] >> GET /v1/asset?id=198461276
[2026-06-13 22:19:44] >> GET /v1/asset?id=5808893352
[2026-06-13 22:19:44] Asset 10120557843 fetched OK (108404 bytes)
[2026-06-13 22:19:44] Asset 198461276 fetched OK (43692 bytes)
[2026-06-13 22:19:44] Asset 5808893352 fetched OK (86657 bytes)
[2026-06-13 22:19:44] >> GET /v1/asset?id=198453528
[2026-06-13 22:19:44] >> GET /asset/?id=10029707421
[2026-06-13 22:19:44] >> GET /v1/asset?id=5805754745
[2026-06-13 22:19:44] >> GET /v1/asset?id=198453556
[2026-06-13 22:19:44] >> GET /asset/?id=10220662504
[2026-06-13 22:19:44] >> GET /v1/asset?id=192132094
[2026-06-13 22:19:44] Asset 198453528 fetched OK (28167 bytes)
[2026-06-13 22:19:44] Asset 5805754745 fetched OK (30384 bytes)
[2026-06-13 22:19:44] Asset 10029707421 fetched OK (104051 bytes)
[2026-06-13 22:19:44] Asset 198453556 fetched OK (36045 bytes)
[2026-06-13 22:19:44] Asset 192132094 fetched OK (30811 bytes)
[2026-06-13 22:19:44] >> GET /v1/asset?id=10259514871
[2026-06-13 22:19:44] >> GET /v1/asset?id=6056779978
[2026-06-13 22:19:44] Asset 10220662504 fetched OK (40885 bytes)
[2026-06-13 22:19:44] >> GET /v1/asset?id=10334109042
[2026-06-13 22:19:44] >> GET /v1/asset?id=3183657748
[2026-06-13 22:19:44] Asset 6056779978 fetched OK (58431 bytes)
[2026-06-13 22:19:44] >> GET /v1/asset?id=10334032300
[2026-06-13 22:19:44] Asset 10259514871 fetched OK (116771 bytes)
[2026-06-13 22:19:44] >> GET /v1/asset?id=332362247
[2026-06-13 22:19:44] >> GET /v1/asset?id=10182050426
[2026-06-13 22:19:44] >> GET /v1/asset?id=5805739006
[2026-06-13 22:19:44] Asset 10334109042 fetched OK (113720 bytes)
[2026-06-13 22:19:44] Asset 10334032300 fetched OK (61955 bytes)
[2026-06-13 22:19:44] Asset 3183657748 fetched OK (288247 bytes)
[2026-06-13 22:19:44] Asset 5805739006 fetched OK (21010 bytes)
[2026-06-13 22:19:44] Asset 332362247 fetched OK (10177 bytes)
[2026-06-13 22:19:44] >> GET /v1/asset?id=5808894285
[2026-06-13 22:19:44] Asset 10182050426 fetched OK (212475 bytes)
[2026-06-13 22:19:45] >> GET /v1/asset?id=6070700917
[2026-06-13 22:19:45] >> GET /v1/asset?id=5976301881
[2026-06-13 22:19:45] Asset 5808894285 fetched OK (61784 bytes)
[2026-06-13 22:19:45] >> GET /v1/asset?id=191788694
[2026-06-13 22:19:45] >> GET /v1/asset?id=7171844373
[2026-06-13 22:19:45] Asset 6070700917 fetched OK (162725 bytes)
[2026-06-13 22:19:45] >> GET /v1/asset?id=5805966103
[2026-06-13 22:19:45] >> GET /v1/asset?id=144325423
[2026-06-13 22:19:45] >> GET /v1/asset?id=144268841
[2026-06-13 22:19:45] Asset 191788694 fetched OK (9754 bytes)
[2026-06-13 22:19:45] Asset 5976301881 fetched OK (42885 bytes)
[2026-06-13 22:19:45] Asset 7171844373 fetched OK (74018 bytes)
[2026-06-13 22:19:45] Asset 5805966103 fetched OK (18571 bytes)
[2026-06-13 22:19:45] >> GET /v2/assets/2127168793/details
[2026-06-13 22:19:45] Asset 144325423 fetched OK (37224 bytes)
[2026-06-13 22:19:45] << /v2/assets/2127168793/details -> {"TargetId":2127168793,"AssetId":2127168793,"ProductId":2127168793,"assetId":2127168793,"id":2127168793,"Id":2127168793,"TargetPlaceId":2127168793,"PlaceId":2127168793,"ProductType":"User Product","Name":"Baseplate","Description":"","AssetTypeId":9,"assetTypeId":9,"Creator":{"Id":14463315,"Name":"HearMeRoar","CreatorType":"User","CreatorTargetId":14463315,"HasVerifiedBadge":false,"id":14463315,"type":1,"creatorType":"User","creatorTargetId":14463315},"IconImageAssetId":0,"Created":"2022-05-11T13:27:09.897Z","Updated":"2022-06-19T07:23:39.03Z","created":"2022-05-11T13:27:09.897Z","updated":"2022-06-19T07:23:39.03Z","PriceInRobux":null,"Sales":0,"IsNew":false,"IsForSale":false,"IsPublicDomain":true,"IsLimited":false,"IsLimitedUnique":false,"isPublic":true,"isForSale":false,"isLimited":false,"isLimitedUnique":false,"enableComments":false}
[2026-06-13 22:19:45] Asset 144268841 fetched OK (16556 bytes)
[2026-06-13 22:19:45] >> GET /v1/asset?id=10077519573
[2026-06-13 22:19:45] >> GET /v1/asset?id=4662723389
[2026-06-13 22:19:45] >> GET /v1/asset?id=439188274
[2026-06-13 22:19:45] >> POST /v1.1/Counters/BatchIncrement?apiKey=76E5A40C%2D3AE1%2D4028%2D9F10%2D7C62520BD94F
[2026-06-13 22:19:45] << /v1.1/Counters/BatchIncrement -> {}
[2026-06-13 22:19:45] >> POST /studio/pbe
[2026-06-13 22:19:45] << /studio/pbe -> {}
[2026-06-13 22:19:45] >> POST /v1.0/SequenceStatistics/BatchAddToSequencesV2?apiKey=76E5A40C%2D3AE1%2D4028%2D9F10%2D7C62520BD94F
[2026-06-13 22:19:45] >> GET /v2/assets/2126025361/details
[2026-06-13 22:19:45] << /v1.0/SequenceStatistics/BatchAddToSequencesV2 -> {}
[2026-06-13 22:19:45] << /v2/assets/2126025361/details -> {"TargetId":2126025361,"AssetId":2126025361,"ProductId":2126025361,"assetId":2126025361,"id":2126025361,"Id":2126025361,"TargetPlaceId":2126025361,"PlaceId":2126025361,"ProductType":"User Product","Name":"Baseplate","Description":"","AssetTypeId":9,"assetTypeId":9,"Creator":{"Id":14463315,"Name":"HearMeRoar","CreatorType":"User","CreatorTargetId":14463315,"HasVerifiedBadge":false,"id":14463315,"type":1,"creatorType":"User","creatorTargetId":14463315},"IconImageAssetId":0,"Created":"2022-05-11T13:27:09.897Z","Updated":"2022-06-19T07:23:39.03Z","created":"2022-05-11T13:27:09.897Z","updated":"2022-06-19T07:23:39.03Z","PriceInRobux":null,"Sales":0,"IsNew":false,"IsForSale":false,"IsPublicDomain":true,"IsLimited":false,"IsLimitedUnique":false,"isPublic":true,"isForSale":false,"isLimited":false,"isLimitedUnique":false,"enableComments":false}
[2026-06-13 22:19:45] Asset 439188274 fetched OK (12110 bytes)
[2026-06-13 22:19:45] Asset 4662723389 fetched OK (1290 bytes)
[2026-06-13 22:19:45] Asset 10077519573 fetched OK (85846 bytes)
[2026-06-13 22:19:45] >> POST /v1.1/Counters/BatchIncrement?apiKey=76E5A40C%2D3AE1%2D4028%2D9F10%2D7C62520BD94F
[2026-06-13 22:19:45] << /v1.1/Counters/BatchIncrement -> {}
[2026-06-13 22:19:45] >> GET /v2/assets/2126025368/details
[2026-06-13 22:19:45] << /v2/assets/2126025368/details -> {"TargetId":2126025368,"AssetId":2126025368,"ProductId":2126025368,"assetId":2126025368,"id":2126025368,"Id":2126025368,"TargetPlaceId":2126025368,"PlaceId":2126025368,"ProductType":"User Product","Name":"Baseplate","Description":"","AssetTypeId":9,"assetTypeId":9,"Creator":{"Id":14463315,"Name":"HearMeRoar","CreatorType":"User","CreatorTargetId":14463315,"HasVerifiedBadge":false,"id":14463315,"type":1,"creatorType":"User","creatorTargetId":14463315},"IconImageAssetId":0,"Created":"2022-05-11T13:27:09.897Z","Updated":"2022-06-19T07:23:39.03Z","created":"2022-05-11T13:27:09.897Z","updated":"2022-06-19T07:23:39.03Z","PriceInRobux":null,"Sales":0,"IsNew":false,"IsForSale":false,"IsPublicDomain":true,"IsLimited":false,"IsLimitedUnique":false,"isPublic":true,"isForSale":false,"isLimited":false,"isLimitedUnique":false,"enableComments":false}
[2026-06-13 22:19:46] >> GET /v2/assets/2126025358/details
[2026-06-13 22:19:46] << /v2/assets/2126025358/details -> {"TargetId":2126025358,"AssetId":2126025358,"ProductId":2126025358,"assetId":2126025358,"id":2126025358,"Id":2126025358,"TargetPlaceId":2126025358,"PlaceId":2126025358,"ProductType":"User Product","Name":"Baseplate","Description":"","AssetTypeId":9,"assetTypeId":9,"Creator":{"Id":14463315,"Name":"HearMeRoar","CreatorType":"User","CreatorTargetId":14463315,"HasVerifiedBadge":false,"id":14463315,"type":1,"creatorType":"User","creatorTargetId":14463315},"IconImageAssetId":0,"Created":"2022-05-11T13:27:09.897Z","Updated":"2022-06-19T07:23:39.03Z","created":"2022-05-11T13:27:09.897Z","updated":"2022-06-19T07:23:39.03Z","PriceInRobux":null,"Sales":0,"IsNew":false,"IsForSale":false,"IsPublicDomain":true,"IsLimited":false,"IsLimitedUnique":false,"isPublic":true,"isForSale":false,"isLimited":false,"isLimitedUnique":false,"enableComments":false}
[2026-06-13 22:19:46] >> GET /v2/assets/2126025364/details
[2026-06-13 22:19:46] << /v2/assets/2126025364/details -> {"TargetId":2126025364,"AssetId":2126025364,"ProductId":2126025364,"assetId":2126025364,"id":2126025364,"Id":2126025364,"TargetPlaceId":2126025364,"PlaceId":2126025364,"ProductType":"User Product","Name":"Baseplate","Description":"","AssetTypeId":9,"assetTypeId":9,"Creator":{"Id":14463315,"Name":"HearMeRoar","CreatorType":"User","CreatorTargetId":14463315,"HasVerifiedBadge":false,"id":14463315,"type":1,"creatorType":"User","creatorTargetId":14463315},"IconImageAssetId":0,"Created":"2022-05-11T13:27:09.897Z","Updated":"2022-06-19T07:23:39.03Z","created":"2022-05-11T13:27:09.897Z","updated":"2022-06-19T07:23:39.03Z","PriceInRobux":null,"Sales":0,"IsNew":false,"IsForSale":false,"IsPublicDomain":true,"IsLimited":false,"IsLimitedUnique":false,"isPublic":true,"isForSale":false,"isLimited":false,"isLimitedUnique":false,"enableComments":false}
[2026-06-13 22:19:46] >> GET /v2/assets/2127168788/details
[2026-06-13 22:19:46] << /v2/assets/2127168788/details -> {"TargetId":2127168788,"AssetId":2127168788,"ProductId":2127168788,"assetId":2127168788,"id":2127168788,"Id":2127168788,"TargetPlaceId":2127168788,"PlaceId":2127168788,"ProductType":"User Product","Name":"Baseplate","Description":"","AssetTypeId":9,"assetTypeId":9,"Creator":{"Id":14463315,"Name":"HearMeRoar","CreatorType":"User","CreatorTargetId":14463315,"HasVerifiedBadge":false,"id":14463315,"type":1,"creatorType":"User","creatorTargetId":14463315},"IconImageAssetId":0,"Created":"2022-05-11T13:27:09.897Z","Updated":"2022-06-19T07:23:39.03Z","created":"2022-05-11T13:27:09.897Z","updated":"2022-06-19T07:23:39.03Z","PriceInRobux":null,"Sales":0,"IsNew":false,"IsForSale":false,"IsPublicDomain":true,"IsLimited":false,"IsLimitedUnique":false,"isPublic":true,"isForSale":false,"isLimited":false,"isLimitedUnique":false,"enableComments":false}
[2026-06-13 22:19:46] >> GET /v2/assets/2127168786/details
[2026-06-13 22:19:46] << /v2/assets/2127168786/details -> {"TargetId":2127168786,"AssetId":2127168786,"ProductId":2127168786,"assetId":2127168786,"id":2127168786,"Id":2127168786,"TargetPlaceId":2127168786,"PlaceId":2127168786,"ProductType":"User Product","Name":"Baseplate","Description":"","AssetTypeId":9,"assetTypeId":9,"Creator":{"Id":14463315,"Name":"HearMeRoar","CreatorType":"User","CreatorTargetId":14463315,"HasVerifiedBadge":false,"id":14463315,"type":1,"creatorType":"User","creatorTargetId":14463315},"IconImageAssetId":0,"Created":"2022-05-11T13:27:09.897Z","Updated":"2022-06-19T07:23:39.03Z","created":"2022-05-11T13:27:09.897Z","updated":"2022-06-19T07:23:39.03Z","PriceInRobux":null,"Sales":0,"IsNew":false,"IsForSale":false,"IsPublicDomain":true,"IsLimited":false,"IsLimitedUnique":false,"isPublic":true,"isForSale":false,"isLimited":false,"isLimitedUnique":false,"enableComments":false}
[2026-06-13 22:19:47] >> GET /v2/assets/2127168780/details
[2026-06-13 22:19:47] << /v2/assets/2127168780/details -> {"TargetId":2127168780,"AssetId":2127168780,"ProductId":2127168780,"assetId":2127168780,"id":2127168780,"Id":2127168780,"TargetPlaceId":2127168780,"PlaceId":2127168780,"ProductType":"User Product","Name":"Baseplate","Description":"","AssetTypeId":9,"assetTypeId":9,"Creator":{"Id":14463315,"Name":"HearMeRoar","CreatorType":"User","CreatorTargetId":14463315,"HasVerifiedBadge":false,"id":14463315,"type":1,"creatorType":"User","creatorTargetId":14463315},"IconImageAssetId":0,"Created":"2022-05-11T13:27:09.897Z","Updated":"2022-06-19T07:23:39.03Z","created":"2022-05-11T13:27:09.897Z","updated":"2022-06-19T07:23:39.03Z","PriceInRobux":null,"Sales":0,"IsNew":false,"IsForSale":false,"IsPublicDomain":true,"IsLimited":false,"IsLimitedUnique":false,"isPublic":true,"isForSale":false,"isLimited":false,"isLimitedUnique":false,"enableComments":false}
[2026-06-13 22:19:47] >> GET /v2/assets/2126025354/details
[2026-06-13 22:19:47] << /v2/assets/2126025354/details -> {"TargetId":2126025354,"AssetId":2126025354,"ProductId":2126025354,"assetId":2126025354,"id":2126025354,"Id":2126025354,"TargetPlaceId":2126025354,"PlaceId":2126025354,"ProductType":"User Product","Name":"Baseplate","Description":"","AssetTypeId":9,"assetTypeId":9,"Creator":{"Id":14463315,"Name":"HearMeRoar","CreatorType":"User","CreatorTargetId":14463315,"HasVerifiedBadge":false,"id":14463315,"type":1,"creatorType":"User","creatorTargetId":14463315},"IconImageAssetId":0,"Created":"2022-05-11T13:27:09.897Z","Updated":"2022-06-19T07:23:39.03Z","created":"2022-05-11T13:27:09.897Z","updated":"2022-06-19T07:23:39.03Z","PriceInRobux":null,"Sales":0,"IsNew":false,"IsForSale":false,"IsPublicDomain":true,"IsLimited":false,"IsLimitedUnique":false,"isPublic":true,"isForSale":false,"isLimited":false,"isLimitedUnique":false,"enableComments":false}
[2026-06-13 22:19:47] >> GET /v2/assets/2127168801/details
[2026-06-13 22:19:47] << /v2/assets/2127168801/details -> {"TargetId":2127168801,"AssetId":2127168801,"ProductId":2127168801,"assetId":2127168801,"id":2127168801,"Id":2127168801,"TargetPlaceId":2127168801,"PlaceId":2127168801,"ProductType":"User Product","Name":"Baseplate","Description":"","AssetTypeId":9,"assetTypeId":9,"Creator":{"Id":14463315,"Name":"HearMeRoar","CreatorType":"User","CreatorTargetId":14463315,"HasVerifiedBadge":false,"id":14463315,"type":1,"creatorType":"User","creatorTargetId":14463315},"IconImageAssetId":0,"Created":"2022-05-11T13:27:09.897Z","Updated":"2022-06-19T07:23:39.03Z","created":"2022-05-11T13:27:09.897Z","updated":"2022-06-19T07:23:39.03Z","PriceInRobux":null,"Sales":0,"IsNew":false,"IsForSale":false,"IsPublicDomain":true,"IsLimited":false,"IsLimitedUnique":false,"isPublic":true,"isForSale":false,"isLimited":false,"isLimitedUnique":false,"enableComments":false}
[2026-06-13 22:20:04] >> GET /v1/users/14463315/friends/online
[2026-06-13 22:20:04] << /v1/users/14463315/friends/online -> {"previousPageCursor":null,"nextPageCursor":null,"data":[]}
[2026-06-13 22:20:10] >> POST /v1.0/SequenceStatistics/BatchAddToSequencesV2?apiKey=76E5A40C%2D3AE1%2D4028%2D9F10%2D7C62520BD94F
[2026-06-13 22:20:10] << /v1.0/SequenceStatistics/BatchAddToSequencesV2 -> {}
[2026-06-13 22:20:11] >> POST /v1.1/Counters/BatchIncrement?apiKey=76E5A40C%2D3AE1%2D4028%2D9F10%2D7C62520BD94F
[2026-06-13 22:20:11] << /v1.1/Counters/BatchIncrement -> {}
[2026-06-13 22:20:14] >> POST /v1.0/SequenceStatistics/BatchAddToSequencesV2?apiKey=76E5A40C%2D3AE1%2D4028%2D9F10%2D7C62520BD94F
[2026-06-13 22:20:14] << /v1.0/SequenceStatistics/BatchAddToSequencesV2 -> {}
[2026-06-13 22:20:14] >> POST /v1.1/Counters/BatchIncrement?apiKey=76E5A40C%2D3AE1%2D4028%2D9F10%2D7C62520BD94F
[2026-06-13 22:20:14] << /v1.1/Counters/BatchIncrement -> {}
[2026-06-13 22:20:15] >> GET /v1/persistence/sorted/list?scope=global&key=KillData&pageSize=10&direction=dsc&minValue=1
[2026-06-13 22:20:15] DS-v1: M=GET type=sorted rest=/list ds=KillData scope=global target= usnParam=no bodylen=0 body=[]
[2026-06-13 22:20:15] << /v1/persistence/sorted/list -> {"entries":[{"target":"TimePlayed62884268","value":20,"usn":"1"}],"lastEvaluatedKey":null}
[2026-06-13 22:20:15] >> GET /v1/persistence/sorted/list?scope=global&key=LeaderboardJuly2022&pageSize=100&direction=dsc&minValue=0
[2026-06-13 22:20:15] >> POST /v1/users
[2026-06-13 22:20:15] DS-v1: M=GET type=sorted rest=/list ds=LeaderboardJuly2022 scope=global target= usnParam=no bodylen=0 body=[]
[2026-06-13 22:20:15] << /v1/users -> {"data":[{"id":14463315,"name":"HearMeRoar","displayName":"HearMeRoar"}]}
[2026-06-13 22:20:15] << /v1/persistence/sorted/list -> {"entries":[],"lastEvaluatedKey":null}
[2026-06-13 22:20:34] >> GET /v1/users/14463315/friends/online
[2026-06-13 22:20:34] << /v1/users/14463315/friends/online -> {"previousPageCursor":null,"nextPageCursor":null,"data":[]}
[2026-06-13 22:20:40] >> POST /v1.1/Counters/BatchIncrement?apiKey=76E5A40C%2D3AE1%2D4028%2D9F10%2D7C62520BD94F
[2026-06-13 22:20:40] << /v1.1/Counters/BatchIncrement -> {}
[2026-06-13 22:20:43] >> POST /v1.0/SequenceStatistics/BatchAddToSequencesV2?apiKey=76E5A40C%2D3AE1%2D4028%2D9F10%2D7C62520BD94F
[2026-06-13 22:20:43] << /v1.0/SequenceStatistics/BatchAddToSequencesV2 -> {}
[2026-06-13 22:20:43] >> POST /v1.1/Counters/BatchIncrement?apiKey=76E5A40C%2D3AE1%2D4028%2D9F10%2D7C62520BD94F
[2026-06-13 22:20:43] << /v1.1/Counters/BatchIncrement -> {}
[2026-06-13 22:21:04] >> GET /v1/users/14463315/friends/online
[2026-06-13 22:21:04] << /v1/users/14463315/friends/online -> {"previousPageCursor":null,"nextPageCursor":null,"data":[]}
[2026-06-13 22:21:12] >> POST /v1.0/SequenceStatistics/BatchAddToSequencesV2?apiKey=76E5A40C%2D3AE1%2D4028%2D9F10%2D7C62520BD94F
[2026-06-13 22:21:12] << /v1.0/SequenceStatistics/BatchAddToSequencesV2 -> {}
[2026-06-13 22:21:12] >> POST /v1.1/Counters/BatchIncrement?apiKey=76E5A40C%2D3AE1%2D4028%2D9F10%2D7C62520BD94F
[2026-06-13 22:21:12] << /v1.1/Counters/BatchIncrement -> {}
[2026-06-13 22:21:14] >> POST /v1.0/SequenceStatistics/BatchAddToSequencesV2?apiKey=76E5A40C%2D3AE1%2D4028%2D9F10%2D7C62520BD94F
[2026-06-13 22:21:14] << /v1.0/SequenceStatistics/BatchAddToSequencesV2 -> {}
[2026-06-13 22:21:14] >> POST /v1.1/Counters/BatchIncrement?apiKey=76E5A40C%2D3AE1%2D4028%2D9F10%2D7C62520BD94F
[2026-06-13 22:21:14] << /v1.1/Counters/BatchIncrement -> {}
[2026-06-13 22:21:16] >> GET /v1/persistence/sorted/list?scope=global&key=LeaderboardJuly2022&pageSize=100&direction=dsc&minValue=0
[2026-06-13 22:21:16] DS-v1: M=GET type=sorted rest=/list ds=LeaderboardJuly2022 scope=global target= usnParam=no bodylen=0 body=[]
[2026-06-13 22:21:16] << /v1/persistence/sorted/list -> {"entries":[],"lastEvaluatedKey":null}
[2026-06-13 22:21:34] >> GET /v1/users/14463315/friends/online
[2026-06-13 22:21:34] << /v1/users/14463315/friends/online -> {"previousPageCursor":null,"nextPageCursor":null,"data":[]}
[2026-06-13 22:21:41] >> POST /v1.1/Counters/BatchIncrement?apiKey=76E5A40C%2D3AE1%2D4028%2D9F10%2D7C62520BD94F
[2026-06-13 22:21:41] << /v1.1/Counters/BatchIncrement -> {}
[2026-06-13 22:21:44] >> POST /v1.0/SequenceStatistics/BatchAddToSequencesV2?apiKey=76E5A40C%2D3AE1%2D4028%2D9F10%2D7C62520BD94F
[2026-06-13 22:21:44] << /v1.0/SequenceStatistics/BatchAddToSequencesV2 -> {}
[2026-06-13 22:21:44] >> POST /v1.1/Counters/BatchIncrement?apiKey=76E5A40C%2D3AE1%2D4028%2D9F10%2D7C62520BD94F
[2026-06-13 22:21:44] << /v1.1/Counters/BatchIncrement -> {}
[2026-06-13 22:21:48] >> GET /asset/?id=10352828887
[2026-06-13 22:21:48] >> GET /v1/asset?id=154662351
[2026-06-13 22:21:48] Asset 154662351 fetched OK (44200 bytes)
[2026-06-13 22:21:48] Asset 10352828887 fetched OK (62879 bytes)
[2026-06-13 22:21:49] >> GET /studio/e.png?studioSid=6CC0A067-6251-498D-97D7-72F82332A8A5&clientID=1983CBC1-BFEF-4E46-A6E5-7574E69AA5BC&timestamp=1781414509290&userID=14463315&placeID=9991912465&category=Error&evt=QtMessage%5FWarning&label=QWindowsWindow%3A%3AsetGeometry%3A%20Unable%20to%20set%20geometry%201920x886%2B0%2B35%20%28frame%3A%201920x886%2B0%2B35%29%20on%20QWidgetWindow%2F%22RootWidgetWindow%22%20on%20%22%5C%5C%2E%5CDISPLAY1%22%2E%20Resulting%20geometry%3A%201920x991%2B0%2B0%20%28frame%3A%201920x991%2B0%2B0%29%20margins%3A%200%2C%200%2C%200%2C%200%29&value=0&SD.Platform.ID=39BD5212B7E147C4BB2598657C7226EC&SD.Platform.CT=1781414322384&SD.StudioSession.MD.Type=StartClient&SD.StudioSession.ID=6EA6A1942F214C57A6DE42308BCFC110&SD.Platform.MD.DebugVersion=FFlagStudioFlushDeferredEventsBlock%2C%20FFlagFixMissingStudioStartupSummaryEvent%2C%20FFlagFixWinStudioMissingStartEvent&SD.StudioSession.CT=1781414324104&SD.UserSession.ID=B6A04371E73F40DBA3373E22122D8E7E&SD.UserSession.CT=1781414329595&SD.UserSession.MD.Type=LoggedIn&SD.
[2026-06-13 22:21:49] >> GET /studio/e.png?studioSid=6CC0A067-6251-498D-97D7-72F82332A8A5&clientID=1983CBC1-BFEF-4E46-A6E5-7574E69AA5BC&timestamp=1781414509291&userID=14463315&placeID=9991912465&category=Error&evt=QtMessage%5FWarning&label=QWindowsWindow%3A%3AsetGeometry%3A%20Unable%20to%20set%20geometry%201920x886%2B0%2B0%20%28frame%3A%201920x886%2B0%2B0%29%20on%20QWidgetWindow%2F%22RootDockSplitLayoutPanelWindow%22%20on%20%22%5C%5C%2E%5CDISPLAY1%22%2E%20Resulting%20geometry%3A%201920x991%2B0%2B0%20%28frame%3A%201920x991%2B0%2B0%29%20margins%3A%200%2C%200%2C%200%2C%200%29&value=0&SD.Platform.ID=39BD5212B7E147C4BB2598657C7226EC&SD.Platform.CT=1781414322384&SD.StudioSession.MD.Type=StartClient&SD.StudioSession.ID=6EA6A1942F214C57A6DE42308BCFC110&SD.Platform.MD.DebugVersion=FFlagStudioFlushDeferredEventsBlock%2C%20FFlagFixMissingStudioStartupSummaryEvent%2C%20FFlagFixWinStudioMissingStartEvent&SD.StudioSession.CT=1781414324104&SD.UserSession.ID=B6A04371E73F40DBA3373E22122D8E7E&SD.UserSession.CT=1781414329595&SD.UserSession.MD.Type=
[2026-06-13 22:21:49] >> GET /studio/e.png?studioSid=6CC0A067-6251-498D-97D7-72F82332A8A5&clientID=1983CBC1-BFEF-4E46-A6E5-7574E69AA5BC&timestamp=1781414509292&userID=14463315&placeID=9991912465&category=Error&evt=QtMessage%5FWarning&label=QWindowsWindow%3A%3AsetGeometry%3A%20Unable%20to%20set%20geometry%201920x886%2B0%2B0%20%28frame%3A%201920x886%2B0%2B0%29%20on%20QWidgetWindow%2F%22Qtitan%3A%3ADockSplitLayoutPanelClassWindow%22%20on%20%22%5C%5C%2E%5CDISPLAY1%22%2E%20Resulting%20geometry%3A%201920x991%2B0%2B0%20%28frame%3A%201920x991%2B0%2B0%29%20margins%3A%200%2C%200%2C%200%2C%200%29&value=0&SD.Platform.ID=39BD5212B7E147C4BB2598657C7226EC&SD.Platform.CT=1781414322384&SD.StudioSession.MD.Type=StartClient&SD.StudioSession.ID=6EA6A1942F214C57A6DE42308BCFC110&SD.Platform.MD.DebugVersion=FFlagStudioFlushDeferredEventsBlock%2C%20FFlagFixMissingStudioStartupSummaryEvent%2C%20FFlagFixWinStudioMissingStartEvent&SD.StudioSession.CT=1781414324104&SD.UserSession.ID=B6A04371E73F40DBA3373E22122D8E7E&SD.UserSession.CT=1781414329595&SD.UserSes
[2026-06-13 22:21:49] >> GET /studio/e.png?studioSid=6CC0A067-6251-498D-97D7-72F82332A8A5&clientID=1983CBC1-BFEF-4E46-A6E5-7574E69AA5BC&timestamp=1781414509293&userID=14463315&placeID=9991912465&category=Error&evt=QtMessage%5FWarning&label=QWindowsWindow%3A%3AsetGeometry%3A%20Unable%20to%20set%20geometry%201920x886%2B0%2B0%20%28frame%3A%201920x886%2B0%2B0%29%20on%20QWidgetWindow%2F%22Qtitan%3A%3ADockSplitLayoutPanelClassWindow%22%20on%20%22%5C%5C%2E%5CDISPLAY1%22%2E%20Resulting%20geometry%3A%201920x991%2B0%2B0%20%28frame%3A%201920x991%2B0%2B0%29%20margins%3A%200%2C%200%2C%200%2C%200%29&value=0&SD.Platform.ID=39BD5212B7E147C4BB2598657C7226EC&SD.Platform.CT=1781414322384&SD.StudioSession.MD.Type=StartClient&SD.StudioSession.ID=6EA6A1942F214C57A6DE42308BCFC110&SD.Platform.MD.DebugVersion=FFlagStudioFlushDeferredEventsBlock%2C%20FFlagFixMissingStudioStartupSummaryEvent%2C%20FFlagFixWinStudioMissingStartEvent&SD.StudioSession.CT=1781414324104&SD.UserSession.ID=B6A04371E73F40DBA3373E22122D8E7E&SD.UserSession.CT=1781414329595&SD.UserSes
[2026-06-13 22:21:49] >> GET /studio/e.png?studioSid=6CC0A067-6251-498D-97D7-72F82332A8A5&clientID=1983CBC1-BFEF-4E46-A6E5-7574E69AA5BC&timestamp=1781414509293&userID=14463315&placeID=9991912465&category=Error&evt=QtMessage%5FWarning&label=QWindowsWindow%3A%3AsetGeometry%3A%20Unable%20to%20set%20geometry%201553x886%2B0%2B0%20%28frame%3A%201553x886%2B0%2B0%29%20on%20QWidgetWindow%2F%22Qtitan%3A%3ADockSplitLayoutPanelClassWindow%22%20on%20%22%5C%5C%2E%5CDISPLAY1%22%2E%20Resulting%20geometry%3A%201920x991%2B0%2B0%20%28frame%3A%201920x991%2B0%2B0%29%20margins%3A%200%2C%200%2C%200%2C%200%29&value=0&SD.Platform.ID=39BD5212B7E147C4BB2598657C7226EC&SD.Platform.CT=1781414322384&SD.StudioSession.MD.Type=StartClient&SD.StudioSession.ID=6EA6A1942F214C57A6DE42308BCFC110&SD.Platform.MD.DebugVersion=FFlagStudioFlushDeferredEventsBlock%2C%20FFlagFixMissingStudioStartupSummaryEvent%2C%20FFlagFixWinStudioMissingStartEvent&SD.StudioSession.CT=1781414324104&SD.UserSession.ID=B6A04371E73F40DBA3373E22122D8E7E&SD.UserSession.CT=1781414329595&SD.UserSes
[2026-06-13 22:21:49] >> GET /studio/e.png?studioSid=6CC0A067-6251-498D-97D7-72F82332A8A5&clientID=1983CBC1-BFEF-4E46-A6E5-7574E69AA5BC&timestamp=1781414509294&userID=14463315&placeID=9991912465&category=Error&evt=QtMessage%5FWarning&label=QWindowsWindow%3A%3AsetGeometry%3A%20Unable%20to%20set%20geometry%201553x886%2B0%2B0%20%28frame%3A%201553x886%2B0%2B0%29%20on%20QWidgetWindow%2F%22Qtitan%3A%3ADockSplitLayoutPanelClassWindow%22%20on%20%22%5C%5C%2E%5CDISPLAY1%22%2E%20Resulting%20geometry%3A%201920x991%2B0%2B0%20%28frame%3A%201920x991%2B0%2B0%29%20margins%3A%200%2C%200%2C%200%2C%200%29&value=0&SD.Platform.ID=39BD5212B7E147C4BB2598657C7226EC&SD.Platform.CT=1781414322384&SD.StudioSession.MD.Type=StartClient&SD.StudioSession.ID=6EA6A1942F214C57A6DE42308BCFC110&SD.Platform.MD.DebugVersion=FFlagStudioFlushDeferredEventsBlock%2C%20FFlagFixMissingStudioStartupSummaryEvent%2C%20FFlagFixWinStudioMissingStartEvent&SD.StudioSession.CT=1781414324104&SD.UserSession.ID=B6A04371E73F40DBA3373E22122D8E7E&SD.UserSession.CT=1781414329595&SD.UserSes
[2026-06-13 22:21:49] >> GET /studio/e.png?studioSid=6CC0A067-6251-498D-97D7-72F82332A8A5&clientID=1983CBC1-BFEF-4E46-A6E5-7574E69AA5BC&timestamp=1781414509294&userID=14463315&placeID=9991912465&category=Error&evt=QtMessage%5FWarning&label=QWindowsWindow%3A%3AsetGeometry%3A%20Unable%20to%20set%20geometry%201553x886%2B0%2B0%20%28frame%3A%201553x886%2B0%2B0%29%20on%20QWidgetWindow%2F%22Qtitan%3A%3ADockSplitLayoutPanelClassWindow%22%20on%20%22%5C%5C%2E%5CDISPLAY1%22%2E%20Resulting%20geometry%3A%201920x991%2B0%2B0%20%28frame%3A%201920x991%2B0%2B0%29%20margins%3A%200%2C%200%2C%200%2C%200%29&value=0&SD.Platform.ID=39BD5212B7E147C4BB2598657C7226EC&SD.Platform.CT=1781414322384&SD.StudioSession.MD.Type=StartClient&SD.StudioSession.ID=6EA6A1942F214C57A6DE42308BCFC110&SD.Platform.MD.DebugVersion=FFlagStudioFlushDeferredEventsBlock%2C%20FFlagFixMissingStudioStartupSummaryEvent%2C%20FFlagFixWinStudioMissingStartEvent&SD.StudioSession.CT=1781414324104&SD.UserSession.ID=B6A04371E73F40DBA3373E22122D8E7E&SD.UserSession.CT=1781414329595&SD.UserSes
[2026-06-13 22:21:49] >> GET /studio/e.png?studioSid=6CC0A067-6251-498D-97D7-72F82332A8A5&clientID=1983CBC1-BFEF-4E46-A6E5-7574E69AA5BC&timestamp=1781414509296&userID=14463315&placeID=9991912465&category=Error&evt=QtMessage%5FWarning&label=QWindowsWindow%3A%3AsetGeometry%3A%20Unable%20to%20set%20geometry%201553x886%2B0%2B0%20%28frame%3A%201553x886%2B0%2B0%29%20on%20QWidgetWindow%2F%22Qtitan%3A%3ADockSplitLayoutPanelClassWindow%22%20on%20%22%5C%5C%2E%5CDISPLAY1%22%2E%20Resulting%20geometry%3A%201920x991%2B0%2B0%20%28frame%3A%201920x991%2B0%2B0%29%20margins%3A%200%2C%200%2C%200%2C%200%29&value=0&SD.Platform.ID=39BD5212B7E147C4BB2598657C7226EC&SD.Platform.CT=1781414322384&SD.StudioSession.MD.Type=StartClient&SD.StudioSession.ID=6EA6A1942F214C57A6DE42308BCFC110&SD.Platform.MD.DebugVersion=FFlagStudioFlushDeferredEventsBlock%2C%20FFlagFixMissingStudioStartupSummaryEvent%2C%20FFlagFixWinStudioMissingStartEvent&SD.StudioSession.CT=1781414324104&SD.UserSession.ID=B6A04371E73F40DBA3373E22122D8E7E&SD.UserSession.CT=1781414329595&SD.UserSes
[2026-06-13 22:21:49] << /studio/e.png -> {}
[2026-06-13 22:21:49] << /studio/e.png -> {}
[2026-06-13 22:21:49] << /studio/e.png -> {}
[2026-06-13 22:21:49] << /studio/e.png -> {}
[2026-06-13 22:21:49] << /studio/e.png -> {}
[2026-06-13 22:21:49] << /studio/e.png -> {}
[2026-06-13 22:21:49] << /studio/e.png -> {}
[2026-06-13 22:21:49] << /studio/e.png -> {}
[2026-06-13 22:21:49] >> GET /studio/e.png?studioSid=6CC0A067-6251-498D-97D7-72F82332A8A5&clientID=1983CBC1-BFEF-4E46-A6E5-7574E69AA5BC&timestamp=1781414509297&userID=14463315&placeID=9991912465&category=Error&evt=QtMessage%5FWarning&label=QWindowsWindow%3A%3AsetGeometry%3A%20Unable%20to%20set%20geometry%201553x886%2B0%2B0%20%28frame%3A%201553x886%2B0%2B0%29%20on%20QWidgetWindow%2F%22Qtitan%3A%3ADockSplitLayoutPanelClassWindow%22%20on%20%22%5C%5C%2E%5CDISPLAY1%22%2E%20Resulting%20geometry%3A%201920x991%2B0%2B0%20%28frame%3A%201920x991%2B0%2B0%29%20margins%3A%200%2C%200%2C%200%2C%200%29&value=0&SD.Platform.ID=39BD5212B7E147C4BB2598657C7226EC&SD.Platform.CT=1781414322384&SD.StudioSession.MD.Type=StartClient&SD.StudioSession.ID=6EA6A1942F214C57A6DE42308BCFC110&SD.Platform.MD.DebugVersion=FFlagStudioFlushDeferredEventsBlock%2C%20FFlagFixMissingStudioStartupSummaryEvent%2C%20FFlagFixWinStudioMissingStartEvent&SD.StudioSession.CT=1781414324104&SD.UserSession.ID=B6A04371E73F40DBA3373E22122D8E7E&SD.UserSession.CT=1781414329595&SD.UserSes
[2026-06-13 22:21:49] >> GET /studio/e.png?studioSid=6CC0A067-6251-498D-97D7-72F82332A8A5&clientID=1983CBC1-BFEF-4E46-A6E5-7574E69AA5BC&timestamp=1781414509298&userID=14463315&placeID=9991912465&category=Error&evt=QtMessage%5FWarning&label=QWindowsWindow%3A%3AsetGeometry%3A%20Unable%20to%20set%20geometry%201553x886%2B0%2B0%20%28frame%3A%201553x886%2B0%2B0%29%20on%20QWidgetWindow%2F%22Qtitan%3A%3ADockDocumentLayoutPanelClassWindow%22%20on%20%22%5C%5C%2E%5CDISPLAY1%22%2E%20Resulting%20geometry%3A%201920x991%2B0%2B0%20%28frame%3A%201920x991%2B0%2B0%29%20margins%3A%200%2C%200%2C%200%2C%200%29&value=0&SD.Platform.ID=39BD5212B7E147C4BB2598657C7226EC&SD.Platform.CT=1781414322384&SD.StudioSession.MD.Type=StartClient&SD.StudioSession.ID=6EA6A1942F214C57A6DE42308BCFC110&SD.Platform.MD.DebugVersion=FFlagStudioFlushDeferredEventsBlock%2C%20FFlagFixMissingStudioStartupSummaryEvent%2C%20FFlagFixWinStudioMissingStartEvent&SD.StudioSession.CT=1781414324104&SD.UserSession.ID=B6A04371E73F40DBA3373E22122D8E7E&SD.UserSession.CT=1781414329595&SD.User
[2026-06-13 22:21:49] >> GET /studio/e.png?studioSid=6CC0A067-6251-498D-97D7-72F82332A8A5&clientID=1983CBC1-BFEF-4E46-A6E5-7574E69AA5BC&timestamp=1781414509298&userID=14463315&placeID=9991912465&category=Error&evt=QtMessage%5FWarning&label=QWindowsWindow%3A%3AsetGeometry%3A%20Unable%20to%20set%20geometry%201553x383%2B0%2B0%20%28frame%3A%201553x383%2B0%2B0%29%20on%20QWidgetWindow%2F%22Qtitan%3A%3ADockDocumentTabbedLayoutPanelClassWindow%22%20on%20%22%5C%5C%2E%5CDISPLAY1%22%2E%20Resulting%20geometry%3A%201920x991%2B0%2B0%20%28frame%3A%201920x991%2B0%2B0%29%20margins%3A%200%2C%200%2C%200%2C%200%29&value=0&SD.Platform.ID=39BD5212B7E147C4BB2598657C7226EC&SD.Platform.CT=1781414322384&SD.StudioSession.MD.Type=StartClient&SD.StudioSession.ID=6EA6A1942F214C57A6DE42308BCFC110&SD.Platform.MD.DebugVersion=FFlagStudioFlushDeferredEventsBlock%2C%20FFlagFixMissingStudioStartupSummaryEvent%2C%20FFlagFixWinStudioMissingStartEvent&SD.StudioSession.CT=1781414324104&SD.UserSession.ID=B6A04371E73F40DBA3373E22122D8E7E&SD.UserSession.CT=1781414329595&S
[2026-06-13 22:21:49] >> GET /studio/e.png?studioSid=6CC0A067-6251-498D-97D7-72F82332A8A5&clientID=1983CBC1-BFEF-4E46-A6E5-7574E69AA5BC&timestamp=1781414509299&userID=14463315&placeID=9991912465&category=Error&evt=QtMessage%5FWarning&label=QWindowsWindow%3A%3AsetGeometry%3A%20Unable%20to%20set%20geometry%201553x353%2B0%2B30%20%28frame%3A%201553x353%2B0%2B30%29%20on%20QWidgetWindow%2F%22ideDocDocumentPanelWindow%22%20on%20%22%5C%5C%2E%5CDISPLAY1%22%2E%20Resulting%20geometry%3A%201920x991%2B0%2B0%20%28frame%3A%201920x991%2B0%2B0%29%20margins%3A%200%2C%200%2C%200%2C%200%29&value=0&SD.Platform.ID=39BD5212B7E147C4BB2598657C7226EC&SD.Platform.CT=1781414322384&SD.StudioSession.MD.Type=StartClient&SD.StudioSession.ID=6EA6A1942F214C57A6DE42308BCFC110&SD.Platform.MD.DebugVersion=FFlagStudioFlushDeferredEventsBlock%2C%20FFlagFixMissingStudioStartupSummaryEvent%2C%20FFlagFixWinStudioMissingStartEvent&SD.StudioSession.CT=1781414324104&SD.UserSession.ID=B6A04371E73F40DBA3373E22122D8E7E&SD.UserSession.CT=1781414329595&SD.UserSession.MD.Type=Log
[2026-06-13 22:21:49] >> GET /studio/e.png?studioSid=6CC0A067-6251-498D-97D7-72F82332A8A5&clientID=1983CBC1-BFEF-4E46-A6E5-7574E69AA5BC&timestamp=1781414509300&userID=14463315&placeID=9991912465&category=Error&evt=QtMessage%5FWarning&label=QWindowsWindow%3A%3AsetGeometry%3A%20Unable%20to%20set%20geometry%201550x350%2B1%2B1%20%28frame%3A%201550x350%2B1%2B1%29%20on%20QWidgetWindow%2F%22QStackedWidgetClassWindow%22%20on%20%22%5C%5C%2E%5CDISPLAY1%22%2E%20Resulting%20geometry%3A%201920x991%2B0%2B0%20%28frame%3A%201920x991%2B0%2B0%29%20margins%3A%200%2C%200%2C%200%2C%200%29&value=0&SD.Platform.ID=39BD5212B7E147C4BB2598657C7226EC&SD.Platform.CT=1781414322384&SD.StudioSession.MD.Type=StartClient&SD.StudioSession.ID=6EA6A1942F214C57A6DE42308BCFC110&SD.Platform.MD.DebugVersion=FFlagStudioFlushDeferredEventsBlock%2C%20FFlagFixMissingStudioStartupSummaryEvent%2C%20FFlagFixWinStudioMissingStartEvent&SD.StudioSession.CT=1781414324104&SD.UserSession.ID=B6A04371E73F40DBA3373E22122D8E7E&SD.UserSession.CT=1781414329595&SD.UserSession.MD.Type=Logge
[2026-06-13 22:21:49] >> GET /studio/e.png?studioSid=6CC0A067-6251-498D-97D7-72F82332A8A5&clientID=1983CBC1-BFEF-4E46-A6E5-7574E69AA5BC&timestamp=1781414509301&userID=14463315&placeID=9991912465&category=Error&evt=QtMessage%5FWarning&label=QWindowsWindow%3A%3AsetGeometry%3A%20Unable%20to%20set%20geometry%201550x350%2B0%2B0%20%28frame%3A%201550x350%2B0%2B0%29%20on%20QWidgetWindow%2F%22QWidgetClassWindow%22%20on%20%22%5C%5C%2E%5CDISPLAY1%22%2E%20Resulting%20geometry%3A%201920x991%2B0%2B0%20%28frame%3A%201920x991%2B0%2B0%29%20margins%3A%200%2C%200%2C%200%2C%200%29&value=0&SD.Platform.ID=39BD5212B7E147C4BB2598657C7226EC&SD.Platform.CT=1781414322384&SD.StudioSession.MD.Type=StartClient&SD.StudioSession.ID=6EA6A1942F214C57A6DE42308BCFC110&SD.Platform.MD.DebugVersion=FFlagStudioFlushDeferredEventsBlock%2C%20FFlagFixMissingStudioStartupSummaryEvent%2C%20FFlagFixWinStudioMissingStartEvent&SD.StudioSession.CT=1781414324104&SD.UserSession.ID=B6A04371E73F40DBA3373E22122D8E7E&SD.UserSession.CT=1781414329595&SD.UserSession.MD.Type=LoggedIn&SD.
[2026-06-13 22:21:49] >> GET /studio/e.png?studioSid=6CC0A067-6251-498D-97D7-72F82332A8A5&clientID=1983CBC1-BFEF-4E46-A6E5-7574E69AA5BC&timestamp=1781414509302&userID=14463315&placeID=9991912465&category=Error&evt=QtMessage%5FWarning&label=QWindowsWindow%3A%3AsetGeometry%3A%20Unable%20to%20set%20geometry%201550x350%2B0%2B0%20%28frame%3A%201550x350%2B0%2B0%29%20on%20QWidgetWindow%2F%22QScrollAreaClassWindow%22%20on%20%22%5C%5C%2E%5CDISPLAY1%22%2E%20Resulting%20geometry%3A%201920x991%2B0%2B0%20%28frame%3A%201920x991%2B0%2B0%29%20margins%3A%200%2C%200%2C%200%2C%200%29&value=0&SD.Platform.ID=39BD5212B7E147C4BB2598657C7226EC&SD.Platform.CT=1781414322384&SD.StudioSession.MD.Type=StartClient&SD.StudioSession.ID=6EA6A1942F214C57A6DE42308BCFC110&SD.Platform.MD.DebugVersion=FFlagStudioFlushDeferredEventsBlock%2C%20FFlagFixMissingStudioStartupSummaryEvent%2C%20FFlagFixWinStudioMissingStartEvent&SD.StudioSession.CT=1781414324104&SD.UserSession.ID=B6A04371E73F40DBA3373E22122D8E7E&SD.UserSession.CT=1781414329595&SD.UserSession.MD.Type=LoggedIn
[2026-06-13 22:21:49] >> GET /studio/e.png?studioSid=6CC0A067-6251-498D-97D7-72F82332A8A5&clientID=1983CBC1-BFEF-4E46-A6E5-7574E69AA5BC&timestamp=1781414509303&userID=14463315&placeID=9991912465&category=Error&evt=QtMessage%5FWarning&label=QWindowsWindow%3A%3AsetGeometry%3A%20Unable%20to%20set%20geometry%201550x350%2B0%2B0%20%28frame%3A%201550x350%2B0%2B0%29%20on%20QWidgetWindow%2F%22qt%5Fscrollarea%5FviewportWindow%22%20on%20%22%5C%5C%2E%5CDISPLAY1%22%2E%20Resulting%20geometry%3A%201920x991%2B0%2B0%20%28frame%3A%201920x991%2B0%2B0%29%20margins%3A%200%2C%200%2C%200%2C%200%29&value=0&SD.Platform.ID=39BD5212B7E147C4BB2598657C7226EC&SD.Platform.CT=1781414322384&SD.StudioSession.MD.Type=StartClient&SD.StudioSession.ID=6EA6A1942F214C57A6DE42308BCFC110&SD.Platform.MD.DebugVersion=FFlagStudioFlushDeferredEventsBlock%2C%20FFlagFixMissingStudioStartupSummaryEvent%2C%20FFlagFixWinStudioMissingStartEvent&SD.StudioSession.CT=1781414324104&SD.UserSession.ID=B6A04371E73F40DBA3373E22122D8E7E&SD.UserSession.CT=1781414329595&SD.UserSession.MD.Typ
[2026-06-13 22:21:49] << /studio/e.png -> {}
[2026-06-13 22:21:49] << /studio/e.png -> {}
[2026-06-13 22:21:49] << /studio/e.png -> {}
[2026-06-13 22:21:50] << /studio/e.png -> {}
[2026-06-13 22:21:50] << /studio/e.png -> {}
[2026-06-13 22:21:50] << /studio/e.png -> {}
[2026-06-13 22:21:50] << /studio/e.png -> {}
[2026-06-13 22:21:50] << /studio/e.png -> {}
[2026-06-13 22:21:50] >> GET /studio/e.png?studioSid=6CC0A067-6251-498D-97D7-72F82332A8A5&clientID=1983CBC1-BFEF-4E46-A6E5-7574E69AA5BC&timestamp=1781414509303&userID=14463315&placeID=9991912465&category=Error&evt=QtMessage%5FWarning&label=QWindowsWindow%3A%3AsetGeometry%3A%20Unable%20to%20set%20geometry%201550x350%2B0%2B0%20%28frame%3A%201550x350%2B0%2B0%29%20on%20QWidgetWindow%2F%22QWidgetClassWindow%22%20on%20%22%5C%5C%2E%5CDISPLAY1%22%2E%20Resulting%20geometry%3A%201920x991%2B0%2B0%20%28frame%3A%201920x991%2B0%2B0%29%20margins%3A%200%2C%200%2C%200%2C%200%29&value=0&SD.Platform.ID=39BD5212B7E147C4BB2598657C7226EC&SD.Platform.CT=1781414322384&SD.StudioSession.MD.Type=StartClient&SD.StudioSession.ID=6EA6A1942F214C57A6DE42308BCFC110&SD.Platform.MD.DebugVersion=FFlagStudioFlushDeferredEventsBlock%2C%20FFlagFixMissingStudioStartupSummaryEvent%2C%20FFlagFixWinStudioMissingStartEvent&SD.StudioSession.CT=1781414324104&SD.UserSession.ID=B6A04371E73F40DBA3373E22122D8E7E&SD.UserSession.CT=1781414329595&SD.UserSession.MD.Type=LoggedIn&SD.
[2026-06-13 22:21:50] >> GET /studio/e.png?studioSid=6CC0A067-6251-498D-97D7-72F82332A8A5&clientID=1983CBC1-BFEF-4E46-A6E5-7574E69AA5BC&timestamp=1781414509304&userID=14463315&placeID=9991912465&category=Error&evt=QtMessage%5FWarning&label=QWindowsWindow%3A%3AsetGeometry%3A%20Unable%20to%20set%20geometry%201550x350%2B0%2B0%20%28frame%3A%201550x350%2B0%2B0%29%20on%20QWidgetWindow%2F%22QWidgetClassWindow%22%20on%20%22%5C%5C%2E%5CDISPLAY1%22%2E%20Resulting%20geometry%3A%201920x991%2B0%2B0%20%28frame%3A%201920x991%2B0%2B0%29%20margins%3A%200%2C%200%2C%200%2C%200%29&value=0&SD.Platform.ID=39BD5212B7E147C4BB2598657C7226EC&SD.Platform.CT=1781414322384&SD.StudioSession.MD.Type=StartClient&SD.StudioSession.ID=6EA6A1942F214C57A6DE42308BCFC110&SD.Platform.MD.DebugVersion=FFlagStudioFlushDeferredEventsBlock%2C%20FFlagFixMissingStudioStartupSummaryEvent%2C%20FFlagFixWinStudioMissingStartEvent&SD.StudioSession.CT=1781414324104&SD.UserSession.ID=B6A04371E73F40DBA3373E22122D8E7E&SD.UserSession.CT=1781414329595&SD.UserSession.MD.Type=LoggedIn&SD.
[2026-06-13 22:21:50] >> GET /studio/e.png?studioSid=6CC0A067-6251-498D-97D7-72F82332A8A5&clientID=1983CBC1-BFEF-4E46-A6E5-7574E69AA5BC&timestamp=1781414509305&userID=14463315&placeID=9991912465&category=Error&evt=QtMessage%5FWarning&label=QWindowsWindow%3A%3AsetGeometry%3A%20Unable%20to%20set%20geometry%201550x350%2B0%2B0%20%28frame%3A%201550x350%2B0%2B0%29%20on%20QWidgetWindow%2F%22QOgreWidgetWindow%22%20on%20%22%5C%5C%2E%5CDISPLAY1%22%2E%20Resulting%20geometry%3A%201920x991%2B0%2B0%20%28frame%3A%201920x991%2B0%2B0%29%20margins%3A%200%2C%200%2C%200%2C%200%29&value=0&SD.Platform.ID=39BD5212B7E147C4BB2598657C7226EC&SD.Platform.CT=1781414322384&SD.StudioSession.MD.Type=StartClient&SD.StudioSession.ID=6EA6A1942F214C57A6DE42308BCFC110&SD.Platform.MD.DebugVersion=FFlagStudioFlushDeferredEventsBlock%2C%20FFlagFixMissingStudioStartupSummaryEvent%2C%20FFlagFixWinStudioMissingStartEvent&SD.StudioSession.CT=1781414324104&SD.UserSession.ID=B6A04371E73F40DBA3373E22122D8E7E&SD.UserSession.CT=1781414329595&SD.UserSession.MD.Type=LoggedIn&SD.M
[2026-06-13 22:21:50] >> GET /studio/e.png?studioSid=6CC0A067-6251-498D-97D7-72F82332A8A5&clientID=1983CBC1-BFEF-4E46-A6E5-7574E69AA5BC&timestamp=1781414509328&userID=14463315&placeID=9991912465&category=Error&evt=QtMessage%5FWarning&label=QWindowsWindow%3A%3AsetGeometry%3A%20Unable%20to%20set%20geometry%201553x991%2B0%2B0%20%28frame%3A%201553x991%2B0%2B0%29%20on%20QWidgetWindow%2F%22Qtitan%3A%3ADockSplitLayoutPanelClassWindow%22%20on%20%22%5C%5C%2E%5CDISPLAY1%22%2E%20Resulting%20geometry%3A%201920x991%2B0%2B0%20%28frame%3A%201920x991%2B0%2B0%29%20margins%3A%200%2C%200%2C%200%2C%200%29&value=0&SD.Platform.ID=39BD5212B7E147C4BB2598657C7226EC&SD.Platform.CT=1781414322384&SD.StudioSession.MD.Type=StartClient&SD.StudioSession.ID=6EA6A1942F214C57A6DE42308BCFC110&SD.Platform.MD.DebugVersion=FFlagStudioFlushDeferredEventsBlock%2C%20FFlagFixMissingStudioStartupSummaryEvent%2C%20FFlagFixWinStudioMissingStartEvent&SD.StudioSession.CT=1781414324104&SD.UserSession.ID=B6A04371E73F40DBA3373E22122D8E7E&SD.UserSession.CT=1781414329595&SD.UserSes
[2026-06-13 22:21:50] >> GET /studio/e.png?studioSid=6CC0A067-6251-498D-97D7-72F82332A8A5&clientID=1983CBC1-BFEF-4E46-A6E5-7574E69AA5BC&timestamp=1781414509329&userID=14463315&placeID=9991912465&category=Error&evt=QtMessage%5FWarning&label=QWindowsWindow%3A%3AsetGeometry%3A%20Unable%20to%20set%20geometry%201553x991%2B0%2B0%20%28frame%3A%201553x991%2B0%2B0%29%20on%20QWidgetWindow%2F%22Qtitan%3A%3ADockSplitLayoutPanelClassWindow%22%20on%20%22%5C%5C%2E%5CDISPLAY1%22%2E%20Resulting%20geometry%3A%201920x991%2B0%2B0%20%28frame%3A%201920x991%2B0%2B0%29%20margins%3A%200%2C%200%2C%200%2C%200%29&value=0&SD.Platform.ID=39BD5212B7E147C4BB2598657C7226EC&SD.Platform.CT=1781414322384&SD.StudioSession.MD.Type=StartClient&SD.StudioSession.ID=6EA6A1942F214C57A6DE42308BCFC110&SD.Platform.MD.DebugVersion=FFlagStudioFlushDeferredEventsBlock%2C%20FFlagFixMissingStudioStartupSummaryEvent%2C%20FFlagFixWinStudioMissingStartEvent&SD.StudioSession.CT=1781414324104&SD.UserSession.ID=B6A04371E73F40DBA3373E22122D8E7E&SD.UserSession.CT=1781414329595&SD.UserSes
[2026-06-13 22:21:50] >> GET /studio/e.png?studioSid=6CC0A067-6251-498D-97D7-72F82332A8A5&clientID=1983CBC1-BFEF-4E46-A6E5-7574E69AA5BC&timestamp=1781414509329&userID=14463315&placeID=9991912465&category=Error&evt=QtMessage%5FWarning&label=QWindowsWindow%3A%3AsetGeometry%3A%20Unable%20to%20set%20geometry%201553x991%2B0%2B0%20%28frame%3A%201553x991%2B0%2B0%29%20on%20QWidgetWindow%2F%22Qtitan%3A%3ADockSplitLayoutPanelClassWindow%22%20on%20%22%5C%5C%2E%5CDISPLAY1%22%2E%20Resulting%20geometry%3A%201920x991%2B0%2B0%20%28frame%3A%201920x991%2B0%2B0%29%20margins%3A%200%2C%200%2C%200%2C%200%29&value=0&SD.Platform.ID=39BD5212B7E147C4BB2598657C7226EC&SD.Platform.CT=1781414322384&SD.StudioSession.MD.Type=StartClient&SD.StudioSession.ID=6EA6A1942F214C57A6DE42308BCFC110&SD.Platform.MD.DebugVersion=FFlagStudioFlushDeferredEventsBlock%2C%20FFlagFixMissingStudioStartupSummaryEvent%2C%20FFlagFixWinStudioMissingStartEvent&SD.StudioSession.CT=1781414324104&SD.UserSession.ID=B6A04371E73F40DBA3373E22122D8E7E&SD.UserSession.CT=1781414329595&SD.UserSes
[2026-06-13 22:21:50] >> GET /studio/e.png?studioSid=6CC0A067-6251-498D-97D7-72F82332A8A5&clientID=1983CBC1-BFEF-4E46-A6E5-7574E69AA5BC&timestamp=1781414509329&userID=14463315&placeID=9991912465&category=Error&evt=QtMessage%5FWarning&label=QWindowsWindow%3A%3AsetGeometry%3A%20Unable%20to%20set%20geometry%201553x991%2B0%2B0%20%28frame%3A%201553x991%2B0%2B0%29%20on%20QWidgetWindow%2F%22Qtitan%3A%3ADockSplitLayoutPanelClassWindow%22%20on%20%22%5C%5C%2E%5CDISPLAY1%22%2E%20Resulting%20geometry%3A%201920x991%2B0%2B0%20%28frame%3A%201920x991%2B0%2B0%29%20margins%3A%200%2C%200%2C%200%2C%200%29&value=0&SD.Platform.ID=39BD5212B7E147C4BB2598657C7226EC&SD.Platform.CT=1781414322384&SD.StudioSession.MD.Type=StartClient&SD.StudioSession.ID=6EA6A1942F214C57A6DE42308BCFC110&SD.Platform.MD.DebugVersion=FFlagStudioFlushDeferredEventsBlock%2C%20FFlagFixMissingStudioStartupSummaryEvent%2C%20FFlagFixWinStudioMissingStartEvent&SD.StudioSession.CT=1781414324104&SD.UserSession.ID=B6A04371E73F40DBA3373E22122D8E7E&SD.UserSession.CT=1781414329595&SD.UserSes
[2026-06-13 22:21:50] >> GET /studio/e.png?studioSid=6CC0A067-6251-498D-97D7-72F82332A8A5&clientID=1983CBC1-BFEF-4E46-A6E5-7574E69AA5BC&timestamp=1781414509329&userID=14463315&placeID=9991912465&category=Error&evt=QtMessage%5FWarning&label=QWindowsWindow%3A%3AsetGeometry%3A%20Unable%20to%20set%20geometry%201553x991%2B0%2B0%20%28frame%3A%201553x991%2B0%2B0%29%20on%20QWidgetWindow%2F%22Qtitan%3A%3ADockSplitLayoutPanelClassWindow%22%20on%20%22%5C%5C%2E%5CDISPLAY1%22%2E%20Resulting%20geometry%3A%201920x991%2B0%2B0%20%28frame%3A%201920x991%2B0%2B0%29%20margins%3A%200%2C%200%2C%200%2C%200%29&value=0&SD.Platform.ID=39BD5212B7E147C4BB2598657C7226EC&SD.Platform.CT=1781414322384&SD.StudioSession.MD.Type=StartClient&SD.StudioSession.ID=6EA6A1942F214C57A6DE42308BCFC110&SD.Platform.MD.DebugVersion=FFlagStudioFlushDeferredEventsBlock%2C%20FFlagFixMissingStudioStartupSummaryEvent%2C%20FFlagFixWinStudioMissingStartEvent&SD.StudioSession.CT=1781414324104&SD.UserSession.ID=B6A04371E73F40DBA3373E22122D8E7E&SD.UserSession.CT=1781414329595&SD.UserSes
[2026-06-13 22:21:50] << /studio/e.png -> {}
[2026-06-13 22:21:50] << /studio/e.png -> {}
[2026-06-13 22:21:50] << /studio/e.png -> {}
[2026-06-13 22:21:50] << /studio/e.png -> {}
[2026-06-13 22:21:50] << /studio/e.png -> {}
[2026-06-13 22:21:50] << /studio/e.png -> {}
[2026-06-13 22:21:50] << /studio/e.png -> {}
[2026-06-13 22:21:50] << /studio/e.png -> {}
[2026-06-13 22:21:50] >> GET /studio/e.png?studioSid=6CC0A067-6251-498D-97D7-72F82332A8A5&clientID=1983CBC1-BFEF-4E46-A6E5-7574E69AA5BC&timestamp=1781414509330&userID=14463315&placeID=9991912465&category=Error&evt=QtMessage%5FWarning&label=QWindowsWindow%3A%3AsetGeometry%3A%20Unable%20to%20set%20geometry%201553x991%2B0%2B0%20%28frame%3A%201553x991%2B0%2B0%29%20on%20QWidgetWindow%2F%22Qtitan%3A%3ADockDocumentLayoutPanelClassWindow%22%20on%20%22%5C%5C%2E%5CDISPLAY1%22%2E%20Resulting%20geometry%3A%201920x991%2B0%2B0%20%28frame%3A%201920x991%2B0%2B0%29%20margins%3A%200%2C%200%2C%200%2C%200%29&value=0&SD.Platform.ID=39BD5212B7E147C4BB2598657C7226EC&SD.Platform.CT=1781414322384&SD.StudioSession.MD.Type=StartClient&SD.StudioSession.ID=6EA6A1942F214C57A6DE42308BCFC110&SD.Platform.MD.DebugVersion=FFlagStudioFlushDeferredEventsBlock%2C%20FFlagFixMissingStudioStartupSummaryEvent%2C%20FFlagFixWinStudioMissingStartEvent&SD.StudioSession.CT=1781414324104&SD.UserSession.ID=B6A04371E73F40DBA3373E22122D8E7E&SD.UserSession.CT=1781414329595&SD.User
[2026-06-13 22:21:50] >> GET /studio/e.png?studioSid=6CC0A067-6251-498D-97D7-72F82332A8A5&clientID=1983CBC1-BFEF-4E46-A6E5-7574E69AA5BC&timestamp=1781414509330&userID=14463315&placeID=9991912465&category=Error&evt=QtMessage%5FWarning&label=QWindowsWindow%3A%3AsetGeometry%3A%20Unable%20to%20set%20geometry%201553x428%2B0%2B0%20%28frame%3A%201553x428%2B0%2B0%29%20on%20QWidgetWindow%2F%22Qtitan%3A%3ADockDocumentTabbedLayoutPanelClassWindow%22%20on%20%22%5C%5C%2E%5CDISPLAY1%22%2E%20Resulting%20geometry%3A%201920x991%2B0%2B0%20%28frame%3A%201920x991%2B0%2B0%29%20margins%3A%200%2C%200%2C%200%2C%200%29&value=0&SD.Platform.ID=39BD5212B7E147C4BB2598657C7226EC&SD.Platform.CT=1781414322384&SD.StudioSession.MD.Type=StartClient&SD.StudioSession.ID=6EA6A1942F214C57A6DE42308BCFC110&SD.Platform.MD.DebugVersion=FFlagStudioFlushDeferredEventsBlock%2C%20FFlagFixMissingStudioStartupSummaryEvent%2C%20FFlagFixWinStudioMissingStartEvent&SD.StudioSession.CT=1781414324104&SD.UserSession.ID=B6A04371E73F40DBA3373E22122D8E7E&SD.UserSession.CT=1781414329595&S
[2026-06-13 22:21:50] >> GET /studio/e.png?studioSid=6CC0A067-6251-498D-97D7-72F82332A8A5&clientID=1983CBC1-BFEF-4E46-A6E5-7574E69AA5BC&timestamp=1781414509331&userID=14463315&placeID=9991912465&category=Error&evt=QtMessage%5FWarning&label=QWindowsWindow%3A%3AsetGeometry%3A%20Unable%20to%20set%20geometry%201553x398%2B0%2B30%20%28frame%3A%201553x398%2B0%2B30%29%20on%20QWidgetWindow%2F%22ideDocDocumentPanelWindow%22%20on%20%22%5C%5C%2E%5CDISPLAY1%22%2E%20Resulting%20geometry%3A%201920x991%2B0%2B0%20%28frame%3A%201920x991%2B0%2B0%29%20margins%3A%200%2C%200%2C%200%2C%200%29&value=0&SD.Platform.ID=39BD5212B7E147C4BB2598657C7226EC&SD.Platform.CT=1781414322384&SD.StudioSession.MD.Type=StartClient&SD.StudioSession.ID=6EA6A1942F214C57A6DE42308BCFC110&SD.Platform.MD.DebugVersion=FFlagStudioFlushDeferredEventsBlock%2C%20FFlagFixMissingStudioStartupSummaryEvent%2C%20FFlagFixWinStudioMissingStartEvent&SD.StudioSession.CT=1781414324104&SD.UserSession.ID=B6A04371E73F40DBA3373E22122D8E7E&SD.UserSession.CT=1781414329595&SD.UserSession.MD.Type=Log
[2026-06-13 22:21:50] >> GET /studio/e.png?studioSid=6CC0A067-6251-498D-97D7-72F82332A8A5&clientID=1983CBC1-BFEF-4E46-A6E5-7574E69AA5BC&timestamp=1781414509331&userID=14463315&placeID=9991912465&category=Error&evt=QtMessage%5FWarning&label=QWindowsWindow%3A%3AsetGeometry%3A%20Unable%20to%20set%20geometry%201550x395%2B1%2B1%20%28frame%3A%201550x395%2B1%2B1%29%20on%20QWidgetWindow%2F%22QStackedWidgetClassWindow%22%20on%20%22%5C%5C%2E%5CDISPLAY1%22%2E%20Resulting%20geometry%3A%201920x991%2B0%2B0%20%28frame%3A%201920x991%2B0%2B0%29%20margins%3A%200%2C%200%2C%200%2C%200%29&value=0&SD.Platform.ID=39BD5212B7E147C4BB2598657C7226EC&SD.Platform.CT=1781414322384&SD.StudioSession.MD.Type=StartClient&SD.StudioSession.ID=6EA6A1942F214C57A6DE42308BCFC110&SD.Platform.MD.DebugVersion=FFlagStudioFlushDeferredEventsBlock%2C%20FFlagFixMissingStudioStartupSummaryEvent%2C%20FFlagFixWinStudioMissingStartEvent&SD.StudioSession.CT=1781414324104&SD.UserSession.ID=B6A04371E73F40DBA3373E22122D8E7E&SD.UserSession.CT=1781414329595&SD.UserSession.MD.Type=Logge
[2026-06-13 22:21:50] >> GET /studio/e.png?studioSid=6CC0A067-6251-498D-97D7-72F82332A8A5&clientID=1983CBC1-BFEF-4E46-A6E5-7574E69AA5BC&timestamp=1781414509331&userID=14463315&placeID=9991912465&category=Error&evt=QtMessage%5FWarning&label=QWindowsWindow%3A%3AsetGeometry%3A%20Unable%20to%20set%20geometry%201550x395%2B0%2B0%20%28frame%3A%201550x395%2B0%2B0%29%20on%20QWidgetWindow%2F%22QWidgetClassWindow%22%20on%20%22%5C%5C%2E%5CDISPLAY1%22%2E%20Resulting%20geometry%3A%201920x991%2B0%2B0%20%28frame%3A%201920x991%2B0%2B0%29%20margins%3A%200%2C%200%2C%200%2C%200%29&value=0&SD.Platform.ID=39BD5212B7E147C4BB2598657C7226EC&SD.Platform.CT=1781414322384&SD.StudioSession.MD.Type=StartClient&SD.StudioSession.ID=6EA6A1942F214C57A6DE42308BCFC110&SD.Platform.MD.DebugVersion=FFlagStudioFlushDeferredEventsBlock%2C%20FFlagFixMissingStudioStartupSummaryEvent%2C%20FFlagFixWinStudioMissingStartEvent&SD.StudioSession.CT=1781414324104&SD.UserSession.ID=B6A04371E73F40DBA3373E22122D8E7E&SD.UserSession.CT=1781414329595&SD.UserSession.MD.Type=LoggedIn&SD.
[2026-06-13 22:21:50] >> GET /studio/e.png?studioSid=6CC0A067-6251-498D-97D7-72F82332A8A5&clientID=1983CBC1-BFEF-4E46-A6E5-7574E69AA5BC&timestamp=1781414509332&userID=14463315&placeID=9991912465&category=Error&evt=QtMessage%5FWarning&label=QWindowsWindow%3A%3AsetGeometry%3A%20Unable%20to%20set%20geometry%201550x395%2B0%2B0%20%28frame%3A%201550x395%2B0%2B0%29%20on%20QWidgetWindow%2F%22QScrollAreaClassWindow%22%20on%20%22%5C%5C%2E%5CDISPLAY1%22%2E%20Resulting%20geometry%3A%201920x991%2B0%2B0%20%28frame%3A%201920x991%2B0%2B0%29%20margins%3A%200%2C%200%2C%200%2C%200%29&value=0&SD.Platform.ID=39BD5212B7E147C4BB2598657C7226EC&SD.Platform.CT=1781414322384&SD.StudioSession.MD.Type=StartClient&SD.StudioSession.ID=6EA6A1942F214C57A6DE42308BCFC110&SD.Platform.MD.DebugVersion=FFlagStudioFlushDeferredEventsBlock%2C%20FFlagFixMissingStudioStartupSummaryEvent%2C%20FFlagFixWinStudioMissingStartEvent&SD.StudioSession.CT=1781414324104&SD.UserSession.ID=B6A04371E73F40DBA3373E22122D8E7E&SD.UserSession.CT=1781414329595&SD.UserSession.MD.Type=LoggedIn
[2026-06-13 22:21:50] >> GET /studio/e.png?studioSid=6CC0A067-6251-498D-97D7-72F82332A8A5&clientID=1983CBC1-BFEF-4E46-A6E5-7574E69AA5BC&timestamp=1781414509332&userID=14463315&placeID=9991912465&category=Error&evt=QtMessage%5FWarning&label=QWindowsWindow%3A%3AsetGeometry%3A%20Unable%20to%20set%20geometry%201550x395%2B0%2B0%20%28frame%3A%201550x395%2B0%2B0%29%20on%20QWidgetWindow%2F%22qt%5Fscrollarea%5FviewportWindow%22%20on%20%22%5C%5C%2E%5CDISPLAY1%22%2E%20Resulting%20geometry%3A%201920x991%2B0%2B0%20%28frame%3A%201920x991%2B0%2B0%29%20margins%3A%200%2C%200%2C%200%2C%200%29&value=0&SD.Platform.ID=39BD5212B7E147C4BB2598657C7226EC&SD.Platform.CT=1781414322384&SD.StudioSession.MD.Type=StartClient&SD.StudioSession.ID=6EA6A1942F214C57A6DE42308BCFC110&SD.Platform.MD.DebugVersion=FFlagStudioFlushDeferredEventsBlock%2C%20FFlagFixMissingStudioStartupSummaryEvent%2C%20FFlagFixWinStudioMissingStartEvent&SD.StudioSession.CT=1781414324104&SD.UserSession.ID=B6A04371E73F40DBA3373E22122D8E7E&SD.UserSession.CT=1781414329595&SD.UserSession.MD.Typ
[2026-06-13 22:21:50] >> GET /studio/e.png?studioSid=6CC0A067-6251-498D-97D7-72F82332A8A5&clientID=1983CBC1-BFEF-4E46-A6E5-7574E69AA5BC&timestamp=1781414509332&userID=14463315&placeID=9991912465&category=Error&evt=QtMessage%5FWarning&label=QWindowsWindow%3A%3AsetGeometry%3A%20Unable%20to%20set%20geometry%201550x395%2B0%2B0%20%28frame%3A%201550x395%2B0%2B0%29%20on%20QWidgetWindow%2F%22QWidgetClassWindow%22%20on%20%22%5C%5C%2E%5CDISPLAY1%22%2E%20Resulting%20geometry%3A%201920x991%2B0%2B0%20%28frame%3A%201920x991%2B0%2B0%29%20margins%3A%200%2C%200%2C%200%2C%200%29&value=0&SD.Platform.ID=39BD5212B7E147C4BB2598657C7226EC&SD.Platform.CT=1781414322384&SD.StudioSession.MD.Type=StartClient&SD.StudioSession.ID=6EA6A1942F214C57A6DE42308BCFC110&SD.Platform.MD.DebugVersion=FFlagStudioFlushDeferredEventsBlock%2C%20FFlagFixMissingStudioStartupSummaryEvent%2C%20FFlagFixWinStudioMissingStartEvent&SD.StudioSession.CT=1781414324104&SD.UserSession.ID=B6A04371E73F40DBA3373E22122D8E7E&SD.UserSession.CT=1781414329595&SD.UserSession.MD.Type=LoggedIn&SD.
[2026-06-13 22:21:50] << /studio/e.png -> {}
[2026-06-13 22:21:50] << /studio/e.png -> {}
[2026-06-13 22:21:50] << /studio/e.png -> {}
[2026-06-13 22:21:50] << /studio/e.png -> {}
[2026-06-13 22:21:50] << /studio/e.png -> {}
[2026-06-13 22:21:50] << /studio/e.png -> {}
[2026-06-13 22:21:50] << /studio/e.png -> {}
[2026-06-13 22:21:50] << /studio/e.png -> {}
[2026-06-13 22:21:51] >> GET /studio/e.png?studioSid=6CC0A067-6251-498D-97D7-72F82332A8A5&clientID=1983CBC1-BFEF-4E46-A6E5-7574E69AA5BC&timestamp=1781414509333&userID=14463315&placeID=9991912465&category=Error&evt=QtMessage%5FWarning&label=QWindowsWindow%3A%3AsetGeometry%3A%20Unable%20to%20set%20geometry%201550x395%2B0%2B0%20%28frame%3A%201550x395%2B0%2B0%29%20on%20QWidgetWindow%2F%22QWidgetClassWindow%22%20on%20%22%5C%5C%2E%5CDISPLAY1%22%2E%20Resulting%20geometry%3A%201920x991%2B0%2B0%20%28frame%3A%201920x991%2B0%2B0%29%20margins%3A%200%2C%200%2C%200%2C%200%29&value=0&SD.Platform.ID=39BD5212B7E147C4BB2598657C7226EC&SD.Platform.CT=1781414322384&SD.StudioSession.MD.Type=StartClient&SD.StudioSession.ID=6EA6A1942F214C57A6DE42308BCFC110&SD.Platform.MD.DebugVersion=FFlagStudioFlushDeferredEventsBlock%2C%20FFlagFixMissingStudioStartupSummaryEvent%2C%20FFlagFixWinStudioMissingStartEvent&SD.StudioSession.CT=1781414324104&SD.UserSession.ID=B6A04371E73F40DBA3373E22122D8E7E&SD.UserSession.CT=1781414329595&SD.UserSession.MD.Type=LoggedIn&SD.
[2026-06-13 22:21:51] >> GET /studio/e.png?studioSid=6CC0A067-6251-498D-97D7-72F82332A8A5&clientID=1983CBC1-BFEF-4E46-A6E5-7574E69AA5BC&timestamp=1781414509333&userID=14463315&placeID=9991912465&category=Error&evt=QtMessage%5FWarning&label=QWindowsWindow%3A%3AsetGeometry%3A%20Unable%20to%20set%20geometry%201550x395%2B0%2B0%20%28frame%3A%201550x395%2B0%2B0%29%20on%20QWidgetWindow%2F%22QOgreWidgetWindow%22%20on%20%22%5C%5C%2E%5CDISPLAY1%22%2E%20Resulting%20geometry%3A%201920x991%2B0%2B0%20%28frame%3A%201920x991%2B0%2B0%29%20margins%3A%200%2C%200%2C%200%2C%200%29&value=0&SD.Platform.ID=39BD5212B7E147C4BB2598657C7226EC&SD.Platform.CT=1781414322384&SD.StudioSession.MD.Type=StartClient&SD.StudioSession.ID=6EA6A1942F214C57A6DE42308BCFC110&SD.Platform.MD.DebugVersion=FFlagStudioFlushDeferredEventsBlock%2C%20FFlagFixMissingStudioStartupSummaryEvent%2C%20FFlagFixWinStudioMissingStartEvent&SD.StudioSession.CT=1781414324104&SD.UserSession.ID=B6A04371E73F40DBA3373E22122D8E7E&SD.UserSession.CT=1781414329595&SD.UserSession.MD.Type=LoggedIn&SD.M
[2026-06-13 22:21:51] >> GET /studio/e.png?studioSid=6CC0A067-6251-498D-97D7-72F82332A8A5&clientID=1983CBC1-BFEF-4E46-A6E5-7574E69AA5BC&timestamp=1781414509351&userID=14463315&placeID=9991912465&category=Error&evt=QtMessage%5FWarning&label=QWindowsWindow%3A%3AsetGeometry%3A%20Unable%20to%20set%20geometry%201918x989%2B1%2B1%20%28frame%3A%201918x989%2B1%2B1%29%20on%20QWidgetWindow%2F%22QStackedWidgetClassWindow%22%20on%20%22%5C%5C%2E%5CDISPLAY1%22%2E%20Resulting%20geometry%3A%201920x991%2B0%2B0%20%28frame%3A%201920x991%2B0%2B0%29%20margins%3A%200%2C%200%2C%200%2C%200%29&value=0&SD.Platform.ID=39BD5212B7E147C4BB2598657C7226EC&SD.Platform.CT=1781414322384&SD.StudioSession.MD.Type=StartClient&SD.StudioSession.ID=6EA6A1942F214C57A6DE42308BCFC110&SD.Platform.MD.DebugVersion=FFlagStudioFlushDeferredEventsBlock%2C%20FFlagFixMissingStudioStartupSummaryEvent%2C%20FFlagFixWinStudioMissingStartEvent&SD.StudioSession.CT=1781414324104&SD.UserSession.ID=B6A04371E73F40DBA3373E22122D8E7E&SD.UserSession.CT=1781414329595&SD.UserSession.MD.Type=Logge
[2026-06-13 22:21:51] >> GET /studio/e.png?studioSid=6CC0A067-6251-498D-97D7-72F82332A8A5&clientID=1983CBC1-BFEF-4E46-A6E5-7574E69AA5BC&timestamp=1781414509352&userID=14463315&placeID=9991912465&category=Error&evt=QtMessage%5FWarning&label=QWindowsWindow%3A%3AsetGeometry%3A%20Unable%20to%20set%20geometry%201918x989%2B0%2B0%20%28frame%3A%201918x989%2B0%2B0%29%20on%20QWidgetWindow%2F%22QWidgetClassWindow%22%20on%20%22%5C%5C%2E%5CDISPLAY1%22%2E%20Resulting%20geometry%3A%201920x991%2B0%2B0%20%28frame%3A%201920x991%2B0%2B0%29%20margins%3A%200%2C%200%2C%200%2C%200%29&value=0&SD.Platform.ID=39BD5212B7E147C4BB2598657C7226EC&SD.Platform.CT=1781414322384&SD.StudioSession.MD.Type=StartClient&SD.StudioSession.ID=6EA6A1942F214C57A6DE42308BCFC110&SD.Platform.MD.DebugVersion=FFlagStudioFlushDeferredEventsBlock%2C%20FFlagFixMissingStudioStartupSummaryEvent%2C%20FFlagFixWinStudioMissingStartEvent&SD.StudioSession.CT=1781414324104&SD.UserSession.ID=B6A04371E73F40DBA3373E22122D8E7E&SD.UserSession.CT=1781414329595&SD.UserSession.MD.Type=LoggedIn&SD.
[2026-06-13 22:21:51] >> GET /studio/e.png?studioSid=6CC0A067-6251-498D-97D7-72F82332A8A5&clientID=1983CBC1-BFEF-4E46-A6E5-7574E69AA5BC&timestamp=1781414509352&userID=14463315&placeID=9991912465&category=Error&evt=QtMessage%5FWarning&label=QWindowsWindow%3A%3AsetGeometry%3A%20Unable%20to%20set%20geometry%201918x989%2B0%2B0%20%28frame%3A%201918x989%2B0%2B0%29%20on%20QWidgetWindow%2F%22QScrollAreaClassWindow%22%20on%20%22%5C%5C%2E%5CDISPLAY1%22%2E%20Resulting%20geometry%3A%201920x991%2B0%2B0%20%28frame%3A%201920x991%2B0%2B0%29%20margins%3A%200%2C%200%2C%200%2C%200%29&value=0&SD.Platform.ID=39BD5212B7E147C4BB2598657C7226EC&SD.Platform.CT=1781414322384&SD.StudioSession.MD.Type=StartClient&SD.StudioSession.ID=6EA6A1942F214C57A6DE42308BCFC110&SD.Platform.MD.DebugVersion=FFlagStudioFlushDeferredEventsBlock%2C%20FFlagFixMissingStudioStartupSummaryEvent%2C%20FFlagFixWinStudioMissingStartEvent&SD.StudioSession.CT=1781414324104&SD.UserSession.ID=B6A04371E73F40DBA3373E22122D8E7E&SD.UserSession.CT=1781414329595&SD.UserSession.MD.Type=LoggedIn
[2026-06-13 22:21:51] >> GET /studio/e.png?studioSid=6CC0A067-6251-498D-97D7-72F82332A8A5&clientID=1983CBC1-BFEF-4E46-A6E5-7574E69AA5BC&timestamp=1781414509352&userID=14463315&placeID=9991912465&category=Error&evt=QtMessage%5FWarning&label=QWindowsWindow%3A%3AsetGeometry%3A%20Unable%20to%20set%20geometry%201918x989%2B0%2B0%20%28frame%3A%201918x989%2B0%2B0%29%20on%20QWidgetWindow%2F%22qt%5Fscrollarea%5FviewportWindow%22%20on%20%22%5C%5C%2E%5CDISPLAY1%22%2E%20Resulting%20geometry%3A%201920x991%2B0%2B0%20%28frame%3A%201920x991%2B0%2B0%29%20margins%3A%200%2C%200%2C%200%2C%200%29&value=0&SD.Platform.ID=39BD5212B7E147C4BB2598657C7226EC&SD.Platform.CT=1781414322384&SD.StudioSession.MD.Type=StartClient&SD.StudioSession.ID=6EA6A1942F214C57A6DE42308BCFC110&SD.Platform.MD.DebugVersion=FFlagStudioFlushDeferredEventsBlock%2C%20FFlagFixMissingStudioStartupSummaryEvent%2C%20FFlagFixWinStudioMissingStartEvent&SD.StudioSession.CT=1781414324104&SD.UserSession.ID=B6A04371E73F40DBA3373E22122D8E7E&SD.UserSession.CT=1781414329595&SD.UserSession.MD.Typ
[2026-06-13 22:21:51] >> GET /studio/e.png?studioSid=6CC0A067-6251-498D-97D7-72F82332A8A5&clientID=1983CBC1-BFEF-4E46-A6E5-7574E69AA5BC&timestamp=1781414509353&userID=14463315&placeID=9991912465&category=Error&evt=QtMessage%5FWarning&label=QWindowsWindow%3A%3AsetGeometry%3A%20Unable%20to%20set%20geometry%201918x989%2B0%2B0%20%28frame%3A%201918x989%2B0%2B0%29%20on%20QWidgetWindow%2F%22QWidgetClassWindow%22%20on%20%22%5C%5C%2E%5CDISPLAY1%22%2E%20Resulting%20geometry%3A%201920x991%2B0%2B0%20%28frame%3A%201920x991%2B0%2B0%29%20margins%3A%200%2C%200%2C%200%2C%200%29&value=0&SD.Platform.ID=39BD5212B7E147C4BB2598657C7226EC&SD.Platform.CT=1781414322384&SD.StudioSession.MD.Type=StartClient&SD.StudioSession.ID=6EA6A1942F214C57A6DE42308BCFC110&SD.Platform.MD.DebugVersion=FFlagStudioFlushDeferredEventsBlock%2C%20FFlagFixMissingStudioStartupSummaryEvent%2C%20FFlagFixWinStudioMissingStartEvent&SD.StudioSession.CT=1781414324104&SD.UserSession.ID=B6A04371E73F40DBA3373E22122D8E7E&SD.UserSession.CT=1781414329595&SD.UserSession.MD.Type=LoggedIn&SD.
[2026-06-13 22:21:51] >> GET /studio/e.png?studioSid=6CC0A067-6251-498D-97D7-72F82332A8A5&clientID=1983CBC1-BFEF-4E46-A6E5-7574E69AA5BC&timestamp=1781414509353&userID=14463315&placeID=9991912465&category=Error&evt=QtMessage%5FWarning&label=QWindowsWindow%3A%3AsetGeometry%3A%20Unable%20to%20set%20geometry%201918x989%2B0%2B0%20%28frame%3A%201918x989%2B0%2B0%29%20on%20QWidgetWindow%2F%22QWidgetClassWindow%22%20on%20%22%5C%5C%2E%5CDISPLAY1%22%2E%20Resulting%20geometry%3A%201920x991%2B0%2B0%20%28frame%3A%201920x991%2B0%2B0%29%20margins%3A%200%2C%200%2C%200%2C%200%29&value=0&SD.Platform.ID=39BD5212B7E147C4BB2598657C7226EC&SD.Platform.CT=1781414322384&SD.StudioSession.MD.Type=StartClient&SD.StudioSession.ID=6EA6A1942F214C57A6DE42308BCFC110&SD.Platform.MD.DebugVersion=FFlagStudioFlushDeferredEventsBlock%2C%20FFlagFixMissingStudioStartupSummaryEvent%2C%20FFlagFixWinStudioMissingStartEvent&SD.StudioSession.CT=1781414324104&SD.UserSession.ID=B6A04371E73F40DBA3373E22122D8E7E&SD.UserSession.CT=1781414329595&SD.UserSession.MD.Type=LoggedIn&SD.
[2026-06-13 22:21:51] << /studio/e.png -> {}
[2026-06-13 22:21:51] << /studio/e.png -> {}
[2026-06-13 22:21:51] << /studio/e.png -> {}
[2026-06-13 22:21:51] << /studio/e.png -> {}
[2026-06-13 22:21:51] << /studio/e.png -> {}
[2026-06-13 22:21:51] << /studio/e.png -> {}
[2026-06-13 22:21:51] << /studio/e.png -> {}
[2026-06-13 22:21:51] << /studio/e.png -> {}
[2026-06-13 22:21:51] >> GET /studio/e.png?studioSid=6CC0A067-6251-498D-97D7-72F82332A8A5&clientID=1983CBC1-BFEF-4E46-A6E5-7574E69AA5BC&timestamp=1781414509353&userID=14463315&placeID=9991912465&category=Error&evt=QtMessage%5FWarning&label=QWindowsWindow%3A%3AsetGeometry%3A%20Unable%20to%20set%20geometry%201918x989%2B0%2B0%20%28frame%3A%201918x989%2B0%2B0%29%20on%20QWidgetWindow%2F%22QOgreWidgetWindow%22%20on%20%22%5C%5C%2E%5CDISPLAY1%22%2E%20Resulting%20geometry%3A%201920x991%2B0%2B0%20%28frame%3A%201920x991%2B0%2B0%29%20margins%3A%200%2C%200%2C%200%2C%200%29&value=0&SD.Platform.ID=39BD5212B7E147C4BB2598657C7226EC&SD.Platform.CT=1781414322384&SD.StudioSession.MD.Type=StartClient&SD.StudioSession.ID=6EA6A1942F214C57A6DE42308BCFC110&SD.Platform.MD.DebugVersion=FFlagStudioFlushDeferredEventsBlock%2C%20FFlagFixMissingStudioStartupSummaryEvent%2C%20FFlagFixWinStudioMissingStartEvent&SD.StudioSession.CT=1781414324104&SD.UserSession.ID=B6A04371E73F40DBA3373E22122D8E7E&SD.UserSession.CT=1781414329595&SD.UserSession.MD.Type=LoggedIn&SD.M
[2026-06-13 22:21:51] >> GET /studio/e.png?studioSid=6CC0A067-6251-498D-97D7-72F82332A8A5&clientID=1983CBC1-BFEF-4E46-A6E5-7574E69AA5BC&timestamp=1781414509458&userID=14463315&placeID=9991912465&category=Error&evt=QtMessage%5FWarning&label=QWindowsWindow%3A%3AsetGeometry%3A%20Unable%20to%20set%20geometry%201920x886%2B0%2B35%20%28frame%3A%201920x886%2B0%2B35%29%20on%20QWidgetWindow%2F%22RootWidgetWindow%22%20on%20%22%5C%5C%2E%5CDISPLAY1%22%2E%20Resulting%20geometry%3A%201920x991%2B0%2B0%20%28frame%3A%201920x991%2B0%2B0%29%20margins%3A%200%2C%200%2C%200%2C%200%29&value=0&SD.Platform.ID=39BD5212B7E147C4BB2598657C7226EC&SD.Platform.CT=1781414322384&SD.StudioSession.MD.Type=StartClient&SD.StudioSession.ID=6EA6A1942F214C57A6DE42308BCFC110&SD.Platform.MD.DebugVersion=FFlagStudioFlushDeferredEventsBlock%2C%20FFlagFixMissingStudioStartupSummaryEvent%2C%20FFlagFixWinStudioMissingStartEvent&SD.StudioSession.CT=1781414324104&SD.UserSession.ID=B6A04371E73F40DBA3373E22122D8E7E&SD.UserSession.CT=1781414329595&SD.UserSession.MD.Type=LoggedIn&SD.
[2026-06-13 22:21:51] >> GET /studio/e.png?studioSid=6CC0A067-6251-498D-97D7-72F82332A8A5&clientID=1983CBC1-BFEF-4E46-A6E5-7574E69AA5BC&timestamp=1781414509459&userID=14463315&placeID=9991912465&category=Error&evt=QtMessage%5FWarning&label=QWindowsWindow%3A%3AsetGeometry%3A%20Unable%20to%20set%20geometry%201920x886%2B0%2B0%20%28frame%3A%201920x886%2B0%2B0%29%20on%20QWidgetWindow%2F%22RootDockSplitLayoutPanelWindow%22%20on%20%22%5C%5C%2E%5CDISPLAY1%22%2E%20Resulting%20geometry%3A%201920x991%2B0%2B0%20%28frame%3A%201920x991%2B0%2B0%29%20margins%3A%200%2C%200%2C%200%2C%200%29&value=0&SD.Platform.ID=39BD5212B7E147C4BB2598657C7226EC&SD.Platform.CT=1781414322384&SD.StudioSession.MD.Type=StartClient&SD.StudioSession.ID=6EA6A1942F214C57A6DE42308BCFC110&SD.Platform.MD.DebugVersion=FFlagStudioFlushDeferredEventsBlock%2C%20FFlagFixMissingStudioStartupSummaryEvent%2C%20FFlagFixWinStudioMissingStartEvent&SD.StudioSession.CT=1781414324104&SD.UserSession.ID=B6A04371E73F40DBA3373E22122D8E7E&SD.UserSession.CT=1781414329595&SD.UserSession.MD.Type=
[2026-06-13 22:21:51] >> GET /studio/e.png?studioSid=6CC0A067-6251-498D-97D7-72F82332A8A5&clientID=1983CBC1-BFEF-4E46-A6E5-7574E69AA5BC&timestamp=1781414509460&userID=14463315&placeID=9991912465&category=Error&evt=QtMessage%5FWarning&label=QWindowsWindow%3A%3AsetGeometry%3A%20Unable%20to%20set%20geometry%201920x886%2B0%2B0%20%28frame%3A%201920x886%2B0%2B0%29%20on%20QWidgetWindow%2F%22Qtitan%3A%3ADockSplitLayoutPanelClassWindow%22%20on%20%22%5C%5C%2E%5CDISPLAY1%22%2E%20Resulting%20geometry%3A%201920x991%2B0%2B0%20%28frame%3A%201920x991%2B0%2B0%29%20margins%3A%200%2C%200%2C%200%2C%200%29&value=0&SD.Platform.ID=39BD5212B7E147C4BB2598657C7226EC&SD.Platform.CT=1781414322384&SD.StudioSession.MD.Type=StartClient&SD.StudioSession.ID=6EA6A1942F214C57A6DE42308BCFC110&SD.Platform.MD.DebugVersion=FFlagStudioFlushDeferredEventsBlock%2C%20FFlagFixMissingStudioStartupSummaryEvent%2C%20FFlagFixWinStudioMissingStartEvent&SD.StudioSession.CT=1781414324104&SD.UserSession.ID=B6A04371E73F40DBA3373E22122D8E7E&SD.UserSession.CT=1781414329595&SD.UserSes
[2026-06-13 22:21:51] >> GET /studio/e.png?studioSid=6CC0A067-6251-498D-97D7-72F82332A8A5&clientID=1983CBC1-BFEF-4E46-A6E5-7574E69AA5BC&timestamp=1781414509460&userID=14463315&placeID=9991912465&category=Error&evt=QtMessage%5FWarning&label=QWindowsWindow%3A%3AsetGeometry%3A%20Unable%20to%20set%20geometry%201920x886%2B0%2B0%20%28frame%3A%201920x886%2B0%2B0%29%20on%20QWidgetWindow%2F%22Qtitan%3A%3ADockSplitLayoutPanelClassWindow%22%20on%20%22%5C%5C%2E%5CDISPLAY1%22%2E%20Resulting%20geometry%3A%201920x991%2B0%2B0%20%28frame%3A%201920x991%2B0%2B0%29%20margins%3A%200%2C%200%2C%200%2C%200%29&value=0&SD.Platform.ID=39BD5212B7E147C4BB2598657C7226EC&SD.Platform.CT=1781414322384&SD.StudioSession.MD.Type=StartClient&SD.StudioSession.ID=6EA6A1942F214C57A6DE42308BCFC110&SD.Platform.MD.DebugVersion=FFlagStudioFlushDeferredEventsBlock%2C%20FFlagFixMissingStudioStartupSummaryEvent%2C%20FFlagFixWinStudioMissingStartEvent&SD.StudioSession.CT=1781414324104&SD.UserSession.ID=B6A04371E73F40DBA3373E22122D8E7E&SD.UserSession.CT=1781414329595&SD.UserSes
[2026-06-13 22:21:51] >> GET /studio/e.png?studioSid=6CC0A067-6251-498D-97D7-72F82332A8A5&clientID=1983CBC1-BFEF-4E46-A6E5-7574E69AA5BC&timestamp=1781414509460&userID=14463315&placeID=9991912465&category=Error&evt=QtMessage%5FWarning&label=QWindowsWindow%3A%3AsetGeometry%3A%20Unable%20to%20set%20geometry%201553x886%2B0%2B0%20%28frame%3A%201553x886%2B0%2B0%29%20on%20QWidgetWindow%2F%22Qtitan%3A%3ADockSplitLayoutPanelClassWindow%22%20on%20%22%5C%5C%2E%5CDISPLAY1%22%2E%20Resulting%20geometry%3A%201920x991%2B0%2B0%20%28frame%3A%201920x991%2B0%2B0%29%20margins%3A%200%2C%200%2C%200%2C%200%29&value=0&SD.Platform.ID=39BD5212B7E147C4BB2598657C7226EC&SD.Platform.CT=1781414322384&SD.StudioSession.MD.Type=StartClient&SD.StudioSession.ID=6EA6A1942F214C57A6DE42308BCFC110&SD.Platform.MD.DebugVersion=FFlagStudioFlushDeferredEventsBlock%2C%20FFlagFixMissingStudioStartupSummaryEvent%2C%20FFlagFixWinStudioMissingStartEvent&SD.StudioSession.CT=1781414324104&SD.UserSession.ID=B6A04371E73F40DBA3373E22122D8E7E&SD.UserSession.CT=1781414329595&SD.UserSes
[2026-06-13 22:21:51] >> GET /studio/e.png?studioSid=6CC0A067-6251-498D-97D7-72F82332A8A5&clientID=1983CBC1-BFEF-4E46-A6E5-7574E69AA5BC&timestamp=1781414509460&userID=14463315&placeID=9991912465&category=Error&evt=QtMessage%5FWarning&label=QWindowsWindow%3A%3AsetGeometry%3A%20Unable%20to%20set%20geometry%201553x886%2B0%2B0%20%28frame%3A%201553x886%2B0%2B0%29%20on%20QWidgetWindow%2F%22Qtitan%3A%3ADockSplitLayoutPanelClassWindow%22%20on%20%22%5C%5C%2E%5CDISPLAY1%22%2E%20Resulting%20geometry%3A%201920x991%2B0%2B0%20%28frame%3A%201920x991%2B0%2B0%29%20margins%3A%200%2C%200%2C%200%2C%200%29&value=0&SD.Platform.ID=39BD5212B7E147C4BB2598657C7226EC&SD.Platform.CT=1781414322384&SD.StudioSession.MD.Type=StartClient&SD.StudioSession.ID=6EA6A1942F214C57A6DE42308BCFC110&SD.Platform.MD.DebugVersion=FFlagStudioFlushDeferredEventsBlock%2C%20FFlagFixMissingStudioStartupSummaryEvent%2C%20FFlagFixWinStudioMissingStartEvent&SD.StudioSession.CT=1781414324104&SD.UserSession.ID=B6A04371E73F40DBA3373E22122D8E7E&SD.UserSession.CT=1781414329595&SD.UserSes
[2026-06-13 22:21:51] >> GET /studio/e.png?studioSid=6CC0A067-6251-498D-97D7-72F82332A8A5&clientID=1983CBC1-BFEF-4E46-A6E5-7574E69AA5BC&timestamp=1781414509461&userID=14463315&placeID=9991912465&category=Error&evt=QtMessage%5FWarning&label=QWindowsWindow%3A%3AsetGeometry%3A%20Unable%20to%20set%20geometry%201553x886%2B0%2B0%20%28frame%3A%201553x886%2B0%2B0%29%20on%20QWidgetWindow%2F%22Qtitan%3A%3ADockSplitLayoutPanelClassWindow%22%20on%20%22%5C%5C%2E%5CDISPLAY1%22%2E%20Resulting%20geometry%3A%201920x991%2B0%2B0%20%28frame%3A%201920x991%2B0%2B0%29%20margins%3A%200%2C%200%2C%200%2C%200%29&value=0&SD.Platform.ID=39BD5212B7E147C4BB2598657C7226EC&SD.Platform.CT=1781414322384&SD.StudioSession.MD.Type=StartClient&SD.StudioSession.ID=6EA6A1942F214C57A6DE42308BCFC110&SD.Platform.MD.DebugVersion=FFlagStudioFlushDeferredEventsBlock%2C%20FFlagFixMissingStudioStartupSummaryEvent%2C%20FFlagFixWinStudioMissingStartEvent&SD.StudioSession.CT=1781414324104&SD.UserSession.ID=B6A04371E73F40DBA3373E22122D8E7E&SD.UserSession.CT=1781414329595&SD.UserSes
[2026-06-13 22:21:51] << /studio/e.png -> {}
[2026-06-13 22:21:51] << /studio/e.png -> {}
[2026-06-13 22:21:51] << /studio/e.png -> {}
[2026-06-13 22:21:51] << /studio/e.png -> {}
[2026-06-13 22:21:51] << /studio/e.png -> {}
[2026-06-13 22:21:51] << /studio/e.png -> {}
[2026-06-13 22:21:51] << /studio/e.png -> {}
[2026-06-13 22:21:51] << /studio/e.png -> {}
[2026-06-13 22:21:51] >> GET /studio/e.png?studioSid=6CC0A067-6251-498D-97D7-72F82332A8A5&clientID=1983CBC1-BFEF-4E46-A6E5-7574E69AA5BC&timestamp=1781414509461&userID=14463315&placeID=9991912465&category=Error&evt=QtMessage%5FWarning&label=QWindowsWindow%3A%3AsetGeometry%3A%20Unable%20to%20set%20geometry%201553x886%2B0%2B0%20%28frame%3A%201553x886%2B0%2B0%29%20on%20QWidgetWindow%2F%22Qtitan%3A%3ADockSplitLayoutPanelClassWindow%22%20on%20%22%5C%5C%2E%5CDISPLAY1%22%2E%20Resulting%20geometry%3A%201920x991%2B0%2B0%20%28frame%3A%201920x991%2B0%2B0%29%20margins%3A%200%2C%200%2C%200%2C%200%29&value=0&SD.Platform.ID=39BD5212B7E147C4BB2598657C7226EC&SD.Platform.CT=1781414322384&SD.StudioSession.MD.Type=StartClient&SD.StudioSession.ID=6EA6A1942F214C57A6DE42308BCFC110&SD.Platform.MD.DebugVersion=FFlagStudioFlushDeferredEventsBlock%2C%20FFlagFixMissingStudioStartupSummaryEvent%2C%20FFlagFixWinStudioMissingStartEvent&SD.StudioSession.CT=1781414324104&SD.UserSession.ID=B6A04371E73F40DBA3373E22122D8E7E&SD.UserSession.CT=1781414329595&SD.UserSes
[2026-06-13 22:21:51] >> GET /studio/e.png?studioSid=6CC0A067-6251-498D-97D7-72F82332A8A5&clientID=1983CBC1-BFEF-4E46-A6E5-7574E69AA5BC&timestamp=1781414509461&userID=14463315&placeID=9991912465&category=Error&evt=QtMessage%5FWarning&label=QWindowsWindow%3A%3AsetGeometry%3A%20Unable%20to%20set%20geometry%201553x886%2B0%2B0%20%28frame%3A%201553x886%2B0%2B0%29%20on%20QWidgetWindow%2F%22Qtitan%3A%3ADockSplitLayoutPanelClassWindow%22%20on%20%22%5C%5C%2E%5CDISPLAY1%22%2E%20Resulting%20geometry%3A%201920x991%2B0%2B0%20%28frame%3A%201920x991%2B0%2B0%29%20margins%3A%200%2C%200%2C%200%2C%200%29&value=0&SD.Platform.ID=39BD5212B7E147C4BB2598657C7226EC&SD.Platform.CT=1781414322384&SD.StudioSession.MD.Type=StartClient&SD.StudioSession.ID=6EA6A1942F214C57A6DE42308BCFC110&SD.Platform.MD.DebugVersion=FFlagStudioFlushDeferredEventsBlock%2C%20FFlagFixMissingStudioStartupSummaryEvent%2C%20FFlagFixWinStudioMissingStartEvent&SD.StudioSession.CT=1781414324104&SD.UserSession.ID=B6A04371E73F40DBA3373E22122D8E7E&SD.UserSession.CT=1781414329595&SD.UserSes
[2026-06-13 22:21:51] >> GET /studio/e.png?studioSid=6CC0A067-6251-498D-97D7-72F82332A8A5&clientID=1983CBC1-BFEF-4E46-A6E5-7574E69AA5BC&timestamp=1781414509462&userID=14463315&placeID=9991912465&category=Error&evt=QtMessage%5FWarning&label=QWindowsWindow%3A%3AsetGeometry%3A%20Unable%20to%20set%20geometry%201553x886%2B0%2B0%20%28frame%3A%201553x886%2B0%2B0%29%20on%20QWidgetWindow%2F%22Qtitan%3A%3ADockDocumentLayoutPanelClassWindow%22%20on%20%22%5C%5C%2E%5CDISPLAY1%22%2E%20Resulting%20geometry%3A%201920x991%2B0%2B0%20%28frame%3A%201920x991%2B0%2B0%29%20margins%3A%200%2C%200%2C%200%2C%200%29&value=0&SD.Platform.ID=39BD5212B7E147C4BB2598657C7226EC&SD.Platform.CT=1781414322384&SD.StudioSession.MD.Type=StartClient&SD.StudioSession.ID=6EA6A1942F214C57A6DE42308BCFC110&SD.Platform.MD.DebugVersion=FFlagStudioFlushDeferredEventsBlock%2C%20FFlagFixMissingStudioStartupSummaryEvent%2C%20FFlagFixWinStudioMissingStartEvent&SD.StudioSession.CT=1781414324104&SD.UserSession.ID=B6A04371E73F40DBA3373E22122D8E7E&SD.UserSession.CT=1781414329595&SD.User
[2026-06-13 22:21:51] >> GET /studio/e.png?studioSid=6CC0A067-6251-498D-97D7-72F82332A8A5&clientID=1983CBC1-BFEF-4E46-A6E5-7574E69AA5BC&timestamp=1781414509462&userID=14463315&placeID=9991912465&category=Error&evt=QtMessage%5FWarning&label=QWindowsWindow%3A%3AsetGeometry%3A%20Unable%20to%20set%20geometry%201553x383%2B0%2B0%20%28frame%3A%201553x383%2B0%2B0%29%20on%20QWidgetWindow%2F%22Qtitan%3A%3ADockDocumentTabbedLayoutPanelClassWindow%22%20on%20%22%5C%5C%2E%5CDISPLAY1%22%2E%20Resulting%20geometry%3A%201920x991%2B0%2B0%20%28frame%3A%201920x991%2B0%2B0%29%20margins%3A%200%2C%200%2C%200%2C%200%29&value=0&SD.Platform.ID=39BD5212B7E147C4BB2598657C7226EC&SD.Platform.CT=1781414322384&SD.StudioSession.MD.Type=StartClient&SD.StudioSession.ID=6EA6A1942F214C57A6DE42308BCFC110&SD.Platform.MD.DebugVersion=FFlagStudioFlushDeferredEventsBlock%2C%20FFlagFixMissingStudioStartupSummaryEvent%2C%20FFlagFixWinStudioMissingStartEvent&SD.StudioSession.CT=1781414324104&SD.UserSession.ID=B6A04371E73F40DBA3373E22122D8E7E&SD.UserSession.CT=1781414329595&S
[2026-06-13 22:21:51] >> GET /studio/e.png?studioSid=6CC0A067-6251-498D-97D7-72F82332A8A5&clientID=1983CBC1-BFEF-4E46-A6E5-7574E69AA5BC&timestamp=1781414509462&userID=14463315&placeID=9991912465&category=Error&evt=QtMessage%5FWarning&label=QWindowsWindow%3A%3AsetGeometry%3A%20Unable%20to%20set%20geometry%201553x353%2B0%2B30%20%28frame%3A%201553x353%2B0%2B30%29%20on%20QWidgetWindow%2F%22ideDocDocumentPanelWindow%22%20on%20%22%5C%5C%2E%5CDISPLAY1%22%2E%20Resulting%20geometry%3A%201920x991%2B0%2B0%20%28frame%3A%201920x991%2B0%2B0%29%20margins%3A%200%2C%200%2C%200%2C%200%29&value=0&SD.Platform.ID=39BD5212B7E147C4BB2598657C7226EC&SD.Platform.CT=1781414322384&SD.StudioSession.MD.Type=StartClient&SD.StudioSession.ID=6EA6A1942F214C57A6DE42308BCFC110&SD.Platform.MD.DebugVersion=FFlagStudioFlushDeferredEventsBlock%2C%20FFlagFixMissingStudioStartupSummaryEvent%2C%20FFlagFixWinStudioMissingStartEvent&SD.StudioSession.CT=1781414324104&SD.UserSession.ID=B6A04371E73F40DBA3373E22122D8E7E&SD.UserSession.CT=1781414329595&SD.UserSession.MD.Type=Log
[2026-06-13 22:21:51] >> GET /studio/e.png?studioSid=6CC0A067-6251-498D-97D7-72F82332A8A5&clientID=1983CBC1-BFEF-4E46-A6E5-7574E69AA5BC&timestamp=1781414509463&userID=14463315&placeID=9991912465&category=Error&evt=QtMessage%5FWarning&label=QWindowsWindow%3A%3AsetGeometry%3A%20Unable%20to%20set%20geometry%201550x350%2B1%2B1%20%28frame%3A%201550x350%2B1%2B1%29%20on%20QWidgetWindow%2F%22QStackedWidgetClassWindow%22%20on%20%22%5C%5C%2E%5CDISPLAY1%22%2E%20Resulting%20geometry%3A%201920x991%2B0%2B0%20%28frame%3A%201920x991%2B0%2B0%29%20margins%3A%200%2C%200%2C%200%2C%200%29&value=0&SD.Platform.ID=39BD5212B7E147C4BB2598657C7226EC&SD.Platform.CT=1781414322384&SD.StudioSession.MD.Type=StartClient&SD.StudioSession.ID=6EA6A1942F214C57A6DE42308BCFC110&SD.Platform.MD.DebugVersion=FFlagStudioFlushDeferredEventsBlock%2C%20FFlagFixMissingStudioStartupSummaryEvent%2C%20FFlagFixWinStudioMissingStartEvent&SD.StudioSession.CT=1781414324104&SD.UserSession.ID=B6A04371E73F40DBA3373E22122D8E7E&SD.UserSession.CT=1781414329595&SD.UserSession.MD.Type=Logge
[2026-06-13 22:21:51] >> GET /studio/e.png?studioSid=6CC0A067-6251-498D-97D7-72F82332A8A5&clientID=1983CBC1-BFEF-4E46-A6E5-7574E69AA5BC&timestamp=1781414509463&userID=14463315&placeID=9991912465&category=Error&evt=QtMessage%5FWarning&label=QWindowsWindow%3A%3AsetGeometry%3A%20Unable%20to%20set%20geometry%201550x350%2B0%2B0%20%28frame%3A%201550x350%2B0%2B0%29%20on%20QWidgetWindow%2F%22QWidgetClassWindow%22%20on%20%22%5C%5C%2E%5CDISPLAY1%22%2E%20Resulting%20geometry%3A%201920x991%2B0%2B0%20%28frame%3A%201920x991%2B0%2B0%29%20margins%3A%200%2C%200%2C%200%2C%200%29&value=0&SD.Platform.ID=39BD5212B7E147C4BB2598657C7226EC&SD.Platform.CT=1781414322384&SD.StudioSession.MD.Type=StartClient&SD.StudioSession.ID=6EA6A1942F214C57A6DE42308BCFC110&SD.Platform.MD.DebugVersion=FFlagStudioFlushDeferredEventsBlock%2C%20FFlagFixMissingStudioStartupSummaryEvent%2C%20FFlagFixWinStudioMissingStartEvent&SD.StudioSession.CT=1781414324104&SD.UserSession.ID=B6A04371E73F40DBA3373E22122D8E7E&SD.UserSession.CT=1781414329595&SD.UserSession.MD.Type=LoggedIn&SD.
[2026-06-13 22:21:51] >> GET /studio/e.png?studioSid=6CC0A067-6251-498D-97D7-72F82332A8A5&clientID=1983CBC1-BFEF-4E46-A6E5-7574E69AA5BC&timestamp=1781414509464&userID=14463315&placeID=9991912465&category=Error&evt=QtMessage%5FWarning&label=QWindowsWindow%3A%3AsetGeometry%3A%20Unable%20to%20set%20geometry%201550x350%2B0%2B0%20%28frame%3A%201550x350%2B0%2B0%29%20on%20QWidgetWindow%2F%22QScrollAreaClassWindow%22%20on%20%22%5C%5C%2E%5CDISPLAY1%22%2E%20Resulting%20geometry%3A%201920x991%2B0%2B0%20%28frame%3A%201920x991%2B0%2B0%29%20margins%3A%200%2C%200%2C%200%2C%200%29&value=0&SD.Platform.ID=39BD5212B7E147C4BB2598657C7226EC&SD.Platform.CT=1781414322384&SD.StudioSession.MD.Type=StartClient&SD.StudioSession.ID=6EA6A1942F214C57A6DE42308BCFC110&SD.Platform.MD.DebugVersion=FFlagStudioFlushDeferredEventsBlock%2C%20FFlagFixMissingStudioStartupSummaryEvent%2C%20FFlagFixWinStudioMissingStartEvent&SD.StudioSession.CT=1781414324104&SD.UserSession.ID=B6A04371E73F40DBA3373E22122D8E7E&SD.UserSession.CT=1781414329595&SD.UserSession.MD.Type=LoggedIn
[2026-06-13 22:21:51] << /studio/e.png -> {}
[2026-06-13 22:21:51] << /studio/e.png -> {}
[2026-06-13 22:21:51] << /studio/e.png -> {}
[2026-06-13 22:21:51] << /studio/e.png -> {}
[2026-06-13 22:21:51] << /studio/e.png -> {}
[2026-06-13 22:21:51] << /studio/e.png -> {}
[2026-06-13 22:21:51] << /studio/e.png -> {}
[2026-06-13 22:21:51] << /studio/e.png -> {}
[2026-06-13 22:21:52] >> GET /studio/e.png?studioSid=6CC0A067-6251-498D-97D7-72F82332A8A5&clientID=1983CBC1-BFEF-4E46-A6E5-7574E69AA5BC&timestamp=1781414509464&userID=14463315&placeID=9991912465&category=Error&evt=QtMessage%5FWarning&label=QWindowsWindow%3A%3AsetGeometry%3A%20Unable%20to%20set%20geometry%201550x350%2B0%2B0%20%28frame%3A%201550x350%2B0%2B0%29%20on%20QWidgetWindow%2F%22qt%5Fscrollarea%5FviewportWindow%22%20on%20%22%5C%5C%2E%5CDISPLAY1%22%2E%20Resulting%20geometry%3A%201920x991%2B0%2B0%20%28frame%3A%201920x991%2B0%2B0%29%20margins%3A%200%2C%200%2C%200%2C%200%29&value=0&SD.Platform.ID=39BD5212B7E147C4BB2598657C7226EC&SD.Platform.CT=1781414322384&SD.StudioSession.MD.Type=StartClient&SD.StudioSession.ID=6EA6A1942F214C57A6DE42308BCFC110&SD.Platform.MD.DebugVersion=FFlagStudioFlushDeferredEventsBlock%2C%20FFlagFixMissingStudioStartupSummaryEvent%2C%20FFlagFixWinStudioMissingStartEvent&SD.StudioSession.CT=1781414324104&SD.UserSession.ID=B6A04371E73F40DBA3373E22122D8E7E&SD.UserSession.CT=1781414329595&SD.UserSession.MD.Typ
[2026-06-13 22:21:52] >> GET /studio/e.png?studioSid=6CC0A067-6251-498D-97D7-72F82332A8A5&clientID=1983CBC1-BFEF-4E46-A6E5-7574E69AA5BC&timestamp=1781414509465&userID=14463315&placeID=9991912465&category=Error&evt=QtMessage%5FWarning&label=QWindowsWindow%3A%3AsetGeometry%3A%20Unable%20to%20set%20geometry%201550x350%2B0%2B0%20%28frame%3A%201550x350%2B0%2B0%29%20on%20QWidgetWindow%2F%22QWidgetClassWindow%22%20on%20%22%5C%5C%2E%5CDISPLAY1%22%2E%20Resulting%20geometry%3A%201920x991%2B0%2B0%20%28frame%3A%201920x991%2B0%2B0%29%20margins%3A%200%2C%200%2C%200%2C%200%29&value=0&SD.Platform.ID=39BD5212B7E147C4BB2598657C7226EC&SD.Platform.CT=1781414322384&SD.StudioSession.MD.Type=StartClient&SD.StudioSession.ID=6EA6A1942F214C57A6DE42308BCFC110&SD.Platform.MD.DebugVersion=FFlagStudioFlushDeferredEventsBlock%2C%20FFlagFixMissingStudioStartupSummaryEvent%2C%20FFlagFixWinStudioMissingStartEvent&SD.StudioSession.CT=1781414324104&SD.UserSession.ID=B6A04371E73F40DBA3373E22122D8E7E&SD.UserSession.CT=1781414329595&SD.UserSession.MD.Type=LoggedIn&SD.
[2026-06-13 22:21:52] >> GET /studio/e.png?studioSid=6CC0A067-6251-498D-97D7-72F82332A8A5&clientID=1983CBC1-BFEF-4E46-A6E5-7574E69AA5BC&timestamp=1781414509465&userID=14463315&placeID=9991912465&category=Error&evt=QtMessage%5FWarning&label=QWindowsWindow%3A%3AsetGeometry%3A%20Unable%20to%20set%20geometry%201550x350%2B0%2B0%20%28frame%3A%201550x350%2B0%2B0%29%20on%20QWidgetWindow%2F%22QWidgetClassWindow%22%20on%20%22%5C%5C%2E%5CDISPLAY1%22%2E%20Resulting%20geometry%3A%201920x991%2B0%2B0%20%28frame%3A%201920x991%2B0%2B0%29%20margins%3A%200%2C%200%2C%200%2C%200%29&value=0&SD.Platform.ID=39BD5212B7E147C4BB2598657C7226EC&SD.Platform.CT=1781414322384&SD.StudioSession.MD.Type=StartClient&SD.StudioSession.ID=6EA6A1942F214C57A6DE42308BCFC110&SD.Platform.MD.DebugVersion=FFlagStudioFlushDeferredEventsBlock%2C%20FFlagFixMissingStudioStartupSummaryEvent%2C%20FFlagFixWinStudioMissingStartEvent&SD.StudioSession.CT=1781414324104&SD.UserSession.ID=B6A04371E73F40DBA3373E22122D8E7E&SD.UserSession.CT=1781414329595&SD.UserSession.MD.Type=LoggedIn&SD.
[2026-06-13 22:21:52] >> GET /studio/e.png?studioSid=6CC0A067-6251-498D-97D7-72F82332A8A5&clientID=1983CBC1-BFEF-4E46-A6E5-7574E69AA5BC&timestamp=1781414509465&userID=14463315&placeID=9991912465&category=Error&evt=QtMessage%5FWarning&label=QWindowsWindow%3A%3AsetGeometry%3A%20Unable%20to%20set%20geometry%201550x350%2B0%2B0%20%28frame%3A%201550x350%2B0%2B0%29%20on%20QWidgetWindow%2F%22QOgreWidgetWindow%22%20on%20%22%5C%5C%2E%5CDISPLAY1%22%2E%20Resulting%20geometry%3A%201920x991%2B0%2B0%20%28frame%3A%201920x991%2B0%2B0%29%20margins%3A%200%2C%200%2C%200%2C%200%29&value=0&SD.Platform.ID=39BD5212B7E147C4BB2598657C7226EC&SD.Platform.CT=1781414322384&SD.StudioSession.MD.Type=StartClient&SD.StudioSession.ID=6EA6A1942F214C57A6DE42308BCFC110&SD.Platform.MD.DebugVersion=FFlagStudioFlushDeferredEventsBlock%2C%20FFlagFixMissingStudioStartupSummaryEvent%2C%20FFlagFixWinStudioMissingStartEvent&SD.StudioSession.CT=1781414324104&SD.UserSession.ID=B6A04371E73F40DBA3373E22122D8E7E&SD.UserSession.CT=1781414329595&SD.UserSession.MD.Type=LoggedIn&SD.M
[2026-06-13 22:21:52] << /studio/e.png -> {}
[2026-06-13 22:21:52] << /studio/e.png -> {}
[2026-06-13 22:21:52] << /studio/e.png -> {}
[2026-06-13 22:21:52] << /studio/e.png -> {}
[2026-06-13 22:22:04] >> GET /v1/users/14463315/friends/online
[2026-06-13 22:22:04] << /v1/users/14463315/friends/online -> {"previousPageCursor":null,"nextPageCursor":null,"data":[]}
[2026-06-13 22:22:14] >> POST /v1.0/SequenceStatistics/BatchAddToSequencesV2?apiKey=76E5A40C%2D3AE1%2D4028%2D9F10%2D7C62520BD94F
[2026-06-13 22:22:14] << /v1.0/SequenceStatistics/BatchAddToSequencesV2 -> {}
[2026-06-13 22:22:14] >> POST /v1.1/Counters/BatchIncrement?apiKey=76E5A40C%2D3AE1%2D4028%2D9F10%2D7C62520BD94F
[2026-06-13 22:22:14] << /v1.1/Counters/BatchIncrement -> {}
[2026-06-13 22:22:15] >> POST /v1.0/SequenceStatistics/BatchAddToSequencesV2?apiKey=76E5A40C%2D3AE1%2D4028%2D9F10%2D7C62520BD94F
[2026-06-13 22:22:15] << /v1.0/SequenceStatistics/BatchAddToSequencesV2 -> {}
[2026-06-13 22:22:15] >> POST /v1.1/Counters/BatchIncrement?apiKey=76E5A40C%2D3AE1%2D4028%2D9F10%2D7C62520BD94F
[2026-06-13 22:22:15] << /v1.1/Counters/BatchIncrement -> {}
[2026-06-13 22:22:16] >> GET /studio/e.png?studioSid=6CC0A067-6251-498D-97D7-72F82332A8A5&clientID=1983CBC1-BFEF-4E46-A6E5-7574E69AA5BC&timestamp=1781414535778&userID=14463315&placeID=9991912465&category=Error&evt=QtMessage%5FWarning&label=QWindowsWindow%3A%3AsetGeometry%3A%20Unable%20to%20set%20geometry%201920x886%2B0%2B0%20%28frame%3A%201920x886%2B0%2B0%29%20on%20QWidgetWindow%2F%22Qtitan%3A%3ADockSplitLayoutPanelClassWindow%22%20on%20%22%5C%5C%2E%5CDISPLAY1%22%2E%20Resulting%20geometry%3A%201920x991%2B0%2B0%20%28frame%3A%201920x991%2B0%2B0%29%20margins%3A%200%2C%200%2C%200%2C%200%29&value=0&SD.Platform.ID=39BD5212B7E147C4BB2598657C7226EC&SD.Platform.CT=1781414322384&SD.StudioSession.MD.Type=StartClient&SD.StudioSession.ID=6EA6A1942F214C57A6DE42308BCFC110&SD.Platform.MD.DebugVersion=FFlagStudioFlushDeferredEventsBlock%2C%20FFlagFixMissingStudioStartupSummaryEvent%2C%20FFlagFixWinStudioMissingStartEvent&SD.StudioSession.CT=1781414324104&SD.UserSession.ID=B6A04371E73F40DBA3373E22122D8E7E&SD.UserSession.CT=1781414329595&SD.UserSes
[2026-06-13 22:22:16] >> GET /studio/e.png?studioSid=6CC0A067-6251-498D-97D7-72F82332A8A5&clientID=1983CBC1-BFEF-4E46-A6E5-7574E69AA5BC&timestamp=1781414535779&userID=14463315&placeID=9991912465&category=Error&evt=QtMessage%5FWarning&label=QWindowsWindow%3A%3AsetGeometry%3A%20Unable%20to%20set%20geometry%201920x886%2B0%2B0%20%28frame%3A%201920x886%2B0%2B0%29%20on%20QWidgetWindow%2F%22Qtitan%3A%3ADockSplitLayoutPanelClassWindow%22%20on%20%22%5C%5C%2E%5CDISPLAY1%22%2E%20Resulting%20geometry%3A%201920x991%2B0%2B0%20%28frame%3A%201920x991%2B0%2B0%29%20margins%3A%200%2C%200%2C%200%2C%200%29&value=0&SD.Platform.ID=39BD5212B7E147C4BB2598657C7226EC&SD.Platform.CT=1781414322384&SD.StudioSession.MD.Type=StartClient&SD.StudioSession.ID=6EA6A1942F214C57A6DE42308BCFC110&SD.Platform.MD.DebugVersion=FFlagStudioFlushDeferredEventsBlock%2C%20FFlagFixMissingStudioStartupSummaryEvent%2C%20FFlagFixWinStudioMissingStartEvent&SD.StudioSession.CT=1781414324104&SD.UserSession.ID=B6A04371E73F40DBA3373E22122D8E7E&SD.UserSession.CT=1781414329595&SD.UserSes
[2026-06-13 22:22:16] >> GET /studio/e.png?studioSid=6CC0A067-6251-498D-97D7-72F82332A8A5&clientID=1983CBC1-BFEF-4E46-A6E5-7574E69AA5BC&timestamp=1781414535779&userID=14463315&placeID=9991912465&category=Error&evt=QtMessage%5FWarning&label=QWindowsWindow%3A%3AsetGeometry%3A%20Unable%20to%20set%20geometry%201920x886%2B0%2B0%20%28frame%3A%201920x886%2B0%2B0%29%20on%20QWidgetWindow%2F%22Qtitan%3A%3ADockSplitLayoutPanelClassWindow%22%20on%20%22%5C%5C%2E%5CDISPLAY1%22%2E%20Resulting%20geometry%3A%201920x991%2B0%2B0%20%28frame%3A%201920x991%2B0%2B0%29%20margins%3A%200%2C%200%2C%200%2C%200%29&value=0&SD.Platform.ID=39BD5212B7E147C4BB2598657C7226EC&SD.Platform.CT=1781414322384&SD.StudioSession.MD.Type=StartClient&SD.StudioSession.ID=6EA6A1942F214C57A6DE42308BCFC110&SD.Platform.MD.DebugVersion=FFlagStudioFlushDeferredEventsBlock%2C%20FFlagFixMissingStudioStartupSummaryEvent%2C%20FFlagFixWinStudioMissingStartEvent&SD.StudioSession.CT=1781414324104&SD.UserSession.ID=B6A04371E73F40DBA3373E22122D8E7E&SD.UserSession.CT=1781414329595&SD.UserSes
[2026-06-13 22:22:16] >> GET /studio/e.png?studioSid=6CC0A067-6251-498D-97D7-72F82332A8A5&clientID=1983CBC1-BFEF-4E46-A6E5-7574E69AA5BC&timestamp=1781414535779&userID=14463315&placeID=9991912465&category=Error&evt=QtMessage%5FWarning&label=QWindowsWindow%3A%3AsetGeometry%3A%20Unable%20to%20set%20geometry%201920x886%2B0%2B0%20%28frame%3A%201920x886%2B0%2B0%29%20on%20QWidgetWindow%2F%22Qtitan%3A%3ADockSplitLayoutPanelClassWindow%22%20on%20%22%5C%5C%2E%5CDISPLAY1%22%2E%20Resulting%20geometry%3A%201920x991%2B0%2B0%20%28frame%3A%201920x991%2B0%2B0%29%20margins%3A%200%2C%200%2C%200%2C%200%29&value=0&SD.Platform.ID=39BD5212B7E147C4BB2598657C7226EC&SD.Platform.CT=1781414322384&SD.StudioSession.MD.Type=StartClient&SD.StudioSession.ID=6EA6A1942F214C57A6DE42308BCFC110&SD.Platform.MD.DebugVersion=FFlagStudioFlushDeferredEventsBlock%2C%20FFlagFixMissingStudioStartupSummaryEvent%2C%20FFlagFixWinStudioMissingStartEvent&SD.StudioSession.CT=1781414324104&SD.UserSession.ID=B6A04371E73F40DBA3373E22122D8E7E&SD.UserSession.CT=1781414329595&SD.UserSes
[2026-06-13 22:22:16] >> GET /studio/e.png?studioSid=6CC0A067-6251-498D-97D7-72F82332A8A5&clientID=1983CBC1-BFEF-4E46-A6E5-7574E69AA5BC&timestamp=1781414535780&userID=14463315&placeID=9991912465&category=Error&evt=QtMessage%5FWarning&label=QWindowsWindow%3A%3AsetGeometry%3A%20Unable%20to%20set%20geometry%201920x886%2B0%2B0%20%28frame%3A%201920x886%2B0%2B0%29%20on%20QWidgetWindow%2F%22Qtitan%3A%3ADockSplitLayoutPanelClassWindow%22%20on%20%22%5C%5C%2E%5CDISPLAY1%22%2E%20Resulting%20geometry%3A%201920x991%2B0%2B0%20%28frame%3A%201920x991%2B0%2B0%29%20margins%3A%200%2C%200%2C%200%2C%200%29&value=0&SD.Platform.ID=39BD5212B7E147C4BB2598657C7226EC&SD.Platform.CT=1781414322384&SD.StudioSession.MD.Type=StartClient&SD.StudioSession.ID=6EA6A1942F214C57A6DE42308BCFC110&SD.Platform.MD.DebugVersion=FFlagStudioFlushDeferredEventsBlock%2C%20FFlagFixMissingStudioStartupSummaryEvent%2C%20FFlagFixWinStudioMissingStartEvent&SD.StudioSession.CT=1781414324104&SD.UserSession.ID=B6A04371E73F40DBA3373E22122D8E7E&SD.UserSession.CT=1781414329595&SD.UserSes
[2026-06-13 22:22:16] >> GET /studio/e.png?studioSid=6CC0A067-6251-498D-97D7-72F82332A8A5&clientID=1983CBC1-BFEF-4E46-A6E5-7574E69AA5BC&timestamp=1781414535780&userID=14463315&placeID=9991912465&category=Error&evt=QtMessage%5FWarning&label=QWindowsWindow%3A%3AsetGeometry%3A%20Unable%20to%20set%20geometry%201920x886%2B0%2B0%20%28frame%3A%201920x886%2B0%2B0%29%20on%20QWidgetWindow%2F%22Qtitan%3A%3ADockDocumentLayoutPanelClassWindow%22%20on%20%22%5C%5C%2E%5CDISPLAY1%22%2E%20Resulting%20geometry%3A%201920x991%2B0%2B0%20%28frame%3A%201920x991%2B0%2B0%29%20margins%3A%200%2C%200%2C%200%2C%200%29&value=0&SD.Platform.ID=39BD5212B7E147C4BB2598657C7226EC&SD.Platform.CT=1781414322384&SD.StudioSession.MD.Type=StartClient&SD.StudioSession.ID=6EA6A1942F214C57A6DE42308BCFC110&SD.Platform.MD.DebugVersion=FFlagStudioFlushDeferredEventsBlock%2C%20FFlagFixMissingStudioStartupSummaryEvent%2C%20FFlagFixWinStudioMissingStartEvent&SD.StudioSession.CT=1781414324104&SD.UserSession.ID=B6A04371E73F40DBA3373E22122D8E7E&SD.UserSession.CT=1781414329595&SD.User
[2026-06-13 22:22:16] >> GET /studio/e.png?studioSid=6CC0A067-6251-498D-97D7-72F82332A8A5&clientID=1983CBC1-BFEF-4E46-A6E5-7574E69AA5BC&timestamp=1781414535780&userID=14463315&placeID=9991912465&category=Error&evt=QtMessage%5FWarning&label=QWindowsWindow%3A%3AsetGeometry%3A%20Unable%20to%20set%20geometry%201920x383%2B0%2B0%20%28frame%3A%201920x383%2B0%2B0%29%20on%20QWidgetWindow%2F%22Qtitan%3A%3ADockDocumentTabbedLayoutPanelClassWindow%22%20on%20%22%5C%5C%2E%5CDISPLAY1%22%2E%20Resulting%20geometry%3A%201920x991%2B0%2B0%20%28frame%3A%201920x991%2B0%2B0%29%20margins%3A%200%2C%200%2C%200%2C%200%29&value=0&SD.Platform.ID=39BD5212B7E147C4BB2598657C7226EC&SD.Platform.CT=1781414322384&SD.StudioSession.MD.Type=StartClient&SD.StudioSession.ID=6EA6A1942F214C57A6DE42308BCFC110&SD.Platform.MD.DebugVersion=FFlagStudioFlushDeferredEventsBlock%2C%20FFlagFixMissingStudioStartupSummaryEvent%2C%20FFlagFixWinStudioMissingStartEvent&SD.StudioSession.CT=1781414324104&SD.UserSession.ID=B6A04371E73F40DBA3373E22122D8E7E&SD.UserSession.CT=1781414329595&S
[2026-06-13 22:22:16] >> GET /studio/e.png?studioSid=6CC0A067-6251-498D-97D7-72F82332A8A5&clientID=1983CBC1-BFEF-4E46-A6E5-7574E69AA5BC&timestamp=1781414535781&userID=14463315&placeID=9991912465&category=Error&evt=QtMessage%5FWarning&label=QWindowsWindow%3A%3AsetGeometry%3A%20Unable%20to%20set%20geometry%201920x353%2B0%2B30%20%28frame%3A%201920x353%2B0%2B30%29%20on%20QWidgetWindow%2F%22ideDocDocumentPanelWindow%22%20on%20%22%5C%5C%2E%5CDISPLAY1%22%2E%20Resulting%20geometry%3A%201920x991%2B0%2B0%20%28frame%3A%201920x991%2B0%2B0%29%20margins%3A%200%2C%200%2C%200%2C%200%29&value=0&SD.Platform.ID=39BD5212B7E147C4BB2598657C7226EC&SD.Platform.CT=1781414322384&SD.StudioSession.MD.Type=StartClient&SD.StudioSession.ID=6EA6A1942F214C57A6DE42308BCFC110&SD.Platform.MD.DebugVersion=FFlagStudioFlushDeferredEventsBlock%2C%20FFlagFixMissingStudioStartupSummaryEvent%2C%20FFlagFixWinStudioMissingStartEvent&SD.StudioSession.CT=1781414324104&SD.UserSession.ID=B6A04371E73F40DBA3373E22122D8E7E&SD.UserSession.CT=1781414329595&SD.UserSession.MD.Type=Log
[2026-06-13 22:22:16] << /studio/e.png -> {}
[2026-06-13 22:22:16] << /studio/e.png -> {}
[2026-06-13 22:22:16] << /studio/e.png -> {}
[2026-06-13 22:22:16] << /studio/e.png -> {}
[2026-06-13 22:22:16] << /studio/e.png -> {}
[2026-06-13 22:22:16] << /studio/e.png -> {}
[2026-06-13 22:22:16] << /studio/e.png -> {}
[2026-06-13 22:22:16] << /studio/e.png -> {}
[2026-06-13 22:22:16] >> GET /v1/universes/9000000000064/configuration
[2026-06-13 22:22:16] << /v1/universes/9000000000064/configuration -> {"allowPrivateServers":true,"privateServerPrice":null,"id":9000000000064,"name":"New MM2","universeAvatarType":"MorphToR15","universeScaleType":"AllScales","universeAnimationType":"PlayerChoice","universeCollisionType":"OuterBox","universeBodyType":"Standard","universeJointPositioningType":"ArtistIntent","universeAvatarAssetOverrides":[],"universeAvatarMinScales":{"height":0.9,"width":0.7,"head":0.95,"proportion":0,"bodyType":0},"universeAvatarMaxScales":{"height":1.05,"width":1,"head":1,"proportion":1,"bodyType":1},"isArchived":false,"isFriendsOnly":false,"genre":"All","playableDevices":["Computer","Phone","Tablet"],"isForSale":false,"price":0,"isStudioAccessToApisAllowed":true,"privacyType":"Public"}
[2026-06-13 22:22:16] >> GET /v1/persistence/sorted/list?scope=global&key=LeaderboardJuly2022&pageSize=100&direction=dsc&minValue=0
[2026-06-13 22:22:16] DS-v1: M=GET type=sorted rest=/list ds=LeaderboardJuly2022 scope=global target= usnParam=no bodylen=0 body=[]
[2026-06-13 22:22:16] << /v1/persistence/sorted/list -> {"entries":[],"lastEvaluatedKey":null}
[2026-06-13 22:22:16] >> GET /studio/e.png?studioSid=6CC0A067-6251-498D-97D7-72F82332A8A5&clientID=1983CBC1-BFEF-4E46-A6E5-7574E69AA5BC&timestamp=1781414535781&userID=14463315&placeID=9991912465&category=Error&evt=QtMessage%5FWarning&label=QWindowsWindow%3A%3AsetGeometry%3A%20Unable%20to%20set%20geometry%201918x350%2B1%2B1%20%28frame%3A%201918x350%2B1%2B1%29%20on%20QWidgetWindow%2F%22QStackedWidgetClassWindow%22%20on%20%22%5C%5C%2E%5CDISPLAY1%22%2E%20Resulting%20geometry%3A%201920x991%2B0%2B0%20%28frame%3A%201920x991%2B0%2B0%29%20margins%3A%200%2C%200%2C%200%2C%200%29&value=0&SD.Platform.ID=39BD5212B7E147C4BB2598657C7226EC&SD.Platform.CT=1781414322384&SD.StudioSession.MD.Type=StartClient&SD.StudioSession.ID=6EA6A1942F214C57A6DE42308BCFC110&SD.Platform.MD.DebugVersion=FFlagStudioFlushDeferredEventsBlock%2C%20FFlagFixMissingStudioStartupSummaryEvent%2C%20FFlagFixWinStudioMissingStartEvent&SD.StudioSession.CT=1781414324104&SD.UserSession.ID=B6A04371E73F40DBA3373E22122D8E7E&SD.UserSession.CT=1781414329595&SD.UserSession.MD.Type=Logge
[2026-06-13 22:22:16] >> GET /studio/e.png?studioSid=6CC0A067-6251-498D-97D7-72F82332A8A5&clientID=1983CBC1-BFEF-4E46-A6E5-7574E69AA5BC&timestamp=1781414535782&userID=14463315&placeID=9991912465&category=Error&evt=QtMessage%5FWarning&label=QWindowsWindow%3A%3AsetGeometry%3A%20Unable%20to%20set%20geometry%201918x350%2B0%2B0%20%28frame%3A%201918x350%2B0%2B0%29%20on%20QWidgetWindow%2F%22QWidgetClassWindow%22%20on%20%22%5C%5C%2E%5CDISPLAY1%22%2E%20Resulting%20geometry%3A%201920x991%2B0%2B0%20%28frame%3A%201920x991%2B0%2B0%29%20margins%3A%200%2C%200%2C%200%2C%200%29&value=0&SD.Platform.ID=39BD5212B7E147C4BB2598657C7226EC&SD.Platform.CT=1781414322384&SD.StudioSession.MD.Type=StartClient&SD.StudioSession.ID=6EA6A1942F214C57A6DE42308BCFC110&SD.Platform.MD.DebugVersion=FFlagStudioFlushDeferredEventsBlock%2C%20FFlagFixMissingStudioStartupSummaryEvent%2C%20FFlagFixWinStudioMissingStartEvent&SD.StudioSession.CT=1781414324104&SD.UserSession.ID=B6A04371E73F40DBA3373E22122D8E7E&SD.UserSession.CT=1781414329595&SD.UserSession.MD.Type=LoggedIn&SD.
[2026-06-13 22:22:16] >> GET /studio/e.png?studioSid=6CC0A067-6251-498D-97D7-72F82332A8A5&clientID=1983CBC1-BFEF-4E46-A6E5-7574E69AA5BC&timestamp=1781414535782&userID=14463315&placeID=9991912465&category=Error&evt=QtMessage%5FWarning&label=QWindowsWindow%3A%3AsetGeometry%3A%20Unable%20to%20set%20geometry%201918x350%2B0%2B0%20%28frame%3A%201918x350%2B0%2B0%29%20on%20QWidgetWindow%2F%22QScrollAreaClassWindow%22%20on%20%22%5C%5C%2E%5CDISPLAY1%22%2E%20Resulting%20geometry%3A%201920x991%2B0%2B0%20%28frame%3A%201920x991%2B0%2B0%29%20margins%3A%200%2C%200%2C%200%2C%200%29&value=0&SD.Platform.ID=39BD5212B7E147C4BB2598657C7226EC&SD.Platform.CT=1781414322384&SD.StudioSession.MD.Type=StartClient&SD.StudioSession.ID=6EA6A1942F214C57A6DE42308BCFC110&SD.Platform.MD.DebugVersion=FFlagStudioFlushDeferredEventsBlock%2C%20FFlagFixMissingStudioStartupSummaryEvent%2C%20FFlagFixWinStudioMissingStartEvent&SD.StudioSession.CT=1781414324104&SD.UserSession.ID=B6A04371E73F40DBA3373E22122D8E7E&SD.UserSession.CT=1781414329595&SD.UserSession.MD.Type=LoggedIn
[2026-06-13 22:22:16] >> GET /studio/e.png?studioSid=6CC0A067-6251-498D-97D7-72F82332A8A5&clientID=1983CBC1-BFEF-4E46-A6E5-7574E69AA5BC&timestamp=1781414535782&userID=14463315&placeID=9991912465&category=Error&evt=QtMessage%5FWarning&label=QWindowsWindow%3A%3AsetGeometry%3A%20Unable%20to%20set%20geometry%201918x350%2B0%2B0%20%28frame%3A%201918x350%2B0%2B0%29%20on%20QWidgetWindow%2F%22qt%5Fscrollarea%5FviewportWindow%22%20on%20%22%5C%5C%2E%5CDISPLAY1%22%2E%20Resulting%20geometry%3A%201920x991%2B0%2B0%20%28frame%3A%201920x991%2B0%2B0%29%20margins%3A%200%2C%200%2C%200%2C%200%29&value=0&SD.Platform.ID=39BD5212B7E147C4BB2598657C7226EC&SD.Platform.CT=1781414322384&SD.StudioSession.MD.Type=StartClient&SD.StudioSession.ID=6EA6A1942F214C57A6DE42308BCFC110&SD.Platform.MD.DebugVersion=FFlagStudioFlushDeferredEventsBlock%2C%20FFlagFixMissingStudioStartupSummaryEvent%2C%20FFlagFixWinStudioMissingStartEvent&SD.StudioSession.CT=1781414324104&SD.UserSession.ID=B6A04371E73F40DBA3373E22122D8E7E&SD.UserSession.CT=1781414329595&SD.UserSession.MD.Typ
[2026-06-13 22:22:16] >> GET /studio/e.png?studioSid=6CC0A067-6251-498D-97D7-72F82332A8A5&clientID=1983CBC1-BFEF-4E46-A6E5-7574E69AA5BC&timestamp=1781414535783&userID=14463315&placeID=9991912465&category=Error&evt=QtMessage%5FWarning&label=QWindowsWindow%3A%3AsetGeometry%3A%20Unable%20to%20set%20geometry%201918x350%2B0%2B0%20%28frame%3A%201918x350%2B0%2B0%29%20on%20QWidgetWindow%2F%22QWidgetClassWindow%22%20on%20%22%5C%5C%2E%5CDISPLAY1%22%2E%20Resulting%20geometry%3A%201920x991%2B0%2B0%20%28frame%3A%201920x991%2B0%2B0%29%20margins%3A%200%2C%200%2C%200%2C%200%29&value=0&SD.Platform.ID=39BD5212B7E147C4BB2598657C7226EC&SD.Platform.CT=1781414322384&SD.StudioSession.MD.Type=StartClient&SD.StudioSession.ID=6EA6A1942F214C57A6DE42308BCFC110&SD.Platform.MD.DebugVersion=FFlagStudioFlushDeferredEventsBlock%2C%20FFlagFixMissingStudioStartupSummaryEvent%2C%20FFlagFixWinStudioMissingStartEvent&SD.StudioSession.CT=1781414324104&SD.UserSession.ID=B6A04371E73F40DBA3373E22122D8E7E&SD.UserSession.CT=1781414329595&SD.UserSession.MD.Type=LoggedIn&SD.
[2026-06-13 22:22:16] >> GET /studio/e.png?studioSid=6CC0A067-6251-498D-97D7-72F82332A8A5&clientID=1983CBC1-BFEF-4E46-A6E5-7574E69AA5BC&timestamp=1781414535783&userID=14463315&placeID=9991912465&category=Error&evt=QtMessage%5FWarning&label=QWindowsWindow%3A%3AsetGeometry%3A%20Unable%20to%20set%20geometry%201918x350%2B0%2B0%20%28frame%3A%201918x350%2B0%2B0%29%20on%20QWidgetWindow%2F%22QWidgetClassWindow%22%20on%20%22%5C%5C%2E%5CDISPLAY1%22%2E%20Resulting%20geometry%3A%201920x991%2B0%2B0%20%28frame%3A%201920x991%2B0%2B0%29%20margins%3A%200%2C%200%2C%200%2C%200%29&value=0&SD.Platform.ID=39BD5212B7E147C4BB2598657C7226EC&SD.Platform.CT=1781414322384&SD.StudioSession.MD.Type=StartClient&SD.StudioSession.ID=6EA6A1942F214C57A6DE42308BCFC110&SD.Platform.MD.DebugVersion=FFlagStudioFlushDeferredEventsBlock%2C%20FFlagFixMissingStudioStartupSummaryEvent%2C%20FFlagFixWinStudioMissingStartEvent&SD.StudioSession.CT=1781414324104&SD.UserSession.ID=B6A04371E73F40DBA3373E22122D8E7E&SD.UserSession.CT=1781414329595&SD.UserSession.MD.Type=LoggedIn&SD.
[2026-06-13 22:22:16] >> GET /studio/e.png?studioSid=6CC0A067-6251-498D-97D7-72F82332A8A5&clientID=1983CBC1-BFEF-4E46-A6E5-7574E69AA5BC&timestamp=1781414535783&userID=14463315&placeID=9991912465&category=Error&evt=QtMessage%5FWarning&label=QWindowsWindow%3A%3AsetGeometry%3A%20Unable%20to%20set%20geometry%201918x350%2B0%2B0%20%28frame%3A%201918x350%2B0%2B0%29%20on%20QWidgetWindow%2F%22QOgreWidgetWindow%22%20on%20%22%5C%5C%2E%5CDISPLAY1%22%2E%20Resulting%20geometry%3A%201920x991%2B0%2B0%20%28frame%3A%201920x991%2B0%2B0%29%20margins%3A%200%2C%200%2C%200%2C%200%29&value=0&SD.Platform.ID=39BD5212B7E147C4BB2598657C7226EC&SD.Platform.CT=1781414322384&SD.StudioSession.MD.Type=StartClient&SD.StudioSession.ID=6EA6A1942F214C57A6DE42308BCFC110&SD.Platform.MD.DebugVersion=FFlagStudioFlushDeferredEventsBlock%2C%20FFlagFixMissingStudioStartupSummaryEvent%2C%20FFlagFixWinStudioMissingStartEvent&SD.StudioSession.CT=1781414324104&SD.UserSession.ID=B6A04371E73F40DBA3373E22122D8E7E&SD.UserSession.CT=1781414329595&SD.UserSession.MD.Type=LoggedIn&SD.M
[2026-06-13 22:22:16] >> GET /v2/persistence/9000000000064/datastores/objects/object?datastore=NewProfiles2&objectKey=global%2F14463315
[2026-06-13 22:22:16] >> GET /studio/e.png?studioSid=6CC0A067-6251-498D-97D7-72F82332A8A5&clientID=1983CBC1-BFEF-4E46-A6E5-7574E69AA5BC&timestamp=1781414535802&userID=14463315&placeID=9991912465&category=Error&evt=QtMessage%5FWarning&label=QWindowsWindow%3A%3AsetGeometry%3A%20Unable%20to%20set%20geometry%201920x886%2B0%2B0%20%28frame%3A%201920x886%2B0%2B0%29%20on%20QWidgetWindow%2F%22Qtitan%3A%3ADockDocumentTabbedLayoutPanelClassWindow%22%20on%20%22%5C%5C%2E%5CDISPLAY1%22%2E%20Resulting%20geometry%3A%201920x991%2B0%2B0%20%28frame%3A%201920x991%2B0%2B0%29%20margins%3A%200%2C%200%2C%200%2C%200%29&value=0&SD.Platform.ID=39BD5212B7E147C4BB2598657C7226EC&SD.Platform.CT=1781414322384&SD.StudioSession.MD.Type=StartClient&SD.StudioSession.ID=6EA6A1942F214C57A6DE42308BCFC110&SD.Platform.MD.DebugVersion=FFlagStudioFlushDeferredEventsBlock%2C%20FFlagFixMissingStudioStartupSummaryEvent%2C%20FFlagFixWinStudioMissingStartEvent&SD.StudioSession.CT=1781414324104&SD.UserSession.ID=B6A04371E73F40DBA3373E22122D8E7E&SD.UserSession.CT=1781414329595&S
[2026-06-13 22:22:16] << /studio/e.png -> {}
[2026-06-13 22:22:16] << /studio/e.png -> {}
[2026-06-13 22:22:16] << /studio/e.png -> {}
[2026-06-13 22:22:16] << /studio/e.png -> {}
[2026-06-13 22:22:16] << /studio/e.png -> {}
[2026-06-13 22:22:16] << /studio/e.png -> {}
[2026-06-13 22:22:16] << /studio/e.png -> {}
[2026-06-13 22:22:16] << /v2/persistence/9000000000064/datastores/objects/object -> {"Prestige":0,"JDKnife":true,"ServerID":"","PlayerPoints":true,"userId":14463315,"Toys":{"Converted":true,"Slots":1,"Owned":[],"Reset":true,"Equipped":[]},"RedeemedCodes":[],"PetName":"","Gems":52000,"Halloween2021":{"ClaimedRewards":[],"Tutorial":false,"GotReward":false,"CurrentTier":1,"AncientClaimed":false},"EliteKnife":true,"July2022":{"ClaimedRewards":[],"Tutorial":false,"GotReward":false,"CurrentTier":1,"AncientClaimed":false},"Effects":{"Slots":1,"Owned":["Bitsplosion","IceMagic","Bitsplosion","Gearstorm","Greenplasma","Darkfire","Elitify"],"Equipped":["Bitsplosion"],"Converted":true},"Perks":{"Slots":1,"Owned":["Footsteps","Trap"],"Equipped":["Footsteps"],"Converted":true},"Materials":{"Owned":[]},"NumberOne":false,"ItemPacks":{"57926562":true,"56405653":true,"56405684":true,"56242584":true,"56405767":true,"64645263":true,"56424348":true,"58822124":true,"56242837":true,"44280489":true,"59577132":true,"59777097":true,"56668673":true,"590932
[2026-06-13 22:22:16] << /studio/e.png -> {}
[2026-06-13 22:22:16] >> GET /studio/e.png?studioSid=6CC0A067-6251-498D-97D7-72F82332A8A5&clientID=1983CBC1-BFEF-4E46-A6E5-7574E69AA5BC&timestamp=1781414535802&userID=14463315&placeID=9991912465&category=Error&evt=QtMessage%5FWarning&label=QWindowsWindow%3A%3AsetGeometry%3A%20Unable%20to%20set%20geometry%201920x856%2B0%2B30%20%28frame%3A%201920x856%2B0%2B30%29%20on%20QWidgetWindow%2F%22ideDocDocumentPanelWindow%22%20on%20%22%5C%5C%2E%5CDISPLAY1%22%2E%20Resulting%20geometry%3A%201920x991%2B0%2B0%20%28frame%3A%201920x991%2B0%2B0%29%20margins%3A%200%2C%200%2C%200%2C%200%29&value=0&SD.Platform.ID=39BD5212B7E147C4BB2598657C7226EC&SD.Platform.CT=1781414322384&SD.StudioSession.MD.Type=StartClient&SD.StudioSession.ID=6EA6A1942F214C57A6DE42308BCFC110&SD.Platform.MD.DebugVersion=FFlagStudioFlushDeferredEventsBlock%2C%20FFlagFixMissingStudioStartupSummaryEvent%2C%20FFlagFixWinStudioMissingStartEvent&SD.StudioSession.CT=1781414324104&SD.UserSession.ID=B6A04371E73F40DBA3373E22122D8E7E&SD.UserSession.CT=1781414329595&SD.UserSession.MD.Type=Log
[2026-06-13 22:22:16] >> GET /studio/e.png?studioSid=6CC0A067-6251-498D-97D7-72F82332A8A5&clientID=1983CBC1-BFEF-4E46-A6E5-7574E69AA5BC&timestamp=1781414535803&userID=14463315&placeID=9991912465&category=Error&evt=QtMessage%5FWarning&label=QWindowsWindow%3A%3AsetGeometry%3A%20Unable%20to%20set%20geometry%201918x854%2B1%2B1%20%28frame%3A%201918x854%2B1%2B1%29%20on%20QWidgetWindow%2F%22QStackedWidgetClassWindow%22%20on%20%22%5C%5C%2E%5CDISPLAY1%22%2E%20Resulting%20geometry%3A%201920x991%2B0%2B0%20%28frame%3A%201920x991%2B0%2B0%29%20margins%3A%200%2C%200%2C%200%2C%200%29&value=0&SD.Platform.ID=39BD5212B7E147C4BB2598657C7226EC&SD.Platform.CT=1781414322384&SD.StudioSession.MD.Type=StartClient&SD.StudioSession.ID=6EA6A1942F214C57A6DE42308BCFC110&SD.Platform.MD.DebugVersion=FFlagStudioFlushDeferredEventsBlock%2C%20FFlagFixMissingStudioStartupSummaryEvent%2C%20FFlagFixWinStudioMissingStartEvent&SD.StudioSession.CT=1781414324104&SD.UserSession.ID=B6A04371E73F40DBA3373E22122D8E7E&SD.UserSession.CT=1781414329595&SD.UserSession.MD.Type=Logge
[2026-06-13 22:22:16] >> GET /studio/e.png?studioSid=6CC0A067-6251-498D-97D7-72F82332A8A5&clientID=1983CBC1-BFEF-4E46-A6E5-7574E69AA5BC&timestamp=1781414535803&userID=14463315&placeID=9991912465&category=Error&evt=QtMessage%5FWarning&label=QWindowsWindow%3A%3AsetGeometry%3A%20Unable%20to%20set%20geometry%201918x854%2B0%2B0%20%28frame%3A%201918x854%2B0%2B0%29%20on%20QWidgetWindow%2F%22QWidgetClassWindow%22%20on%20%22%5C%5C%2E%5CDISPLAY1%22%2E%20Resulting%20geometry%3A%201920x991%2B0%2B0%20%28frame%3A%201920x991%2B0%2B0%29%20margins%3A%200%2C%200%2C%200%2C%200%29&value=0&SD.Platform.ID=39BD5212B7E147C4BB2598657C7226EC&SD.Platform.CT=1781414322384&SD.StudioSession.MD.Type=StartClient&SD.StudioSession.ID=6EA6A1942F214C57A6DE42308BCFC110&SD.Platform.MD.DebugVersion=FFlagStudioFlushDeferredEventsBlock%2C%20FFlagFixMissingStudioStartupSummaryEvent%2C%20FFlagFixWinStudioMissingStartEvent&SD.StudioSession.CT=1781414324104&SD.UserSession.ID=B6A04371E73F40DBA3373E22122D8E7E&SD.UserSession.CT=1781414329595&SD.UserSession.MD.Type=LoggedIn&SD.
[2026-06-13 22:22:16] >> GET /studio/e.png?studioSid=6CC0A067-6251-498D-97D7-72F82332A8A5&clientID=1983CBC1-BFEF-4E46-A6E5-7574E69AA5BC&timestamp=1781414535803&userID=14463315&placeID=9991912465&category=Error&evt=QtMessage%5FWarning&label=QWindowsWindow%3A%3AsetGeometry%3A%20Unable%20to%20set%20geometry%201918x854%2B0%2B0%20%28frame%3A%201918x854%2B0%2B0%29%20on%20QWidgetWindow%2F%22QScrollAreaClassWindow%22%20on%20%22%5C%5C%2E%5CDISPLAY1%22%2E%20Resulting%20geometry%3A%201920x991%2B0%2B0%20%28frame%3A%201920x991%2B0%2B0%29%20margins%3A%200%2C%200%2C%200%2C%200%29&value=0&SD.Platform.ID=39BD5212B7E147C4BB2598657C7226EC&SD.Platform.CT=1781414322384&SD.StudioSession.MD.Type=StartClient&SD.StudioSession.ID=6EA6A1942F214C57A6DE42308BCFC110&SD.Platform.MD.DebugVersion=FFlagStudioFlushDeferredEventsBlock%2C%20FFlagFixMissingStudioStartupSummaryEvent%2C%20FFlagFixWinStudioMissingStartEvent&SD.StudioSession.CT=1781414324104&SD.UserSession.ID=B6A04371E73F40DBA3373E22122D8E7E&SD.UserSession.CT=1781414329595&SD.UserSession.MD.Type=LoggedIn
[2026-06-13 22:22:16] >> GET /studio/e.png?studioSid=6CC0A067-6251-498D-97D7-72F82332A8A5&clientID=1983CBC1-BFEF-4E46-A6E5-7574E69AA5BC&timestamp=1781414535803&userID=14463315&placeID=9991912465&category=Error&evt=QtMessage%5FWarning&label=QWindowsWindow%3A%3AsetGeometry%3A%20Unable%20to%20set%20geometry%201918x854%2B0%2B0%20%28frame%3A%201918x854%2B0%2B0%29%20on%20QWidgetWindow%2F%22qt%5Fscrollarea%5FviewportWindow%22%20on%20%22%5C%5C%2E%5CDISPLAY1%22%2E%20Resulting%20geometry%3A%201920x991%2B0%2B0%20%28frame%3A%201920x991%2B0%2B0%29%20margins%3A%200%2C%200%2C%200%2C%200%29&value=0&SD.Platform.ID=39BD5212B7E147C4BB2598657C7226EC&SD.Platform.CT=1781414322384&SD.StudioSession.MD.Type=StartClient&SD.StudioSession.ID=6EA6A1942F214C57A6DE42308BCFC110&SD.Platform.MD.DebugVersion=FFlagStudioFlushDeferredEventsBlock%2C%20FFlagFixMissingStudioStartupSummaryEvent%2C%20FFlagFixWinStudioMissingStartEvent&SD.StudioSession.CT=1781414324104&SD.UserSession.ID=B6A04371E73F40DBA3373E22122D8E7E&SD.UserSession.CT=1781414329595&SD.UserSession.MD.Typ
[2026-06-13 22:22:16] >> GET /studio/e.png?studioSid=6CC0A067-6251-498D-97D7-72F82332A8A5&clientID=1983CBC1-BFEF-4E46-A6E5-7574E69AA5BC&timestamp=1781414535804&userID=14463315&placeID=9991912465&category=Error&evt=QtMessage%5FWarning&label=QWindowsWindow%3A%3AsetGeometry%3A%20Unable%20to%20set%20geometry%201918x854%2B0%2B0%20%28frame%3A%201918x854%2B0%2B0%29%20on%20QWidgetWindow%2F%22QWidgetClassWindow%22%20on%20%22%5C%5C%2E%5CDISPLAY1%22%2E%20Resulting%20geometry%3A%201920x991%2B0%2B0%20%28frame%3A%201920x991%2B0%2B0%29%20margins%3A%200%2C%200%2C%200%2C%200%29&value=0&SD.Platform.ID=39BD5212B7E147C4BB2598657C7226EC&SD.Platform.CT=1781414322384&SD.StudioSession.MD.Type=StartClient&SD.StudioSession.ID=6EA6A1942F214C57A6DE42308BCFC110&SD.Platform.MD.DebugVersion=FFlagStudioFlushDeferredEventsBlock%2C%20FFlagFixMissingStudioStartupSummaryEvent%2C%20FFlagFixWinStudioMissingStartEvent&SD.StudioSession.CT=1781414324104&SD.UserSession.ID=B6A04371E73F40DBA3373E22122D8E7E&SD.UserSession.CT=1781414329595&SD.UserSession.MD.Type=LoggedIn&SD.
[2026-06-13 22:22:16] >> GET /studio/e.png?studioSid=6CC0A067-6251-498D-97D7-72F82332A8A5&clientID=1983CBC1-BFEF-4E46-A6E5-7574E69AA5BC&timestamp=1781414535804&userID=14463315&placeID=9991912465&category=Error&evt=QtMessage%5FWarning&label=QWindowsWindow%3A%3AsetGeometry%3A%20Unable%20to%20set%20geometry%201918x854%2B0%2B0%20%28frame%3A%201918x854%2B0%2B0%29%20on%20QWidgetWindow%2F%22QWidgetClassWindow%22%20on%20%22%5C%5C%2E%5CDISPLAY1%22%2E%20Resulting%20geometry%3A%201920x991%2B0%2B0%20%28frame%3A%201920x991%2B0%2B0%29%20margins%3A%200%2C%200%2C%200%2C%200%29&value=0&SD.Platform.ID=39BD5212B7E147C4BB2598657C7226EC&SD.Platform.CT=1781414322384&SD.StudioSession.MD.Type=StartClient&SD.StudioSession.ID=6EA6A1942F214C57A6DE42308BCFC110&SD.Platform.MD.DebugVersion=FFlagStudioFlushDeferredEventsBlock%2C%20FFlagFixMissingStudioStartupSummaryEvent%2C%20FFlagFixWinStudioMissingStartEvent&SD.StudioSession.CT=1781414324104&SD.UserSession.ID=B6A04371E73F40DBA3373E22122D8E7E&SD.UserSession.CT=1781414329595&SD.UserSession.MD.Type=LoggedIn&SD.
[2026-06-13 22:22:16] >> GET /studio/e.png?studioSid=6CC0A067-6251-498D-97D7-72F82332A8A5&clientID=1983CBC1-BFEF-4E46-A6E5-7574E69AA5BC&timestamp=1781414535804&userID=14463315&placeID=9991912465&category=Error&evt=QtMessage%5FWarning&label=QWindowsWindow%3A%3AsetGeometry%3A%20Unable%20to%20set%20geometry%201918x854%2B0%2B0%20%28frame%3A%201918x854%2B0%2B0%29%20on%20QWidgetWindow%2F%22QOgreWidgetWindow%22%20on%20%22%5C%5C%2E%5CDISPLAY1%22%2E%20Resulting%20geometry%3A%201920x991%2B0%2B0%20%28frame%3A%201920x991%2B0%2B0%29%20margins%3A%200%2C%200%2C%200%2C%200%29&value=0&SD.Platform.ID=39BD5212B7E147C4BB2598657C7226EC&SD.Platform.CT=1781414322384&SD.StudioSession.MD.Type=StartClient&SD.StudioSession.ID=6EA6A1942F214C57A6DE42308BCFC110&SD.Platform.MD.DebugVersion=FFlagStudioFlushDeferredEventsBlock%2C%20FFlagFixMissingStudioStartupSummaryEvent%2C%20FFlagFixWinStudioMissingStartEvent&SD.StudioSession.CT=1781414324104&SD.UserSession.ID=B6A04371E73F40DBA3373E22122D8E7E&SD.UserSession.CT=1781414329595&SD.UserSession.MD.Type=LoggedIn&SD.M
[2026-06-13 22:22:16] << /studio/e.png -> {}
[2026-06-13 22:22:16] << /studio/e.png -> {}
[2026-06-13 22:22:16] << /studio/e.png -> {}
[2026-06-13 22:22:16] << /studio/e.png -> {}
[2026-06-13 22:22:16] << /studio/e.png -> {}
[2026-06-13 22:22:16] << /studio/e.png -> {}
[2026-06-13 22:22:16] << /studio/e.png -> {}
[2026-06-13 22:22:16] << /studio/e.png -> {}
[2026-06-13 22:22:17] >> GET /studio/e.png?studioSid=6CC0A067-6251-498D-97D7-72F82332A8A5&clientID=1983CBC1-BFEF-4E46-A6E5-7574E69AA5BC&timestamp=1781414535807&userID=14463315&placeID=9991912465&category=Error&evt=QtMessage%5FWarning&label=QWindowsWindow%3A%3AsetParent%5Fsys%20QWidgetWindow%280x4d0275e0%2C%20name%3D%22ideDocDocumentPanelWindow%22%29%200x440dce%200x0%20SetParent%28%29%20returned%20NULL%3A%20%22The%20operation%20completed%20successfully%2E%5Cr%5Cn%22&value=0&SD.Platform.ID=39BD5212B7E147C4BB2598657C7226EC&SD.Platform.CT=1781414322384&SD.StudioSession.MD.Type=StartClient&SD.StudioSession.ID=6EA6A1942F214C57A6DE42308BCFC110&SD.Platform.MD.DebugVersion=FFlagStudioFlushDeferredEventsBlock%2C%20FFlagFixMissingStudioStartupSummaryEvent%2C%20FFlagFixWinStudioMissingStartEvent&SD.StudioSession.CT=1781414324104&SD.UserSession.ID=B6A04371E73F40DBA3373E22122D8E7E&SD.UserSession.CT=1781414329595&SD.UserSession.MD.Type=LoggedIn&SD.MainViewSession.ID=F56B3182993E44DCAA75E2390D37758B&SD.MainViewSession.CT=1781414329595&SD.MainVie
[2026-06-13 22:22:17] >> GET /studio/e.png?studioSid=6CC0A067-6251-498D-97D7-72F82332A8A5&clientID=1983CBC1-BFEF-4E46-A6E5-7574E69AA5BC&timestamp=1781414535833&userID=14463315&placeID=9991912465&category=Error&evt=QtMessage%5FWarning&label=QWindowsWindow%3A%3AsetParent%5Fsys%20QWidgetWindow%280x27b2da90%2C%20name%3D%22HiddenOgreWidgetWindow%22%29%200x1f0642%200x56103a%20SetParent%28%29%20returned%20NULL%3A%20%22The%20operation%20completed%20successfully%2E%5Cr%5Cn%22&value=0&SD.Platform.ID=39BD5212B7E147C4BB2598657C7226EC&SD.Platform.CT=1781414322384&SD.StudioSession.MD.Type=StartClient&SD.StudioSession.ID=6EA6A1942F214C57A6DE42308BCFC110&SD.Platform.MD.DebugVersion=FFlagStudioFlushDeferredEventsBlock%2C%20FFlagFixMissingStudioStartupSummaryEvent%2C%20FFlagFixWinStudioMissingStartEvent&SD.StudioSession.CT=1781414324104&SD.UserSession.ID=B6A04371E73F40DBA3373E22122D8E7E&SD.UserSession.CT=1781414329595&SD.UserSession.MD.Type=LoggedIn&SD.MainViewSession.ID=F56B3182993E44DCAA75E2390D37758B&SD.MainViewSession.CT=1781414329595&SD.MainV
[2026-06-13 22:22:17] >> GET /studio/e.png?studioSid=6CC0A067-6251-498D-97D7-72F82332A8A5&clientID=1983CBC1-BFEF-4E46-A6E5-7574E69AA5BC&timestamp=1781414535833&userID=14463315&placeID=9991912465&category=Error&evt=QtMessage%5FWarning&label=QWindowsWindow%3A%3AsetGeometry%3A%20Unable%20to%20set%20geometry%201918x854%2B0%2B0%20%28frame%3A%201918x854%2B0%2B0%29%20on%20QWidgetWindow%2F%22HiddenOgreWidgetWindow%22%20on%20%22%5C%5C%2E%5CDISPLAY1%22%2E%20Resulting%20geometry%3A%201920x991%2B0%2B0%20%28frame%3A%201920x991%2B0%2B0%29%20margins%3A%200%2C%200%2C%200%2C%200%29&value=0&SD.Platform.ID=39BD5212B7E147C4BB2598657C7226EC&SD.Platform.CT=1781414322384&SD.StudioSession.MD.Type=StartClient&SD.StudioSession.ID=6EA6A1942F214C57A6DE42308BCFC110&SD.Platform.MD.DebugVersion=FFlagStudioFlushDeferredEventsBlock%2C%20FFlagFixMissingStudioStartupSummaryEvent%2C%20FFlagFixWinStudioMissingStartEvent&SD.StudioSession.CT=1781414324104&SD.UserSession.ID=B6A04371E73F40DBA3373E22122D8E7E&SD.UserSession.CT=1781414329595&SD.UserSession.MD.Type=LoggedIn
[2026-06-13 22:22:17] >> POST /Game/ClientPresence.ashx?version=old&placeid=9991912465&locationtype=Studio&disconnect=true
[2026-06-13 22:22:17] >> POST /v1.1/Counters/BatchIncrement?apiKey=76E5A40C%2D3AE1%2D4028%2D9F10%2D7C62520BD94F
[2026-06-13 22:22:17] >> GET /studio/e.png?studioSid=6CC0A067-6251-498D-97D7-72F82332A8A5&clientID=1983CBC1-BFEF-4E46-A6E5-7574E69AA5BC&timestamp=1781414535881&userID=14463315&placeID=9991912465&category=Game&evt=ComputerCameraMovementModeMS&label=Default&value=214985&SD.Platform.ID=39BD5212B7E147C4BB2598657C7226EC&SD.Platform.CT=1781414322384&SD.StudioSession.MD.Type=StartClient&SD.StudioSession.ID=6EA6A1942F214C57A6DE42308BCFC110&SD.Platform.MD.DebugVersion=FFlagStudioFlushDeferredEventsBlock%2C%20FFlagFixMissingStudioStartupSummaryEvent%2C%20FFlagFixWinStudioMissingStartEvent&SD.StudioSession.CT=1781414324104&SD.UserSession.ID=B6A04371E73F40DBA3373E22122D8E7E&SD.UserSession.CT=1781414329595&SD.UserSession.MD.Type=LoggedIn&SD.MainViewSession.ID=F56B3182993E44DCAA75E2390D37758B&SD.MainViewSession.CT=1781414329595&SD.MainViewSession.MD.Type=StartClient&SD.MainViewSession.MD.PlaceInstanceId=00000000%2D0000%2D0000%2D0000%2D000000000000
[2026-06-13 22:22:17] >> GET /studio/e.png?studioSid=6CC0A067-6251-498D-97D7-72F82332A8A5&clientID=1983CBC1-BFEF-4E46-A6E5-7574E69AA5BC&timestamp=1781414535881&userID=14463315&placeID=9991912465&category=Game&evt=ComputerMovementModeMS&label=Default&value=214985&SD.Platform.ID=39BD5212B7E147C4BB2598657C7226EC&SD.Platform.CT=1781414322384&SD.StudioSession.MD.Type=StartClient&SD.StudioSession.ID=6EA6A1942F214C57A6DE42308BCFC110&SD.Platform.MD.DebugVersion=FFlagStudioFlushDeferredEventsBlock%2C%20FFlagFixMissingStudioStartupSummaryEvent%2C%20FFlagFixWinStudioMissingStartEvent&SD.StudioSession.CT=1781414324104&SD.UserSession.ID=B6A04371E73F40DBA3373E22122D8E7E&SD.UserSession.CT=1781414329595&SD.UserSession.MD.Type=LoggedIn&SD.MainViewSession.ID=F56B3182993E44DCAA75E2390D37758B&SD.MainViewSession.CT=1781414329595&SD.MainViewSession.MD.Type=StartClient&SD.MainViewSession.MD.PlaceInstanceId=00000000%2D0000%2D0000%2D0000%2D000000000000
[2026-06-13 22:22:17] << /studio/e.png -> {}
[2026-06-13 22:22:17] << /studio/e.png -> {}
[2026-06-13 22:22:17] << /studio/e.png -> {}
[2026-06-13 22:22:17] << /v1.1/Counters/BatchIncrement -> {}
[2026-06-13 22:22:17] << /studio/e.png -> {}
[2026-06-13 22:22:17] << /studio/e.png -> {}
[2026-06-13 22:22:17] >> GET /studio/e.png?studioSid=6CC0A067-6251-498D-97D7-72F82332A8A5&clientID=1983CBC1-BFEF-4E46-A6E5-7574E69AA5BC&timestamp=1781414536570&userID=14463315&placeID=9991912465&category=Game&evt=ComputerCameraMovementModeMS&label=Default&value=688&SD.Platform.ID=39BD5212B7E147C4BB2598657C7226EC&SD.Platform.CT=1781414322384&SD.StudioSession.MD.Type=StartClient&SD.StudioSession.ID=6EA6A1942F214C57A6DE42308BCFC110&SD.Platform.MD.DebugVersion=FFlagStudioFlushDeferredEventsBlock%2C%20FFlagFixMissingStudioStartupSummaryEvent%2C%20FFlagFixWinStudioMissingStartEvent&SD.StudioSession.CT=1781414324104&SD.UserSession.ID=B6A04371E73F40DBA3373E22122D8E7E&SD.UserSession.CT=1781414329595&SD.UserSession.MD.Type=LoggedIn&SD.MainViewSession.ID=9C3E6BFC6CF04DF6837191521C578843&SD.MainViewSession.CT=1781414536553&SD.MainViewSession.MD.Type=StartPage&SD.MainViewSession.MD.PlaceInstanceId=00000000%2D0000%2D0000%2D0000%2D000000000000
[2026-06-13 22:22:17] << /studio/e.png -> {}
[2026-06-13 22:22:17] >> GET /studio/e.png?studioSid=6CC0A067-6251-498D-97D7-72F82332A8A5&clientID=1983CBC1-BFEF-4E46-A6E5-7574E69AA5BC&timestamp=1781414536570&userID=14463315&placeID=9991912465&category=Game&evt=ComputerMovementModeMS&label=Default&value=688&SD.Platform.ID=39BD5212B7E147C4BB2598657C7226EC&SD.Platform.CT=1781414322384&SD.StudioSession.MD.Type=StartClient&SD.StudioSession.ID=6EA6A1942F214C57A6DE42308BCFC110&SD.Platform.MD.DebugVersion=FFlagStudioFlushDeferredEventsBlock%2C%20FFlagFixMissingStudioStartupSummaryEvent%2C%20FFlagFixWinStudioMissingStartEvent&SD.StudioSession.CT=1781414324104&SD.UserSession.ID=B6A04371E73F40DBA3373E22122D8E7E&SD.UserSession.CT=1781414329595&SD.UserSession.MD.Type=LoggedIn&SD.MainViewSession.ID=9C3E6BFC6CF04DF6837191521C578843&SD.MainViewSession.CT=1781414536553&SD.MainViewSession.MD.Type=StartPage&SD.MainViewSession.MD.PlaceInstanceId=00000000%2D0000%2D0000%2D0000%2D000000000000
[2026-06-13 22:22:17] >> GET /studio/e.png?studioSid=6CC0A067-6251-498D-97D7-72F82332A8A5&clientID=1983CBC1-BFEF-4E46-A6E5-7574E69AA5BC&timestamp=1781414536625&userID=14463315&placeID=9991912465&category=Error&evt=QtMessage%5FWarning&label=External%20WM%5FDESTROY%20received%20for%20%20QWidgetWindow%280x27b2da90%2C%20name%3D%22HiddenOgreWidgetWindow%22%29%20%2C%20parent%3A%20%20QWidgetWindow%280x1a46bac0%2C%20name%3D%22RibbonMainWindowWindow%22%29%20%2C%20transient%20parent%3A%20%20QWindow%280x0%29&value=0&SD.Platform.ID=39BD5212B7E147C4BB2598657C7226EC&SD.Platform.CT=1781414322384&SD.StudioSession.MD.Type=StartClient&SD.StudioSession.ID=6EA6A1942F214C57A6DE42308BCFC110&SD.Platform.MD.DebugVersion=FFlagStudioFlushDeferredEventsBlock%2C%20FFlagFixMissingStudioStartupSummaryEvent%2C%20FFlagFixWinStudioMissingStartEvent&SD.StudioSession.CT=1781414324104&SD.UserSession.ID=B6A04371E73F40DBA3373E22122D8E7E&SD.UserSession.CT=1781414329595&SD.UserSession.MD.Type=LoggedIn&SD.MainViewSession.ID=9C3E6BFC6CF04DF6837191521C578843&SD.MainViewSe
[2026-06-13 22:22:17] >> GET /studio/e.png?studioSid=6CC0A067-6251-498D-97D7-72F82332A8A5&clientID=1983CBC1-BFEF-4E46-A6E5-7574E69AA5BC&timestamp=1781414536625&userID=14463315&placeID=9991912465&category=Error&evt=QtMessage%5FWarning&label=External%20WM%5FDESTROY%20received%20for%20%20QWidgetWindow%280x3c552900%2C%20name%3D%22QWidgetClassWindow%22%29%20%2C%20parent%3A%20%20QWidgetWindow%280x27b2da90%2C%20name%3D%22HiddenOgreWidgetWindow%22%29%20%2C%20transient%20parent%3A%20%20QWindow%280x0%29&value=0&SD.Platform.ID=39BD5212B7E147C4BB2598657C7226EC&SD.Platform.CT=1781414322384&SD.StudioSession.MD.Type=StartClient&SD.StudioSession.ID=6EA6A1942F214C57A6DE42308BCFC110&SD.Platform.MD.DebugVersion=FFlagStudioFlushDeferredEventsBlock%2C%20FFlagFixMissingStudioStartupSummaryEvent%2C%20FFlagFixWinStudioMissingStartEvent&SD.StudioSession.CT=1781414324104&SD.UserSession.ID=B6A04371E73F40DBA3373E22122D8E7E&SD.UserSession.CT=1781414329595&SD.UserSession.MD.Type=LoggedIn&SD.MainViewSession.ID=9C3E6BFC6CF04DF6837191521C578843&SD.MainViewSessio
[2026-06-13 22:22:17] >> GET /studio/e.png?studioSid=6CC0A067-6251-498D-97D7-72F82332A8A5&clientID=1983CBC1-BFEF-4E46-A6E5-7574E69AA5BC&timestamp=1781414536626&userID=14463315&placeID=9991912465&category=Error&evt=QtMessage%5FWarning&label=External%20WM%5FDESTROY%20received%20for%20%20QWidgetWindow%280x3c5528c8%2C%20name%3D%22QWidgetClassWindow%22%29%20%2C%20parent%3A%20%20QWidgetWindow%280x27b2da90%2C%20name%3D%22HiddenOgreWidgetWindow%22%29%20%2C%20transient%20parent%3A%20%20QWindow%280x0%29&value=0&SD.Platform.ID=39BD5212B7E147C4BB2598657C7226EC&SD.Platform.CT=1781414322384&SD.StudioSession.MD.Type=StartClient&SD.StudioSession.ID=6EA6A1942F214C57A6DE42308BCFC110&SD.Platform.MD.DebugVersion=FFlagStudioFlushDeferredEventsBlock%2C%20FFlagFixMissingStudioStartupSummaryEvent%2C%20FFlagFixWinStudioMissingStartEvent&SD.StudioSession.CT=1781414324104&SD.UserSession.ID=B6A04371E73F40DBA3373E22122D8E7E&SD.UserSession.CT=1781414329595&SD.UserSession.MD.Type=LoggedIn&SD.MainViewSession.ID=9C3E6BFC6CF04DF6837191521C578843&SD.MainViewSessio
[2026-06-13 22:22:17] >> GET /studio/e.png?studioSid=6CC0A067-6251-498D-97D7-72F82332A8A5&clientID=1983CBC1-BFEF-4E46-A6E5-7574E69AA5BC&timestamp=1781414536626&userID=14463315&placeID=9991912465&category=Error&evt=QtMessage%5FWarning&label=External%20WM%5FDESTROY%20received%20for%20%20QWidgetWindow%280x3c552698%2C%20name%3D%22QWidgetClassWindow%22%29%20%2C%20parent%3A%20%20QWidgetWindow%280x27b2da90%2C%20name%3D%22HiddenOgreWidgetWindow%22%29%20%2C%20transient%20parent%3A%20%20QWindow%280x0%29&value=0&SD.Platform.ID=39BD5212B7E147C4BB2598657C7226EC&SD.Platform.CT=1781414322384&SD.StudioSession.MD.Type=StartClient&SD.StudioSession.ID=6EA6A1942F214C57A6DE42308BCFC110&SD.Platform.MD.DebugVersion=FFlagStudioFlushDeferredEventsBlock%2C%20FFlagFixMissingStudioStartupSummaryEvent%2C%20FFlagFixWinStudioMissingStartEvent&SD.StudioSession.CT=1781414324104&SD.UserSession.ID=B6A04371E73F40DBA3373E22122D8E7E&SD.UserSession.CT=1781414329595&SD.UserSession.MD.Type=LoggedIn&SD.MainViewSession.ID=9C3E6BFC6CF04DF6837191521C578843&SD.MainViewSessio
[2026-06-13 22:22:17] >> GET /studio/e.png?studioSid=6CC0A067-6251-498D-97D7-72F82332A8A5&clientID=1983CBC1-BFEF-4E46-A6E5-7574E69AA5BC&timestamp=1781414536626&userID=14463315&placeID=9991912465&category=Error&evt=QtMessage%5FWarning&label=External%20WM%5FDESTROY%20received%20for%20%20QWidgetWindow%280x27b2d668%2C%20name%3D%22TextboxWidgetWindow%22%29%20%2C%20parent%3A%20%20QWidgetWindow%280x27b2da90%2C%20name%3D%22HiddenOgreWidgetWindow%22%29%20%2C%20transient%20parent%3A%20%20QWindow%280x0%29&value=0&SD.Platform.ID=39BD5212B7E147C4BB2598657C7226EC&SD.Platform.CT=1781414322384&SD.StudioSession.MD.Type=StartClient&SD.StudioSession.ID=6EA6A1942F214C57A6DE42308BCFC110&SD.Platform.MD.DebugVersion=FFlagStudioFlushDeferredEventsBlock%2C%20FFlagFixMissingStudioStartupSummaryEvent%2C%20FFlagFixWinStudioMissingStartEvent&SD.StudioSession.CT=1781414324104&SD.UserSession.ID=B6A04371E73F40DBA3373E22122D8E7E&SD.UserSession.CT=1781414329595&SD.UserSession.MD.Type=LoggedIn&SD.MainViewSession.ID=9C3E6BFC6CF04DF6837191521C578843&SD.MainViewSessi
[2026-06-13 22:22:17] << /studio/e.png -> {}
[2026-06-13 22:22:17] << /studio/e.png -> {}
[2026-06-13 22:22:17] << /studio/e.png -> {}
[2026-06-13 22:22:17] << /studio/e.png -> {}
[2026-06-13 22:22:17] << /studio/e.png -> {}
[2026-06-13 22:22:17] << /studio/e.png -> {}
[2026-06-13 22:22:17] >> POST /v2/persistence/9000000000064/datastores/objects/object?datastore=NewProfiles2&objectKey=global%2F14463315
[2026-06-13 22:22:17] << /v2/persistence/9000000000064/datastores/objects/object -> {"version":"1","deleted":false,"contentLength":0,"createdTime":"2023-01-01T00:00:00Z","objectCreatedTime":"2023-01-01T00:00:00Z"}
[2026-06-13 22:22:17] >> POST /studio/pbe
[2026-06-13 22:22:17] >> POST /studio/pbe
[2026-06-13 22:22:17] >> POST /studio/pbe
[2026-06-13 22:22:17] >> PATCH /studio-user-settings/v1/user/studiodata/CloudEditKey_placeId9991912465
[2026-06-13 22:22:17] >> POST /v1.0/SequenceStatistics/BatchAddToSequencesV2?apiKey=76E5A40C%2D3AE1%2D4028%2D9F10%2D7C62520BD94F
[2026-06-13 22:22:17] << /studio/pbe -> {}
[2026-06-13 22:22:17] << /studio/pbe -> {}
[2026-06-13 22:22:17] << /studio/pbe -> {}
[2026-06-13 22:22:17] << /studio-user-settings/v1/user/studiodata/CloudEditKey_placeId9991912465 -> {}
[2026-06-13 22:22:17] << /v1.0/SequenceStatistics/BatchAddToSequencesV2 -> {}
[2026-06-13 22:22:18] >> POST /v1.1/Counters/BatchIncrement?apiKey=76E5A40C%2D3AE1%2D4028%2D9F10%2D7C62520BD94F
[2026-06-13 22:22:18] << /v1.1/Counters/BatchIncrement -> {}
[2026-06-13 22:22:18] >> POST /v1.0/SequenceStatistics/BatchAddToSequencesV2?apiKey=76E5A40C%2D3AE1%2D4028%2D9F10%2D7C62520BD94F
[2026-06-13 22:22:18] << /v1.0/SequenceStatistics/BatchAddToSequencesV2 -> {}
[2026-06-13 22:22:18] >> POST /v1.0/SequenceStatistics/BatchAddToSequencesV2?apiKey=76E5A40C%2D3AE1%2D4028%2D9F10%2D7C62520BD94F
[2026-06-13 22:22:18] >> POST /v1.1/Counters/BatchIncrement?apiKey=76E5A40C%2D3AE1%2D4028%2D9F10%2D7C62520BD94F
[2026-06-13 22:22:18] << /v1.0/SequenceStatistics/BatchAddToSequencesV2 -> {}
[2026-06-13 22:22:18] << /v1.1/Counters/BatchIncrement -> {}
[2026-06-13 22:22:18] >> POST /v1.1/Counters/BatchIncrement?apiKey=76E5A40C%2D3AE1%2D4028%2D9F10%2D7C62520BD94F
[2026-06-13 22:22:18] >> POST /studio/pbe
[2026-06-13 22:22:18] << /v1.1/Counters/BatchIncrement -> {}
[2026-06-13 22:22:18] << /studio/pbe -> {}
[2026-06-13 22:22:18] >> POST /studio/pbe
[2026-06-13 22:22:18] << /studio/pbe -> {}
[2026-06-13 22:22:18] >> POST /studio/pbe
[2026-06-13 22:22:18] << /studio/pbe -> {}
[2026-06-13 22:22:19] >> POST /studio/pbe
[2026-06-13 22:22:19] << /studio/pbe -> {}
