[dllmain] SafeInit pid=32500
[name_patcher] x64 name patch OK -> 'HearMeRoar' (buf 00007FF6FF3C0000)
[udp_relay] installing IAT hooks (client=0 server=1)
[udp_relay] username='HearMeRoar' (10 chars)
[udp_relay] hooks: sendto=00007FFE8DE10900 recvfrom=00007FFE8DE10050 WSASendTo=00007FFE8DE11390 WSARecvFrom=00007FFE8DE0E6A0 WSARecv=00007FFE8DE0EC60
[dllmain] StartServer: installing script-start hook
[dllmain] not a StartClient launch - skipping Qt hider (relay + username server already active)
[dllmain] SafeInit pid=25088
[name_patcher] x64 name patch OK -> 'HearMeRoar' (buf 00007FF6FF3C0000)
[udp_relay] installing IAT hooks (client=0 server=1)
[udp_relay] username='HearMeRoar' (10 chars)
[udp_relay] hooks: sendto=00007FFE8DE10900 recvfrom=00007FFE8DE10050 WSASendTo=00007FFE8DE11390 WSARecvFrom=00007FFE8DE0E6A0 WSARecv=00007FFE8DE0EC60
[dllmain] StartServer: installing script-start hook
[dllmain] not a StartClient launch - skipping Qt hider (relay + username server already active)
[dllmain] SafeInit pid=10992
[name_patcher] x64 name patch OK -> 'HearMeRoar' (buf 00007FF6FF3C0000)
[udp_relay] installing IAT hooks (client=0 server=1)
[udp_relay] username='HearMeRoar' (10 chars)
[udp_relay] hooks: sendto=00007FFE8DE10900 recvfrom=00007FFE8DE10050 WSASendTo=00007FFE8DE11390 WSARecvFrom=00007FFE8DE0E6A0 WSARecv=00007FFE8DE0EC60
[dllmain] StartServer: installing script-start hook
[dllmain] not a StartClient launch - skipping Qt hider (relay + username server already active)
[dllmain] SafeInit pid=27304
[name_patcher] x64 name patch OK -> 'HearMeRoar' (buf 00007FF6FF3C0000)
[udp_relay] installing IAT hooks (client=1 server=0)
[udp_relay] username='HearMeRoar' (10 chars)
[udp_relay] hooks: sendto=00007FFE8DE10900 recvfrom=0000000000000000 WSASendTo=00007FFE8DE11390 WSARecvFrom=0000000000000000 WSARecv=0000000000000000
[rcc_patch] IP patched @rva=0x4FA1DAE -> '127.0.0.1' (len mov updated)
[rcc_patch] IP patched @rva=0x2793CDA -> '127.0.0.1' (len mov updated)
[rcc_patch] IP patched @rva=0x2793DA7 -> '127.0.0.1' (len mov updated)
[rcc_patch] IP patched @rva=0x2793E8B -> '127.0.0.1' (len mov updated)
[rcc_patch] IP patched @rva=0x2793F2D -> '127.0.0.1' (len mov updated)
[dllmain] StartClient launch confirmed - activating Qt hider
[hider] Qt symbols: find=00007FFD96E38A00 className=00007FFD93887A50 -> OK
[hider]  hwnd=0000000000080F68 parent=00000000010A0982 vis=0 area=4750 chrome=1 qclass=Qtitan::DockWidgetPanel
[hider]  hwnd=00000000000B0D5C parent=00000000010A0982 vis=0 area=4750 chrome=1 qclass=Qtitan::DockWidgetPanel
[hider]  hwnd=0000000002210DBE parent=00000000010A0982 vis=0 area=4750 chrome=1 qclass=Qtitan::DockWidgetPanel
[hider]  hwnd=00000000000E0DFE parent=00000000010A0982 vis=0 area=4750 chrome=1 qclass=Qtitan::DockWidgetPanel
[hider]  hwnd=0000000000080DFA parent=00000000010A0982 vis=0 area=4750 chrome=1 qclass=Qtitan::DockWidgetPanel
[hider]  hwnd=00000000003D0E86 parent=00000000010A0982 vis=0 area=4750 chrome=1 qclass=Qtitan::DockWidgetPanel
[hider]  hwnd=00000000012D0D6A parent=00000000010A0982 vis=0 area=4750 chrome=1 qclass=Qtitan::DockWidgetPanel
[hider]  hwnd=00000000007E06F2 parent=00000000010A0982 vis=0 area=4750 chrome=1 qclass=Qtitan::DockWidgetPanel
[hider]  hwnd=000000000054097A parent=00000000010A0982 vis=0 area=4750 chrome=1 qclass=Qtitan::DockWidgetPanel
[hider]  hwnd=0000000000240DA6 parent=00000000010A0982 vis=0 area=4750 chrome=1 qclass=Qtitan::DockWidgetPanel
[hider]  hwnd=0000000000250360 parent=00000000010A0982 vis=0 area=15625 chrome=0 qclass=RBX::Studio::QEngineWidget
[hider] viewport = 0000000000250360 qclass=RBX::Studio::QEngineWidget
[hider] pass: viewport=0000000000250360 chainLen=2 newlyBlocked=10 alreadyBlocked=0 totalWins=11
[hider] viewport = 00000000006401CA qclass=RBX::Studio::QEngineWidget
[hider] pass: viewport=00000000006401CA chainLen=2 newlyBlocked=0 alreadyBlocked=0 totalWins=1
[hider] viewport = 00000000006401CA qclass=RBX::Studio::QEngineWidget
[hider] pass: viewport=00000000006401CA chainLen=2 newlyBlocked=0 alreadyBlocked=0 totalWins=1
[udp_relay] SEND magic to 127.0.0.1:54188 username='HearMeRoar'
[hider] viewport = 00000000006401CA qclass=RBX::Studio::QEngineWidget
[hider] pass: viewport=00000000006401CA chainLen=2 newlyBlocked=0 alreadyBlocked=0 totalWins=1
[hider] viewport = 00000000006401CA qclass=RBX::Studio::QEngineWidget
[hider] pass: viewport=00000000006401CA chainLen=2 newlyBlocked=0 alreadyBlocked=0 totalWins=1
[hider] viewport = 00000000006401CA qclass=RBX::Studio::QEngineWidget
[hider] pass: viewport=00000000006401CA chainLen=2 newlyBlocked=0 alreadyBlocked=0 totalWins=1
[hider] viewport = 00000000006401CA qclass=RBX::Studio::QEngineWidget
[hider] pass: viewport=00000000006401CA chainLen=2 newlyBlocked=0 alreadyBlocked=0 totalWins=1
[hider] viewport = 00000000006401CA qclass=RBX::Studio::QEngineWidget
[hider] pass: viewport=00000000006401CA chainLen=2 newlyBlocked=0 alreadyBlocked=0 totalWins=1
[hider] viewport = 00000000006401CA qclass=RBX::Studio::QEngineWidget
[hider] pass: viewport=00000000006401CA chainLen=2 newlyBlocked=0 alreadyBlocked=0 totalWins=1
[hider] viewport = 00000000006401CA qclass=RBX::Studio::QEngineWidget
[hider] pass: viewport=00000000006401CA chainLen=2 newlyBlocked=0 alreadyBlocked=0 totalWins=1
[hider] viewport = 00000000006401CA qclass=RBX::Studio::QEngineWidget
[hider] pass: viewport=00000000006401CA chainLen=2 newlyBlocked=0 alreadyBlocked=0 totalWins=1
[hider] viewport = 00000000006401CA qclass=RBX::Studio::QEngineWidget
[hider] pass: viewport=00000000006401CA chainLen=2 newlyBlocked=0 alreadyBlocked=0 totalWins=1
[hider] viewport = 00000000006401CA qclass=RBX::Studio::QEngineWidget
[hider] pass: viewport=00000000006401CA chainLen=2 newlyBlocked=0 alreadyBlocked=0 totalWins=1
[hider] viewport = 00000000006401CA qclass=RBX::Studio::QEngineWidget
[hider] pass: viewport=00000000006401CA chainLen=2 newlyBlocked=0 alreadyBlocked=0 totalWins=1
[dllmain] SafeInit pid=32760
[name_patcher] x64 name patch OK -> 'HearMeRoar' (buf 00007FF6FF3C0000)
[udp_relay] installing IAT hooks (client=0 server=1)
[udp_relay] username='HearMeRoar' (10 chars)
[udp_relay] hooks: sendto=00007FFE8DE10900 recvfrom=00007FFE8DE10050 WSASendTo=00007FFE8DE11390 WSARecvFrom=00007FFE8DE0E6A0 WSARecv=00007FFE8DE0EC60
[dllmain] StartServer: installing script-start hook
[dllmain] not a StartClient launch - skipping Qt hider (relay + username server already active)
[dllmain] SafeInit pid=31340
[name_patcher] x64 name patch OK -> 'HearMeRoar' (buf 00007FF6FF3C0000)
[udp_relay] installing IAT hooks (client=0 server=1)
[udp_relay] username='HearMeRoar' (10 chars)
[udp_relay] hooks: sendto=00007FFE8DE10900 recvfrom=00007FFE8DE10050 WSASendTo=00007FFE8DE11390 WSARecvFrom=00007FFE8DE0E6A0 WSARecv=00007FFE8DE0EC60
[dllmain] StartServer: installing script-start hook
[dllmain] not a StartClient launch - skipping Qt hider (relay + username server already active)
[dllmain] SafeInit pid=17564
[name_patcher] x64 name patch OK -> 'HearMeRoar' (buf 00007FF6FF3C0000)
[udp_relay] installing IAT hooks (client=1 server=0)
[udp_relay] username='HearMeRoar' (10 chars)
[udp_relay] hooks: sendto=00007FFE8DE10900 recvfrom=0000000000000000 WSASendTo=00007FFE8DE11390 WSARecvFrom=0000000000000000 WSARecv=0000000000000000
[rcc_patch] IP patched @rva=0x4FA1DAE -> '127.0.0.1' (len mov updated)
[rcc_patch] IP patched @rva=0x2793CDA -> '127.0.0.1' (len mov updated)
[rcc_patch] IP patched @rva=0x2793DA7 -> '127.0.0.1' (len mov updated)
[rcc_patch] IP patched @rva=0x2793E8B -> '127.0.0.1' (len mov updated)
[rcc_patch] IP patched @rva=0x2793F2D -> '127.0.0.1' (len mov updated)
[dllmain] StartClient launch confirmed - activating Qt hider
[hider] Qt symbols: find=00007FFD97538A00 className=00007FFD95887A50 -> OK
[hider]  hwnd=0000000000990EBC parent=00000000030F0B5C vis=0 area=4750 chrome=1 qclass=Qtitan::DockWidgetPanel
[hider]  hwnd=0000000000120EA6 parent=00000000030F0B5C vis=0 area=4750 chrome=1 qclass=Qtitan::DockWidgetPanel
[hider]  hwnd=00000000011506B0 parent=00000000030F0B5C vis=0 area=4750 chrome=1 qclass=Qtitan::DockWidgetPanel
[hider]  hwnd=0000000001470898 parent=00000000030F0B5C vis=0 area=4750 chrome=1 qclass=Qtitan::DockWidgetPanel
[hider]  hwnd=0000000000D10EA2 parent=00000000030F0B5C vis=0 area=4750 chrome=1 qclass=Qtitan::DockWidgetPanel
[hider]  hwnd=0000000000830838 parent=00000000030F0B5C vis=0 area=4750 chrome=1 qclass=Qtitan::DockWidgetPanel
[hider]  hwnd=0000000001020D7A parent=00000000030F0B5C vis=0 area=4750 chrome=1 qclass=Qtitan::DockWidgetPanel
[hider]  hwnd=0000000001570B64 parent=00000000030F0B5C vis=0 area=4750 chrome=1 qclass=Qtitan::DockWidgetPanel
[hider]  hwnd=0000000000390CDE parent=00000000030F0B5C vis=0 area=4750 chrome=1 qclass=Qtitan::DockWidgetPanel
[hider]  hwnd=0000000000EF0A3E parent=00000000030F0B5C vis=0 area=4750 chrome=1 qclass=Qtitan::DockWidgetPanel
[hider]  hwnd=0000000003B800A8 parent=00000000030F0B5C vis=0 area=15625 chrome=0 qclass=RBX::Studio::QEngineWidget
[hider] viewport = 0000000003B800A8 qclass=RBX::Studio::QEngineWidget
[hider] pass: viewport=0000000003B800A8 chainLen=2 newlyBlocked=10 alreadyBlocked=0 totalWins=11
[hider] viewport = 00000000000D0E20 qclass=RBX::Studio::QEngineWidget
[hider] pass: viewport=00000000000D0E20 chainLen=2 newlyBlocked=0 alreadyBlocked=0 totalWins=1
[udp_relay] SEND magic to 127.0.0.1:60999 username='HearMeRoar'
[hider] viewport = 00000000000D0E20 qclass=RBX::Studio::QEngineWidget
[hider] pass: viewport=00000000000D0E20 chainLen=2 newlyBlocked=0 alreadyBlocked=0 totalWins=1
[hider] viewport = 00000000000D0E20 qclass=RBX::Studio::QEngineWidget
[hider] pass: viewport=00000000000D0E20 chainLen=2 newlyBlocked=0 alreadyBlocked=0 totalWins=1
[hider] viewport = 00000000000D0E20 qclass=RBX::Studio::QEngineWidget
[hider] pass: viewport=00000000000D0E20 chainLen=2 newlyBlocked=0 alreadyBlocked=0 totalWins=1
[hider] viewport = 00000000000D0E20 qclass=RBX::Studio::QEngineWidget
[hider] pass: viewport=00000000000D0E20 chainLen=2 newlyBlocked=0 alreadyBlocked=0 totalWins=1
[hider] viewport = 00000000000D0E20 qclass=RBX::Studio::QEngineWidget
[hider] pass: viewport=00000000000D0E20 chainLen=2 newlyBlocked=0 alreadyBlocked=0 totalWins=1
[hider] viewport = 00000000000D0E20 qclass=RBX::Studio::QEngineWidget
[hider] pass: viewport=00000000000D0E20 chainLen=2 newlyBlocked=0 alreadyBlocked=0 totalWins=1
[hider] viewport = 00000000000D0E20 qclass=RBX::Studio::QEngineWidget
[hider] pass: viewport=00000000000D0E20 chainLen=2 newlyBlocked=0 alreadyBlocked=0 totalWins=1
[hider] viewport = 00000000000D0E20 qclass=RBX::Studio::QEngineWidget
[hider] pass: viewport=00000000000D0E20 chainLen=2 newlyBlocked=0 alreadyBlocked=0 totalWins=1
[hider] viewport = 00000000000D0E20 qclass=RBX::Studio::QEngineWidget
[hider] pass: viewport=00000000000D0E20 chainLen=2 newlyBlocked=0 alreadyBlocked=0 totalWins=1
[hider] viewport = 00000000000D0E20 qclass=RBX::Studio::QEngineWidget
[hider] pass: viewport=00000000000D0E20 chainLen=2 newlyBlocked=0 alreadyBlocked=0 totalWins=1
[udp_relay] SEND magic to 127.0.0.1:25565 username='HearMeRoar'
[udp_relay] RECV magic from 127.0.0.1:65014 username='HearMeRoar' userId=0 accountAge=3650 haveId=1, patching now
[name_patcher] x64 name updated to 'HearMeRoar'
[name_patcher] relayed identity: userId=0 accountAge=3650
[udp_relay] POSTed appearance for 'HearMeRoar' (1266 chars) -> https://127.0.0.1:443 ok=1
[hider] viewport = 00000000000D0E20 qclass=RBX::Studio::QEngineWidget
[hider] pass: viewport=00000000000D0E20 chainLen=2 newlyBlocked=0 alreadyBlocked=0 totalWins=1
[hider] viewport = 00000000000D0E20 qclass=RBX::Studio::QEngineWidget
[hider] pass: viewport=00000000000D0E20 chainLen=2 newlyBlocked=0 alreadyBlocked=0 totalWins=1
[hider] viewport = 00000000000D0E20 qclass=RBX::Studio::QEngineWidget
[hider] pass: viewport=00000000000D0E20 chainLen=2 newlyBlocked=0 alreadyBlocked=0 totalWins=1
[hider] viewport = 00000000000D0E20 qclass=RBX::Studio::QEngineWidget
[hider] pass: viewport=00000000000D0E20 chainLen=2 newlyBlocked=0 alreadyBlocked=0 totalWins=1
[hider] viewport = 00000000000D0E20 qclass=RBX::Studio::QEngineWidget
[hider] pass: viewport=00000000000D0E20 chainLen=2 newlyBlocked=0 alreadyBlocked=0 totalWins=1
[hider] viewport = 00000000000D0E20 qclass=RBX::Studio::QEngineWidget
[hider] pass: viewport=00000000000D0E20 chainLen=2 newlyBlocked=0 alreadyBlocked=0 totalWins=1
[hider] viewport = 00000000000D0E20 qclass=RBX::Studio::QEngineWidget
[hider] pass: viewport=00000000000D0E20 chainLen=2 newlyBlocked=0 alreadyBlocked=0 totalWins=1
[hider] viewport = 00000000000D0E20 qclass=RBX::Studio::QEngineWidget
[hider] pass: viewport=00000000000D0E20 chainLen=2 newlyBlocked=0 alreadyBlocked=0 totalWins=1
[hider] viewport = 00000000000D0E20 qclass=RBX::Studio::QEngineWidget
[hider] pass: viewport=00000000000D0E20 chainLen=2 newlyBlocked=0 alreadyBlocked=0 totalWins=1
[hider] viewport = 00000000000D0E20 qclass=RBX::Studio::QEngineWidget
[hider] pass: viewport=00000000000D0E20 chainLen=2 newlyBlocked=0 alreadyBlocked=0 totalWins=1
[hider] viewport = 00000000000D0E20 qclass=RBX::Studio::QEngineWidget
[hider] pass: viewport=00000000000D0E20 chainLen=2 newlyBlocked=0 alreadyBlocked=0 totalWins=1
[hider] viewport = 00000000000D0E20 qclass=RBX::Studio::QEngineWidget
[hider] pass: viewport=00000000000D0E20 chainLen=2 newlyBlocked=0 alreadyBlocked=0 totalWins=1
[hider] viewport = 00000000000D0E20 qclass=RBX::Studio::QEngineWidget
[hider] pass: viewport=00000000000D0E20 chainLen=2 newlyBlocked=0 alreadyBlocked=0 totalWins=1
[hider] viewport = 00000000000D0E20 qclass=RBX::Studio::QEngineWidget
[hider] pass: viewport=00000000000D0E20 chainLen=2 newlyBlocked=0 alreadyBlocked=0 totalWins=1
[hider] viewport = 00000000000D0E20 qclass=RBX::Studio::QEngineWidget
[hider] pass: viewport=00000000000D0E20 chainLen=2 newlyBlocked=0 alreadyBlocked=0 totalWins=1
[hider] viewport = 00000000000D0E20 qclass=RBX::Studio::QEngineWidget
[hider] pass: viewport=00000000000D0E20 chainLen=2 newlyBlocked=0 alreadyBlocked=0 totalWins=1
[hider] viewport = 00000000000D0E20 qclass=RBX::Studio::QEngineWidget
[hider] pass: viewport=00000000000D0E20 chainLen=2 newlyBlocked=0 alreadyBlocked=0 totalWins=1
[hider] viewport = 00000000000D0E20 qclass=RBX::Studio::QEngineWidget
[hider] pass: viewport=00000000000D0E20 chainLen=2 newlyBlocked=0 alreadyBlocked=0 totalWins=1
[hider] viewport = 00000000000D0E20 qclass=RBX::Studio::QEngineWidget
[hider] pass: viewport=00000000000D0E20 chainLen=2 newlyBlocked=0 alreadyBlocked=0 totalWins=1
[hider] viewport = 00000000000D0E20 qclass=RBX::Studio::QEngineWidget
[hider] pass: viewport=00000000000D0E20 chainLen=2 newlyBlocked=0 alreadyBlocked=0 totalWins=1
[hider] viewport = 00000000000D0E20 qclass=RBX::Studio::QEngineWidget
[hider] pass: viewport=00000000000D0E20 chainLen=2 newlyBlocked=0 alreadyBlocked=0 totalWins=1
[hider] viewport = 00000000000D0E20 qclass=RBX::Studio::QEngineWidget
[hider] pass: viewport=00000000000D0E20 chainLen=2 newlyBlocked=0 alreadyBlocked=0 totalWins=1
[hider] viewport = 00000000000D0E20 qclass=RBX::Studio::QEngineWidget
[hider] pass: viewport=00000000000D0E20 chainLen=2 newlyBlocked=0 alreadyBlocked=0 totalWins=1
[hider] viewport = 00000000000D0E20 qclass=RBX::Studio::QEngineWidget
[hider] pass: viewport=00000000000D0E20 chainLen=2 newlyBlocked=0 alreadyBlocked=0 totalWins=1
[hider] viewport = 00000000000D0E20 qclass=RBX::Studio::QEngineWidget
[hider] pass: viewport=00000000000D0E20 chainLen=2 newlyBlocked=0 alreadyBlocked=0 totalWins=1
[hider] viewport = 00000000000D0E20 qclass=RBX::Studio::QEngineWidget
[hider] pass: viewport=00000000000D0E20 chainLen=2 newlyBlocked=0 alreadyBlocked=0 totalWins=1
[hider] viewport = 00000000000D0E20 qclass=RBX::Studio::QEngineWidget
[hider] pass: viewport=00000000000D0E20 chainLen=2 newlyBlocked=0 alreadyBlocked=0 totalWins=1
[hider] viewport = 00000000000D0E20 qclass=RBX::Studio::QEngineWidget
[hider] pass: viewport=00000000000D0E20 chainLen=2 newlyBlocked=0 alreadyBlocked=0 totalWins=1
[hider] viewport = 00000000000D0E20 qclass=RBX::Studio::QEngineWidget
[hider] pass: viewport=00000000000D0E20 chainLen=2 newlyBlocked=0 alreadyBlocked=0 totalWins=1
[hider] viewport = 00000000000D0E20 qclass=RBX::Studio::QEngineWidget
[hider] pass: viewport=00000000000D0E20 chainLen=2 newlyBlocked=0 alreadyBlocked=0 totalWins=1
[hider] viewport = 00000000000D0E20 qclass=RBX::Studio::QEngineWidget
[hider] pass: viewport=00000000000D0E20 chainLen=2 newlyBlocked=0 alreadyBlocked=0 totalWins=1
[hider] viewport = 00000000000D0E20 qclass=RBX::Studio::QEngineWidget
[hider] pass: viewport=00000000000D0E20 chainLen=2 newlyBlocked=0 alreadyBlocked=0 totalWins=1
[hider] viewport = 00000000000D0E20 qclass=RBX::Studio::QEngineWidget
[hider] pass: viewport=00000000000D0E20 chainLen=2 newlyBlocked=0 alreadyBlocked=0 totalWins=1
[hider] viewport = 00000000000D0E20 qclass=RBX::Studio::QEngineWidget
[hider] pass: viewport=00000000000D0E20 chainLen=2 newlyBlocked=0 alreadyBlocked=0 totalWins=1
[hider] viewport = 00000000000D0E20 qclass=RBX::Studio::QEngineWidget
[hider] pass: viewport=00000000000D0E20 chainLen=2 newlyBlocked=0 alreadyBlocked=0 totalWins=1
[hider] viewport = 00000000000D0E20 qclass=RBX::Studio::QEngineWidget
[hider] pass: viewport=00000000000D0E20 chainLen=2 newlyBlocked=0 alreadyBlocked=0 totalWins=1
[hider] viewport = 00000000000D0E20 qclass=RBX::Studio::QEngineWidget
[hider] pass: viewport=00000000000D0E20 chainLen=2 newlyBlocked=0 alreadyBlocked=0 totalWins=1
[hider] viewport = 00000000000D0E20 qclass=RBX::Studio::QEngineWidget
[hider] pass: viewport=00000000000D0E20 chainLen=2 newlyBlocked=0 alreadyBlocked=0 totalWins=1
[hider] viewport = 00000000000D0E20 qclass=RBX::Studio::QEngineWidget
[hider] pass: viewport=00000000000D0E20 chainLen=2 newlyBlocked=0 alreadyBlocked=0 totalWins=1
[hider] viewport = 00000000000D0E20 qclass=RBX::Studio::QEngineWidget
[hider] pass: viewport=00000000000D0E20 chainLen=2 newlyBlocked=0 alreadyBlocked=0 totalWins=1
[hider] viewport = 00000000000D0E20 qclass=RBX::Studio::QEngineWidget
[hider] pass: viewport=00000000000D0E20 chainLen=2 newlyBlocked=0 alreadyBlocked=0 totalWins=1
[hider] viewport = 00000000000D0E20 qclass=RBX::Studio::QEngineWidget
[hider] pass: viewport=00000000000D0E20 chainLen=2 newlyBlocked=0 alreadyBlocked=0 totalWins=1
[hider] viewport = 00000000000D0E20 qclass=RBX::Studio::QEngineWidget
[hider] pass: viewport=00000000000D0E20 chainLen=2 newlyBlocked=0 alreadyBlocked=0 totalWins=1
[hider] viewport = 00000000000D0E20 qclass=RBX::Studio::QEngineWidget
[hider] pass: viewport=00000000000D0E20 chainLen=2 newlyBlocked=0 alreadyBlocked=0 totalWins=1
[hider] viewport = 00000000000D0E20 qclass=RBX::Studio::QEngineWidget
[hider] pass: viewport=00000000000D0E20 chainLen=2 newlyBlocked=0 alreadyBlocked=0 totalWins=1
[hider] viewport = 00000000000D0E20 qclass=RBX::Studio::QEngineWidget
[hider] pass: viewport=00000000000D0E20 chainLen=2 newlyBlocked=0 alreadyBlocked=0 totalWins=1
[hider] viewport = 00000000000D0E20 qclass=RBX::Studio::QEngineWidget
[hider] pass: viewport=00000000000D0E20 chainLen=2 newlyBlocked=0 alreadyBlocked=0 totalWins=1
[hider] viewport = 00000000000D0E20 qclass=RBX::Studio::QEngineWidget
[hider] pass: viewport=00000000000D0E20 chainLen=2 newlyBlocked=0 alreadyBlocked=0 totalWins=1
[hider] viewport = 00000000000D0E20 qclass=RBX::Studio::QEngineWidget
[hider] pass: viewport=00000000000D0E20 chainLen=2 newlyBlocked=0 alreadyBlocked=0 totalWins=1
[hider] viewport = 00000000000D0E20 qclass=RBX::Studio::QEngineWidget
[hider] pass: viewport=00000000000D0E20 chainLen=2 newlyBlocked=0 alreadyBlocked=0 totalWins=1
[hider] viewport = 00000000000D0E20 qclass=RBX::Studio::QEngineWidget
[hider] pass: viewport=00000000000D0E20 chainLen=2 newlyBlocked=0 alreadyBlocked=0 totalWins=1
[hider] viewport = 00000000000D0E20 qclass=RBX::Studio::QEngineWidget
[hider] pass: viewport=00000000000D0E20 chainLen=2 newlyBlocked=0 alreadyBlocked=0 totalWins=1
[hider] viewport = 00000000000D0E20 qclass=RBX::Studio::QEngineWidget
[hider] pass: viewport=00000000000D0E20 chainLen=2 newlyBlocked=0 alreadyBlocked=0 totalWins=1
[hider] viewport = 00000000000D0E20 qclass=RBX::Studio::QEngineWidget
[hider] pass: viewport=00000000000D0E20 chainLen=2 newlyBlocked=0 alreadyBlocked=0 totalWins=1
[hider] viewport = 00000000000D0E20 qclass=RBX::Studio::QEngineWidget
[hider] pass: viewport=00000000000D0E20 chainLen=2 newlyBlocked=0 alreadyBlocked=0 totalWins=1
[hider] viewport = 00000000000D0E20 qclass=RBX::Studio::QEngineWidget
[hider] pass: viewport=00000000000D0E20 chainLen=2 newlyBlocked=0 alreadyBlocked=0 totalWins=1
[hider] viewport = 00000000000D0E20 qclass=RBX::Studio::QEngineWidget
[hider] pass: viewport=00000000000D0E20 chainLen=2 newlyBlocked=0 alreadyBlocked=0 totalWins=1
[hider] viewport = 00000000000D0E20 qclass=RBX::Studio::QEngineWidget
[hider] pass: viewport=00000000000D0E20 chainLen=2 newlyBlocked=0 alreadyBlocked=0 totalWins=1
[hider] viewport = 00000000000D0E20 qclass=RBX::Studio::QEngineWidget
[hider] pass: viewport=00000000000D0E20 chainLen=2 newlyBlocked=0 alreadyBlocked=0 totalWins=1
[hider] viewport = 00000000000D0E20 qclass=RBX::Studio::QEngineWidget
[hider] pass: viewport=00000000000D0E20 chainLen=2 newlyBlocked=0 alreadyBlocked=0 totalWins=1
[hider] viewport = 00000000000D0E20 qclass=RBX::Studio::QEngineWidget
[hider] pass: viewport=00000000000D0E20 chainLen=2 newlyBlocked=0 alreadyBlocked=0 totalWins=1
[hider] viewport = 00000000000D0E20 qclass=RBX::Studio::QEngineWidget
[hider] pass: viewport=00000000000D0E20 chainLen=2 newlyBlocked=0 alreadyBlocked=0 totalWins=1
[hider] viewport = 00000000000D0E20 qclass=RBX::Studio::QEngineWidget
[hider] pass: viewport=00000000000D0E20 chainLen=2 newlyBlocked=0 alreadyBlocked=0 totalWins=1
[hider] viewport = 00000000000D0E20 qclass=RBX::Studio::QEngineWidget
[hider] pass: viewport=00000000000D0E20 chainLen=2 newlyBlocked=0 alreadyBlocked=0 totalWins=1
[hider] viewport = 00000000000D0E20 qclass=RBX::Studio::QEngineWidget
[hider] pass: viewport=00000000000D0E20 chainLen=2 newlyBlocked=0 alreadyBlocked=0 totalWins=1
[hider] viewport = 00000000000D0E20 qclass=RBX::Studio::QEngineWidget
[hider] pass: viewport=00000000000D0E20 chainLen=2 newlyBlocked=0 alreadyBlocked=0 totalWins=1
[hider] viewport = 00000000000D0E20 qclass=RBX::Studio::QEngineWidget
[hider] pass: viewport=00000000000D0E20 chainLen=2 newlyBlocked=0 alreadyBlocked=0 totalWins=1
[hider] viewport = 00000000000D0E20 qclass=RBX::Studio::QEngineWidget
[hider] pass: viewport=00000000000D0E20 chainLen=2 newlyBlocked=0 alreadyBlocked=0 totalWins=1
[hider] viewport = 00000000000D0E20 qclass=RBX::Studio::QEngineWidget
[hider] pass: viewport=00000000000D0E20 chainLen=2 newlyBlocked=0 alreadyBlocked=0 totalWins=1
[hider] viewport = 00000000000D0E20 qclass=RBX::Studio::QEngineWidget
[hider] pass: viewport=00000000000D0E20 chainLen=2 newlyBlocked=0 alreadyBlocked=0 totalWins=1
[hider] viewport = 00000000000D0E20 qclass=RBX::Studio::QEngineWidget
[hider] pass: viewport=00000000000D0E20 chainLen=2 newlyBlocked=0 alreadyBlocked=0 totalWins=1
[hider] viewport = 00000000000D0E20 qclass=RBX::Studio::QEngineWidget
[hider] pass: viewport=00000000000D0E20 chainLen=2 newlyBlocked=0 alreadyBlocked=0 totalWins=1
[hider] viewport = 00000000000D0E20 qclass=RBX::Studio::QEngineWidget
[hider] pass: viewport=00000000000D0E20 chainLen=2 newlyBlocked=0 alreadyBlocked=0 totalWins=1
[hider] viewport = 00000000000D0E20 qclass=RBX::Studio::QEngineWidget
[hider] pass: viewport=00000000000D0E20 chainLen=2 newlyBlocked=0 alreadyBlocked=0 totalWins=1
[hider] viewport = 00000000000D0E20 qclass=RBX::Studio::QEngineWidget
[hider] pass: viewport=00000000000D0E20 chainLen=2 newlyBlocked=0 alreadyBlocked=0 totalWins=1
[hider] viewport = 00000000000D0E20 qclass=RBX::Studio::QEngineWidget
[hider] pass: viewport=00000000000D0E20 chainLen=2 newlyBlocked=0 alreadyBlocked=0 totalWins=1
[hider] viewport = 00000000000D0E20 qclass=RBX::Studio::QEngineWidget
[hider] pass: viewport=00000000000D0E20 chainLen=2 newlyBlocked=0 alreadyBlocked=0 totalWins=1
[hider] viewport = 00000000000D0E20 qclass=RBX::Studio::QEngineWidget
[hider] pass: viewport=00000000000D0E20 chainLen=2 newlyBlocked=0 alreadyBlocked=0 totalWins=1
[hider] viewport = 00000000000D0E20 qclass=RBX::Studio::QEngineWidget
[hider] pass: viewport=00000000000D0E20 chainLen=2 newlyBlocked=0 alreadyBlocked=0 totalWins=1
[hider] viewport = 00000000000D0E20 qclass=RBX::Studio::QEngineWidget
[hider] pass: viewport=00000000000D0E20 chainLen=2 newlyBlocked=0 alreadyBlocked=0 totalWins=1
[hider] viewport = 00000000000D0E20 qclass=RBX::Studio::QEngineWidget
[hider] pass: viewport=00000000000D0E20 chainLen=2 newlyBlocked=0 alreadyBlocked=0 totalWins=1
[hider] viewport = 00000000000D0E20 qclass=RBX::Studio::QEngineWidget
[hider] pass: viewport=00000000000D0E20 chainLen=2 newlyBlocked=0 alreadyBlocked=0 totalWins=1
[hider] viewport = 00000000000D0E20 qclass=RBX::Studio::QEngineWidget
[hider] pass: viewport=00000000000D0E20 chainLen=2 newlyBlocked=0 alreadyBlocked=0 totalWins=1
[hider] viewport = 00000000000D0E20 qclass=RBX::Studio::QEngineWidget
[hider] pass: viewport=00000000000D0E20 chainLen=2 newlyBlocked=0 alreadyBlocked=0 totalWins=1
[hider] viewport = 00000000000D0E20 qclass=RBX::Studio::QEngineWidget
[hider] pass: viewport=00000000000D0E20 chainLen=2 newlyBlocked=0 alreadyBlocked=0 totalWins=1
[hider] viewport = 00000000000D0E20 qclass=RBX::Studio::QEngineWidget
[hider] pass: viewport=00000000000D0E20 chainLen=2 newlyBlocked=0 alreadyBlocked=0 totalWins=1
[hider] viewport = 00000000000D0E20 qclass=RBX::Studio::QEngineWidget
[hider] pass: viewport=00000000000D0E20 chainLen=2 newlyBlocked=0 alreadyBlocked=0 totalWins=1
[dllmain] SafeInit pid=7564
[name_patcher] x64 name patch OK -> 'HearMeRoar' (buf 00007FF6FF3C0000)
[udp_relay] installing IAT hooks (client=0 server=1)
[udp_relay] username='HearMeRoar' (10 chars)
[udp_relay] hooks: sendto=00007FFE8DE10900 recvfrom=00007FFE8DE10050 WSASendTo=00007FFE8DE11390 WSARecvFrom=00007FFE8DE0E6A0 WSARecv=00007FFE8DE0EC60
[dllmain] StartServer: installing script-start hook
[dllmain] not a StartClient launch - skipping Qt hider (relay + username server already active)
[dllmain] SafeInit pid=15140
[name_patcher] x64 name patch OK -> 'HearMeRoar' (buf 00007FF6FF3C0000)
[udp_relay] installing IAT hooks (client=1 server=0)
[udp_relay] username='HearMeRoar' (10 chars)
[udp_relay] hooks: sendto=00007FFE8DE10900 recvfrom=0000000000000000 WSASendTo=00007FFE8DE11390 WSARecvFrom=0000000000000000 WSARecv=0000000000000000
[rcc_patch] IP patched @rva=0x4FA1DAE -> '127.0.0.1' (len mov updated)
[rcc_patch] IP patched @rva=0x2793CDA -> '127.0.0.1' (len mov updated)
[rcc_patch] IP patched @rva=0x2793DA7 -> '127.0.0.1' (len mov updated)
[rcc_patch] IP patched @rva=0x2793E8B -> '127.0.0.1' (len mov updated)
[rcc_patch] IP patched @rva=0x2793F2D -> '127.0.0.1' (len mov updated)
[dllmain] StartClient launch confirmed - activating Qt hider
[udp_relay] SEND magic to 127.0.0.1:56711 username='HearMeRoar'
[hider] Qt symbols: find=00007FFD97AF8A00 className=00007FFD97027A50 -> OK
[hider]  hwnd=0000000000F4099E parent=00000000000A0D50 vis=1 area=81500 chrome=0 qclass=RBX::Studio::QEngineWidget
[hider] viewport = 0000000000F4099E qclass=RBX::Studio::QEngineWidget
[hider] pass: viewport=0000000000F4099E chainLen=2 newlyBlocked=0 alreadyBlocked=0 totalWins=1
[hider] viewport = 0000000000F4099E qclass=RBX::Studio::QEngineWidget
[hider] pass: viewport=0000000000F4099E chainLen=2 newlyBlocked=0 alreadyBlocked=0 totalWins=1
[hider] viewport = 0000000000F4099E qclass=RBX::Studio::QEngineWidget
[hider] pass: viewport=0000000000F4099E chainLen=2 newlyBlocked=0 alreadyBlocked=0 totalWins=1
[hider] viewport = 0000000000F4099E qclass=RBX::Studio::QEngineWidget
[hider] pass: viewport=0000000000F4099E chainLen=2 newlyBlocked=0 alreadyBlocked=0 totalWins=1
[hider] viewport = 0000000000F4099E qclass=RBX::Studio::QEngineWidget
[hider] pass: viewport=0000000000F4099E chainLen=2 newlyBlocked=0 alreadyBlocked=0 totalWins=1
[udp_relay] SEND magic to 127.0.0.1:25565 username='HearMeRoar'
[udp_relay] RECV magic from 127.0.0.1:65155 username='HearMeRoar' userId=0 accountAge=3650 haveId=1, patching now
[name_patcher] x64 name updated to 'HearMeRoar'
[name_patcher] relayed identity: userId=0 accountAge=3650
[udp_relay] POSTed appearance for 'HearMeRoar' (1266 chars) -> https://127.0.0.1:443 ok=1
[hider] viewport = 0000000000F4099E qclass=RBX::Studio::QEngineWidget
[hider] pass: viewport=0000000000F4099E chainLen=2 newlyBlocked=0 alreadyBlocked=0 totalWins=1
[hider] viewport = 0000000000F4099E qclass=RBX::Studio::QEngineWidget
[hider] pass: viewport=0000000000F4099E chainLen=2 newlyBlocked=0 alreadyBlocked=0 totalWins=1
[hider] viewport = 0000000000F4099E qclass=RBX::Studio::QEngineWidget
[hider] pass: viewport=0000000000F4099E chainLen=2 newlyBlocked=0 alreadyBlocked=0 totalWins=1
[hider] viewport = 0000000000F4099E qclass=RBX::Studio::QEngineWidget
[hider] pass: viewport=0000000000F4099E chainLen=2 newlyBlocked=0 alreadyBlocked=0 totalWins=1
[hider] viewport = 0000000000F4099E qclass=RBX::Studio::QEngineWidget
[hider] pass: viewport=0000000000F4099E chainLen=2 newlyBlocked=0 alreadyBlocked=0 totalWins=1
[hider] viewport = 0000000000F4099E qclass=RBX::Studio::QEngineWidget
[hider] pass: viewport=0000000000F4099E chainLen=2 newlyBlocked=0 alreadyBlocked=0 totalWins=1
[hider] viewport = 0000000000F4099E qclass=RBX::Studio::QEngineWidget
[hider] pass: viewport=0000000000F4099E chainLen=2 newlyBlocked=0 alreadyBlocked=0 totalWins=1
[hider] viewport = 0000000000F4099E qclass=RBX::Studio::QEngineWidget
[hider] pass: viewport=0000000000F4099E chainLen=2 newlyBlocked=0 alreadyBlocked=0 totalWins=1
[hider] viewport = 0000000000F4099E qclass=RBX::Studio::QEngineWidget
[hider] pass: viewport=0000000000F4099E chainLen=2 newlyBlocked=0 alreadyBlocked=0 totalWins=1
[hider] viewport = 0000000000F4099E qclass=RBX::Studio::QEngineWidget
[hider] pass: viewport=0000000000F4099E chainLen=2 newlyBlocked=0 alreadyBlocked=0 totalWins=1
[hider] viewport = 0000000000F4099E qclass=RBX::Studio::QEngineWidget
[hider] pass: viewport=0000000000F4099E chainLen=2 newlyBlocked=0 alreadyBlocked=0 totalWins=1
[hider] viewport = 0000000000F4099E qclass=RBX::Studio::QEngineWidget
[hider] pass: viewport=0000000000F4099E chainLen=2 newlyBlocked=0 alreadyBlocked=0 totalWins=1
[hider] viewport = 0000000000F4099E qclass=RBX::Studio::QEngineWidget
[hider] pass: viewport=0000000000F4099E chainLen=2 newlyBlocked=0 alreadyBlocked=0 totalWins=1
[hider] viewport = 0000000000F4099E qclass=RBX::Studio::QEngineWidget
[hider] pass: viewport=0000000000F4099E chainLen=2 newlyBlocked=0 alreadyBlocked=0 totalWins=1
[hider] viewport = 0000000000F4099E qclass=RBX::Studio::QEngineWidget
[hider] pass: viewport=0000000000F4099E chainLen=2 newlyBlocked=0 alreadyBlocked=0 totalWins=1
[hider] viewport = 0000000000F4099E qclass=RBX::Studio::QEngineWidget
[hider] pass: viewport=0000000000F4099E chainLen=2 newlyBlocked=0 alreadyBlocked=0 totalWins=1
[hider] viewport = 0000000000F4099E qclass=RBX::Studio::QEngineWidget
[hider] pass: viewport=0000000000F4099E chainLen=2 newlyBlocked=0 alreadyBlocked=0 totalWins=1
[hider] viewport = 0000000000F4099E qclass=RBX::Studio::QEngineWidget
[hider] pass: viewport=0000000000F4099E chainLen=2 newlyBlocked=0 alreadyBlocked=0 totalWins=1
[hider] viewport = 0000000000F4099E qclass=RBX::Studio::QEngineWidget
[hider] pass: viewport=0000000000F4099E chainLen=2 newlyBlocked=0 alreadyBlocked=0 totalWins=1
[hider] viewport = 0000000000F4099E qclass=RBX::Studio::QEngineWidget
[hider] pass: viewport=0000000000F4099E chainLen=2 newlyBlocked=0 alreadyBlocked=0 totalWins=1
[hider] viewport = 0000000000F4099E qclass=RBX::Studio::QEngineWidget
[hider] pass: viewport=0000000000F4099E chainLen=2 newlyBlocked=0 alreadyBlocked=0 totalWins=1
[hider] viewport = 0000000000F4099E qclass=RBX::Studio::QEngineWidget
[hider] pass: viewport=0000000000F4099E chainLen=2 newlyBlocked=0 alreadyBlocked=0 totalWins=1
[hider] viewport = 0000000000F4099E qclass=RBX::Studio::QEngineWidget
[hider] pass: viewport=0000000000F4099E chainLen=2 newlyBlocked=0 alreadyBlocked=0 totalWins=1
[hider] viewport = 0000000000F4099E qclass=RBX::Studio::QEngineWidget
[hider] pass: viewport=0000000000F4099E chainLen=2 newlyBlocked=0 alreadyBlocked=0 totalWins=1
[hider] viewport = 0000000000F4099E qclass=RBX::Studio::QEngineWidget
[hider] pass: viewport=0000000000F4099E chainLen=2 newlyBlocked=0 alreadyBlocked=0 totalWins=1
[hider] viewport = 0000000000F4099E qclass=RBX::Studio::QEngineWidget
[hider] pass: viewport=0000000000F4099E chainLen=2 newlyBlocked=0 alreadyBlocked=0 totalWins=1
[hider] viewport = 0000000000F4099E qclass=RBX::Studio::QEngineWidget
[hider] pass: viewport=0000000000F4099E chainLen=2 newlyBlocked=0 alreadyBlocked=0 totalWins=1
[hider] viewport = 0000000000F4099E qclass=RBX::Studio::QEngineWidget
[hider] pass: viewport=0000000000F4099E chainLen=2 newlyBlocked=0 alreadyBlocked=0 totalWins=1
[hider] viewport = 0000000000F4099E qclass=RBX::Studio::QEngineWidget
[hider] pass: viewport=0000000000F4099E chainLen=2 newlyBlocked=0 alreadyBlocked=0 totalWins=1
[hider] viewport = 0000000000F4099E qclass=RBX::Studio::QEngineWidget
[hider] pass: viewport=0000000000F4099E chainLen=2 newlyBlocked=0 alreadyBlocked=0 totalWins=1
[hider] viewport = 0000000000F4099E qclass=RBX::Studio::QEngineWidget
[hider] pass: viewport=0000000000F4099E chainLen=2 newlyBlocked=0 alreadyBlocked=0 totalWins=1
[hider] viewport = 0000000000F4099E qclass=RBX::Studio::QEngineWidget
[hider] pass: viewport=0000000000F4099E chainLen=2 newlyBlocked=0 alreadyBlocked=0 totalWins=1
[hider] viewport = 0000000000F4099E qclass=RBX::Studio::QEngineWidget
[hider] pass: viewport=0000000000F4099E chainLen=2 newlyBlocked=0 alreadyBlocked=0 totalWins=1
[hider] viewport = 0000000000F4099E qclass=RBX::Studio::QEngineWidget
[hider] pass: viewport=0000000000F4099E chainLen=2 newlyBlocked=0 alreadyBlocked=0 totalWins=1
[hider] viewport = 0000000000F4099E qclass=RBX::Studio::QEngineWidget
[hider] pass: viewport=0000000000F4099E chainLen=2 newlyBlocked=0 alreadyBlocked=0 totalWins=1
[hider] viewport = 0000000000F4099E qclass=RBX::Studio::QEngineWidget
[hider] pass: viewport=0000000000F4099E chainLen=2 newlyBlocked=0 alreadyBlocked=0 totalWins=1
[hider] viewport = 0000000000F4099E qclass=RBX::Studio::QEngineWidget
[hider] pass: viewport=0000000000F4099E chainLen=2 newlyBlocked=0 alreadyBlocked=0 totalWins=1
[hider] viewport = 0000000000F4099E qclass=RBX::Studio::QEngineWidget
[hider] pass: viewport=0000000000F4099E chainLen=2 newlyBlocked=0 alreadyBlocked=0 totalWins=1
[hider] viewport = 0000000000F4099E qclass=RBX::Studio::QEngineWidget
[hider] pass: viewport=0000000000F4099E chainLen=2 newlyBlocked=0 alreadyBlocked=0 totalWins=1
[hider] viewport = 0000000000F4099E qclass=RBX::Studio::QEngineWidget
[hider] pass: viewport=0000000000F4099E chainLen=2 newlyBlocked=0 alreadyBlocked=0 totalWins=1
[hider] viewport = 0000000000F4099E qclass=RBX::Studio::QEngineWidget
[hider] pass: viewport=0000000000F4099E chainLen=2 newlyBlocked=0 alreadyBlocked=0 totalWins=1
[hider] viewport = 0000000000F4099E qclass=RBX::Studio::QEngineWidget
[hider] pass: viewport=0000000000F4099E chainLen=2 newlyBlocked=0 alreadyBlocked=0 totalWins=1
[hider] viewport = 0000000000F4099E qclass=RBX::Studio::QEngineWidget
[hider] pass: viewport=0000000000F4099E chainLen=2 newlyBlocked=0 alreadyBlocked=0 totalWins=1
[hider] viewport = 0000000000F4099E qclass=RBX::Studio::QEngineWidget
[hider] pass: viewport=0000000000F4099E chainLen=2 newlyBlocked=0 alreadyBlocked=0 totalWins=1
[hider] viewport = 0000000000F4099E qclass=RBX::Studio::QEngineWidget
[hider] pass: viewport=0000000000F4099E chainLen=2 newlyBlocked=0 alreadyBlocked=0 totalWins=1
[hider] viewport = 0000000000F4099E qclass=RBX::Studio::QEngineWidget
[hider] pass: viewport=0000000000F4099E chainLen=2 newlyBlocked=0 alreadyBlocked=0 totalWins=1
[hider] viewport = 0000000000F4099E qclass=RBX::Studio::QEngineWidget
[hider] pass: viewport=0000000000F4099E chainLen=2 newlyBlocked=0 alreadyBlocked=0 totalWins=1
[hider] viewport = 0000000000F4099E qclass=RBX::Studio::QEngineWidget
[hider] pass: viewport=0000000000F4099E chainLen=2 newlyBlocked=0 alreadyBlocked=0 totalWins=1
[dllmain] SafeInit pid=33004
[name_patcher] x64 name patch OK -> 'HearMeRoar' (buf 00007FF6FF3C0000)
[udp_relay] installing IAT hooks (client=0 server=1)
[udp_relay] username='HearMeRoar' (10 chars)
[udp_relay] hooks: sendto=00007FFE8DE10900 recvfrom=00007FFE8DE10050 WSASendTo=00007FFE8DE11390 WSARecvFrom=00007FFE8DE0E6A0 WSARecv=00007FFE8DE0EC60
[dllmain] StartServer: installing script-start hook
[dllmain] not a StartClient launch - skipping Qt hider (relay + username server already active)
[dllmain] SafeInit pid=29540
[name_patcher] x64 name patch OK -> 'HearMeRoar' (buf 00007FF6FF3C0000)
[udp_relay] installing IAT hooks (client=1 server=0)
[udp_relay] username='HearMeRoar' (10 chars)
[udp_relay] hooks: sendto=00007FFE8DE10900 recvfrom=0000000000000000 WSASendTo=00007FFE8DE11390 WSARecvFrom=0000000000000000 WSARecv=0000000000000000
[rcc_patch] IP patched @rva=0x4FA1DAE -> '127.0.0.1' (len mov updated)
[rcc_patch] IP patched @rva=0x2793CDA -> '127.0.0.1' (len mov updated)
[rcc_patch] IP patched @rva=0x2793DA7 -> '127.0.0.1' (len mov updated)
[rcc_patch] IP patched @rva=0x2793E8B -> '127.0.0.1' (len mov updated)
[rcc_patch] IP patched @rva=0x2793F2D -> '127.0.0.1' (len mov updated)
[dllmain] StartClient launch confirmed - activating Qt hider
[hider] Qt symbols: find=00007FFD97AF8A00 className=00007FFD97027A50 -> OK
[hider]  hwnd=0000000000440976 parent=0000000000FA0B00 vis=0 area=4750 chrome=1 qclass=Qtitan::DockWidgetPanel
[hider]  hwnd=00000000005407FA parent=0000000000FA0B00 vis=0 area=4750 chrome=1 qclass=Qtitan::DockWidgetPanel
[hider]  hwnd=0000000000A606E6 parent=0000000000FA0B00 vis=0 area=4750 chrome=1 qclass=Qtitan::DockWidgetPanel
[hider]  hwnd=0000000000300B4C parent=0000000000FA0B00 vis=0 area=4750 chrome=1 qclass=Qtitan::DockWidgetPanel
[hider]  hwnd=00000000015B0B64 parent=0000000000FA0B00 vis=0 area=4750 chrome=1 qclass=Qtitan::DockWidgetPanel
[hider]  hwnd=0000000003180A0A parent=0000000000FA0B00 vis=0 area=4750 chrome=1 qclass=Qtitan::DockWidgetPanel
[hider]  hwnd=00000000000C0EDA parent=0000000000FA0B00 vis=0 area=4750 chrome=1 qclass=Qtitan::DockWidgetPanel
[hider]  hwnd=00000000009F0862 parent=0000000000FA0B00 vis=0 area=4750 chrome=1 qclass=Qtitan::DockWidgetPanel
[hider]  hwnd=0000000000930822 parent=0000000000FA0B00 vis=0 area=4750 chrome=1 qclass=Qtitan::DockWidgetPanel
[hider]  hwnd=0000000000300C96 parent=0000000000FA0B00 vis=0 area=4750 chrome=1 qclass=Qtitan::DockWidgetPanel
[hider]  hwnd=0000000000590438 parent=0000000000FA0B00 vis=0 area=15625 chrome=0 qclass=RBX::Studio::QEngineWidget
[hider] viewport = 0000000000590438 qclass=RBX::Studio::QEngineWidget
[hider] pass: viewport=0000000000590438 chainLen=2 newlyBlocked=10 alreadyBlocked=0 totalWins=11
[hider] viewport = 0000000004810B74 qclass=RBX::Studio::QEngineWidget
[hider] pass: viewport=0000000004810B74 chainLen=2 newlyBlocked=0 alreadyBlocked=0 totalWins=1
[hider] viewport = 0000000004810B74 qclass=RBX::Studio::QEngineWidget
[hider] pass: viewport=0000000004810B74 chainLen=2 newlyBlocked=0 alreadyBlocked=0 totalWins=1
[udp_relay] SEND magic to 127.0.0.1:51053 username='HearMeRoar'
[hider] viewport = 0000000004810B74 qclass=RBX::Studio::QEngineWidget
[hider] pass: viewport=0000000004810B74 chainLen=2 newlyBlocked=0 alreadyBlocked=0 totalWins=1
[hider] viewport = 0000000004810B74 qclass=RBX::Studio::QEngineWidget
[hider] pass: viewport=0000000004810B74 chainLen=2 newlyBlocked=0 alreadyBlocked=0 totalWins=1
[hider] viewport = 0000000004810B74 qclass=RBX::Studio::QEngineWidget
[hider] pass: viewport=0000000004810B74 chainLen=2 newlyBlocked=0 alreadyBlocked=0 totalWins=1
[hider] viewport = 0000000004810B74 qclass=RBX::Studio::QEngineWidget
[hider] pass: viewport=0000000004810B74 chainLen=2 newlyBlocked=0 alreadyBlocked=0 totalWins=1
[hider] viewport = 0000000004810B74 qclass=RBX::Studio::QEngineWidget
[hider] pass: viewport=0000000004810B74 chainLen=2 newlyBlocked=0 alreadyBlocked=0 totalWins=1
[hider] viewport = 0000000004810B74 qclass=RBX::Studio::QEngineWidget
[hider] pass: viewport=0000000004810B74 chainLen=2 newlyBlocked=0 alreadyBlocked=0 totalWins=1
[hider] viewport = 0000000004810B74 qclass=RBX::Studio::QEngineWidget
[hider] pass: viewport=0000000004810B74 chainLen=2 newlyBlocked=0 alreadyBlocked=0 totalWins=1
[hider] viewport = 0000000004810B74 qclass=RBX::Studio::QEngineWidget
[hider] pass: viewport=0000000004810B74 chainLen=2 newlyBlocked=0 alreadyBlocked=0 totalWins=1
[hider] viewport = 0000000004810B74 qclass=RBX::Studio::QEngineWidget
[hider] pass: viewport=0000000004810B74 chainLen=2 newlyBlocked=0 alreadyBlocked=0 totalWins=1
[hider] viewport = 0000000004810B74 qclass=RBX::Studio::QEngineWidget
[hider] pass: viewport=0000000004810B74 chainLen=2 newlyBlocked=0 alreadyBlocked=0 totalWins=1
[hider] viewport = 0000000004810B74 qclass=RBX::Studio::QEngineWidget
[hider] pass: viewport=0000000004810B74 chainLen=2 newlyBlocked=0 alreadyBlocked=0 totalWins=1
[hider] viewport = 0000000004810B74 qclass=RBX::Studio::QEngineWidget
[hider] pass: viewport=0000000004810B74 chainLen=2 newlyBlocked=0 alreadyBlocked=0 totalWins=1
[hider] viewport = 0000000004810B74 qclass=RBX::Studio::QEngineWidget
[hider] pass: viewport=0000000004810B74 chainLen=2 newlyBlocked=0 alreadyBlocked=0 totalWins=1
[hider] viewport = 0000000004810B74 qclass=RBX::Studio::QEngineWidget
[hider] pass: viewport=0000000004810B74 chainLen=2 newlyBlocked=0 alreadyBlocked=0 totalWins=1
[hider] viewport = 0000000004810B74 qclass=RBX::Studio::QEngineWidget
[hider] pass: viewport=0000000004810B74 chainLen=2 newlyBlocked=0 alreadyBlocked=0 totalWins=1
[hider] viewport = 0000000004810B74 qclass=RBX::Studio::QEngineWidget
[hider] pass: viewport=0000000004810B74 chainLen=2 newlyBlocked=0 alreadyBlocked=0 totalWins=1
[udp_relay] SEND magic to 127.0.0.1:25565 username='HearMeRoar'
[udp_relay] RECV magic from 127.0.0.1:51710 username='HearMeRoar' userId=0 accountAge=3650 haveId=1, patching now
[name_patcher] x64 name updated to 'HearMeRoar'
[name_patcher] relayed identity: userId=0 accountAge=3650
[udp_relay] POSTed appearance for 'HearMeRoar' (1266 chars) -> https://127.0.0.1:443 ok=1
[hider] viewport = 0000000004810B74 qclass=RBX::Studio::QEngineWidget
[hider] pass: viewport=0000000004810B74 chainLen=2 newlyBlocked=0 alreadyBlocked=0 totalWins=1
[hider] viewport = 0000000004810B74 qclass=RBX::Studio::QEngineWidget
[hider] pass: viewport=0000000004810B74 chainLen=2 newlyBlocked=0 alreadyBlocked=0 totalWins=1
[hider] viewport = 0000000004810B74 qclass=RBX::Studio::QEngineWidget
[hider] pass: viewport=0000000004810B74 chainLen=2 newlyBlocked=0 alreadyBlocked=0 totalWins=1
[hider] viewport = 0000000004810B74 qclass=RBX::Studio::QEngineWidget
[hider] pass: viewport=0000000004810B74 chainLen=2 newlyBlocked=0 alreadyBlocked=0 totalWins=1
[hider] viewport = 0000000004810B74 qclass=RBX::Studio::QEngineWidget
[hider] pass: viewport=0000000004810B74 chainLen=2 newlyBlocked=0 alreadyBlocked=0 totalWins=1
[hider] viewport = 0000000004810B74 qclass=RBX::Studio::QEngineWidget
[hider] pass: viewport=0000000004810B74 chainLen=2 newlyBlocked=0 alreadyBlocked=0 totalWins=1
[hider] viewport = 0000000004810B74 qclass=RBX::Studio::QEngineWidget
[hider] pass: viewport=0000000004810B74 chainLen=2 newlyBlocked=0 alreadyBlocked=0 totalWins=1
[hider] viewport = 0000000004810B74 qclass=RBX::Studio::QEngineWidget
[hider] pass: viewport=0000000004810B74 chainLen=2 newlyBlocked=0 alreadyBlocked=0 totalWins=1
[hider] viewport = 0000000004810B74 qclass=RBX::Studio::QEngineWidget
[hider] pass: viewport=0000000004810B74 chainLen=2 newlyBlocked=0 alreadyBlocked=0 totalWins=1
[hider] viewport = 0000000004810B74 qclass=RBX::Studio::QEngineWidget
[hider] pass: viewport=0000000004810B74 chainLen=2 newlyBlocked=0 alreadyBlocked=0 totalWins=1
[hider] viewport = 0000000004810B74 qclass=RBX::Studio::QEngineWidget
[hider] pass: viewport=0000000004810B74 chainLen=2 newlyBlocked=0 alreadyBlocked=0 totalWins=1
[hider] viewport = 0000000004810B74 qclass=RBX::Studio::QEngineWidget
[hider] pass: viewport=0000000004810B74 chainLen=2 newlyBlocked=0 alreadyBlocked=0 totalWins=1
[hider] viewport = 0000000004810B74 qclass=RBX::Studio::QEngineWidget
[hider] pass: viewport=0000000004810B74 chainLen=2 newlyBlocked=0 alreadyBlocked=0 totalWins=1
[hider] viewport = 0000000004810B74 qclass=RBX::Studio::QEngineWidget
[hider] pass: viewport=0000000004810B74 chainLen=2 newlyBlocked=0 alreadyBlocked=0 totalWins=1
[hider] viewport = 0000000004810B74 qclass=RBX::Studio::QEngineWidget
[hider] pass: viewport=0000000004810B74 chainLen=2 newlyBlocked=0 alreadyBlocked=0 totalWins=1
[hider] viewport = 0000000004810B74 qclass=RBX::Studio::QEngineWidget
[hider] pass: viewport=0000000004810B74 chainLen=2 newlyBlocked=0 alreadyBlocked=0 totalWins=1
[hider] viewport = 0000000004810B74 qclass=RBX::Studio::QEngineWidget
[hider] pass: viewport=0000000004810B74 chainLen=2 newlyBlocked=0 alreadyBlocked=0 totalWins=1
[hider] viewport = 0000000004810B74 qclass=RBX::Studio::QEngineWidget
[hider] pass: viewport=0000000004810B74 chainLen=2 newlyBlocked=0 alreadyBlocked=0 totalWins=1
[hider] viewport = 0000000004810B74 qclass=RBX::Studio::QEngineWidget
[hider] pass: viewport=0000000004810B74 chainLen=2 newlyBlocked=0 alreadyBlocked=0 totalWins=1
[hider] viewport = 0000000004810B74 qclass=RBX::Studio::QEngineWidget
[hider] pass: viewport=0000000004810B74 chainLen=2 newlyBlocked=0 alreadyBlocked=0 totalWins=1
[hider] viewport = 0000000004810B74 qclass=RBX::Studio::QEngineWidget
[hider] pass: viewport=0000000004810B74 chainLen=2 newlyBlocked=0 alreadyBlocked=0 totalWins=1
[hider] viewport = 0000000004810B74 qclass=RBX::Studio::QEngineWidget
[hider] pass: viewport=0000000004810B74 chainLen=2 newlyBlocked=0 alreadyBlocked=0 totalWins=1
[hider] viewport = 0000000004810B74 qclass=RBX::Studio::QEngineWidget
[hider] pass: viewport=0000000004810B74 chainLen=2 newlyBlocked=0 alreadyBlocked=0 totalWins=1
[hider] viewport = 0000000004810B74 qclass=RBX::Studio::QEngineWidget
[hider] pass: viewport=0000000004810B74 chainLen=2 newlyBlocked=0 alreadyBlocked=0 totalWins=1
[hider] viewport = 0000000004810B74 qclass=RBX::Studio::QEngineWidget
[hider] pass: viewport=0000000004810B74 chainLen=2 newlyBlocked=0 alreadyBlocked=0 totalWins=1
[hider] viewport = 0000000004810B74 qclass=RBX::Studio::QEngineWidget
[hider] pass: viewport=0000000004810B74 chainLen=2 newlyBlocked=0 alreadyBlocked=0 totalWins=1
[hider] viewport = 0000000004810B74 qclass=RBX::Studio::QEngineWidget
[hider] pass: viewport=0000000004810B74 chainLen=2 newlyBlocked=0 alreadyBlocked=0 totalWins=1
[hider] viewport = 0000000004810B74 qclass=RBX::Studio::QEngineWidget
[hider] pass: viewport=0000000004810B74 chainLen=2 newlyBlocked=0 alreadyBlocked=0 totalWins=1
[hider] viewport = 0000000004810B74 qclass=RBX::Studio::QEngineWidget
[hider] pass: viewport=0000000004810B74 chainLen=2 newlyBlocked=0 alreadyBlocked=0 totalWins=1
[hider] viewport = 0000000004810B74 qclass=RBX::Studio::QEngineWidget
[hider] pass: viewport=0000000004810B74 chainLen=2 newlyBlocked=0 alreadyBlocked=0 totalWins=1
[hider] viewport = 0000000004810B74 qclass=RBX::Studio::QEngineWidget
[hider] pass: viewport=0000000004810B74 chainLen=2 newlyBlocked=0 alreadyBlocked=0 totalWins=1
[hider] viewport = 0000000004810B74 qclass=RBX::Studio::QEngineWidget
[hider] pass: viewport=0000000004810B74 chainLen=2 newlyBlocked=0 alreadyBlocked=0 totalWins=1
[hider] viewport = 0000000004810B74 qclass=RBX::Studio::QEngineWidget
[hider] pass: viewport=0000000004810B74 chainLen=2 newlyBlocked=0 alreadyBlocked=0 totalWins=1
[hider] viewport = 0000000004810B74 qclass=RBX::Studio::QEngineWidget
[hider] pass: viewport=0000000004810B74 chainLen=2 newlyBlocked=0 alreadyBlocked=0 totalWins=1
[hider] viewport = 0000000004810B74 qclass=RBX::Studio::QEngineWidget
[hider] pass: viewport=0000000004810B74 chainLen=2 newlyBlocked=0 alreadyBlocked=0 totalWins=1
[hider] viewport = 0000000004810B74 qclass=RBX::Studio::QEngineWidget
[hider] pass: viewport=0000000004810B74 chainLen=2 newlyBlocked=0 alreadyBlocked=0 totalWins=1
[hider] viewport = 0000000004810B74 qclass=RBX::Studio::QEngineWidget
[hider] pass: viewport=0000000004810B74 chainLen=2 newlyBlocked=0 alreadyBlocked=0 totalWins=1
[hider] viewport = 0000000004810B74 qclass=RBX::Studio::QEngineWidget
[hider] pass: viewport=0000000004810B74 chainLen=2 newlyBlocked=0 alreadyBlocked=0 totalWins=1
[hider] viewport = 0000000004810B74 qclass=RBX::Studio::QEngineWidget
[hider] pass: viewport=0000000004810B74 chainLen=2 newlyBlocked=0 alreadyBlocked=0 totalWins=1
[hider] viewport = 0000000004810B74 qclass=RBX::Studio::QEngineWidget
[hider] pass: viewport=0000000004810B74 chainLen=2 newlyBlocked=0 alreadyBlocked=0 totalWins=1
[hider] viewport = 0000000004810B74 qclass=RBX::Studio::QEngineWidget
[hider] pass: viewport=0000000004810B74 chainLen=2 newlyBlocked=0 alreadyBlocked=0 totalWins=1
[hider] viewport = 0000000004810B74 qclass=RBX::Studio::QEngineWidget
[hider] pass: viewport=0000000004810B74 chainLen=2 newlyBlocked=0 alreadyBlocked=0 totalWins=1
[hider] viewport = 0000000004810B74 qclass=RBX::Studio::QEngineWidget
[hider] pass: viewport=0000000004810B74 chainLen=2 newlyBlocked=0 alreadyBlocked=0 totalWins=1
[hider] viewport = 0000000004810B74 qclass=RBX::Studio::QEngineWidget
[hider] pass: viewport=0000000004810B74 chainLen=2 newlyBlocked=0 alreadyBlocked=0 totalWins=1
[hider] viewport = 0000000004810B74 qclass=RBX::Studio::QEngineWidget
[hider] pass: viewport=0000000004810B74 chainLen=2 newlyBlocked=0 alreadyBlocked=0 totalWins=1
[hider] viewport = 0000000004810B74 qclass=RBX::Studio::QEngineWidget
[hider] pass: viewport=0000000004810B74 chainLen=2 newlyBlocked=0 alreadyBlocked=0 totalWins=1
[hider] viewport = 0000000004810B74 qclass=RBX::Studio::QEngineWidget
[hider] pass: viewport=0000000004810B74 chainLen=2 newlyBlocked=0 alreadyBlocked=0 totalWins=1
[hider] viewport = 0000000004810B74 qclass=RBX::Studio::QEngineWidget
[hider] pass: viewport=0000000004810B74 chainLen=2 newlyBlocked=0 alreadyBlocked=0 totalWins=1
[hider] viewport = 0000000004810B74 qclass=RBX::Studio::QEngineWidget
[hider] pass: viewport=0000000004810B74 chainLen=2 newlyBlocked=0 alreadyBlocked=0 totalWins=1
[hider] viewport = 0000000004810B74 qclass=RBX::Studio::QEngineWidget
[hider] pass: viewport=0000000004810B74 chainLen=2 newlyBlocked=0 alreadyBlocked=0 totalWins=1
[hider] viewport = 0000000004810B74 qclass=RBX::Studio::QEngineWidget
[hider] pass: viewport=0000000004810B74 chainLen=2 newlyBlocked=0 alreadyBlocked=0 totalWins=1
[hider] viewport = 0000000004810B74 qclass=RBX::Studio::QEngineWidget
[hider] pass: viewport=0000000004810B74 chainLen=2 newlyBlocked=0 alreadyBlocked=0 totalWins=1
[hider] viewport = 0000000004810B74 qclass=RBX::Studio::QEngineWidget
[hider] pass: viewport=0000000004810B74 chainLen=2 newlyBlocked=0 alreadyBlocked=0 totalWins=1
[hider] viewport = 0000000004810B74 qclass=RBX::Studio::QEngineWidget
[hider] pass: viewport=0000000004810B74 chainLen=2 newlyBlocked=0 alreadyBlocked=0 totalWins=1
[hider] viewport = 0000000004810B74 qclass=RBX::Studio::QEngineWidget
[hider] pass: viewport=0000000004810B74 chainLen=2 newlyBlocked=0 alreadyBlocked=0 totalWins=1
[hider] viewport = 0000000004810B74 qclass=RBX::Studio::QEngineWidget
[hider] pass: viewport=0000000004810B74 chainLen=2 newlyBlocked=0 alreadyBlocked=0 totalWins=1
[hider] viewport = 0000000004810B74 qclass=RBX::Studio::QEngineWidget
[hider] pass: viewport=0000000004810B74 chainLen=2 newlyBlocked=0 alreadyBlocked=0 totalWins=1
[hider] viewport = 0000000004810B74 qclass=RBX::Studio::QEngineWidget
[hider] pass: viewport=0000000004810B74 chainLen=2 newlyBlocked=0 alreadyBlocked=0 totalWins=1
[hider] viewport = 0000000004810B74 qclass=RBX::Studio::QEngineWidget
[hider] pass: viewport=0000000004810B74 chainLen=2 newlyBlocked=0 alreadyBlocked=0 totalWins=1
[hider] viewport = 0000000004810B74 qclass=RBX::Studio::QEngineWidget
[hider] pass: viewport=0000000004810B74 chainLen=2 newlyBlocked=0 alreadyBlocked=0 totalWins=1
[hider] viewport = 0000000004810B74 qclass=RBX::Studio::QEngineWidget
[hider] pass: viewport=0000000004810B74 chainLen=2 newlyBlocked=0 alreadyBlocked=0 totalWins=1
[hider] viewport = 0000000004810B74 qclass=RBX::Studio::QEngineWidget
[hider] pass: viewport=0000000004810B74 chainLen=2 newlyBlocked=0 alreadyBlocked=0 totalWins=1
[hider] viewport = 0000000004810B74 qclass=RBX::Studio::QEngineWidget
[hider] pass: viewport=0000000004810B74 chainLen=2 newlyBlocked=0 alreadyBlocked=0 totalWins=1
[hider] viewport = 0000000004810B74 qclass=RBX::Studio::QEngineWidget
[hider] pass: viewport=0000000004810B74 chainLen=2 newlyBlocked=0 alreadyBlocked=0 totalWins=1
[hider] viewport = 0000000004810B74 qclass=RBX::Studio::QEngineWidget
[hider] pass: viewport=0000000004810B74 chainLen=2 newlyBlocked=0 alreadyBlocked=0 totalWins=1
[hider] viewport = 0000000004810B74 qclass=RBX::Studio::QEngineWidget
[hider] pass: viewport=0000000004810B74 chainLen=2 newlyBlocked=0 alreadyBlocked=0 totalWins=1
[hider] viewport = 0000000004810B74 qclass=RBX::Studio::QEngineWidget
[hider] pass: viewport=0000000004810B74 chainLen=2 newlyBlocked=0 alreadyBlocked=0 totalWins=1
[hider] viewport = 0000000004810B74 qclass=RBX::Studio::QEngineWidget
[hider] pass: viewport=0000000004810B74 chainLen=2 newlyBlocked=0 alreadyBlocked=0 totalWins=1
[hider] viewport = 0000000004810B74 qclass=RBX::Studio::QEngineWidget
[hider] pass: viewport=0000000004810B74 chainLen=2 newlyBlocked=0 alreadyBlocked=0 totalWins=1
[hider] viewport = 0000000004810B74 qclass=RBX::Studio::QEngineWidget
[hider] pass: viewport=0000000004810B74 chainLen=2 newlyBlocked=0 alreadyBlocked=0 totalWins=1
[hider] viewport = 0000000004810B74 qclass=RBX::Studio::QEngineWidget
[hider] pass: viewport=0000000004810B74 chainLen=2 newlyBlocked=0 alreadyBlocked=0 totalWins=1
[hider] viewport = 0000000004810B74 qclass=RBX::Studio::QEngineWidget
[hider] pass: viewport=0000000004810B74 chainLen=2 newlyBlocked=0 alreadyBlocked=0 totalWins=1
[hider] viewport = 0000000004810B74 qclass=RBX::Studio::QEngineWidget
[hider] pass: viewport=0000000004810B74 chainLen=2 newlyBlocked=0 alreadyBlocked=0 totalWins=1
[hider] viewport = 0000000004810B74 qclass=RBX::Studio::QEngineWidget
[hider] pass: viewport=0000000004810B74 chainLen=2 newlyBlocked=0 alreadyBlocked=0 totalWins=1
[hider] viewport = 0000000004810B74 qclass=RBX::Studio::QEngineWidget
[hider] pass: viewport=0000000004810B74 chainLen=2 newlyBlocked=0 alreadyBlocked=0 totalWins=1
[hider] viewport = 0000000004810B74 qclass=RBX::Studio::QEngineWidget
[hider] pass: viewport=0000000004810B74 chainLen=2 newlyBlocked=0 alreadyBlocked=0 totalWins=1
[hider] viewport = 0000000004810B74 qclass=RBX::Studio::QEngineWidget
[hider] pass: viewport=0000000004810B74 chainLen=2 newlyBlocked=0 alreadyBlocked=0 totalWins=1
[hider] viewport = 0000000004810B74 qclass=RBX::Studio::QEngineWidget
[hider] pass: viewport=0000000004810B74 chainLen=2 newlyBlocked=0 alreadyBlocked=0 totalWins=1
[hider] viewport = 0000000004810B74 qclass=RBX::Studio::QEngineWidget
[hider] pass: viewport=0000000004810B74 chainLen=2 newlyBlocked=0 alreadyBlocked=0 totalWins=1
[hider] viewport = 0000000004810B74 qclass=RBX::Studio::QEngineWidget
[hider] pass: viewport=0000000004810B74 chainLen=2 newlyBlocked=0 alreadyBlocked=0 totalWins=1
[hider] viewport = 0000000004810B74 qclass=RBX::Studio::QEngineWidget
[hider] pass: viewport=0000000004810B74 chainLen=2 newlyBlocked=0 alreadyBlocked=0 totalWins=1
[hider] viewport = 0000000004810B74 qclass=RBX::Studio::QEngineWidget
[hider] pass: viewport=0000000004810B74 chainLen=2 newlyBlocked=0 alreadyBlocked=0 totalWins=1
[hider] viewport = 0000000004810B74 qclass=RBX::Studio::QEngineWidget
[hider] pass: viewport=0000000004810B74 chainLen=2 newlyBlocked=0 alreadyBlocked=0 totalWins=1
[hider] viewport = 0000000004810B74 qclass=RBX::Studio::QEngineWidget
[hider] pass: viewport=0000000004810B74 chainLen=2 newlyBlocked=0 alreadyBlocked=0 totalWins=1
[hider] viewport = 0000000004810B74 qclass=RBX::Studio::QEngineWidget
[hider] pass: viewport=0000000004810B74 chainLen=2 newlyBlocked=0 alreadyBlocked=0 totalWins=1
[hider] viewport = 0000000004810B74 qclass=RBX::Studio::QEngineWidget
[hider] pass: viewport=0000000004810B74 chainLen=2 newlyBlocked=0 alreadyBlocked=0 totalWins=1
[hider] viewport = 0000000004810B74 qclass=RBX::Studio::QEngineWidget
[hider] pass: viewport=0000000004810B74 chainLen=2 newlyBlocked=0 alreadyBlocked=0 totalWins=1
[hider] viewport = 0000000004810B74 qclass=RBX::Studio::QEngineWidget
[hider] pass: viewport=0000000004810B74 chainLen=2 newlyBlocked=0 alreadyBlocked=0 totalWins=1
[hider] viewport = 0000000004810B74 qclass=RBX::Studio::QEngineWidget
[hider] pass: viewport=0000000004810B74 chainLen=2 newlyBlocked=0 alreadyBlocked=0 totalWins=1
[hider] viewport = 0000000004810B74 qclass=RBX::Studio::QEngineWidget
[hider] pass: viewport=0000000004810B74 chainLen=2 newlyBlocked=0 alreadyBlocked=0 totalWins=1
[hider] viewport = 0000000004810B74 qclass=RBX::Studio::QEngineWidget
[hider] pass: viewport=0000000004810B74 chainLen=2 newlyBlocked=0 alreadyBlocked=0 totalWins=1
[hider] viewport = 0000000004810B74 qclass=RBX::Studio::QEngineWidget
[hider] pass: viewport=0000000004810B74 chainLen=2 newlyBlocked=0 alreadyBlocked=0 totalWins=1
[hider] viewport = 0000000004810B74 qclass=RBX::Studio::QEngineWidget
[hider] pass: viewport=0000000004810B74 chainLen=2 newlyBlocked=0 alreadyBlocked=0 totalWins=1
[hider] viewport = 0000000004810B74 qclass=RBX::Studio::QEngineWidget
[hider] pass: viewport=0000000004810B74 chainLen=2 newlyBlocked=0 alreadyBlocked=0 totalWins=1
[hider] viewport = 0000000004810B74 qclass=RBX::Studio::QEngineWidget
[hider] pass: viewport=0000000004810B74 chainLen=2 newlyBlocked=0 alreadyBlocked=0 totalWins=1
[hider] viewport = 0000000004810B74 qclass=RBX::Studio::QEngineWidget
[hider] pass: viewport=0000000004810B74 chainLen=2 newlyBlocked=0 alreadyBlocked=0 totalWins=1
[hider] viewport = 0000000004810B74 qclass=RBX::Studio::QEngineWidget
[hider] pass: viewport=0000000004810B74 chainLen=2 newlyBlocked=0 alreadyBlocked=0 totalWins=1
[hider] viewport = 0000000004810B74 qclass=RBX::Studio::QEngineWidget
[hider] pass: viewport=0000000004810B74 chainLen=2 newlyBlocked=0 alreadyBlocked=0 totalWins=1
[hider] viewport = 0000000004810B74 qclass=RBX::Studio::QEngineWidget
[hider] pass: viewport=0000000004810B74 chainLen=2 newlyBlocked=0 alreadyBlocked=0 totalWins=1
[hider] viewport = 0000000004810B74 qclass=RBX::Studio::QEngineWidget
[hider] pass: viewport=0000000004810B74 chainLen=2 newlyBlocked=0 alreadyBlocked=0 totalWins=1
[hider] viewport = 0000000004810B74 qclass=RBX::Studio::QEngineWidget
[hider] pass: viewport=0000000004810B74 chainLen=2 newlyBlocked=0 alreadyBlocked=0 totalWins=1
[hider] viewport = 0000000004810B74 qclass=RBX::Studio::QEngineWidget
[hider] pass: viewport=0000000004810B74 chainLen=2 newlyBlocked=0 alreadyBlocked=0 totalWins=1
[hider] viewport = 0000000004810B74 qclass=RBX::Studio::QEngineWidget
[hider] pass: viewport=0000000004810B74 chainLen=2 newlyBlocked=0 alreadyBlocked=0 totalWins=1
[hider] viewport = 0000000004810B74 qclass=RBX::Studio::QEngineWidget
[hider] pass: viewport=0000000004810B74 chainLen=2 newlyBlocked=0 alreadyBlocked=0 totalWins=1
[hider] viewport = 0000000004810B74 qclass=RBX::Studio::QEngineWidget
[hider] pass: viewport=0000000004810B74 chainLen=2 newlyBlocked=0 alreadyBlocked=0 totalWins=1
[dllmain] SafeInit pid=31144
[name_patcher] x64 name patch OK -> 'HearMeRoar' (buf 00007FF6FF3C0000)
[udp_relay] installing IAT hooks (client=1 server=0)
[udp_relay] username='HearMeRoar' (10 chars)
[udp_relay] hooks: sendto=00007FFE8DE10900 recvfrom=0000000000000000 WSASendTo=00007FFE8DE11390 WSARecvFrom=0000000000000000 WSARecv=0000000000000000
[rcc_patch] IP patched @rva=0x4FA1DAE -> '127.0.0.1' (len mov updated)
[rcc_patch] IP patched @rva=0x2793CDA -> '127.0.0.1' (len mov updated)
[rcc_patch] IP patched @rva=0x2793DA7 -> '127.0.0.1' (len mov updated)
[rcc_patch] IP patched @rva=0x2793E8B -> '127.0.0.1' (len mov updated)
[rcc_patch] IP patched @rva=0x2793F2D -> '127.0.0.1' (len mov updated)
[dllmain] StartClient launch confirmed - activating Qt hider
[hider] Qt symbols: find=00007FFD97AF8A00 className=00007FFD97027A50 -> OK
[hider]  hwnd=00000000028A0764 parent=0000000001B708BA vis=0 area=4750 chrome=1 qclass=Qtitan::DockWidgetPanel
[hider]  hwnd=0000000000140DFE parent=0000000001B708BA vis=0 area=4750 chrome=1 qclass=Qtitan::DockWidgetPanel
[hider]  hwnd=0000000000A20DC4 parent=0000000001B708BA vis=0 area=4750 chrome=1 qclass=Qtitan::DockWidgetPanel
[hider]  hwnd=00000000005B0438 parent=0000000001B708BA vis=0 area=4750 chrome=1 qclass=Qtitan::DockWidgetPanel
[hider]  hwnd=0000000004840B74 parent=0000000001B708BA vis=0 area=4750 chrome=1 qclass=Qtitan::DockWidgetPanel
[hider]  hwnd=0000000001870AFC parent=0000000001B708BA vis=0 area=4750 chrome=1 qclass=Qtitan::DockWidgetPanel
[hider]  hwnd=00000000000E0F68 parent=0000000001B708BA vis=0 area=4750 chrome=1 qclass=Qtitan::DockWidgetPanel
[hider]  hwnd=0000000000120E20 parent=0000000001B708BA vis=0 area=4750 chrome=1 qclass=Qtitan::DockWidgetPanel
[hider]  hwnd=0000000000150F84 parent=0000000001B708BA vis=0 area=4750 chrome=1 qclass=Qtitan::DockWidgetPanel
[hider]  hwnd=0000000000460D0A parent=0000000001B708BA vis=0 area=4750 chrome=1 qclass=Qtitan::DockWidgetPanel
[hider]  hwnd=0000000000430E86 parent=0000000001B708BA vis=0 area=15625 chrome=0 qclass=RBX::Studio::QEngineWidget
[hider] viewport = 0000000000430E86 qclass=RBX::Studio::QEngineWidget
[hider] pass: viewport=0000000000430E86 chainLen=2 newlyBlocked=10 alreadyBlocked=0 totalWins=11
[hider] viewport = 00000000002E0CE8 qclass=RBX::Studio::QEngineWidget
[hider] pass: viewport=00000000002E0CE8 chainLen=2 newlyBlocked=0 alreadyBlocked=0 totalWins=1
[udp_relay] SEND magic to 127.0.0.1:56775 username='HearMeRoar'
[hider] viewport = 00000000002E0CE8 qclass=RBX::Studio::QEngineWidget
[hider] pass: viewport=00000000002E0CE8 chainLen=2 newlyBlocked=0 alreadyBlocked=0 totalWins=1
[hider] viewport = 00000000002E0CE8 qclass=RBX::Studio::QEngineWidget
[hider] pass: viewport=00000000002E0CE8 chainLen=2 newlyBlocked=0 alreadyBlocked=0 totalWins=1
[hider] viewport = 00000000002E0CE8 qclass=RBX::Studio::QEngineWidget
[hider] pass: viewport=00000000002E0CE8 chainLen=2 newlyBlocked=0 alreadyBlocked=0 totalWins=1
[hider] viewport = 00000000002E0CE8 qclass=RBX::Studio::QEngineWidget
[hider] pass: viewport=00000000002E0CE8 chainLen=2 newlyBlocked=0 alreadyBlocked=0 totalWins=1
[hider] viewport = 00000000002E0CE8 qclass=RBX::Studio::QEngineWidget
[hider] pass: viewport=00000000002E0CE8 chainLen=2 newlyBlocked=0 alreadyBlocked=0 totalWins=1
[hider] viewport = 00000000002E0CE8 qclass=RBX::Studio::QEngineWidget
[hider] pass: viewport=00000000002E0CE8 chainLen=2 newlyBlocked=0 alreadyBlocked=0 totalWins=1
[hider] viewport = 00000000002E0CE8 qclass=RBX::Studio::QEngineWidget
[hider] pass: viewport=00000000002E0CE8 chainLen=2 newlyBlocked=0 alreadyBlocked=0 totalWins=1
[hider] viewport = 00000000002E0CE8 qclass=RBX::Studio::QEngineWidget
[hider] pass: viewport=00000000002E0CE8 chainLen=2 newlyBlocked=0 alreadyBlocked=0 totalWins=1
[hider] viewport = 00000000002E0CE8 qclass=RBX::Studio::QEngineWidget
[hider] pass: viewport=00000000002E0CE8 chainLen=2 newlyBlocked=0 alreadyBlocked=0 totalWins=1
[hider] viewport = 00000000002E0CE8 qclass=RBX::Studio::QEngineWidget
[hider] pass: viewport=00000000002E0CE8 chainLen=2 newlyBlocked=0 alreadyBlocked=0 totalWins=1
[hider] viewport = 00000000002E0CE8 qclass=RBX::Studio::QEngineWidget
[hider] pass: viewport=00000000002E0CE8 chainLen=2 newlyBlocked=0 alreadyBlocked=0 totalWins=1
[hider] viewport = 00000000002E0CE8 qclass=RBX::Studio::QEngineWidget
[hider] pass: viewport=00000000002E0CE8 chainLen=2 newlyBlocked=0 alreadyBlocked=0 totalWins=1
[hider] viewport = 00000000002E0CE8 qclass=RBX::Studio::QEngineWidget
[hider] pass: viewport=00000000002E0CE8 chainLen=2 newlyBlocked=0 alreadyBlocked=0 totalWins=1
[hider] viewport = 00000000002E0CE8 qclass=RBX::Studio::QEngineWidget
[hider] pass: viewport=00000000002E0CE8 chainLen=2 newlyBlocked=0 alreadyBlocked=0 totalWins=1
[hider] viewport = 00000000002E0CE8 qclass=RBX::Studio::QEngineWidget
[hider] pass: viewport=00000000002E0CE8 chainLen=2 newlyBlocked=0 alreadyBlocked=0 totalWins=1
[hider] viewport = 00000000002E0CE8 qclass=RBX::Studio::QEngineWidget
[hider] pass: viewport=00000000002E0CE8 chainLen=2 newlyBlocked=0 alreadyBlocked=0 totalWins=1
[udp_relay] SEND magic to 127.0.0.1:25565 username='HearMeRoar'
[udp_relay] RECV magic from 127.0.0.1:63537 username='HearMeRoar' userId=0 accountAge=3650 haveId=1, patching now
[name_patcher] x64 name updated to 'HearMeRoar'
[name_patcher] relayed identity: userId=0 accountAge=3650
[udp_relay] POSTed appearance for 'HearMeRoar' (1266 chars) -> https://127.0.0.1:443 ok=1
[hider] viewport = 00000000002E0CE8 qclass=RBX::Studio::QEngineWidget
[hider] pass: viewport=00000000002E0CE8 chainLen=2 newlyBlocked=0 alreadyBlocked=0 totalWins=1
[hider] viewport = 00000000002E0CE8 qclass=RBX::Studio::QEngineWidget
[hider] pass: viewport=00000000002E0CE8 chainLen=2 newlyBlocked=0 alreadyBlocked=0 totalWins=1
[hider] viewport = 00000000002E0CE8 qclass=RBX::Studio::QEngineWidget
[hider] pass: viewport=00000000002E0CE8 chainLen=2 newlyBlocked=0 alreadyBlocked=0 totalWins=1
[hider] viewport = 00000000002E0CE8 qclass=RBX::Studio::QEngineWidget
[hider] pass: viewport=00000000002E0CE8 chainLen=2 newlyBlocked=0 alreadyBlocked=0 totalWins=1
[hider] viewport = 00000000002E0CE8 qclass=RBX::Studio::QEngineWidget
[hider] pass: viewport=00000000002E0CE8 chainLen=2 newlyBlocked=0 alreadyBlocked=0 totalWins=1
[hider] viewport = 00000000002E0CE8 qclass=RBX::Studio::QEngineWidget
[hider] pass: viewport=00000000002E0CE8 chainLen=2 newlyBlocked=0 alreadyBlocked=0 totalWins=1
[hider] viewport = 00000000002E0CE8 qclass=RBX::Studio::QEngineWidget
[hider] pass: viewport=00000000002E0CE8 chainLen=2 newlyBlocked=0 alreadyBlocked=0 totalWins=1
[hider] viewport = 00000000002E0CE8 qclass=RBX::Studio::QEngineWidget
[hider] pass: viewport=00000000002E0CE8 chainLen=2 newlyBlocked=0 alreadyBlocked=0 totalWins=1
[hider] viewport = 00000000002E0CE8 qclass=RBX::Studio::QEngineWidget
[hider] pass: viewport=00000000002E0CE8 chainLen=2 newlyBlocked=0 alreadyBlocked=0 totalWins=1
[hider] viewport = 00000000002E0CE8 qclass=RBX::Studio::QEngineWidget
[hider] pass: viewport=00000000002E0CE8 chainLen=2 newlyBlocked=0 alreadyBlocked=0 totalWins=1
[hider] viewport = 00000000002E0CE8 qclass=RBX::Studio::QEngineWidget
[hider] pass: viewport=00000000002E0CE8 chainLen=2 newlyBlocked=0 alreadyBlocked=0 totalWins=1
[hider] viewport = 00000000002E0CE8 qclass=RBX::Studio::QEngineWidget
[hider] pass: viewport=00000000002E0CE8 chainLen=2 newlyBlocked=0 alreadyBlocked=0 totalWins=1
[hider] viewport = 00000000002E0CE8 qclass=RBX::Studio::QEngineWidget
[hider] pass: viewport=00000000002E0CE8 chainLen=2 newlyBlocked=0 alreadyBlocked=0 totalWins=1
[hider] viewport = 00000000002E0CE8 qclass=RBX::Studio::QEngineWidget
[hider] pass: viewport=00000000002E0CE8 chainLen=2 newlyBlocked=0 alreadyBlocked=0 totalWins=1
[hider] viewport = 00000000002E0CE8 qclass=RBX::Studio::QEngineWidget
[hider] pass: viewport=00000000002E0CE8 chainLen=2 newlyBlocked=0 alreadyBlocked=0 totalWins=1
[hider] viewport = 00000000002E0CE8 qclass=RBX::Studio::QEngineWidget
[hider] pass: viewport=00000000002E0CE8 chainLen=2 newlyBlocked=0 alreadyBlocked=0 totalWins=1
[hider] viewport = 00000000002E0CE8 qclass=RBX::Studio::QEngineWidget
[hider] pass: viewport=00000000002E0CE8 chainLen=2 newlyBlocked=0 alreadyBlocked=0 totalWins=1
[hider] viewport = 00000000002E0CE8 qclass=RBX::Studio::QEngineWidget
[hider] pass: viewport=00000000002E0CE8 chainLen=2 newlyBlocked=0 alreadyBlocked=0 totalWins=1
[hider] viewport = 00000000002E0CE8 qclass=RBX::Studio::QEngineWidget
[hider] pass: viewport=00000000002E0CE8 chainLen=2 newlyBlocked=0 alreadyBlocked=0 totalWins=1
[hider] viewport = 00000000002E0CE8 qclass=RBX::Studio::QEngineWidget
[hider] pass: viewport=00000000002E0CE8 chainLen=2 newlyBlocked=0 alreadyBlocked=0 totalWins=1
[hider] viewport = 00000000002E0CE8 qclass=RBX::Studio::QEngineWidget
[hider] pass: viewport=00000000002E0CE8 chainLen=2 newlyBlocked=0 alreadyBlocked=0 totalWins=1
[hider] viewport = 00000000002E0CE8 qclass=RBX::Studio::QEngineWidget
[hider] pass: viewport=00000000002E0CE8 chainLen=2 newlyBlocked=0 alreadyBlocked=0 totalWins=1
[hider] viewport = 00000000002E0CE8 qclass=RBX::Studio::QEngineWidget
[hider] pass: viewport=00000000002E0CE8 chainLen=2 newlyBlocked=0 alreadyBlocked=0 totalWins=1
[hider] viewport = 00000000002E0CE8 qclass=RBX::Studio::QEngineWidget
[hider] pass: viewport=00000000002E0CE8 chainLen=2 newlyBlocked=0 alreadyBlocked=0 totalWins=1
[hider] viewport = 00000000002E0CE8 qclass=RBX::Studio::QEngineWidget
[hider] pass: viewport=00000000002E0CE8 chainLen=2 newlyBlocked=0 alreadyBlocked=0 totalWins=1
[hider] viewport = 00000000002E0CE8 qclass=RBX::Studio::QEngineWidget
[hider] pass: viewport=00000000002E0CE8 chainLen=2 newlyBlocked=0 alreadyBlocked=0 totalWins=1
[hider] viewport = 00000000002E0CE8 qclass=RBX::Studio::QEngineWidget
[hider] pass: viewport=00000000002E0CE8 chainLen=2 newlyBlocked=0 alreadyBlocked=0 totalWins=1
[hider] viewport = 00000000002E0CE8 qclass=RBX::Studio::QEngineWidget
[hider] pass: viewport=00000000002E0CE8 chainLen=2 newlyBlocked=0 alreadyBlocked=0 totalWins=1
[hider] viewport = 00000000002E0CE8 qclass=RBX::Studio::QEngineWidget
[hider] pass: viewport=00000000002E0CE8 chainLen=2 newlyBlocked=0 alreadyBlocked=0 totalWins=1
[hider] viewport = 00000000002E0CE8 qclass=RBX::Studio::QEngineWidget
[hider] pass: viewport=00000000002E0CE8 chainLen=2 newlyBlocked=0 alreadyBlocked=0 totalWins=1
[hider] viewport = 00000000002E0CE8 qclass=RBX::Studio::QEngineWidget
[hider] pass: viewport=00000000002E0CE8 chainLen=2 newlyBlocked=0 alreadyBlocked=0 totalWins=1
[hider] viewport = 00000000002E0CE8 qclass=RBX::Studio::QEngineWidget
[hider] pass: viewport=00000000002E0CE8 chainLen=2 newlyBlocked=0 alreadyBlocked=0 totalWins=1
[hider] viewport = 00000000002E0CE8 qclass=RBX::Studio::QEngineWidget
[hider] pass: viewport=00000000002E0CE8 chainLen=2 newlyBlocked=0 alreadyBlocked=0 totalWins=1
[hider] viewport = 00000000002E0CE8 qclass=RBX::Studio::QEngineWidget
[hider] pass: viewport=00000000002E0CE8 chainLen=2 newlyBlocked=0 alreadyBlocked=0 totalWins=1
[hider] viewport = 00000000002E0CE8 qclass=RBX::Studio::QEngineWidget
[hider] pass: viewport=00000000002E0CE8 chainLen=2 newlyBlocked=0 alreadyBlocked=0 totalWins=1
[hider] viewport = 00000000002E0CE8 qclass=RBX::Studio::QEngineWidget
[hider] pass: viewport=00000000002E0CE8 chainLen=2 newlyBlocked=0 alreadyBlocked=0 totalWins=1
[hider] viewport = 00000000002E0CE8 qclass=RBX::Studio::QEngineWidget
[hider] pass: viewport=00000000002E0CE8 chainLen=2 newlyBlocked=0 alreadyBlocked=0 totalWins=1
[hider] viewport = 00000000002E0CE8 qclass=RBX::Studio::QEngineWidget
[hider] pass: viewport=00000000002E0CE8 chainLen=2 newlyBlocked=0 alreadyBlocked=0 totalWins=1
[hider] viewport = 00000000002E0CE8 qclass=RBX::Studio::QEngineWidget
[hider] pass: viewport=00000000002E0CE8 chainLen=2 newlyBlocked=0 alreadyBlocked=0 totalWins=1
[hider] viewport = 00000000002E0CE8 qclass=RBX::Studio::QEngineWidget
[hider] pass: viewport=00000000002E0CE8 chainLen=2 newlyBlocked=0 alreadyBlocked=0 totalWins=1
[hider] viewport = 00000000002E0CE8 qclass=RBX::Studio::QEngineWidget
[hider] pass: viewport=00000000002E0CE8 chainLen=2 newlyBlocked=0 alreadyBlocked=0 totalWins=1
[hider] viewport = 00000000002E0CE8 qclass=RBX::Studio::QEngineWidget
[hider] pass: viewport=00000000002E0CE8 chainLen=2 newlyBlocked=0 alreadyBlocked=0 totalWins=1
[hider] viewport = 00000000002E0CE8 qclass=RBX::Studio::QEngineWidget
[hider] pass: viewport=00000000002E0CE8 chainLen=2 newlyBlocked=0 alreadyBlocked=0 totalWins=1
[hider] viewport = 00000000002E0CE8 qclass=RBX::Studio::QEngineWidget
[hider] pass: viewport=00000000002E0CE8 chainLen=2 newlyBlocked=0 alreadyBlocked=0 totalWins=1
[hider] viewport = 00000000002E0CE8 qclass=RBX::Studio::QEngineWidget
[hider] pass: viewport=00000000002E0CE8 chainLen=2 newlyBlocked=0 alreadyBlocked=0 totalWins=1
[hider] viewport = 00000000002E0CE8 qclass=RBX::Studio::QEngineWidget
[hider] pass: viewport=00000000002E0CE8 chainLen=2 newlyBlocked=0 alreadyBlocked=0 totalWins=1
[hider] viewport = 00000000002E0CE8 qclass=RBX::Studio::QEngineWidget
[hider] pass: viewport=00000000002E0CE8 chainLen=2 newlyBlocked=0 alreadyBlocked=0 totalWins=1
[hider] viewport = 00000000002E0CE8 qclass=RBX::Studio::QEngineWidget
[hider] pass: viewport=00000000002E0CE8 chainLen=2 newlyBlocked=0 alreadyBlocked=0 totalWins=1
[hider] viewport = 00000000002E0CE8 qclass=RBX::Studio::QEngineWidget
[hider] pass: viewport=00000000002E0CE8 chainLen=2 newlyBlocked=0 alreadyBlocked=0 totalWins=1
[hider] viewport = 00000000002E0CE8 qclass=RBX::Studio::QEngineWidget
[hider] pass: viewport=00000000002E0CE8 chainLen=2 newlyBlocked=0 alreadyBlocked=0 totalWins=1
[hider] viewport = 00000000002E0CE8 qclass=RBX::Studio::QEngineWidget
[hider] pass: viewport=00000000002E0CE8 chainLen=2 newlyBlocked=0 alreadyBlocked=0 totalWins=1
[hider] viewport = 00000000002E0CE8 qclass=RBX::Studio::QEngineWidget
[hider] pass: viewport=00000000002E0CE8 chainLen=2 newlyBlocked=0 alreadyBlocked=0 totalWins=1
[hider] viewport = 00000000002E0CE8 qclass=RBX::Studio::QEngineWidget
[hider] pass: viewport=00000000002E0CE8 chainLen=2 newlyBlocked=0 alreadyBlocked=0 totalWins=1
[hider] viewport = 00000000002E0CE8 qclass=RBX::Studio::QEngineWidget
[hider] pass: viewport=00000000002E0CE8 chainLen=2 newlyBlocked=0 alreadyBlocked=0 totalWins=1
[hider] viewport = 00000000002E0CE8 qclass=RBX::Studio::QEngineWidget
[hider] pass: viewport=00000000002E0CE8 chainLen=2 newlyBlocked=0 alreadyBlocked=0 totalWins=1
[hider] viewport = 00000000002E0CE8 qclass=RBX::Studio::QEngineWidget
[hider] pass: viewport=00000000002E0CE8 chainLen=2 newlyBlocked=0 alreadyBlocked=0 totalWins=1
[hider] viewport = 00000000002E0CE8 qclass=RBX::Studio::QEngineWidget
[hider] pass: viewport=00000000002E0CE8 chainLen=2 newlyBlocked=0 alreadyBlocked=0 totalWins=1
[hider] viewport = 00000000002E0CE8 qclass=RBX::Studio::QEngineWidget
[hider] pass: viewport=00000000002E0CE8 chainLen=2 newlyBlocked=0 alreadyBlocked=0 totalWins=1
[hider] viewport = 00000000002E0CE8 qclass=RBX::Studio::QEngineWidget
[hider] pass: viewport=00000000002E0CE8 chainLen=2 newlyBlocked=0 alreadyBlocked=0 totalWins=1
[hider] viewport = 00000000002E0CE8 qclass=RBX::Studio::QEngineWidget
[hider] pass: viewport=00000000002E0CE8 chainLen=2 newlyBlocked=0 alreadyBlocked=0 totalWins=1
[hider] viewport = 00000000002E0CE8 qclass=RBX::Studio::QEngineWidget
[hider] pass: viewport=00000000002E0CE8 chainLen=2 newlyBlocked=0 alreadyBlocked=0 totalWins=1
[hider] viewport = 00000000002E0CE8 qclass=RBX::Studio::QEngineWidget
[hider] pass: viewport=00000000002E0CE8 chainLen=2 newlyBlocked=0 alreadyBlocked=0 totalWins=1
[hider] viewport = 00000000002E0CE8 qclass=RBX::Studio::QEngineWidget
[hider] pass: viewport=00000000002E0CE8 chainLen=2 newlyBlocked=0 alreadyBlocked=0 totalWins=1
[hider] viewport = 00000000002E0CE8 qclass=RBX::Studio::QEngineWidget
[hider] pass: viewport=00000000002E0CE8 chainLen=2 newlyBlocked=0 alreadyBlocked=0 totalWins=1
[hider] viewport = 00000000002E0CE8 qclass=RBX::Studio::QEngineWidget
[hider] pass: viewport=00000000002E0CE8 chainLen=2 newlyBlocked=0 alreadyBlocked=0 totalWins=1
[hider] viewport = 00000000002E0CE8 qclass=RBX::Studio::QEngineWidget
[hider] pass: viewport=00000000002E0CE8 chainLen=2 newlyBlocked=0 alreadyBlocked=0 totalWins=1
[hider] viewport = 00000000002E0CE8 qclass=RBX::Studio::QEngineWidget
[hider] pass: viewport=00000000002E0CE8 chainLen=2 newlyBlocked=0 alreadyBlocked=0 totalWins=1
[hider] viewport = 00000000002E0CE8 qclass=RBX::Studio::QEngineWidget
[hider] pass: viewport=00000000002E0CE8 chainLen=2 newlyBlocked=0 alreadyBlocked=0 totalWins=1
[hider] viewport = 00000000002E0CE8 qclass=RBX::Studio::QEngineWidget
[hider] pass: viewport=00000000002E0CE8 chainLen=2 newlyBlocked=0 alreadyBlocked=0 totalWins=1
[hider] viewport = 00000000002E0CE8 qclass=RBX::Studio::QEngineWidget
[hider] pass: viewport=00000000002E0CE8 chainLen=2 newlyBlocked=0 alreadyBlocked=0 totalWins=1
[hider] viewport = 00000000002E0CE8 qclass=RBX::Studio::QEngineWidget
[hider] pass: viewport=00000000002E0CE8 chainLen=2 newlyBlocked=0 alreadyBlocked=0 totalWins=1
[hider] viewport = 00000000002E0CE8 qclass=RBX::Studio::QEngineWidget
[hider] pass: viewport=00000000002E0CE8 chainLen=2 newlyBlocked=0 alreadyBlocked=0 totalWins=1
[hider] viewport = 00000000002E0CE8 qclass=RBX::Studio::QEngineWidget
[hider] pass: viewport=00000000002E0CE8 chainLen=2 newlyBlocked=0 alreadyBlocked=0 totalWins=1
[hider] viewport = 00000000002E0CE8 qclass=RBX::Studio::QEngineWidget
[hider] pass: viewport=00000000002E0CE8 chainLen=2 newlyBlocked=0 alreadyBlocked=0 totalWins=1
[hider] viewport = 00000000002E0CE8 qclass=RBX::Studio::QEngineWidget
[hider] pass: viewport=00000000002E0CE8 chainLen=2 newlyBlocked=0 alreadyBlocked=0 totalWins=1
[hider] viewport = 00000000002E0CE8 qclass=RBX::Studio::QEngineWidget
[hider] pass: viewport=00000000002E0CE8 chainLen=2 newlyBlocked=0 alreadyBlocked=0 totalWins=1
[hider] viewport = 00000000002E0CE8 qclass=RBX::Studio::QEngineWidget
[hider] pass: viewport=00000000002E0CE8 chainLen=2 newlyBlocked=0 alreadyBlocked=0 totalWins=1
[hider] viewport = 00000000002E0CE8 qclass=RBX::Studio::QEngineWidget
[hider] pass: viewport=00000000002E0CE8 chainLen=2 newlyBlocked=0 alreadyBlocked=0 totalWins=1
[hider] viewport = 00000000002E0CE8 qclass=RBX::Studio::QEngineWidget
[hider] pass: viewport=00000000002E0CE8 chainLen=2 newlyBlocked=0 alreadyBlocked=0 totalWins=1
[hider] viewport = 00000000002E0CE8 qclass=RBX::Studio::QEngineWidget
[hider] pass: viewport=00000000002E0CE8 chainLen=2 newlyBlocked=0 alreadyBlocked=0 totalWins=1
[hider] viewport = 00000000002E0CE8 qclass=RBX::Studio::QEngineWidget
[hider] pass: viewport=00000000002E0CE8 chainLen=2 newlyBlocked=0 alreadyBlocked=0 totalWins=1
[hider] viewport = 00000000002E0CE8 qclass=RBX::Studio::QEngineWidget
[hider] pass: viewport=00000000002E0CE8 chainLen=2 newlyBlocked=0 alreadyBlocked=0 totalWins=1
[hider] viewport = 00000000002E0CE8 qclass=RBX::Studio::QEngineWidget
[hider] pass: viewport=00000000002E0CE8 chainLen=2 newlyBlocked=0 alreadyBlocked=0 totalWins=1
[hider] viewport = 00000000002E0CE8 qclass=RBX::Studio::QEngineWidget
[hider] pass: viewport=00000000002E0CE8 chainLen=2 newlyBlocked=0 alreadyBlocked=0 totalWins=1
[hider] viewport = 00000000002E0CE8 qclass=RBX::Studio::QEngineWidget
[hider] pass: viewport=00000000002E0CE8 chainLen=2 newlyBlocked=0 alreadyBlocked=0 totalWins=1
[hider] viewport = 00000000002E0CE8 qclass=RBX::Studio::QEngineWidget
[hider] pass: viewport=00000000002E0CE8 chainLen=2 newlyBlocked=0 alreadyBlocked=0 totalWins=1
[hider] viewport = 00000000002E0CE8 qclass=RBX::Studio::QEngineWidget
[hider] pass: viewport=00000000002E0CE8 chainLen=2 newlyBlocked=0 alreadyBlocked=0 totalWins=1
[hider] viewport = 00000000002E0CE8 qclass=RBX::Studio::QEngineWidget
[hider] pass: viewport=00000000002E0CE8 chainLen=2 newlyBlocked=0 alreadyBlocked=0 totalWins=1
[hider] viewport = 00000000002E0CE8 qclass=RBX::Studio::QEngineWidget
[hider] pass: viewport=00000000002E0CE8 chainLen=2 newlyBlocked=0 alreadyBlocked=0 totalWins=1
[hider] viewport = 00000000002E0CE8 qclass=RBX::Studio::QEngineWidget
[hider] pass: viewport=00000000002E0CE8 chainLen=2 newlyBlocked=0 alreadyBlocked=0 totalWins=1
[hider] viewport = 00000000002E0CE8 qclass=RBX::Studio::QEngineWidget
[hider] pass: viewport=00000000002E0CE8 chainLen=2 newlyBlocked=0 alreadyBlocked=0 totalWins=1
[hider] viewport = 00000000002E0CE8 qclass=RBX::Studio::QEngineWidget
[hider] pass: viewport=00000000002E0CE8 chainLen=2 newlyBlocked=0 alreadyBlocked=0 totalWins=1
[hider] viewport = 00000000002E0CE8 qclass=RBX::Studio::QEngineWidget
[hider] pass: viewport=00000000002E0CE8 chainLen=2 newlyBlocked=0 alreadyBlocked=0 totalWins=1
[hider] viewport = 00000000002E0CE8 qclass=RBX::Studio::QEngineWidget
[hider] pass: viewport=00000000002E0CE8 chainLen=2 newlyBlocked=0 alreadyBlocked=0 totalWins=1
[hider] viewport = 00000000002E0CE8 qclass=RBX::Studio::QEngineWidget
[hider] pass: viewport=00000000002E0CE8 chainLen=2 newlyBlocked=0 alreadyBlocked=0 totalWins=1
[hider] viewport = 00000000002E0CE8 qclass=RBX::Studio::QEngineWidget
[hider] pass: viewport=00000000002E0CE8 chainLen=2 newlyBlocked=0 alreadyBlocked=0 totalWins=1
[hider] viewport = 00000000002E0CE8 qclass=RBX::Studio::QEngineWidget
[hider] pass: viewport=00000000002E0CE8 chainLen=2 newlyBlocked=0 alreadyBlocked=0 totalWins=1
[hider] viewport = 00000000002E0CE8 qclass=RBX::Studio::QEngineWidget
[hider] pass: viewport=00000000002E0CE8 chainLen=2 newlyBlocked=0 alreadyBlocked=0 totalWins=1
[hider] viewport = 00000000002E0CE8 qclass=RBX::Studio::QEngineWidget
[hider] pass: viewport=00000000002E0CE8 chainLen=2 newlyBlocked=0 alreadyBlocked=0 totalWins=1
[hider] viewport = 00000000002E0CE8 qclass=RBX::Studio::QEngineWidget
[hider] pass: viewport=00000000002E0CE8 chainLen=2 newlyBlocked=0 alreadyBlocked=0 totalWins=1
[hider] viewport = 00000000002E0CE8 qclass=RBX::Studio::QEngineWidget
[hider] pass: viewport=00000000002E0CE8 chainLen=2 newlyBlocked=0 alreadyBlocked=0 totalWins=1
[hider] viewport = 00000000002E0CE8 qclass=RBX::Studio::QEngineWidget
[hider] pass: viewport=00000000002E0CE8 chainLen=2 newlyBlocked=0 alreadyBlocked=0 totalWins=1
[hider] viewport = 00000000002E0CE8 qclass=RBX::Studio::QEngineWidget
[hider] pass: viewport=00000000002E0CE8 chainLen=2 newlyBlocked=0 alreadyBlocked=0 totalWins=1
[hider] viewport = 00000000002E0CE8 qclass=RBX::Studio::QEngineWidget
[hider] pass: viewport=00000000002E0CE8 chainLen=2 newlyBlocked=0 alreadyBlocked=0 totalWins=1
[hider] viewport = 00000000002E0CE8 qclass=RBX::Studio::QEngineWidget
[hider] pass: viewport=00000000002E0CE8 chainLen=2 newlyBlocked=0 alreadyBlocked=0 totalWins=1
[hider] viewport = 00000000002E0CE8 qclass=RBX::Studio::QEngineWidget
[hider] pass: viewport=00000000002E0CE8 chainLen=2 newlyBlocked=0 alreadyBlocked=0 totalWins=1
[hider] viewport = 00000000002E0CE8 qclass=RBX::Studio::QEngineWidget
[hider] pass: viewport=00000000002E0CE8 chainLen=2 newlyBlocked=0 alreadyBlocked=0 totalWins=1
[hider] viewport = 00000000002E0CE8 qclass=RBX::Studio::QEngineWidget
[hider] pass: viewport=00000000002E0CE8 chainLen=2 newlyBlocked=0 alreadyBlocked=0 totalWins=1
[hider] viewport = 00000000002E0CE8 qclass=RBX::Studio::QEngineWidget
[hider] pass: viewport=00000000002E0CE8 chainLen=2 newlyBlocked=0 alreadyBlocked=0 totalWins=1
[hider] viewport = 00000000002E0CE8 qclass=RBX::Studio::QEngineWidget
[hider] pass: viewport=00000000002E0CE8 chainLen=2 newlyBlocked=0 alreadyBlocked=0 totalWins=1
[hider] viewport = 00000000002E0CE8 qclass=RBX::Studio::QEngineWidget
[hider] pass: viewport=00000000002E0CE8 chainLen=2 newlyBlocked=0 alreadyBlocked=0 totalWins=1
[hider] viewport = 00000000002E0CE8 qclass=RBX::Studio::QEngineWidget
[hider] pass: viewport=00000000002E0CE8 chainLen=2 newlyBlocked=0 alreadyBlocked=0 totalWins=1
[hider] viewport = 00000000002E0CE8 qclass=RBX::Studio::QEngineWidget
[hider] pass: viewport=00000000002E0CE8 chainLen=2 newlyBlocked=0 alreadyBlocked=0 totalWins=1
[hider] viewport = 00000000002E0CE8 qclass=RBX::Studio::QEngineWidget
[hider] pass: viewport=00000000002E0CE8 chainLen=2 newlyBlocked=0 alreadyBlocked=0 totalWins=1
[hider] viewport = 00000000002E0CE8 qclass=RBX::Studio::QEngineWidget
[hider] pass: viewport=00000000002E0CE8 chainLen=2 newlyBlocked=0 alreadyBlocked=0 totalWins=1
[hider] viewport = 00000000002E0CE8 qclass=RBX::Studio::QEngineWidget
[hider] pass: viewport=00000000002E0CE8 chainLen=2 newlyBlocked=0 alreadyBlocked=0 totalWins=1
[hider] viewport = 00000000002E0CE8 qclass=RBX::Studio::QEngineWidget
[hider] pass: viewport=00000000002E0CE8 chainLen=2 newlyBlocked=0 alreadyBlocked=0 totalWins=1
[hider] viewport = 00000000002E0CE8 qclass=RBX::Studio::QEngineWidget
[hider] pass: viewport=00000000002E0CE8 chainLen=2 newlyBlocked=0 alreadyBlocked=0 totalWins=1
[hider] viewport = 00000000002E0CE8 qclass=RBX::Studio::QEngineWidget
[hider] pass: viewport=00000000002E0CE8 chainLen=2 newlyBlocked=0 alreadyBlocked=0 totalWins=1
[hider] viewport = 00000000002E0CE8 qclass=RBX::Studio::QEngineWidget
[hider] pass: viewport=00000000002E0CE8 chainLen=2 newlyBlocked=0 alreadyBlocked=0 totalWins=1
[hider] viewport = 00000000002E0CE8 qclass=RBX::Studio::QEngineWidget
[hider] pass: viewport=00000000002E0CE8 chainLen=2 newlyBlocked=0 alreadyBlocked=0 totalWins=1
[hider] viewport = 00000000002E0CE8 qclass=RBX::Studio::QEngineWidget
[hider] pass: viewport=00000000002E0CE8 chainLen=2 newlyBlocked=0 alreadyBlocked=0 totalWins=1
[hider] viewport = 00000000002E0CE8 qclass=RBX::Studio::QEngineWidget
[hider] pass: viewport=00000000002E0CE8 chainLen=2 newlyBlocked=0 alreadyBlocked=0 totalWins=1
[hider] viewport = 00000000002E0CE8 qclass=RBX::Studio::QEngineWidget
[hider] pass: viewport=00000000002E0CE8 chainLen=2 newlyBlocked=0 alreadyBlocked=0 totalWins=1
[hider] viewport = 00000000002E0CE8 qclass=RBX::Studio::QEngineWidget
[hider] pass: viewport=00000000002E0CE8 chainLen=2 newlyBlocked=0 alreadyBlocked=0 totalWins=1
[hider] viewport = 00000000002E0CE8 qclass=RBX::Studio::QEngineWidget
[hider] pass: viewport=00000000002E0CE8 chainLen=2 newlyBlocked=0 alreadyBlocked=0 totalWins=1
[hider] viewport = 00000000002E0CE8 qclass=RBX::Studio::QEngineWidget
[hider] pass: viewport=00000000002E0CE8 chainLen=2 newlyBlocked=0 alreadyBlocked=0 totalWins=1
[hider] viewport = 00000000002E0CE8 qclass=RBX::Studio::QEngineWidget
[hider] pass: viewport=00000000002E0CE8 chainLen=2 newlyBlocked=0 alreadyBlocked=0 totalWins=1
[hider] viewport = 00000000002E0CE8 qclass=RBX::Studio::QEngineWidget
[hider] pass: viewport=00000000002E0CE8 chainLen=2 newlyBlocked=0 alreadyBlocked=0 totalWins=1
[hider] viewport = 00000000002E0CE8 qclass=RBX::Studio::QEngineWidget
[hider] pass: viewport=00000000002E0CE8 chainLen=2 newlyBlocked=0 alreadyBlocked=0 totalWins=1
[hider] viewport = 00000000002E0CE8 qclass=RBX::Studio::QEngineWidget
[hider] pass: viewport=00000000002E0CE8 chainLen=2 newlyBlocked=0 alreadyBlocked=0 totalWins=1
[hider] viewport = 00000000002E0CE8 qclass=RBX::Studio::QEngineWidget
[hider] pass: viewport=00000000002E0CE8 chainLen=2 newlyBlocked=0 alreadyBlocked=0 totalWins=1
[hider] viewport = 00000000002E0CE8 qclass=RBX::Studio::QEngineWidget
[hider] pass: viewport=00000000002E0CE8 chainLen=2 newlyBlocked=0 alreadyBlocked=0 totalWins=1
[hider] viewport = 00000000002E0CE8 qclass=RBX::Studio::QEngineWidget
[hider] pass: viewport=00000000002E0CE8 chainLen=2 newlyBlocked=0 alreadyBlocked=0 totalWins=1
[hider] viewport = 00000000002E0CE8 qclass=RBX::Studio::QEngineWidget
[hider] pass: viewport=00000000002E0CE8 chainLen=2 newlyBlocked=0 alreadyBlocked=0 totalWins=1
[hider] viewport = 00000000002E0CE8 qclass=RBX::Studio::QEngineWidget
[hider] pass: viewport=00000000002E0CE8 chainLen=2 newlyBlocked=0 alreadyBlocked=0 totalWins=1
[hider] viewport = 00000000002E0CE8 qclass=RBX::Studio::QEngineWidget
[hider] pass: viewport=00000000002E0CE8 chainLen=2 newlyBlocked=0 alreadyBlocked=0 totalWins=1
[hider] viewport = 00000000002E0CE8 qclass=RBX::Studio::QEngineWidget
[hider] pass: viewport=00000000002E0CE8 chainLen=2 newlyBlocked=0 alreadyBlocked=0 totalWins=1
[hider] viewport = 00000000002E0CE8 qclass=RBX::Studio::QEngineWidget
[hider] pass: viewport=00000000002E0CE8 chainLen=2 newlyBlocked=0 alreadyBlocked=0 totalWins=1
[hider] viewport = 00000000002E0CE8 qclass=RBX::Studio::QEngineWidget
[hider] pass: viewport=00000000002E0CE8 chainLen=2 newlyBlocked=0 alreadyBlocked=0 totalWins=1
[hider] viewport = 00000000002E0CE8 qclass=RBX::Studio::QEngineWidget
[hider] pass: viewport=00000000002E0CE8 chainLen=2 newlyBlocked=0 alreadyBlocked=0 totalWins=1
[hider] viewport = 00000000002E0CE8 qclass=RBX::Studio::QEngineWidget
[hider] pass: viewport=00000000002E0CE8 chainLen=2 newlyBlocked=0 alreadyBlocked=0 totalWins=1
[hider] viewport = 00000000002E0CE8 qclass=RBX::Studio::QEngineWidget
[hider] pass: viewport=00000000002E0CE8 chainLen=2 newlyBlocked=0 alreadyBlocked=0 totalWins=1
[hider] viewport = 00000000002E0CE8 qclass=RBX::Studio::QEngineWidget
[hider] pass: viewport=00000000002E0CE8 chainLen=2 newlyBlocked=0 alreadyBlocked=0 totalWins=1
[hider] viewport = 00000000002E0CE8 qclass=RBX::Studio::QEngineWidget
[hider] pass: viewport=00000000002E0CE8 chainLen=2 newlyBlocked=0 alreadyBlocked=0 totalWins=1
[hider] viewport = 00000000002E0CE8 qclass=RBX::Studio::QEngineWidget
[hider] pass: viewport=00000000002E0CE8 chainLen=2 newlyBlocked=0 alreadyBlocked=0 totalWins=1
[hider] viewport = 00000000002E0CE8 qclass=RBX::Studio::QEngineWidget
[hider] pass: viewport=00000000002E0CE8 chainLen=2 newlyBlocked=0 alreadyBlocked=0 totalWins=1
[hider] viewport = 00000000002E0CE8 qclass=RBX::Studio::QEngineWidget
[hider] pass: viewport=00000000002E0CE8 chainLen=2 newlyBlocked=0 alreadyBlocked=0 totalWins=1
[hider] viewport = 00000000002E0CE8 qclass=RBX::Studio::QEngineWidget
[hider] pass: viewport=00000000002E0CE8 chainLen=2 newlyBlocked=0 alreadyBlocked=0 totalWins=1
[hider] viewport = 00000000002E0CE8 qclass=RBX::Studio::QEngineWidget
[hider] pass: viewport=00000000002E0CE8 chainLen=2 newlyBlocked=0 alreadyBlocked=0 totalWins=1
[hider] viewport = 00000000002E0CE8 qclass=RBX::Studio::QEngineWidget
[hider] pass: viewport=00000000002E0CE8 chainLen=2 newlyBlocked=0 alreadyBlocked=0 totalWins=1
[hider] viewport = 00000000002E0CE8 qclass=RBX::Studio::QEngineWidget
[hider] pass: viewport=00000000002E0CE8 chainLen=2 newlyBlocked=0 alreadyBlocked=0 totalWins=1
[hider] viewport = 00000000002E0CE8 qclass=RBX::Studio::QEngineWidget
[hider] pass: viewport=00000000002E0CE8 chainLen=2 newlyBlocked=0 alreadyBlocked=0 totalWins=1
[hider] viewport = 00000000002E0CE8 qclass=RBX::Studio::QEngineWidget
[hider] pass: viewport=00000000002E0CE8 chainLen=2 newlyBlocked=0 alreadyBlocked=0 totalWins=1
[hider] viewport = 00000000002E0CE8 qclass=RBX::Studio::QEngineWidget
[hider] pass: viewport=00000000002E0CE8 chainLen=2 newlyBlocked=0 alreadyBlocked=0 totalWins=1
[hider] viewport = 00000000002E0CE8 qclass=RBX::Studio::QEngineWidget
[hider] pass: viewport=00000000002E0CE8 chainLen=2 newlyBlocked=0 alreadyBlocked=0 totalWins=1
[hider] viewport = 00000000002E0CE8 qclass=RBX::Studio::QEngineWidget
[hider] pass: viewport=00000000002E0CE8 chainLen=2 newlyBlocked=0 alreadyBlocked=0 totalWins=1
[hider] viewport = 00000000002E0CE8 qclass=RBX::Studio::QEngineWidget
[hider] pass: viewport=00000000002E0CE8 chainLen=2 newlyBlocked=0 alreadyBlocked=0 totalWins=1
[hider] viewport = 00000000002E0CE8 qclass=RBX::Studio::QEngineWidget
[hider] pass: viewport=00000000002E0CE8 chainLen=2 newlyBlocked=0 alreadyBlocked=0 totalWins=1
[hider] viewport = 00000000002E0CE8 qclass=RBX::Studio::QEngineWidget
[hider] pass: viewport=00000000002E0CE8 chainLen=2 newlyBlocked=0 alreadyBlocked=0 totalWins=1
[hider] viewport = 00000000002E0CE8 qclass=RBX::Studio::QEngineWidget
[hider] pass: viewport=00000000002E0CE8 chainLen=2 newlyBlocked=0 alreadyBlocked=0 totalWins=1
[hider] viewport = 00000000002E0CE8 qclass=RBX::Studio::QEngineWidget
[hider] pass: viewport=00000000002E0CE8 chainLen=2 newlyBlocked=0 alreadyBlocked=0 totalWins=1
[hider] viewport = 00000000002E0CE8 qclass=RBX::Studio::QEngineWidget
[hider] pass: viewport=00000000002E0CE8 chainLen=2 newlyBlocked=0 alreadyBlocked=0 totalWins=1
[hider] viewport = 00000000002E0CE8 qclass=RBX::Studio::QEngineWidget
[hider] pass: viewport=00000000002E0CE8 chainLen=2 newlyBlocked=0 alreadyBlocked=0 totalWins=1
[hider] viewport = 00000000002E0CE8 qclass=RBX::Studio::QEngineWidget
[hider] pass: viewport=00000000002E0CE8 chainLen=2 newlyBlocked=0 alreadyBlocked=0 totalWins=1
[hider] viewport = 00000000002E0CE8 qclass=RBX::Studio::QEngineWidget
[hider] pass: viewport=00000000002E0CE8 chainLen=2 newlyBlocked=0 alreadyBlocked=0 totalWins=1
[hider] viewport = 00000000002E0CE8 qclass=RBX::Studio::QEngineWidget
[hider] pass: viewport=00000000002E0CE8 chainLen=2 newlyBlocked=0 alreadyBlocked=0 totalWins=1
[hider] viewport = 00000000002E0CE8 qclass=RBX::Studio::QEngineWidget
[hider] pass: viewport=00000000002E0CE8 chainLen=2 newlyBlocked=0 alreadyBlocked=0 totalWins=1
[hider] viewport = 00000000002E0CE8 qclass=RBX::Studio::QEngineWidget
[hider] pass: viewport=00000000002E0CE8 chainLen=2 newlyBlocked=0 alreadyBlocked=0 totalWins=1
[hider] viewport = 00000000002E0CE8 qclass=RBX::Studio::QEngineWidget
[hider] pass: viewport=00000000002E0CE8 chainLen=2 newlyBlocked=0 alreadyBlocked=0 totalWins=1
[hider] viewport = 00000000002E0CE8 qclass=RBX::Studio::QEngineWidget
[hider] pass: viewport=00000000002E0CE8 chainLen=2 newlyBlocked=0 alreadyBlocked=0 totalWins=1
[hider] viewport = 00000000002E0CE8 qclass=RBX::Studio::QEngineWidget
[hider] pass: viewport=00000000002E0CE8 chainLen=2 newlyBlocked=0 alreadyBlocked=0 totalWins=1
[hider] viewport = 00000000002E0CE8 qclass=RBX::Studio::QEngineWidget
[hider] pass: viewport=00000000002E0CE8 chainLen=2 newlyBlocked=0 alreadyBlocked=0 totalWins=1
[hider] viewport = 00000000002E0CE8 qclass=RBX::Studio::QEngineWidget
[hider] pass: viewport=00000000002E0CE8 chainLen=2 newlyBlocked=0 alreadyBlocked=0 totalWins=1
[hider] viewport = 00000000002E0CE8 qclass=RBX::Studio::QEngineWidget
[hider] pass: viewport=00000000002E0CE8 chainLen=2 newlyBlocked=0 alreadyBlocked=0 totalWins=1
[hider] viewport = 00000000002E0CE8 qclass=RBX::Studio::QEngineWidget
[hider] pass: viewport=00000000002E0CE8 chainLen=2 newlyBlocked=0 alreadyBlocked=0 totalWins=1
[hider] viewport = 00000000002E0CE8 qclass=RBX::Studio::QEngineWidget
[hider] pass: viewport=00000000002E0CE8 chainLen=2 newlyBlocked=0 alreadyBlocked=0 totalWins=1
[hider] viewport = 00000000002E0CE8 qclass=RBX::Studio::QEngineWidget
[hider] pass: viewport=00000000002E0CE8 chainLen=2 newlyBlocked=0 alreadyBlocked=0 totalWins=1
[hider] viewport = 00000000002E0CE8 qclass=RBX::Studio::QEngineWidget
[hider] pass: viewport=00000000002E0CE8 chainLen=2 newlyBlocked=0 alreadyBlocked=0 totalWins=1
[hider] viewport = 00000000002E0CE8 qclass=RBX::Studio::QEngineWidget
[hider] pass: viewport=00000000002E0CE8 chainLen=2 newlyBlocked=0 alreadyBlocked=0 totalWins=1
[hider] viewport = 00000000002E0CE8 qclass=RBX::Studio::QEngineWidget
[hider] pass: viewport=00000000002E0CE8 chainLen=2 newlyBlocked=0 alreadyBlocked=0 totalWins=1
[hider] viewport = 00000000002E0CE8 qclass=RBX::Studio::QEngineWidget
[hider] pass: viewport=00000000002E0CE8 chainLen=2 newlyBlocked=0 alreadyBlocked=0 totalWins=1
[hider] viewport = 00000000002E0CE8 qclass=RBX::Studio::QEngineWidget
[hider] pass: viewport=00000000002E0CE8 chainLen=2 newlyBlocked=0 alreadyBlocked=0 totalWins=1
[hider] viewport = 00000000002E0CE8 qclass=RBX::Studio::QEngineWidget
[hider] pass: viewport=00000000002E0CE8 chainLen=2 newlyBlocked=0 alreadyBlocked=0 totalWins=1
[hider] viewport = 00000000002E0CE8 qclass=RBX::Studio::QEngineWidget
[hider] pass: viewport=00000000002E0CE8 chainLen=2 newlyBlocked=0 alreadyBlocked=0 totalWins=1
[hider] viewport = 00000000002E0CE8 qclass=RBX::Studio::QEngineWidget
[hider] pass: viewport=00000000002E0CE8 chainLen=2 newlyBlocked=0 alreadyBlocked=0 totalWins=1
[hider] viewport = 00000000002E0CE8 qclass=RBX::Studio::QEngineWidget
[hider] pass: viewport=00000000002E0CE8 chainLen=2 newlyBlocked=0 alreadyBlocked=0 totalWins=1
[hider] viewport = 00000000002E0CE8 qclass=RBX::Studio::QEngineWidget
[hider] pass: viewport=00000000002E0CE8 chainLen=2 newlyBlocked=0 alreadyBlocked=0 totalWins=1
[hider] viewport = 00000000002E0CE8 qclass=RBX::Studio::QEngineWidget
[hider] pass: viewport=00000000002E0CE8 chainLen=2 newlyBlocked=0 alreadyBlocked=0 totalWins=1
[hider] viewport = 00000000002E0CE8 qclass=RBX::Studio::QEngineWidget
[hider] pass: viewport=00000000002E0CE8 chainLen=2 newlyBlocked=0 alreadyBlocked=0 totalWins=1
[hider] viewport = 00000000002E0CE8 qclass=RBX::Studio::QEngineWidget
[hider] pass: viewport=00000000002E0CE8 chainLen=2 newlyBlocked=0 alreadyBlocked=0 totalWins=1
[hider] viewport = 00000000002E0CE8 qclass=RBX::Studio::QEngineWidget
[hider] pass: viewport=00000000002E0CE8 chainLen=2 newlyBlocked=0 alreadyBlocked=0 totalWins=1
[hider] viewport = 00000000002E0CE8 qclass=RBX::Studio::QEngineWidget
[hider] pass: viewport=00000000002E0CE8 chainLen=2 newlyBlocked=0 alreadyBlocked=0 totalWins=1
[hider] viewport = 00000000002E0CE8 qclass=RBX::Studio::QEngineWidget
[hider] pass: viewport=00000000002E0CE8 chainLen=2 newlyBlocked=0 alreadyBlocked=0 totalWins=1
[hider] viewport = 00000000002E0CE8 qclass=RBX::Studio::QEngineWidget
[hider] pass: viewport=00000000002E0CE8 chainLen=2 newlyBlocked=0 alreadyBlocked=0 totalWins=1
[hider] viewport = 00000000002E0CE8 qclass=RBX::Studio::QEngineWidget
[hider] pass: viewport=00000000002E0CE8 chainLen=2 newlyBlocked=0 alreadyBlocked=0 totalWins=1
[hider] viewport = 00000000002E0CE8 qclass=RBX::Studio::QEngineWidget
[hider] pass: viewport=00000000002E0CE8 chainLen=2 newlyBlocked=0 alreadyBlocked=0 totalWins=1
[hider] viewport = 00000000002E0CE8 qclass=RBX::Studio::QEngineWidget
[hider] pass: viewport=00000000002E0CE8 chainLen=2 newlyBlocked=0 alreadyBlocked=0 totalWins=1
[hider] viewport = 00000000002E0CE8 qclass=RBX::Studio::QEngineWidget
[hider] pass: viewport=00000000002E0CE8 chainLen=2 newlyBlocked=0 alreadyBlocked=0 totalWins=1
[hider] viewport = 00000000002E0CE8 qclass=RBX::Studio::QEngineWidget
[hider] pass: viewport=00000000002E0CE8 chainLen=2 newlyBlocked=0 alreadyBlocked=0 totalWins=1
[hider] viewport = 00000000002E0CE8 qclass=RBX::Studio::QEngineWidget
[hider] pass: viewport=00000000002E0CE8 chainLen=2 newlyBlocked=0 alreadyBlocked=0 totalWins=1
[hider] viewport = 00000000002E0CE8 qclass=RBX::Studio::QEngineWidget
[hider] pass: viewport=00000000002E0CE8 chainLen=2 newlyBlocked=0 alreadyBlocked=0 totalWins=1
[hider] viewport = 00000000002E0CE8 qclass=RBX::Studio::QEngineWidget
[hider] pass: viewport=00000000002E0CE8 chainLen=2 newlyBlocked=0 alreadyBlocked=0 totalWins=1
[hider] viewport = 00000000002E0CE8 qclass=RBX::Studio::QEngineWidget
[hider] pass: viewport=00000000002E0CE8 chainLen=2 newlyBlocked=0 alreadyBlocked=0 totalWins=1
[hider] viewport = 00000000002E0CE8 qclass=RBX::Studio::QEngineWidget
[hider] pass: viewport=00000000002E0CE8 chainLen=2 newlyBlocked=0 alreadyBlocked=0 totalWins=1
[hider] viewport = 00000000002E0CE8 qclass=RBX::Studio::QEngineWidget
[hider] pass: viewport=00000000002E0CE8 chainLen=2 newlyBlocked=0 alreadyBlocked=0 totalWins=1
[hider] viewport = 00000000002E0CE8 qclass=RBX::Studio::QEngineWidget
[hider] pass: viewport=00000000002E0CE8 chainLen=2 newlyBlocked=0 alreadyBlocked=0 totalWins=1
[hider] viewport = 00000000002E0CE8 qclass=RBX::Studio::QEngineWidget
[hider] pass: viewport=00000000002E0CE8 chainLen=2 newlyBlocked=0 alreadyBlocked=0 totalWins=1
[hider] viewport = 00000000002E0CE8 qclass=RBX::Studio::QEngineWidget
[hider] pass: viewport=00000000002E0CE8 chainLen=2 newlyBlocked=0 alreadyBlocked=0 totalWins=1
[hider] viewport = 00000000002E0CE8 qclass=RBX::Studio::QEngineWidget
[hider] pass: viewport=00000000002E0CE8 chainLen=2 newlyBlocked=0 alreadyBlocked=0 totalWins=1
[hider] viewport = 00000000002E0CE8 qclass=RBX::Studio::QEngineWidget
[hider] pass: viewport=00000000002E0CE8 chainLen=2 newlyBlocked=0 alreadyBlocked=0 totalWins=1
[hider] viewport = 00000000002E0CE8 qclass=RBX::Studio::QEngineWidget
[hider] pass: viewport=00000000002E0CE8 chainLen=2 newlyBlocked=0 alreadyBlocked=0 totalWins=1
[hider] viewport = 00000000002E0CE8 qclass=RBX::Studio::QEngineWidget
[hider] pass: viewport=00000000002E0CE8 chainLen=2 newlyBlocked=0 alreadyBlocked=0 totalWins=1
[hider] viewport = 00000000002E0CE8 qclass=RBX::Studio::QEngineWidget
[hider] pass: viewport=00000000002E0CE8 chainLen=2 newlyBlocked=0 alreadyBlocked=0 totalWins=1
[hider] viewport = 00000000002E0CE8 qclass=RBX::Studio::QEngineWidget
[hider] pass: viewport=00000000002E0CE8 chainLen=2 newlyBlocked=0 alreadyBlocked=0 totalWins=1
[hider] viewport = 00000000002E0CE8 qclass=RBX::Studio::QEngineWidget
[hider] pass: viewport=00000000002E0CE8 chainLen=2 newlyBlocked=0 alreadyBlocked=0 totalWins=1
[hider] viewport = 00000000002E0CE8 qclass=RBX::Studio::QEngineWidget
[hider] pass: viewport=00000000002E0CE8 chainLen=2 newlyBlocked=0 alreadyBlocked=0 totalWins=1
[hider] viewport = 00000000002E0CE8 qclass=RBX::Studio::QEngineWidget
[hider] pass: viewport=00000000002E0CE8 chainLen=2 newlyBlocked=0 alreadyBlocked=0 totalWins=1
[hider] viewport = 00000000002E0CE8 qclass=RBX::Studio::QEngineWidget
[hider] pass: viewport=00000000002E0CE8 chainLen=2 newlyBlocked=0 alreadyBlocked=0 totalWins=1
[hider] viewport = 00000000002E0CE8 qclass=RBX::Studio::QEngineWidget
[hider] pass: viewport=00000000002E0CE8 chainLen=2 newlyBlocked=0 alreadyBlocked=0 totalWins=1
[hider] viewport = 00000000002E0CE8 qclass=RBX::Studio::QEngineWidget
[hider] pass: viewport=00000000002E0CE8 chainLen=2 newlyBlocked=0 alreadyBlocked=0 totalWins=1
[hider] viewport = 00000000002E0CE8 qclass=RBX::Studio::QEngineWidget
[hider] pass: viewport=00000000002E0CE8 chainLen=2 newlyBlocked=0 alreadyBlocked=0 totalWins=1
[hider] viewport = 00000000002E0CE8 qclass=RBX::Studio::QEngineWidget
[hider] pass: viewport=00000000002E0CE8 chainLen=2 newlyBlocked=0 alreadyBlocked=0 totalWins=1
[hider] viewport = 00000000002E0CE8 qclass=RBX::Studio::QEngineWidget
[hider] pass: viewport=00000000002E0CE8 chainLen=2 newlyBlocked=0 alreadyBlocked=0 totalWins=1
[hider] viewport = 00000000002E0CE8 qclass=RBX::Studio::QEngineWidget
[hider] pass: viewport=00000000002E0CE8 chainLen=2 newlyBlocked=0 alreadyBlocked=0 totalWins=1
[hider] viewport = 00000000002E0CE8 qclass=RBX::Studio::QEngineWidget
[hider] pass: viewport=00000000002E0CE8 chainLen=2 newlyBlocked=0 alreadyBlocked=0 totalWins=1
[hider] viewport = 00000000002E0CE8 qclass=RBX::Studio::QEngineWidget
[hider] pass: viewport=00000000002E0CE8 chainLen=2 newlyBlocked=0 alreadyBlocked=0 totalWins=1
[hider] viewport = 00000000002E0CE8 qclass=RBX::Studio::QEngineWidget
[hider] pass: viewport=00000000002E0CE8 chainLen=2 newlyBlocked=0 alreadyBlocked=0 totalWins=1
[hider] viewport = 00000000002E0CE8 qclass=RBX::Studio::QEngineWidget
[hider] pass: viewport=00000000002E0CE8 chainLen=2 newlyBlocked=0 alreadyBlocked=0 totalWins=1
[hider] viewport = 00000000002E0CE8 qclass=RBX::Studio::QEngineWidget
[hider] pass: viewport=00000000002E0CE8 chainLen=2 newlyBlocked=0 alreadyBlocked=0 totalWins=1
[hider] viewport = 00000000002E0CE8 qclass=RBX::Studio::QEngineWidget
[hider] pass: viewport=00000000002E0CE8 chainLen=2 newlyBlocked=0 alreadyBlocked=0 totalWins=1
[hider] viewport = 00000000002E0CE8 qclass=RBX::Studio::QEngineWidget
[hider] pass: viewport=00000000002E0CE8 chainLen=2 newlyBlocked=0 alreadyBlocked=0 totalWins=1
[hider] viewport = 00000000002E0CE8 qclass=RBX::Studio::QEngineWidget
[hider] pass: viewport=00000000002E0CE8 chainLen=2 newlyBlocked=0 alreadyBlocked=0 totalWins=1
[hider] viewport = 00000000002E0CE8 qclass=RBX::Studio::QEngineWidget
[hider] pass: viewport=00000000002E0CE8 chainLen=2 newlyBlocked=0 alreadyBlocked=0 totalWins=1
[hider] viewport = 00000000002E0CE8 qclass=RBX::Studio::QEngineWidget
[hider] pass: viewport=00000000002E0CE8 chainLen=2 newlyBlocked=0 alreadyBlocked=0 totalWins=1
[hider] viewport = 00000000002E0CE8 qclass=RBX::Studio::QEngineWidget
[hider] pass: viewport=00000000002E0CE8 chainLen=2 newlyBlocked=0 alreadyBlocked=0 totalWins=1
[hider] viewport = 00000000002E0CE8 qclass=RBX::Studio::QEngineWidget
[hider] pass: viewport=00000000002E0CE8 chainLen=2 newlyBlocked=0 alreadyBlocked=0 totalWins=1
[hider] viewport = 00000000002E0CE8 qclass=RBX::Studio::QEngineWidget
[hider] pass: viewport=00000000002E0CE8 chainLen=2 newlyBlocked=0 alreadyBlocked=0 totalWins=1
[hider] viewport = 00000000002E0CE8 qclass=RBX::Studio::QEngineWidget
[hider] pass: viewport=00000000002E0CE8 chainLen=2 newlyBlocked=0 alreadyBlocked=0 totalWins=1
[hider] viewport = 00000000002E0CE8 qclass=RBX::Studio::QEngineWidget
[hider] pass: viewport=00000000002E0CE8 chainLen=2 newlyBlocked=0 alreadyBlocked=0 totalWins=1
[hider] viewport = 00000000002E0CE8 qclass=RBX::Studio::QEngineWidget
[hider] pass: viewport=00000000002E0CE8 chainLen=2 newlyBlocked=0 alreadyBlocked=0 totalWins=1
[hider] viewport = 00000000002E0CE8 qclass=RBX::Studio::QEngineWidget
[hider] pass: viewport=00000000002E0CE8 chainLen=2 newlyBlocked=0 alreadyBlocked=0 totalWins=1
[hider] viewport = 00000000002E0CE8 qclass=RBX::Studio::QEngineWidget
[hider] pass: viewport=00000000002E0CE8 chainLen=2 newlyBlocked=0 alreadyBlocked=0 totalWins=1
[hider] viewport = 00000000002E0CE8 qclass=RBX::Studio::QEngineWidget
[hider] pass: viewport=00000000002E0CE8 chainLen=2 newlyBlocked=0 alreadyBlocked=0 totalWins=1
[hider] viewport = 00000000002E0CE8 qclass=RBX::Studio::QEngineWidget
[hider] pass: viewport=00000000002E0CE8 chainLen=2 newlyBlocked=0 alreadyBlocked=0 totalWins=1
[hider] viewport = 00000000002E0CE8 qclass=RBX::Studio::QEngineWidget
[hider] pass: viewport=00000000002E0CE8 chainLen=2 newlyBlocked=0 alreadyBlocked=0 totalWins=1
[hider] viewport = 00000000002E0CE8 qclass=RBX::Studio::QEngineWidget
[hider] pass: viewport=00000000002E0CE8 chainLen=2 newlyBlocked=0 alreadyBlocked=0 totalWins=1
[hider] viewport = 00000000002E0CE8 qclass=RBX::Studio::QEngineWidget
[hider] pass: viewport=00000000002E0CE8 chainLen=2 newlyBlocked=0 alreadyBlocked=0 totalWins=1
[hider] viewport = 00000000002E0CE8 qclass=RBX::Studio::QEngineWidget
[hider] pass: viewport=00000000002E0CE8 chainLen=2 newlyBlocked=0 alreadyBlocked=0 totalWins=1
[hider] viewport = 00000000002E0CE8 qclass=RBX::Studio::QEngineWidget
[hider] pass: viewport=00000000002E0CE8 chainLen=2 newlyBlocked=0 alreadyBlocked=0 totalWins=1
[hider] viewport = 00000000002E0CE8 qclass=RBX::Studio::QEngineWidget
[hider] pass: viewport=00000000002E0CE8 chainLen=2 newlyBlocked=0 alreadyBlocked=0 totalWins=1
[hider] viewport = 00000000002E0CE8 qclass=RBX::Studio::QEngineWidget
[hider] pass: viewport=00000000002E0CE8 chainLen=2 newlyBlocked=0 alreadyBlocked=0 totalWins=1
[hider] viewport = 00000000002E0CE8 qclass=RBX::Studio::QEngineWidget
[hider] pass: viewport=00000000002E0CE8 chainLen=2 newlyBlocked=0 alreadyBlocked=0 totalWins=1
[hider] viewport = 00000000002E0CE8 qclass=RBX::Studio::QEngineWidget
[hider] pass: viewport=00000000002E0CE8 chainLen=2 newlyBlocked=0 alreadyBlocked=0 totalWins=1
[hider] viewport = 00000000002E0CE8 qclass=RBX::Studio::QEngineWidget
[hider] pass: viewport=00000000002E0CE8 chainLen=2 newlyBlocked=0 alreadyBlocked=0 totalWins=1
[hider] viewport = 00000000002E0CE8 qclass=RBX::Studio::QEngineWidget
[hider] pass: viewport=00000000002E0CE8 chainLen=2 newlyBlocked=0 alreadyBlocked=0 totalWins=1
[hider] viewport = 00000000002E0CE8 qclass=RBX::Studio::QEngineWidget
[hider] pass: viewport=00000000002E0CE8 chainLen=2 newlyBlocked=0 alreadyBlocked=0 totalWins=1
[hider] viewport = 00000000002E0CE8 qclass=RBX::Studio::QEngineWidget
[hider] pass: viewport=00000000002E0CE8 chainLen=2 newlyBlocked=0 alreadyBlocked=0 totalWins=1
[hider] viewport = 00000000002E0CE8 qclass=RBX::Studio::QEngineWidget
[hider] pass: viewport=00000000002E0CE8 chainLen=2 newlyBlocked=0 alreadyBlocked=0 totalWins=1
[hider] viewport = 00000000002E0CE8 qclass=RBX::Studio::QEngineWidget
[hider] pass: viewport=00000000002E0CE8 chainLen=2 newlyBlocked=0 alreadyBlocked=0 totalWins=1
[hider] viewport = 00000000002E0CE8 qclass=RBX::Studio::QEngineWidget
[hider] pass: viewport=00000000002E0CE8 chainLen=2 newlyBlocked=0 alreadyBlocked=0 totalWins=1
[hider] viewport = 00000000002E0CE8 qclass=RBX::Studio::QEngineWidget
[hider] pass: viewport=00000000002E0CE8 chainLen=2 newlyBlocked=0 alreadyBlocked=0 totalWins=1
[hider] viewport = 00000000002E0CE8 qclass=RBX::Studio::QEngineWidget
[hider] pass: viewport=00000000002E0CE8 chainLen=2 newlyBlocked=0 alreadyBlocked=0 totalWins=1
[hider] viewport = 00000000002E0CE8 qclass=RBX::Studio::QEngineWidget
[hider] pass: viewport=00000000002E0CE8 chainLen=2 newlyBlocked=0 alreadyBlocked=0 totalWins=1
[hider] viewport = 00000000002E0CE8 qclass=RBX::Studio::QEngineWidget
[hider] pass: viewport=00000000002E0CE8 chainLen=2 newlyBlocked=0 alreadyBlocked=0 totalWins=1
[hider] viewport = 00000000002E0CE8 qclass=RBX::Studio::QEngineWidget
[hider] pass: viewport=00000000002E0CE8 chainLen=2 newlyBlocked=0 alreadyBlocked=0 totalWins=1
[hider] viewport = 00000000002E0CE8 qclass=RBX::Studio::QEngineWidget
[hider] pass: viewport=00000000002E0CE8 chainLen=2 newlyBlocked=0 alreadyBlocked=0 totalWins=1
[hider] viewport = 00000000002E0CE8 qclass=RBX::Studio::QEngineWidget
[hider] pass: viewport=00000000002E0CE8 chainLen=2 newlyBlocked=0 alreadyBlocked=0 totalWins=1
[hider] viewport = 00000000002E0CE8 qclass=RBX::Studio::QEngineWidget
[hider] pass: viewport=00000000002E0CE8 chainLen=2 newlyBlocked=0 alreadyBlocked=0 totalWins=1
[hider] viewport = 00000000002E0CE8 qclass=RBX::Studio::QEngineWidget
[hider] pass: viewport=00000000002E0CE8 chainLen=2 newlyBlocked=0 alreadyBlocked=0 totalWins=1
[hider] viewport = 00000000002E0CE8 qclass=RBX::Studio::QEngineWidget
[hider] pass: viewport=00000000002E0CE8 chainLen=2 newlyBlocked=0 alreadyBlocked=0 totalWins=1
[hider] viewport = 00000000002E0CE8 qclass=RBX::Studio::QEngineWidget
[hider] pass: viewport=00000000002E0CE8 chainLen=2 newlyBlocked=0 alreadyBlocked=0 totalWins=1
[hider] viewport = 00000000002E0CE8 qclass=RBX::Studio::QEngineWidget
[hider] pass: viewport=00000000002E0CE8 chainLen=2 newlyBlocked=0 alreadyBlocked=0 totalWins=1
[hider] viewport = 00000000002E0CE8 qclass=RBX::Studio::QEngineWidget
[hider] pass: viewport=00000000002E0CE8 chainLen=2 newlyBlocked=0 alreadyBlocked=0 totalWins=1
[hider] viewport = 00000000002E0CE8 qclass=RBX::Studio::QEngineWidget
[hider] pass: viewport=00000000002E0CE8 chainLen=2 newlyBlocked=0 alreadyBlocked=0 totalWins=1
[hider] viewport = 00000000002E0CE8 qclass=RBX::Studio::QEngineWidget
[hider] pass: viewport=00000000002E0CE8 chainLen=2 newlyBlocked=0 alreadyBlocked=0 totalWins=1
[hider] viewport = 00000000002E0CE8 qclass=RBX::Studio::QEngineWidget
[hider] pass: viewport=00000000002E0CE8 chainLen=2 newlyBlocked=0 alreadyBlocked=0 totalWins=1
[hider] viewport = 00000000002E0CE8 qclass=RBX::Studio::QEngineWidget
[hider] pass: viewport=00000000002E0CE8 chainLen=2 newlyBlocked=0 alreadyBlocked=0 totalWins=1
[hider] viewport = 00000000002E0CE8 qclass=RBX::Studio::QEngineWidget
[hider] pass: viewport=00000000002E0CE8 chainLen=2 newlyBlocked=0 alreadyBlocked=0 totalWins=1
[hider] viewport = 00000000002E0CE8 qclass=RBX::Studio::QEngineWidget
[hider] pass: viewport=00000000002E0CE8 chainLen=2 newlyBlocked=0 alreadyBlocked=0 totalWins=1
[hider] viewport = 00000000002E0CE8 qclass=RBX::Studio::QEngineWidget
[hider] pass: viewport=00000000002E0CE8 chainLen=2 newlyBlocked=0 alreadyBlocked=0 totalWins=1
[hider] viewport = 00000000002E0CE8 qclass=RBX::Studio::QEngineWidget
[hider] pass: viewport=00000000002E0CE8 chainLen=2 newlyBlocked=0 alreadyBlocked=0 totalWins=1
[hider] viewport = 00000000002E0CE8 qclass=RBX::Studio::QEngineWidget
[hider] pass: viewport=00000000002E0CE8 chainLen=2 newlyBlocked=0 alreadyBlocked=0 totalWins=1
[hider] viewport = 00000000002E0CE8 qclass=RBX::Studio::QEngineWidget
[hider] pass: viewport=00000000002E0CE8 chainLen=2 newlyBlocked=0 alreadyBlocked=0 totalWins=1
[hider] viewport = 00000000002E0CE8 qclass=RBX::Studio::QEngineWidget
[hider] pass: viewport=00000000002E0CE8 chainLen=2 newlyBlocked=0 alreadyBlocked=0 totalWins=1
[hider] viewport = 00000000002E0CE8 qclass=RBX::Studio::QEngineWidget
[hider] pass: viewport=00000000002E0CE8 chainLen=2 newlyBlocked=0 alreadyBlocked=0 totalWins=1
[hider] viewport = 00000000002E0CE8 qclass=RBX::Studio::QEngineWidget
[hider] pass: viewport=00000000002E0CE8 chainLen=2 newlyBlocked=0 alreadyBlocked=0 totalWins=1
[hider] viewport = 00000000002E0CE8 qclass=RBX::Studio::QEngineWidget
[hider] pass: viewport=00000000002E0CE8 chainLen=2 newlyBlocked=0 alreadyBlocked=0 totalWins=1
[hider] viewport = 00000000002E0CE8 qclass=RBX::Studio::QEngineWidget
[hider] pass: viewport=00000000002E0CE8 chainLen=2 newlyBlocked=0 alreadyBlocked=0 totalWins=1
[hider] viewport = 00000000002E0CE8 qclass=RBX::Studio::QEngineWidget
[hider] pass: viewport=00000000002E0CE8 chainLen=2 newlyBlocked=0 alreadyBlocked=0 totalWins=1
[hider] viewport = 00000000002E0CE8 qclass=RBX::Studio::QEngineWidget
[hider] pass: viewport=00000000002E0CE8 chainLen=2 newlyBlocked=0 alreadyBlocked=0 totalWins=1
[hider] viewport = 00000000002E0CE8 qclass=RBX::Studio::QEngineWidget
[hider] pass: viewport=00000000002E0CE8 chainLen=2 newlyBlocked=0 alreadyBlocked=0 totalWins=1
[hider] viewport = 00000000002E0CE8 qclass=RBX::Studio::QEngineWidget
[hider] pass: viewport=00000000002E0CE8 chainLen=2 newlyBlocked=0 alreadyBlocked=0 totalWins=1
[hider] viewport = 00000000002E0CE8 qclass=RBX::Studio::QEngineWidget
[hider] pass: viewport=00000000002E0CE8 chainLen=2 newlyBlocked=0 alreadyBlocked=0 totalWins=1
[hider] viewport = 00000000002E0CE8 qclass=RBX::Studio::QEngineWidget
[hider] pass: viewport=00000000002E0CE8 chainLen=2 newlyBlocked=0 alreadyBlocked=0 totalWins=1
[hider] viewport = 00000000002E0CE8 qclass=RBX::Studio::QEngineWidget
[hider] pass: viewport=00000000002E0CE8 chainLen=2 newlyBlocked=0 alreadyBlocked=0 totalWins=1
[hider] viewport = 00000000002E0CE8 qclass=RBX::Studio::QEngineWidget
[hider] pass: viewport=00000000002E0CE8 chainLen=2 newlyBlocked=0 alreadyBlocked=0 totalWins=1
[hider] viewport = 00000000002E0CE8 qclass=RBX::Studio::QEngineWidget
[hider] pass: viewport=00000000002E0CE8 chainLen=2 newlyBlocked=0 alreadyBlocked=0 totalWins=1
[hider] viewport = 00000000002E0CE8 qclass=RBX::Studio::QEngineWidget
[hider] pass: viewport=00000000002E0CE8 chainLen=2 newlyBlocked=0 alreadyBlocked=0 totalWins=1
[hider] viewport = 00000000002E0CE8 qclass=RBX::Studio::QEngineWidget
[hider] pass: viewport=00000000002E0CE8 chainLen=2 newlyBlocked=0 alreadyBlocked=0 totalWins=1
[hider] viewport = 00000000002E0CE8 qclass=RBX::Studio::QEngineWidget
[hider] pass: viewport=00000000002E0CE8 chainLen=2 newlyBlocked=0 alreadyBlocked=0 totalWins=1
[hider] viewport = 00000000002E0CE8 qclass=RBX::Studio::QEngineWidget
[hider] pass: viewport=00000000002E0CE8 chainLen=2 newlyBlocked=0 alreadyBlocked=0 totalWins=1
[hider] viewport = 00000000002E0CE8 qclass=RBX::Studio::QEngineWidget
[hider] pass: viewport=00000000002E0CE8 chainLen=2 newlyBlocked=0 alreadyBlocked=0 totalWins=1
[hider] viewport = 00000000002E0CE8 qclass=RBX::Studio::QEngineWidget
[hider] pass: viewport=00000000002E0CE8 chainLen=2 newlyBlocked=0 alreadyBlocked=0 totalWins=1
[hider] viewport = 00000000002E0CE8 qclass=RBX::Studio::QEngineWidget
[hider] pass: viewport=00000000002E0CE8 chainLen=2 newlyBlocked=0 alreadyBlocked=0 totalWins=1
[hider] viewport = 00000000002E0CE8 qclass=RBX::Studio::QEngineWidget
[hider] pass: viewport=00000000002E0CE8 chainLen=2 newlyBlocked=0 alreadyBlocked=0 totalWins=1
[hider] viewport = 00000000002E0CE8 qclass=RBX::Studio::QEngineWidget
[hider] pass: viewport=00000000002E0CE8 chainLen=2 newlyBlocked=0 alreadyBlocked=0 totalWins=1
[hider] viewport = 00000000002E0CE8 qclass=RBX::Studio::QEngineWidget
[hider] pass: viewport=00000000002E0CE8 chainLen=2 newlyBlocked=0 alreadyBlocked=0 totalWins=1
[hider] viewport = 00000000002E0CE8 qclass=RBX::Studio::QEngineWidget
[hider] pass: viewport=00000000002E0CE8 chainLen=2 newlyBlocked=0 alreadyBlocked=0 totalWins=1
[hider] viewport = 00000000002E0CE8 qclass=RBX::Studio::QEngineWidget
[hider] pass: viewport=00000000002E0CE8 chainLen=2 newlyBlocked=0 alreadyBlocked=0 totalWins=1
[hider] viewport = 00000000002E0CE8 qclass=RBX::Studio::QEngineWidget
[hider] pass: viewport=00000000002E0CE8 chainLen=2 newlyBlocked=0 alreadyBlocked=0 totalWins=1
[hider] viewport = 00000000002E0CE8 qclass=RBX::Studio::QEngineWidget
[hider] pass: viewport=00000000002E0CE8 chainLen=2 newlyBlocked=0 alreadyBlocked=0 totalWins=1
[hider] viewport = 00000000002E0CE8 qclass=RBX::Studio::QEngineWidget
[hider] pass: viewport=00000000002E0CE8 chainLen=2 newlyBlocked=0 alreadyBlocked=0 totalWins=1
[hider] viewport = 00000000002E0CE8 qclass=RBX::Studio::QEngineWidget
[hider] pass: viewport=00000000002E0CE8 chainLen=2 newlyBlocked=0 alreadyBlocked=0 totalWins=1
[hider] viewport = 00000000002E0CE8 qclass=RBX::Studio::QEngineWidget
[hider] pass: viewport=00000000002E0CE8 chainLen=2 newlyBlocked=0 alreadyBlocked=0 totalWins=1
[hider] viewport = 00000000002E0CE8 qclass=RBX::Studio::QEngineWidget
[hider] pass: viewport=00000000002E0CE8 chainLen=2 newlyBlocked=0 alreadyBlocked=0 totalWins=1
[hider] viewport = 00000000002E0CE8 qclass=RBX::Studio::QEngineWidget
[hider] pass: viewport=00000000002E0CE8 chainLen=2 newlyBlocked=0 alreadyBlocked=0 totalWins=1
[hider] viewport = 00000000002E0CE8 qclass=RBX::Studio::QEngineWidget
[hider] pass: viewport=00000000002E0CE8 chainLen=2 newlyBlocked=0 alreadyBlocked=0 totalWins=1
[hider] viewport = 00000000002E0CE8 qclass=RBX::Studio::QEngineWidget
[hider] pass: viewport=00000000002E0CE8 chainLen=2 newlyBlocked=0 alreadyBlocked=0 totalWins=1
[hider] viewport = 00000000002E0CE8 qclass=RBX::Studio::QEngineWidget
[hider] pass: viewport=00000000002E0CE8 chainLen=2 newlyBlocked=0 alreadyBlocked=0 totalWins=1
[hider] viewport = 00000000002E0CE8 qclass=RBX::Studio::QEngineWidget
[hider] pass: viewport=00000000002E0CE8 chainLen=2 newlyBlocked=0 alreadyBlocked=0 totalWins=1
[hider] viewport = 00000000002E0CE8 qclass=RBX::Studio::QEngineWidget
[hider] pass: viewport=00000000002E0CE8 chainLen=2 newlyBlocked=0 alreadyBlocked=0 totalWins=1
[hider] viewport = 00000000002E0CE8 qclass=RBX::Studio::QEngineWidget
[hider] pass: viewport=00000000002E0CE8 chainLen=2 newlyBlocked=0 alreadyBlocked=0 totalWins=1
[hider] viewport = 00000000002E0CE8 qclass=RBX::Studio::QEngineWidget
[hider] pass: viewport=00000000002E0CE8 chainLen=2 newlyBlocked=0 alreadyBlocked=0 totalWins=1
[hider] viewport = 00000000002E0CE8 qclass=RBX::Studio::QEngineWidget
[hider] pass: viewport=00000000002E0CE8 chainLen=2 newlyBlocked=0 alreadyBlocked=0 totalWins=1
[hider] viewport = 00000000002E0CE8 qclass=RBX::Studio::QEngineWidget
[hider] pass: viewport=00000000002E0CE8 chainLen=2 newlyBlocked=0 alreadyBlocked=0 totalWins=1
[hider] viewport = 00000000002E0CE8 qclass=RBX::Studio::QEngineWidget
[hider] pass: viewport=00000000002E0CE8 chainLen=2 newlyBlocked=0 alreadyBlocked=0 totalWins=1
[hider] viewport = 00000000002E0CE8 qclass=RBX::Studio::QEngineWidget
[hider] pass: viewport=00000000002E0CE8 chainLen=2 newlyBlocked=0 alreadyBlocked=0 totalWins=1
[hider] viewport = 00000000002E0CE8 qclass=RBX::Studio::QEngineWidget
[hider] pass: viewport=00000000002E0CE8 chainLen=2 newlyBlocked=0 alreadyBlocked=0 totalWins=1
[hider] viewport = 00000000002E0CE8 qclass=RBX::Studio::QEngineWidget
[hider] pass: viewport=00000000002E0CE8 chainLen=2 newlyBlocked=0 alreadyBlocked=0 totalWins=1
[hider] viewport = 00000000002E0CE8 qclass=RBX::Studio::QEngineWidget
[hider] pass: viewport=00000000002E0CE8 chainLen=2 newlyBlocked=0 alreadyBlocked=0 totalWins=1
[hider] viewport = 00000000002E0CE8 qclass=RBX::Studio::QEngineWidget
[hider] pass: viewport=00000000002E0CE8 chainLen=2 newlyBlocked=0 alreadyBlocked=0 totalWins=1
[hider] viewport = 00000000002E0CE8 qclass=RBX::Studio::QEngineWidget
[hider] pass: viewport=00000000002E0CE8 chainLen=2 newlyBlocked=0 alreadyBlocked=0 totalWins=1
[hider] viewport = 00000000002E0CE8 qclass=RBX::Studio::QEngineWidget
[hider] pass: viewport=00000000002E0CE8 chainLen=2 newlyBlocked=0 alreadyBlocked=0 totalWins=1
[dllmain] SafeInit pid=30396
[name_patcher] x64 name patch OK -> 'HearMeRoar' (buf 00007FF6FF3C0000)
[udp_relay] installing IAT hooks (client=0 server=1)
[udp_relay] username='HearMeRoar' (10 chars)
[udp_relay] hooks: sendto=00007FFE8DE10900 recvfrom=00007FFE8DE10050 WSASendTo=00007FFE8DE11390 WSARecvFrom=00007FFE8DE0E6A0 WSARecv=00007FFE8DE0EC60
[dllmain] StartServer: installing script-start hook
[dllmain] not a StartClient launch - skipping Qt hider (relay + username server already active)
[dllmain] SafeInit pid=33344
[name_patcher] x64 name patch OK -> 'HearMeRoar' (buf 00007FF6FF3C0000)
[udp_relay] installing IAT hooks (client=1 server=0)
[udp_relay] username='HearMeRoar' (10 chars)
[udp_relay] hooks: sendto=00007FFE8DE10900 recvfrom=0000000000000000 WSASendTo=00007FFE8DE11390 WSARecvFrom=0000000000000000 WSARecv=0000000000000000
[rcc_patch] IP patched @rva=0x4FA1DAE -> '127.0.0.1' (len mov updated)
[rcc_patch] IP patched @rva=0x2793CDA -> '127.0.0.1' (len mov updated)
[rcc_patch] IP patched @rva=0x2793DA7 -> '127.0.0.1' (len mov updated)
[rcc_patch] IP patched @rva=0x2793E8B -> '127.0.0.1' (len mov updated)
[rcc_patch] IP patched @rva=0x2793F2D -> '127.0.0.1' (len mov updated)
[dllmain] StartClient launch confirmed - activating Qt hider
[udp_relay] SEND magic to 127.0.0.1:61670 username='HearMeRoar'
[udp_relay] SEND magic to 127.0.0.1:25565 username='HearMeRoar'
[udp_relay] RECV magic from 127.0.0.1:64316 username='HearMeRoar' userId=0 accountAge=3650 haveId=1, patching now
[hider] Qt symbols: find=00007FFDB6058A00 className=00007FFD98DD7A50 -> OK
[hider]  hwnd=00000000007A01CA parent=00000000009B0730 vis=1 area=81500 chrome=0 qclass=RBX::Studio::QEngineWidget
[hider] viewport = 00000000007A01CA qclass=RBX::Studio::QEngineWidget
[hider] pass: viewport=00000000007A01CA chainLen=2 newlyBlocked=0 alreadyBlocked=0 totalWins=1
[hider] viewport = 00000000007A01CA qclass=RBX::Studio::QEngineWidget
[hider] pass: viewport=00000000007A01CA chainLen=2 newlyBlocked=0 alreadyBlocked=0 totalWins=1
[hider] viewport = 00000000007A01CA qclass=RBX::Studio::QEngineWidget
[hider] pass: viewport=00000000007A01CA chainLen=2 newlyBlocked=0 alreadyBlocked=0 totalWins=1
[hider] viewport = 00000000007A01CA qclass=RBX::Studio::QEngineWidget
[hider] pass: viewport=00000000007A01CA chainLen=2 newlyBlocked=0 alreadyBlocked=0 totalWins=1
[hider] viewport = 00000000007A01CA qclass=RBX::Studio::QEngineWidget
[hider] pass: viewport=00000000007A01CA chainLen=2 newlyBlocked=0 alreadyBlocked=0 totalWins=1
[hider] viewport = 00000000007A01CA qclass=RBX::Studio::QEngineWidget
[hider] pass: viewport=00000000007A01CA chainLen=2 newlyBlocked=0 alreadyBlocked=0 totalWins=1
[dllmain] SafeInit pid=24092
[name_patcher] x64 name patch OK -> 'HearMeRoar' (buf 00007FF6FF3C0000)
[udp_relay] installing IAT hooks (client=0 server=1)
[udp_relay] username='HearMeRoar' (10 chars)
[udp_relay] hooks: sendto=00007FFE8DE10900 recvfrom=00007FFE8DE10050 WSASendTo=00007FFE8DE11390 WSARecvFrom=00007FFE8DE0E6A0 WSARecv=00007FFE8DE0EC60
[dllmain] StartServer: installing script-start hook
[dllmain] not a StartClient launch - skipping Qt hider (relay + username server already active)
[dllmain] SafeInit pid=28500
[name_patcher] x64 name patch OK -> 'HearMeRoar' (buf 00007FF6FF3C0000)
[udp_relay] installing IAT hooks (client=0 server=1)
[udp_relay] username='HearMeRoar' (10 chars)
[udp_relay] hooks: sendto=00007FFE8DE10900 recvfrom=00007FFE8DE10050 WSASendTo=00007FFE8DE11390 WSARecvFrom=00007FFE8DE0E6A0 WSARecv=00007FFE8DE0EC60
[dllmain] StartServer: installing script-start hook
[dllmain] not a StartClient launch - skipping Qt hider (relay + username server already active)
[dllmain] SafeInit pid=26448
[name_patcher] x64 name patch OK -> 'HearMeRoar' (buf 00007FF6FF3C0000)
[udp_relay] installing IAT hooks (client=1 server=0)
[udp_relay] username='HearMeRoar' (10 chars)
[udp_relay] hooks: sendto=00007FFE8DE10900 recvfrom=0000000000000000 WSASendTo=00007FFE8DE11390 WSARecvFrom=0000000000000000 WSARecv=0000000000000000
[rcc_patch] IP patched @rva=0x4FA1DAE -> '127.0.0.1' (len mov updated)
[rcc_patch] IP patched @rva=0x2793CDA -> '127.0.0.1' (len mov updated)
[rcc_patch] IP patched @rva=0x2793DA7 -> '127.0.0.1' (len mov updated)
[rcc_patch] IP patched @rva=0x2793E8B -> '127.0.0.1' (len mov updated)
[rcc_patch] IP patched @rva=0x2793F2D -> '127.0.0.1' (len mov updated)
[dllmain] StartClient launch confirmed - activating Qt hider
[hider] Qt symbols: find=00007FFDB6058A00 className=00007FFD98DD7A50 -> OK
[hider]  hwnd=0000000000840B68 parent=00000000007C01CA vis=0 area=4750 chrome=1 qclass=Qtitan::DockWidgetPanel
[hider]  hwnd=00000000002008FA parent=00000000007C01CA vis=0 area=4750 chrome=1 qclass=Qtitan::DockWidgetPanel
[hider]  hwnd=00000000001D08EE parent=00000000007C01CA vis=0 area=4750 chrome=1 qclass=Qtitan::DockWidgetPanel
[hider]  hwnd=0000000000130D50 parent=00000000007C01CA vis=0 area=4750 chrome=1 qclass=Qtitan::DockWidgetPanel
[hider]  hwnd=0000000000750DEC parent=00000000007C01CA vis=0 area=4750 chrome=1 qclass=Qtitan::DockWidgetPanel
[hider]  hwnd=0000000000BC0D0C parent=00000000007C01CA vis=0 area=4750 chrome=1 qclass=Qtitan::DockWidgetPanel
[hider]  hwnd=00000000011D0E6C parent=00000000007C01CA vis=0 area=4750 chrome=1 qclass=Qtitan::DockWidgetPanel
[hider]  hwnd=0000000000830BFC parent=00000000007C01CA vis=0 area=4750 chrome=1 qclass=Qtitan::DockWidgetPanel
[hider]  hwnd=00000000001C0CAE parent=00000000007C01CA vis=0 area=4750 chrome=1 qclass=Qtitan::DockWidgetPanel
[hider]  hwnd=00000000006F0E32 parent=00000000007C01CA vis=0 area=4750 chrome=1 qclass=Qtitan::DockWidgetPanel
[hider]  hwnd=00000000004E0AF4 parent=00000000007C01CA vis=0 area=15625 chrome=0 qclass=RBX::Studio::QEngineWidget
[hider] viewport = 00000000004E0AF4 qclass=RBX::Studio::QEngineWidget
[hider] pass: viewport=00000000004E0AF4 chainLen=2 newlyBlocked=10 alreadyBlocked=0 totalWins=11
[hider] viewport = 0000000000DA06EE qclass=RBX::Studio::QEngineWidget
[hider] pass: viewport=0000000000DA06EE chainLen=2 newlyBlocked=0 alreadyBlocked=0 totalWins=1
[udp_relay] SEND magic to 127.0.0.1:58296 username='HearMeRoar'
[hider] viewport = 0000000000DA06EE qclass=RBX::Studio::QEngineWidget
[hider] pass: viewport=0000000000DA06EE chainLen=2 newlyBlocked=0 alreadyBlocked=0 totalWins=1
[udp_relay] SEND magic to 127.0.0.1:25565 username='HearMeRoar'
[udp_relay] RECV magic from 127.0.0.1:54746 username='HearMeRoar' userId=0 accountAge=3650 haveId=1, patching now
[name_patcher] x64 name updated to 'HearMeRoar'
[name_patcher] relayed identity: userId=0 accountAge=3650
[udp_relay] POSTed appearance for 'HearMeRoar' (1266 chars) -> https://127.0.0.1:443 ok=1
[hider] viewport = 0000000000DA06EE qclass=RBX::Studio::QEngineWidget
[hider] pass: viewport=0000000000DA06EE chainLen=2 newlyBlocked=0 alreadyBlocked=0 totalWins=1
[hider] viewport = 0000000000DA06EE qclass=RBX::Studio::QEngineWidget
[hider] pass: viewport=0000000000DA06EE chainLen=2 newlyBlocked=0 alreadyBlocked=0 totalWins=1
[hider] viewport = 0000000000DA06EE qclass=RBX::Studio::QEngineWidget
[hider] pass: viewport=0000000000DA06EE chainLen=2 newlyBlocked=0 alreadyBlocked=0 totalWins=1
[hider] viewport = 0000000000DA06EE qclass=RBX::Studio::QEngineWidget
[hider] pass: viewport=0000000000DA06EE chainLen=2 newlyBlocked=0 alreadyBlocked=0 totalWins=1
[hider] viewport = 0000000000DA06EE qclass=RBX::Studio::QEngineWidget
[hider] pass: viewport=0000000000DA06EE chainLen=2 newlyBlocked=0 alreadyBlocked=0 totalWins=1
[hider] viewport = 0000000000DA06EE qclass=RBX::Studio::QEngineWidget
[hider] pass: viewport=0000000000DA06EE chainLen=2 newlyBlocked=0 alreadyBlocked=0 totalWins=1
[hider] viewport = 0000000000DA06EE qclass=RBX::Studio::QEngineWidget
[hider] pass: viewport=0000000000DA06EE chainLen=2 newlyBlocked=0 alreadyBlocked=0 totalWins=1
[hider] viewport = 0000000000DA06EE qclass=RBX::Studio::QEngineWidget
[hider] pass: viewport=0000000000DA06EE chainLen=2 newlyBlocked=0 alreadyBlocked=0 totalWins=1
[hider] viewport = 0000000000DA06EE qclass=RBX::Studio::QEngineWidget
[hider] pass: viewport=0000000000DA06EE chainLen=2 newlyBlocked=0 alreadyBlocked=0 totalWins=1
[hider] viewport = 0000000000DA06EE qclass=RBX::Studio::QEngineWidget
[hider] pass: viewport=0000000000DA06EE chainLen=2 newlyBlocked=0 alreadyBlocked=0 totalWins=1
[hider] viewport = 0000000000DA06EE qclass=RBX::Studio::QEngineWidget
[hider] pass: viewport=0000000000DA06EE chainLen=2 newlyBlocked=0 alreadyBlocked=0 totalWins=1
[hider] viewport = 0000000000DA06EE qclass=RBX::Studio::QEngineWidget
[hider] pass: viewport=0000000000DA06EE chainLen=2 newlyBlocked=0 alreadyBlocked=0 totalWins=1
[hider] viewport = 0000000000DA06EE qclass=RBX::Studio::QEngineWidget
[hider] pass: viewport=0000000000DA06EE chainLen=2 newlyBlocked=0 alreadyBlocked=0 totalWins=1
[hider] viewport = 0000000000DA06EE qclass=RBX::Studio::QEngineWidget
[hider] pass: viewport=0000000000DA06EE chainLen=2 newlyBlocked=0 alreadyBlocked=0 totalWins=1
[hider] viewport = 0000000000DA06EE qclass=RBX::Studio::QEngineWidget
[hider] pass: viewport=0000000000DA06EE chainLen=2 newlyBlocked=0 alreadyBlocked=0 totalWins=1
[hider] viewport = 0000000000DA06EE qclass=RBX::Studio::QEngineWidget
[hider] pass: viewport=0000000000DA06EE chainLen=2 newlyBlocked=0 alreadyBlocked=0 totalWins=1
[hider] viewport = 0000000000DA06EE qclass=RBX::Studio::QEngineWidget
[hider] pass: viewport=0000000000DA06EE chainLen=2 newlyBlocked=0 alreadyBlocked=0 totalWins=1
[hider] viewport = 0000000000DA06EE qclass=RBX::Studio::QEngineWidget
[hider] pass: viewport=0000000000DA06EE chainLen=2 newlyBlocked=0 alreadyBlocked=0 totalWins=1
[hider] viewport = 0000000000DA06EE qclass=RBX::Studio::QEngineWidget
[hider] pass: viewport=0000000000DA06EE chainLen=2 newlyBlocked=0 alreadyBlocked=0 totalWins=1
[hider] viewport = 0000000000DA06EE qclass=RBX::Studio::QEngineWidget
[hider] pass: viewport=0000000000DA06EE chainLen=2 newlyBlocked=0 alreadyBlocked=0 totalWins=1
[hider] viewport = 0000000000DA06EE qclass=RBX::Studio::QEngineWidget
[hider] pass: viewport=0000000000DA06EE chainLen=2 newlyBlocked=0 alreadyBlocked=0 totalWins=1
[hider] viewport = 0000000000DA06EE qclass=RBX::Studio::QEngineWidget
[hider] pass: viewport=0000000000DA06EE chainLen=2 newlyBlocked=0 alreadyBlocked=0 totalWins=1
[hider] viewport = 0000000000DA06EE qclass=RBX::Studio::QEngineWidget
[hider] pass: viewport=0000000000DA06EE chainLen=2 newlyBlocked=0 alreadyBlocked=0 totalWins=1
[hider] viewport = 0000000000DA06EE qclass=RBX::Studio::QEngineWidget
[hider] pass: viewport=0000000000DA06EE chainLen=2 newlyBlocked=0 alreadyBlocked=0 totalWins=1
[hider] viewport = 0000000000DA06EE qclass=RBX::Studio::QEngineWidget
[hider] pass: viewport=0000000000DA06EE chainLen=2 newlyBlocked=0 alreadyBlocked=0 totalWins=1
[hider] viewport = 0000000000DA06EE qclass=RBX::Studio::QEngineWidget
[hider] pass: viewport=0000000000DA06EE chainLen=2 newlyBlocked=0 alreadyBlocked=0 totalWins=1
[hider] viewport = 0000000000DA06EE qclass=RBX::Studio::QEngineWidget
[hider] pass: viewport=0000000000DA06EE chainLen=2 newlyBlocked=0 alreadyBlocked=0 totalWins=1
[hider] viewport = 0000000000DA06EE qclass=RBX::Studio::QEngineWidget
[hider] pass: viewport=0000000000DA06EE chainLen=2 newlyBlocked=0 alreadyBlocked=0 totalWins=1
[hider] viewport = 0000000000DA06EE qclass=RBX::Studio::QEngineWidget
[hider] pass: viewport=0000000000DA06EE chainLen=2 newlyBlocked=0 alreadyBlocked=0 totalWins=1
[hider] viewport = 0000000000DA06EE qclass=RBX::Studio::QEngineWidget
[hider] pass: viewport=0000000000DA06EE chainLen=2 newlyBlocked=0 alreadyBlocked=0 totalWins=1
[hider] viewport = 0000000000DA06EE qclass=RBX::Studio::QEngineWidget
[hider] pass: viewport=0000000000DA06EE chainLen=2 newlyBlocked=0 alreadyBlocked=0 totalWins=1
[hider] viewport = 0000000000DA06EE qclass=RBX::Studio::QEngineWidget
[hider] pass: viewport=0000000000DA06EE chainLen=2 newlyBlocked=0 alreadyBlocked=0 totalWins=1
[hider] viewport = 0000000000DA06EE qclass=RBX::Studio::QEngineWidget
[hider] pass: viewport=0000000000DA06EE chainLen=2 newlyBlocked=0 alreadyBlocked=0 totalWins=1
[hider] viewport = 0000000000DA06EE qclass=RBX::Studio::QEngineWidget
[hider] pass: viewport=0000000000DA06EE chainLen=2 newlyBlocked=0 alreadyBlocked=0 totalWins=1
[hider] viewport = 0000000000DA06EE qclass=RBX::Studio::QEngineWidget
[hider] pass: viewport=0000000000DA06EE chainLen=2 newlyBlocked=0 alreadyBlocked=0 totalWins=1
[hider] viewport = 0000000000DA06EE qclass=RBX::Studio::QEngineWidget
[hider] pass: viewport=0000000000DA06EE chainLen=2 newlyBlocked=0 alreadyBlocked=0 totalWins=1
[hider] viewport = 0000000000DA06EE qclass=RBX::Studio::QEngineWidget
[hider] pass: viewport=0000000000DA06EE chainLen=2 newlyBlocked=0 alreadyBlocked=0 totalWins=1
[hider] viewport = 0000000000DA06EE qclass=RBX::Studio::QEngineWidget
[hider] pass: viewport=0000000000DA06EE chainLen=2 newlyBlocked=0 alreadyBlocked=0 totalWins=1
[hider] viewport = 0000000000DA06EE qclass=RBX::Studio::QEngineWidget
[hider] pass: viewport=0000000000DA06EE chainLen=2 newlyBlocked=0 alreadyBlocked=0 totalWins=1
[hider] viewport = 0000000000DA06EE qclass=RBX::Studio::QEngineWidget
[hider] pass: viewport=0000000000DA06EE chainLen=2 newlyBlocked=0 alreadyBlocked=0 totalWins=1
[hider] viewport = 0000000000DA06EE qclass=RBX::Studio::QEngineWidget
[hider] pass: viewport=0000000000DA06EE chainLen=2 newlyBlocked=0 alreadyBlocked=0 totalWins=1
[hider] viewport = 0000000000DA06EE qclass=RBX::Studio::QEngineWidget
[hider] pass: viewport=0000000000DA06EE chainLen=2 newlyBlocked=0 alreadyBlocked=0 totalWins=1
[hider] viewport = 0000000000DA06EE qclass=RBX::Studio::QEngineWidget
[hider] pass: viewport=0000000000DA06EE chainLen=2 newlyBlocked=0 alreadyBlocked=0 totalWins=1
[hider] viewport = 0000000000DA06EE qclass=RBX::Studio::QEngineWidget
[hider] pass: viewport=0000000000DA06EE chainLen=2 newlyBlocked=0 alreadyBlocked=0 totalWins=1
[hider] viewport = 0000000000DA06EE qclass=RBX::Studio::QEngineWidget
[hider] pass: viewport=0000000000DA06EE chainLen=2 newlyBlocked=0 alreadyBlocked=0 totalWins=1
[hider] viewport = 0000000000DA06EE qclass=RBX::Studio::QEngineWidget
[hider] pass: viewport=0000000000DA06EE chainLen=2 newlyBlocked=0 alreadyBlocked=0 totalWins=1
[hider] viewport = 0000000000DA06EE qclass=RBX::Studio::QEngineWidget
[hider] pass: viewport=0000000000DA06EE chainLen=2 newlyBlocked=0 alreadyBlocked=0 totalWins=1
[hider] viewport = 0000000000DA06EE qclass=RBX::Studio::QEngineWidget
[hider] pass: viewport=0000000000DA06EE chainLen=2 newlyBlocked=0 alreadyBlocked=0 totalWins=1
[hider] viewport = 0000000000DA06EE qclass=RBX::Studio::QEngineWidget
[hider] pass: viewport=0000000000DA06EE chainLen=2 newlyBlocked=0 alreadyBlocked=0 totalWins=1
[hider] viewport = 0000000000DA06EE qclass=RBX::Studio::QEngineWidget
[hider] pass: viewport=0000000000DA06EE chainLen=2 newlyBlocked=0 alreadyBlocked=0 totalWins=1
[hider] viewport = 0000000000DA06EE qclass=RBX::Studio::QEngineWidget
[hider] pass: viewport=0000000000DA06EE chainLen=2 newlyBlocked=0 alreadyBlocked=0 totalWins=1
[hider] viewport = 0000000000DA06EE qclass=RBX::Studio::QEngineWidget
[hider] pass: viewport=0000000000DA06EE chainLen=2 newlyBlocked=0 alreadyBlocked=0 totalWins=1
[hider] viewport = 0000000000DA06EE qclass=RBX::Studio::QEngineWidget
[hider] pass: viewport=0000000000DA06EE chainLen=2 newlyBlocked=0 alreadyBlocked=0 totalWins=1
[hider] viewport = 0000000000DA06EE qclass=RBX::Studio::QEngineWidget
[hider] pass: viewport=0000000000DA06EE chainLen=2 newlyBlocked=0 alreadyBlocked=0 totalWins=1
[hider] viewport = 0000000000DA06EE qclass=RBX::Studio::QEngineWidget
[hider] pass: viewport=0000000000DA06EE chainLen=2 newlyBlocked=0 alreadyBlocked=0 totalWins=1
[dllmain] SafeInit pid=30964
[name_patcher] x64 name patch OK -> 'HearMeRoar' (buf 00007FF6FF3C0000)
[udp_relay] installing IAT hooks (client=0 server=1)
[udp_relay] username='HearMeRoar' (10 chars)
[udp_relay] hooks: sendto=00007FFE8DE10900 recvfrom=00007FFE8DE10050 WSASendTo=00007FFE8DE11390 WSARecvFrom=00007FFE8DE0E6A0 WSARecv=00007FFE8DE0EC60
[dllmain] StartServer: installing script-start hook
[dllmain] not a StartClient launch - skipping Qt hider (relay + username server already active)
[dllmain] SafeInit pid=29016
[name_patcher] x64 name patch OK -> 'HearMeRoar' (buf 00007FF6FF3C0000)
[udp_relay] installing IAT hooks (client=1 server=0)
[udp_relay] username='HearMeRoar' (10 chars)
[udp_relay] hooks: sendto=00007FFE8DE10900 recvfrom=0000000000000000 WSASendTo=00007FFE8DE11390 WSARecvFrom=0000000000000000 WSARecv=0000000000000000
[rcc_patch] IP patched @rva=0x4FA1DAE -> '127.0.0.1' (len mov updated)
[rcc_patch] IP patched @rva=0x2793CDA -> '127.0.0.1' (len mov updated)
[rcc_patch] IP patched @rva=0x2793DA7 -> '127.0.0.1' (len mov updated)
[rcc_patch] IP patched @rva=0x2793E8B -> '127.0.0.1' (len mov updated)
[rcc_patch] IP patched @rva=0x2793F2D -> '127.0.0.1' (len mov updated)
[dllmain] StartClient launch confirmed - activating Qt hider
[udp_relay] SEND magic to 127.0.0.1:61613 username='HearMeRoar'
[udp_relay] SEND magic to 127.0.0.1:25565 username='HearMeRoar'
[udp_relay] RECV magic from 127.0.0.1:50199 username='HearMeRoar' userId=0 accountAge=3650 haveId=1, patching now
[name_patcher] x64 name updated to 'HearMeRoar'
[name_patcher] relayed identity: userId=0 accountAge=3650
[udp_relay] POSTed appearance for 'HearMeRoar' (1266 chars) -> https://127.0.0.1:443 ok=1
[hider] Qt symbols: find=00007FFDB6058A00 className=00007FFD98DD7A50 -> OK
[hider]  hwnd=0000000001BF08BA parent=0000000000BE0D0C vis=0 area=81500 chrome=0 qclass=RBX::Studio::QEngineWidget
[hider] viewport = 0000000001BF08BA qclass=RBX::Studio::QEngineWidget
[hider] pass: viewport=0000000001BF08BA chainLen=2 newlyBlocked=0 alreadyBlocked=0 totalWins=1
[hider] viewport = 0000000001BF08BA qclass=RBX::Studio::QEngineWidget
[hider] pass: viewport=0000000001BF08BA chainLen=2 newlyBlocked=0 alreadyBlocked=0 totalWins=1
[hider] viewport = 0000000001BF08BA qclass=RBX::Studio::QEngineWidget
[hider] pass: viewport=0000000001BF08BA chainLen=2 newlyBlocked=0 alreadyBlocked=0 totalWins=1
[hider] viewport = 0000000001BF08BA qclass=RBX::Studio::QEngineWidget
[hider] pass: viewport=0000000001BF08BA chainLen=2 newlyBlocked=0 alreadyBlocked=0 totalWins=1
[hider] viewport = 0000000001BF08BA qclass=RBX::Studio::QEngineWidget
[hider] pass: viewport=0000000001BF08BA chainLen=2 newlyBlocked=0 alreadyBlocked=0 totalWins=1
[hider] viewport = 0000000001BF08BA qclass=RBX::Studio::QEngineWidget
[hider] pass: viewport=0000000001BF08BA chainLen=2 newlyBlocked=0 alreadyBlocked=0 totalWins=1
[hider] viewport = 0000000001BF08BA qclass=RBX::Studio::QEngineWidget
[hider] pass: viewport=0000000001BF08BA chainLen=2 newlyBlocked=0 alreadyBlocked=0 totalWins=1
[hider] viewport = 0000000001BF08BA qclass=RBX::Studio::QEngineWidget
[hider] pass: viewport=0000000001BF08BA chainLen=2 newlyBlocked=0 alreadyBlocked=0 totalWins=1
[hider] viewport = 0000000001BF08BA qclass=RBX::Studio::QEngineWidget
[hider] pass: viewport=0000000001BF08BA chainLen=2 newlyBlocked=0 alreadyBlocked=0 totalWins=1
[hider] viewport = 0000000001BF08BA qclass=RBX::Studio::QEngineWidget
[hider] pass: viewport=0000000001BF08BA chainLen=2 newlyBlocked=0 alreadyBlocked=0 totalWins=1
[hider] viewport = 0000000001BF08BA qclass=RBX::Studio::QEngineWidget
[hider] pass: viewport=0000000001BF08BA chainLen=2 newlyBlocked=0 alreadyBlocked=0 totalWins=1
[hider] viewport = 0000000001BF08BA qclass=RBX::Studio::QEngineWidget
[hider] pass: viewport=0000000001BF08BA chainLen=2 newlyBlocked=0 alreadyBlocked=0 totalWins=1
[hider] viewport = 0000000001BF08BA qclass=RBX::Studio::QEngineWidget
[hider] pass: viewport=0000000001BF08BA chainLen=2 newlyBlocked=0 alreadyBlocked=0 totalWins=1
[hider] viewport = 0000000001BF08BA qclass=RBX::Studio::QEngineWidget
[hider] pass: viewport=0000000001BF08BA chainLen=2 newlyBlocked=0 alreadyBlocked=0 totalWins=1
[hider] viewport = 0000000001BF08BA qclass=RBX::Studio::QEngineWidget
[hider] pass: viewport=0000000001BF08BA chainLen=2 newlyBlocked=0 alreadyBlocked=0 totalWins=1
[hider] viewport = 0000000001BF08BA qclass=RBX::Studio::QEngineWidget
[hider] pass: viewport=0000000001BF08BA chainLen=2 newlyBlocked=0 alreadyBlocked=0 totalWins=1
[hider] viewport = 0000000001BF08BA qclass=RBX::Studio::QEngineWidget
[hider] pass: viewport=0000000001BF08BA chainLen=2 newlyBlocked=0 alreadyBlocked=0 totalWins=1
[hider] viewport = 0000000001BF08BA qclass=RBX::Studio::QEngineWidget
[hider] pass: viewport=0000000001BF08BA chainLen=2 newlyBlocked=0 alreadyBlocked=0 totalWins=1
[hider] viewport = 0000000001BF08BA qclass=RBX::Studio::QEngineWidget
[hider] pass: viewport=0000000001BF08BA chainLen=2 newlyBlocked=0 alreadyBlocked=0 totalWins=1
[hider] viewport = 0000000001BF08BA qclass=RBX::Studio::QEngineWidget
[hider] pass: viewport=0000000001BF08BA chainLen=2 newlyBlocked=0 alreadyBlocked=0 totalWins=1
[hider] viewport = 0000000001BF08BA qclass=RBX::Studio::QEngineWidget
[hider] pass: viewport=0000000001BF08BA chainLen=2 newlyBlocked=0 alreadyBlocked=0 totalWins=1
[hider] viewport = 0000000001BF08BA qclass=RBX::Studio::QEngineWidget
[hider] pass: viewport=0000000001BF08BA chainLen=2 newlyBlocked=0 alreadyBlocked=0 totalWins=1
[hider] viewport = 0000000001BF08BA qclass=RBX::Studio::QEngineWidget
[hider] pass: viewport=0000000001BF08BA chainLen=2 newlyBlocked=0 alreadyBlocked=0 totalWins=1
[hider] viewport = 0000000001BF08BA qclass=RBX::Studio::QEngineWidget
[hider] pass: viewport=0000000001BF08BA chainLen=2 newlyBlocked=0 alreadyBlocked=0 totalWins=1
[hider] viewport = 0000000001BF08BA qclass=RBX::Studio::QEngineWidget
[hider] pass: viewport=0000000001BF08BA chainLen=2 newlyBlocked=0 alreadyBlocked=0 totalWins=1
[hider] viewport = 0000000001BF08BA qclass=RBX::Studio::QEngineWidget
[hider] pass: viewport=0000000001BF08BA chainLen=2 newlyBlocked=0 alreadyBlocked=0 totalWins=1
[hider] viewport = 0000000001BF08BA qclass=RBX::Studio::QEngineWidget
[hider] pass: viewport=0000000001BF08BA chainLen=2 newlyBlocked=0 alreadyBlocked=0 totalWins=1
[hider] viewport = 0000000001BF08BA qclass=RBX::Studio::QEngineWidget
[hider] pass: viewport=0000000001BF08BA chainLen=2 newlyBlocked=0 alreadyBlocked=0 totalWins=1
[hider] viewport = 0000000001BF08BA qclass=RBX::Studio::QEngineWidget
[hider] pass: viewport=0000000001BF08BA chainLen=2 newlyBlocked=0 alreadyBlocked=0 totalWins=1
[hider] viewport = 0000000001BF08BA qclass=RBX::Studio::QEngineWidget
[hider] pass: viewport=0000000001BF08BA chainLen=2 newlyBlocked=0 alreadyBlocked=0 totalWins=1
[hider] viewport = 0000000001BF08BA qclass=RBX::Studio::QEngineWidget
[hider] pass: viewport=0000000001BF08BA chainLen=2 newlyBlocked=0 alreadyBlocked=0 totalWins=1
[hider] viewport = 0000000001BF08BA qclass=RBX::Studio::QEngineWidget
[hider] pass: viewport=0000000001BF08BA chainLen=2 newlyBlocked=0 alreadyBlocked=0 totalWins=1
[hider] viewport = 0000000001BF08BA qclass=RBX::Studio::QEngineWidget
[hider] pass: viewport=0000000001BF08BA chainLen=2 newlyBlocked=0 alreadyBlocked=0 totalWins=1
[hider] viewport = 0000000001BF08BA qclass=RBX::Studio::QEngineWidget
[hider] pass: viewport=0000000001BF08BA chainLen=2 newlyBlocked=0 alreadyBlocked=0 totalWins=1
[hider] viewport = 0000000001BF08BA qclass=RBX::Studio::QEngineWidget
[hider] pass: viewport=0000000001BF08BA chainLen=2 newlyBlocked=0 alreadyBlocked=0 totalWins=1
[hider] viewport = 0000000001BF08BA qclass=RBX::Studio::QEngineWidget
[hider] pass: viewport=0000000001BF08BA chainLen=2 newlyBlocked=0 alreadyBlocked=0 totalWins=1
[hider] viewport = 0000000001BF08BA qclass=RBX::Studio::QEngineWidget
[hider] pass: viewport=0000000001BF08BA chainLen=2 newlyBlocked=0 alreadyBlocked=0 totalWins=1
[hider] viewport = 0000000001BF08BA qclass=RBX::Studio::QEngineWidget
[hider] pass: viewport=0000000001BF08BA chainLen=2 newlyBlocked=0 alreadyBlocked=0 totalWins=1
[hider] viewport = 0000000001BF08BA qclass=RBX::Studio::QEngineWidget
[hider] pass: viewport=0000000001BF08BA chainLen=2 newlyBlocked=0 alreadyBlocked=0 totalWins=1
[hider] viewport = 0000000001BF08BA qclass=RBX::Studio::QEngineWidget
[hider] pass: viewport=0000000001BF08BA chainLen=2 newlyBlocked=0 alreadyBlocked=0 totalWins=1
[hider] viewport = 0000000001BF08BA qclass=RBX::Studio::QEngineWidget
[hider] pass: viewport=0000000001BF08BA chainLen=2 newlyBlocked=0 alreadyBlocked=0 totalWins=1
[hider] viewport = 0000000001BF08BA qclass=RBX::Studio::QEngineWidget
[hider] pass: viewport=0000000001BF08BA chainLen=2 newlyBlocked=0 alreadyBlocked=0 totalWins=1
[hider] viewport = 0000000001BF08BA qclass=RBX::Studio::QEngineWidget
[hider] pass: viewport=0000000001BF08BA chainLen=2 newlyBlocked=0 alreadyBlocked=0 totalWins=1
[hider] viewport = 0000000001BF08BA qclass=RBX::Studio::QEngineWidget
[hider] pass: viewport=0000000001BF08BA chainLen=2 newlyBlocked=0 alreadyBlocked=0 totalWins=1
[hider] viewport = 0000000001BF08BA qclass=RBX::Studio::QEngineWidget
[hider] pass: viewport=0000000001BF08BA chainLen=2 newlyBlocked=0 alreadyBlocked=0 totalWins=1
[hider] viewport = 0000000001BF08BA qclass=RBX::Studio::QEngineWidget
[hider] pass: viewport=0000000001BF08BA chainLen=2 newlyBlocked=0 alreadyBlocked=0 totalWins=1
[hider] viewport = 0000000001BF08BA qclass=RBX::Studio::QEngineWidget
[hider] pass: viewport=0000000001BF08BA chainLen=2 newlyBlocked=0 alreadyBlocked=0 totalWins=1
[hider] viewport = 0000000001BF08BA qclass=RBX::Studio::QEngineWidget
[hider] pass: viewport=0000000001BF08BA chainLen=2 newlyBlocked=0 alreadyBlocked=0 totalWins=1
[hider] viewport = 0000000001BF08BA qclass=RBX::Studio::QEngineWidget
[hider] pass: viewport=0000000001BF08BA chainLen=2 newlyBlocked=0 alreadyBlocked=0 totalWins=1
[hider] viewport = 0000000001BF08BA qclass=RBX::Studio::QEngineWidget
[hider] pass: viewport=0000000001BF08BA chainLen=2 newlyBlocked=0 alreadyBlocked=0 totalWins=1
[hider] viewport = 0000000001BF08BA qclass=RBX::Studio::QEngineWidget
[hider] pass: viewport=0000000001BF08BA chainLen=2 newlyBlocked=0 alreadyBlocked=0 totalWins=1
[hider] viewport = 0000000001BF08BA qclass=RBX::Studio::QEngineWidget
[hider] pass: viewport=0000000001BF08BA chainLen=2 newlyBlocked=0 alreadyBlocked=0 totalWins=1
[hider] viewport = 0000000001BF08BA qclass=RBX::Studio::QEngineWidget
[hider] pass: viewport=0000000001BF08BA chainLen=2 newlyBlocked=0 alreadyBlocked=0 totalWins=1
[hider] viewport = 0000000001BF08BA qclass=RBX::Studio::QEngineWidget
[hider] pass: viewport=0000000001BF08BA chainLen=2 newlyBlocked=0 alreadyBlocked=0 totalWins=1
[hider] viewport = 0000000001BF08BA qclass=RBX::Studio::QEngineWidget
[hider] pass: viewport=0000000001BF08BA chainLen=2 newlyBlocked=0 alreadyBlocked=0 totalWins=1
[hider] viewport = 0000000001BF08BA qclass=RBX::Studio::QEngineWidget
[hider] pass: viewport=0000000001BF08BA chainLen=2 newlyBlocked=0 alreadyBlocked=0 totalWins=1
[hider] viewport = 0000000001BF08BA qclass=RBX::Studio::QEngineWidget
[hider] pass: viewport=0000000001BF08BA chainLen=2 newlyBlocked=0 alreadyBlocked=0 totalWins=1
[hider] viewport = 0000000001BF08BA qclass=RBX::Studio::QEngineWidget
[hider] pass: viewport=0000000001BF08BA chainLen=2 newlyBlocked=0 alreadyBlocked=0 totalWins=1
[hider] viewport = 0000000001BF08BA qclass=RBX::Studio::QEngineWidget
[hider] pass: viewport=0000000001BF08BA chainLen=2 newlyBlocked=0 alreadyBlocked=0 totalWins=1
[hider] viewport = 0000000001BF08BA qclass=RBX::Studio::QEngineWidget
[hider] pass: viewport=0000000001BF08BA chainLen=2 newlyBlocked=0 alreadyBlocked=0 totalWins=1
[hider] viewport = 0000000001BF08BA qclass=RBX::Studio::QEngineWidget
[hider] pass: viewport=0000000001BF08BA chainLen=2 newlyBlocked=0 alreadyBlocked=0 totalWins=1
[hider] viewport = 0000000001BF08BA qclass=RBX::Studio::QEngineWidget
[hider] pass: viewport=0000000001BF08BA chainLen=2 newlyBlocked=0 alreadyBlocked=0 totalWins=1
[hider] viewport = 0000000000540EB4 qclass=RBX::Studio::QEngineWidget
[hider] pass: viewport=0000000000540EB4 chainLen=2 newlyBlocked=0 alreadyBlocked=0 totalWins=1
[dllmain] SafeInit pid=29328
[name_patcher] x64 name patch OK -> 'HearMeRoar' (buf 00007FF6FF3C0000)
[udp_relay] installing IAT hooks (client=0 server=0)
[udp_relay] username='HearMeRoar' (10 chars)
[udp_relay] hooks: sendto=00007FFE8DE10900 recvfrom=00007FFE8DE10050 WSASendTo=00007FFE8DE11390 WSARecvFrom=00007FFE8DE0E6A0 WSARecv=00007FFE8DE0EC60
[dllmain] not a StartClient launch - skipping Qt hider (relay + username server already active)
[dllmain] SafeInit pid=4392
[name_patcher] x64 name patch OK -> 'HearMeRoar' (buf 00007FF6FF3C0000)
[udp_relay] installing IAT hooks (client=0 server=0)
[udp_relay] username='HearMeRoar' (10 chars)
[udp_relay] hooks: sendto=00007FFE8DE10900 recvfrom=00007FFE8DE10050 WSASendTo=00007FFE8DE11390 WSARecvFrom=00007FFE8DE0E6A0 WSARecv=00007FFE8DE0EC60
[dllmain] not a StartClient launch - skipping Qt hider (relay + username server already active)
[dllmain] SafeInit pid=20100
[name_patcher] x64 name patch OK -> 'HearMeRoar' (buf 00007FF6FF3C0000)
[udp_relay] installing IAT hooks (client=0 server=0)
[udp_relay] username='HearMeRoar' (10 chars)
[udp_relay] hooks: sendto=00007FFE8DE10900 recvfrom=00007FFE8DE10050 WSASendTo=00007FFE8DE11390 WSARecvFrom=00007FFE8DE0E6A0 WSARecv=00007FFE8DE0EC60
[dllmain] not a StartClient launch - skipping Qt hider (relay + username server already active)
[dllmain] SafeInit pid=26068
[name_patcher] x64 name patch OK -> 'HearMeRoar' (buf 00007FF6FF3C0000)
[udp_relay] installing IAT hooks (client=0 server=0)
[udp_relay] username='HearMeRoar' (10 chars)
[udp_relay] hooks: sendto=00007FFE8DE10900 recvfrom=00007FFE8DE10050 WSASendTo=00007FFE8DE11390 WSARecvFrom=00007FFE8DE0E6A0 WSARecv=00007FFE8DE0EC60
[dllmain] not a StartClient launch - skipping Qt hider (relay + username server already active)
[dllmain] SafeInit pid=31040
[name_patcher] x64 name patch OK -> 'HearMeRoar' (buf 00007FF6FF3C0000)
[udp_relay] installing IAT hooks (client=0 server=1)
[udp_relay] username='HearMeRoar' (10 chars)
[udp_relay] hooks: sendto=00007FFE8DE10900 recvfrom=00007FFE8DE10050 WSASendTo=00007FFE8DE11390 WSARecvFrom=00007FFE8DE0E6A0 WSARecv=00007FFE8DE0EC60
[dllmain] StartServer: installing script-start hook
[dllmain] not a StartClient launch - skipping Qt hider (relay + username server already active)
[dllmain] SafeInit pid=31512
[name_patcher] x64 name patch OK -> 'HearMeRoar' (buf 00007FF6FF3C0000)
[udp_relay] installing IAT hooks (client=1 server=0)
[udp_relay] username='HearMeRoar' (10 chars)
[udp_relay] hooks: sendto=00007FFE8DE10900 recvfrom=0000000000000000 WSASendTo=00007FFE8DE11390 WSARecvFrom=0000000000000000 WSARecv=0000000000000000
[rcc_patch] IP patched @rva=0x4FA1DAE -> '127.0.0.1' (len mov updated)
[rcc_patch] IP patched @rva=0x2793CDA -> '127.0.0.1' (len mov updated)
[rcc_patch] IP patched @rva=0x2793DA7 -> '127.0.0.1' (len mov updated)
[rcc_patch] IP patched @rva=0x2793E8B -> '127.0.0.1' (len mov updated)
[rcc_patch] IP patched @rva=0x2793F2D -> '127.0.0.1' (len mov updated)
[dllmain] StartClient launch confirmed - activating Qt hider
[hider] Qt symbols: find=00007FFD98F98A00 className=00007FFD93887A50 -> OK
[hider]  hwnd=0000000001080AB8 parent=000000000192081A vis=0 area=4750 chrome=1 qclass=Qtitan::DockWidgetPanel
[hider]  hwnd=00000000001A0D3E parent=000000000192081A vis=0 area=4750 chrome=1 qclass=Qtitan::DockWidgetPanel
[hider]  hwnd=00000000003B0D2A parent=000000000192081A vis=0 area=4750 chrome=1 qclass=Qtitan::DockWidgetPanel
[hider]  hwnd=0000000000370CDA parent=000000000192081A vis=0 area=4750 chrome=1 qclass=Qtitan::DockWidgetPanel
[hider]  hwnd=0000000000490B56 parent=000000000192081A vis=0 area=4750 chrome=1 qclass=Qtitan::DockWidgetPanel
[hider]  hwnd=00000000008B0DEC parent=000000000192081A vis=0 area=4750 chrome=1 qclass=Qtitan::DockWidgetPanel
[hider]  hwnd=0000000001370A58 parent=000000000192081A vis=0 area=4750 chrome=1 qclass=Qtitan::DockWidgetPanel
[hider]  hwnd=0000000001A9082C parent=000000000192081A vis=0 area=4750 chrome=1 qclass=Qtitan::DockWidgetPanel
[hider]  hwnd=0000000000B30A1A parent=000000000192081A vis=0 area=4750 chrome=1 qclass=Qtitan::DockWidgetPanel
[hider]  hwnd=0000000000620EFC parent=000000000192081A vis=0 area=4750 chrome=1 qclass=Qtitan::DockWidgetPanel
[hider]  hwnd=0000000000EE0D54 parent=000000000192081A vis=0 area=15625 chrome=0 qclass=RBX::Studio::QEngineWidget
[hider] viewport = 0000000000EE0D54 qclass=RBX::Studio::QEngineWidget
[hider] pass: viewport=0000000000EE0D54 chainLen=2 newlyBlocked=10 alreadyBlocked=0 totalWins=11
[hider] viewport = 0000000000F808B4 qclass=RBX::Studio::QEngineWidget
[hider] pass: viewport=0000000000F808B4 chainLen=2 newlyBlocked=0 alreadyBlocked=0 totalWins=1
[udp_relay] SEND magic to 127.0.0.1:62223 username='HearMeRoar'
[hider] viewport = 0000000000F808B4 qclass=RBX::Studio::QEngineWidget
[hider] pass: viewport=0000000000F808B4 chainLen=2 newlyBlocked=0 alreadyBlocked=0 totalWins=1
[hider] viewport = 0000000000F808B4 qclass=RBX::Studio::QEngineWidget
[hider] pass: viewport=0000000000F808B4 chainLen=2 newlyBlocked=0 alreadyBlocked=0 totalWins=1
[hider] viewport = 0000000000F808B4 qclass=RBX::Studio::QEngineWidget
[hider] pass: viewport=0000000000F808B4 chainLen=2 newlyBlocked=0 alreadyBlocked=0 totalWins=1
[hider] viewport = 0000000000F808B4 qclass=RBX::Studio::QEngineWidget
[hider] pass: viewport=0000000000F808B4 chainLen=2 newlyBlocked=0 alreadyBlocked=0 totalWins=1
[hider] viewport = 0000000000F808B4 qclass=RBX::Studio::QEngineWidget
[hider] pass: viewport=0000000000F808B4 chainLen=2 newlyBlocked=0 alreadyBlocked=0 totalWins=1
[hider] viewport = 0000000000F808B4 qclass=RBX::Studio::QEngineWidget
[hider] pass: viewport=0000000000F808B4 chainLen=2 newlyBlocked=0 alreadyBlocked=0 totalWins=1
[hider] viewport = 0000000000F808B4 qclass=RBX::Studio::QEngineWidget
[hider] pass: viewport=0000000000F808B4 chainLen=2 newlyBlocked=0 alreadyBlocked=0 totalWins=1
[hider] viewport = 0000000000F808B4 qclass=RBX::Studio::QEngineWidget
[hider] pass: viewport=0000000000F808B4 chainLen=2 newlyBlocked=0 alreadyBlocked=0 totalWins=1
[hider] viewport = 0000000000F808B4 qclass=RBX::Studio::QEngineWidget
[hider] pass: viewport=0000000000F808B4 chainLen=2 newlyBlocked=0 alreadyBlocked=0 totalWins=1
[hider] viewport = 0000000000F808B4 qclass=RBX::Studio::QEngineWidget
[hider] pass: viewport=0000000000F808B4 chainLen=2 newlyBlocked=0 alreadyBlocked=0 totalWins=1
[hider] viewport = 0000000000F808B4 qclass=RBX::Studio::QEngineWidget
[hider] pass: viewport=0000000000F808B4 chainLen=2 newlyBlocked=0 alreadyBlocked=0 totalWins=1
[hider] viewport = 0000000000F808B4 qclass=RBX::Studio::QEngineWidget
[hider] pass: viewport=0000000000F808B4 chainLen=2 newlyBlocked=0 alreadyBlocked=0 totalWins=1
[hider] viewport = 0000000000F808B4 qclass=RBX::Studio::QEngineWidget
[hider] pass: viewport=0000000000F808B4 chainLen=2 newlyBlocked=0 alreadyBlocked=0 totalWins=1
[hider] viewport = 0000000000F808B4 qclass=RBX::Studio::QEngineWidget
[hider] pass: viewport=0000000000F808B4 chainLen=2 newlyBlocked=0 alreadyBlocked=0 totalWins=1
[hider] viewport = 0000000000F808B4 qclass=RBX::Studio::QEngineWidget
[hider] pass: viewport=0000000000F808B4 chainLen=2 newlyBlocked=0 alreadyBlocked=0 totalWins=1
[hider] viewport = 0000000000F808B4 qclass=RBX::Studio::QEngineWidget
[hider] pass: viewport=0000000000F808B4 chainLen=2 newlyBlocked=0 alreadyBlocked=0 totalWins=1
[hider] viewport = 0000000000F808B4 qclass=RBX::Studio::QEngineWidget
[hider] pass: viewport=0000000000F808B4 chainLen=2 newlyBlocked=0 alreadyBlocked=0 totalWins=1
[udp_relay] SEND magic to 127.0.0.1:25565 username='HearMeRoar'
[udp_relay] RECV magic from 127.0.0.1:53414 username='HearMeRoar' userId=0 accountAge=3650 haveId=1, patching now
[name_patcher] x64 name updated to 'HearMeRoar'
[name_patcher] relayed identity: userId=0 accountAge=3650
[udp_relay] POSTed appearance for 'HearMeRoar' (1266 chars) -> https://127.0.0.1:443 ok=1
[hider] viewport = 0000000000F808B4 qclass=RBX::Studio::QEngineWidget
[hider] pass: viewport=0000000000F808B4 chainLen=2 newlyBlocked=0 alreadyBlocked=0 totalWins=1
[hider] viewport = 0000000000F808B4 qclass=RBX::Studio::QEngineWidget
[hider] pass: viewport=0000000000F808B4 chainLen=2 newlyBlocked=0 alreadyBlocked=0 totalWins=1
[hider] viewport = 0000000000F808B4 qclass=RBX::Studio::QEngineWidget
[hider] pass: viewport=0000000000F808B4 chainLen=2 newlyBlocked=0 alreadyBlocked=0 totalWins=1
[hider] viewport = 0000000000F808B4 qclass=RBX::Studio::QEngineWidget
[hider] pass: viewport=0000000000F808B4 chainLen=2 newlyBlocked=0 alreadyBlocked=0 totalWins=1
[hider] viewport = 0000000000F808B4 qclass=RBX::Studio::QEngineWidget
[hider] pass: viewport=0000000000F808B4 chainLen=2 newlyBlocked=0 alreadyBlocked=0 totalWins=1
[hider] viewport = 0000000000F808B4 qclass=RBX::Studio::QEngineWidget
[hider] pass: viewport=0000000000F808B4 chainLen=2 newlyBlocked=0 alreadyBlocked=0 totalWins=1
[hider] viewport = 0000000000F808B4 qclass=RBX::Studio::QEngineWidget
[hider] pass: viewport=0000000000F808B4 chainLen=2 newlyBlocked=0 alreadyBlocked=0 totalWins=1
[hider] viewport = 0000000000F808B4 qclass=RBX::Studio::QEngineWidget
[hider] pass: viewport=0000000000F808B4 chainLen=2 newlyBlocked=0 alreadyBlocked=0 totalWins=1
[hider] viewport = 0000000000F808B4 qclass=RBX::Studio::QEngineWidget
[hider] pass: viewport=0000000000F808B4 chainLen=2 newlyBlocked=0 alreadyBlocked=0 totalWins=1
[hider] viewport = 0000000000F808B4 qclass=RBX::Studio::QEngineWidget
[hider] pass: viewport=0000000000F808B4 chainLen=2 newlyBlocked=0 alreadyBlocked=0 totalWins=1
[hider] viewport = 0000000000F808B4 qclass=RBX::Studio::QEngineWidget
[hider] pass: viewport=0000000000F808B4 chainLen=2 newlyBlocked=0 alreadyBlocked=0 totalWins=1
[hider] viewport = 0000000000F808B4 qclass=RBX::Studio::QEngineWidget
[hider] pass: viewport=0000000000F808B4 chainLen=2 newlyBlocked=0 alreadyBlocked=0 totalWins=1
[hider] viewport = 0000000000F808B4 qclass=RBX::Studio::QEngineWidget
[hider] pass: viewport=0000000000F808B4 chainLen=2 newlyBlocked=0 alreadyBlocked=0 totalWins=1
[hider] viewport = 0000000000F808B4 qclass=RBX::Studio::QEngineWidget
[hider] pass: viewport=0000000000F808B4 chainLen=2 newlyBlocked=0 alreadyBlocked=0 totalWins=1
[hider] viewport = 0000000000F808B4 qclass=RBX::Studio::QEngineWidget
[hider] pass: viewport=0000000000F808B4 chainLen=2 newlyBlocked=0 alreadyBlocked=0 totalWins=1
[hider] viewport = 0000000000F808B4 qclass=RBX::Studio::QEngineWidget
[hider] pass: viewport=0000000000F808B4 chainLen=2 newlyBlocked=0 alreadyBlocked=0 totalWins=1
[hider] viewport = 0000000000F808B4 qclass=RBX::Studio::QEngineWidget
[hider] pass: viewport=0000000000F808B4 chainLen=2 newlyBlocked=0 alreadyBlocked=0 totalWins=1
[hider] viewport = 0000000000F808B4 qclass=RBX::Studio::QEngineWidget
[hider] pass: viewport=0000000000F808B4 chainLen=2 newlyBlocked=0 alreadyBlocked=0 totalWins=1
[hider] viewport = 0000000000F808B4 qclass=RBX::Studio::QEngineWidget
[hider] pass: viewport=0000000000F808B4 chainLen=2 newlyBlocked=0 alreadyBlocked=0 totalWins=1
[hider] viewport = 0000000000F808B4 qclass=RBX::Studio::QEngineWidget
[hider] pass: viewport=0000000000F808B4 chainLen=2 newlyBlocked=0 alreadyBlocked=0 totalWins=1
[hider] viewport = 0000000000F808B4 qclass=RBX::Studio::QEngineWidget
[hider] pass: viewport=0000000000F808B4 chainLen=2 newlyBlocked=0 alreadyBlocked=0 totalWins=1
[hider] viewport = 0000000000F808B4 qclass=RBX::Studio::QEngineWidget
[hider] pass: viewport=0000000000F808B4 chainLen=2 newlyBlocked=0 alreadyBlocked=0 totalWins=1
[hider] viewport = 0000000000F808B4 qclass=RBX::Studio::QEngineWidget
[hider] pass: viewport=0000000000F808B4 chainLen=2 newlyBlocked=0 alreadyBlocked=0 totalWins=1
[hider] viewport = 0000000000F808B4 qclass=RBX::Studio::QEngineWidget
[hider] pass: viewport=0000000000F808B4 chainLen=2 newlyBlocked=0 alreadyBlocked=0 totalWins=1
[hider] viewport = 0000000000F808B4 qclass=RBX::Studio::QEngineWidget
[hider] pass: viewport=0000000000F808B4 chainLen=2 newlyBlocked=0 alreadyBlocked=0 totalWins=1
[hider] viewport = 0000000000F808B4 qclass=RBX::Studio::QEngineWidget
[hider] pass: viewport=0000000000F808B4 chainLen=2 newlyBlocked=0 alreadyBlocked=0 totalWins=1
[hider] viewport = 0000000000F808B4 qclass=RBX::Studio::QEngineWidget
[hider] pass: viewport=0000000000F808B4 chainLen=2 newlyBlocked=0 alreadyBlocked=0 totalWins=1
[hider] viewport = 0000000000F808B4 qclass=RBX::Studio::QEngineWidget
[hider] pass: viewport=0000000000F808B4 chainLen=2 newlyBlocked=0 alreadyBlocked=0 totalWins=1
[hider] viewport = 0000000000F808B4 qclass=RBX::Studio::QEngineWidget
[hider] pass: viewport=0000000000F808B4 chainLen=2 newlyBlocked=0 alreadyBlocked=0 totalWins=1
[hider] viewport = 0000000000F808B4 qclass=RBX::Studio::QEngineWidget
[hider] pass: viewport=0000000000F808B4 chainLen=2 newlyBlocked=0 alreadyBlocked=0 totalWins=1
[hider] viewport = 0000000000F808B4 qclass=RBX::Studio::QEngineWidget
[hider] pass: viewport=0000000000F808B4 chainLen=2 newlyBlocked=0 alreadyBlocked=0 totalWins=1
[hider] viewport = 0000000000F808B4 qclass=RBX::Studio::QEngineWidget
[hider] pass: viewport=0000000000F808B4 chainLen=2 newlyBlocked=0 alreadyBlocked=0 totalWins=1
[hider] viewport = 0000000000F808B4 qclass=RBX::Studio::QEngineWidget
[hider] pass: viewport=0000000000F808B4 chainLen=2 newlyBlocked=0 alreadyBlocked=0 totalWins=1
[hider] viewport = 0000000000F808B4 qclass=RBX::Studio::QEngineWidget
[hider] pass: viewport=0000000000F808B4 chainLen=2 newlyBlocked=0 alreadyBlocked=0 totalWins=1
[hider] viewport = 0000000000F808B4 qclass=RBX::Studio::QEngineWidget
[hider] pass: viewport=0000000000F808B4 chainLen=2 newlyBlocked=0 alreadyBlocked=0 totalWins=1
[hider] viewport = 0000000000F808B4 qclass=RBX::Studio::QEngineWidget
[hider] pass: viewport=0000000000F808B4 chainLen=2 newlyBlocked=0 alreadyBlocked=0 totalWins=1
[hider] viewport = 0000000000F808B4 qclass=RBX::Studio::QEngineWidget
[hider] pass: viewport=0000000000F808B4 chainLen=2 newlyBlocked=0 alreadyBlocked=0 totalWins=1
[hider] viewport = 0000000000F808B4 qclass=RBX::Studio::QEngineWidget
[hider] pass: viewport=0000000000F808B4 chainLen=2 newlyBlocked=0 alreadyBlocked=0 totalWins=1
[hider] viewport = 0000000000F808B4 qclass=RBX::Studio::QEngineWidget
[hider] pass: viewport=0000000000F808B4 chainLen=2 newlyBlocked=0 alreadyBlocked=0 totalWins=1
[hider] viewport = 0000000000F808B4 qclass=RBX::Studio::QEngineWidget
[hider] pass: viewport=0000000000F808B4 chainLen=2 newlyBlocked=0 alreadyBlocked=0 totalWins=1
[hider] viewport = 0000000000F808B4 qclass=RBX::Studio::QEngineWidget
[hider] pass: viewport=0000000000F808B4 chainLen=2 newlyBlocked=0 alreadyBlocked=0 totalWins=1
[hider] viewport = 0000000000F808B4 qclass=RBX::Studio::QEngineWidget
[hider] pass: viewport=0000000000F808B4 chainLen=2 newlyBlocked=0 alreadyBlocked=0 totalWins=1
[hider] viewport = 0000000000F808B4 qclass=RBX::Studio::QEngineWidget
[hider] pass: viewport=0000000000F808B4 chainLen=2 newlyBlocked=0 alreadyBlocked=0 totalWins=1
[hider] viewport = 0000000000F808B4 qclass=RBX::Studio::QEngineWidget
[hider] pass: viewport=0000000000F808B4 chainLen=2 newlyBlocked=0 alreadyBlocked=0 totalWins=1
[hider] viewport = 0000000000F808B4 qclass=RBX::Studio::QEngineWidget
[hider] pass: viewport=0000000000F808B4 chainLen=2 newlyBlocked=0 alreadyBlocked=0 totalWins=1
[hider] viewport = 0000000000F808B4 qclass=RBX::Studio::QEngineWidget
[hider] pass: viewport=0000000000F808B4 chainLen=2 newlyBlocked=0 alreadyBlocked=0 totalWins=1
[hider] viewport = 0000000000F808B4 qclass=RBX::Studio::QEngineWidget
[hider] pass: viewport=0000000000F808B4 chainLen=2 newlyBlocked=0 alreadyBlocked=0 totalWins=1
[hider] viewport = 0000000000F808B4 qclass=RBX::Studio::QEngineWidget
[hider] pass: viewport=0000000000F808B4 chainLen=2 newlyBlocked=0 alreadyBlocked=0 totalWins=1
[hider] viewport = 0000000000F808B4 qclass=RBX::Studio::QEngineWidget
[hider] pass: viewport=0000000000F808B4 chainLen=2 newlyBlocked=0 alreadyBlocked=0 totalWins=1
[hider] viewport = 0000000000F808B4 qclass=RBX::Studio::QEngineWidget
[hider] pass: viewport=0000000000F808B4 chainLen=2 newlyBlocked=0 alreadyBlocked=0 totalWins=1
[hider] viewport = 0000000000F808B4 qclass=RBX::Studio::QEngineWidget
[hider] pass: viewport=0000000000F808B4 chainLen=2 newlyBlocked=0 alreadyBlocked=0 totalWins=1
[hider] viewport = 0000000000F808B4 qclass=RBX::Studio::QEngineWidget
[hider] pass: viewport=0000000000F808B4 chainLen=2 newlyBlocked=0 alreadyBlocked=0 totalWins=1
[hider] viewport = 0000000000F808B4 qclass=RBX::Studio::QEngineWidget
[hider] pass: viewport=0000000000F808B4 chainLen=2 newlyBlocked=0 alreadyBlocked=0 totalWins=1
[hider] viewport = 0000000000F808B4 qclass=RBX::Studio::QEngineWidget
[hider] pass: viewport=0000000000F808B4 chainLen=2 newlyBlocked=0 alreadyBlocked=0 totalWins=1
[hider] viewport = 0000000000F808B4 qclass=RBX::Studio::QEngineWidget
[hider] pass: viewport=0000000000F808B4 chainLen=2 newlyBlocked=0 alreadyBlocked=0 totalWins=1
[hider] viewport = 0000000000F808B4 qclass=RBX::Studio::QEngineWidget
[hider] pass: viewport=0000000000F808B4 chainLen=2 newlyBlocked=0 alreadyBlocked=0 totalWins=1
[hider] viewport = 0000000000F808B4 qclass=RBX::Studio::QEngineWidget
[hider] pass: viewport=0000000000F808B4 chainLen=2 newlyBlocked=0 alreadyBlocked=0 totalWins=1
[hider] viewport = 0000000000F808B4 qclass=RBX::Studio::QEngineWidget
[hider] pass: viewport=0000000000F808B4 chainLen=2 newlyBlocked=0 alreadyBlocked=0 totalWins=1
[hider] viewport = 0000000000F808B4 qclass=RBX::Studio::QEngineWidget
[hider] pass: viewport=0000000000F808B4 chainLen=2 newlyBlocked=0 alreadyBlocked=0 totalWins=1
[hider] viewport = 0000000000F808B4 qclass=RBX::Studio::QEngineWidget
[hider] pass: viewport=0000000000F808B4 chainLen=2 newlyBlocked=0 alreadyBlocked=0 totalWins=1
[hider] viewport = 0000000000F808B4 qclass=RBX::Studio::QEngineWidget
[hider] pass: viewport=0000000000F808B4 chainLen=2 newlyBlocked=0 alreadyBlocked=0 totalWins=1
[hider] viewport = 0000000000F808B4 qclass=RBX::Studio::QEngineWidget
[hider] pass: viewport=0000000000F808B4 chainLen=2 newlyBlocked=0 alreadyBlocked=0 totalWins=1
[hider] viewport = 0000000000F808B4 qclass=RBX::Studio::QEngineWidget
[hider] pass: viewport=0000000000F808B4 chainLen=2 newlyBlocked=0 alreadyBlocked=0 totalWins=1
[hider] viewport = 0000000000F808B4 qclass=RBX::Studio::QEngineWidget
[hider] pass: viewport=0000000000F808B4 chainLen=2 newlyBlocked=0 alreadyBlocked=0 totalWins=1
[hider] viewport = 0000000000F808B4 qclass=RBX::Studio::QEngineWidget
[hider] pass: viewport=0000000000F808B4 chainLen=2 newlyBlocked=0 alreadyBlocked=0 totalWins=1
[hider] viewport = 0000000000F808B4 qclass=RBX::Studio::QEngineWidget
[hider] pass: viewport=0000000000F808B4 chainLen=2 newlyBlocked=0 alreadyBlocked=0 totalWins=1
[hider] viewport = 0000000000F808B4 qclass=RBX::Studio::QEngineWidget
[hider] pass: viewport=0000000000F808B4 chainLen=2 newlyBlocked=0 alreadyBlocked=0 totalWins=1
[hider] viewport = 0000000000F808B4 qclass=RBX::Studio::QEngineWidget
[hider] pass: viewport=0000000000F808B4 chainLen=2 newlyBlocked=0 alreadyBlocked=0 totalWins=1
[hider] viewport = 0000000000F808B4 qclass=RBX::Studio::QEngineWidget
[hider] pass: viewport=0000000000F808B4 chainLen=2 newlyBlocked=0 alreadyBlocked=0 totalWins=1
[hider] viewport = 0000000000F808B4 qclass=RBX::Studio::QEngineWidget
[hider] pass: viewport=0000000000F808B4 chainLen=2 newlyBlocked=0 alreadyBlocked=0 totalWins=1
[hider] viewport = 0000000000F808B4 qclass=RBX::Studio::QEngineWidget
[hider] pass: viewport=0000000000F808B4 chainLen=2 newlyBlocked=0 alreadyBlocked=0 totalWins=1
[hider] viewport = 0000000000F808B4 qclass=RBX::Studio::QEngineWidget
[hider] pass: viewport=0000000000F808B4 chainLen=2 newlyBlocked=0 alreadyBlocked=0 totalWins=1
[hider] viewport = 0000000000F808B4 qclass=RBX::Studio::QEngineWidget
[hider] pass: viewport=0000000000F808B4 chainLen=2 newlyBlocked=0 alreadyBlocked=0 totalWins=1
[hider] viewport = 0000000000F808B4 qclass=RBX::Studio::QEngineWidget
[hider] pass: viewport=0000000000F808B4 chainLen=2 newlyBlocked=0 alreadyBlocked=0 totalWins=1
[hider] viewport = 0000000000F808B4 qclass=RBX::Studio::QEngineWidget
[hider] pass: viewport=0000000000F808B4 chainLen=2 newlyBlocked=0 alreadyBlocked=0 totalWins=1
[hider] viewport = 0000000000F808B4 qclass=RBX::Studio::QEngineWidget
[hider] pass: viewport=0000000000F808B4 chainLen=2 newlyBlocked=0 alreadyBlocked=0 totalWins=1
[hider] viewport = 0000000000F808B4 qclass=RBX::Studio::QEngineWidget
[hider] pass: viewport=0000000000F808B4 chainLen=2 newlyBlocked=0 alreadyBlocked=0 totalWins=1
[hider] viewport = 0000000000F808B4 qclass=RBX::Studio::QEngineWidget
[hider] pass: viewport=0000000000F808B4 chainLen=2 newlyBlocked=0 alreadyBlocked=0 totalWins=1
[hider] viewport = 0000000000F808B4 qclass=RBX::Studio::QEngineWidget
[hider] pass: viewport=0000000000F808B4 chainLen=2 newlyBlocked=0 alreadyBlocked=0 totalWins=1
[hider] viewport = 0000000000F808B4 qclass=RBX::Studio::QEngineWidget
[hider] pass: viewport=0000000000F808B4 chainLen=2 newlyBlocked=0 alreadyBlocked=0 totalWins=1
[hider] viewport = 0000000000F808B4 qclass=RBX::Studio::QEngineWidget
[hider] pass: viewport=0000000000F808B4 chainLen=2 newlyBlocked=0 alreadyBlocked=0 totalWins=1
[hider] viewport = 0000000000F808B4 qclass=RBX::Studio::QEngineWidget
[hider] pass: viewport=0000000000F808B4 chainLen=2 newlyBlocked=0 alreadyBlocked=0 totalWins=1
[hider] viewport = 0000000000F808B4 qclass=RBX::Studio::QEngineWidget
[hider] pass: viewport=0000000000F808B4 chainLen=2 newlyBlocked=0 alreadyBlocked=0 totalWins=1
[hider] viewport = 0000000000F808B4 qclass=RBX::Studio::QEngineWidget
[hider] pass: viewport=0000000000F808B4 chainLen=2 newlyBlocked=0 alreadyBlocked=0 totalWins=1
[hider] viewport = 0000000000F808B4 qclass=RBX::Studio::QEngineWidget
[hider] pass: viewport=0000000000F808B4 chainLen=2 newlyBlocked=0 alreadyBlocked=0 totalWins=1
[hider] viewport = 0000000000F808B4 qclass=RBX::Studio::QEngineWidget
[hider] pass: viewport=0000000000F808B4 chainLen=2 newlyBlocked=0 alreadyBlocked=0 totalWins=1
[hider] viewport = 0000000000F808B4 qclass=RBX::Studio::QEngineWidget
[hider] pass: viewport=0000000000F808B4 chainLen=2 newlyBlocked=0 alreadyBlocked=0 totalWins=1
[hider] viewport = 0000000000F808B4 qclass=RBX::Studio::QEngineWidget
[hider] pass: viewport=0000000000F808B4 chainLen=2 newlyBlocked=0 alreadyBlocked=0 totalWins=1
[hider] viewport = 0000000000F808B4 qclass=RBX::Studio::QEngineWidget
[hider] pass: viewport=0000000000F808B4 chainLen=2 newlyBlocked=0 alreadyBlocked=0 totalWins=1
[hider] viewport = 0000000000F808B4 qclass=RBX::Studio::QEngineWidget
[hider] pass: viewport=0000000000F808B4 chainLen=2 newlyBlocked=0 alreadyBlocked=0 totalWins=1
[hider] viewport = 0000000000F808B4 qclass=RBX::Studio::QEngineWidget
[hider] pass: viewport=0000000000F808B4 chainLen=2 newlyBlocked=0 alreadyBlocked=0 totalWins=1
[hider] viewport = 0000000000F808B4 qclass=RBX::Studio::QEngineWidget
[hider] pass: viewport=0000000000F808B4 chainLen=2 newlyBlocked=0 alreadyBlocked=0 totalWins=1
[hider] viewport = 0000000000F808B4 qclass=RBX::Studio::QEngineWidget
[hider] pass: viewport=0000000000F808B4 chainLen=2 newlyBlocked=0 alreadyBlocked=0 totalWins=1
[hider] viewport = 0000000000F808B4 qclass=RBX::Studio::QEngineWidget
[hider] pass: viewport=0000000000F808B4 chainLen=2 newlyBlocked=0 alreadyBlocked=0 totalWins=1
[hider] viewport = 0000000000F808B4 qclass=RBX::Studio::QEngineWidget
[hider] pass: viewport=0000000000F808B4 chainLen=2 newlyBlocked=0 alreadyBlocked=0 totalWins=1
[hider] viewport = 0000000000F808B4 qclass=RBX::Studio::QEngineWidget
[hider] pass: viewport=0000000000F808B4 chainLen=2 newlyBlocked=0 alreadyBlocked=0 totalWins=1
[hider] viewport = 0000000000F808B4 qclass=RBX::Studio::QEngineWidget
[hider] pass: viewport=0000000000F808B4 chainLen=2 newlyBlocked=0 alreadyBlocked=0 totalWins=1
[hider] viewport = 0000000000F808B4 qclass=RBX::Studio::QEngineWidget
[hider] pass: viewport=0000000000F808B4 chainLen=2 newlyBlocked=0 alreadyBlocked=0 totalWins=1
[hider] viewport = 0000000000F808B4 qclass=RBX::Studio::QEngineWidget
[hider] pass: viewport=0000000000F808B4 chainLen=2 newlyBlocked=0 alreadyBlocked=0 totalWins=1
[hider] viewport = 0000000000F808B4 qclass=RBX::Studio::QEngineWidget
[hider] pass: viewport=0000000000F808B4 chainLen=2 newlyBlocked=0 alreadyBlocked=0 totalWins=1
[hider] viewport = 0000000000F808B4 qclass=RBX::Studio::QEngineWidget
[hider] pass: viewport=0000000000F808B4 chainLen=2 newlyBlocked=0 alreadyBlocked=0 totalWins=1
[hider] viewport = 0000000000F808B4 qclass=RBX::Studio::QEngineWidget
[hider] pass: viewport=0000000000F808B4 chainLen=2 newlyBlocked=0 alreadyBlocked=0 totalWins=1
[hider] viewport = 0000000000F808B4 qclass=RBX::Studio::QEngineWidget
[hider] pass: viewport=0000000000F808B4 chainLen=2 newlyBlocked=0 alreadyBlocked=0 totalWins=1
[hider] viewport = 0000000000F808B4 qclass=RBX::Studio::QEngineWidget
[hider] pass: viewport=0000000000F808B4 chainLen=2 newlyBlocked=0 alreadyBlocked=0 totalWins=1
[hider] viewport = 0000000000F808B4 qclass=RBX::Studio::QEngineWidget
[hider] pass: viewport=0000000000F808B4 chainLen=2 newlyBlocked=0 alreadyBlocked=0 totalWins=1
[hider] viewport = 0000000000F808B4 qclass=RBX::Studio::QEngineWidget
[hider] pass: viewport=0000000000F808B4 chainLen=2 newlyBlocked=0 alreadyBlocked=0 totalWins=1
[hider] viewport = 0000000000F808B4 qclass=RBX::Studio::QEngineWidget
[hider] pass: viewport=0000000000F808B4 chainLen=2 newlyBlocked=0 alreadyBlocked=0 totalWins=1
[hider] viewport = 0000000000F808B4 qclass=RBX::Studio::QEngineWidget
[hider] pass: viewport=0000000000F808B4 chainLen=2 newlyBlocked=0 alreadyBlocked=0 totalWins=1
[hider] viewport = 0000000000F808B4 qclass=RBX::Studio::QEngineWidget
[hider] pass: viewport=0000000000F808B4 chainLen=2 newlyBlocked=0 alreadyBlocked=0 totalWins=1
[hider] viewport = 0000000000F808B4 qclass=RBX::Studio::QEngineWidget
[hider] pass: viewport=0000000000F808B4 chainLen=2 newlyBlocked=0 alreadyBlocked=0 totalWins=1
[hider] viewport = 0000000000F808B4 qclass=RBX::Studio::QEngineWidget
[hider] pass: viewport=0000000000F808B4 chainLen=2 newlyBlocked=0 alreadyBlocked=0 totalWins=1
[hider] viewport = 0000000000F808B4 qclass=RBX::Studio::QEngineWidget
[hider] pass: viewport=0000000000F808B4 chainLen=2 newlyBlocked=0 alreadyBlocked=0 totalWins=1
[hider] viewport = 0000000000F808B4 qclass=RBX::Studio::QEngineWidget
[hider] pass: viewport=0000000000F808B4 chainLen=2 newlyBlocked=0 alreadyBlocked=0 totalWins=1
[hider] viewport = 0000000000F808B4 qclass=RBX::Studio::QEngineWidget
[hider] pass: viewport=0000000000F808B4 chainLen=2 newlyBlocked=0 alreadyBlocked=0 totalWins=1
[hider] viewport = 0000000000F808B4 qclass=RBX::Studio::QEngineWidget
[hider] pass: viewport=0000000000F808B4 chainLen=2 newlyBlocked=0 alreadyBlocked=0 totalWins=1
[hider] viewport = 0000000000F808B4 qclass=RBX::Studio::QEngineWidget
[hider] pass: viewport=0000000000F808B4 chainLen=2 newlyBlocked=0 alreadyBlocked=0 totalWins=1
[hider] viewport = 0000000000F808B4 qclass=RBX::Studio::QEngineWidget
[hider] pass: viewport=0000000000F808B4 chainLen=2 newlyBlocked=0 alreadyBlocked=0 totalWins=1
[hider] viewport = 0000000000F808B4 qclass=RBX::Studio::QEngineWidget
[hider] pass: viewport=0000000000F808B4 chainLen=2 newlyBlocked=0 alreadyBlocked=0 totalWins=1
[hider] viewport = 0000000000F808B4 qclass=RBX::Studio::QEngineWidget
[hider] pass: viewport=0000000000F808B4 chainLen=2 newlyBlocked=0 alreadyBlocked=0 totalWins=1
[hider] viewport = 0000000000F808B4 qclass=RBX::Studio::QEngineWidget
[hider] pass: viewport=0000000000F808B4 chainLen=2 newlyBlocked=0 alreadyBlocked=0 totalWins=1
[hider] viewport = 0000000000F808B4 qclass=RBX::Studio::QEngineWidget
[hider] pass: viewport=0000000000F808B4 chainLen=2 newlyBlocked=0 alreadyBlocked=0 totalWins=1
[hider] viewport = 0000000000F808B4 qclass=RBX::Studio::QEngineWidget
[hider] pass: viewport=0000000000F808B4 chainLen=2 newlyBlocked=0 alreadyBlocked=0 totalWins=1
[hider] viewport = 0000000000F808B4 qclass=RBX::Studio::QEngineWidget
[hider] pass: viewport=0000000000F808B4 chainLen=2 newlyBlocked=0 alreadyBlocked=0 totalWins=1
[hider] viewport = 0000000000F808B4 qclass=RBX::Studio::QEngineWidget
[hider] pass: viewport=0000000000F808B4 chainLen=2 newlyBlocked=0 alreadyBlocked=0 totalWins=1
[hider] viewport = 0000000000F808B4 qclass=RBX::Studio::QEngineWidget
[hider] pass: viewport=0000000000F808B4 chainLen=2 newlyBlocked=0 alreadyBlocked=0 totalWins=1
[hider] viewport = 0000000000F808B4 qclass=RBX::Studio::QEngineWidget
[hider] pass: viewport=0000000000F808B4 chainLen=2 newlyBlocked=0 alreadyBlocked=0 totalWins=1
[hider] viewport = 0000000000F808B4 qclass=RBX::Studio::QEngineWidget
[hider] pass: viewport=0000000000F808B4 chainLen=2 newlyBlocked=0 alreadyBlocked=0 totalWins=1
[hider] viewport = 0000000000F808B4 qclass=RBX::Studio::QEngineWidget
[hider] pass: viewport=0000000000F808B4 chainLen=2 newlyBlocked=0 alreadyBlocked=0 totalWins=1
[hider] viewport = 0000000000F808B4 qclass=RBX::Studio::QEngineWidget
[hider] pass: viewport=0000000000F808B4 chainLen=2 newlyBlocked=0 alreadyBlocked=0 totalWins=1
[hider] viewport = 0000000000F808B4 qclass=RBX::Studio::QEngineWidget
[hider] pass: viewport=0000000000F808B4 chainLen=2 newlyBlocked=0 alreadyBlocked=0 totalWins=1
[hider] viewport = 0000000000F808B4 qclass=RBX::Studio::QEngineWidget
[hider] pass: viewport=0000000000F808B4 chainLen=2 newlyBlocked=0 alreadyBlocked=0 totalWins=1
[hider] viewport = 0000000000F808B4 qclass=RBX::Studio::QEngineWidget
[hider] pass: viewport=0000000000F808B4 chainLen=2 newlyBlocked=0 alreadyBlocked=0 totalWins=1
[hider] viewport = 0000000000F808B4 qclass=RBX::Studio::QEngineWidget
[hider] pass: viewport=0000000000F808B4 chainLen=2 newlyBlocked=0 alreadyBlocked=0 totalWins=1
[hider] viewport = 0000000000F808B4 qclass=RBX::Studio::QEngineWidget
[hider] pass: viewport=0000000000F808B4 chainLen=2 newlyBlocked=0 alreadyBlocked=0 totalWins=1
[hider] viewport = 0000000000F808B4 qclass=RBX::Studio::QEngineWidget
[hider] pass: viewport=0000000000F808B4 chainLen=2 newlyBlocked=0 alreadyBlocked=0 totalWins=1
[hider] viewport = 0000000000F808B4 qclass=RBX::Studio::QEngineWidget
[hider] pass: viewport=0000000000F808B4 chainLen=2 newlyBlocked=0 alreadyBlocked=0 totalWins=1
[hider] viewport = 0000000000F808B4 qclass=RBX::Studio::QEngineWidget
[hider] pass: viewport=0000000000F808B4 chainLen=2 newlyBlocked=0 alreadyBlocked=0 totalWins=1
[hider] viewport = 0000000000F808B4 qclass=RBX::Studio::QEngineWidget
[hider] pass: viewport=0000000000F808B4 chainLen=2 newlyBlocked=0 alreadyBlocked=0 totalWins=1
[hider] viewport = 0000000000F808B4 qclass=RBX::Studio::QEngineWidget
[hider] pass: viewport=0000000000F808B4 chainLen=2 newlyBlocked=0 alreadyBlocked=0 totalWins=1
[hider] viewport = 0000000000F808B4 qclass=RBX::Studio::QEngineWidget
[hider] pass: viewport=0000000000F808B4 chainLen=2 newlyBlocked=0 alreadyBlocked=0 totalWins=1
[hider] viewport = 0000000000F808B4 qclass=RBX::Studio::QEngineWidget
[hider] pass: viewport=0000000000F808B4 chainLen=2 newlyBlocked=0 alreadyBlocked=0 totalWins=1
[hider] viewport = 0000000000F808B4 qclass=RBX::Studio::QEngineWidget
[hider] pass: viewport=0000000000F808B4 chainLen=2 newlyBlocked=0 alreadyBlocked=0 totalWins=1
[hider] viewport = 0000000000F808B4 qclass=RBX::Studio::QEngineWidget
[hider] pass: viewport=0000000000F808B4 chainLen=2 newlyBlocked=0 alreadyBlocked=0 totalWins=1
[hider] viewport = 0000000000F808B4 qclass=RBX::Studio::QEngineWidget
[hider] pass: viewport=0000000000F808B4 chainLen=2 newlyBlocked=0 alreadyBlocked=0 totalWins=1
[hider] viewport = 0000000000F808B4 qclass=RBX::Studio::QEngineWidget
[hider] pass: viewport=0000000000F808B4 chainLen=2 newlyBlocked=0 alreadyBlocked=0 totalWins=1
[hider] viewport = 0000000000F808B4 qclass=RBX::Studio::QEngineWidget
[hider] pass: viewport=0000000000F808B4 chainLen=2 newlyBlocked=0 alreadyBlocked=0 totalWins=1
[hider] viewport = 0000000000F808B4 qclass=RBX::Studio::QEngineWidget
[hider] pass: viewport=0000000000F808B4 chainLen=2 newlyBlocked=0 alreadyBlocked=0 totalWins=1
[hider] viewport = 0000000000F808B4 qclass=RBX::Studio::QEngineWidget
[hider] pass: viewport=0000000000F808B4 chainLen=2 newlyBlocked=0 alreadyBlocked=0 totalWins=1
[hider] viewport = 0000000000F808B4 qclass=RBX::Studio::QEngineWidget
[hider] pass: viewport=0000000000F808B4 chainLen=2 newlyBlocked=0 alreadyBlocked=0 totalWins=1
[hider] viewport = 0000000000F808B4 qclass=RBX::Studio::QEngineWidget
[hider] pass: viewport=0000000000F808B4 chainLen=2 newlyBlocked=0 alreadyBlocked=0 totalWins=1
[hider] viewport = 0000000000F808B4 qclass=RBX::Studio::QEngineWidget
[hider] pass: viewport=0000000000F808B4 chainLen=2 newlyBlocked=0 alreadyBlocked=0 totalWins=1
[hider] viewport = 0000000000F808B4 qclass=RBX::Studio::QEngineWidget
[hider] pass: viewport=0000000000F808B4 chainLen=2 newlyBlocked=0 alreadyBlocked=0 totalWins=1
[hider] viewport = 0000000000F808B4 qclass=RBX::Studio::QEngineWidget
[hider] pass: viewport=0000000000F808B4 chainLen=2 newlyBlocked=0 alreadyBlocked=0 totalWins=1
[hider] viewport = 0000000000F808B4 qclass=RBX::Studio::QEngineWidget
[hider] pass: viewport=0000000000F808B4 chainLen=2 newlyBlocked=0 alreadyBlocked=0 totalWins=1
[hider] viewport = 0000000000F808B4 qclass=RBX::Studio::QEngineWidget
[hider] pass: viewport=0000000000F808B4 chainLen=2 newlyBlocked=0 alreadyBlocked=0 totalWins=1
[hider] viewport = 0000000000F808B4 qclass=RBX::Studio::QEngineWidget
[hider] pass: viewport=0000000000F808B4 chainLen=2 newlyBlocked=0 alreadyBlocked=0 totalWins=1
[hider] viewport = 0000000000F808B4 qclass=RBX::Studio::QEngineWidget
[hider] pass: viewport=0000000000F808B4 chainLen=2 newlyBlocked=0 alreadyBlocked=0 totalWins=1
[hider] viewport = 0000000000F808B4 qclass=RBX::Studio::QEngineWidget
[hider] pass: viewport=0000000000F808B4 chainLen=2 newlyBlocked=0 alreadyBlocked=0 totalWins=1
[hider] viewport = 0000000000F808B4 qclass=RBX::Studio::QEngineWidget
[hider] pass: viewport=0000000000F808B4 chainLen=2 newlyBlocked=0 alreadyBlocked=0 totalWins=1
[hider] viewport = 0000000000F808B4 qclass=RBX::Studio::QEngineWidget
[hider] pass: viewport=0000000000F808B4 chainLen=2 newlyBlocked=0 alreadyBlocked=0 totalWins=1
[hider] viewport = 0000000000F808B4 qclass=RBX::Studio::QEngineWidget
[hider] pass: viewport=0000000000F808B4 chainLen=2 newlyBlocked=0 alreadyBlocked=0 totalWins=1
[hider] viewport = 0000000000F808B4 qclass=RBX::Studio::QEngineWidget
[hider] pass: viewport=0000000000F808B4 chainLen=2 newlyBlocked=0 alreadyBlocked=0 totalWins=1
[hider] viewport = 0000000000F808B4 qclass=RBX::Studio::QEngineWidget
[hider] pass: viewport=0000000000F808B4 chainLen=2 newlyBlocked=0 alreadyBlocked=0 totalWins=1
[hider] viewport = 0000000000F808B4 qclass=RBX::Studio::QEngineWidget
[hider] pass: viewport=0000000000F808B4 chainLen=2 newlyBlocked=0 alreadyBlocked=0 totalWins=1
[hider] viewport = 0000000000F808B4 qclass=RBX::Studio::QEngineWidget
[hider] pass: viewport=0000000000F808B4 chainLen=2 newlyBlocked=0 alreadyBlocked=0 totalWins=1
[hider] viewport = 0000000000F808B4 qclass=RBX::Studio::QEngineWidget
[hider] pass: viewport=0000000000F808B4 chainLen=2 newlyBlocked=0 alreadyBlocked=0 totalWins=1
[hider] viewport = 0000000000F808B4 qclass=RBX::Studio::QEngineWidget
[hider] pass: viewport=0000000000F808B4 chainLen=2 newlyBlocked=0 alreadyBlocked=0 totalWins=1
[hider] viewport = 0000000000F808B4 qclass=RBX::Studio::QEngineWidget
[hider] pass: viewport=0000000000F808B4 chainLen=2 newlyBlocked=0 alreadyBlocked=0 totalWins=1
[hider] viewport = 0000000000F808B4 qclass=RBX::Studio::QEngineWidget
[hider] pass: viewport=0000000000F808B4 chainLen=2 newlyBlocked=0 alreadyBlocked=0 totalWins=1
[hider] viewport = 0000000000F808B4 qclass=RBX::Studio::QEngineWidget
[hider] pass: viewport=0000000000F808B4 chainLen=2 newlyBlocked=0 alreadyBlocked=0 totalWins=1
[hider] viewport = 0000000000F808B4 qclass=RBX::Studio::QEngineWidget
[hider] pass: viewport=0000000000F808B4 chainLen=2 newlyBlocked=0 alreadyBlocked=0 totalWins=1
[hider] viewport = 0000000000F808B4 qclass=RBX::Studio::QEngineWidget
[hider] pass: viewport=0000000000F808B4 chainLen=2 newlyBlocked=0 alreadyBlocked=0 totalWins=1
[hider] viewport = 0000000000F808B4 qclass=RBX::Studio::QEngineWidget
[hider] pass: viewport=0000000000F808B4 chainLen=2 newlyBlocked=0 alreadyBlocked=0 totalWins=1
[hider] viewport = 0000000000F808B4 qclass=RBX::Studio::QEngineWidget
[hider] pass: viewport=0000000000F808B4 chainLen=2 newlyBlocked=0 alreadyBlocked=0 totalWins=1
[hider] viewport = 0000000000F808B4 qclass=RBX::Studio::QEngineWidget
[hider] pass: viewport=0000000000F808B4 chainLen=2 newlyBlocked=0 alreadyBlocked=0 totalWins=1
[hider] viewport = 0000000000F808B4 qclass=RBX::Studio::QEngineWidget
[hider] pass: viewport=0000000000F808B4 chainLen=2 newlyBlocked=0 alreadyBlocked=0 totalWins=1
[hider] viewport = 0000000000F808B4 qclass=RBX::Studio::QEngineWidget
[hider] pass: viewport=0000000000F808B4 chainLen=2 newlyBlocked=0 alreadyBlocked=0 totalWins=1
[hider] viewport = 0000000000F808B4 qclass=RBX::Studio::QEngineWidget
[hider] pass: viewport=0000000000F808B4 chainLen=2 newlyBlocked=0 alreadyBlocked=0 totalWins=1
[hider] viewport = 0000000000F808B4 qclass=RBX::Studio::QEngineWidget
[hider] pass: viewport=0000000000F808B4 chainLen=2 newlyBlocked=0 alreadyBlocked=0 totalWins=1
[hider] viewport = 0000000000F808B4 qclass=RBX::Studio::QEngineWidget
[hider] pass: viewport=0000000000F808B4 chainLen=2 newlyBlocked=0 alreadyBlocked=0 totalWins=1
[hider] viewport = 0000000000F808B4 qclass=RBX::Studio::QEngineWidget
[hider] pass: viewport=0000000000F808B4 chainLen=2 newlyBlocked=0 alreadyBlocked=0 totalWins=1
[hider] viewport = 0000000000F808B4 qclass=RBX::Studio::QEngineWidget
[hider] pass: viewport=0000000000F808B4 chainLen=2 newlyBlocked=0 alreadyBlocked=0 totalWins=1
[hider] viewport = 0000000000F808B4 qclass=RBX::Studio::QEngineWidget
[hider] pass: viewport=0000000000F808B4 chainLen=2 newlyBlocked=0 alreadyBlocked=0 totalWins=1
[hider] viewport = 0000000000F808B4 qclass=RBX::Studio::QEngineWidget
[hider] pass: viewport=0000000000F808B4 chainLen=2 newlyBlocked=0 alreadyBlocked=0 totalWins=1
[hider] viewport = 0000000000F808B4 qclass=RBX::Studio::QEngineWidget
[hider] pass: viewport=0000000000F808B4 chainLen=2 newlyBlocked=0 alreadyBlocked=0 totalWins=1
[hider] viewport = 0000000000F808B4 qclass=RBX::Studio::QEngineWidget
[hider] pass: viewport=0000000000F808B4 chainLen=2 newlyBlocked=0 alreadyBlocked=0 totalWins=1
[hider] viewport = 0000000000F808B4 qclass=RBX::Studio::QEngineWidget
[hider] pass: viewport=0000000000F808B4 chainLen=2 newlyBlocked=0 alreadyBlocked=0 totalWins=1
[hider] viewport = 0000000000F808B4 qclass=RBX::Studio::QEngineWidget
[hider] pass: viewport=0000000000F808B4 chainLen=2 newlyBlocked=0 alreadyBlocked=0 totalWins=1
[hider] viewport = 0000000000F808B4 qclass=RBX::Studio::QEngineWidget
[hider] pass: viewport=0000000000F808B4 chainLen=2 newlyBlocked=0 alreadyBlocked=0 totalWins=1
[hider] viewport = 0000000000F808B4 qclass=RBX::Studio::QEngineWidget
[hider] pass: viewport=0000000000F808B4 chainLen=2 newlyBlocked=0 alreadyBlocked=0 totalWins=1
[hider] viewport = 0000000000F808B4 qclass=RBX::Studio::QEngineWidget
[hider] pass: viewport=0000000000F808B4 chainLen=2 newlyBlocked=0 alreadyBlocked=0 totalWins=1
[hider] viewport = 0000000000F808B4 qclass=RBX::Studio::QEngineWidget
[hider] pass: viewport=0000000000F808B4 chainLen=2 newlyBlocked=0 alreadyBlocked=0 totalWins=1
[hider] viewport = 0000000000F808B4 qclass=RBX::Studio::QEngineWidget
[hider] pass: viewport=0000000000F808B4 chainLen=2 newlyBlocked=0 alreadyBlocked=0 totalWins=1
[hider] viewport = 0000000000F808B4 qclass=RBX::Studio::QEngineWidget
[hider] pass: viewport=0000000000F808B4 chainLen=2 newlyBlocked=0 alreadyBlocked=0 totalWins=1
[hider] viewport = 0000000000F808B4 qclass=RBX::Studio::QEngineWidget
[hider] pass: viewport=0000000000F808B4 chainLen=2 newlyBlocked=0 alreadyBlocked=0 totalWins=1
[hider] viewport = 0000000000F808B4 qclass=RBX::Studio::QEngineWidget
[hider] pass: viewport=0000000000F808B4 chainLen=2 newlyBlocked=0 alreadyBlocked=0 totalWins=1
[hider] viewport = 0000000000F808B4 qclass=RBX::Studio::QEngineWidget
[hider] pass: viewport=0000000000F808B4 chainLen=2 newlyBlocked=0 alreadyBlocked=0 totalWins=1
[hider] viewport = 0000000000F808B4 qclass=RBX::Studio::QEngineWidget
[hider] pass: viewport=0000000000F808B4 chainLen=2 newlyBlocked=0 alreadyBlocked=0 totalWins=1
[hider] viewport = 0000000000F808B4 qclass=RBX::Studio::QEngineWidget
[hider] pass: viewport=0000000000F808B4 chainLen=2 newlyBlocked=0 alreadyBlocked=0 totalWins=1
[hider] viewport = 0000000000F808B4 qclass=RBX::Studio::QEngineWidget
[hider] pass: viewport=0000000000F808B4 chainLen=2 newlyBlocked=0 alreadyBlocked=0 totalWins=1
[hider] viewport = 0000000000F808B4 qclass=RBX::Studio::QEngineWidget
[hider] pass: viewport=0000000000F808B4 chainLen=2 newlyBlocked=0 alreadyBlocked=0 totalWins=1
[hider] viewport = 0000000000F808B4 qclass=RBX::Studio::QEngineWidget
[hider] pass: viewport=0000000000F808B4 chainLen=2 newlyBlocked=0 alreadyBlocked=0 totalWins=1
[hider] viewport = 0000000000F808B4 qclass=RBX::Studio::QEngineWidget
[hider] pass: viewport=0000000000F808B4 chainLen=2 newlyBlocked=0 alreadyBlocked=0 totalWins=1
[hider] viewport = 0000000000F808B4 qclass=RBX::Studio::QEngineWidget
[hider] pass: viewport=0000000000F808B4 chainLen=2 newlyBlocked=0 alreadyBlocked=0 totalWins=1
[hider] viewport = 0000000000F808B4 qclass=RBX::Studio::QEngineWidget
[hider] pass: viewport=0000000000F808B4 chainLen=2 newlyBlocked=0 alreadyBlocked=0 totalWins=1
[hider] viewport = 0000000000F808B4 qclass=RBX::Studio::QEngineWidget
[hider] pass: viewport=0000000000F808B4 chainLen=2 newlyBlocked=0 alreadyBlocked=0 totalWins=1
[hider] viewport = 0000000000F808B4 qclass=RBX::Studio::QEngineWidget
[hider] pass: viewport=0000000000F808B4 chainLen=2 newlyBlocked=0 alreadyBlocked=0 totalWins=1
[hider] viewport = 0000000000F808B4 qclass=RBX::Studio::QEngineWidget
[hider] pass: viewport=0000000000F808B4 chainLen=2 newlyBlocked=0 alreadyBlocked=0 totalWins=1
[hider] viewport = 0000000000F808B4 qclass=RBX::Studio::QEngineWidget
[hider] pass: viewport=0000000000F808B4 chainLen=2 newlyBlocked=0 alreadyBlocked=0 totalWins=1
[hider] viewport = 0000000000F808B4 qclass=RBX::Studio::QEngineWidget
[hider] pass: viewport=0000000000F808B4 chainLen=2 newlyBlocked=0 alreadyBlocked=0 totalWins=1
[hider] viewport = 0000000000F808B4 qclass=RBX::Studio::QEngineWidget
[hider] pass: viewport=0000000000F808B4 chainLen=2 newlyBlocked=0 alreadyBlocked=0 totalWins=1
[hider] viewport = 0000000000F808B4 qclass=RBX::Studio::QEngineWidget
[hider] pass: viewport=0000000000F808B4 chainLen=2 newlyBlocked=0 alreadyBlocked=0 totalWins=1
[hider] viewport = 0000000000F808B4 qclass=RBX::Studio::QEngineWidget
[hider] pass: viewport=0000000000F808B4 chainLen=2 newlyBlocked=0 alreadyBlocked=0 totalWins=1
[hider] viewport = 0000000000F808B4 qclass=RBX::Studio::QEngineWidget
[hider] pass: viewport=0000000000F808B4 chainLen=2 newlyBlocked=0 alreadyBlocked=0 totalWins=1
[hider] viewport = 0000000000F808B4 qclass=RBX::Studio::QEngineWidget
[hider] pass: viewport=0000000000F808B4 chainLen=2 newlyBlocked=0 alreadyBlocked=0 totalWins=1
[hider] viewport = 0000000000F808B4 qclass=RBX::Studio::QEngineWidget
[hider] pass: viewport=0000000000F808B4 chainLen=2 newlyBlocked=0 alreadyBlocked=0 totalWins=1
[hider] viewport = 0000000000F808B4 qclass=RBX::Studio::QEngineWidget
[hider] pass: viewport=0000000000F808B4 chainLen=2 newlyBlocked=0 alreadyBlocked=0 totalWins=1
[hider] viewport = 0000000000F808B4 qclass=RBX::Studio::QEngineWidget
[hider] pass: viewport=0000000000F808B4 chainLen=2 newlyBlocked=0 alreadyBlocked=0 totalWins=1
[hider] viewport = 0000000000F808B4 qclass=RBX::Studio::QEngineWidget
[hider] pass: viewport=0000000000F808B4 chainLen=2 newlyBlocked=0 alreadyBlocked=0 totalWins=1
[hider] viewport = 0000000000F808B4 qclass=RBX::Studio::QEngineWidget
[hider] pass: viewport=0000000000F808B4 chainLen=2 newlyBlocked=0 alreadyBlocked=0 totalWins=1
[hider] viewport = 0000000000F808B4 qclass=RBX::Studio::QEngineWidget
[hider] pass: viewport=0000000000F808B4 chainLen=2 newlyBlocked=0 alreadyBlocked=0 totalWins=1
[hider] viewport = 0000000000F808B4 qclass=RBX::Studio::QEngineWidget
[hider] pass: viewport=0000000000F808B4 chainLen=2 newlyBlocked=0 alreadyBlocked=0 totalWins=1
[hider] viewport = 0000000000F808B4 qclass=RBX::Studio::QEngineWidget
[hider] pass: viewport=0000000000F808B4 chainLen=2 newlyBlocked=0 alreadyBlocked=0 totalWins=1
[hider] viewport = 0000000000F808B4 qclass=RBX::Studio::QEngineWidget
[hider] pass: viewport=0000000000F808B4 chainLen=2 newlyBlocked=0 alreadyBlocked=0 totalWins=1
[hider] viewport = 0000000000F808B4 qclass=RBX::Studio::QEngineWidget
[hider] pass: viewport=0000000000F808B4 chainLen=2 newlyBlocked=0 alreadyBlocked=0 totalWins=1
[hider] viewport = 0000000000F808B4 qclass=RBX::Studio::QEngineWidget
[hider] pass: viewport=0000000000F808B4 chainLen=2 newlyBlocked=0 alreadyBlocked=0 totalWins=1
[hider] viewport = 0000000000F808B4 qclass=RBX::Studio::QEngineWidget
[hider] pass: viewport=0000000000F808B4 chainLen=2 newlyBlocked=0 alreadyBlocked=0 totalWins=1
[hider] viewport = 0000000000F808B4 qclass=RBX::Studio::QEngineWidget
[hider] pass: viewport=0000000000F808B4 chainLen=2 newlyBlocked=0 alreadyBlocked=0 totalWins=1
[hider] viewport = 0000000000F808B4 qclass=RBX::Studio::QEngineWidget
[hider] pass: viewport=0000000000F808B4 chainLen=2 newlyBlocked=0 alreadyBlocked=0 totalWins=1
[hider] viewport = 0000000000F808B4 qclass=RBX::Studio::QEngineWidget
[hider] pass: viewport=0000000000F808B4 chainLen=2 newlyBlocked=0 alreadyBlocked=0 totalWins=1
[hider] viewport = 0000000000F808B4 qclass=RBX::Studio::QEngineWidget
[hider] pass: viewport=0000000000F808B4 chainLen=2 newlyBlocked=0 alreadyBlocked=0 totalWins=1
[hider] viewport = 0000000000F808B4 qclass=RBX::Studio::QEngineWidget
[hider] pass: viewport=0000000000F808B4 chainLen=2 newlyBlocked=0 alreadyBlocked=0 totalWins=1
[hider] viewport = 0000000000F808B4 qclass=RBX::Studio::QEngineWidget
[hider] pass: viewport=0000000000F808B4 chainLen=2 newlyBlocked=0 alreadyBlocked=0 totalWins=1
[hider] viewport = 0000000000F808B4 qclass=RBX::Studio::QEngineWidget
[hider] pass: viewport=0000000000F808B4 chainLen=2 newlyBlocked=0 alreadyBlocked=0 totalWins=1
[hider] viewport = 0000000000F808B4 qclass=RBX::Studio::QEngineWidget
[hider] pass: viewport=0000000000F808B4 chainLen=2 newlyBlocked=0 alreadyBlocked=0 totalWins=1
[hider] viewport = 0000000000F808B4 qclass=RBX::Studio::QEngineWidget
[hider] pass: viewport=0000000000F808B4 chainLen=2 newlyBlocked=0 alreadyBlocked=0 totalWins=1
[hider] viewport = 0000000000F808B4 qclass=RBX::Studio::QEngineWidget
[hider] pass: viewport=0000000000F808B4 chainLen=2 newlyBlocked=0 alreadyBlocked=0 totalWins=1
[hider] viewport = 0000000000F808B4 qclass=RBX::Studio::QEngineWidget
[hider] pass: viewport=0000000000F808B4 chainLen=2 newlyBlocked=0 alreadyBlocked=0 totalWins=1
[hider] viewport = 0000000000F808B4 qclass=RBX::Studio::QEngineWidget
[hider] pass: viewport=0000000000F808B4 chainLen=2 newlyBlocked=0 alreadyBlocked=0 totalWins=1
[hider] viewport = 0000000000F808B4 qclass=RBX::Studio::QEngineWidget
[hider] pass: viewport=0000000000F808B4 chainLen=2 newlyBlocked=0 alreadyBlocked=0 totalWins=1
[hider] viewport = 0000000000F808B4 qclass=RBX::Studio::QEngineWidget
[hider] pass: viewport=0000000000F808B4 chainLen=2 newlyBlocked=0 alreadyBlocked=0 totalWins=1
[hider] viewport = 0000000000F808B4 qclass=RBX::Studio::QEngineWidget
[hider] pass: viewport=0000000000F808B4 chainLen=2 newlyBlocked=0 alreadyBlocked=0 totalWins=1
[hider] viewport = 0000000000F808B4 qclass=RBX::Studio::QEngineWidget
[hider] pass: viewport=0000000000F808B4 chainLen=2 newlyBlocked=0 alreadyBlocked=0 totalWins=1
[hider] viewport = 0000000000F808B4 qclass=RBX::Studio::QEngineWidget
[hider] pass: viewport=0000000000F808B4 chainLen=2 newlyBlocked=0 alreadyBlocked=0 totalWins=1
[hider] viewport = 0000000000F808B4 qclass=RBX::Studio::QEngineWidget
[hider] pass: viewport=0000000000F808B4 chainLen=2 newlyBlocked=0 alreadyBlocked=0 totalWins=1
[hider] viewport = 0000000000F808B4 qclass=RBX::Studio::QEngineWidget
[hider] pass: viewport=0000000000F808B4 chainLen=2 newlyBlocked=0 alreadyBlocked=0 totalWins=1
[hider] viewport = 0000000000F808B4 qclass=RBX::Studio::QEngineWidget
[hider] pass: viewport=0000000000F808B4 chainLen=2 newlyBlocked=0 alreadyBlocked=0 totalWins=1
[hider] viewport = 0000000000F808B4 qclass=RBX::Studio::QEngineWidget
[hider] pass: viewport=0000000000F808B4 chainLen=2 newlyBlocked=0 alreadyBlocked=0 totalWins=1
[hider] viewport = 0000000000F808B4 qclass=RBX::Studio::QEngineWidget
[hider] pass: viewport=0000000000F808B4 chainLen=2 newlyBlocked=0 alreadyBlocked=0 totalWins=1
[hider] viewport = 0000000000F808B4 qclass=RBX::Studio::QEngineWidget
[hider] pass: viewport=0000000000F808B4 chainLen=2 newlyBlocked=0 alreadyBlocked=0 totalWins=1
[hider] viewport = 0000000000F808B4 qclass=RBX::Studio::QEngineWidget
[hider] pass: viewport=0000000000F808B4 chainLen=2 newlyBlocked=0 alreadyBlocked=0 totalWins=1
[hider] viewport = 0000000000F808B4 qclass=RBX::Studio::QEngineWidget
[hider] pass: viewport=0000000000F808B4 chainLen=2 newlyBlocked=0 alreadyBlocked=0 totalWins=1
[hider] viewport = 0000000000F808B4 qclass=RBX::Studio::QEngineWidget
[hider] pass: viewport=0000000000F808B4 chainLen=2 newlyBlocked=0 alreadyBlocked=0 totalWins=1
[hider] viewport = 0000000000F808B4 qclass=RBX::Studio::QEngineWidget
[hider] pass: viewport=0000000000F808B4 chainLen=2 newlyBlocked=0 alreadyBlocked=0 totalWins=1
[hider] viewport = 0000000000F808B4 qclass=RBX::Studio::QEngineWidget
[hider] pass: viewport=0000000000F808B4 chainLen=2 newlyBlocked=0 alreadyBlocked=0 totalWins=1
[hider] viewport = 0000000000F808B4 qclass=RBX::Studio::QEngineWidget
[hider] pass: viewport=0000000000F808B4 chainLen=2 newlyBlocked=0 alreadyBlocked=0 totalWins=1
[hider] viewport = 0000000000F808B4 qclass=RBX::Studio::QEngineWidget
[hider] pass: viewport=0000000000F808B4 chainLen=2 newlyBlocked=0 alreadyBlocked=0 totalWins=1
[hider] viewport = 0000000000F808B4 qclass=RBX::Studio::QEngineWidget
[hider] pass: viewport=0000000000F808B4 chainLen=2 newlyBlocked=0 alreadyBlocked=0 totalWins=1
[hider] viewport = 0000000000F808B4 qclass=RBX::Studio::QEngineWidget
[hider] pass: viewport=0000000000F808B4 chainLen=2 newlyBlocked=0 alreadyBlocked=0 totalWins=1
[hider] viewport = 0000000000F808B4 qclass=RBX::Studio::QEngineWidget
[hider] pass: viewport=0000000000F808B4 chainLen=2 newlyBlocked=0 alreadyBlocked=0 totalWins=1
[hider] viewport = 0000000000F808B4 qclass=RBX::Studio::QEngineWidget
[hider] pass: viewport=0000000000F808B4 chainLen=2 newlyBlocked=0 alreadyBlocked=0 totalWins=1
[hider] viewport = 0000000000F808B4 qclass=RBX::Studio::QEngineWidget
[hider] pass: viewport=0000000000F808B4 chainLen=2 newlyBlocked=0 alreadyBlocked=0 totalWins=1
[hider] viewport = 0000000000F808B4 qclass=RBX::Studio::QEngineWidget
[hider] pass: viewport=0000000000F808B4 chainLen=2 newlyBlocked=0 alreadyBlocked=0 totalWins=1
[hider] viewport = 0000000000F808B4 qclass=RBX::Studio::QEngineWidget
[hider] pass: viewport=0000000000F808B4 chainLen=2 newlyBlocked=0 alreadyBlocked=0 totalWins=1
[hider] viewport = 0000000000F808B4 qclass=RBX::Studio::QEngineWidget
[hider] pass: viewport=0000000000F808B4 chainLen=2 newlyBlocked=0 alreadyBlocked=0 totalWins=1
[hider] viewport = 0000000000F808B4 qclass=RBX::Studio::QEngineWidget
[hider] pass: viewport=0000000000F808B4 chainLen=2 newlyBlocked=0 alreadyBlocked=0 totalWins=1
[hider] viewport = 0000000000F808B4 qclass=RBX::Studio::QEngineWidget
[hider] pass: viewport=0000000000F808B4 chainLen=2 newlyBlocked=0 alreadyBlocked=0 totalWins=1
[hider] viewport = 0000000000F808B4 qclass=RBX::Studio::QEngineWidget
[hider] pass: viewport=0000000000F808B4 chainLen=2 newlyBlocked=0 alreadyBlocked=0 totalWins=1
[hider] viewport = 0000000000F808B4 qclass=RBX::Studio::QEngineWidget
[hider] pass: viewport=0000000000F808B4 chainLen=2 newlyBlocked=0 alreadyBlocked=0 totalWins=1
[hider] viewport = 0000000000F808B4 qclass=RBX::Studio::QEngineWidget
[hider] pass: viewport=0000000000F808B4 chainLen=2 newlyBlocked=0 alreadyBlocked=0 totalWins=1
[hider] viewport = 0000000000F808B4 qclass=RBX::Studio::QEngineWidget
[hider] pass: viewport=0000000000F808B4 chainLen=2 newlyBlocked=0 alreadyBlocked=0 totalWins=1
[hider] viewport = 0000000000F808B4 qclass=RBX::Studio::QEngineWidget
[hider] pass: viewport=0000000000F808B4 chainLen=2 newlyBlocked=0 alreadyBlocked=0 totalWins=1
[hider] viewport = 0000000000F808B4 qclass=RBX::Studio::QEngineWidget
[hider] pass: viewport=0000000000F808B4 chainLen=2 newlyBlocked=0 alreadyBlocked=0 totalWins=1
[hider] viewport = 0000000000F808B4 qclass=RBX::Studio::QEngineWidget
[hider] pass: viewport=0000000000F808B4 chainLen=2 newlyBlocked=0 alreadyBlocked=0 totalWins=1
[hider] viewport = 0000000000F808B4 qclass=RBX::Studio::QEngineWidget
[hider] pass: viewport=0000000000F808B4 chainLen=2 newlyBlocked=0 alreadyBlocked=0 totalWins=1
[hider] viewport = 0000000000F808B4 qclass=RBX::Studio::QEngineWidget
[hider] pass: viewport=0000000000F808B4 chainLen=2 newlyBlocked=0 alreadyBlocked=0 totalWins=1
[hider] viewport = 0000000000F808B4 qclass=RBX::Studio::QEngineWidget
[hider] pass: viewport=0000000000F808B4 chainLen=2 newlyBlocked=0 alreadyBlocked=0 totalWins=1
[hider] viewport = 0000000000F808B4 qclass=RBX::Studio::QEngineWidget
[hider] pass: viewport=0000000000F808B4 chainLen=2 newlyBlocked=0 alreadyBlocked=0 totalWins=1
[hider] viewport = 0000000000F808B4 qclass=RBX::Studio::QEngineWidget
[hider] pass: viewport=0000000000F808B4 chainLen=2 newlyBlocked=0 alreadyBlocked=0 totalWins=1
[hider] viewport = 0000000000F808B4 qclass=RBX::Studio::QEngineWidget
[hider] pass: viewport=0000000000F808B4 chainLen=2 newlyBlocked=0 alreadyBlocked=0 totalWins=1
[hider] viewport = 0000000000F808B4 qclass=RBX::Studio::QEngineWidget
[hider] pass: viewport=0000000000F808B4 chainLen=2 newlyBlocked=0 alreadyBlocked=0 totalWins=1
[hider] viewport = 0000000000F808B4 qclass=RBX::Studio::QEngineWidget
[hider] pass: viewport=0000000000F808B4 chainLen=2 newlyBlocked=0 alreadyBlocked=0 totalWins=1
[hider] viewport = 0000000000F808B4 qclass=RBX::Studio::QEngineWidget
[hider] pass: viewport=0000000000F808B4 chainLen=2 newlyBlocked=0 alreadyBlocked=0 totalWins=1
[hider] viewport = 0000000000F808B4 qclass=RBX::Studio::QEngineWidget
[hider] pass: viewport=0000000000F808B4 chainLen=2 newlyBlocked=0 alreadyBlocked=0 totalWins=1
[hider] viewport = 0000000000F808B4 qclass=RBX::Studio::QEngineWidget
[hider] pass: viewport=0000000000F808B4 chainLen=2 newlyBlocked=0 alreadyBlocked=0 totalWins=1
[hider] viewport = 0000000000F808B4 qclass=RBX::Studio::QEngineWidget
[hider] pass: viewport=0000000000F808B4 chainLen=2 newlyBlocked=0 alreadyBlocked=0 totalWins=1
[hider] viewport = 0000000000F808B4 qclass=RBX::Studio::QEngineWidget
[hider] pass: viewport=0000000000F808B4 chainLen=2 newlyBlocked=0 alreadyBlocked=0 totalWins=1
[hider] viewport = 0000000000F808B4 qclass=RBX::Studio::QEngineWidget
[hider] pass: viewport=0000000000F808B4 chainLen=2 newlyBlocked=0 alreadyBlocked=0 totalWins=1
[hider] viewport = 0000000000F808B4 qclass=RBX::Studio::QEngineWidget
[hider] pass: viewport=0000000000F808B4 chainLen=2 newlyBlocked=0 alreadyBlocked=0 totalWins=1
[hider] viewport = 0000000000F808B4 qclass=RBX::Studio::QEngineWidget
[hider] pass: viewport=0000000000F808B4 chainLen=2 newlyBlocked=0 alreadyBlocked=0 totalWins=1
[dllmain] SafeInit pid=27100
[name_patcher] x64 name patch OK -> 'HearMeRoar' (buf 00007FF6FF3C0000)
[udp_relay] installing IAT hooks (client=1 server=0)
[udp_relay] username='HearMeRoar' (10 chars)
[udp_relay] hooks: sendto=00007FFE8DE10900 recvfrom=0000000000000000 WSASendTo=00007FFE8DE11390 WSARecvFrom=0000000000000000 WSARecv=0000000000000000
[rcc_patch] IP patched @rva=0x4FA1DAE -> '127.0.0.1' (len mov updated)
[rcc_patch] IP patched @rva=0x2793CDA -> '127.0.0.1' (len mov updated)
[rcc_patch] IP patched @rva=0x2793DA7 -> '127.0.0.1' (len mov updated)
[rcc_patch] IP patched @rva=0x2793E8B -> '127.0.0.1' (len mov updated)
[rcc_patch] IP patched @rva=0x2793F2D -> '127.0.0.1' (len mov updated)
[dllmain] StartClient launch confirmed - activating Qt hider
[hider] Qt symbols: find=00007FFD98F98A00 className=00007FFD93887A50 -> OK
[hider]  hwnd=00000000006C0448 parent=0000000000CB0E54 vis=0 area=4750 chrome=1 qclass=Qtitan::DockWidgetPanel
[hider]  hwnd=0000000001D609DE parent=0000000000CB0E54 vis=0 area=4750 chrome=1 qclass=Qtitan::DockWidgetPanel
[hider]  hwnd=0000000000340D82 parent=0000000000CB0E54 vis=0 area=4750 chrome=1 qclass=Qtitan::DockWidgetPanel
[hider]  hwnd=00000000025D0A7A parent=0000000000CB0E54 vis=0 area=4750 chrome=1 qclass=Qtitan::DockWidgetPanel
[hider]  hwnd=0000000000AA09A6 parent=0000000000CB0E54 vis=0 area=4750 chrome=1 qclass=Qtitan::DockWidgetPanel
[hider]  hwnd=0000000000D20DBA parent=0000000000CB0E54 vis=0 area=4750 chrome=1 qclass=Qtitan::DockWidgetPanel
[hider]  hwnd=0000000000EF0D54 parent=0000000000CB0E54 vis=0 area=4750 chrome=1 qclass=Qtitan::DockWidgetPanel
[hider]  hwnd=0000000000F908B4 parent=0000000000CB0E54 vis=0 area=4750 chrome=1 qclass=Qtitan::DockWidgetPanel
[hider]  hwnd=0000000000AA0BAE parent=0000000000CB0E54 vis=0 area=4750 chrome=1 qclass=Qtitan::DockWidgetPanel
[hider]  hwnd=0000000001E50A56 parent=0000000000CB0E54 vis=0 area=4750 chrome=1 qclass=Qtitan::DockWidgetPanel
[hider]  hwnd=00000000009C0454 parent=0000000000CB0E54 vis=0 area=15625 chrome=0 qclass=RBX::Studio::QEngineWidget
[hider] viewport = 00000000009C0454 qclass=RBX::Studio::QEngineWidget
[hider] pass: viewport=00000000009C0454 chainLen=2 newlyBlocked=10 alreadyBlocked=0 totalWins=11
[hider] viewport = 00000000009509CC qclass=RBX::Studio::QEngineWidget
[hider] pass: viewport=00000000009509CC chainLen=2 newlyBlocked=0 alreadyBlocked=0 totalWins=1
[udp_relay] SEND magic to 127.0.0.1:56035 username='HearMeRoar'
[hider] viewport = 00000000009509CC qclass=RBX::Studio::QEngineWidget
[hider] pass: viewport=00000000009509CC chainLen=2 newlyBlocked=0 alreadyBlocked=0 totalWins=1
[hider] viewport = 00000000009509CC qclass=RBX::Studio::QEngineWidget
[hider] pass: viewport=00000000009509CC chainLen=2 newlyBlocked=0 alreadyBlocked=0 totalWins=1
[hider] viewport = 00000000009509CC qclass=RBX::Studio::QEngineWidget
[hider] pass: viewport=00000000009509CC chainLen=2 newlyBlocked=0 alreadyBlocked=0 totalWins=1
[hider] viewport = 00000000009509CC qclass=RBX::Studio::QEngineWidget
[hider] pass: viewport=00000000009509CC chainLen=2 newlyBlocked=0 alreadyBlocked=0 totalWins=1
[hider] viewport = 00000000009509CC qclass=RBX::Studio::QEngineWidget
[hider] pass: viewport=00000000009509CC chainLen=2 newlyBlocked=0 alreadyBlocked=0 totalWins=1
[udp_relay] SEND magic to 127.0.0.1:25565 username='HearMeRoar'
[udp_relay] RECV magic from 127.0.0.1:54519 username='HearMeRoar' userId=0 accountAge=3650 haveId=1, patching now
[name_patcher] x64 name updated to 'HearMeRoar'
[name_patcher] relayed identity: userId=0 accountAge=3650
[udp_relay] POSTed appearance for 'HearMeRoar' (1266 chars) -> https://127.0.0.1:443 ok=1
[hider] viewport = 00000000009509CC qclass=RBX::Studio::QEngineWidget
[hider] pass: viewport=00000000009509CC chainLen=2 newlyBlocked=0 alreadyBlocked=0 totalWins=1
[hider] viewport = 00000000009509CC qclass=RBX::Studio::QEngineWidget
[hider] pass: viewport=00000000009509CC chainLen=2 newlyBlocked=0 alreadyBlocked=0 totalWins=1
[hider] viewport = 00000000009509CC qclass=RBX::Studio::QEngineWidget
[hider] pass: viewport=00000000009509CC chainLen=2 newlyBlocked=0 alreadyBlocked=0 totalWins=1
[hider] viewport = 00000000009509CC qclass=RBX::Studio::QEngineWidget
[hider] pass: viewport=00000000009509CC chainLen=2 newlyBlocked=0 alreadyBlocked=0 totalWins=1
[hider] viewport = 00000000009509CC qclass=RBX::Studio::QEngineWidget
[hider] pass: viewport=00000000009509CC chainLen=2 newlyBlocked=0 alreadyBlocked=0 totalWins=1
[hider] viewport = 00000000009509CC qclass=RBX::Studio::QEngineWidget
[hider] pass: viewport=00000000009509CC chainLen=2 newlyBlocked=0 alreadyBlocked=0 totalWins=1
[hider] viewport = 00000000009509CC qclass=RBX::Studio::QEngineWidget
[hider] pass: viewport=00000000009509CC chainLen=2 newlyBlocked=0 alreadyBlocked=0 totalWins=1
[hider] viewport = 00000000009509CC qclass=RBX::Studio::QEngineWidget
[hider] pass: viewport=00000000009509CC chainLen=2 newlyBlocked=0 alreadyBlocked=0 totalWins=1
[hider] viewport = 00000000009509CC qclass=RBX::Studio::QEngineWidget
[hider] pass: viewport=00000000009509CC chainLen=2 newlyBlocked=0 alreadyBlocked=0 totalWins=1
[hider] viewport = 00000000009509CC qclass=RBX::Studio::QEngineWidget
[hider] pass: viewport=00000000009509CC chainLen=2 newlyBlocked=0 alreadyBlocked=0 totalWins=1
[hider] viewport = 00000000009509CC qclass=RBX::Studio::QEngineWidget
[hider] pass: viewport=00000000009509CC chainLen=2 newlyBlocked=0 alreadyBlocked=0 totalWins=1
[hider] viewport = 00000000009509CC qclass=RBX::Studio::QEngineWidget
[hider] pass: viewport=00000000009509CC chainLen=2 newlyBlocked=0 alreadyBlocked=0 totalWins=1
[hider] viewport = 00000000009509CC qclass=RBX::Studio::QEngineWidget
[hider] pass: viewport=00000000009509CC chainLen=2 newlyBlocked=0 alreadyBlocked=0 totalWins=1
[hider] viewport = 00000000009509CC qclass=RBX::Studio::QEngineWidget
[hider] pass: viewport=00000000009509CC chainLen=2 newlyBlocked=0 alreadyBlocked=0 totalWins=1
[hider] viewport = 00000000009509CC qclass=RBX::Studio::QEngineWidget
[hider] pass: viewport=00000000009509CC chainLen=2 newlyBlocked=0 alreadyBlocked=0 totalWins=1
[hider] viewport = 00000000009509CC qclass=RBX::Studio::QEngineWidget
[hider] pass: viewport=00000000009509CC chainLen=2 newlyBlocked=0 alreadyBlocked=0 totalWins=1
[hider] viewport = 00000000009509CC qclass=RBX::Studio::QEngineWidget
[hider] pass: viewport=00000000009509CC chainLen=2 newlyBlocked=0 alreadyBlocked=0 totalWins=1
[hider] viewport = 00000000009509CC qclass=RBX::Studio::QEngineWidget
[hider] pass: viewport=00000000009509CC chainLen=2 newlyBlocked=0 alreadyBlocked=0 totalWins=1
[hider] viewport = 00000000009509CC qclass=RBX::Studio::QEngineWidget
[hider] pass: viewport=00000000009509CC chainLen=2 newlyBlocked=0 alreadyBlocked=0 totalWins=1
[hider] viewport = 00000000009509CC qclass=RBX::Studio::QEngineWidget
[hider] pass: viewport=00000000009509CC chainLen=2 newlyBlocked=0 alreadyBlocked=0 totalWins=1
[hider] viewport = 00000000009509CC qclass=RBX::Studio::QEngineWidget
[hider] pass: viewport=00000000009509CC chainLen=2 newlyBlocked=0 alreadyBlocked=0 totalWins=1
[hider] viewport = 00000000009509CC qclass=RBX::Studio::QEngineWidget
[hider] pass: viewport=00000000009509CC chainLen=2 newlyBlocked=0 alreadyBlocked=0 totalWins=1
[hider] viewport = 00000000009509CC qclass=RBX::Studio::QEngineWidget
[hider] pass: viewport=00000000009509CC chainLen=2 newlyBlocked=0 alreadyBlocked=0 totalWins=1
[hider] viewport = 00000000009509CC qclass=RBX::Studio::QEngineWidget
[hider] pass: viewport=00000000009509CC chainLen=2 newlyBlocked=0 alreadyBlocked=0 totalWins=1
[hider] viewport = 00000000009509CC qclass=RBX::Studio::QEngineWidget
[hider] pass: viewport=00000000009509CC chainLen=2 newlyBlocked=0 alreadyBlocked=0 totalWins=1
[hider] viewport = 00000000009509CC qclass=RBX::Studio::QEngineWidget
[hider] pass: viewport=00000000009509CC chainLen=2 newlyBlocked=0 alreadyBlocked=0 totalWins=1
[hider] viewport = 00000000009509CC qclass=RBX::Studio::QEngineWidget
[hider] pass: viewport=00000000009509CC chainLen=2 newlyBlocked=0 alreadyBlocked=0 totalWins=1
[hider] viewport = 00000000009509CC qclass=RBX::Studio::QEngineWidget
[hider] pass: viewport=00000000009509CC chainLen=2 newlyBlocked=0 alreadyBlocked=0 totalWins=1
[hider] viewport = 00000000009509CC qclass=RBX::Studio::QEngineWidget
[hider] pass: viewport=00000000009509CC chainLen=2 newlyBlocked=0 alreadyBlocked=0 totalWins=1
[hider] viewport = 00000000009509CC qclass=RBX::Studio::QEngineWidget
[hider] pass: viewport=00000000009509CC chainLen=2 newlyBlocked=0 alreadyBlocked=0 totalWins=1
[hider] viewport = 00000000009509CC qclass=RBX::Studio::QEngineWidget
[hider] pass: viewport=00000000009509CC chainLen=2 newlyBlocked=0 alreadyBlocked=0 totalWins=1
[hider] viewport = 00000000009509CC qclass=RBX::Studio::QEngineWidget
[hider] pass: viewport=00000000009509CC chainLen=2 newlyBlocked=0 alreadyBlocked=0 totalWins=1
[hider] viewport = 00000000009509CC qclass=RBX::Studio::QEngineWidget
[hider] pass: viewport=00000000009509CC chainLen=2 newlyBlocked=0 alreadyBlocked=0 totalWins=1
[hider] viewport = 00000000009509CC qclass=RBX::Studio::QEngineWidget
[hider] pass: viewport=00000000009509CC chainLen=2 newlyBlocked=0 alreadyBlocked=0 totalWins=1
[hider] viewport = 00000000009509CC qclass=RBX::Studio::QEngineWidget
[hider] pass: viewport=00000000009509CC chainLen=2 newlyBlocked=0 alreadyBlocked=0 totalWins=1
[hider] viewport = 00000000009509CC qclass=RBX::Studio::QEngineWidget
[hider] pass: viewport=00000000009509CC chainLen=2 newlyBlocked=0 alreadyBlocked=0 totalWins=1
[hider] viewport = 00000000009509CC qclass=RBX::Studio::QEngineWidget
[hider] pass: viewport=00000000009509CC chainLen=2 newlyBlocked=0 alreadyBlocked=0 totalWins=1
[hider] viewport = 00000000009509CC qclass=RBX::Studio::QEngineWidget
[hider] pass: viewport=00000000009509CC chainLen=2 newlyBlocked=0 alreadyBlocked=0 totalWins=1
[hider] viewport = 00000000009509CC qclass=RBX::Studio::QEngineWidget
[hider] pass: viewport=00000000009509CC chainLen=2 newlyBlocked=0 alreadyBlocked=0 totalWins=1
[hider] viewport = 00000000009509CC qclass=RBX::Studio::QEngineWidget
[hider] pass: viewport=00000000009509CC chainLen=2 newlyBlocked=0 alreadyBlocked=0 totalWins=1
[hider] viewport = 00000000009509CC qclass=RBX::Studio::QEngineWidget
[hider] pass: viewport=00000000009509CC chainLen=2 newlyBlocked=0 alreadyBlocked=0 totalWins=1
[hider] viewport = 00000000009509CC qclass=RBX::Studio::QEngineWidget
[hider] pass: viewport=00000000009509CC chainLen=2 newlyBlocked=0 alreadyBlocked=0 totalWins=1
[hider] viewport = 00000000009509CC qclass=RBX::Studio::QEngineWidget
[hider] pass: viewport=00000000009509CC chainLen=2 newlyBlocked=0 alreadyBlocked=0 totalWins=1
[hider] viewport = 00000000009509CC qclass=RBX::Studio::QEngineWidget
[hider] pass: viewport=00000000009509CC chainLen=2 newlyBlocked=0 alreadyBlocked=0 totalWins=1
[hider] viewport = 00000000009509CC qclass=RBX::Studio::QEngineWidget
[hider] pass: viewport=00000000009509CC chainLen=2 newlyBlocked=0 alreadyBlocked=0 totalWins=1
[hider] viewport = 00000000009509CC qclass=RBX::Studio::QEngineWidget
[hider] pass: viewport=00000000009509CC chainLen=2 newlyBlocked=0 alreadyBlocked=0 totalWins=1
[hider] viewport = 00000000009509CC qclass=RBX::Studio::QEngineWidget
[hider] pass: viewport=00000000009509CC chainLen=2 newlyBlocked=0 alreadyBlocked=0 totalWins=1
[hider] viewport = 00000000009509CC qclass=RBX::Studio::QEngineWidget
[hider] pass: viewport=00000000009509CC chainLen=2 newlyBlocked=0 alreadyBlocked=0 totalWins=1
[hider] viewport = 00000000009509CC qclass=RBX::Studio::QEngineWidget
[hider] pass: viewport=00000000009509CC chainLen=2 newlyBlocked=0 alreadyBlocked=0 totalWins=1
[hider] viewport = 00000000009509CC qclass=RBX::Studio::QEngineWidget
[hider] pass: viewport=00000000009509CC chainLen=2 newlyBlocked=0 alreadyBlocked=0 totalWins=1
[hider] viewport = 00000000009509CC qclass=RBX::Studio::QEngineWidget
[hider] pass: viewport=00000000009509CC chainLen=2 newlyBlocked=0 alreadyBlocked=0 totalWins=1
[hider] viewport = 00000000009509CC qclass=RBX::Studio::QEngineWidget
[hider] pass: viewport=00000000009509CC chainLen=2 newlyBlocked=0 alreadyBlocked=0 totalWins=1
[hider] viewport = 00000000009509CC qclass=RBX::Studio::QEngineWidget
[hider] pass: viewport=00000000009509CC chainLen=2 newlyBlocked=0 alreadyBlocked=0 totalWins=1
[hider] viewport = 00000000009509CC qclass=RBX::Studio::QEngineWidget
[hider] pass: viewport=00000000009509CC chainLen=2 newlyBlocked=0 alreadyBlocked=0 totalWins=1
[hider] viewport = 00000000009509CC qclass=RBX::Studio::QEngineWidget
[hider] pass: viewport=00000000009509CC chainLen=2 newlyBlocked=0 alreadyBlocked=0 totalWins=1
[hider] viewport = 00000000009509CC qclass=RBX::Studio::QEngineWidget
[hider] pass: viewport=00000000009509CC chainLen=2 newlyBlocked=0 alreadyBlocked=0 totalWins=1
[hider] viewport = 00000000009509CC qclass=RBX::Studio::QEngineWidget
[hider] pass: viewport=00000000009509CC chainLen=2 newlyBlocked=0 alreadyBlocked=0 totalWins=1
[hider] viewport = 00000000009509CC qclass=RBX::Studio::QEngineWidget
[hider] pass: viewport=00000000009509CC chainLen=2 newlyBlocked=0 alreadyBlocked=0 totalWins=1
[hider] viewport = 00000000009509CC qclass=RBX::Studio::QEngineWidget
[hider] pass: viewport=00000000009509CC chainLen=2 newlyBlocked=0 alreadyBlocked=0 totalWins=1
[hider] viewport = 00000000009509CC qclass=RBX::Studio::QEngineWidget
[hider] pass: viewport=00000000009509CC chainLen=2 newlyBlocked=0 alreadyBlocked=0 totalWins=1
[hider] viewport = 00000000009509CC qclass=RBX::Studio::QEngineWidget
[hider] pass: viewport=00000000009509CC chainLen=2 newlyBlocked=0 alreadyBlocked=0 totalWins=1
[hider] viewport = 00000000009509CC qclass=RBX::Studio::QEngineWidget
[hider] pass: viewport=00000000009509CC chainLen=2 newlyBlocked=0 alreadyBlocked=0 totalWins=1
[hider] viewport = 00000000009509CC qclass=RBX::Studio::QEngineWidget
[hider] pass: viewport=00000000009509CC chainLen=2 newlyBlocked=0 alreadyBlocked=0 totalWins=1
[hider] viewport = 00000000009509CC qclass=RBX::Studio::QEngineWidget
[hider] pass: viewport=00000000009509CC chainLen=2 newlyBlocked=0 alreadyBlocked=0 totalWins=1
[hider] viewport = 00000000009509CC qclass=RBX::Studio::QEngineWidget
[hider] pass: viewport=00000000009509CC chainLen=2 newlyBlocked=0 alreadyBlocked=0 totalWins=1
[hider] viewport = 00000000009509CC qclass=RBX::Studio::QEngineWidget
[hider] pass: viewport=00000000009509CC chainLen=2 newlyBlocked=0 alreadyBlocked=0 totalWins=1
[hider] viewport = 00000000009509CC qclass=RBX::Studio::QEngineWidget
[hider] pass: viewport=00000000009509CC chainLen=2 newlyBlocked=0 alreadyBlocked=0 totalWins=1
[hider] viewport = 00000000009509CC qclass=RBX::Studio::QEngineWidget
[hider] pass: viewport=00000000009509CC chainLen=2 newlyBlocked=0 alreadyBlocked=0 totalWins=1
[hider] viewport = 00000000009509CC qclass=RBX::Studio::QEngineWidget
[hider] pass: viewport=00000000009509CC chainLen=2 newlyBlocked=0 alreadyBlocked=0 totalWins=1
[hider] viewport = 00000000009509CC qclass=RBX::Studio::QEngineWidget
[hider] pass: viewport=00000000009509CC chainLen=2 newlyBlocked=0 alreadyBlocked=0 totalWins=1
[hider] viewport = 00000000009509CC qclass=RBX::Studio::QEngineWidget
[hider] pass: viewport=00000000009509CC chainLen=2 newlyBlocked=0 alreadyBlocked=0 totalWins=1
[hider] viewport = 00000000009509CC qclass=RBX::Studio::QEngineWidget
[hider] pass: viewport=00000000009509CC chainLen=2 newlyBlocked=0 alreadyBlocked=0 totalWins=1
[hider] viewport = 00000000009509CC qclass=RBX::Studio::QEngineWidget
[hider] pass: viewport=00000000009509CC chainLen=2 newlyBlocked=0 alreadyBlocked=0 totalWins=1
[hider] viewport = 00000000009509CC qclass=RBX::Studio::QEngineWidget
[hider] pass: viewport=00000000009509CC chainLen=2 newlyBlocked=0 alreadyBlocked=0 totalWins=1
[hider] viewport = 00000000009509CC qclass=RBX::Studio::QEngineWidget
[hider] pass: viewport=00000000009509CC chainLen=2 newlyBlocked=0 alreadyBlocked=0 totalWins=1
[hider] viewport = 00000000009509CC qclass=RBX::Studio::QEngineWidget
[hider] pass: viewport=00000000009509CC chainLen=2 newlyBlocked=0 alreadyBlocked=0 totalWins=1
[hider] viewport = 00000000009509CC qclass=RBX::Studio::QEngineWidget
[hider] pass: viewport=00000000009509CC chainLen=2 newlyBlocked=0 alreadyBlocked=0 totalWins=1
[hider] viewport = 00000000009509CC qclass=RBX::Studio::QEngineWidget
[hider] pass: viewport=00000000009509CC chainLen=2 newlyBlocked=0 alreadyBlocked=0 totalWins=1
[hider] viewport = 00000000009509CC qclass=RBX::Studio::QEngineWidget
[hider] pass: viewport=00000000009509CC chainLen=2 newlyBlocked=0 alreadyBlocked=0 totalWins=1
[hider] viewport = 00000000009509CC qclass=RBX::Studio::QEngineWidget
[hider] pass: viewport=00000000009509CC chainLen=2 newlyBlocked=0 alreadyBlocked=0 totalWins=1
[hider] viewport = 00000000009509CC qclass=RBX::Studio::QEngineWidget
[hider] pass: viewport=00000000009509CC chainLen=2 newlyBlocked=0 alreadyBlocked=0 totalWins=1
[hider] viewport = 00000000009509CC qclass=RBX::Studio::QEngineWidget
[hider] pass: viewport=00000000009509CC chainLen=2 newlyBlocked=0 alreadyBlocked=0 totalWins=1
[hider] viewport = 00000000009509CC qclass=RBX::Studio::QEngineWidget
[hider] pass: viewport=00000000009509CC chainLen=2 newlyBlocked=0 alreadyBlocked=0 totalWins=1
[hider] viewport = 00000000009509CC qclass=RBX::Studio::QEngineWidget
[hider] pass: viewport=00000000009509CC chainLen=2 newlyBlocked=0 alreadyBlocked=0 totalWins=1
[hider] viewport = 00000000009509CC qclass=RBX::Studio::QEngineWidget
[hider] pass: viewport=00000000009509CC chainLen=2 newlyBlocked=0 alreadyBlocked=0 totalWins=1
[hider] viewport = 00000000009509CC qclass=RBX::Studio::QEngineWidget
[hider] pass: viewport=00000000009509CC chainLen=2 newlyBlocked=0 alreadyBlocked=0 totalWins=1
[hider] viewport = 00000000009509CC qclass=RBX::Studio::QEngineWidget
[hider] pass: viewport=00000000009509CC chainLen=2 newlyBlocked=0 alreadyBlocked=0 totalWins=1
[hider] viewport = 00000000009509CC qclass=RBX::Studio::QEngineWidget
[hider] pass: viewport=00000000009509CC chainLen=2 newlyBlocked=0 alreadyBlocked=0 totalWins=1
[hider] viewport = 00000000009509CC qclass=RBX::Studio::QEngineWidget
[hider] pass: viewport=00000000009509CC chainLen=2 newlyBlocked=0 alreadyBlocked=0 totalWins=1
[hider] viewport = 00000000009509CC qclass=RBX::Studio::QEngineWidget
[hider] pass: viewport=00000000009509CC chainLen=2 newlyBlocked=0 alreadyBlocked=0 totalWins=1
[hider] viewport = 00000000009509CC qclass=RBX::Studio::QEngineWidget
[hider] pass: viewport=00000000009509CC chainLen=2 newlyBlocked=0 alreadyBlocked=0 totalWins=1
[hider] viewport = 00000000009509CC qclass=RBX::Studio::QEngineWidget
[hider] pass: viewport=00000000009509CC chainLen=2 newlyBlocked=0 alreadyBlocked=0 totalWins=1
[hider] viewport = 00000000009509CC qclass=RBX::Studio::QEngineWidget
[hider] pass: viewport=00000000009509CC chainLen=2 newlyBlocked=0 alreadyBlocked=0 totalWins=1
[hider] viewport = 00000000009509CC qclass=RBX::Studio::QEngineWidget
[hider] pass: viewport=00000000009509CC chainLen=2 newlyBlocked=0 alreadyBlocked=0 totalWins=1
[hider] viewport = 00000000009509CC qclass=RBX::Studio::QEngineWidget
[hider] pass: viewport=00000000009509CC chainLen=2 newlyBlocked=0 alreadyBlocked=0 totalWins=1
[hider] viewport = 00000000009509CC qclass=RBX::Studio::QEngineWidget
[hider] pass: viewport=00000000009509CC chainLen=2 newlyBlocked=0 alreadyBlocked=0 totalWins=1
[hider] viewport = 00000000009509CC qclass=RBX::Studio::QEngineWidget
[hider] pass: viewport=00000000009509CC chainLen=2 newlyBlocked=0 alreadyBlocked=0 totalWins=1
[hider] viewport = 00000000009509CC qclass=RBX::Studio::QEngineWidget
[hider] pass: viewport=00000000009509CC chainLen=2 newlyBlocked=0 alreadyBlocked=0 totalWins=1
[hider] viewport = 00000000009509CC qclass=RBX::Studio::QEngineWidget
[hider] pass: viewport=00000000009509CC chainLen=2 newlyBlocked=0 alreadyBlocked=0 totalWins=1
[hider] viewport = 00000000009509CC qclass=RBX::Studio::QEngineWidget
[hider] pass: viewport=00000000009509CC chainLen=2 newlyBlocked=0 alreadyBlocked=0 totalWins=1
[hider] viewport = 00000000009509CC qclass=RBX::Studio::QEngineWidget
[hider] pass: viewport=00000000009509CC chainLen=2 newlyBlocked=0 alreadyBlocked=0 totalWins=1
[hider] viewport = 00000000009509CC qclass=RBX::Studio::QEngineWidget
[hider] pass: viewport=00000000009509CC chainLen=2 newlyBlocked=0 alreadyBlocked=0 totalWins=1
[hider] viewport = 00000000009509CC qclass=RBX::Studio::QEngineWidget
[hider] pass: viewport=00000000009509CC chainLen=2 newlyBlocked=0 alreadyBlocked=0 totalWins=1
[hider] viewport = 00000000009509CC qclass=RBX::Studio::QEngineWidget
[hider] pass: viewport=00000000009509CC chainLen=2 newlyBlocked=0 alreadyBlocked=0 totalWins=1
[hider] viewport = 00000000009509CC qclass=RBX::Studio::QEngineWidget
[hider] pass: viewport=00000000009509CC chainLen=2 newlyBlocked=0 alreadyBlocked=0 totalWins=1
[hider] viewport = 00000000009509CC qclass=RBX::Studio::QEngineWidget
[hider] pass: viewport=00000000009509CC chainLen=2 newlyBlocked=0 alreadyBlocked=0 totalWins=1
[hider] viewport = 00000000009509CC qclass=RBX::Studio::QEngineWidget
[hider] pass: viewport=00000000009509CC chainLen=2 newlyBlocked=0 alreadyBlocked=0 totalWins=1
[hider] viewport = 00000000009509CC qclass=RBX::Studio::QEngineWidget
[hider] pass: viewport=00000000009509CC chainLen=2 newlyBlocked=0 alreadyBlocked=0 totalWins=1
[hider] viewport = 00000000009509CC qclass=RBX::Studio::QEngineWidget
[hider] pass: viewport=00000000009509CC chainLen=2 newlyBlocked=0 alreadyBlocked=0 totalWins=1
[hider] viewport = 00000000009509CC qclass=RBX::Studio::QEngineWidget
[hider] pass: viewport=00000000009509CC chainLen=2 newlyBlocked=0 alreadyBlocked=0 totalWins=1
[hider] viewport = 00000000009509CC qclass=RBX::Studio::QEngineWidget
[hider] pass: viewport=00000000009509CC chainLen=2 newlyBlocked=0 alreadyBlocked=0 totalWins=1
[hider] viewport = 00000000009509CC qclass=RBX::Studio::QEngineWidget
[hider] pass: viewport=00000000009509CC chainLen=2 newlyBlocked=0 alreadyBlocked=0 totalWins=1
[hider] viewport = 00000000009509CC qclass=RBX::Studio::QEngineWidget
[hider] pass: viewport=00000000009509CC chainLen=2 newlyBlocked=0 alreadyBlocked=0 totalWins=1
[hider] viewport = 00000000009509CC qclass=RBX::Studio::QEngineWidget
[hider] pass: viewport=00000000009509CC chainLen=2 newlyBlocked=0 alreadyBlocked=0 totalWins=1
[hider] viewport = 00000000009509CC qclass=RBX::Studio::QEngineWidget
[hider] pass: viewport=00000000009509CC chainLen=2 newlyBlocked=0 alreadyBlocked=0 totalWins=1
[hider] viewport = 00000000009509CC qclass=RBX::Studio::QEngineWidget
[hider] pass: viewport=00000000009509CC chainLen=2 newlyBlocked=0 alreadyBlocked=0 totalWins=1
[hider] viewport = 00000000009509CC qclass=RBX::Studio::QEngineWidget
[hider] pass: viewport=00000000009509CC chainLen=2 newlyBlocked=0 alreadyBlocked=0 totalWins=1
[hider] viewport = 00000000009509CC qclass=RBX::Studio::QEngineWidget
[hider] pass: viewport=00000000009509CC chainLen=2 newlyBlocked=0 alreadyBlocked=0 totalWins=1
[hider] viewport = 00000000009509CC qclass=RBX::Studio::QEngineWidget
[hider] pass: viewport=00000000009509CC chainLen=2 newlyBlocked=0 alreadyBlocked=0 totalWins=1
[hider] viewport = 00000000009509CC qclass=RBX::Studio::QEngineWidget
[hider] pass: viewport=00000000009509CC chainLen=2 newlyBlocked=0 alreadyBlocked=0 totalWins=1
[hider] viewport = 00000000009509CC qclass=RBX::Studio::QEngineWidget
[hider] pass: viewport=00000000009509CC chainLen=2 newlyBlocked=0 alreadyBlocked=0 totalWins=1
[hider] viewport = 00000000009509CC qclass=RBX::Studio::QEngineWidget
[hider] pass: viewport=00000000009509CC chainLen=2 newlyBlocked=0 alreadyBlocked=0 totalWins=1
[hider] viewport = 00000000009509CC qclass=RBX::Studio::QEngineWidget
[hider] pass: viewport=00000000009509CC chainLen=2 newlyBlocked=0 alreadyBlocked=0 totalWins=1
[hider] viewport = 00000000009509CC qclass=RBX::Studio::QEngineWidget
[hider] pass: viewport=00000000009509CC chainLen=2 newlyBlocked=0 alreadyBlocked=0 totalWins=1
[hider] viewport = 00000000009509CC qclass=RBX::Studio::QEngineWidget
[hider] pass: viewport=00000000009509CC chainLen=2 newlyBlocked=0 alreadyBlocked=0 totalWins=1
[hider] viewport = 00000000009509CC qclass=RBX::Studio::QEngineWidget
[hider] pass: viewport=00000000009509CC chainLen=2 newlyBlocked=0 alreadyBlocked=0 totalWins=1
[hider] viewport = 00000000009509CC qclass=RBX::Studio::QEngineWidget
[hider] pass: viewport=00000000009509CC chainLen=2 newlyBlocked=0 alreadyBlocked=0 totalWins=1
[hider] viewport = 00000000009509CC qclass=RBX::Studio::QEngineWidget
[hider] pass: viewport=00000000009509CC chainLen=2 newlyBlocked=0 alreadyBlocked=0 totalWins=1
[hider] viewport = 00000000009509CC qclass=RBX::Studio::QEngineWidget
[hider] pass: viewport=00000000009509CC chainLen=2 newlyBlocked=0 alreadyBlocked=0 totalWins=1
[hider] viewport = 00000000009509CC qclass=RBX::Studio::QEngineWidget
[hider] pass: viewport=00000000009509CC chainLen=2 newlyBlocked=0 alreadyBlocked=0 totalWins=1
[hider] viewport = 00000000009509CC qclass=RBX::Studio::QEngineWidget
[hider] pass: viewport=00000000009509CC chainLen=2 newlyBlocked=0 alreadyBlocked=0 totalWins=1
[hider] viewport = 00000000009509CC qclass=RBX::Studio::QEngineWidget
[hider] pass: viewport=00000000009509CC chainLen=2 newlyBlocked=0 alreadyBlocked=0 totalWins=1
[hider] viewport = 00000000009509CC qclass=RBX::Studio::QEngineWidget
[hider] pass: viewport=00000000009509CC chainLen=2 newlyBlocked=0 alreadyBlocked=0 totalWins=1
[hider] viewport = 00000000009509CC qclass=RBX::Studio::QEngineWidget
[hider] pass: viewport=00000000009509CC chainLen=2 newlyBlocked=0 alreadyBlocked=0 totalWins=1
[hider] viewport = 00000000009509CC qclass=RBX::Studio::QEngineWidget
[hider] pass: viewport=00000000009509CC chainLen=2 newlyBlocked=0 alreadyBlocked=0 totalWins=1
[hider] viewport = 00000000009509CC qclass=RBX::Studio::QEngineWidget
[hider] pass: viewport=00000000009509CC chainLen=2 newlyBlocked=0 alreadyBlocked=0 totalWins=1
[hider] viewport = 00000000009509CC qclass=RBX::Studio::QEngineWidget
[hider] pass: viewport=00000000009509CC chainLen=2 newlyBlocked=0 alreadyBlocked=0 totalWins=1
[hider] viewport = 00000000009509CC qclass=RBX::Studio::QEngineWidget
[hider] pass: viewport=00000000009509CC chainLen=2 newlyBlocked=0 alreadyBlocked=0 totalWins=1
[hider] viewport = 00000000009509CC qclass=RBX::Studio::QEngineWidget
[hider] pass: viewport=00000000009509CC chainLen=2 newlyBlocked=0 alreadyBlocked=0 totalWins=1
[dllmain] SafeInit pid=24796
[name_patcher] x64 name patch OK -> 'HearMeRoar' (buf 00007FF6FF3C0000)
[udp_relay] installing IAT hooks (client=0 server=0)
[udp_relay] username='HearMeRoar' (10 chars)
[udp_relay] hooks: sendto=00007FFE8DE10900 recvfrom=00007FFE8DE10050 WSASendTo=00007FFE8DE11390 WSARecvFrom=00007FFE8DE0E6A0 WSARecv=00007FFE8DE0EC60
[dllmain] not a StartClient launch - skipping Qt hider (relay + username server already active)
[dllmain] SafeInit pid=24476
[name_patcher] x64 name patch OK -> 'HearMeRoar' (buf 00007FF6FF3C0000)
[udp_relay] installing IAT hooks (client=0 server=1)
[udp_relay] username='HearMeRoar' (10 chars)
[udp_relay] hooks: sendto=00007FFE8DE10900 recvfrom=00007FFE8DE10050 WSASendTo=00007FFE8DE11390 WSARecvFrom=00007FFE8DE0E6A0 WSARecv=00007FFE8DE0EC60
[dllmain] StartServer: installing script-start hook
[dllmain] not a StartClient launch - skipping Qt hider (relay + username server already active)
[dllmain] SafeInit pid=15004
[name_patcher] x64 name patch OK -> 'HearMeRoar' (buf 00007FF6FF3C0000)
[udp_relay] installing IAT hooks (client=1 server=0)
[udp_relay] username='HearMeRoar' (10 chars)
[udp_relay] hooks: sendto=00007FFE8DE10900 recvfrom=0000000000000000 WSASendTo=00007FFE8DE11390 WSARecvFrom=0000000000000000 WSARecv=0000000000000000
[rcc_patch] IP patched @rva=0x4FA1DAE -> '127.0.0.1' (len mov updated)
[rcc_patch] IP patched @rva=0x2793CDA -> '127.0.0.1' (len mov updated)
[rcc_patch] IP patched @rva=0x2793DA7 -> '127.0.0.1' (len mov updated)
[rcc_patch] IP patched @rva=0x2793E8B -> '127.0.0.1' (len mov updated)
[rcc_patch] IP patched @rva=0x2793F2D -> '127.0.0.1' (len mov updated)
[dllmain] StartClient launch confirmed - activating Qt hider
[hider] Qt symbols: find=00007FFD4C208A00 className=00007FFD4B737A50 -> OK
[hider]  hwnd=00000000015C0B12 parent=0000000001750D46 vis=0 area=4750 chrome=1 qclass=Qtitan::DockWidgetPanel
[hider]  hwnd=0000000001050B54 parent=0000000001750D46 vis=0 area=4750 chrome=1 qclass=Qtitan::DockWidgetPanel
[hider]  hwnd=00000000003D0F0E parent=0000000001750D46 vis=0 area=4750 chrome=1 qclass=Qtitan::DockWidgetPanel
[hider]  hwnd=00000000010B0AB8 parent=0000000001750D46 vis=0 area=4750 chrome=1 qclass=Qtitan::DockWidgetPanel
[hider]  hwnd=000000000084078A parent=0000000001750D46 vis=0 area=4750 chrome=1 qclass=Qtitan::DockWidgetPanel
[hider]  hwnd=0000000000C90BB6 parent=0000000001750D46 vis=0 area=4750 chrome=1 qclass=Qtitan::DockWidgetPanel
[hider]  hwnd=0000000000380DC6 parent=0000000001750D46 vis=0 area=4750 chrome=1 qclass=Qtitan::DockWidgetPanel
[hider]  hwnd=000000000069087A parent=0000000001750D46 vis=0 area=4750 chrome=1 qclass=Qtitan::DockWidgetPanel
[hider]  hwnd=0000000001AC082C parent=0000000001750D46 vis=0 area=4750 chrome=1 qclass=Qtitan::DockWidgetPanel
[hider]  hwnd=00000000012C0712 parent=0000000001750D46 vis=0 area=4750 chrome=1 qclass=Qtitan::DockWidgetPanel
[hider]  hwnd=00000000016D0E14 parent=0000000001750D46 vis=0 area=15625 chrome=0 qclass=RBX::Studio::QEngineWidget
[hider] viewport = 00000000016D0E14 qclass=RBX::Studio::QEngineWidget
[hider] pass: viewport=00000000016D0E14 chainLen=2 newlyBlocked=10 alreadyBlocked=0 totalWins=11
[hider] strip-diag: mainClientBottom=1020 viewport=[0,29,1920,1020] (coversBottom=1)
[hider] viewport = 0000000000390D82 qclass=RBX::Studio::QEngineWidget
[hider] pass: viewport=0000000000390D82 chainLen=2 newlyBlocked=0 alreadyBlocked=0 totalWins=1
[hider] strip-diag: mainClientBottom=606 viewport=[710,443,1210,606] (coversBottom=1)
[udp_relay] SEND magic to 127.0.0.1:65041 username='HearMeRoar'
[hider] viewport = 0000000000390D82 qclass=RBX::Studio::QEngineWidget
[hider] pass: viewport=0000000000390D82 chainLen=2 newlyBlocked=0 alreadyBlocked=0 totalWins=1
[hider] strip-diag: mainClientBottom=606 viewport=[710,443,1210,606] (coversBottom=1)
[hider] viewport = 0000000000390D82 qclass=RBX::Studio::QEngineWidget
[hider] pass: viewport=0000000000390D82 chainLen=2 newlyBlocked=0 alreadyBlocked=0 totalWins=1
[hider] strip-diag: mainClientBottom=606 viewport=[710,443,1210,606] (coversBottom=1)
[hider] viewport = 0000000000390D82 qclass=RBX::Studio::QEngineWidget
[hider] pass: viewport=0000000000390D82 chainLen=2 newlyBlocked=0 alreadyBlocked=0 totalWins=1
[hider] strip-diag: mainClientBottom=606 viewport=[710,443,1210,606] (coversBottom=1)
[hider] viewport = 0000000000390D82 qclass=RBX::Studio::QEngineWidget
[hider] pass: viewport=0000000000390D82 chainLen=2 newlyBlocked=0 alreadyBlocked=0 totalWins=1
[hider] strip-diag: mainClientBottom=606 viewport=[710,443,1210,606] (coversBottom=1)
[hider] viewport = 0000000000390D82 qclass=RBX::Studio::QEngineWidget
[hider] pass: viewport=0000000000390D82 chainLen=2 newlyBlocked=0 alreadyBlocked=0 totalWins=1
[hider] strip-diag: mainClientBottom=606 viewport=[710,443,1210,606] (coversBottom=1)
[hider] viewport = 0000000000390D82 qclass=RBX::Studio::QEngineWidget
[hider] pass: viewport=0000000000390D82 chainLen=2 newlyBlocked=0 alreadyBlocked=0 totalWins=1
[hider] strip-diag: mainClientBottom=606 viewport=[710,443,1210,606] (coversBottom=1)
[hider] viewport = 0000000000390D82 qclass=RBX::Studio::QEngineWidget
[hider] pass: viewport=0000000000390D82 chainLen=2 newlyBlocked=0 alreadyBlocked=0 totalWins=1
[hider] strip-diag: mainClientBottom=606 viewport=[710,443,1210,606] (coversBottom=1)
[hider] viewport = 0000000000390D82 qclass=RBX::Studio::QEngineWidget
[hider] pass: viewport=0000000000390D82 chainLen=2 newlyBlocked=0 alreadyBlocked=0 totalWins=1
[hider] strip-diag: mainClientBottom=606 viewport=[710,443,1210,606] (coversBottom=1)
[hider] viewport = 0000000000390D82 qclass=RBX::Studio::QEngineWidget
[hider] pass: viewport=0000000000390D82 chainLen=2 newlyBlocked=0 alreadyBlocked=0 totalWins=1
[hider] strip-diag: mainClientBottom=606 viewport=[710,443,1210,606] (coversBottom=1)
[hider] viewport = 0000000000390D82 qclass=RBX::Studio::QEngineWidget
[hider] pass: viewport=0000000000390D82 chainLen=2 newlyBlocked=0 alreadyBlocked=0 totalWins=1
[hider] strip-diag: mainClientBottom=606 viewport=[710,443,1210,606] (coversBottom=1)
[hider] viewport = 0000000000390D82 qclass=RBX::Studio::QEngineWidget
[hider] pass: viewport=0000000000390D82 chainLen=2 newlyBlocked=0 alreadyBlocked=0 totalWins=1
[hider] viewport = 0000000000390D82 qclass=RBX::Studio::QEngineWidget
[hider] pass: viewport=0000000000390D82 chainLen=2 newlyBlocked=0 alreadyBlocked=0 totalWins=1
[hider] viewport = 0000000000390D82 qclass=RBX::Studio::QEngineWidget
[hider] pass: viewport=0000000000390D82 chainLen=2 newlyBlocked=0 alreadyBlocked=0 totalWins=1
[hider] viewport = 0000000000390D82 qclass=RBX::Studio::QEngineWidget
[hider] pass: viewport=0000000000390D82 chainLen=2 newlyBlocked=0 alreadyBlocked=0 totalWins=1
[hider] viewport = 0000000000390D82 qclass=RBX::Studio::QEngineWidget
[hider] pass: viewport=0000000000390D82 chainLen=2 newlyBlocked=0 alreadyBlocked=0 totalWins=1
[hider] viewport = 0000000000390D82 qclass=RBX::Studio::QEngineWidget
[hider] pass: viewport=0000000000390D82 chainLen=2 newlyBlocked=0 alreadyBlocked=0 totalWins=1
[hider] viewport = 0000000000390D82 qclass=RBX::Studio::QEngineWidget
[hider] pass: viewport=0000000000390D82 chainLen=2 newlyBlocked=0 alreadyBlocked=0 totalWins=1
[udp_relay] SEND magic to 127.0.0.1:25565 username='HearMeRoar'
[udp_relay] RECV magic from 127.0.0.1:60147 username='HearMeRoar' userId=0 accountAge=3650 haveId=1, patching now
[name_patcher] x64 name updated to 'HearMeRoar'
[name_patcher] relayed identity: userId=0 accountAge=3650
[udp_relay] POSTed appearance for 'HearMeRoar' (1266 chars) -> https://127.0.0.1:443 ok=1
[hider] viewport = 0000000000390D82 qclass=RBX::Studio::QEngineWidget
[hider] pass: viewport=0000000000390D82 chainLen=2 newlyBlocked=0 alreadyBlocked=0 totalWins=1
[hider] viewport = 0000000000390D82 qclass=RBX::Studio::QEngineWidget
[hider] pass: viewport=0000000000390D82 chainLen=2 newlyBlocked=0 alreadyBlocked=0 totalWins=1
[hider] viewport = 0000000000390D82 qclass=RBX::Studio::QEngineWidget
[hider] pass: viewport=0000000000390D82 chainLen=2 newlyBlocked=0 alreadyBlocked=0 totalWins=1
[hider] viewport = 0000000000390D82 qclass=RBX::Studio::QEngineWidget
[hider] pass: viewport=0000000000390D82 chainLen=2 newlyBlocked=0 alreadyBlocked=0 totalWins=1
[hider] viewport = 0000000000390D82 qclass=RBX::Studio::QEngineWidget
[hider] pass: viewport=0000000000390D82 chainLen=2 newlyBlocked=0 alreadyBlocked=0 totalWins=1
[hider] viewport = 0000000000390D82 qclass=RBX::Studio::QEngineWidget
[hider] pass: viewport=0000000000390D82 chainLen=2 newlyBlocked=0 alreadyBlocked=0 totalWins=1
[hider] viewport = 0000000000390D82 qclass=RBX::Studio::QEngineWidget
[hider] pass: viewport=0000000000390D82 chainLen=2 newlyBlocked=0 alreadyBlocked=0 totalWins=1
[hider] viewport = 0000000000390D82 qclass=RBX::Studio::QEngineWidget
[hider] pass: viewport=0000000000390D82 chainLen=2 newlyBlocked=0 alreadyBlocked=0 totalWins=1
[hider] viewport = 0000000000390D82 qclass=RBX::Studio::QEngineWidget
[hider] pass: viewport=0000000000390D82 chainLen=2 newlyBlocked=0 alreadyBlocked=0 totalWins=1
[hider] viewport = 0000000000390D82 qclass=RBX::Studio::QEngineWidget
[hider] pass: viewport=0000000000390D82 chainLen=2 newlyBlocked=0 alreadyBlocked=0 totalWins=1
[hider] viewport = 0000000000390D82 qclass=RBX::Studio::QEngineWidget
[hider] pass: viewport=0000000000390D82 chainLen=2 newlyBlocked=0 alreadyBlocked=0 totalWins=1
[hider] viewport = 0000000000390D82 qclass=RBX::Studio::QEngineWidget
[hider] pass: viewport=0000000000390D82 chainLen=2 newlyBlocked=0 alreadyBlocked=0 totalWins=1
[hider] viewport = 0000000000390D82 qclass=RBX::Studio::QEngineWidget
[hider] pass: viewport=0000000000390D82 chainLen=2 newlyBlocked=0 alreadyBlocked=0 totalWins=1
[hider] viewport = 0000000000390D82 qclass=RBX::Studio::QEngineWidget
[hider] pass: viewport=0000000000390D82 chainLen=2 newlyBlocked=0 alreadyBlocked=0 totalWins=1
[hider] viewport = 0000000000390D82 qclass=RBX::Studio::QEngineWidget
[hider] pass: viewport=0000000000390D82 chainLen=2 newlyBlocked=0 alreadyBlocked=0 totalWins=1
[hider] viewport = 0000000000390D82 qclass=RBX::Studio::QEngineWidget
[hider] pass: viewport=0000000000390D82 chainLen=2 newlyBlocked=0 alreadyBlocked=0 totalWins=1
[hider] viewport = 0000000000390D82 qclass=RBX::Studio::QEngineWidget
[hider] pass: viewport=0000000000390D82 chainLen=2 newlyBlocked=0 alreadyBlocked=0 totalWins=1
[hider] viewport = 0000000000390D82 qclass=RBX::Studio::QEngineWidget
[hider] pass: viewport=0000000000390D82 chainLen=2 newlyBlocked=0 alreadyBlocked=0 totalWins=1
[hider] viewport = 0000000000390D82 qclass=RBX::Studio::QEngineWidget
[hider] pass: viewport=0000000000390D82 chainLen=2 newlyBlocked=0 alreadyBlocked=0 totalWins=1
[hider] viewport = 0000000000390D82 qclass=RBX::Studio::QEngineWidget
[hider] pass: viewport=0000000000390D82 chainLen=2 newlyBlocked=0 alreadyBlocked=0 totalWins=1
[hider] viewport = 0000000000390D82 qclass=RBX::Studio::QEngineWidget
[hider] pass: viewport=0000000000390D82 chainLen=2 newlyBlocked=0 alreadyBlocked=0 totalWins=1
[hider] viewport = 0000000000390D82 qclass=RBX::Studio::QEngineWidget
[hider] pass: viewport=0000000000390D82 chainLen=2 newlyBlocked=0 alreadyBlocked=0 totalWins=1
[hider] viewport = 0000000000390D82 qclass=RBX::Studio::QEngineWidget
[hider] pass: viewport=0000000000390D82 chainLen=2 newlyBlocked=0 alreadyBlocked=0 totalWins=1
[hider] viewport = 0000000000390D82 qclass=RBX::Studio::QEngineWidget
[hider] pass: viewport=0000000000390D82 chainLen=2 newlyBlocked=0 alreadyBlocked=0 totalWins=1
[hider] viewport = 0000000000390D82 qclass=RBX::Studio::QEngineWidget
[hider] pass: viewport=0000000000390D82 chainLen=2 newlyBlocked=0 alreadyBlocked=0 totalWins=1
[hider] viewport = 0000000000390D82 qclass=RBX::Studio::QEngineWidget
[hider] pass: viewport=0000000000390D82 chainLen=2 newlyBlocked=0 alreadyBlocked=0 totalWins=1
[hider] viewport = 0000000000390D82 qclass=RBX::Studio::QEngineWidget
[hider] pass: viewport=0000000000390D82 chainLen=2 newlyBlocked=0 alreadyBlocked=0 totalWins=1
[hider] viewport = 0000000000390D82 qclass=RBX::Studio::QEngineWidget
[hider] pass: viewport=0000000000390D82 chainLen=2 newlyBlocked=0 alreadyBlocked=0 totalWins=1
[hider] viewport = 0000000000390D82 qclass=RBX::Studio::QEngineWidget
[hider] pass: viewport=0000000000390D82 chainLen=2 newlyBlocked=0 alreadyBlocked=0 totalWins=1
[hider] viewport = 0000000000390D82 qclass=RBX::Studio::QEngineWidget
[hider] pass: viewport=0000000000390D82 chainLen=2 newlyBlocked=0 alreadyBlocked=0 totalWins=1
[hider] viewport = 0000000000390D82 qclass=RBX::Studio::QEngineWidget
[hider] pass: viewport=0000000000390D82 chainLen=2 newlyBlocked=0 alreadyBlocked=0 totalWins=1
[hider] viewport = 0000000000390D82 qclass=RBX::Studio::QEngineWidget
[hider] pass: viewport=0000000000390D82 chainLen=2 newlyBlocked=0 alreadyBlocked=0 totalWins=1
[hider] viewport = 0000000000390D82 qclass=RBX::Studio::QEngineWidget
[hider] pass: viewport=0000000000390D82 chainLen=2 newlyBlocked=0 alreadyBlocked=0 totalWins=1
[hider] viewport = 0000000000390D82 qclass=RBX::Studio::QEngineWidget
[hider] pass: viewport=0000000000390D82 chainLen=2 newlyBlocked=0 alreadyBlocked=0 totalWins=1
[dllmain] SafeInit pid=30128
[name_patcher] x64 name patch OK -> 'HearMeRoar' (buf 00007FF6FF3C0000)
[udp_relay] installing IAT hooks (client=0 server=1)
[udp_relay] username='HearMeRoar' (10 chars)
[udp_relay] hooks: sendto=00007FFE8DE10900 recvfrom=00007FFE8DE10050 WSASendTo=00007FFE8DE11390 WSARecvFrom=00007FFE8DE0E6A0 WSARecv=00007FFE8DE0EC60
[dllmain] StartServer: installing script-start hook
[dllmain] not a StartClient launch - skipping Qt hider (relay + username server already active)
[dllmain] SafeInit pid=29060
[name_patcher] x64 name patch OK -> 'HearMeRoar' (buf 00007FF6FF3C0000)
[udp_relay] installing IAT hooks (client=1 server=0)
[udp_relay] username='HearMeRoar' (10 chars)
[udp_relay] hooks: sendto=00007FFE8DE10900 recvfrom=0000000000000000 WSASendTo=00007FFE8DE11390 WSARecvFrom=0000000000000000 WSARecv=0000000000000000
[rcc_patch] IP patched @rva=0x4FA1DAE -> '127.0.0.1' (len mov updated)
[rcc_patch] IP patched @rva=0x2793CDA -> '127.0.0.1' (len mov updated)
[rcc_patch] IP patched @rva=0x2793DA7 -> '127.0.0.1' (len mov updated)
[rcc_patch] IP patched @rva=0x2793E8B -> '127.0.0.1' (len mov updated)
[rcc_patch] IP patched @rva=0x2793F2D -> '127.0.0.1' (len mov updated)
[dllmain] StartClient launch confirmed - activating Qt hider
[hider] Qt symbols: find=00007FFD4C6F8A00 className=00007FFD4BC27A50 -> OK
[hider]  hwnd=0000000000DC0E32 parent=000000000022097C vis=0 area=4750 chrome=1 qclass=Qtitan::DockWidgetPanel
[hider]  hwnd=0000000001F107B4 parent=000000000022097C vis=0 area=4750 chrome=1 qclass=Qtitan::DockWidgetPanel
[hider]  hwnd=00000000007A086E parent=000000000022097C vis=0 area=4750 chrome=1 qclass=Qtitan::DockWidgetPanel
[hider]  hwnd=0000000000530F04 parent=000000000022097C vis=0 area=4750 chrome=1 qclass=Qtitan::DockWidgetPanel
[hider]  hwnd=0000000000700DA0 parent=000000000022097C vis=0 area=4750 chrome=1 qclass=Qtitan::DockWidgetPanel
[hider]  hwnd=0000000000C20BD2 parent=000000000022097C vis=0 area=4750 chrome=1 qclass=Qtitan::DockWidgetPanel
[hider]  hwnd=00000000017306DC parent=000000000022097C vis=0 area=4750 chrome=1 qclass=Qtitan::DockWidgetPanel
[hider]  hwnd=00000000012F0E6C parent=000000000022097C vis=0 area=4750 chrome=1 qclass=Qtitan::DockWidgetPanel
[hider]  hwnd=00000000008E0B1A parent=000000000022097C vis=0 area=4750 chrome=1 qclass=Qtitan::DockWidgetPanel
[hider]  hwnd=00000000003D0CCE parent=000000000022097C vis=0 area=4750 chrome=1 qclass=Qtitan::DockWidgetPanel
[hider]  hwnd=0000000000780B66 parent=000000000022097C vis=0 area=15625 chrome=0 qclass=RBX::Studio::QEngineWidget
[hider] viewport = 0000000000780B66 qclass=RBX::Studio::QEngineWidget
[hider] pass: viewport=0000000000780B66 chainLen=2 newlyBlocked=10 alreadyBlocked=0 totalWins=11
[hider] strip-diag: mainClientBottom=1020 viewport=[0,29,1920,1020] (coversBottom=1)
[hider]  hwnd=0000000000960B98 parent=000000000022097C vis=1 area=1689600 chrome=0 qclass=QWidget
[hider]  hwnd=0000000000CB0BB6 parent=0000000000960B98 vis=1 area=1689600 chrome=1 qclass=Qtitan::DockSplitLayoutPanel
[hider]  hwnd=000000000086078A parent=0000000000CB0BB6 vis=1 area=1689600 chrome=1 qclass=Qtitan::DockSplitLayoutPanel
[hider]  hwnd=00000000021E07D4 parent=000000000086078A vis=1 area=1689600 chrome=1 qclass=Qtitan::DockSplitLayoutPanel
[hider]  hwnd=00000000026A0A7A parent=00000000021E07D4 vis=1 area=1689600 chrome=1 qclass=Qtitan::DockSplitLayoutPanel
[hider]  hwnd=0000000000380CAE parent=00000000026A0A7A vis=1 area=1689600 chrome=1 qclass=Qtitan::DockDocumentLayoutPanel
[hider]  hwnd=0000000000B00F20 parent=0000000000380CAE vis=1 area=1689600 chrome=1 qclass=Qtitan::DockDocumentTabbedLayoutPanel
[hider]  hwnd=0000000000250D3E parent=0000000000B00F20 vis=1 area=1689600 chrome=1 qclass=Qtitan::DockWidgetPanel
[hider]  hwnd=0000000000410F0E parent=0000000000250D3E vis=1 area=1684004 chrome=0 qclass=RBX::Studio::QEngineWidget
[hider]  hwnd=0000000000B309A6 parent=000000000022097C vis=1 area=136320 chrome=0 qclass=RBX::Studio::TopBar
[hider]  hwnd=00000000009A0B34 parent=0000000000B309A6 vis=1 area=86400 chrome=0 qclass=PluginPanelCustom
[hider]  hwnd=0000000000AE0BAE parent=00000000009A0B34 vis=1 area=86400 chrome=0 qclass=RBX::Studio::QEngineWidget
[hider]  hwnd=0000000000780B66 parent=000000000022097C vis=1 area=1902720 chrome=0 qclass=RBX::Studio::QEngineWidget
[hider]  hwnd=0000000000DC0E32 parent=000000000022097C vis=0 area=0 chrome=1 qclass=Qtitan::DockWidgetPanel
[hider]  hwnd=0000000001F107B4 parent=000000000022097C vis=0 area=0 chrome=1 qclass=Qtitan::DockWidgetPanel
[hider]  hwnd=00000000007A086E parent=000000000022097C vis=0 area=0 chrome=1 qclass=Qtitan::DockWidgetPanel
[hider]  hwnd=0000000000530F04 parent=000000000022097C vis=0 area=0 chrome=1 qclass=Qtitan::DockWidgetPanel
[hider]  hwnd=0000000000700DA0 parent=000000000022097C vis=0 area=0 chrome=1 qclass=Qtitan::DockWidgetPanel
[hider]  hwnd=0000000000C20BD2 parent=000000000022097C vis=0 area=0 chrome=1 qclass=Qtitan::DockWidgetPanel
[hider]  hwnd=00000000017306DC parent=000000000022097C vis=0 area=0 chrome=1 qclass=Qtitan::DockWidgetPanel
[hider]  hwnd=00000000012F0E6C parent=000000000022097C vis=0 area=0 chrome=1 qclass=Qtitan::DockWidgetPanel
[hider]  hwnd=00000000008E0B1A parent=000000000022097C vis=0 area=0 chrome=1 qclass=Qtitan::DockWidgetPanel
[hider]  hwnd=00000000003D0CCE parent=000000000022097C vis=0 area=0 chrome=1 qclass=Qtitan::DockWidgetPanel
[hider] viewport = 0000000000780B66 qclass=RBX::Studio::QEngineWidget
[hider] pass: viewport=0000000000780B66 chainLen=2 newlyBlocked=7 alreadyBlocked=10 totalWins=23
[hider] strip-diag: mainClientBottom=1020 viewport=[0,29,1920,1020] (coversBottom=1)
[hider] strip-occupant hwnd=0000000000960B98 rect=[0,100,1920,980] vis=1 chrome=0 onChain=0 qclass=QWidget
[udp_relay] SEND magic to 127.0.0.1:59471 username='HearMeRoar'
[hider]  hwnd=0000000000780B66 parent=000000000022097C vis=1 area=1902720 chrome=0 qclass=RBX::Studio::QEngineWidget
[hider]  hwnd=0000000001070B54 parent=0000000000780B66 vis=0 area=4750 chrome=0 qclass=QLabel
[hider]  hwnd=0000000001750758 parent=0000000000780B66 vis=0 area=4750 chrome=0 qclass=QLabel
[hider]  hwnd=0000000000AF096E parent=000000000022097C vis=0 area=14250 chrome=0 qclass=QStackedWidget
[hider]  hwnd=0000000001DA0B3E parent=0000000000AF096E vis=0 area=4750 chrome=0 qclass=QWidget
[hider]  hwnd=00000000016F0E14 parent=0000000001DA0B3E vis=0 area=4750 chrome=0 qclass=QScrollArea
[hider]  hwnd=00000000015E0B12 parent=00000000016F0E14 vis=0 area=4750 chrome=0 qclass=QWidget
[hider]  hwnd=0000000001400A58 parent=00000000015E0B12 vis=0 area=4750 chrome=0 qclass=QWidget
[hider]  hwnd=0000000000D80DBA parent=0000000001400A58 vis=0 area=4750 chrome=0 qclass=QWidget
[hider]  hwnd=0000000000960B98 parent=000000000022097C vis=1 area=1689600 chrome=0 qclass=QWidget
[hider]  hwnd=0000000000CB0BB6 parent=0000000000960B98 vis=0 area=0 chrome=1 qclass=Qtitan::DockSplitLayoutPanel
[hider]  hwnd=000000000086078A parent=0000000000CB0BB6 vis=0 area=0 chrome=1 qclass=Qtitan::DockSplitLayoutPanel
[hider]  hwnd=00000000021E07D4 parent=000000000086078A vis=0 area=0 chrome=1 qclass=Qtitan::DockSplitLayoutPanel
[hider]  hwnd=00000000026A0A7A parent=00000000021E07D4 vis=0 area=0 chrome=1 qclass=Qtitan::DockSplitLayoutPanel
[hider]  hwnd=0000000000380CAE parent=00000000026A0A7A vis=0 area=0 chrome=1 qclass=Qtitan::DockDocumentLayoutPanel
[hider]  hwnd=0000000000B00F20 parent=0000000000380CAE vis=0 area=0 chrome=1 qclass=Qtitan::DockDocumentTabbedLayoutPanel
[hider]  hwnd=0000000000250D3E parent=0000000000B00F20 vis=0 area=0 chrome=1 qclass=Qtitan::DockWidgetPanel
[hider]  hwnd=0000000000410F0E parent=0000000000250D3E vis=0 area=15625 chrome=0 qclass=RBX::Studio::QEngineWidget
[hider]  hwnd=0000000000B309A6 parent=000000000022097C vis=1 area=136320 chrome=0 qclass=RBX::Studio::TopBar
[hider]  hwnd=00000000009A0B34 parent=0000000000B309A6 vis=1 area=86400 chrome=0 qclass=PluginPanelCustom
[hider]  hwnd=0000000000AE0BAE parent=00000000009A0B34 vis=1 area=86400 chrome=0 qclass=RBX::Studio::QEngineWidget
[hider]  hwnd=0000000000DC0E32 parent=000000000022097C vis=0 area=0 chrome=1 qclass=Qtitan::DockWidgetPanel
[hider]  hwnd=0000000001F107B4 parent=000000000022097C vis=0 area=0 chrome=1 qclass=Qtitan::DockWidgetPanel
[hider]  hwnd=00000000007A086E parent=000000000022097C vis=0 area=0 chrome=1 qclass=Qtitan::DockWidgetPanel
[hider]  hwnd=0000000000530F04 parent=000000000022097C vis=0 area=0 chrome=1 qclass=Qtitan::DockWidgetPanel
[hider]  hwnd=0000000000700DA0 parent=000000000022097C vis=0 area=0 chrome=1 qclass=Qtitan::DockWidgetPanel
[hider]  hwnd=0000000000C20BD2 parent=000000000022097C vis=0 area=0 chrome=1 qclass=Qtitan::DockWidgetPanel
[hider]  hwnd=00000000017306DC parent=000000000022097C vis=0 area=0 chrome=1 qclass=Qtitan::DockWidgetPanel
[hider]  hwnd=00000000012F0E6C parent=000000000022097C vis=0 area=0 chrome=1 qclass=Qtitan::DockWidgetPanel
[hider]  hwnd=00000000008E0B1A parent=000000000022097C vis=0 area=0 chrome=1 qclass=Qtitan::DockWidgetPanel
[hider]  hwnd=00000000003D0CCE parent=000000000022097C vis=0 area=0 chrome=1 qclass=Qtitan::DockWidgetPanel
[hider] viewport = 0000000000780B66 qclass=RBX::Studio::QEngineWidget
[hider] pass: viewport=0000000000780B66 chainLen=2 newlyBlocked=0 alreadyBlocked=17 totalWins=31
[hider] strip-diag: mainClientBottom=1020 viewport=[0,29,1920,1020] (coversBottom=1)
[hider] strip-occupant hwnd=0000000000960B98 rect=[0,100,1920,980] vis=1 chrome=0 onChain=0 qclass=QWidget
[hider] viewport = 0000000000780B66 qclass=RBX::Studio::QEngineWidget
[hider] pass: viewport=0000000000780B66 chainLen=2 newlyBlocked=0 alreadyBlocked=17 totalWins=31
[hider] strip-diag: mainClientBottom=1020 viewport=[0,29,1920,1020] (coversBottom=1)
[hider] strip-occupant hwnd=0000000000960B98 rect=[0,100,1920,980] vis=1 chrome=0 onChain=0 qclass=QWidget
[hider] viewport = 0000000000780B66 qclass=RBX::Studio::QEngineWidget
[hider] pass: viewport=0000000000780B66 chainLen=2 newlyBlocked=0 alreadyBlocked=17 totalWins=31
[hider] strip-diag: mainClientBottom=1020 viewport=[0,29,1920,1020] (coversBottom=1)
[hider] strip-occupant hwnd=0000000000960B98 rect=[0,100,1920,980] vis=1 chrome=0 onChain=0 qclass=QWidget
[hider] viewport = 0000000000780B66 qclass=RBX::Studio::QEngineWidget
[hider] pass: viewport=0000000000780B66 chainLen=2 newlyBlocked=0 alreadyBlocked=17 totalWins=31
[hider] strip-diag: mainClientBottom=1020 viewport=[0,29,1920,1020] (coversBottom=1)
[hider] strip-occupant hwnd=0000000000960B98 rect=[0,100,1920,980] vis=1 chrome=0 onChain=0 qclass=QWidget
[hider] viewport = 0000000000780B66 qclass=RBX::Studio::QEngineWidget
[hider] pass: viewport=0000000000780B66 chainLen=2 newlyBlocked=0 alreadyBlocked=17 totalWins=31
[hider] strip-diag: mainClientBottom=1020 viewport=[0,29,1920,1020] (coversBottom=1)
[hider] strip-occupant hwnd=0000000000960B98 rect=[0,100,1920,980] vis=1 chrome=0 onChain=0 qclass=QWidget
[hider] viewport = 0000000000780B66 qclass=RBX::Studio::QEngineWidget
[hider] pass: viewport=0000000000780B66 chainLen=2 newlyBlocked=0 alreadyBlocked=17 totalWins=31
[hider] strip-diag: mainClientBottom=1020 viewport=[0,29,1920,1020] (coversBottom=1)
[hider] strip-occupant hwnd=0000000000960B98 rect=[0,100,1920,980] vis=1 chrome=0 onChain=0 qclass=QWidget
[hider] viewport = 0000000000780B66 qclass=RBX::Studio::QEngineWidget
[hider] pass: viewport=0000000000780B66 chainLen=2 newlyBlocked=0 alreadyBlocked=17 totalWins=31
[hider] strip-diag: mainClientBottom=1020 viewport=[0,29,1920,1020] (coversBottom=1)
[hider] strip-occupant hwnd=0000000000960B98 rect=[0,100,1920,980] vis=1 chrome=0 onChain=0 qclass=QWidget
[hider] viewport = 0000000000780B66 qclass=RBX::Studio::QEngineWidget
[hider] pass: viewport=0000000000780B66 chainLen=2 newlyBlocked=0 alreadyBlocked=17 totalWins=31
[hider] strip-diag: mainClientBottom=1020 viewport=[0,29,1920,1020] (coversBottom=1)
[hider] strip-occupant hwnd=0000000000960B98 rect=[0,100,1920,980] vis=1 chrome=0 onChain=0 qclass=QWidget
[hider] viewport = 0000000000780B66 qclass=RBX::Studio::QEngineWidget
[hider] pass: viewport=0000000000780B66 chainLen=2 newlyBlocked=0 alreadyBlocked=17 totalWins=31
[hider] strip-diag: mainClientBottom=1020 viewport=[0,29,1920,1020] (coversBottom=1)
[hider] strip-occupant hwnd=0000000000960B98 rect=[0,100,1920,980] vis=1 chrome=0 onChain=0 qclass=QWidget
[hider] viewport = 0000000000780B66 qclass=RBX::Studio::QEngineWidget
[hider] pass: viewport=0000000000780B66 chainLen=2 newlyBlocked=0 alreadyBlocked=17 totalWins=31
[hider] strip-diag: mainClientBottom=1020 viewport=[0,29,1920,1020] (coversBottom=1)
[hider] strip-occupant hwnd=0000000000960B98 rect=[0,100,1920,980] vis=1 chrome=0 onChain=0 qclass=QWidget
[hider] viewport = 0000000000780B66 qclass=RBX::Studio::QEngineWidget
[hider] pass: viewport=0000000000780B66 chainLen=2 newlyBlocked=0 alreadyBlocked=17 totalWins=31
[hider] viewport = 0000000000780B66 qclass=RBX::Studio::QEngineWidget
[hider] pass: viewport=0000000000780B66 chainLen=2 newlyBlocked=0 alreadyBlocked=17 totalWins=31
[hider] viewport = 0000000000780B66 qclass=RBX::Studio::QEngineWidget
[hider] pass: viewport=0000000000780B66 chainLen=2 newlyBlocked=0 alreadyBlocked=17 totalWins=31
[hider] viewport = 0000000000780B66 qclass=RBX::Studio::QEngineWidget
[hider] pass: viewport=0000000000780B66 chainLen=2 newlyBlocked=0 alreadyBlocked=17 totalWins=31
[hider] viewport = 0000000000780B66 qclass=RBX::Studio::QEngineWidget
[hider] pass: viewport=0000000000780B66 chainLen=2 newlyBlocked=0 alreadyBlocked=17 totalWins=31
[hider] viewport = 0000000000780B66 qclass=RBX::Studio::QEngineWidget
[hider] pass: viewport=0000000000780B66 chainLen=2 newlyBlocked=0 alreadyBlocked=17 totalWins=31
[hider] viewport = 0000000000780B66 qclass=RBX::Studio::QEngineWidget
[hider] pass: viewport=0000000000780B66 chainLen=2 newlyBlocked=0 alreadyBlocked=17 totalWins=31
[udp_relay] SEND magic to 127.0.0.1:25565 username='HearMeRoar'
[udp_relay] RECV magic from 127.0.0.1:50230 username='HearMeRoar' userId=0 accountAge=3650 haveId=1, patching now
[name_patcher] x64 name updated to 'HearMeRoar'
[name_patcher] relayed identity: userId=0 accountAge=3650
[udp_relay] POSTed appearance for 'HearMeRoar' (1266 chars) -> https://127.0.0.1:443 ok=1
[hider] viewport = 0000000000780B66 qclass=RBX::Studio::QEngineWidget
[hider] pass: viewport=0000000000780B66 chainLen=2 newlyBlocked=0 alreadyBlocked=17 totalWins=31
[hider]  hwnd=0000000000780B66 parent=000000000022097C vis=1 area=1902720 chrome=0 qclass=RBX::Studio::QEngineWidget
[hider]  hwnd=0000000001070B54 parent=0000000000780B66 vis=0 area=4750 chrome=0 qclass=QLabel
[hider]  hwnd=0000000001750758 parent=0000000000780B66 vis=0 area=4750 chrome=0 qclass=QLabel
[hider]  hwnd=0000000000960B98 parent=000000000022097C vis=1 area=1459200 chrome=0 qclass=QWidget
[hider]  hwnd=00000000012708CE parent=0000000000960B98 vis=1 area=1459200 chrome=1 qclass=Qtitan::DockSplitLayoutPanel
[hider]  hwnd=0000000000C50ACE parent=00000000012708CE vis=1 area=1459200 chrome=1 qclass=Qtitan::DockSplitLayoutPanel
[hider]  hwnd=00000000012D0712 parent=0000000000C50ACE vis=1 area=514560 chrome=1 qclass=Qtitan::DockSplitLayoutPanel
[hider]  hwnd=00000000010C0AB8 parent=00000000012D0712 vis=1 area=514560 chrome=1 qclass=Qtitan::DockTabbedLayoutPanel
[hider]  hwnd=0000000000530F04 parent=00000000010C0AB8 vis=0 area=0 chrome=1 qclass=Qtitan::DockWidgetPanel
[hider]  hwnd=0000000000390DC6 parent=0000000000C50ACE vis=1 area=938880 chrome=1 qclass=Qtitan::DockSplitLayoutPanel
[hider]  hwnd=00000000026B0A7A parent=0000000000390DC6 vis=1 area=828855 chrome=1 qclass=Qtitan::DockSplitLayoutPanel
[hider]  hwnd=00000000021F07D4 parent=00000000026B0A7A vis=1 area=828855 chrome=1 qclass=Qtitan::DockDocumentLayoutPanel
[hider]  hwnd=000000000087078A parent=00000000021F07D4 vis=1 area=828855 chrome=1 qclass=Qtitan::DockDocumentTabbedLayoutPanel
[hider]  hwnd=0000000000B10F20 parent=000000000087078A vis=1 area=772920 chrome=1 qclass=Qtitan::DockDocumentPanel
[hider]  hwnd=0000000000AF096E parent=0000000000B10F20 vis=1 area=768622 chrome=0 qclass=QStackedWidget
[hider]  hwnd=0000000001DA0B3E parent=0000000000AF096E vis=1 area=768622 chrome=0 qclass=QWidget
[hider]  hwnd=00000000016F0E14 parent=0000000001DA0B3E vis=1 area=768622 chrome=0 qclass=QScrollArea
[hider]  hwnd=00000000015E0B12 parent=00000000016F0E14 vis=1 area=757912 chrome=0 qclass=QWidget
[hider]  hwnd=0000000001400A58 parent=00000000015E0B12 vis=1 area=757912 chrome=0 qclass=QWidget
[hider]  hwnd=0000000000D80DBA parent=0000000001400A58 vis=1 area=757912 chrome=0 qclass=QWidget
[hider]  hwnd=00000000006A087A parent=0000000000390DC6 vis=1 area=108069 chrome=1 qclass=Qtitan::DockSplitLayoutPanel
[hider]  hwnd=00000000024B0BF6 parent=00000000006A087A vis=1 area=65195 chrome=1 qclass=Qtitan::DockTabbedLayoutPanel
[hider]  hwnd=0000000000CC0BB6 parent=00000000024B0BF6 vis=1 area=65416 chrome=1 qclass=Qtitan::DockWidgetPanel
[hider]  hwnd=00000000007E0EFC parent=0000000000CC0BB6 vis=1 area=58035 chrome=0 qclass=RBX::Studio::QEngineWidget
[hider]  hwnd=0000000001AD082C parent=00000000006A087A vis=1 area=41990 chrome=1 qclass=Qtitan::DockTabbedLayoutPanel
[hider]  hwnd=00000000003D0CCE parent=0000000001AD082C vis=0 area=0 chrome=1 qclass=Qtitan::DockWidgetPanel
[hider]  hwnd=0000000000B309A6 parent=000000000022097C vis=1 area=278400 chrome=0 qclass=RBX::Studio::TopBar
[hider]  hwnd=00000000009A0B34 parent=0000000000B309A6 vis=1 area=228480 chrome=0 qclass=PluginPanelCustom
[hider]  hwnd=0000000000AE0BAE parent=00000000009A0B34 vis=1 area=228480 chrome=0 qclass=RBX::Studio::QEngineWidget
[hider]  hwnd=0000000000DC0E32 parent=000000000022097C vis=0 area=0 chrome=1 qclass=Qtitan::DockWidgetPanel
[hider]  hwnd=0000000001F107B4 parent=000000000022097C vis=0 area=0 chrome=1 qclass=Qtitan::DockWidgetPanel
[hider]  hwnd=00000000007A086E parent=000000000022097C vis=0 area=0 chrome=1 qclass=Qtitan::DockWidgetPanel
[hider]  hwnd=0000000000700DA0 parent=000000000022097C vis=0 area=0 chrome=1 qclass=Qtitan::DockWidgetPanel
[hider]  hwnd=0000000000C20BD2 parent=000000000022097C vis=0 area=0 chrome=1 qclass=Qtitan::DockWidgetPanel
[hider]  hwnd=00000000017306DC parent=000000000022097C vis=0 area=0 chrome=1 qclass=Qtitan::DockWidgetPanel
[hider]  hwnd=00000000012F0E6C parent=000000000022097C vis=0 area=0 chrome=1 qclass=Qtitan::DockWidgetPanel
[hider]  hwnd=00000000008E0B1A parent=000000000022097C vis=0 area=0 chrome=1 qclass=Qtitan::DockWidgetPanel
[hider] viewport = 0000000000780B66 qclass=RBX::Studio::QEngineWidget
[hider] pass: viewport=0000000000780B66 chainLen=2 newlyBlocked=13 alreadyBlocked=10 totalWins=37
[hider] viewport = 0000000000780B66 qclass=RBX::Studio::QEngineWidget
[hider] pass: viewport=0000000000780B66 chainLen=2 newlyBlocked=0 alreadyBlocked=23 totalWins=37
[hider] viewport = 0000000000780B66 qclass=RBX::Studio::QEngineWidget
[hider] pass: viewport=0000000000780B66 chainLen=2 newlyBlocked=0 alreadyBlocked=23 totalWins=37
[hider] viewport = 0000000000780B66 qclass=RBX::Studio::QEngineWidget
[hider] pass: viewport=0000000000780B66 chainLen=2 newlyBlocked=0 alreadyBlocked=23 totalWins=37
[hider] viewport = 0000000000780B66 qclass=RBX::Studio::QEngineWidget
[hider] pass: viewport=0000000000780B66 chainLen=2 newlyBlocked=0 alreadyBlocked=23 totalWins=37
[hider] viewport = 0000000000780B66 qclass=RBX::Studio::QEngineWidget
[hider] pass: viewport=0000000000780B66 chainLen=2 newlyBlocked=0 alreadyBlocked=23 totalWins=37
[hider] viewport = 0000000000780B66 qclass=RBX::Studio::QEngineWidget
[hider] pass: viewport=0000000000780B66 chainLen=2 newlyBlocked=0 alreadyBlocked=23 totalWins=37
[hider] viewport = 0000000000780B66 qclass=RBX::Studio::QEngineWidget
[hider] pass: viewport=0000000000780B66 chainLen=2 newlyBlocked=0 alreadyBlocked=23 totalWins=37
[hider] viewport = 0000000000780B66 qclass=RBX::Studio::QEngineWidget
[hider] pass: viewport=0000000000780B66 chainLen=2 newlyBlocked=0 alreadyBlocked=23 totalWins=37
[hider] viewport = 0000000000780B66 qclass=RBX::Studio::QEngineWidget
[hider] pass: viewport=0000000000780B66 chainLen=2 newlyBlocked=0 alreadyBlocked=23 totalWins=37
[hider] viewport = 0000000000780B66 qclass=RBX::Studio::QEngineWidget
[hider] pass: viewport=0000000000780B66 chainLen=2 newlyBlocked=0 alreadyBlocked=23 totalWins=37
[hider] viewport = 0000000000780B66 qclass=RBX::Studio::QEngineWidget
[hider] pass: viewport=0000000000780B66 chainLen=2 newlyBlocked=0 alreadyBlocked=23 totalWins=37
[hider] viewport = 0000000000780B66 qclass=RBX::Studio::QEngineWidget
[hider] pass: viewport=0000000000780B66 chainLen=2 newlyBlocked=0 alreadyBlocked=23 totalWins=37
[hider] viewport = 0000000000780B66 qclass=RBX::Studio::QEngineWidget
[hider] pass: viewport=0000000000780B66 chainLen=2 newlyBlocked=0 alreadyBlocked=23 totalWins=37
[hider] viewport = 0000000000780B66 qclass=RBX::Studio::QEngineWidget
[hider] pass: viewport=0000000000780B66 chainLen=2 newlyBlocked=0 alreadyBlocked=23 totalWins=37
[hider] viewport = 0000000000780B66 qclass=RBX::Studio::QEngineWidget
[hider] pass: viewport=0000000000780B66 chainLen=2 newlyBlocked=0 alreadyBlocked=23 totalWins=37
[hider] viewport = 0000000000780B66 qclass=RBX::Studio::QEngineWidget
[hider] pass: viewport=0000000000780B66 chainLen=2 newlyBlocked=0 alreadyBlocked=23 totalWins=37
[hider] viewport = 0000000000780B66 qclass=RBX::Studio::QEngineWidget
[hider] pass: viewport=0000000000780B66 chainLen=2 newlyBlocked=0 alreadyBlocked=23 totalWins=37
[hider] viewport = 0000000000780B66 qclass=RBX::Studio::QEngineWidget
[hider] pass: viewport=0000000000780B66 chainLen=2 newlyBlocked=0 alreadyBlocked=23 totalWins=37
[hider] viewport = 0000000000780B66 qclass=RBX::Studio::QEngineWidget
[hider] pass: viewport=0000000000780B66 chainLen=2 newlyBlocked=0 alreadyBlocked=23 totalWins=37
[hider] viewport = 0000000000780B66 qclass=RBX::Studio::QEngineWidget
[hider] pass: viewport=0000000000780B66 chainLen=2 newlyBlocked=0 alreadyBlocked=23 totalWins=37
[hider] viewport = 0000000000780B66 qclass=RBX::Studio::QEngineWidget
[hider] pass: viewport=0000000000780B66 chainLen=2 newlyBlocked=0 alreadyBlocked=23 totalWins=37
[hider] viewport = 0000000000780B66 qclass=RBX::Studio::QEngineWidget
[hider] pass: viewport=0000000000780B66 chainLen=2 newlyBlocked=0 alreadyBlocked=23 totalWins=37
[hider] viewport = 0000000000780B66 qclass=RBX::Studio::QEngineWidget
[hider] pass: viewport=0000000000780B66 chainLen=2 newlyBlocked=0 alreadyBlocked=23 totalWins=37
[hider] viewport = 0000000000780B66 qclass=RBX::Studio::QEngineWidget
[hider] pass: viewport=0000000000780B66 chainLen=2 newlyBlocked=0 alreadyBlocked=23 totalWins=37
[hider] viewport = 0000000000780B66 qclass=RBX::Studio::QEngineWidget
[hider] pass: viewport=0000000000780B66 chainLen=2 newlyBlocked=0 alreadyBlocked=23 totalWins=37
[hider] viewport = 0000000000780B66 qclass=RBX::Studio::QEngineWidget
[hider] pass: viewport=0000000000780B66 chainLen=2 newlyBlocked=0 alreadyBlocked=23 totalWins=37
[hider] viewport = 0000000000780B66 qclass=RBX::Studio::QEngineWidget
[hider] pass: viewport=0000000000780B66 chainLen=2 newlyBlocked=0 alreadyBlocked=23 totalWins=37
[hider] viewport = 0000000000780B66 qclass=RBX::Studio::QEngineWidget
[hider] pass: viewport=0000000000780B66 chainLen=2 newlyBlocked=0 alreadyBlocked=23 totalWins=37
[hider] viewport = 0000000000780B66 qclass=RBX::Studio::QEngineWidget
[hider] pass: viewport=0000000000780B66 chainLen=2 newlyBlocked=0 alreadyBlocked=23 totalWins=37
[hider] viewport = 0000000000780B66 qclass=RBX::Studio::QEngineWidget
[hider] pass: viewport=0000000000780B66 chainLen=2 newlyBlocked=0 alreadyBlocked=23 totalWins=37
[hider] viewport = 0000000000780B66 qclass=RBX::Studio::QEngineWidget
[hider] pass: viewport=0000000000780B66 chainLen=2 newlyBlocked=0 alreadyBlocked=23 totalWins=37
[hider] viewport = 0000000000780B66 qclass=RBX::Studio::QEngineWidget
[hider] pass: viewport=0000000000780B66 chainLen=2 newlyBlocked=0 alreadyBlocked=23 totalWins=37
[hider] viewport = 0000000000780B66 qclass=RBX::Studio::QEngineWidget
[hider] pass: viewport=0000000000780B66 chainLen=2 newlyBlocked=0 alreadyBlocked=23 totalWins=37
[hider] viewport = 0000000000780B66 qclass=RBX::Studio::QEngineWidget
[hider] pass: viewport=0000000000780B66 chainLen=2 newlyBlocked=0 alreadyBlocked=23 totalWins=37
[hider] viewport = 0000000000780B66 qclass=RBX::Studio::QEngineWidget
[hider] pass: viewport=0000000000780B66 chainLen=2 newlyBlocked=0 alreadyBlocked=23 totalWins=37
[hider] viewport = 0000000000780B66 qclass=RBX::Studio::QEngineWidget
[hider] pass: viewport=0000000000780B66 chainLen=2 newlyBlocked=0 alreadyBlocked=23 totalWins=37
[hider] viewport = 0000000000780B66 qclass=RBX::Studio::QEngineWidget
[hider] pass: viewport=0000000000780B66 chainLen=2 newlyBlocked=0 alreadyBlocked=23 totalWins=37
[hider] viewport = 0000000000780B66 qclass=RBX::Studio::QEngineWidget
[hider] pass: viewport=0000000000780B66 chainLen=2 newlyBlocked=0 alreadyBlocked=23 totalWins=37
[hider] viewport = 0000000000780B66 qclass=RBX::Studio::QEngineWidget
[hider] pass: viewport=0000000000780B66 chainLen=2 newlyBlocked=0 alreadyBlocked=23 totalWins=37
[hider] viewport = 0000000000780B66 qclass=RBX::Studio::QEngineWidget
[hider] pass: viewport=0000000000780B66 chainLen=2 newlyBlocked=0 alreadyBlocked=23 totalWins=37
[hider] viewport = 0000000000780B66 qclass=RBX::Studio::QEngineWidget
[hider] pass: viewport=0000000000780B66 chainLen=2 newlyBlocked=0 alreadyBlocked=23 totalWins=37
[hider] viewport = 0000000000780B66 qclass=RBX::Studio::QEngineWidget
[hider] pass: viewport=0000000000780B66 chainLen=2 newlyBlocked=0 alreadyBlocked=23 totalWins=37
[hider] viewport = 0000000000780B66 qclass=RBX::Studio::QEngineWidget
[hider] pass: viewport=0000000000780B66 chainLen=2 newlyBlocked=0 alreadyBlocked=23 totalWins=37
[hider] viewport = 0000000000780B66 qclass=RBX::Studio::QEngineWidget
[hider] pass: viewport=0000000000780B66 chainLen=2 newlyBlocked=0 alreadyBlocked=23 totalWins=37
[hider] viewport = 0000000000780B66 qclass=RBX::Studio::QEngineWidget
[hider] pass: viewport=0000000000780B66 chainLen=2 newlyBlocked=0 alreadyBlocked=23 totalWins=37
[hider] viewport = 0000000000780B66 qclass=RBX::Studio::QEngineWidget
[hider] pass: viewport=0000000000780B66 chainLen=2 newlyBlocked=0 alreadyBlocked=23 totalWins=37
[hider] viewport = 0000000000780B66 qclass=RBX::Studio::QEngineWidget
[hider] pass: viewport=0000000000780B66 chainLen=2 newlyBlocked=0 alreadyBlocked=23 totalWins=37
[hider] viewport = 0000000000780B66 qclass=RBX::Studio::QEngineWidget
[hider] pass: viewport=0000000000780B66 chainLen=2 newlyBlocked=0 alreadyBlocked=23 totalWins=37
[hider] viewport = 0000000000780B66 qclass=RBX::Studio::QEngineWidget
[hider] pass: viewport=0000000000780B66 chainLen=2 newlyBlocked=0 alreadyBlocked=23 totalWins=37
[hider] viewport = 0000000000780B66 qclass=RBX::Studio::QEngineWidget
[hider] pass: viewport=0000000000780B66 chainLen=2 newlyBlocked=0 alreadyBlocked=23 totalWins=37
[hider] viewport = 0000000000780B66 qclass=RBX::Studio::QEngineWidget
[hider] pass: viewport=0000000000780B66 chainLen=2 newlyBlocked=0 alreadyBlocked=23 totalWins=37
[hider] viewport = 0000000000780B66 qclass=RBX::Studio::QEngineWidget
[hider] pass: viewport=0000000000780B66 chainLen=2 newlyBlocked=0 alreadyBlocked=23 totalWins=37
[hider] viewport = 0000000000780B66 qclass=RBX::Studio::QEngineWidget
[hider] pass: viewport=0000000000780B66 chainLen=2 newlyBlocked=0 alreadyBlocked=23 totalWins=37
[hider] viewport = 0000000000780B66 qclass=RBX::Studio::QEngineWidget
[hider] pass: viewport=0000000000780B66 chainLen=2 newlyBlocked=0 alreadyBlocked=23 totalWins=37
[hider] viewport = 0000000000780B66 qclass=RBX::Studio::QEngineWidget
[hider] pass: viewport=0000000000780B66 chainLen=2 newlyBlocked=0 alreadyBlocked=23 totalWins=37
[hider] viewport = 0000000000780B66 qclass=RBX::Studio::QEngineWidget
[hider] pass: viewport=0000000000780B66 chainLen=2 newlyBlocked=0 alreadyBlocked=23 totalWins=37
[hider] viewport = 0000000000780B66 qclass=RBX::Studio::QEngineWidget
[hider] pass: viewport=0000000000780B66 chainLen=2 newlyBlocked=0 alreadyBlocked=23 totalWins=37
[hider] viewport = 0000000000780B66 qclass=RBX::Studio::QEngineWidget
[hider] pass: viewport=0000000000780B66 chainLen=2 newlyBlocked=0 alreadyBlocked=23 totalWins=37
[hider] viewport = 0000000000780B66 qclass=RBX::Studio::QEngineWidget
[hider] pass: viewport=0000000000780B66 chainLen=2 newlyBlocked=0 alreadyBlocked=23 totalWins=37
[hider] viewport = 0000000000780B66 qclass=RBX::Studio::QEngineWidget
[hider] pass: viewport=0000000000780B66 chainLen=2 newlyBlocked=0 alreadyBlocked=23 totalWins=37
[hider] viewport = 0000000000780B66 qclass=RBX::Studio::QEngineWidget
[hider] pass: viewport=0000000000780B66 chainLen=2 newlyBlocked=0 alreadyBlocked=23 totalWins=37
[hider] viewport = 0000000000780B66 qclass=RBX::Studio::QEngineWidget
[hider] pass: viewport=0000000000780B66 chainLen=2 newlyBlocked=0 alreadyBlocked=23 totalWins=37
[hider] viewport = 0000000000780B66 qclass=RBX::Studio::QEngineWidget
[hider] pass: viewport=0000000000780B66 chainLen=2 newlyBlocked=0 alreadyBlocked=23 totalWins=37
[hider] viewport = 0000000000780B66 qclass=RBX::Studio::QEngineWidget
[hider] pass: viewport=0000000000780B66 chainLen=2 newlyBlocked=0 alreadyBlocked=23 totalWins=37
[hider] viewport = 0000000000780B66 qclass=RBX::Studio::QEngineWidget
[hider] pass: viewport=0000000000780B66 chainLen=2 newlyBlocked=0 alreadyBlocked=23 totalWins=37
[hider] viewport = 0000000000780B66 qclass=RBX::Studio::QEngineWidget
[hider] pass: viewport=0000000000780B66 chainLen=2 newlyBlocked=0 alreadyBlocked=23 totalWins=37
[hider] viewport = 0000000000780B66 qclass=RBX::Studio::QEngineWidget
[hider] pass: viewport=0000000000780B66 chainLen=2 newlyBlocked=0 alreadyBlocked=23 totalWins=37
[hider] viewport = 0000000000780B66 qclass=RBX::Studio::QEngineWidget
[hider] pass: viewport=0000000000780B66 chainLen=2 newlyBlocked=0 alreadyBlocked=23 totalWins=37
[hider] viewport = 0000000000780B66 qclass=RBX::Studio::QEngineWidget
[hider] pass: viewport=0000000000780B66 chainLen=2 newlyBlocked=0 alreadyBlocked=23 totalWins=37
[hider] viewport = 0000000000780B66 qclass=RBX::Studio::QEngineWidget
[hider] pass: viewport=0000000000780B66 chainLen=2 newlyBlocked=0 alreadyBlocked=23 totalWins=37
[hider] viewport = 0000000000780B66 qclass=RBX::Studio::QEngineWidget
[hider] pass: viewport=0000000000780B66 chainLen=2 newlyBlocked=0 alreadyBlocked=23 totalWins=37
[hider] viewport = 0000000000780B66 qclass=RBX::Studio::QEngineWidget
[hider] pass: viewport=0000000000780B66 chainLen=2 newlyBlocked=0 alreadyBlocked=23 totalWins=37
[hider] viewport = 0000000000780B66 qclass=RBX::Studio::QEngineWidget
[hider] pass: viewport=0000000000780B66 chainLen=2 newlyBlocked=0 alreadyBlocked=23 totalWins=37
[hider] viewport = 0000000000780B66 qclass=RBX::Studio::QEngineWidget
[hider] pass: viewport=0000000000780B66 chainLen=2 newlyBlocked=0 alreadyBlocked=23 totalWins=37
[hider] viewport = 0000000000780B66 qclass=RBX::Studio::QEngineWidget
[hider] pass: viewport=0000000000780B66 chainLen=2 newlyBlocked=0 alreadyBlocked=23 totalWins=37
[hider] viewport = 0000000000780B66 qclass=RBX::Studio::QEngineWidget
[hider] pass: viewport=0000000000780B66 chainLen=2 newlyBlocked=0 alreadyBlocked=23 totalWins=37
[hider] viewport = 0000000000780B66 qclass=RBX::Studio::QEngineWidget
[hider] pass: viewport=0000000000780B66 chainLen=2 newlyBlocked=0 alreadyBlocked=23 totalWins=37
[hider] viewport = 0000000000780B66 qclass=RBX::Studio::QEngineWidget
[hider] pass: viewport=0000000000780B66 chainLen=2 newlyBlocked=0 alreadyBlocked=23 totalWins=37
[hider] viewport = 0000000000780B66 qclass=RBX::Studio::QEngineWidget
[hider] pass: viewport=0000000000780B66 chainLen=2 newlyBlocked=0 alreadyBlocked=23 totalWins=37
[dllmain] SafeInit pid=28580
[name_patcher] x64 name patch OK -> 'HearMeRoar' (buf 00007FF6FF3C0000)
[udp_relay] installing IAT hooks (client=0 server=1)
[udp_relay] username='HearMeRoar' (10 chars)
[udp_relay] hooks: sendto=00007FFE8DE10900 recvfrom=00007FFE8DE10050 WSASendTo=00007FFE8DE11390 WSARecvFrom=00007FFE8DE0E6A0 WSARecv=00007FFE8DE0EC60
[dllmain] StartServer: installing script-start hook
[dllmain] not a StartClient launch - skipping Qt hider (relay + username server already active)
[dllmain] SafeInit pid=18128
[name_patcher] x64 name patch OK -> 'HearMeRoar' (buf 00007FF6FF3C0000)
[udp_relay] installing IAT hooks (client=1 server=0)
[udp_relay] username='HearMeRoar' (10 chars)
[udp_relay] hooks: sendto=00007FFE8DE10900 recvfrom=0000000000000000 WSASendTo=00007FFE8DE11390 WSARecvFrom=0000000000000000 WSARecv=0000000000000000
[rcc_patch] IP patched @rva=0x4FA1DAE -> '127.0.0.1' (len mov updated)
[rcc_patch] IP patched @rva=0x2793CDA -> '127.0.0.1' (len mov updated)
[rcc_patch] IP patched @rva=0x2793DA7 -> '127.0.0.1' (len mov updated)
[rcc_patch] IP patched @rva=0x2793E8B -> '127.0.0.1' (len mov updated)
[rcc_patch] IP patched @rva=0x2793F2D -> '127.0.0.1' (len mov updated)
[dllmain] StartClient launch confirmed - activating Qt hider
[udp_relay] SEND magic to 127.0.0.1:54092 username='HearMeRoar'
[hider] Qt symbols: find=00007FFD482B8A00 className=00007FFD477E7A50 -> OK
[hider]  hwnd=00000000010E0568 parent=0000000001300E6C vis=0 area=14250 chrome=0 qclass=QStackedWidget
[hider]  hwnd=0000000000100D40 parent=00000000010E0568 vis=0 area=4750 chrome=0 qclass=QWidget
[hider]  hwnd=0000000000980A12 parent=0000000000100D40 vis=0 area=4750 chrome=0 qclass=QScrollArea
[hider]  hwnd=00000000000F0E82 parent=0000000000980A12 vis=0 area=4750 chrome=0 qclass=QWidget
[hider]  hwnd=0000000000A00600 parent=00000000000F0E82 vis=0 area=4750 chrome=0 qclass=QWidget
[hider]  hwnd=0000000002E40B40 parent=0000000000A00600 vis=0 area=4750 chrome=0 qclass=QWidget
[hider]  hwnd=0000000000B20F20 parent=0000000002E40B40 vis=0 area=15625 chrome=0 qclass=RBX::Studio::QEngineWidget
[hider]  hwnd=00000000022C0802 parent=0000000000B20F20 vis=0 area=4750 chrome=0 qclass=QLabel
[hider]  hwnd=0000000002CD09A2 parent=0000000000B20F20 vis=0 area=4750 chrome=0 qclass=QLabel
[hider]  hwnd=0000000000940ECA parent=0000000001300E6C vis=1 area=1689600 chrome=0 qclass=QWidget
[hider]  hwnd=0000000000320F44 parent=0000000000940ECA vis=1 area=1689600 chrome=1 qclass=Qtitan::DockSplitLayoutPanel
[hider]  hwnd=0000000000520D44 parent=0000000000320F44 vis=1 area=1689600 chrome=1 qclass=Qtitan::DockSplitLayoutPanel
[hider]  hwnd=00000000009107C4 parent=0000000000520D44 vis=1 area=1689600 chrome=1 qclass=Qtitan::DockSplitLayoutPanel
[hider]  hwnd=0000000001EA0984 parent=00000000009107C4 vis=1 area=1689600 chrome=1 qclass=Qtitan::DockSplitLayoutPanel
[hider]  hwnd=0000000000DC0BE2 parent=0000000001EA0984 vis=1 area=1689600 chrome=1 qclass=Qtitan::DockDocumentLayoutPanel
[hider]  hwnd=00000000003C0CAE parent=0000000000DC0BE2 vis=1 area=1689600 chrome=1 qclass=Qtitan::DockDocumentTabbedLayoutPanel
[hider]  hwnd=00000000009E0DEC parent=00000000003C0CAE vis=1 area=1689600 chrome=1 qclass=Qtitan::DockWidgetPanel
[hider]  hwnd=0000000000B3088E parent=00000000009E0DEC vis=1 area=1684004 chrome=0 qclass=RBX::Studio::QEngineWidget
[hider]  hwnd=0000000000930A70 parent=0000000001300E6C vis=1 area=136320 chrome=0 qclass=RBX::Studio::TopBar
[hider]  hwnd=0000000000550B56 parent=0000000000930A70 vis=1 area=86400 chrome=0 qclass=PluginPanelCustom
[hider]  hwnd=0000000001370B68 parent=0000000000550B56 vis=1 area=86400 chrome=0 qclass=RBX::Studio::QEngineWidget
[hider]  hwnd=0000000000D6074E parent=0000000001300E6C vis=0 area=4750 chrome=1 qclass=Qtitan::DockWidgetPanel
[hider]  hwnd=00000000014A0796 parent=0000000001300E6C vis=0 area=4750 chrome=1 qclass=Qtitan::DockWidgetPanel
[hider]  hwnd=0000000000590F46 parent=0000000001300E6C vis=0 area=4750 chrome=1 qclass=Qtitan::DockWidgetPanel
[hider]  hwnd=0000000000D90DBA parent=0000000001300E6C vis=0 area=4750 chrome=1 qclass=Qtitan::DockWidgetPanel
[hider]  hwnd=0000000001410A58 parent=0000000001300E6C vis=0 area=4750 chrome=1 qclass=Qtitan::DockWidgetPanel
[hider]  hwnd=00000000015F0B12 parent=0000000001300E6C vis=0 area=4750 chrome=1 qclass=Qtitan::DockWidgetPanel
[hider]  hwnd=0000000001700E14 parent=0000000001300E6C vis=0 area=4750 chrome=1 qclass=Qtitan::DockWidgetPanel
[hider]  hwnd=0000000001DB0B3E parent=0000000001300E6C vis=0 area=4750 chrome=1 qclass=Qtitan::DockWidgetPanel
[hider]  hwnd=0000000000B0096E parent=0000000001300E6C vis=0 area=4750 chrome=1 qclass=Qtitan::DockWidgetPanel
[hider]  hwnd=0000000000DA0E54 parent=0000000001300E6C vis=0 area=4750 chrome=1 qclass=Qtitan::DockWidgetPanel
[hider] viewport = 0000000000B3088E qclass=RBX::Studio::QEngineWidget
[hider] pass: viewport=0000000000B3088E chainLen=10 newlyBlocked=10 alreadyBlocked=0 totalWins=31
[hider] strip-diag: mainClientBottom=1020 viewport=[0,29,1920,1020] (coversBottom=1)
[hider] strip-occupant hwnd=0000000000940ECA rect=[0,29,1920,1020] vis=1 chrome=0 onChain=1 qclass=QWidget
[hider] strip-occupant hwnd=0000000000320F44 rect=[0,29,1920,1020] vis=1 chrome=1 onChain=1 qclass=Qtitan::DockSplitLayoutPanel
[hider] strip-occupant hwnd=0000000000520D44 rect=[0,29,1920,1020] vis=1 chrome=1 onChain=1 qclass=Qtitan::DockSplitLayoutPanel
[hider] strip-occupant hwnd=00000000009107C4 rect=[0,29,1920,1020] vis=1 chrome=1 onChain=1 qclass=Qtitan::DockSplitLayoutPanel
[hider] strip-occupant hwnd=0000000001EA0984 rect=[0,29,1920,1020] vis=1 chrome=1 onChain=1 qclass=Qtitan::DockSplitLayoutPanel
[hider] strip-occupant hwnd=0000000000DC0BE2 rect=[0,29,1920,1020] vis=1 chrome=1 onChain=1 qclass=Qtitan::DockDocumentLayoutPanel
[hider] strip-occupant hwnd=00000000003C0CAE rect=[0,29,1920,1020] vis=1 chrome=1 onChain=1 qclass=Qtitan::DockDocumentTabbedLayoutPanel
[hider] strip-occupant hwnd=00000000009E0DEC rect=[0,29,1920,1020] vis=1 chrome=1 onChain=1 qclass=Qtitan::DockWidgetPanel
[hider] viewport = 0000000000B3088E qclass=RBX::Studio::QEngineWidget
[hider] pass: viewport=0000000000B3088E chainLen=10 newlyBlocked=0 alreadyBlocked=10 totalWins=31
[hider] strip-diag: mainClientBottom=1020 viewport=[0,29,1920,1020] (coversBottom=1)
[hider] strip-occupant hwnd=0000000000940ECA rect=[0,29,1920,1020] vis=1 chrome=0 onChain=1 qclass=QWidget
[hider] strip-occupant hwnd=0000000000320F44 rect=[0,29,1920,1020] vis=1 chrome=1 onChain=1 qclass=Qtitan::DockSplitLayoutPanel
[hider] strip-occupant hwnd=0000000000520D44 rect=[0,29,1920,1020] vis=1 chrome=1 onChain=1 qclass=Qtitan::DockSplitLayoutPanel
[hider] strip-occupant hwnd=00000000009107C4 rect=[0,29,1920,1020] vis=1 chrome=1 onChain=1 qclass=Qtitan::DockSplitLayoutPanel
[hider] strip-occupant hwnd=0000000001EA0984 rect=[0,29,1920,1020] vis=1 chrome=1 onChain=1 qclass=Qtitan::DockSplitLayoutPanel
[hider] strip-occupant hwnd=0000000000DC0BE2 rect=[0,29,1920,1020] vis=1 chrome=1 onChain=1 qclass=Qtitan::DockDocumentLayoutPanel
[hider] strip-occupant hwnd=00000000003C0CAE rect=[0,29,1920,1020] vis=1 chrome=1 onChain=1 qclass=Qtitan::DockDocumentTabbedLayoutPanel
[hider] strip-occupant hwnd=00000000009E0DEC rect=[0,29,1920,1020] vis=1 chrome=1 onChain=1 qclass=Qtitan::DockWidgetPanel
[hider] viewport = 0000000000B3088E qclass=RBX::Studio::QEngineWidget
[hider] pass: viewport=0000000000B3088E chainLen=10 newlyBlocked=0 alreadyBlocked=10 totalWins=31
[hider] strip-diag: mainClientBottom=1020 viewport=[0,29,1920,1020] (coversBottom=1)
[hider] strip-occupant hwnd=0000000000940ECA rect=[0,29,1920,1020] vis=1 chrome=0 onChain=1 qclass=QWidget
[hider] strip-occupant hwnd=0000000000320F44 rect=[0,29,1920,1020] vis=1 chrome=1 onChain=1 qclass=Qtitan::DockSplitLayoutPanel
[hider] strip-occupant hwnd=0000000000520D44 rect=[0,29,1920,1020] vis=1 chrome=1 onChain=1 qclass=Qtitan::DockSplitLayoutPanel
[hider] strip-occupant hwnd=00000000009107C4 rect=[0,29,1920,1020] vis=1 chrome=1 onChain=1 qclass=Qtitan::DockSplitLayoutPanel
[hider] strip-occupant hwnd=0000000001EA0984 rect=[0,29,1920,1020] vis=1 chrome=1 onChain=1 qclass=Qtitan::DockSplitLayoutPanel
[hider] strip-occupant hwnd=0000000000DC0BE2 rect=[0,29,1920,1020] vis=1 chrome=1 onChain=1 qclass=Qtitan::DockDocumentLayoutPanel
[hider] strip-occupant hwnd=00000000003C0CAE rect=[0,29,1920,1020] vis=1 chrome=1 onChain=1 qclass=Qtitan::DockDocumentTabbedLayoutPanel
[hider] strip-occupant hwnd=00000000009E0DEC rect=[0,29,1920,1020] vis=1 chrome=1 onChain=1 qclass=Qtitan::DockWidgetPanel
[hider] viewport = 0000000000B3088E qclass=RBX::Studio::QEngineWidget
[hider] pass: viewport=0000000000B3088E chainLen=10 newlyBlocked=0 alreadyBlocked=10 totalWins=31
[hider] strip-diag: mainClientBottom=1020 viewport=[0,29,1920,1020] (coversBottom=1)
[hider] strip-occupant hwnd=0000000000940ECA rect=[0,29,1920,1020] vis=1 chrome=0 onChain=1 qclass=QWidget
[hider] strip-occupant hwnd=0000000000320F44 rect=[0,29,1920,1020] vis=1 chrome=1 onChain=1 qclass=Qtitan::DockSplitLayoutPanel
[hider] strip-occupant hwnd=0000000000520D44 rect=[0,29,1920,1020] vis=1 chrome=1 onChain=1 qclass=Qtitan::DockSplitLayoutPanel
[hider] strip-occupant hwnd=00000000009107C4 rect=[0,29,1920,1020] vis=1 chrome=1 onChain=1 qclass=Qtitan::DockSplitLayoutPanel
[hider] strip-occupant hwnd=0000000001EA0984 rect=[0,29,1920,1020] vis=1 chrome=1 onChain=1 qclass=Qtitan::DockSplitLayoutPanel
[hider] strip-occupant hwnd=0000000000DC0BE2 rect=[0,29,1920,1020] vis=1 chrome=1 onChain=1 qclass=Qtitan::DockDocumentLayoutPanel
[hider] strip-occupant hwnd=00000000003C0CAE rect=[0,29,1920,1020] vis=1 chrome=1 onChain=1 qclass=Qtitan::DockDocumentTabbedLayoutPanel
[hider] strip-occupant hwnd=00000000009E0DEC rect=[0,29,1920,1020] vis=1 chrome=1 onChain=1 qclass=Qtitan::DockWidgetPanel
[hider] viewport = 0000000000B3088E qclass=RBX::Studio::QEngineWidget
[hider] pass: viewport=0000000000B3088E chainLen=10 newlyBlocked=0 alreadyBlocked=10 totalWins=31
[hider] strip-diag: mainClientBottom=1020 viewport=[0,29,1920,1020] (coversBottom=1)
[hider] strip-occupant hwnd=0000000000940ECA rect=[0,29,1920,1020] vis=1 chrome=0 onChain=1 qclass=QWidget
[hider] strip-occupant hwnd=0000000000320F44 rect=[0,29,1920,1020] vis=1 chrome=1 onChain=1 qclass=Qtitan::DockSplitLayoutPanel
[hider] strip-occupant hwnd=0000000000520D44 rect=[0,29,1920,1020] vis=1 chrome=1 onChain=1 qclass=Qtitan::DockSplitLayoutPanel
[hider] strip-occupant hwnd=00000000009107C4 rect=[0,29,1920,1020] vis=1 chrome=1 onChain=1 qclass=Qtitan::DockSplitLayoutPanel
[hider] strip-occupant hwnd=0000000001EA0984 rect=[0,29,1920,1020] vis=1 chrome=1 onChain=1 qclass=Qtitan::DockSplitLayoutPanel
[hider] strip-occupant hwnd=0000000000DC0BE2 rect=[0,29,1920,1020] vis=1 chrome=1 onChain=1 qclass=Qtitan::DockDocumentLayoutPanel
[hider] strip-occupant hwnd=00000000003C0CAE rect=[0,29,1920,1020] vis=1 chrome=1 onChain=1 qclass=Qtitan::DockDocumentTabbedLayoutPanel
[hider] strip-occupant hwnd=00000000009E0DEC rect=[0,29,1920,1020] vis=1 chrome=1 onChain=1 qclass=Qtitan::DockWidgetPanel
[hider] viewport = 0000000000B3088E qclass=RBX::Studio::QEngineWidget
[hider] pass: viewport=0000000000B3088E chainLen=10 newlyBlocked=0 alreadyBlocked=10 totalWins=31
[hider] strip-diag: mainClientBottom=1020 viewport=[0,29,1920,1020] (coversBottom=1)
[hider] strip-occupant hwnd=0000000000940ECA rect=[0,29,1920,1020] vis=1 chrome=0 onChain=1 qclass=QWidget
[hider] strip-occupant hwnd=0000000000320F44 rect=[0,29,1920,1020] vis=1 chrome=1 onChain=1 qclass=Qtitan::DockSplitLayoutPanel
[hider] strip-occupant hwnd=0000000000520D44 rect=[0,29,1920,1020] vis=1 chrome=1 onChain=1 qclass=Qtitan::DockSplitLayoutPanel
[hider] strip-occupant hwnd=00000000009107C4 rect=[0,29,1920,1020] vis=1 chrome=1 onChain=1 qclass=Qtitan::DockSplitLayoutPanel
[hider] strip-occupant hwnd=0000000001EA0984 rect=[0,29,1920,1020] vis=1 chrome=1 onChain=1 qclass=Qtitan::DockSplitLayoutPanel
[hider] strip-occupant hwnd=0000000000DC0BE2 rect=[0,29,1920,1020] vis=1 chrome=1 onChain=1 qclass=Qtitan::DockDocumentLayoutPanel
[hider] strip-occupant hwnd=00000000003C0CAE rect=[0,29,1920,1020] vis=1 chrome=1 onChain=1 qclass=Qtitan::DockDocumentTabbedLayoutPanel
[hider] strip-occupant hwnd=00000000009E0DEC rect=[0,29,1920,1020] vis=1 chrome=1 onChain=1 qclass=Qtitan::DockWidgetPanel
[hider] viewport = 0000000000B3088E qclass=RBX::Studio::QEngineWidget
[hider] pass: viewport=0000000000B3088E chainLen=10 newlyBlocked=0 alreadyBlocked=10 totalWins=31
[hider] strip-diag: mainClientBottom=1020 viewport=[0,29,1920,1020] (coversBottom=1)
[hider] strip-occupant hwnd=0000000000940ECA rect=[0,29,1920,1020] vis=1 chrome=0 onChain=1 qclass=QWidget
[hider] strip-occupant hwnd=0000000000320F44 rect=[0,29,1920,1020] vis=1 chrome=1 onChain=1 qclass=Qtitan::DockSplitLayoutPanel
[hider] strip-occupant hwnd=0000000000520D44 rect=[0,29,1920,1020] vis=1 chrome=1 onChain=1 qclass=Qtitan::DockSplitLayoutPanel
[hider] strip-occupant hwnd=00000000009107C4 rect=[0,29,1920,1020] vis=1 chrome=1 onChain=1 qclass=Qtitan::DockSplitLayoutPanel
[hider] strip-occupant hwnd=0000000001EA0984 rect=[0,29,1920,1020] vis=1 chrome=1 onChain=1 qclass=Qtitan::DockSplitLayoutPanel
[hider] strip-occupant hwnd=0000000000DC0BE2 rect=[0,29,1920,1020] vis=1 chrome=1 onChain=1 qclass=Qtitan::DockDocumentLayoutPanel
[hider] strip-occupant hwnd=00000000003C0CAE rect=[0,29,1920,1020] vis=1 chrome=1 onChain=1 qclass=Qtitan::DockDocumentTabbedLayoutPanel
[hider] strip-occupant hwnd=00000000009E0DEC rect=[0,29,1920,1020] vis=1 chrome=1 onChain=1 qclass=Qtitan::DockWidgetPanel
[hider] viewport = 0000000000B3088E qclass=RBX::Studio::QEngineWidget
[hider] pass: viewport=0000000000B3088E chainLen=10 newlyBlocked=0 alreadyBlocked=10 totalWins=31
[hider] strip-diag: mainClientBottom=1020 viewport=[0,29,1920,1020] (coversBottom=1)
[hider] strip-occupant hwnd=0000000000940ECA rect=[0,29,1920,1020] vis=1 chrome=0 onChain=1 qclass=QWidget
[hider] strip-occupant hwnd=0000000000320F44 rect=[0,29,1920,1020] vis=1 chrome=1 onChain=1 qclass=Qtitan::DockSplitLayoutPanel
[hider] strip-occupant hwnd=0000000000520D44 rect=[0,29,1920,1020] vis=1 chrome=1 onChain=1 qclass=Qtitan::DockSplitLayoutPanel
[hider] strip-occupant hwnd=00000000009107C4 rect=[0,29,1920,1020] vis=1 chrome=1 onChain=1 qclass=Qtitan::DockSplitLayoutPanel
[hider] strip-occupant hwnd=0000000001EA0984 rect=[0,29,1920,1020] vis=1 chrome=1 onChain=1 qclass=Qtitan::DockSplitLayoutPanel
[hider] strip-occupant hwnd=0000000000DC0BE2 rect=[0,29,1920,1020] vis=1 chrome=1 onChain=1 qclass=Qtitan::DockDocumentLayoutPanel
[hider] strip-occupant hwnd=00000000003C0CAE rect=[0,29,1920,1020] vis=1 chrome=1 onChain=1 qclass=Qtitan::DockDocumentTabbedLayoutPanel
[hider] strip-occupant hwnd=00000000009E0DEC rect=[0,29,1920,1020] vis=1 chrome=1 onChain=1 qclass=Qtitan::DockWidgetPanel
[hider] viewport = 0000000000B3088E qclass=RBX::Studio::QEngineWidget
[hider] pass: viewport=0000000000B3088E chainLen=10 newlyBlocked=0 alreadyBlocked=10 totalWins=31
[hider] strip-diag: mainClientBottom=1020 viewport=[0,29,1920,1020] (coversBottom=1)
[hider] strip-occupant hwnd=0000000000940ECA rect=[0,29,1920,1020] vis=1 chrome=0 onChain=1 qclass=QWidget
[hider] strip-occupant hwnd=0000000000320F44 rect=[0,29,1920,1020] vis=1 chrome=1 onChain=1 qclass=Qtitan::DockSplitLayoutPanel
[hider] strip-occupant hwnd=0000000000520D44 rect=[0,29,1920,1020] vis=1 chrome=1 onChain=1 qclass=Qtitan::DockSplitLayoutPanel
[hider] strip-occupant hwnd=00000000009107C4 rect=[0,29,1920,1020] vis=1 chrome=1 onChain=1 qclass=Qtitan::DockSplitLayoutPanel
[hider] strip-occupant hwnd=0000000001EA0984 rect=[0,29,1920,1020] vis=1 chrome=1 onChain=1 qclass=Qtitan::DockSplitLayoutPanel
[hider] strip-occupant hwnd=0000000000DC0BE2 rect=[0,29,1920,1020] vis=1 chrome=1 onChain=1 qclass=Qtitan::DockDocumentLayoutPanel
[hider] strip-occupant hwnd=00000000003C0CAE rect=[0,29,1920,1020] vis=1 chrome=1 onChain=1 qclass=Qtitan::DockDocumentTabbedLayoutPanel
[hider] strip-occupant hwnd=00000000009E0DEC rect=[0,29,1920,1020] vis=1 chrome=1 onChain=1 qclass=Qtitan::DockWidgetPanel
[hider] viewport = 0000000000B3088E qclass=RBX::Studio::QEngineWidget
[hider] pass: viewport=0000000000B3088E chainLen=10 newlyBlocked=0 alreadyBlocked=10 totalWins=31
[hider] strip-diag: mainClientBottom=1020 viewport=[0,29,1920,1020] (coversBottom=1)
[hider] strip-occupant hwnd=0000000000940ECA rect=[0,29,1920,1020] vis=1 chrome=0 onChain=1 qclass=QWidget
[hider] strip-occupant hwnd=0000000000320F44 rect=[0,29,1920,1020] vis=1 chrome=1 onChain=1 qclass=Qtitan::DockSplitLayoutPanel
[hider] strip-occupant hwnd=0000000000520D44 rect=[0,29,1920,1020] vis=1 chrome=1 onChain=1 qclass=Qtitan::DockSplitLayoutPanel
[hider] strip-occupant hwnd=00000000009107C4 rect=[0,29,1920,1020] vis=1 chrome=1 onChain=1 qclass=Qtitan::DockSplitLayoutPanel
[hider] strip-occupant hwnd=0000000001EA0984 rect=[0,29,1920,1020] vis=1 chrome=1 onChain=1 qclass=Qtitan::DockSplitLayoutPanel
[hider] strip-occupant hwnd=0000000000DC0BE2 rect=[0,29,1920,1020] vis=1 chrome=1 onChain=1 qclass=Qtitan::DockDocumentLayoutPanel
[hider] strip-occupant hwnd=00000000003C0CAE rect=[0,29,1920,1020] vis=1 chrome=1 onChain=1 qclass=Qtitan::DockDocumentTabbedLayoutPanel
[hider] strip-occupant hwnd=00000000009E0DEC rect=[0,29,1920,1020] vis=1 chrome=1 onChain=1 qclass=Qtitan::DockWidgetPanel
[hider] viewport = 0000000000B3088E qclass=RBX::Studio::QEngineWidget
[hider] pass: viewport=0000000000B3088E chainLen=10 newlyBlocked=0 alreadyBlocked=10 totalWins=31
[hider] strip-diag: mainClientBottom=1020 viewport=[0,29,1920,1020] (coversBottom=1)
[hider] strip-occupant hwnd=0000000000940ECA rect=[0,29,1920,1020] vis=1 chrome=0 onChain=1 qclass=QWidget
[hider] strip-occupant hwnd=0000000000320F44 rect=[0,29,1920,1020] vis=1 chrome=1 onChain=1 qclass=Qtitan::DockSplitLayoutPanel
[hider] strip-occupant hwnd=0000000000520D44 rect=[0,29,1920,1020] vis=1 chrome=1 onChain=1 qclass=Qtitan::DockSplitLayoutPanel
[hider] strip-occupant hwnd=00000000009107C4 rect=[0,29,1920,1020] vis=1 chrome=1 onChain=1 qclass=Qtitan::DockSplitLayoutPanel
[hider] strip-occupant hwnd=0000000001EA0984 rect=[0,29,1920,1020] vis=1 chrome=1 onChain=1 qclass=Qtitan::DockSplitLayoutPanel
[hider] strip-occupant hwnd=0000000000DC0BE2 rect=[0,29,1920,1020] vis=1 chrome=1 onChain=1 qclass=Qtitan::DockDocumentLayoutPanel
[hider] strip-occupant hwnd=00000000003C0CAE rect=[0,29,1920,1020] vis=1 chrome=1 onChain=1 qclass=Qtitan::DockDocumentTabbedLayoutPanel
[hider] strip-occupant hwnd=00000000009E0DEC rect=[0,29,1920,1020] vis=1 chrome=1 onChain=1 qclass=Qtitan::DockWidgetPanel
[hider] viewport = 0000000000B3088E qclass=RBX::Studio::QEngineWidget
[hider] pass: viewport=0000000000B3088E chainLen=10 newlyBlocked=0 alreadyBlocked=10 totalWins=31
[hider] strip-diag: mainClientBottom=1020 viewport=[0,29,1920,1020] (coversBottom=1)
[hider] strip-occupant hwnd=0000000000940ECA rect=[0,29,1920,1020] vis=1 chrome=0 onChain=1 qclass=QWidget
[hider] strip-occupant hwnd=0000000000320F44 rect=[0,29,1920,1020] vis=1 chrome=1 onChain=1 qclass=Qtitan::DockSplitLayoutPanel
[hider] strip-occupant hwnd=0000000000520D44 rect=[0,29,1920,1020] vis=1 chrome=1 onChain=1 qclass=Qtitan::DockSplitLayoutPanel
[hider] strip-occupant hwnd=00000000009107C4 rect=[0,29,1920,1020] vis=1 chrome=1 onChain=1 qclass=Qtitan::DockSplitLayoutPanel
[hider] strip-occupant hwnd=0000000001EA0984 rect=[0,29,1920,1020] vis=1 chrome=1 onChain=1 qclass=Qtitan::DockSplitLayoutPanel
[hider] strip-occupant hwnd=0000000000DC0BE2 rect=[0,29,1920,1020] vis=1 chrome=1 onChain=1 qclass=Qtitan::DockDocumentLayoutPanel
[hider] strip-occupant hwnd=00000000003C0CAE rect=[0,29,1920,1020] vis=1 chrome=1 onChain=1 qclass=Qtitan::DockDocumentTabbedLayoutPanel
[hider] strip-occupant hwnd=00000000009E0DEC rect=[0,29,1920,1020] vis=1 chrome=1 onChain=1 qclass=Qtitan::DockWidgetPanel
[hider] viewport = 0000000000B3088E qclass=RBX::Studio::QEngineWidget
[hider] pass: viewport=0000000000B3088E chainLen=10 newlyBlocked=0 alreadyBlocked=10 totalWins=31
[hider] viewport = 0000000000B3088E qclass=RBX::Studio::QEngineWidget
[hider] pass: viewport=0000000000B3088E chainLen=10 newlyBlocked=0 alreadyBlocked=10 totalWins=31
[udp_relay] SEND magic to 127.0.0.1:25565 username='HearMeRoar'
[udp_relay] RECV magic from 127.0.0.1:65255 username='HearMeRoar' userId=0 accountAge=3650 haveId=1, patching now
[name_patcher] x64 name updated to 'HearMeRoar'
[name_patcher] relayed identity: userId=0 accountAge=3650
[udp_relay] POSTed appearance for 'HearMeRoar' (1266 chars) -> https://127.0.0.1:443 ok=1
[hider] viewport = 0000000000B3088E qclass=RBX::Studio::QEngineWidget
[hider] pass: viewport=0000000000B3088E chainLen=10 newlyBlocked=0 alreadyBlocked=10 totalWins=31
[hider]  hwnd=0000000000940ECA parent=0000000001300E6C vis=1 area=1902720 chrome=0 qclass=QWidget
[hider]  hwnd=00000000029A0B3A parent=0000000000940ECA vis=1 area=1459200 chrome=1 qclass=Qtitan::DockSplitLayoutPanel
[hider]  hwnd=0000000000510E12 parent=00000000029A0B3A vis=1 area=1459200 chrome=1 qclass=Qtitan::DockSplitLayoutPanel
[hider]  hwnd=0000000000D20DB2 parent=0000000000510E12 vis=1 area=938880 chrome=1 qclass=Qtitan::DockSplitLayoutPanel
[hider]  hwnd=0000000000530D44 parent=0000000000D20DB2 vis=1 area=828855 chrome=1 qclass=Qtitan::DockSplitLayoutPanel
[hider]  hwnd=00000000009207C4 parent=0000000000530D44 vis=1 area=828855 chrome=1 qclass=Qtitan::DockDocumentLayoutPanel
[hider]  hwnd=0000000001EB0984 parent=00000000009207C4 vis=1 area=828855 chrome=1 qclass=Qtitan::DockDocumentTabbedLayoutPanel
[hider]  hwnd=0000000000330F44 parent=0000000001EB0984 vis=1 area=772920 chrome=1 qclass=Qtitan::DockDocumentPanel
[hider]  hwnd=00000000010E0568 parent=0000000000330F44 vis=1 area=768622 chrome=0 qclass=QStackedWidget
[hider]  hwnd=0000000000100D40 parent=00000000010E0568 vis=1 area=768622 chrome=0 qclass=QWidget
[hider]  hwnd=0000000000980A12 parent=0000000000100D40 vis=1 area=768622 chrome=0 qclass=QScrollArea
[hider]  hwnd=00000000000F0E82 parent=0000000000980A12 vis=1 area=757912 chrome=0 qclass=QWidget
[hider]  hwnd=0000000000A00600 parent=00000000000F0E82 vis=1 area=757912 chrome=0 qclass=QWidget
[hider]  hwnd=0000000002E40B40 parent=0000000000A00600 vis=1 area=757912 chrome=0 qclass=QWidget
[hider]  hwnd=0000000000B20F20 parent=0000000002E40B40 vis=1 area=757912 chrome=0 qclass=RBX::Studio::QEngineWidget
[hider]  hwnd=00000000022C0802 parent=0000000000B20F20 vis=0 area=4750 chrome=0 qclass=QLabel
[hider]  hwnd=0000000002CD09A2 parent=0000000000B20F20 vis=0 area=4750 chrome=0 qclass=QLabel
[hider]  hwnd=0000000000A40978 parent=0000000000D20DB2 vis=1 area=108069 chrome=1 qclass=Qtitan::DockSplitLayoutPanel
[hider]  hwnd=00000000009F0DEC parent=0000000000A40978 vis=1 area=65195 chrome=1 qclass=Qtitan::DockTabbedLayoutPanel
[hider]  hwnd=0000000000DE0BE2 parent=00000000009F0DEC vis=1 area=65416 chrome=1 qclass=Qtitan::DockWidgetPanel
[hider]  hwnd=00000000003D0CAE parent=0000000000DE0BE2 vis=1 area=58035 chrome=0 qclass=RBX::Studio::QEngineWidget
[hider]  hwnd=0000000001B407EE parent=0000000000A40978 vis=1 area=41990 chrome=1 qclass=Qtitan::DockTabbedLayoutPanel
[hider]  hwnd=0000000000DA0E54 parent=0000000001B407EE vis=0 area=0 chrome=1 qclass=Qtitan::DockWidgetPanel
[hider]  hwnd=0000000002D30970 parent=0000000000510E12 vis=1 area=514560 chrome=1 qclass=Qtitan::DockSplitLayoutPanel
[hider]  hwnd=0000000004B9099A parent=0000000002D30970 vis=1 area=514560 chrome=1 qclass=Qtitan::DockTabbedLayoutPanel
[hider]  hwnd=0000000000D90DBA parent=0000000004B9099A vis=0 area=0 chrome=1 qclass=Qtitan::DockWidgetPanel
[hider]  hwnd=0000000000930A70 parent=0000000001300E6C vis=1 area=278400 chrome=0 qclass=RBX::Studio::TopBar
[hider]  hwnd=0000000000550B56 parent=0000000000930A70 vis=1 area=228480 chrome=0 qclass=PluginPanelCustom
[hider]  hwnd=0000000001370B68 parent=0000000000550B56 vis=1 area=228480 chrome=0 qclass=RBX::Studio::QEngineWidget
[hider]  hwnd=0000000000D6074E parent=0000000001300E6C vis=0 area=0 chrome=1 qclass=Qtitan::DockWidgetPanel
[hider]  hwnd=00000000014A0796 parent=0000000001300E6C vis=0 area=0 chrome=1 qclass=Qtitan::DockWidgetPanel
[hider]  hwnd=0000000000590F46 parent=0000000001300E6C vis=0 area=0 chrome=1 qclass=Qtitan::DockWidgetPanel
[hider]  hwnd=0000000001410A58 parent=0000000001300E6C vis=0 area=0 chrome=1 qclass=Qtitan::DockWidgetPanel
[hider]  hwnd=00000000015F0B12 parent=0000000001300E6C vis=0 area=0 chrome=1 qclass=Qtitan::DockWidgetPanel
[hider]  hwnd=0000000001700E14 parent=0000000001300E6C vis=0 area=0 chrome=1 qclass=Qtitan::DockWidgetPanel
[hider]  hwnd=0000000001DB0B3E parent=0000000001300E6C vis=0 area=0 chrome=1 qclass=Qtitan::DockWidgetPanel
[hider]  hwnd=0000000000B0096E parent=0000000001300E6C vis=0 area=0 chrome=1 qclass=Qtitan::DockWidgetPanel
[hider] viewport = 0000000000B20F20 qclass=RBX::Studio::QEngineWidget
[hider] pass: viewport=0000000000B20F20 chainLen=16 newlyBlocked=6 alreadyBlocked=10 totalWins=37
[hider] viewport = 0000000000B20F20 qclass=RBX::Studio::QEngineWidget
[hider] pass: viewport=0000000000B20F20 chainLen=16 newlyBlocked=0 alreadyBlocked=16 totalWins=37
[hider] viewport = 0000000000B20F20 qclass=RBX::Studio::QEngineWidget
[hider] pass: viewport=0000000000B20F20 chainLen=16 newlyBlocked=0 alreadyBlocked=16 totalWins=37
[hider] viewport = 0000000000B20F20 qclass=RBX::Studio::QEngineWidget
[hider] pass: viewport=0000000000B20F20 chainLen=16 newlyBlocked=0 alreadyBlocked=16 totalWins=37
[hider] viewport = 0000000000B20F20 qclass=RBX::Studio::QEngineWidget
[hider] pass: viewport=0000000000B20F20 chainLen=16 newlyBlocked=0 alreadyBlocked=16 totalWins=37
[hider] viewport = 0000000000B20F20 qclass=RBX::Studio::QEngineWidget
[hider] pass: viewport=0000000000B20F20 chainLen=16 newlyBlocked=0 alreadyBlocked=16 totalWins=37
[hider] viewport = 0000000000B20F20 qclass=RBX::Studio::QEngineWidget
[hider] pass: viewport=0000000000B20F20 chainLen=16 newlyBlocked=0 alreadyBlocked=16 totalWins=37
[hider] viewport = 0000000000B20F20 qclass=RBX::Studio::QEngineWidget
[hider] pass: viewport=0000000000B20F20 chainLen=16 newlyBlocked=0 alreadyBlocked=16 totalWins=37
[hider] viewport = 0000000000B20F20 qclass=RBX::Studio::QEngineWidget
[hider] pass: viewport=0000000000B20F20 chainLen=16 newlyBlocked=0 alreadyBlocked=16 totalWins=37
[hider] viewport = 0000000000B20F20 qclass=RBX::Studio::QEngineWidget
[hider] pass: viewport=0000000000B20F20 chainLen=16 newlyBlocked=0 alreadyBlocked=16 totalWins=37
[hider] viewport = 0000000000B20F20 qclass=RBX::Studio::QEngineWidget
[hider] pass: viewport=0000000000B20F20 chainLen=16 newlyBlocked=0 alreadyBlocked=16 totalWins=37
[hider] viewport = 0000000000B20F20 qclass=RBX::Studio::QEngineWidget
[hider] pass: viewport=0000000000B20F20 chainLen=16 newlyBlocked=0 alreadyBlocked=16 totalWins=37
[hider] viewport = 0000000000B20F20 qclass=RBX::Studio::QEngineWidget
[hider] pass: viewport=0000000000B20F20 chainLen=16 newlyBlocked=0 alreadyBlocked=16 totalWins=37
[hider] viewport = 0000000000B20F20 qclass=RBX::Studio::QEngineWidget
[hider] pass: viewport=0000000000B20F20 chainLen=16 newlyBlocked=0 alreadyBlocked=16 totalWins=37
[hider] viewport = 0000000000B20F20 qclass=RBX::Studio::QEngineWidget
[hider] pass: viewport=0000000000B20F20 chainLen=16 newlyBlocked=0 alreadyBlocked=16 totalWins=37
[hider] viewport = 0000000000B20F20 qclass=RBX::Studio::QEngineWidget
[hider] pass: viewport=0000000000B20F20 chainLen=16 newlyBlocked=0 alreadyBlocked=16 totalWins=37
[hider] viewport = 0000000000B20F20 qclass=RBX::Studio::QEngineWidget
[hider] pass: viewport=0000000000B20F20 chainLen=16 newlyBlocked=0 alreadyBlocked=16 totalWins=37
[hider] viewport = 0000000000B20F20 qclass=RBX::Studio::QEngineWidget
[hider] pass: viewport=0000000000B20F20 chainLen=16 newlyBlocked=0 alreadyBlocked=16 totalWins=37
[hider] viewport = 0000000000B20F20 qclass=RBX::Studio::QEngineWidget
[hider] pass: viewport=0000000000B20F20 chainLen=16 newlyBlocked=0 alreadyBlocked=16 totalWins=37
[hider] viewport = 0000000000B20F20 qclass=RBX::Studio::QEngineWidget
[hider] pass: viewport=0000000000B20F20 chainLen=16 newlyBlocked=0 alreadyBlocked=16 totalWins=37
[hider] viewport = 0000000000B20F20 qclass=RBX::Studio::QEngineWidget
[hider] pass: viewport=0000000000B20F20 chainLen=16 newlyBlocked=0 alreadyBlocked=16 totalWins=37
[hider] viewport = 0000000000B20F20 qclass=RBX::Studio::QEngineWidget
[hider] pass: viewport=0000000000B20F20 chainLen=16 newlyBlocked=0 alreadyBlocked=16 totalWins=37
[dllmain] SafeInit pid=29144
[name_patcher] x64 name patch OK -> 'HearMeRoar' (buf 00007FF6FF3C0000)
[udp_relay] installing IAT hooks (client=1 server=0)
[udp_relay] username='HearMeRoar' (10 chars)
[udp_relay] hooks: sendto=00007FFE8DE10900 recvfrom=0000000000000000 WSASendTo=00007FFE8DE11390 WSARecvFrom=0000000000000000 WSARecv=0000000000000000
[rcc_patch] IP patched @rva=0x4FA1DAE -> '127.0.0.1' (len mov updated)
[rcc_patch] IP patched @rva=0x2793CDA -> '127.0.0.1' (len mov updated)
[rcc_patch] IP patched @rva=0x2793DA7 -> '127.0.0.1' (len mov updated)
[rcc_patch] IP patched @rva=0x2793E8B -> '127.0.0.1' (len mov updated)
[rcc_patch] IP patched @rva=0x2793F2D -> '127.0.0.1' (len mov updated)
[dllmain] StartClient launch confirmed - activating Qt hider
[hider] Qt symbols: find=00007FFD482B8A00 className=00007FFD477E7A50 -> OK
[hider]  hwnd=0000000000370F44 parent=00000000027F0A7A vis=0 area=14250 chrome=0 qclass=QStackedWidget
[hider]  hwnd=0000000000570F04 parent=0000000000370F44 vis=0 area=4750 chrome=0 qclass=QWidget
[hider]  hwnd=0000000000460EC8 parent=0000000000570F04 vis=0 area=4750 chrome=0 qclass=QScrollArea
[hider]  hwnd=0000000001100568 parent=0000000000460EC8 vis=0 area=4750 chrome=0 qclass=QWidget
[hider]  hwnd=0000000000960ECA parent=0000000001100568 vis=0 area=4750 chrome=0 qclass=QWidget
[hider]  hwnd=0000000000120D40 parent=0000000000960ECA vis=0 area=4750 chrome=0 qclass=QWidget
[hider]  hwnd=0000000001DC0B3E parent=0000000000120D40 vis=0 area=15625 chrome=0 qclass=RBX::Studio::QEngineWidget
[hider]  hwnd=0000000000530E12 parent=0000000001DC0B3E vis=0 area=4750 chrome=0 qclass=QLabel
[hider]  hwnd=0000000000810EFC parent=0000000001DC0B3E vis=0 area=4750 chrome=0 qclass=QLabel
[hider]  hwnd=0000000000550D44 parent=00000000027F0A7A vis=1 area=1689600 chrome=0 qclass=QWidget
[hider]  hwnd=0000000000120E82 parent=0000000000550D44 vis=1 area=1689600 chrome=1 qclass=Qtitan::DockSplitLayoutPanel
[hider]  hwnd=0000000000D60DB2 parent=0000000000120E82 vis=1 area=1689600 chrome=1 qclass=Qtitan::DockSplitLayoutPanel
[hider]  hwnd=0000000000B40F20 parent=0000000000D60DB2 vis=1 area=1689600 chrome=1 qclass=Qtitan::DockSplitLayoutPanel
[hider]  hwnd=0000000000A30600 parent=0000000000B40F20 vis=1 area=1689600 chrome=1 qclass=Qtitan::DockSplitLayoutPanel
[hider]  hwnd=0000000004BB099A parent=0000000000A30600 vis=1 area=1689600 chrome=1 qclass=Qtitan::DockDocumentLayoutPanel
[hider]  hwnd=0000000000DB0DBA parent=0000000004BB099A vis=1 area=1689600 chrome=1 qclass=Qtitan::DockDocumentTabbedLayoutPanel
[hider]  hwnd=0000000000E00BE2 parent=0000000000DB0DBA vis=1 area=1689600 chrome=1 qclass=Qtitan::DockWidgetPanel
[hider]  hwnd=00000000003F0CAE parent=0000000000E00BE2 vis=1 area=1684004 chrome=0 qclass=RBX::Studio::QEngineWidget
[hider]  hwnd=0000000000DE0E54 parent=00000000027F0A7A vis=1 area=136320 chrome=0 qclass=RBX::Studio::TopBar
[hider]  hwnd=0000000000A10DEC parent=0000000000DE0E54 vis=1 area=86400 chrome=0 qclass=PluginPanelCustom
[hider]  hwnd=0000000001B607EE parent=0000000000A10DEC vis=1 area=86400 chrome=0 qclass=RBX::Studio::QEngineWidget
[hider]  hwnd=0000000001FA0CA4 parent=00000000027F0A7A vis=0 area=4750 chrome=1 qclass=Qtitan::DockWidgetPanel
[hider]  hwnd=0000000001380B68 parent=00000000027F0A7A vis=0 area=4750 chrome=1 qclass=Qtitan::DockWidgetPanel
[hider]  hwnd=0000000000560B56 parent=00000000027F0A7A vis=0 area=4750 chrome=1 qclass=Qtitan::DockWidgetPanel
[hider]  hwnd=0000000000940A70 parent=00000000027F0A7A vis=0 area=4750 chrome=1 qclass=Qtitan::DockWidgetPanel
[hider]  hwnd=0000000000D7074E parent=00000000027F0A7A vis=0 area=4750 chrome=1 qclass=Qtitan::DockWidgetPanel
[hider]  hwnd=00000000014B0796 parent=00000000027F0A7A vis=0 area=4750 chrome=1 qclass=Qtitan::DockWidgetPanel
[hider]  hwnd=0000000001420A58 parent=00000000027F0A7A vis=0 area=4750 chrome=1 qclass=Qtitan::DockWidgetPanel
[hider]  hwnd=0000000001600B12 parent=00000000027F0A7A vis=0 area=4750 chrome=1 qclass=Qtitan::DockWidgetPanel
[hider]  hwnd=0000000001710E14 parent=00000000027F0A7A vis=0 area=4750 chrome=1 qclass=Qtitan::DockWidgetPanel
[hider]  hwnd=0000000000B7096E parent=00000000027F0A7A vis=0 area=4750 chrome=1 qclass=Qtitan::DockWidgetPanel
[hider] viewport = 00000000003F0CAE qclass=RBX::Studio::QEngineWidget
[hider] pass: viewport=00000000003F0CAE chainLen=10 newlyBlocked=10 alreadyBlocked=0 totalWins=31
[hider] strip-diag: mainClientBottom=1020 viewport=[0,29,1920,1020] (coversBottom=1)
[hider] strip-occupant hwnd=0000000000550D44 rect=[0,29,1920,1020] vis=1 chrome=0 onChain=1 qclass=QWidget
[hider] strip-occupant hwnd=0000000000120E82 rect=[0,29,1920,1020] vis=1 chrome=1 onChain=1 qclass=Qtitan::DockSplitLayoutPanel
[hider] strip-occupant hwnd=0000000000D60DB2 rect=[0,29,1920,1020] vis=1 chrome=1 onChain=1 qclass=Qtitan::DockSplitLayoutPanel
[hider] strip-occupant hwnd=0000000000B40F20 rect=[0,29,1920,1020] vis=1 chrome=1 onChain=1 qclass=Qtitan::DockSplitLayoutPanel
[hider] strip-occupant hwnd=0000000000A30600 rect=[0,29,1920,1020] vis=1 chrome=1 onChain=1 qclass=Qtitan::DockSplitLayoutPanel
[hider] strip-occupant hwnd=0000000004BB099A rect=[0,29,1920,1020] vis=1 chrome=1 onChain=1 qclass=Qtitan::DockDocumentLayoutPanel
[hider] strip-occupant hwnd=0000000000DB0DBA rect=[0,29,1920,1020] vis=1 chrome=1 onChain=1 qclass=Qtitan::DockDocumentTabbedLayoutPanel
[hider] strip-occupant hwnd=0000000000E00BE2 rect=[0,29,1920,1020] vis=1 chrome=1 onChain=1 qclass=Qtitan::DockWidgetPanel
[udp_relay] SEND magic to 127.0.0.1:58612 username='HearMeRoar'
[hider] viewport = 00000000003F0CAE qclass=RBX::Studio::QEngineWidget
[hider] pass: viewport=00000000003F0CAE chainLen=10 newlyBlocked=0 alreadyBlocked=10 totalWins=31
[hider] strip-diag: mainClientBottom=1020 viewport=[0,29,1920,1020] (coversBottom=1)
[hider] strip-occupant hwnd=0000000000550D44 rect=[0,29,1920,1020] vis=1 chrome=0 onChain=1 qclass=QWidget
[hider] strip-occupant hwnd=0000000000120E82 rect=[0,29,1920,1020] vis=1 chrome=1 onChain=1 qclass=Qtitan::DockSplitLayoutPanel
[hider] strip-occupant hwnd=0000000000D60DB2 rect=[0,29,1920,1020] vis=1 chrome=1 onChain=1 qclass=Qtitan::DockSplitLayoutPanel
[hider] strip-occupant hwnd=0000000000B40F20 rect=[0,29,1920,1020] vis=1 chrome=1 onChain=1 qclass=Qtitan::DockSplitLayoutPanel
[hider] strip-occupant hwnd=0000000000A30600 rect=[0,29,1920,1020] vis=1 chrome=1 onChain=1 qclass=Qtitan::DockSplitLayoutPanel
[hider] strip-occupant hwnd=0000000004BB099A rect=[0,29,1920,1020] vis=1 chrome=1 onChain=1 qclass=Qtitan::DockDocumentLayoutPanel
[hider] strip-occupant hwnd=0000000000DB0DBA rect=[0,29,1920,1020] vis=1 chrome=1 onChain=1 qclass=Qtitan::DockDocumentTabbedLayoutPanel
[hider] strip-occupant hwnd=0000000000E00BE2 rect=[0,29,1920,1020] vis=1 chrome=1 onChain=1 qclass=Qtitan::DockWidgetPanel
[hider] viewport = 00000000003F0CAE qclass=RBX::Studio::QEngineWidget
[hider] pass: viewport=00000000003F0CAE chainLen=10 newlyBlocked=0 alreadyBlocked=10 totalWins=31
[hider] strip-diag: mainClientBottom=1020 viewport=[0,29,1920,1020] (coversBottom=1)
[hider] strip-occupant hwnd=0000000000550D44 rect=[0,29,1920,1020] vis=1 chrome=0 onChain=1 qclass=QWidget
[hider] strip-occupant hwnd=0000000000120E82 rect=[0,29,1920,1020] vis=1 chrome=1 onChain=1 qclass=Qtitan::DockSplitLayoutPanel
[hider] strip-occupant hwnd=0000000000D60DB2 rect=[0,29,1920,1020] vis=1 chrome=1 onChain=1 qclass=Qtitan::DockSplitLayoutPanel
[hider] strip-occupant hwnd=0000000000B40F20 rect=[0,29,1920,1020] vis=1 chrome=1 onChain=1 qclass=Qtitan::DockSplitLayoutPanel
[hider] strip-occupant hwnd=0000000000A30600 rect=[0,29,1920,1020] vis=1 chrome=1 onChain=1 qclass=Qtitan::DockSplitLayoutPanel
[hider] strip-occupant hwnd=0000000004BB099A rect=[0,29,1920,1020] vis=1 chrome=1 onChain=1 qclass=Qtitan::DockDocumentLayoutPanel
[hider] strip-occupant hwnd=0000000000DB0DBA rect=[0,29,1920,1020] vis=1 chrome=1 onChain=1 qclass=Qtitan::DockDocumentTabbedLayoutPanel
[hider] strip-occupant hwnd=0000000000E00BE2 rect=[0,29,1920,1020] vis=1 chrome=1 onChain=1 qclass=Qtitan::DockWidgetPanel
[hider] viewport = 00000000003F0CAE qclass=RBX::Studio::QEngineWidget
[hider] pass: viewport=00000000003F0CAE chainLen=10 newlyBlocked=0 alreadyBlocked=10 totalWins=31
[hider] strip-diag: mainClientBottom=1020 viewport=[0,29,1920,1020] (coversBottom=1)
[hider] strip-occupant hwnd=0000000000550D44 rect=[0,29,1920,1020] vis=1 chrome=0 onChain=1 qclass=QWidget
[hider] strip-occupant hwnd=0000000000120E82 rect=[0,29,1920,1020] vis=1 chrome=1 onChain=1 qclass=Qtitan::DockSplitLayoutPanel
[hider] strip-occupant hwnd=0000000000D60DB2 rect=[0,29,1920,1020] vis=1 chrome=1 onChain=1 qclass=Qtitan::DockSplitLayoutPanel
[hider] strip-occupant hwnd=0000000000B40F20 rect=[0,29,1920,1020] vis=1 chrome=1 onChain=1 qclass=Qtitan::DockSplitLayoutPanel
[hider] strip-occupant hwnd=0000000000A30600 rect=[0,29,1920,1020] vis=1 chrome=1 onChain=1 qclass=Qtitan::DockSplitLayoutPanel
[hider] strip-occupant hwnd=0000000004BB099A rect=[0,29,1920,1020] vis=1 chrome=1 onChain=1 qclass=Qtitan::DockDocumentLayoutPanel
[hider] strip-occupant hwnd=0000000000DB0DBA rect=[0,29,1920,1020] vis=1 chrome=1 onChain=1 qclass=Qtitan::DockDocumentTabbedLayoutPanel
[hider] strip-occupant hwnd=0000000000E00BE2 rect=[0,29,1920,1020] vis=1 chrome=1 onChain=1 qclass=Qtitan::DockWidgetPanel
[hider] viewport = 00000000003F0CAE qclass=RBX::Studio::QEngineWidget
[hider] pass: viewport=00000000003F0CAE chainLen=10 newlyBlocked=0 alreadyBlocked=10 totalWins=31
[hider] strip-diag: mainClientBottom=1020 viewport=[0,29,1920,1020] (coversBottom=1)
[hider] strip-occupant hwnd=0000000000550D44 rect=[0,29,1920,1020] vis=1 chrome=0 onChain=1 qclass=QWidget
[hider] strip-occupant hwnd=0000000000120E82 rect=[0,29,1920,1020] vis=1 chrome=1 onChain=1 qclass=Qtitan::DockSplitLayoutPanel
[hider] strip-occupant hwnd=0000000000D60DB2 rect=[0,29,1920,1020] vis=1 chrome=1 onChain=1 qclass=Qtitan::DockSplitLayoutPanel
[hider] strip-occupant hwnd=0000000000B40F20 rect=[0,29,1920,1020] vis=1 chrome=1 onChain=1 qclass=Qtitan::DockSplitLayoutPanel
[hider] strip-occupant hwnd=0000000000A30600 rect=[0,29,1920,1020] vis=1 chrome=1 onChain=1 qclass=Qtitan::DockSplitLayoutPanel
[hider] strip-occupant hwnd=0000000004BB099A rect=[0,29,1920,1020] vis=1 chrome=1 onChain=1 qclass=Qtitan::DockDocumentLayoutPanel
[hider] strip-occupant hwnd=0000000000DB0DBA rect=[0,29,1920,1020] vis=1 chrome=1 onChain=1 qclass=Qtitan::DockDocumentTabbedLayoutPanel
[hider] strip-occupant hwnd=0000000000E00BE2 rect=[0,29,1920,1020] vis=1 chrome=1 onChain=1 qclass=Qtitan::DockWidgetPanel
[hider] viewport = 00000000003F0CAE qclass=RBX::Studio::QEngineWidget
[hider] pass: viewport=00000000003F0CAE chainLen=10 newlyBlocked=0 alreadyBlocked=10 totalWins=31
[hider] strip-diag: mainClientBottom=1020 viewport=[0,29,1920,1020] (coversBottom=1)
[hider] strip-occupant hwnd=0000000000550D44 rect=[0,29,1920,1020] vis=1 chrome=0 onChain=1 qclass=QWidget
[hider] strip-occupant hwnd=0000000000120E82 rect=[0,29,1920,1020] vis=1 chrome=1 onChain=1 qclass=Qtitan::DockSplitLayoutPanel
[hider] strip-occupant hwnd=0000000000D60DB2 rect=[0,29,1920,1020] vis=1 chrome=1 onChain=1 qclass=Qtitan::DockSplitLayoutPanel
[hider] strip-occupant hwnd=0000000000B40F20 rect=[0,29,1920,1020] vis=1 chrome=1 onChain=1 qclass=Qtitan::DockSplitLayoutPanel
[hider] strip-occupant hwnd=0000000000A30600 rect=[0,29,1920,1020] vis=1 chrome=1 onChain=1 qclass=Qtitan::DockSplitLayoutPanel
[hider] strip-occupant hwnd=0000000004BB099A rect=[0,29,1920,1020] vis=1 chrome=1 onChain=1 qclass=Qtitan::DockDocumentLayoutPanel
[hider] strip-occupant hwnd=0000000000DB0DBA rect=[0,29,1920,1020] vis=1 chrome=1 onChain=1 qclass=Qtitan::DockDocumentTabbedLayoutPanel
[hider] strip-occupant hwnd=0000000000E00BE2 rect=[0,29,1920,1020] vis=1 chrome=1 onChain=1 qclass=Qtitan::DockWidgetPanel
[hider] viewport = 00000000003F0CAE qclass=RBX::Studio::QEngineWidget
[hider] pass: viewport=00000000003F0CAE chainLen=10 newlyBlocked=0 alreadyBlocked=10 totalWins=31
[hider] strip-diag: mainClientBottom=1020 viewport=[0,29,1920,1020] (coversBottom=1)
[hider] strip-occupant hwnd=0000000000550D44 rect=[0,29,1920,1020] vis=1 chrome=0 onChain=1 qclass=QWidget
[hider] strip-occupant hwnd=0000000000120E82 rect=[0,29,1920,1020] vis=1 chrome=1 onChain=1 qclass=Qtitan::DockSplitLayoutPanel
[hider] strip-occupant hwnd=0000000000D60DB2 rect=[0,29,1920,1020] vis=1 chrome=1 onChain=1 qclass=Qtitan::DockSplitLayoutPanel
[hider] strip-occupant hwnd=0000000000B40F20 rect=[0,29,1920,1020] vis=1 chrome=1 onChain=1 qclass=Qtitan::DockSplitLayoutPanel
[hider] strip-occupant hwnd=0000000000A30600 rect=[0,29,1920,1020] vis=1 chrome=1 onChain=1 qclass=Qtitan::DockSplitLayoutPanel
[hider] strip-occupant hwnd=0000000004BB099A rect=[0,29,1920,1020] vis=1 chrome=1 onChain=1 qclass=Qtitan::DockDocumentLayoutPanel
[hider] strip-occupant hwnd=0000000000DB0DBA rect=[0,29,1920,1020] vis=1 chrome=1 onChain=1 qclass=Qtitan::DockDocumentTabbedLayoutPanel
[hider] strip-occupant hwnd=0000000000E00BE2 rect=[0,29,1920,1020] vis=1 chrome=1 onChain=1 qclass=Qtitan::DockWidgetPanel
[hider] viewport = 00000000003F0CAE qclass=RBX::Studio::QEngineWidget
[hider] pass: viewport=00000000003F0CAE chainLen=10 newlyBlocked=0 alreadyBlocked=10 totalWins=31
[hider] strip-diag: mainClientBottom=1020 viewport=[0,29,1920,1020] (coversBottom=1)
[hider] strip-occupant hwnd=0000000000550D44 rect=[0,29,1920,1020] vis=1 chrome=0 onChain=1 qclass=QWidget
[hider] strip-occupant hwnd=0000000000120E82 rect=[0,29,1920,1020] vis=1 chrome=1 onChain=1 qclass=Qtitan::DockSplitLayoutPanel
[hider] strip-occupant hwnd=0000000000D60DB2 rect=[0,29,1920,1020] vis=1 chrome=1 onChain=1 qclass=Qtitan::DockSplitLayoutPanel
[hider] strip-occupant hwnd=0000000000B40F20 rect=[0,29,1920,1020] vis=1 chrome=1 onChain=1 qclass=Qtitan::DockSplitLayoutPanel
[hider] strip-occupant hwnd=0000000000A30600 rect=[0,29,1920,1020] vis=1 chrome=1 onChain=1 qclass=Qtitan::DockSplitLayoutPanel
[hider] strip-occupant hwnd=0000000004BB099A rect=[0,29,1920,1020] vis=1 chrome=1 onChain=1 qclass=Qtitan::DockDocumentLayoutPanel
[hider] strip-occupant hwnd=0000000000DB0DBA rect=[0,29,1920,1020] vis=1 chrome=1 onChain=1 qclass=Qtitan::DockDocumentTabbedLayoutPanel
[hider] strip-occupant hwnd=0000000000E00BE2 rect=[0,29,1920,1020] vis=1 chrome=1 onChain=1 qclass=Qtitan::DockWidgetPanel
[hider] viewport = 00000000003F0CAE qclass=RBX::Studio::QEngineWidget
[hider] pass: viewport=00000000003F0CAE chainLen=10 newlyBlocked=0 alreadyBlocked=10 totalWins=31
[hider] strip-diag: mainClientBottom=1020 viewport=[0,29,1920,1020] (coversBottom=1)
[hider] strip-occupant hwnd=0000000000550D44 rect=[0,29,1920,1020] vis=1 chrome=0 onChain=1 qclass=QWidget
[hider] strip-occupant hwnd=0000000000120E82 rect=[0,29,1920,1020] vis=1 chrome=1 onChain=1 qclass=Qtitan::DockSplitLayoutPanel
[hider] strip-occupant hwnd=0000000000D60DB2 rect=[0,29,1920,1020] vis=1 chrome=1 onChain=1 qclass=Qtitan::DockSplitLayoutPanel
[hider] strip-occupant hwnd=0000000000B40F20 rect=[0,29,1920,1020] vis=1 chrome=1 onChain=1 qclass=Qtitan::DockSplitLayoutPanel
[hider] strip-occupant hwnd=0000000000A30600 rect=[0,29,1920,1020] vis=1 chrome=1 onChain=1 qclass=Qtitan::DockSplitLayoutPanel
[hider] strip-occupant hwnd=0000000004BB099A rect=[0,29,1920,1020] vis=1 chrome=1 onChain=1 qclass=Qtitan::DockDocumentLayoutPanel
[hider] strip-occupant hwnd=0000000000DB0DBA rect=[0,29,1920,1020] vis=1 chrome=1 onChain=1 qclass=Qtitan::DockDocumentTabbedLayoutPanel
[hider] strip-occupant hwnd=0000000000E00BE2 rect=[0,29,1920,1020] vis=1 chrome=1 onChain=1 qclass=Qtitan::DockWidgetPanel
[hider] viewport = 00000000003F0CAE qclass=RBX::Studio::QEngineWidget
[hider] pass: viewport=00000000003F0CAE chainLen=10 newlyBlocked=0 alreadyBlocked=10 totalWins=31
[hider] strip-diag: mainClientBottom=1020 viewport=[0,29,1920,1020] (coversBottom=1)
[hider] strip-occupant hwnd=0000000000550D44 rect=[0,29,1920,1020] vis=1 chrome=0 onChain=1 qclass=QWidget
[hider] strip-occupant hwnd=0000000000120E82 rect=[0,29,1920,1020] vis=1 chrome=1 onChain=1 qclass=Qtitan::DockSplitLayoutPanel
[hider] strip-occupant hwnd=0000000000D60DB2 rect=[0,29,1920,1020] vis=1 chrome=1 onChain=1 qclass=Qtitan::DockSplitLayoutPanel
[hider] strip-occupant hwnd=0000000000B40F20 rect=[0,29,1920,1020] vis=1 chrome=1 onChain=1 qclass=Qtitan::DockSplitLayoutPanel
[hider] strip-occupant hwnd=0000000000A30600 rect=[0,29,1920,1020] vis=1 chrome=1 onChain=1 qclass=Qtitan::DockSplitLayoutPanel
[hider] strip-occupant hwnd=0000000004BB099A rect=[0,29,1920,1020] vis=1 chrome=1 onChain=1 qclass=Qtitan::DockDocumentLayoutPanel
[hider] strip-occupant hwnd=0000000000DB0DBA rect=[0,29,1920,1020] vis=1 chrome=1 onChain=1 qclass=Qtitan::DockDocumentTabbedLayoutPanel
[hider] strip-occupant hwnd=0000000000E00BE2 rect=[0,29,1920,1020] vis=1 chrome=1 onChain=1 qclass=Qtitan::DockWidgetPanel
[hider] viewport = 00000000003F0CAE qclass=RBX::Studio::QEngineWidget
[hider] pass: viewport=00000000003F0CAE chainLen=10 newlyBlocked=0 alreadyBlocked=10 totalWins=31
[hider] strip-diag: mainClientBottom=1020 viewport=[0,29,1920,1020] (coversBottom=1)
[hider] strip-occupant hwnd=0000000000550D44 rect=[0,29,1920,1020] vis=1 chrome=0 onChain=1 qclass=QWidget
[hider] strip-occupant hwnd=0000000000120E82 rect=[0,29,1920,1020] vis=1 chrome=1 onChain=1 qclass=Qtitan::DockSplitLayoutPanel
[hider] strip-occupant hwnd=0000000000D60DB2 rect=[0,29,1920,1020] vis=1 chrome=1 onChain=1 qclass=Qtitan::DockSplitLayoutPanel
[hider] strip-occupant hwnd=0000000000B40F20 rect=[0,29,1920,1020] vis=1 chrome=1 onChain=1 qclass=Qtitan::DockSplitLayoutPanel
[hider] strip-occupant hwnd=0000000000A30600 rect=[0,29,1920,1020] vis=1 chrome=1 onChain=1 qclass=Qtitan::DockSplitLayoutPanel
[hider] strip-occupant hwnd=0000000004BB099A rect=[0,29,1920,1020] vis=1 chrome=1 onChain=1 qclass=Qtitan::DockDocumentLayoutPanel
[hider] strip-occupant hwnd=0000000000DB0DBA rect=[0,29,1920,1020] vis=1 chrome=1 onChain=1 qclass=Qtitan::DockDocumentTabbedLayoutPanel
[hider] strip-occupant hwnd=0000000000E00BE2 rect=[0,29,1920,1020] vis=1 chrome=1 onChain=1 qclass=Qtitan::DockWidgetPanel
[hider] viewport = 00000000003F0CAE qclass=RBX::Studio::QEngineWidget
[hider] pass: viewport=00000000003F0CAE chainLen=10 newlyBlocked=0 alreadyBlocked=10 totalWins=31
[hider] strip-diag: mainClientBottom=1020 viewport=[0,29,1920,1020] (coversBottom=1)
[hider] strip-occupant hwnd=0000000000550D44 rect=[0,29,1920,1020] vis=1 chrome=0 onChain=1 qclass=QWidget
[hider] strip-occupant hwnd=0000000000120E82 rect=[0,29,1920,1020] vis=1 chrome=1 onChain=1 qclass=Qtitan::DockSplitLayoutPanel
[hider] strip-occupant hwnd=0000000000D60DB2 rect=[0,29,1920,1020] vis=1 chrome=1 onChain=1 qclass=Qtitan::DockSplitLayoutPanel
[hider] strip-occupant hwnd=0000000000B40F20 rect=[0,29,1920,1020] vis=1 chrome=1 onChain=1 qclass=Qtitan::DockSplitLayoutPanel
[hider] strip-occupant hwnd=0000000000A30600 rect=[0,29,1920,1020] vis=1 chrome=1 onChain=1 qclass=Qtitan::DockSplitLayoutPanel
[hider] strip-occupant hwnd=0000000004BB099A rect=[0,29,1920,1020] vis=1 chrome=1 onChain=1 qclass=Qtitan::DockDocumentLayoutPanel
[hider] strip-occupant hwnd=0000000000DB0DBA rect=[0,29,1920,1020] vis=1 chrome=1 onChain=1 qclass=Qtitan::DockDocumentTabbedLayoutPanel
[hider] strip-occupant hwnd=0000000000E00BE2 rect=[0,29,1920,1020] vis=1 chrome=1 onChain=1 qclass=Qtitan::DockWidgetPanel
[hider] viewport = 00000000003F0CAE qclass=RBX::Studio::QEngineWidget
[hider] pass: viewport=00000000003F0CAE chainLen=10 newlyBlocked=0 alreadyBlocked=10 totalWins=31
[hider] viewport = 00000000003F0CAE qclass=RBX::Studio::QEngineWidget
[hider] pass: viewport=00000000003F0CAE chainLen=10 newlyBlocked=0 alreadyBlocked=10 totalWins=31
[hider] viewport = 00000000003F0CAE qclass=RBX::Studio::QEngineWidget
[hider] pass: viewport=00000000003F0CAE chainLen=10 newlyBlocked=0 alreadyBlocked=10 totalWins=31
[hider] viewport = 00000000003F0CAE qclass=RBX::Studio::QEngineWidget
[hider] pass: viewport=00000000003F0CAE chainLen=10 newlyBlocked=0 alreadyBlocked=10 totalWins=31
[hider] viewport = 00000000003F0CAE qclass=RBX::Studio::QEngineWidget
[hider] pass: viewport=00000000003F0CAE chainLen=10 newlyBlocked=0 alreadyBlocked=10 totalWins=31
[hider] viewport = 00000000003F0CAE qclass=RBX::Studio::QEngineWidget
[hider] pass: viewport=00000000003F0CAE chainLen=10 newlyBlocked=0 alreadyBlocked=10 totalWins=31
[udp_relay] SEND magic to 127.0.0.1:25565 username='HearMeRoar'
[udp_relay] RECV magic from 127.0.0.1:49955 username='HearMeRoar' userId=0 accountAge=3650 haveId=1, patching now
[name_patcher] x64 name updated to 'HearMeRoar'
[name_patcher] relayed identity: userId=0 accountAge=3650
[udp_relay] POSTed appearance for 'HearMeRoar' (1266 chars) -> https://127.0.0.1:443 ok=1
[hider]  hwnd=0000000000550D44 parent=00000000027F0A7A vis=1 area=1902720 chrome=0 qclass=QWidget
[hider]  hwnd=00000000000E0F72 parent=0000000000550D44 vis=1 area=1459200 chrome=1 qclass=Qtitan::DockSplitLayoutPanel
[hider]  hwnd=0000000000A407C4 parent=00000000000E0F72 vis=1 area=1459200 chrome=1 qclass=Qtitan::DockSplitLayoutPanel
[hider]  hwnd=0000000002CE09A2 parent=0000000000A407C4 vis=1 area=938880 chrome=1 qclass=Qtitan::DockSplitLayoutPanel
[hider]  hwnd=0000000000D70DB2 parent=0000000002CE09A2 vis=1 area=828855 chrome=1 qclass=Qtitan::DockSplitLayoutPanel
[hider]  hwnd=0000000000B50F20 parent=0000000000D70DB2 vis=1 area=828855 chrome=1 qclass=Qtitan::DockDocumentLayoutPanel
[hider]  hwnd=0000000000A40600 parent=0000000000B50F20 vis=1 area=828855 chrome=1 qclass=Qtitan::DockDocumentTabbedLayoutPanel
[hider]  hwnd=0000000000130E82 parent=0000000000A40600 vis=1 area=772920 chrome=1 qclass=Qtitan::DockDocumentPanel
[hider]  hwnd=0000000000370F44 parent=0000000000130E82 vis=1 area=768622 chrome=0 qclass=QStackedWidget
[hider]  hwnd=0000000000570F04 parent=0000000000370F44 vis=1 area=768622 chrome=0 qclass=QWidget
[hider]  hwnd=0000000000460EC8 parent=0000000000570F04 vis=1 area=768622 chrome=0 qclass=QScrollArea
[hider]  hwnd=0000000001100568 parent=0000000000460EC8 vis=1 area=757912 chrome=0 qclass=QWidget
[hider]  hwnd=0000000000960ECA parent=0000000001100568 vis=1 area=757912 chrome=0 qclass=QWidget
[hider]  hwnd=0000000000120D40 parent=0000000000960ECA vis=1 area=757912 chrome=0 qclass=QWidget
[hider]  hwnd=0000000001DC0B3E parent=0000000000120D40 vis=1 area=757912 chrome=0 qclass=RBX::Studio::QEngineWidget
[hider]  hwnd=0000000000530E12 parent=0000000001DC0B3E vis=0 area=4750 chrome=0 qclass=QLabel
[hider]  hwnd=0000000000810EFC parent=0000000001DC0B3E vis=0 area=4750 chrome=0 qclass=QLabel
[hider]  hwnd=00000000022D0802 parent=0000000002CE09A2 vis=1 area=108069 chrome=1 qclass=Qtitan::DockSplitLayoutPanel
[hider]  hwnd=0000000000400CAE parent=00000000022D0802 vis=1 area=65195 chrome=1 qclass=Qtitan::DockTabbedLayoutPanel
[hider]  hwnd=0000000000DC0DBA parent=0000000000400CAE vis=1 area=65416 chrome=1 qclass=Qtitan::DockWidgetPanel
[hider]  hwnd=0000000000E10BE2 parent=0000000000DC0DBA vis=1 area=58035 chrome=0 qclass=RBX::Studio::QEngineWidget
[hider]  hwnd=00000000005A0F46 parent=00000000022D0802 vis=1 area=41990 chrome=1 qclass=Qtitan::DockTabbedLayoutPanel
[hider]  hwnd=0000000000B7096E parent=00000000005A0F46 vis=0 area=0 chrome=1 qclass=Qtitan::DockWidgetPanel
[hider]  hwnd=0000000000A00A12 parent=0000000000A407C4 vis=1 area=514560 chrome=1 qclass=Qtitan::DockSplitLayoutPanel
[hider]  hwnd=0000000000440F0E parent=0000000000A00A12 vis=1 area=514560 chrome=1 qclass=Qtitan::DockTabbedLayoutPanel
[hider]  hwnd=0000000000940A70 parent=0000000000440F0E vis=0 area=0 chrome=1 qclass=Qtitan::DockWidgetPanel
[hider]  hwnd=0000000000DE0E54 parent=00000000027F0A7A vis=1 area=278400 chrome=0 qclass=RBX::Studio::TopBar
[hider]  hwnd=0000000000A10DEC parent=0000000000DE0E54 vis=1 area=228480 chrome=0 qclass=PluginPanelCustom
[hider]  hwnd=0000000001B607EE parent=0000000000A10DEC vis=1 area=228480 chrome=0 qclass=RBX::Studio::QEngineWidget
[hider]  hwnd=0000000001FA0CA4 parent=00000000027F0A7A vis=0 area=0 chrome=1 qclass=Qtitan::DockWidgetPanel
[hider]  hwnd=0000000001380B68 parent=00000000027F0A7A vis=0 area=0 chrome=1 qclass=Qtitan::DockWidgetPanel
[hider]  hwnd=0000000000560B56 parent=00000000027F0A7A vis=0 area=0 chrome=1 qclass=Qtitan::DockWidgetPanel
[hider]  hwnd=0000000000D7074E parent=00000000027F0A7A vis=0 area=0 chrome=1 qclass=Qtitan::DockWidgetPanel
[hider]  hwnd=00000000014B0796 parent=00000000027F0A7A vis=0 area=0 chrome=1 qclass=Qtitan::DockWidgetPanel
[hider]  hwnd=0000000001420A58 parent=00000000027F0A7A vis=0 area=0 chrome=1 qclass=Qtitan::DockWidgetPanel
[hider]  hwnd=0000000001600B12 parent=00000000027F0A7A vis=0 area=0 chrome=1 qclass=Qtitan::DockWidgetPanel
[hider]  hwnd=0000000001710E14 parent=00000000027F0A7A vis=0 area=0 chrome=1 qclass=Qtitan::DockWidgetPanel
[hider] viewport = 0000000001DC0B3E qclass=RBX::Studio::QEngineWidget
[hider] pass: viewport=0000000001DC0B3E chainLen=16 newlyBlocked=6 alreadyBlocked=10 totalWins=37
[hider] viewport = 0000000001DC0B3E qclass=RBX::Studio::QEngineWidget
[hider] pass: viewport=0000000001DC0B3E chainLen=16 newlyBlocked=0 alreadyBlocked=16 totalWins=37
[hider] viewport = 0000000001DC0B3E qclass=RBX::Studio::QEngineWidget
[hider] pass: viewport=0000000001DC0B3E chainLen=16 newlyBlocked=0 alreadyBlocked=16 totalWins=37
[hider] viewport = 0000000001DC0B3E qclass=RBX::Studio::QEngineWidget
[hider] pass: viewport=0000000001DC0B3E chainLen=16 newlyBlocked=0 alreadyBlocked=16 totalWins=37
[hider] viewport = 0000000001DC0B3E qclass=RBX::Studio::QEngineWidget
[hider] pass: viewport=0000000001DC0B3E chainLen=16 newlyBlocked=0 alreadyBlocked=16 totalWins=37
[hider] viewport = 0000000001DC0B3E qclass=RBX::Studio::QEngineWidget
[hider] pass: viewport=0000000001DC0B3E chainLen=16 newlyBlocked=0 alreadyBlocked=16 totalWins=37
[hider] viewport = 0000000001DC0B3E qclass=RBX::Studio::QEngineWidget
[hider] pass: viewport=0000000001DC0B3E chainLen=16 newlyBlocked=0 alreadyBlocked=16 totalWins=37
[hider] viewport = 0000000001DC0B3E qclass=RBX::Studio::QEngineWidget
[hider] pass: viewport=0000000001DC0B3E chainLen=16 newlyBlocked=0 alreadyBlocked=16 totalWins=37
[hider] viewport = 0000000001DC0B3E qclass=RBX::Studio::QEngineWidget
[hider] pass: viewport=0000000001DC0B3E chainLen=16 newlyBlocked=0 alreadyBlocked=16 totalWins=37
[hider] viewport = 0000000001DC0B3E qclass=RBX::Studio::QEngineWidget
[hider] pass: viewport=0000000001DC0B3E chainLen=16 newlyBlocked=0 alreadyBlocked=16 totalWins=37
[hider] viewport = 0000000001DC0B3E qclass=RBX::Studio::QEngineWidget
[hider] pass: viewport=0000000001DC0B3E chainLen=16 newlyBlocked=0 alreadyBlocked=16 totalWins=37
[hider] viewport = 0000000001DC0B3E qclass=RBX::Studio::QEngineWidget
[hider] pass: viewport=0000000001DC0B3E chainLen=16 newlyBlocked=0 alreadyBlocked=16 totalWins=37
[hider] viewport = 0000000001DC0B3E qclass=RBX::Studio::QEngineWidget
[hider] pass: viewport=0000000001DC0B3E chainLen=16 newlyBlocked=0 alreadyBlocked=16 totalWins=37
[hider] viewport = 0000000001DC0B3E qclass=RBX::Studio::QEngineWidget
[hider] pass: viewport=0000000001DC0B3E chainLen=16 newlyBlocked=0 alreadyBlocked=16 totalWins=37
[hider] viewport = 0000000001DC0B3E qclass=RBX::Studio::QEngineWidget
[hider] pass: viewport=0000000001DC0B3E chainLen=16 newlyBlocked=0 alreadyBlocked=16 totalWins=37
[hider] viewport = 0000000001DC0B3E qclass=RBX::Studio::QEngineWidget
[hider] pass: viewport=0000000001DC0B3E chainLen=16 newlyBlocked=0 alreadyBlocked=16 totalWins=37
[hider] viewport = 0000000001DC0B3E qclass=RBX::Studio::QEngineWidget
[hider] pass: viewport=0000000001DC0B3E chainLen=16 newlyBlocked=0 alreadyBlocked=16 totalWins=37
[hider] viewport = 0000000001DC0B3E qclass=RBX::Studio::QEngineWidget
[hider] pass: viewport=0000000001DC0B3E chainLen=16 newlyBlocked=0 alreadyBlocked=16 totalWins=37
[hider] viewport = 0000000001DC0B3E qclass=RBX::Studio::QEngineWidget
[hider] pass: viewport=0000000001DC0B3E chainLen=16 newlyBlocked=0 alreadyBlocked=16 totalWins=37
[hider] viewport = 0000000001DC0B3E qclass=RBX::Studio::QEngineWidget
[hider] pass: viewport=0000000001DC0B3E chainLen=16 newlyBlocked=0 alreadyBlocked=16 totalWins=37
[hider] viewport = 0000000001DC0B3E qclass=RBX::Studio::QEngineWidget
[hider] pass: viewport=0000000001DC0B3E chainLen=16 newlyBlocked=0 alreadyBlocked=16 totalWins=37
[hider] viewport = 0000000001DC0B3E qclass=RBX::Studio::QEngineWidget
[hider] pass: viewport=0000000001DC0B3E chainLen=16 newlyBlocked=0 alreadyBlocked=16 totalWins=37
[hider] viewport = 0000000001DC0B3E qclass=RBX::Studio::QEngineWidget
[hider] pass: viewport=0000000001DC0B3E chainLen=16 newlyBlocked=0 alreadyBlocked=16 totalWins=37
[hider] viewport = 0000000001DC0B3E qclass=RBX::Studio::QEngineWidget
[hider] pass: viewport=0000000001DC0B3E chainLen=16 newlyBlocked=0 alreadyBlocked=16 totalWins=37
[hider] viewport = 0000000001DC0B3E qclass=RBX::Studio::QEngineWidget
[hider] pass: viewport=0000000001DC0B3E chainLen=16 newlyBlocked=0 alreadyBlocked=16 totalWins=37
[hider] viewport = 0000000001DC0B3E qclass=RBX::Studio::QEngineWidget
[hider] pass: viewport=0000000001DC0B3E chainLen=16 newlyBlocked=0 alreadyBlocked=16 totalWins=37
[hider] viewport = 0000000001DC0B3E qclass=RBX::Studio::QEngineWidget
[hider] pass: viewport=0000000001DC0B3E chainLen=16 newlyBlocked=0 alreadyBlocked=16 totalWins=37
[hider] viewport = 0000000001DC0B3E qclass=RBX::Studio::QEngineWidget
[hider] pass: viewport=0000000001DC0B3E chainLen=16 newlyBlocked=0 alreadyBlocked=16 totalWins=37
[hider] viewport = 0000000001DC0B3E qclass=RBX::Studio::QEngineWidget
[hider] pass: viewport=0000000001DC0B3E chainLen=16 newlyBlocked=0 alreadyBlocked=16 totalWins=37
[hider] viewport = 0000000001DC0B3E qclass=RBX::Studio::QEngineWidget
[hider] pass: viewport=0000000001DC0B3E chainLen=16 newlyBlocked=0 alreadyBlocked=16 totalWins=37
[hider] viewport = 0000000001DC0B3E qclass=RBX::Studio::QEngineWidget
[hider] pass: viewport=0000000001DC0B3E chainLen=16 newlyBlocked=0 alreadyBlocked=16 totalWins=37
[hider] viewport = 0000000001DC0B3E qclass=RBX::Studio::QEngineWidget
[hider] pass: viewport=0000000001DC0B3E chainLen=16 newlyBlocked=0 alreadyBlocked=16 totalWins=37
[hider] viewport = 0000000001DC0B3E qclass=RBX::Studio::QEngineWidget
[hider] pass: viewport=0000000001DC0B3E chainLen=16 newlyBlocked=0 alreadyBlocked=16 totalWins=37
[hider] viewport = 0000000001DC0B3E qclass=RBX::Studio::QEngineWidget
[hider] pass: viewport=0000000001DC0B3E chainLen=16 newlyBlocked=0 alreadyBlocked=16 totalWins=37
[hider] viewport = 0000000001DC0B3E qclass=RBX::Studio::QEngineWidget
[hider] pass: viewport=0000000001DC0B3E chainLen=16 newlyBlocked=0 alreadyBlocked=16 totalWins=37
[hider]  hwnd=0000000000550D44 parent=00000000027F0A7A vis=1 area=1902720 chrome=0 qclass=QWidget
[hider]  hwnd=00000000000E0F72 parent=0000000000550D44 vis=1 area=1902720 chrome=1 qclass=Qtitan::DockSplitLayoutPanel
[hider]  hwnd=0000000000A407C4 parent=00000000000E0F72 vis=1 area=1902720 chrome=1 qclass=Qtitan::DockSplitLayoutPanel
[hider]  hwnd=0000000002CE09A2 parent=0000000000A407C4 vis=1 area=1902720 chrome=1 qclass=Qtitan::DockSplitLayoutPanel
[hider]  hwnd=0000000000D70DB2 parent=0000000002CE09A2 vis=1 area=1902720 chrome=1 qclass=Qtitan::DockSplitLayoutPanel
[hider]  hwnd=0000000000B50F20 parent=0000000000D70DB2 vis=1 area=1902720 chrome=1 qclass=Qtitan::DockDocumentLayoutPanel
[hider]  hwnd=00000000010E0B54 parent=0000000000B50F20 vis=1 area=1459200 chrome=1 qclass=Qtitan::DockDocumentTabbedLayoutPanel
[hider]  hwnd=0000000000A40600 parent=0000000000B50F20 vis=1 area=1902720 chrome=1 qclass=Qtitan::DockDocumentTabbedLayoutPanel
[hider]  hwnd=00000000022D0802 parent=0000000002CE09A2 vis=0 area=0 chrome=1 qclass=Qtitan::DockSplitLayoutPanel
[hider]  hwnd=0000000000400CAE parent=00000000022D0802 vis=0 area=0 chrome=1 qclass=Qtitan::DockTabbedLayoutPanel
[hider]  hwnd=00000000005A0F46 parent=00000000022D0802 vis=0 area=0 chrome=1 qclass=Qtitan::DockTabbedLayoutPanel
[hider]  hwnd=0000000000A00A12 parent=0000000000A407C4 vis=0 area=0 chrome=1 qclass=Qtitan::DockSplitLayoutPanel
[hider]  hwnd=0000000000440F0E parent=0000000000A00A12 vis=0 area=0 chrome=1 qclass=Qtitan::DockTabbedLayoutPanel
[hider]  hwnd=0000000000DE0E54 parent=00000000027F0A7A vis=1 area=278400 chrome=0 qclass=RBX::Studio::TopBar
[hider]  hwnd=0000000000A10DEC parent=0000000000DE0E54 vis=1 area=228480 chrome=0 qclass=PluginPanelCustom
[hider]  hwnd=0000000001B607EE parent=0000000000A10DEC vis=1 area=228480 chrome=0 qclass=RBX::Studio::QEngineWidget
[hider]  hwnd=0000000001FA0CA4 parent=00000000027F0A7A vis=0 area=0 chrome=1 qclass=Qtitan::DockWidgetPanel
[hider]  hwnd=0000000001380B68 parent=00000000027F0A7A vis=0 area=0 chrome=1 qclass=Qtitan::DockWidgetPanel
[hider]  hwnd=0000000000560B56 parent=00000000027F0A7A vis=0 area=0 chrome=1 qclass=Qtitan::DockWidgetPanel
[hider]  hwnd=0000000000D7074E parent=00000000027F0A7A vis=0 area=0 chrome=1 qclass=Qtitan::DockWidgetPanel
[hider]  hwnd=00000000014B0796 parent=00000000027F0A7A vis=0 area=0 chrome=1 qclass=Qtitan::DockWidgetPanel
[hider]  hwnd=0000000001420A58 parent=00000000027F0A7A vis=0 area=0 chrome=1 qclass=Qtitan::DockWidgetPanel
[hider]  hwnd=0000000001600B12 parent=00000000027F0A7A vis=0 area=0 chrome=1 qclass=Qtitan::DockWidgetPanel
[hider]  hwnd=0000000001710E14 parent=00000000027F0A7A vis=0 area=0 chrome=1 qclass=Qtitan::DockWidgetPanel
[hider] viewport = 0000000001B607EE qclass=RBX::Studio::QEngineWidget
[dllmain] SafeInit pid=32028
[name_patcher] x64 name patch OK -> 'HearMeRoar' (buf 00007FF6FF3C0000)
[udp_relay] installing IAT hooks (client=0 server=1)
[udp_relay] username='HearMeRoar' (10 chars)
[udp_relay] hooks: sendto=00007FFE8DE10900 recvfrom=00007FFE8DE10050 WSASendTo=00007FFE8DE11390 WSARecvFrom=00007FFE8DE0E6A0 WSARecv=00007FFE8DE0EC60
[dllmain] StartServer: installing script-start hook
[dllmain] not a StartClient launch - skipping Qt hider (relay + username server already active)
[dllmain] SafeInit pid=25060
[name_patcher] x64 name patch OK -> 'HearMeRoar' (buf 00007FF6FF3C0000)
[udp_relay] installing IAT hooks (client=1 server=0)
[udp_relay] username='HearMeRoar' (10 chars)
[udp_relay] hooks: sendto=00007FFE8DE10900 recvfrom=0000000000000000 WSASendTo=00007FFE8DE11390 WSARecvFrom=0000000000000000 WSARecv=0000000000000000
[rcc_patch] IP patched @rva=0x4FA1DAE -> '127.0.0.1' (len mov updated)
[rcc_patch] IP patched @rva=0x2793CDA -> '127.0.0.1' (len mov updated)
[rcc_patch] IP patched @rva=0x2793DA7 -> '127.0.0.1' (len mov updated)
[rcc_patch] IP patched @rva=0x2793E8B -> '127.0.0.1' (len mov updated)
[rcc_patch] IP patched @rva=0x2793F2D -> '127.0.0.1' (len mov updated)
[dllmain] StartClient launch confirmed - activating Qt hider
[hider] Qt symbols: find=00007FFD4C6F8A00 className=00007FFD4BC27A50 -> OK
[hider]  hwnd=00000000046C0AC6 parent=00000000000D0C28 vis=0 area=4750 chrome=1 qclass=Qtitan::DockWidgetPanel
[hider]  hwnd=0000000000070C56 parent=00000000000D0C28 vis=0 area=4750 chrome=1 qclass=Qtitan::DockWidgetPanel
[hider]  hwnd=0000000000200BB8 parent=00000000000D0C28 vis=0 area=4750 chrome=1 qclass=Qtitan::DockWidgetPanel
[hider]  hwnd=00000000000E0E04 parent=00000000000D0C28 vis=0 area=4750 chrome=1 qclass=Qtitan::DockWidgetPanel
[hider]  hwnd=0000000001960B36 parent=00000000000D0C28 vis=0 area=4750 chrome=1 qclass=Qtitan::DockWidgetPanel
[hider]  hwnd=00000000005F0B8C parent=00000000000D0C28 vis=0 area=4750 chrome=1 qclass=Qtitan::DockWidgetPanel
[hider]  hwnd=0000000000080F88 parent=00000000000D0C28 vis=0 area=4750 chrome=1 qclass=Qtitan::DockWidgetPanel
[hider]  hwnd=00000000027B082E parent=00000000000D0C28 vis=0 area=4750 chrome=1 qclass=Qtitan::DockWidgetPanel
[hider]  hwnd=0000000000280A7C parent=00000000000D0C28 vis=0 area=4750 chrome=1 qclass=Qtitan::DockWidgetPanel
[hider]  hwnd=0000000000350D12 parent=00000000000D0C28 vis=0 area=4750 chrome=1 qclass=Qtitan::DockWidgetPanel
[hider]  hwnd=00000000000C0C6C parent=00000000000D0C28 vis=0 area=15625 chrome=0 qclass=RBX::Studio::QEngineWidget
[hider] viewport = 00000000000C0C6C qclass=RBX::Studio::QEngineWidget
[hider] pass: viewport=00000000000C0C6C chainLen=2 newlyBlocked=10 alreadyBlocked=0 totalWins=11
[hider] strip-diag: mainClientBottom=1020 viewport=[0,29,1920,1020] (coversBottom=1)
[hider]  hwnd=0000000000850EFC parent=00000000000D0C28 vis=1 area=1689600 chrome=0 qclass=QWidget
[hider]  hwnd=0000000000140EEC parent=0000000000850EFC vis=1 area=1689600 chrome=1 qclass=Qtitan::DockSplitLayoutPanel
[hider]  hwnd=0000000000900CDE parent=0000000000140EEC vis=1 area=1689600 chrome=1 qclass=Qtitan::DockSplitLayoutPanel
[hider]  hwnd=0000000001070882 parent=0000000000900CDE vis=1 area=1689600 chrome=1 qclass=Qtitan::DockSplitLayoutPanel
[hider]  hwnd=0000000000170E76 parent=0000000001070882 vis=1 area=1689600 chrome=1 qclass=Qtitan::DockSplitLayoutPanel
[hider]  hwnd=0000000000090F80 parent=0000000000170E76 vis=1 area=1689600 chrome=1 qclass=Qtitan::DockDocumentLayoutPanel
[hider]  hwnd=0000000000450E3E parent=0000000000090F80 vis=1 area=1689600 chrome=1 qclass=Qtitan::DockDocumentTabbedLayoutPanel
[hider]  hwnd=0000000000510976 parent=0000000000450E3E vis=1 area=1689600 chrome=1 qclass=Qtitan::DockWidgetPanel
[hider]  hwnd=0000000000460824 parent=0000000000510976 vis=1 area=1684004 chrome=0 qclass=RBX::Studio::QEngineWidget
[hider]  hwnd=00000000005C0F04 parent=00000000000D0C28 vis=1 area=136320 chrome=0 qclass=RBX::Studio::TopBar
[hider]  hwnd=0000000000940B1A parent=00000000005C0F04 vis=1 area=86400 chrome=0 qclass=PluginPanelCustom
[hider]  hwnd=00000000010C0C88 parent=0000000000940B1A vis=1 area=86400 chrome=0 qclass=RBX::Studio::QEngineWidget
[hider]  hwnd=00000000000C0C6C parent=00000000000D0C28 vis=1 area=1902720 chrome=0 qclass=RBX::Studio::QEngineWidget
[hider]  hwnd=00000000046C0AC6 parent=00000000000D0C28 vis=0 area=0 chrome=1 qclass=Qtitan::DockWidgetPanel
[hider]  hwnd=0000000000070C56 parent=00000000000D0C28 vis=0 area=0 chrome=1 qclass=Qtitan::DockWidgetPanel
[hider]  hwnd=0000000000200BB8 parent=00000000000D0C28 vis=0 area=0 chrome=1 qclass=Qtitan::DockWidgetPanel
[hider]  hwnd=00000000000E0E04 parent=00000000000D0C28 vis=0 area=0 chrome=1 qclass=Qtitan::DockWidgetPanel
[hider]  hwnd=0000000001960B36 parent=00000000000D0C28 vis=0 area=0 chrome=1 qclass=Qtitan::DockWidgetPanel
[hider]  hwnd=00000000005F0B8C parent=00000000000D0C28 vis=0 area=0 chrome=1 qclass=Qtitan::DockWidgetPanel
[hider]  hwnd=0000000000080F88 parent=00000000000D0C28 vis=0 area=0 chrome=1 qclass=Qtitan::DockWidgetPanel
[hider]  hwnd=00000000027B082E parent=00000000000D0C28 vis=0 area=0 chrome=1 qclass=Qtitan::DockWidgetPanel
[hider]  hwnd=0000000000280A7C parent=00000000000D0C28 vis=0 area=0 chrome=1 qclass=Qtitan::DockWidgetPanel
[hider]  hwnd=0000000000350D12 parent=00000000000D0C28 vis=0 area=0 chrome=1 qclass=Qtitan::DockWidgetPanel
[hider] viewport = 00000000000C0C6C qclass=RBX::Studio::QEngineWidget
[hider] pass: viewport=00000000000C0C6C chainLen=2 newlyBlocked=7 alreadyBlocked=10 totalWins=23
[hider] strip-diag: mainClientBottom=1020 viewport=[0,29,1920,1020] (coversBottom=1)
[hider] strip-occupant hwnd=0000000000850EFC rect=[0,100,1920,980] vis=1 chrome=0 onChain=0 qclass=QWidget
[hider]  hwnd=00000000000C0C6C parent=00000000000D0C28 vis=1 area=1902720 chrome=0 qclass=RBX::Studio::QEngineWidget
[hider]  hwnd=00000000001B0CC4 parent=00000000000C0C6C vis=0 area=4750 chrome=0 qclass=QLabel
[hider]  hwnd=000000000073096C parent=00000000000C0C6C vis=0 area=4750 chrome=0 qclass=QLabel
[hider]  hwnd=0000000002250958 parent=00000000000D0C28 vis=0 area=14250 chrome=0 qclass=QStackedWidget
[hider]  hwnd=0000000000190C94 parent=0000000002250958 vis=0 area=4750 chrome=0 qclass=QWidget
[hider]  hwnd=0000000000260ED8 parent=0000000000190C94 vis=0 area=4750 chrome=0 qclass=QScrollArea
[hider]  hwnd=0000000000E90956 parent=0000000000260ED8 vis=0 area=4750 chrome=0 qclass=QWidget
[hider]  hwnd=0000000000F109E8 parent=0000000000E90956 vis=0 area=4750 chrome=0 qclass=QWidget
[hider]  hwnd=0000000000100D92 parent=0000000000F109E8 vis=0 area=4750 chrome=0 qclass=QWidget
[hider]  hwnd=0000000000850EFC parent=00000000000D0C28 vis=1 area=1689600 chrome=0 qclass=QWidget
[hider]  hwnd=0000000000140EEC parent=0000000000850EFC vis=0 area=0 chrome=1 qclass=Qtitan::DockSplitLayoutPanel
[hider]  hwnd=0000000000900CDE parent=0000000000140EEC vis=0 area=0 chrome=1 qclass=Qtitan::DockSplitLayoutPanel
[hider]  hwnd=0000000001070882 parent=0000000000900CDE vis=0 area=0 chrome=1 qclass=Qtitan::DockSplitLayoutPanel
[hider]  hwnd=0000000000170E76 parent=0000000001070882 vis=0 area=0 chrome=1 qclass=Qtitan::DockSplitLayoutPanel
[hider]  hwnd=0000000000090F80 parent=0000000000170E76 vis=0 area=0 chrome=1 qclass=Qtitan::DockDocumentLayoutPanel
[hider]  hwnd=0000000000450E3E parent=0000000000090F80 vis=0 area=0 chrome=1 qclass=Qtitan::DockDocumentTabbedLayoutPanel
[hider]  hwnd=0000000000510976 parent=0000000000450E3E vis=0 area=0 chrome=1 qclass=Qtitan::DockWidgetPanel
[hider]  hwnd=0000000000460824 parent=0000000000510976 vis=0 area=15625 chrome=0 qclass=RBX::Studio::QEngineWidget
[hider]  hwnd=00000000005C0F04 parent=00000000000D0C28 vis=1 area=136320 chrome=0 qclass=RBX::Studio::TopBar
[hider]  hwnd=0000000000940B1A parent=00000000005C0F04 vis=1 area=86400 chrome=0 qclass=PluginPanelCustom
[hider]  hwnd=00000000010C0C88 parent=0000000000940B1A vis=1 area=86400 chrome=0 qclass=RBX::Studio::QEngineWidget
[hider]  hwnd=00000000046C0AC6 parent=00000000000D0C28 vis=0 area=0 chrome=1 qclass=Qtitan::DockWidgetPanel
[hider]  hwnd=0000000000070C56 parent=00000000000D0C28 vis=0 area=0 chrome=1 qclass=Qtitan::DockWidgetPanel
[hider]  hwnd=0000000000200BB8 parent=00000000000D0C28 vis=0 area=0 chrome=1 qclass=Qtitan::DockWidgetPanel
[hider]  hwnd=00000000000E0E04 parent=00000000000D0C28 vis=0 area=0 chrome=1 qclass=Qtitan::DockWidgetPanel
[hider]  hwnd=0000000001960B36 parent=00000000000D0C28 vis=0 area=0 chrome=1 qclass=Qtitan::DockWidgetPanel
[hider]  hwnd=00000000005F0B8C parent=00000000000D0C28 vis=0 area=0 chrome=1 qclass=Qtitan::DockWidgetPanel
[hider]  hwnd=0000000000080F88 parent=00000000000D0C28 vis=0 area=0 chrome=1 qclass=Qtitan::DockWidgetPanel
[hider]  hwnd=00000000027B082E parent=00000000000D0C28 vis=0 area=0 chrome=1 qclass=Qtitan::DockWidgetPanel
[hider]  hwnd=0000000000280A7C parent=00000000000D0C28 vis=0 area=0 chrome=1 qclass=Qtitan::DockWidgetPanel
[hider]  hwnd=0000000000350D12 parent=00000000000D0C28 vis=0 area=0 chrome=1 qclass=Qtitan::DockWidgetPanel
[hider] viewport = 00000000000C0C6C qclass=RBX::Studio::QEngineWidget
[hider] pass: viewport=00000000000C0C6C chainLen=2 newlyBlocked=0 alreadyBlocked=17 totalWins=31
[hider] strip-diag: mainClientBottom=1020 viewport=[0,29,1920,1020] (coversBottom=1)
[hider] strip-occupant hwnd=0000000000850EFC rect=[0,100,1920,980] vis=1 chrome=0 onChain=0 qclass=QWidget
[udp_relay] SEND magic to 127.0.0.1:51499 username='HearMeRoar'
[hider] viewport = 00000000000C0C6C qclass=RBX::Studio::QEngineWidget
[hider] pass: viewport=00000000000C0C6C chainLen=2 newlyBlocked=0 alreadyBlocked=17 totalWins=31
[hider] strip-diag: mainClientBottom=1020 viewport=[0,29,1920,1020] (coversBottom=1)
[hider] strip-occupant hwnd=0000000000850EFC rect=[0,100,1920,980] vis=1 chrome=0 onChain=0 qclass=QWidget
[hider] viewport = 00000000000C0C6C qclass=RBX::Studio::QEngineWidget
[hider] pass: viewport=00000000000C0C6C chainLen=2 newlyBlocked=0 alreadyBlocked=17 totalWins=31
[hider] strip-diag: mainClientBottom=1020 viewport=[0,29,1920,1020] (coversBottom=1)
[hider] strip-occupant hwnd=0000000000850EFC rect=[0,100,1920,980] vis=1 chrome=0 onChain=0 qclass=QWidget
[hider] viewport = 00000000000C0C6C qclass=RBX::Studio::QEngineWidget
[hider] pass: viewport=00000000000C0C6C chainLen=2 newlyBlocked=0 alreadyBlocked=17 totalWins=31
[hider] strip-diag: mainClientBottom=1020 viewport=[0,29,1920,1020] (coversBottom=1)
[hider] strip-occupant hwnd=0000000000850EFC rect=[0,100,1920,980] vis=1 chrome=0 onChain=0 qclass=QWidget
[hider] viewport = 00000000000C0C6C qclass=RBX::Studio::QEngineWidget
[hider] pass: viewport=00000000000C0C6C chainLen=2 newlyBlocked=0 alreadyBlocked=17 totalWins=31
[hider] strip-diag: mainClientBottom=1020 viewport=[0,29,1920,1020] (coversBottom=1)
[hider] strip-occupant hwnd=0000000000850EFC rect=[0,100,1920,980] vis=1 chrome=0 onChain=0 qclass=QWidget
[hider] viewport = 00000000000C0C6C qclass=RBX::Studio::QEngineWidget
[hider] pass: viewport=00000000000C0C6C chainLen=2 newlyBlocked=0 alreadyBlocked=17 totalWins=31
[hider] strip-diag: mainClientBottom=1020 viewport=[0,29,1920,1020] (coversBottom=1)
[hider] strip-occupant hwnd=0000000000850EFC rect=[0,100,1920,980] vis=1 chrome=0 onChain=0 qclass=QWidget
[hider] viewport = 00000000000C0C6C qclass=RBX::Studio::QEngineWidget
[hider] pass: viewport=00000000000C0C6C chainLen=2 newlyBlocked=0 alreadyBlocked=17 totalWins=31
[hider] strip-diag: mainClientBottom=1020 viewport=[0,29,1920,1020] (coversBottom=1)
[hider] strip-occupant hwnd=0000000000850EFC rect=[0,100,1920,980] vis=1 chrome=0 onChain=0 qclass=QWidget
[hider] viewport = 00000000000C0C6C qclass=RBX::Studio::QEngineWidget
[hider] pass: viewport=00000000000C0C6C chainLen=2 newlyBlocked=0 alreadyBlocked=17 totalWins=31
[hider] strip-diag: mainClientBottom=1020 viewport=[0,29,1920,1020] (coversBottom=1)
[hider] strip-occupant hwnd=0000000000850EFC rect=[0,100,1920,980] vis=1 chrome=0 onChain=0 qclass=QWidget
[hider] viewport = 00000000000C0C6C qclass=RBX::Studio::QEngineWidget
[hider] pass: viewport=00000000000C0C6C chainLen=2 newlyBlocked=0 alreadyBlocked=17 totalWins=31
[hider] strip-diag: mainClientBottom=1020 viewport=[0,29,1920,1020] (coversBottom=1)
[hider] strip-occupant hwnd=0000000000850EFC rect=[0,100,1920,980] vis=1 chrome=0 onChain=0 qclass=QWidget
[hider] viewport = 00000000000C0C6C qclass=RBX::Studio::QEngineWidget
[hider] pass: viewport=00000000000C0C6C chainLen=2 newlyBlocked=0 alreadyBlocked=17 totalWins=31
[hider] strip-diag: mainClientBottom=1020 viewport=[0,29,1920,1020] (coversBottom=1)
[hider] strip-occupant hwnd=0000000000850EFC rect=[0,100,1920,980] vis=1 chrome=0 onChain=0 qclass=QWidget
[hider] viewport = 00000000000C0C6C qclass=RBX::Studio::QEngineWidget
[hider] pass: viewport=00000000000C0C6C chainLen=2 newlyBlocked=0 alreadyBlocked=17 totalWins=31
[hider] viewport = 00000000000C0C6C qclass=RBX::Studio::QEngineWidget
[hider] pass: viewport=00000000000C0C6C chainLen=2 newlyBlocked=0 alreadyBlocked=17 totalWins=31
[hider] viewport = 00000000000C0C6C qclass=RBX::Studio::QEngineWidget
[hider] pass: viewport=00000000000C0C6C chainLen=2 newlyBlocked=0 alreadyBlocked=17 totalWins=31
[hider] viewport = 00000000000C0C6C qclass=RBX::Studio::QEngineWidget
[hider] pass: viewport=00000000000C0C6C chainLen=2 newlyBlocked=0 alreadyBlocked=17 totalWins=31
[hider] viewport = 00000000000C0C6C qclass=RBX::Studio::QEngineWidget
[hider] pass: viewport=00000000000C0C6C chainLen=2 newlyBlocked=0 alreadyBlocked=17 totalWins=31
[hider] viewport = 00000000000C0C6C qclass=RBX::Studio::QEngineWidget
[hider] pass: viewport=00000000000C0C6C chainLen=2 newlyBlocked=0 alreadyBlocked=17 totalWins=31
[hider] viewport = 00000000000C0C6C qclass=RBX::Studio::QEngineWidget
[hider] pass: viewport=00000000000C0C6C chainLen=2 newlyBlocked=0 alreadyBlocked=17 totalWins=31
[udp_relay] SEND magic to 127.0.0.1:25565 username='HearMeRoar'
[udp_relay] RECV magic from 127.0.0.1:57739 username='HearMeRoar' userId=0 accountAge=3650 haveId=1, patching now
[name_patcher] x64 name updated to 'HearMeRoar'
[name_patcher] relayed identity: userId=0 accountAge=3650
[udp_relay] POSTed appearance for 'HearMeRoar' (1266 chars) -> https://127.0.0.1:443 ok=1
[hider] viewport = 00000000000C0C6C qclass=RBX::Studio::QEngineWidget
[hider] pass: viewport=00000000000C0C6C chainLen=2 newlyBlocked=0 alreadyBlocked=17 totalWins=31
[hider]  hwnd=00000000000C0C6C parent=00000000000D0C28 vis=1 area=1902720 chrome=0 qclass=RBX::Studio::QEngineWidget
[hider]  hwnd=00000000001B0CC4 parent=00000000000C0C6C vis=0 area=4750 chrome=0 qclass=QLabel
[hider]  hwnd=000000000073096C parent=00000000000C0C6C vis=0 area=4750 chrome=0 qclass=QLabel
[hider]  hwnd=0000000000850EFC parent=00000000000D0C28 vis=1 area=1459200 chrome=0 qclass=QWidget
[hider]  hwnd=0000000000AB06BA parent=0000000000850EFC vis=1 area=1459200 chrome=1 qclass=Qtitan::DockSplitLayoutPanel
[hider]  hwnd=0000000001160568 parent=0000000000AB06BA vis=1 area=1459200 chrome=1 qclass=Qtitan::DockSplitLayoutPanel
[hider]  hwnd=0000000000400A32 parent=0000000001160568 vis=1 area=938880 chrome=1 qclass=Qtitan::DockSplitLayoutPanel
[hider]  hwnd=0000000000180E76 parent=0000000000400A32 vis=1 area=828855 chrome=1 qclass=Qtitan::DockSplitLayoutPanel
[hider]  hwnd=0000000001080882 parent=0000000000180E76 vis=1 area=828855 chrome=1 qclass=Qtitan::DockDocumentLayoutPanel
[hider]  hwnd=0000000000910CDE parent=0000000001080882 vis=1 area=828855 chrome=1 qclass=Qtitan::DockDocumentTabbedLayoutPanel
[hider]  hwnd=0000000000460E3E parent=0000000000910CDE vis=1 area=772920 chrome=1 qclass=Qtitan::DockDocumentPanel
[hider]  hwnd=0000000002250958 parent=0000000000460E3E vis=1 area=768622 chrome=0 qclass=QStackedWidget
[hider]  hwnd=0000000000190C94 parent=0000000002250958 vis=1 area=768622 chrome=0 qclass=QWidget
[hider]  hwnd=0000000000260ED8 parent=0000000000190C94 vis=1 area=768622 chrome=0 qclass=QScrollArea
[hider]  hwnd=0000000000E90956 parent=0000000000260ED8 vis=1 area=757912 chrome=0 qclass=QWidget
[hider]  hwnd=0000000000F109E8 parent=0000000000E90956 vis=1 area=757912 chrome=0 qclass=QWidget
[hider]  hwnd=0000000000100D92 parent=0000000000F109E8 vis=1 area=757912 chrome=0 qclass=QWidget
[hider]  hwnd=00000000000A0D7C parent=0000000000400A32 vis=1 area=108069 chrome=1 qclass=Qtitan::DockSplitLayoutPanel
[hider]  hwnd=00000000019B0E9E parent=00000000000A0D7C vis=1 area=65195 chrome=1 qclass=Qtitan::DockTabbedLayoutPanel
[hider]  hwnd=0000000000150EEC parent=00000000019B0E9E vis=1 area=65416 chrome=1 qclass=Qtitan::DockWidgetPanel
[hider]  hwnd=0000000000EA07AC parent=0000000000150EEC vis=1 area=58035 chrome=0 qclass=RBX::Studio::QEngineWidget
[hider]  hwnd=00000000016D08D2 parent=00000000000A0D7C vis=1 area=41990 chrome=1 qclass=Qtitan::DockTabbedLayoutPanel
[hider]  hwnd=0000000000350D12 parent=00000000016D08D2 vis=0 area=0 chrome=1 qclass=Qtitan::DockWidgetPanel
[hider]  hwnd=0000000000180D40 parent=0000000001160568 vis=1 area=514560 chrome=1 qclass=Qtitan::DockSplitLayoutPanel
[hider]  hwnd=000000000068081C parent=0000000000180D40 vis=1 area=514560 chrome=1 qclass=Qtitan::DockTabbedLayoutPanel
[hider]  hwnd=00000000000E0E04 parent=000000000068081C vis=0 area=0 chrome=1 qclass=Qtitan::DockWidgetPanel
[hider]  hwnd=00000000005C0F04 parent=00000000000D0C28 vis=1 area=278400 chrome=0 qclass=RBX::Studio::TopBar
[hider]  hwnd=0000000000940B1A parent=00000000005C0F04 vis=1 area=228480 chrome=0 qclass=PluginPanelCustom
[hider]  hwnd=00000000010C0C88 parent=0000000000940B1A vis=1 area=228480 chrome=0 qclass=RBX::Studio::QEngineWidget
[hider]  hwnd=00000000046C0AC6 parent=00000000000D0C28 vis=0 area=0 chrome=1 qclass=Qtitan::DockWidgetPanel
[hider]  hwnd=0000000000070C56 parent=00000000000D0C28 vis=0 area=0 chrome=1 qclass=Qtitan::DockWidgetPanel
[hider]  hwnd=0000000000200BB8 parent=00000000000D0C28 vis=0 area=0 chrome=1 qclass=Qtitan::DockWidgetPanel
[hider]  hwnd=0000000001960B36 parent=00000000000D0C28 vis=0 area=0 chrome=1 qclass=Qtitan::DockWidgetPanel
[hider]  hwnd=00000000005F0B8C parent=00000000000D0C28 vis=0 area=0 chrome=1 qclass=Qtitan::DockWidgetPanel
[hider]  hwnd=0000000000080F88 parent=00000000000D0C28 vis=0 area=0 chrome=1 qclass=Qtitan::DockWidgetPanel
[hider]  hwnd=00000000027B082E parent=00000000000D0C28 vis=0 area=0 chrome=1 qclass=Qtitan::DockWidgetPanel
[hider]  hwnd=0000000000280A7C parent=00000000000D0C28 vis=0 area=0 chrome=1 qclass=Qtitan::DockWidgetPanel
[hider] viewport = 00000000000C0C6C qclass=RBX::Studio::QEngineWidget
[hider] pass: viewport=00000000000C0C6C chainLen=2 newlyBlocked=13 alreadyBlocked=10 totalWins=37
[hider] viewport = 00000000000C0C6C qclass=RBX::Studio::QEngineWidget
[hider] pass: viewport=00000000000C0C6C chainLen=2 newlyBlocked=0 alreadyBlocked=23 totalWins=37
[hider] viewport = 00000000000C0C6C qclass=RBX::Studio::QEngineWidget
[hider] pass: viewport=00000000000C0C6C chainLen=2 newlyBlocked=0 alreadyBlocked=23 totalWins=37
[hider] viewport = 00000000000C0C6C qclass=RBX::Studio::QEngineWidget
[hider] pass: viewport=00000000000C0C6C chainLen=2 newlyBlocked=0 alreadyBlocked=23 totalWins=37
[hider] viewport = 00000000000C0C6C qclass=RBX::Studio::QEngineWidget
[hider] pass: viewport=00000000000C0C6C chainLen=2 newlyBlocked=0 alreadyBlocked=23 totalWins=37
[hider] viewport = 00000000000C0C6C qclass=RBX::Studio::QEngineWidget
[hider] pass: viewport=00000000000C0C6C chainLen=2 newlyBlocked=0 alreadyBlocked=23 totalWins=37
[hider] viewport = 00000000000C0C6C qclass=RBX::Studio::QEngineWidget
[hider] pass: viewport=00000000000C0C6C chainLen=2 newlyBlocked=0 alreadyBlocked=23 totalWins=37
[hider] viewport = 00000000000C0C6C qclass=RBX::Studio::QEngineWidget
[hider] pass: viewport=00000000000C0C6C chainLen=2 newlyBlocked=0 alreadyBlocked=23 totalWins=37
[hider] viewport = 00000000000C0C6C qclass=RBX::Studio::QEngineWidget
[hider] pass: viewport=00000000000C0C6C chainLen=2 newlyBlocked=0 alreadyBlocked=23 totalWins=37
[hider] viewport = 00000000000C0C6C qclass=RBX::Studio::QEngineWidget
[hider] pass: viewport=00000000000C0C6C chainLen=2 newlyBlocked=0 alreadyBlocked=23 totalWins=37
[hider] viewport = 00000000000C0C6C qclass=RBX::Studio::QEngineWidget
[hider] pass: viewport=00000000000C0C6C chainLen=2 newlyBlocked=0 alreadyBlocked=23 totalWins=37
[hider] viewport = 00000000000C0C6C qclass=RBX::Studio::QEngineWidget
[hider] pass: viewport=00000000000C0C6C chainLen=2 newlyBlocked=0 alreadyBlocked=23 totalWins=37
[hider] viewport = 00000000000C0C6C qclass=RBX::Studio::QEngineWidget
[hider] pass: viewport=00000000000C0C6C chainLen=2 newlyBlocked=0 alreadyBlocked=23 totalWins=37
[hider] viewport = 00000000000C0C6C qclass=RBX::Studio::QEngineWidget
[hider] pass: viewport=00000000000C0C6C chainLen=2 newlyBlocked=0 alreadyBlocked=23 totalWins=37
[hider] viewport = 00000000000C0C6C qclass=RBX::Studio::QEngineWidget
[hider] pass: viewport=00000000000C0C6C chainLen=2 newlyBlocked=0 alreadyBlocked=23 totalWins=37
[hider] viewport = 00000000000C0C6C qclass=RBX::Studio::QEngineWidget
[hider] pass: viewport=00000000000C0C6C chainLen=2 newlyBlocked=0 alreadyBlocked=23 totalWins=37
[hider] viewport = 00000000000C0C6C qclass=RBX::Studio::QEngineWidget
[hider] pass: viewport=00000000000C0C6C chainLen=2 newlyBlocked=0 alreadyBlocked=23 totalWins=37
[hider] viewport = 00000000000C0C6C qclass=RBX::Studio::QEngineWidget
[hider] pass: viewport=00000000000C0C6C chainLen=2 newlyBlocked=0 alreadyBlocked=23 totalWins=37
[hider] viewport = 00000000000C0C6C qclass=RBX::Studio::QEngineWidget
[hider] pass: viewport=00000000000C0C6C chainLen=2 newlyBlocked=0 alreadyBlocked=23 totalWins=37
[hider] viewport = 00000000000C0C6C qclass=RBX::Studio::QEngineWidget
[hider] pass: viewport=00000000000C0C6C chainLen=2 newlyBlocked=0 alreadyBlocked=23 totalWins=37
[hider] viewport = 00000000000C0C6C qclass=RBX::Studio::QEngineWidget
[hider] pass: viewport=00000000000C0C6C chainLen=2 newlyBlocked=0 alreadyBlocked=23 totalWins=37
[hider] viewport = 00000000000C0C6C qclass=RBX::Studio::QEngineWidget
[hider] pass: viewport=00000000000C0C6C chainLen=2 newlyBlocked=0 alreadyBlocked=23 totalWins=37
[hider] viewport = 00000000000C0C6C qclass=RBX::Studio::QEngineWidget
[hider] pass: viewport=00000000000C0C6C chainLen=2 newlyBlocked=0 alreadyBlocked=23 totalWins=37
[hider] viewport = 00000000000C0C6C qclass=RBX::Studio::QEngineWidget
[hider] pass: viewport=00000000000C0C6C chainLen=2 newlyBlocked=0 alreadyBlocked=23 totalWins=37
[hider] viewport = 00000000000C0C6C qclass=RBX::Studio::QEngineWidget
[hider] pass: viewport=00000000000C0C6C chainLen=2 newlyBlocked=0 alreadyBlocked=23 totalWins=37
[hider] viewport = 00000000000C0C6C qclass=RBX::Studio::QEngineWidget
[hider] pass: viewport=00000000000C0C6C chainLen=2 newlyBlocked=0 alreadyBlocked=23 totalWins=37
[hider]  hwnd=00000000000C0C6C parent=00000000000D0C28 vis=1 area=1902720 chrome=0 qclass=RBX::Studio::QEngineWidget
[hider]  hwnd=00000000000B0F80 parent=00000000000C0C6C vis=0 area=40000 chrome=0 qclass=QFrame
[hider]  hwnd=0000000000270D6E parent=00000000000C0C6C vis=0 area=4750 chrome=0 qclass=QFrame
[hider]  hwnd=0000000000850EFC parent=00000000000D0C28 vis=1 area=1459200 chrome=0 qclass=QWidget
[hider]  hwnd=0000000000AB06BA parent=0000000000850EFC vis=0 area=0 chrome=1 qclass=Qtitan::DockSplitLayoutPanel
[hider]  hwnd=0000000001160568 parent=0000000000AB06BA vis=0 area=0 chrome=1 qclass=Qtitan::DockSplitLayoutPanel
[hider]  hwnd=0000000000400A32 parent=0000000001160568 vis=0 area=0 chrome=1 qclass=Qtitan::DockSplitLayoutPanel
[hider]  hwnd=0000000000180E76 parent=0000000000400A32 vis=0 area=0 chrome=1 qclass=Qtitan::DockSplitLayoutPanel
[hider]  hwnd=0000000001080882 parent=0000000000180E76 vis=0 area=0 chrome=1 qclass=Qtitan::DockDocumentLayoutPanel
[hider]  hwnd=0000000000060D2E parent=0000000001080882 vis=0 area=1459200 chrome=1 qclass=Qtitan::DockDocumentTabbedLayoutPanel
[hider]  hwnd=0000000000510976 parent=0000000000060D2E vis=0 area=0 chrome=1 qclass=Qtitan::DockWidgetPanel
[hider]  hwnd=0000000000460824 parent=0000000000510976 vis=0 area=1453844 chrome=0 qclass=RBX::Studio::QEngineWidget
[hider]  hwnd=0000000000910CDE parent=0000000001080882 vis=0 area=0 chrome=1 qclass=Qtitan::DockDocumentTabbedLayoutPanel
[hider]  hwnd=00000000000A0D7C parent=0000000000400A32 vis=0 area=0 chrome=1 qclass=Qtitan::DockSplitLayoutPanel
[hider]  hwnd=00000000019B0E9E parent=00000000000A0D7C vis=0 area=0 chrome=1 qclass=Qtitan::DockTabbedLayoutPanel
[hider]  hwnd=00000000016D08D2 parent=00000000000A0D7C vis=0 area=0 chrome=1 qclass=Qtitan::DockTabbedLayoutPanel
[hider]  hwnd=0000000000180D40 parent=0000000001160568 vis=0 area=0 chrome=1 qclass=Qtitan::DockSplitLayoutPanel
[hider]  hwnd=000000000068081C parent=0000000000180D40 vis=0 area=0 chrome=1 qclass=Qtitan::DockTabbedLayoutPanel
[hider]  hwnd=00000000005C0F04 parent=00000000000D0C28 vis=1 area=278400 chrome=0 qclass=RBX::Studio::TopBar
[hider]  hwnd=0000000000940B1A parent=00000000005C0F04 vis=1 area=228480 chrome=0 qclass=PluginPanelCustom
[hider]  hwnd=00000000010C0C88 parent=0000000000940B1A vis=1 area=228480 chrome=0 qclass=RBX::Studio::QEngineWidget
[hider]  hwnd=00000000046C0AC6 parent=00000000000D0C28 vis=0 area=0 chrome=1 qclass=Qtitan::DockWidgetPanel
[hider]  hwnd=0000000000070C56 parent=00000000000D0C28 vis=0 area=0 chrome=1 qclass=Qtitan::DockWidgetPanel
[hider]  hwnd=0000000000200BB8 parent=00000000000D0C28 vis=0 area=0 chrome=1 qclass=Qtitan::DockWidgetPanel
[hider]  hwnd=0000000001960B36 parent=00000000000D0C28 vis=0 area=0 chrome=1 qclass=Qtitan::DockWidgetPanel
[hider]  hwnd=00000000005F0B8C parent=00000000000D0C28 vis=0 area=0 chrome=1 qclass=Qtitan::DockWidgetPanel
[hider]  hwnd=0000000000080F88 parent=00000000000D0C28 vis=0 area=0 chrome=1 qclass=Qtitan::DockWidgetPanel
[hider]  hwnd=00000000027B082E parent=00000000000D0C28 vis=0 area=0 chrome=1 qclass=Qtitan::DockWidgetPanel
[hider]  hwnd=0000000000280A7C parent=00000000000D0C28 vis=0 area=0 chrome=1 qclass=Qtitan::DockWidgetPanel
[hider] viewport = 00000000000C0C6C qclass=RBX::Studio::QEngineWidget
[hider] pass: viewport=00000000000C0C6C chainLen=2 newlyBlocked=1 alreadyBlocked=20 totalWins=29
[dllmain] SafeInit pid=23880
[name_patcher] x64 name patch OK -> 'HearMeRoar' (buf 00007FF6FF3C0000)
[udp_relay] installing IAT hooks (client=1 server=0)
[udp_relay] username='HearMeRoar' (10 chars)
[udp_relay] hooks: sendto=00007FFE8DE10900 recvfrom=0000000000000000 WSASendTo=00007FFE8DE11390 WSARecvFrom=0000000000000000 WSARecv=0000000000000000
[rcc_patch] IP patched @rva=0x4FA1DAE -> '127.0.0.1' (len mov updated)
[rcc_patch] IP patched @rva=0x2793CDA -> '127.0.0.1' (len mov updated)
[rcc_patch] IP patched @rva=0x2793DA7 -> '127.0.0.1' (len mov updated)
[rcc_patch] IP patched @rva=0x2793E8B -> '127.0.0.1' (len mov updated)
[rcc_patch] IP patched @rva=0x2793F2D -> '127.0.0.1' (len mov updated)
[dllmain] StartClient launch confirmed - activating Qt hider
[udp_relay] SEND magic to 127.0.0.1:53613 username='HearMeRoar'
[hider] Qt symbols: find=00007FFD4C6F8A00 className=00007FFD4BC27A50 -> OK
[hider]  hwnd=000000000D4D06A4 parent=00000000044808B6 vis=0 area=14250 chrome=0 qclass=QStackedWidget
[hider]  hwnd=0000000000380CA0 parent=000000000D4D06A4 vis=0 area=4750 chrome=0 qclass=QWidget
[hider]  hwnd=0000000000C60CDC parent=0000000000380CA0 vis=0 area=4750 chrome=0 qclass=QScrollArea
[hider]  hwnd=00000000006F0EC8 parent=0000000000C60CDC vis=0 area=4750 chrome=0 qclass=QWidget
[hider]  hwnd=00000000046E0AC6 parent=00000000006F0EC8 vis=0 area=4750 chrome=0 qclass=QWidget
[hider]  hwnd=0000000000090C56 parent=00000000046E0AC6 vis=0 area=4750 chrome=0 qclass=QWidget
[hider]  hwnd=00000000000C0D7C parent=0000000000090C56 vis=0 area=15625 chrome=0 qclass=RBX::Studio::QEngineWidget
[hider]  hwnd=0000000000890EC4 parent=00000000000C0D7C vis=0 area=4750 chrome=0 qclass=QLabel
[hider]  hwnd=00000000002F0D3E parent=00000000000C0D7C vis=0 area=4750 chrome=0 qclass=QLabel
[hider]  hwnd=00000000010B0882 parent=00000000044808B6 vis=1 area=1689600 chrome=0 qclass=QWidget
[hider]  hwnd=0000000002F40A50 parent=00000000010B0882 vis=1 area=1689600 chrome=1 qclass=Qtitan::DockSplitLayoutPanel
[hider]  hwnd=0000000000380BB8 parent=0000000002F40A50 vis=1 area=1689600 chrome=1 qclass=Qtitan::DockSplitLayoutPanel
[hider]  hwnd=00000000017D0D46 parent=0000000000380BB8 vis=1 area=1689600 chrome=1 qclass=Qtitan::DockSplitLayoutPanel
[hider]  hwnd=0000000001980B36 parent=00000000017D0D46 vis=1 area=1689600 chrome=1 qclass=Qtitan::DockSplitLayoutPanel
[hider]  hwnd=0000000000240C26 parent=0000000001980B36 vis=1 area=1689600 chrome=1 qclass=Qtitan::DockDocumentLayoutPanel
[hider]  hwnd=00000000000A0DD0 parent=0000000000240C26 vis=1 area=1689600 chrome=1 qclass=Qtitan::DockDocumentTabbedLayoutPanel
[hider]  hwnd=0000000001190568 parent=00000000000A0DD0 vis=1 area=1689600 chrome=1 qclass=Qtitan::DockWidgetPanel
[hider]  hwnd=0000000000AE06BA parent=0000000001190568 vis=1 area=1684004 chrome=0 qclass=RBX::Studio::QEngineWidget
[hider]  hwnd=0000000000660B8C parent=00000000044808B6 vis=1 area=136320 chrome=0 qclass=RBX::Studio::TopBar
[hider]  hwnd=0000000000880EFC parent=0000000000660B8C vis=1 area=86400 chrome=0 qclass=PluginPanelCustom
[hider]  hwnd=0000000000430A32 parent=0000000000880EFC vis=1 area=86400 chrome=0 qclass=RBX::Studio::QEngineWidget
[hider]  hwnd=0000000000100C28 parent=00000000044808B6 vis=0 area=4750 chrome=1 qclass=Qtitan::DockWidgetPanel
[hider]  hwnd=00000000000E0C6C parent=00000000044808B6 vis=0 area=4750 chrome=1 qclass=Qtitan::DockWidgetPanel
[hider]  hwnd=0000000000340E60 parent=00000000044808B6 vis=0 area=4750 chrome=1 qclass=Qtitan::DockWidgetPanel
[hider]  hwnd=00000000006A081C parent=00000000044808B6 vis=0 area=4750 chrome=1 qclass=Qtitan::DockWidgetPanel
[hider]  hwnd=00000000016F08D2 parent=00000000044808B6 vis=0 area=4750 chrome=1 qclass=Qtitan::DockWidgetPanel
[hider]  hwnd=0000000000480824 parent=00000000044808B6 vis=0 area=4750 chrome=1 qclass=Qtitan::DockWidgetPanel
[hider]  hwnd=0000000000080D2E parent=00000000044808B6 vis=0 area=4750 chrome=1 qclass=Qtitan::DockWidgetPanel
[hider]  hwnd=0000000000440EF8 parent=00000000044808B6 vis=0 area=4750 chrome=1 qclass=Qtitan::DockWidgetPanel
[hider]  hwnd=00000000019D0E9E parent=00000000044808B6 vis=0 area=4750 chrome=1 qclass=Qtitan::DockWidgetPanel
[hider]  hwnd=00000000005F0F04 parent=00000000044808B6 vis=0 area=4750 chrome=1 qclass=Qtitan::DockWidgetPanel
[hider] viewport = 0000000000AE06BA qclass=RBX::Studio::QEngineWidget
[hider] pass: viewport=0000000000AE06BA chainLen=10 newlyBlocked=10 alreadyBlocked=0 totalWins=31
[hider] strip-diag: mainClientBottom=1020 viewport=[0,29,1920,1020] (coversBottom=1)
[hider] strip-occupant hwnd=00000000010B0882 rect=[0,29,1920,1020] vis=1 chrome=0 onChain=1 qclass=QWidget
[hider] strip-occupant hwnd=0000000002F40A50 rect=[0,29,1920,1020] vis=1 chrome=1 onChain=1 qclass=Qtitan::DockSplitLayoutPanel
[hider] strip-occupant hwnd=0000000000380BB8 rect=[0,29,1920,1020] vis=1 chrome=1 onChain=1 qclass=Qtitan::DockSplitLayoutPanel
[hider] strip-occupant hwnd=00000000017D0D46 rect=[0,29,1920,1020] vis=1 chrome=1 onChain=1 qclass=Qtitan::DockSplitLayoutPanel
[hider] strip-occupant hwnd=0000000001980B36 rect=[0,29,1920,1020] vis=1 chrome=1 onChain=1 qclass=Qtitan::DockSplitLayoutPanel
[hider] strip-occupant hwnd=0000000000240C26 rect=[0,29,1920,1020] vis=1 chrome=1 onChain=1 qclass=Qtitan::DockDocumentLayoutPanel
[hider] strip-occupant hwnd=00000000000A0DD0 rect=[0,29,1920,1020] vis=1 chrome=1 onChain=1 qclass=Qtitan::DockDocumentTabbedLayoutPanel
[hider] strip-occupant hwnd=0000000001190568 rect=[0,29,1920,1020] vis=1 chrome=1 onChain=1 qclass=Qtitan::DockWidgetPanel
[hider] viewport = 0000000000AE06BA qclass=RBX::Studio::QEngineWidget
[hider] pass: viewport=0000000000AE06BA chainLen=10 newlyBlocked=0 alreadyBlocked=10 totalWins=31
[hider] strip-diag: mainClientBottom=1020 viewport=[0,29,1920,1020] (coversBottom=1)
[hider] strip-occupant hwnd=00000000010B0882 rect=[0,29,1920,1020] vis=1 chrome=0 onChain=1 qclass=QWidget
[hider] strip-occupant hwnd=0000000002F40A50 rect=[0,29,1920,1020] vis=1 chrome=1 onChain=1 qclass=Qtitan::DockSplitLayoutPanel
[hider] strip-occupant hwnd=0000000000380BB8 rect=[0,29,1920,1020] vis=1 chrome=1 onChain=1 qclass=Qtitan::DockSplitLayoutPanel
[hider] strip-occupant hwnd=00000000017D0D46 rect=[0,29,1920,1020] vis=1 chrome=1 onChain=1 qclass=Qtitan::DockSplitLayoutPanel
[hider] strip-occupant hwnd=0000000001980B36 rect=[0,29,1920,1020] vis=1 chrome=1 onChain=1 qclass=Qtitan::DockSplitLayoutPanel
[hider] strip-occupant hwnd=0000000000240C26 rect=[0,29,1920,1020] vis=1 chrome=1 onChain=1 qclass=Qtitan::DockDocumentLayoutPanel
[hider] strip-occupant hwnd=00000000000A0DD0 rect=[0,29,1920,1020] vis=1 chrome=1 onChain=1 qclass=Qtitan::DockDocumentTabbedLayoutPanel
[hider] strip-occupant hwnd=0000000001190568 rect=[0,29,1920,1020] vis=1 chrome=1 onChain=1 qclass=Qtitan::DockWidgetPanel
[hider] viewport = 0000000000AE06BA qclass=RBX::Studio::QEngineWidget
[hider] pass: viewport=0000000000AE06BA chainLen=10 newlyBlocked=0 alreadyBlocked=10 totalWins=31
[hider] strip-diag: mainClientBottom=1020 viewport=[0,29,1920,1020] (coversBottom=1)
[hider] strip-occupant hwnd=00000000010B0882 rect=[0,29,1920,1020] vis=1 chrome=0 onChain=1 qclass=QWidget
[hider] strip-occupant hwnd=0000000002F40A50 rect=[0,29,1920,1020] vis=1 chrome=1 onChain=1 qclass=Qtitan::DockSplitLayoutPanel
[hider] strip-occupant hwnd=0000000000380BB8 rect=[0,29,1920,1020] vis=1 chrome=1 onChain=1 qclass=Qtitan::DockSplitLayoutPanel
[hider] strip-occupant hwnd=00000000017D0D46 rect=[0,29,1920,1020] vis=1 chrome=1 onChain=1 qclass=Qtitan::DockSplitLayoutPanel
[hider] strip-occupant hwnd=0000000001980B36 rect=[0,29,1920,1020] vis=1 chrome=1 onChain=1 qclass=Qtitan::DockSplitLayoutPanel
[hider] strip-occupant hwnd=0000000000240C26 rect=[0,29,1920,1020] vis=1 chrome=1 onChain=1 qclass=Qtitan::DockDocumentLayoutPanel
[hider] strip-occupant hwnd=00000000000A0DD0 rect=[0,29,1920,1020] vis=1 chrome=1 onChain=1 qclass=Qtitan::DockDocumentTabbedLayoutPanel
[hider] strip-occupant hwnd=0000000001190568 rect=[0,29,1920,1020] vis=1 chrome=1 onChain=1 qclass=Qtitan::DockWidgetPanel
[hider] viewport = 0000000000AE06BA qclass=RBX::Studio::QEngineWidget
[hider] pass: viewport=0000000000AE06BA chainLen=10 newlyBlocked=0 alreadyBlocked=10 totalWins=31
[hider] strip-diag: mainClientBottom=1020 viewport=[0,29,1920,1020] (coversBottom=1)
[hider] strip-occupant hwnd=00000000010B0882 rect=[0,29,1920,1020] vis=1 chrome=0 onChain=1 qclass=QWidget
[hider] strip-occupant hwnd=0000000002F40A50 rect=[0,29,1920,1020] vis=1 chrome=1 onChain=1 qclass=Qtitan::DockSplitLayoutPanel
[hider] strip-occupant hwnd=0000000000380BB8 rect=[0,29,1920,1020] vis=1 chrome=1 onChain=1 qclass=Qtitan::DockSplitLayoutPanel
[hider] strip-occupant hwnd=00000000017D0D46 rect=[0,29,1920,1020] vis=1 chrome=1 onChain=1 qclass=Qtitan::DockSplitLayoutPanel
[hider] strip-occupant hwnd=0000000001980B36 rect=[0,29,1920,1020] vis=1 chrome=1 onChain=1 qclass=Qtitan::DockSplitLayoutPanel
[hider] strip-occupant hwnd=0000000000240C26 rect=[0,29,1920,1020] vis=1 chrome=1 onChain=1 qclass=Qtitan::DockDocumentLayoutPanel
[hider] strip-occupant hwnd=00000000000A0DD0 rect=[0,29,1920,1020] vis=1 chrome=1 onChain=1 qclass=Qtitan::DockDocumentTabbedLayoutPanel
[hider] strip-occupant hwnd=0000000001190568 rect=[0,29,1920,1020] vis=1 chrome=1 onChain=1 qclass=Qtitan::DockWidgetPanel
[hider] viewport = 0000000000AE06BA qclass=RBX::Studio::QEngineWidget
[hider] pass: viewport=0000000000AE06BA chainLen=10 newlyBlocked=0 alreadyBlocked=10 totalWins=31
[hider] strip-diag: mainClientBottom=1020 viewport=[0,29,1920,1020] (coversBottom=1)
[hider] strip-occupant hwnd=00000000010B0882 rect=[0,29,1920,1020] vis=1 chrome=0 onChain=1 qclass=QWidget
[hider] strip-occupant hwnd=0000000002F40A50 rect=[0,29,1920,1020] vis=1 chrome=1 onChain=1 qclass=Qtitan::DockSplitLayoutPanel
[hider] strip-occupant hwnd=0000000000380BB8 rect=[0,29,1920,1020] vis=1 chrome=1 onChain=1 qclass=Qtitan::DockSplitLayoutPanel
[hider] strip-occupant hwnd=00000000017D0D46 rect=[0,29,1920,1020] vis=1 chrome=1 onChain=1 qclass=Qtitan::DockSplitLayoutPanel
[hider] strip-occupant hwnd=0000000001980B36 rect=[0,29,1920,1020] vis=1 chrome=1 onChain=1 qclass=Qtitan::DockSplitLayoutPanel
[hider] strip-occupant hwnd=0000000000240C26 rect=[0,29,1920,1020] vis=1 chrome=1 onChain=1 qclass=Qtitan::DockDocumentLayoutPanel
[hider] strip-occupant hwnd=00000000000A0DD0 rect=[0,29,1920,1020] vis=1 chrome=1 onChain=1 qclass=Qtitan::DockDocumentTabbedLayoutPanel
[hider] strip-occupant hwnd=0000000001190568 rect=[0,29,1920,1020] vis=1 chrome=1 onChain=1 qclass=Qtitan::DockWidgetPanel
[hider] viewport = 0000000000AE06BA qclass=RBX::Studio::QEngineWidget
[hider] pass: viewport=0000000000AE06BA chainLen=10 newlyBlocked=0 alreadyBlocked=10 totalWins=31
[hider] strip-diag: mainClientBottom=1020 viewport=[0,29,1920,1020] (coversBottom=1)
[hider] strip-occupant hwnd=00000000010B0882 rect=[0,29,1920,1020] vis=1 chrome=0 onChain=1 qclass=QWidget
[hider] strip-occupant hwnd=0000000002F40A50 rect=[0,29,1920,1020] vis=1 chrome=1 onChain=1 qclass=Qtitan::DockSplitLayoutPanel
[hider] strip-occupant hwnd=0000000000380BB8 rect=[0,29,1920,1020] vis=1 chrome=1 onChain=1 qclass=Qtitan::DockSplitLayoutPanel
[hider] strip-occupant hwnd=00000000017D0D46 rect=[0,29,1920,1020] vis=1 chrome=1 onChain=1 qclass=Qtitan::DockSplitLayoutPanel
[hider] strip-occupant hwnd=0000000001980B36 rect=[0,29,1920,1020] vis=1 chrome=1 onChain=1 qclass=Qtitan::DockSplitLayoutPanel
[hider] strip-occupant hwnd=0000000000240C26 rect=[0,29,1920,1020] vis=1 chrome=1 onChain=1 qclass=Qtitan::DockDocumentLayoutPanel
[hider] strip-occupant hwnd=00000000000A0DD0 rect=[0,29,1920,1020] vis=1 chrome=1 onChain=1 qclass=Qtitan::DockDocumentTabbedLayoutPanel
[hider] strip-occupant hwnd=0000000001190568 rect=[0,29,1920,1020] vis=1 chrome=1 onChain=1 qclass=Qtitan::DockWidgetPanel
[udp_relay] SEND magic to 127.0.0.1:25565 username='HearMeRoar'
[udp_relay] RECV magic from 127.0.0.1:65014 username='HearMeRoar' userId=0 accountAge=3650 haveId=1, patching now
[name_patcher] x64 name updated to 'HearMeRoar'
[name_patcher] relayed identity: userId=0 accountAge=3650
[udp_relay] POSTed appearance for 'HearMeRoar' (1266 chars) -> https://127.0.0.1:443 ok=1
[hider] viewport = 0000000000AE06BA qclass=RBX::Studio::QEngineWidget
[hider] pass: viewport=0000000000AE06BA chainLen=10 newlyBlocked=0 alreadyBlocked=10 totalWins=31
[hider] strip-diag: mainClientBottom=1020 viewport=[0,29,1920,1020] (coversBottom=1)
[hider] strip-occupant hwnd=00000000010B0882 rect=[0,29,1920,1020] vis=1 chrome=0 onChain=1 qclass=QWidget
[hider] strip-occupant hwnd=0000000002F40A50 rect=[0,29,1920,1020] vis=1 chrome=1 onChain=1 qclass=Qtitan::DockSplitLayoutPanel
[hider] strip-occupant hwnd=0000000000380BB8 rect=[0,29,1920,1020] vis=1 chrome=1 onChain=1 qclass=Qtitan::DockSplitLayoutPanel
[hider] strip-occupant hwnd=00000000017D0D46 rect=[0,29,1920,1020] vis=1 chrome=1 onChain=1 qclass=Qtitan::DockSplitLayoutPanel
[hider] strip-occupant hwnd=0000000001980B36 rect=[0,29,1920,1020] vis=1 chrome=1 onChain=1 qclass=Qtitan::DockSplitLayoutPanel
[hider] strip-occupant hwnd=0000000000240C26 rect=[0,29,1920,1020] vis=1 chrome=1 onChain=1 qclass=Qtitan::DockDocumentLayoutPanel
[hider] strip-occupant hwnd=00000000000A0DD0 rect=[0,29,1920,1020] vis=1 chrome=1 onChain=1 qclass=Qtitan::DockDocumentTabbedLayoutPanel
[hider] strip-occupant hwnd=0000000001190568 rect=[0,29,1920,1020] vis=1 chrome=1 onChain=1 qclass=Qtitan::DockWidgetPanel
[hider]  hwnd=00000000010B0882 parent=00000000044808B6 vis=1 area=1902720 chrome=0 qclass=QWidget
[hider]  hwnd=0000000000280BEA parent=00000000010B0882 vis=1 area=1459200 chrome=1 qclass=Qtitan::DockSplitLayoutPanel
[hider]  hwnd=000000000550099A parent=0000000000280BEA vis=1 area=1459200 chrome=1 qclass=Qtitan::DockSplitLayoutPanel
[hider]  hwnd=0000000001470C88 parent=000000000550099A vis=1 area=938880 chrome=1 qclass=Qtitan::DockSplitLayoutPanel
[hider]  hwnd=0000000000390BB8 parent=0000000001470C88 vis=1 area=828855 chrome=1 qclass=Qtitan::DockSplitLayoutPanel
[hider]  hwnd=00000000017E0D46 parent=0000000000390BB8 vis=1 area=828855 chrome=1 qclass=Qtitan::DockDocumentLayoutPanel
[hider]  hwnd=0000000001990B36 parent=00000000017E0D46 vis=1 area=828855 chrome=1 qclass=Qtitan::DockDocumentTabbedLayoutPanel
[hider]  hwnd=0000000002F50A50 parent=0000000001990B36 vis=1 area=772920 chrome=1 qclass=Qtitan::DockDocumentPanel
[hider]  hwnd=000000000D4D06A4 parent=0000000002F50A50 vis=1 area=768622 chrome=0 qclass=QStackedWidget
[hider]  hwnd=0000000000380CA0 parent=000000000D4D06A4 vis=1 area=768622 chrome=0 qclass=QWidget
[hider]  hwnd=0000000000C60CDC parent=0000000000380CA0 vis=1 area=768622 chrome=0 qclass=QScrollArea
[hider]  hwnd=00000000006F0EC8 parent=0000000000C60CDC vis=1 area=757912 chrome=0 qclass=QWidget
[hider]  hwnd=00000000046E0AC6 parent=00000000006F0EC8 vis=1 area=757912 chrome=0 qclass=QWidget
[hider]  hwnd=0000000000090C56 parent=00000000046E0AC6 vis=1 area=757912 chrome=0 qclass=QWidget
[hider]  hwnd=00000000000C0D7C parent=0000000000090C56 vis=1 area=757912 chrome=0 qclass=RBX::Studio::QEngineWidget
[hider]  hwnd=0000000000890EC4 parent=00000000000C0D7C vis=0 area=4750 chrome=0 qclass=QLabel
[hider]  hwnd=00000000002F0D3E parent=00000000000C0D7C vis=0 area=4750 chrome=0 qclass=QLabel
[hider]  hwnd=0000000000AA0ECA parent=0000000001470C88 vis=1 area=108069 chrome=1 qclass=Qtitan::DockSplitLayoutPanel
[hider]  hwnd=00000000011A0568 parent=0000000000AA0ECA vis=1 area=65195 chrome=1 qclass=Qtitan::DockTabbedLayoutPanel
[hider]  hwnd=0000000000260C26 parent=00000000011A0568 vis=1 area=65416 chrome=1 qclass=Qtitan::DockWidgetPanel
[hider]  hwnd=00000000000B0DD0 parent=0000000000260C26 vis=1 area=58035 chrome=0 qclass=RBX::Studio::QEngineWidget
[hider]  hwnd=0000000000090F88 parent=0000000000AA0ECA vis=1 area=41990 chrome=1 qclass=Qtitan::DockTabbedLayoutPanel
[hider]  hwnd=00000000005F0F04 parent=0000000000090F88 vis=0 area=0 chrome=1 qclass=Qtitan::DockWidgetPanel
[hider]  hwnd=00000000002F0B4A parent=000000000550099A vis=1 area=514560 chrome=1 qclass=Qtitan::DockSplitLayoutPanel
[hider]  hwnd=00000000001A0E82 parent=00000000002F0B4A vis=1 area=514560 chrome=1 qclass=Qtitan::DockTabbedLayoutPanel
[hider]  hwnd=00000000006A081C parent=00000000001A0E82 vis=0 area=0 chrome=1 qclass=Qtitan::DockWidgetPanel
[hider]  hwnd=0000000000660B8C parent=00000000044808B6 vis=1 area=278400 chrome=0 qclass=RBX::Studio::TopBar
[hider]  hwnd=0000000000880EFC parent=0000000000660B8C vis=1 area=228480 chrome=0 qclass=PluginPanelCustom
[hider]  hwnd=0000000000430A32 parent=0000000000880EFC vis=1 area=228480 chrome=0 qclass=RBX::Studio::QEngineWidget
[hider]  hwnd=0000000000100C28 parent=00000000044808B6 vis=0 area=0 chrome=1 qclass=Qtitan::DockWidgetPanel
[hider]  hwnd=00000000000E0C6C parent=00000000044808B6 vis=0 area=0 chrome=1 qclass=Qtitan::DockWidgetPanel
[hider]  hwnd=0000000000340E60 parent=00000000044808B6 vis=0 area=0 chrome=1 qclass=Qtitan::DockWidgetPanel
[hider]  hwnd=00000000016F08D2 parent=00000000044808B6 vis=0 area=0 chrome=1 qclass=Qtitan::DockWidgetPanel
[hider]  hwnd=0000000000480824 parent=00000000044808B6 vis=0 area=0 chrome=1 qclass=Qtitan::DockWidgetPanel
[hider]  hwnd=0000000000080D2E parent=00000000044808B6 vis=0 area=0 chrome=1 qclass=Qtitan::DockWidgetPanel
[hider]  hwnd=0000000000440EF8 parent=00000000044808B6 vis=0 area=0 chrome=1 qclass=Qtitan::DockWidgetPanel
[hider]  hwnd=00000000019D0E9E parent=00000000044808B6 vis=0 area=0 chrome=1 qclass=Qtitan::DockWidgetPanel
[hider] viewport = 00000000000C0D7C qclass=RBX::Studio::QEngineWidget
[hider] pass: viewport=00000000000C0D7C chainLen=16 newlyBlocked=6 alreadyBlocked=10 totalWins=37
[hider] strip-diag: mainClientBottom=1020 viewport=[0,29,1920,1020] (coversBottom=1)
[hider] strip-occupant hwnd=00000000010B0882 rect=[0,29,1920,1020] vis=1 chrome=0 onChain=1 qclass=QWidget
[hider] strip-occupant hwnd=0000000000280BEA rect=[0,29,1920,1020] vis=1 chrome=1 onChain=1 qclass=Qtitan::DockSplitLayoutPanel
[hider] strip-occupant hwnd=000000000550099A rect=[0,29,1920,1020] vis=1 chrome=1 onChain=1 qclass=Qtitan::DockSplitLayoutPanel
[hider] strip-occupant hwnd=0000000001470C88 rect=[0,29,1920,1020] vis=1 chrome=1 onChain=1 qclass=Qtitan::DockSplitLayoutPanel
[hider] strip-occupant hwnd=0000000000390BB8 rect=[0,29,1920,1020] vis=1 chrome=1 onChain=1 qclass=Qtitan::DockSplitLayoutPanel
[hider] strip-occupant hwnd=00000000017E0D46 rect=[0,29,1920,1020] vis=1 chrome=1 onChain=1 qclass=Qtitan::DockDocumentLayoutPanel
[hider] strip-occupant hwnd=0000000001990B36 rect=[0,29,1920,1020] vis=1 chrome=1 onChain=1 qclass=Qtitan::DockDocumentTabbedLayoutPanel
[hider] strip-occupant hwnd=0000000002F50A50 rect=[0,29,1920,1020] vis=1 chrome=1 onChain=1 qclass=Qtitan::DockDocumentPanel
[hider] strip-occupant hwnd=000000000D4D06A4 rect=[0,29,1920,1020] vis=1 chrome=0 onChain=1 qclass=QStackedWidget
[hider] strip-occupant hwnd=0000000000380CA0 rect=[0,29,1920,1020] vis=1 chrome=0 onChain=1 qclass=QWidget
[hider] strip-occupant hwnd=0000000000C60CDC rect=[0,29,1920,1020] vis=1 chrome=0 onChain=1 qclass=QScrollArea
[hider] strip-occupant hwnd=00000000006F0EC8 rect=[0,29,1920,1020] vis=1 chrome=0 onChain=1 qclass=QWidget
[hider] strip-occupant hwnd=00000000046E0AC6 rect=[0,29,1920,1020] vis=1 chrome=0 onChain=1 qclass=QWidget
[hider] strip-occupant hwnd=0000000000090C56 rect=[0,29,1920,1020] vis=1 chrome=0 onChain=1 qclass=QWidget
[hider] viewport = 00000000000C0D7C qclass=RBX::Studio::QEngineWidget
[hider] pass: viewport=00000000000C0D7C chainLen=16 newlyBlocked=0 alreadyBlocked=16 totalWins=37
[hider] strip-diag: mainClientBottom=1020 viewport=[0,29,1920,1020] (coversBottom=1)
[hider] strip-occupant hwnd=00000000010B0882 rect=[0,29,1920,1020] vis=1 chrome=0 onChain=1 qclass=QWidget
[hider] strip-occupant hwnd=0000000000280BEA rect=[0,29,1920,1020] vis=1 chrome=1 onChain=1 qclass=Qtitan::DockSplitLayoutPanel
[hider] strip-occupant hwnd=000000000550099A rect=[0,29,1920,1020] vis=1 chrome=1 onChain=1 qclass=Qtitan::DockSplitLayoutPanel
[hider] strip-occupant hwnd=0000000001470C88 rect=[0,29,1920,1020] vis=1 chrome=1 onChain=1 qclass=Qtitan::DockSplitLayoutPanel
[hider] strip-occupant hwnd=0000000000390BB8 rect=[0,29,1920,1020] vis=1 chrome=1 onChain=1 qclass=Qtitan::DockSplitLayoutPanel
[hider] strip-occupant hwnd=00000000017E0D46 rect=[0,29,1920,1020] vis=1 chrome=1 onChain=1 qclass=Qtitan::DockDocumentLayoutPanel
[hider] strip-occupant hwnd=0000000001990B36 rect=[0,29,1920,1020] vis=1 chrome=1 onChain=1 qclass=Qtitan::DockDocumentTabbedLayoutPanel
[hider] strip-occupant hwnd=0000000002F50A50 rect=[0,29,1920,1020] vis=1 chrome=1 onChain=1 qclass=Qtitan::DockDocumentPanel
[hider] strip-occupant hwnd=000000000D4D06A4 rect=[0,29,1920,1020] vis=1 chrome=0 onChain=1 qclass=QStackedWidget
[hider] strip-occupant hwnd=0000000000380CA0 rect=[0,29,1920,1020] vis=1 chrome=0 onChain=1 qclass=QWidget
[hider] strip-occupant hwnd=0000000000C60CDC rect=[0,29,1920,1020] vis=1 chrome=0 onChain=1 qclass=QScrollArea
[hider] strip-occupant hwnd=00000000006F0EC8 rect=[0,29,1920,1020] vis=1 chrome=0 onChain=1 qclass=QWidget
[hider] strip-occupant hwnd=00000000046E0AC6 rect=[0,29,1920,1020] vis=1 chrome=0 onChain=1 qclass=QWidget
[hider] strip-occupant hwnd=0000000000090C56 rect=[0,29,1920,1020] vis=1 chrome=0 onChain=1 qclass=QWidget
[hider] viewport = 00000000000C0D7C qclass=RBX::Studio::QEngineWidget
[hider] pass: viewport=00000000000C0D7C chainLen=16 newlyBlocked=0 alreadyBlocked=16 totalWins=37
[hider] strip-diag: mainClientBottom=1020 viewport=[0,29,1920,1020] (coversBottom=1)
[hider] strip-occupant hwnd=00000000010B0882 rect=[0,29,1920,1020] vis=1 chrome=0 onChain=1 qclass=QWidget
[hider] strip-occupant hwnd=0000000000280BEA rect=[0,29,1920,1020] vis=1 chrome=1 onChain=1 qclass=Qtitan::DockSplitLayoutPanel
[hider] strip-occupant hwnd=000000000550099A rect=[0,29,1920,1020] vis=1 chrome=1 onChain=1 qclass=Qtitan::DockSplitLayoutPanel
[hider] strip-occupant hwnd=0000000001470C88 rect=[0,29,1920,1020] vis=1 chrome=1 onChain=1 qclass=Qtitan::DockSplitLayoutPanel
[hider] strip-occupant hwnd=0000000000390BB8 rect=[0,29,1920,1020] vis=1 chrome=1 onChain=1 qclass=Qtitan::DockSplitLayoutPanel
[hider] strip-occupant hwnd=00000000017E0D46 rect=[0,29,1920,1020] vis=1 chrome=1 onChain=1 qclass=Qtitan::DockDocumentLayoutPanel
[hider] strip-occupant hwnd=0000000001990B36 rect=[0,29,1920,1020] vis=1 chrome=1 onChain=1 qclass=Qtitan::DockDocumentTabbedLayoutPanel
[hider] strip-occupant hwnd=0000000002F50A50 rect=[0,29,1920,1020] vis=1 chrome=1 onChain=1 qclass=Qtitan::DockDocumentPanel
[hider] strip-occupant hwnd=000000000D4D06A4 rect=[0,29,1920,1020] vis=1 chrome=0 onChain=1 qclass=QStackedWidget
[hider] strip-occupant hwnd=0000000000380CA0 rect=[0,29,1920,1020] vis=1 chrome=0 onChain=1 qclass=QWidget
[hider] strip-occupant hwnd=0000000000C60CDC rect=[0,29,1920,1020] vis=1 chrome=0 onChain=1 qclass=QScrollArea
[hider] strip-occupant hwnd=00000000006F0EC8 rect=[0,29,1920,1020] vis=1 chrome=0 onChain=1 qclass=QWidget
[hider] strip-occupant hwnd=00000000046E0AC6 rect=[0,29,1920,1020] vis=1 chrome=0 onChain=1 qclass=QWidget
[hider] strip-occupant hwnd=0000000000090C56 rect=[0,29,1920,1020] vis=1 chrome=0 onChain=1 qclass=QWidget
[hider] viewport = 00000000000C0D7C qclass=RBX::Studio::QEngineWidget
[hider] pass: viewport=00000000000C0D7C chainLen=16 newlyBlocked=0 alreadyBlocked=16 totalWins=37
[hider] strip-diag: mainClientBottom=1020 viewport=[0,29,1920,1020] (coversBottom=1)
[hider] strip-occupant hwnd=00000000010B0882 rect=[0,29,1920,1020] vis=1 chrome=0 onChain=1 qclass=QWidget
[hider] strip-occupant hwnd=0000000000280BEA rect=[0,29,1920,1020] vis=1 chrome=1 onChain=1 qclass=Qtitan::DockSplitLayoutPanel
[hider] strip-occupant hwnd=000000000550099A rect=[0,29,1920,1020] vis=1 chrome=1 onChain=1 qclass=Qtitan::DockSplitLayoutPanel
[hider] strip-occupant hwnd=0000000001470C88 rect=[0,29,1920,1020] vis=1 chrome=1 onChain=1 qclass=Qtitan::DockSplitLayoutPanel
[hider] strip-occupant hwnd=0000000000390BB8 rect=[0,29,1920,1020] vis=1 chrome=1 onChain=1 qclass=Qtitan::DockSplitLayoutPanel
[hider] strip-occupant hwnd=00000000017E0D46 rect=[0,29,1920,1020] vis=1 chrome=1 onChain=1 qclass=Qtitan::DockDocumentLayoutPanel
[hider] strip-occupant hwnd=0000000001990B36 rect=[0,29,1920,1020] vis=1 chrome=1 onChain=1 qclass=Qtitan::DockDocumentTabbedLayoutPanel
[hider] strip-occupant hwnd=0000000002F50A50 rect=[0,29,1920,1020] vis=1 chrome=1 onChain=1 qclass=Qtitan::DockDocumentPanel
[hider] strip-occupant hwnd=000000000D4D06A4 rect=[0,29,1920,1020] vis=1 chrome=0 onChain=1 qclass=QStackedWidget
[hider] strip-occupant hwnd=0000000000380CA0 rect=[0,29,1920,1020] vis=1 chrome=0 onChain=1 qclass=QWidget
[hider] strip-occupant hwnd=0000000000C60CDC rect=[0,29,1920,1020] vis=1 chrome=0 onChain=1 qclass=QScrollArea
[hider] strip-occupant hwnd=00000000006F0EC8 rect=[0,29,1920,1020] vis=1 chrome=0 onChain=1 qclass=QWidget
[hider] strip-occupant hwnd=00000000046E0AC6 rect=[0,29,1920,1020] vis=1 chrome=0 onChain=1 qclass=QWidget
[hider] strip-occupant hwnd=0000000000090C56 rect=[0,29,1920,1020] vis=1 chrome=0 onChain=1 qclass=QWidget
[hider] viewport = 00000000000C0D7C qclass=RBX::Studio::QEngineWidget
[hider] pass: viewport=00000000000C0D7C chainLen=16 newlyBlocked=0 alreadyBlocked=16 totalWins=37
[hider] strip-diag: mainClientBottom=1020 viewport=[0,29,1920,1020] (coversBottom=1)
[hider] strip-occupant hwnd=00000000010B0882 rect=[0,29,1920,1020] vis=1 chrome=0 onChain=1 qclass=QWidget
[hider] strip-occupant hwnd=0000000000280BEA rect=[0,29,1920,1020] vis=1 chrome=1 onChain=1 qclass=Qtitan::DockSplitLayoutPanel
[hider] strip-occupant hwnd=000000000550099A rect=[0,29,1920,1020] vis=1 chrome=1 onChain=1 qclass=Qtitan::DockSplitLayoutPanel
[hider] strip-occupant hwnd=0000000001470C88 rect=[0,29,1920,1020] vis=1 chrome=1 onChain=1 qclass=Qtitan::DockSplitLayoutPanel
[hider] strip-occupant hwnd=0000000000390BB8 rect=[0,29,1920,1020] vis=1 chrome=1 onChain=1 qclass=Qtitan::DockSplitLayoutPanel
[hider] strip-occupant hwnd=00000000017E0D46 rect=[0,29,1920,1020] vis=1 chrome=1 onChain=1 qclass=Qtitan::DockDocumentLayoutPanel
[hider] strip-occupant hwnd=0000000001990B36 rect=[0,29,1920,1020] vis=1 chrome=1 onChain=1 qclass=Qtitan::DockDocumentTabbedLayoutPanel
[hider] strip-occupant hwnd=0000000002F50A50 rect=[0,29,1920,1020] vis=1 chrome=1 onChain=1 qclass=Qtitan::DockDocumentPanel
[hider] strip-occupant hwnd=000000000D4D06A4 rect=[0,29,1920,1020] vis=1 chrome=0 onChain=1 qclass=QStackedWidget
[hider] strip-occupant hwnd=0000000000380CA0 rect=[0,29,1920,1020] vis=1 chrome=0 onChain=1 qclass=QWidget
[hider] strip-occupant hwnd=0000000000C60CDC rect=[0,29,1920,1020] vis=1 chrome=0 onChain=1 qclass=QScrollArea
[hider] strip-occupant hwnd=00000000006F0EC8 rect=[0,29,1920,1020] vis=1 chrome=0 onChain=1 qclass=QWidget
[hider] strip-occupant hwnd=00000000046E0AC6 rect=[0,29,1920,1020] vis=1 chrome=0 onChain=1 qclass=QWidget
[hider] strip-occupant hwnd=0000000000090C56 rect=[0,29,1920,1020] vis=1 chrome=0 onChain=1 qclass=QWidget
[hider] viewport = 00000000000C0D7C qclass=RBX::Studio::QEngineWidget
[hider] pass: viewport=00000000000C0D7C chainLen=16 newlyBlocked=0 alreadyBlocked=16 totalWins=37
[hider] viewport = 00000000000C0D7C qclass=RBX::Studio::QEngineWidget
[hider] pass: viewport=00000000000C0D7C chainLen=16 newlyBlocked=0 alreadyBlocked=16 totalWins=37
[hider] viewport = 00000000000C0D7C qclass=RBX::Studio::QEngineWidget
[hider] pass: viewport=00000000000C0D7C chainLen=16 newlyBlocked=0 alreadyBlocked=16 totalWins=37
[hider] viewport = 00000000000C0D7C qclass=RBX::Studio::QEngineWidget
[hider] pass: viewport=00000000000C0D7C chainLen=16 newlyBlocked=0 alreadyBlocked=16 totalWins=37
[hider] viewport = 00000000000C0D7C qclass=RBX::Studio::QEngineWidget
[hider] pass: viewport=00000000000C0D7C chainLen=16 newlyBlocked=0 alreadyBlocked=16 totalWins=37
[hider] viewport = 00000000000C0D7C qclass=RBX::Studio::QEngineWidget
[hider] pass: viewport=00000000000C0D7C chainLen=16 newlyBlocked=0 alreadyBlocked=16 totalWins=37
[hider] viewport = 00000000000C0D7C qclass=RBX::Studio::QEngineWidget
[hider] pass: viewport=00000000000C0D7C chainLen=16 newlyBlocked=0 alreadyBlocked=16 totalWins=37
[hider] viewport = 00000000000C0D7C qclass=RBX::Studio::QEngineWidget
[hider] pass: viewport=00000000000C0D7C chainLen=16 newlyBlocked=0 alreadyBlocked=16 totalWins=37
[hider] viewport = 00000000000C0D7C qclass=RBX::Studio::QEngineWidget
[hider] pass: viewport=00000000000C0D7C chainLen=16 newlyBlocked=0 alreadyBlocked=16 totalWins=37
[hider] viewport = 00000000000C0D7C qclass=RBX::Studio::QEngineWidget
[hider] pass: viewport=00000000000C0D7C chainLen=16 newlyBlocked=0 alreadyBlocked=16 totalWins=37
[hider] viewport = 00000000000C0D7C qclass=RBX::Studio::QEngineWidget
[hider] pass: viewport=00000000000C0D7C chainLen=16 newlyBlocked=0 alreadyBlocked=16 totalWins=37
[hider] viewport = 00000000000C0D7C qclass=RBX::Studio::QEngineWidget
[hider] pass: viewport=00000000000C0D7C chainLen=16 newlyBlocked=0 alreadyBlocked=16 totalWins=37
[hider] viewport = 00000000000C0D7C qclass=RBX::Studio::QEngineWidget
[hider] pass: viewport=00000000000C0D7C chainLen=16 newlyBlocked=0 alreadyBlocked=16 totalWins=37
[hider] viewport = 00000000000C0D7C qclass=RBX::Studio::QEngineWidget
[hider] pass: viewport=00000000000C0D7C chainLen=16 newlyBlocked=0 alreadyBlocked=16 totalWins=37
[hider] viewport = 00000000000C0D7C qclass=RBX::Studio::QEngineWidget
[hider] pass: viewport=00000000000C0D7C chainLen=16 newlyBlocked=0 alreadyBlocked=16 totalWins=37
[hider] viewport = 00000000000C0D7C qclass=RBX::Studio::QEngineWidget
[hider] pass: viewport=00000000000C0D7C chainLen=16 newlyBlocked=0 alreadyBlocked=16 totalWins=37
[hider] viewport = 00000000000C0D7C qclass=RBX::Studio::QEngineWidget
[hider] pass: viewport=00000000000C0D7C chainLen=16 newlyBlocked=0 alreadyBlocked=16 totalWins=37
[hider] viewport = 00000000000C0D7C qclass=RBX::Studio::QEngineWidget
[hider] pass: viewport=00000000000C0D7C chainLen=16 newlyBlocked=0 alreadyBlocked=16 totalWins=37
[hider] viewport = 00000000000C0D7C qclass=RBX::Studio::QEngineWidget
[hider] pass: viewport=00000000000C0D7C chainLen=16 newlyBlocked=0 alreadyBlocked=16 totalWins=37
[hider] viewport = 00000000000C0D7C qclass=RBX::Studio::QEngineWidget
[hider] pass: viewport=00000000000C0D7C chainLen=16 newlyBlocked=0 alreadyBlocked=16 totalWins=37
[hider] viewport = 00000000000C0D7C qclass=RBX::Studio::QEngineWidget
[hider] pass: viewport=00000000000C0D7C chainLen=16 newlyBlocked=0 alreadyBlocked=16 totalWins=37
[hider] viewport = 00000000000C0D7C qclass=RBX::Studio::QEngineWidget
[hider] pass: viewport=00000000000C0D7C chainLen=16 newlyBlocked=0 alreadyBlocked=16 totalWins=37
[hider] viewport = 00000000000C0D7C qclass=RBX::Studio::QEngineWidget
[hider] pass: viewport=00000000000C0D7C chainLen=16 newlyBlocked=0 alreadyBlocked=16 totalWins=37
[hider] viewport = 00000000000C0D7C qclass=RBX::Studio::QEngineWidget
[hider] pass: viewport=00000000000C0D7C chainLen=16 newlyBlocked=0 alreadyBlocked=16 totalWins=37
[hider] viewport = 00000000000C0D7C qclass=RBX::Studio::QEngineWidget
[hider] pass: viewport=00000000000C0D7C chainLen=16 newlyBlocked=0 alreadyBlocked=16 totalWins=37
[hider] viewport = 00000000000C0D7C qclass=RBX::Studio::QEngineWidget
[hider] pass: viewport=00000000000C0D7C chainLen=16 newlyBlocked=0 alreadyBlocked=16 totalWins=37
[hider] viewport = 00000000000C0D7C qclass=RBX::Studio::QEngineWidget
[hider] pass: viewport=00000000000C0D7C chainLen=16 newlyBlocked=0 alreadyBlocked=16 totalWins=37
[hider] viewport = 00000000000C0D7C qclass=RBX::Studio::QEngineWidget
[hider] pass: viewport=00000000000C0D7C chainLen=16 newlyBlocked=0 alreadyBlocked=16 totalWins=37
[hider] viewport = 00000000000C0D7C qclass=RBX::Studio::QEngineWidget
[hider] pass: viewport=00000000000C0D7C chainLen=16 newlyBlocked=0 alreadyBlocked=16 totalWins=37
[hider] viewport = 00000000000C0D7C qclass=RBX::Studio::QEngineWidget
[hider] pass: viewport=00000000000C0D7C chainLen=16 newlyBlocked=0 alreadyBlocked=16 totalWins=37
[hider] viewport = 00000000000C0D7C qclass=RBX::Studio::QEngineWidget
[hider] pass: viewport=00000000000C0D7C chainLen=16 newlyBlocked=0 alreadyBlocked=16 totalWins=37
[hider] viewport = 00000000000C0D7C qclass=RBX::Studio::QEngineWidget
[hider] pass: viewport=00000000000C0D7C chainLen=16 newlyBlocked=0 alreadyBlocked=16 totalWins=37
[hider] viewport = 00000000000C0D7C qclass=RBX::Studio::QEngineWidget
[hider] pass: viewport=00000000000C0D7C chainLen=16 newlyBlocked=0 alreadyBlocked=16 totalWins=37
[hider] viewport = 00000000000C0D7C qclass=RBX::Studio::QEngineWidget
[hider] pass: viewport=00000000000C0D7C chainLen=16 newlyBlocked=0 alreadyBlocked=16 totalWins=37
[hider] viewport = 00000000000C0D7C qclass=RBX::Studio::QEngineWidget
[hider] pass: viewport=00000000000C0D7C chainLen=16 newlyBlocked=0 alreadyBlocked=16 totalWins=37
[hider] viewport = 00000000000C0D7C qclass=RBX::Studio::QEngineWidget
[hider] pass: viewport=00000000000C0D7C chainLen=16 newlyBlocked=0 alreadyBlocked=16 totalWins=37
[hider] viewport = 00000000000C0D7C qclass=RBX::Studio::QEngineWidget
[hider] pass: viewport=00000000000C0D7C chainLen=16 newlyBlocked=0 alreadyBlocked=16 totalWins=37
[hider] viewport = 00000000000C0D7C qclass=RBX::Studio::QEngineWidget
[hider] pass: viewport=00000000000C0D7C chainLen=16 newlyBlocked=0 alreadyBlocked=16 totalWins=37
[hider] viewport = 00000000000C0D7C qclass=RBX::Studio::QEngineWidget
[hider] pass: viewport=00000000000C0D7C chainLen=16 newlyBlocked=0 alreadyBlocked=16 totalWins=37
[hider] viewport = 00000000000C0D7C qclass=RBX::Studio::QEngineWidget
[hider] pass: viewport=00000000000C0D7C chainLen=16 newlyBlocked=0 alreadyBlocked=16 totalWins=37
[hider] viewport = 00000000000C0D7C qclass=RBX::Studio::QEngineWidget
[hider] pass: viewport=00000000000C0D7C chainLen=16 newlyBlocked=0 alreadyBlocked=16 totalWins=37
[hider] viewport = 00000000000C0D7C qclass=RBX::Studio::QEngineWidget
[hider] pass: viewport=00000000000C0D7C chainLen=16 newlyBlocked=0 alreadyBlocked=16 totalWins=37
[hider] viewport = 00000000000C0D7C qclass=RBX::Studio::QEngineWidget
[hider] pass: viewport=00000000000C0D7C chainLen=16 newlyBlocked=0 alreadyBlocked=16 totalWins=37
[hider] viewport = 00000000000C0D7C qclass=RBX::Studio::QEngineWidget
[hider] pass: viewport=00000000000C0D7C chainLen=16 newlyBlocked=0 alreadyBlocked=16 totalWins=37
[hider] viewport = 00000000000C0D7C qclass=RBX::Studio::QEngineWidget
[hider] pass: viewport=00000000000C0D7C chainLen=16 newlyBlocked=0 alreadyBlocked=16 totalWins=37
[hider] viewport = 00000000000C0D7C qclass=RBX::Studio::QEngineWidget
[hider] pass: viewport=00000000000C0D7C chainLen=16 newlyBlocked=0 alreadyBlocked=16 totalWins=37
[hider] viewport = 00000000000C0D7C qclass=RBX::Studio::QEngineWidget
[hider] pass: viewport=00000000000C0D7C chainLen=16 newlyBlocked=0 alreadyBlocked=16 totalWins=37
[hider] viewport = 00000000000C0D7C qclass=RBX::Studio::QEngineWidget
[hider] pass: viewport=00000000000C0D7C chainLen=16 newlyBlocked=0 alreadyBlocked=16 totalWins=37
[hider] viewport = 00000000000C0D7C qclass=RBX::Studio::QEngineWidget
[hider] pass: viewport=00000000000C0D7C chainLen=16 newlyBlocked=0 alreadyBlocked=16 totalWins=37
[hider] viewport = 00000000000C0D7C qclass=RBX::Studio::QEngineWidget
[hider] pass: viewport=00000000000C0D7C chainLen=16 newlyBlocked=0 alreadyBlocked=16 totalWins=37
[hider] viewport = 00000000000C0D7C qclass=RBX::Studio::QEngineWidget
[hider] pass: viewport=00000000000C0D7C chainLen=16 newlyBlocked=0 alreadyBlocked=16 totalWins=37
[hider] viewport = 00000000000C0D7C qclass=RBX::Studio::QEngineWidget
[hider] pass: viewport=00000000000C0D7C chainLen=16 newlyBlocked=0 alreadyBlocked=16 totalWins=37
[hider] viewport = 00000000000C0D7C qclass=RBX::Studio::QEngineWidget
[hider] pass: viewport=00000000000C0D7C chainLen=16 newlyBlocked=0 alreadyBlocked=16 totalWins=37
[hider] viewport = 00000000000C0D7C qclass=RBX::Studio::QEngineWidget
[hider] pass: viewport=00000000000C0D7C chainLen=16 newlyBlocked=0 alreadyBlocked=16 totalWins=37
[hider] viewport = 00000000000C0D7C qclass=RBX::Studio::QEngineWidget
[hider] pass: viewport=00000000000C0D7C chainLen=16 newlyBlocked=0 alreadyBlocked=16 totalWins=37
[hider] viewport = 00000000000C0D7C qclass=RBX::Studio::QEngineWidget
[hider] pass: viewport=00000000000C0D7C chainLen=16 newlyBlocked=0 alreadyBlocked=16 totalWins=37
[hider] viewport = 00000000000C0D7C qclass=RBX::Studio::QEngineWidget
[hider] pass: viewport=00000000000C0D7C chainLen=16 newlyBlocked=0 alreadyBlocked=16 totalWins=37
[hider] viewport = 00000000000C0D7C qclass=RBX::Studio::QEngineWidget
[hider] pass: viewport=00000000000C0D7C chainLen=16 newlyBlocked=0 alreadyBlocked=16 totalWins=37
[hider] viewport = 00000000000C0D7C qclass=RBX::Studio::QEngineWidget
[hider] pass: viewport=00000000000C0D7C chainLen=16 newlyBlocked=0 alreadyBlocked=16 totalWins=37
[hider] viewport = 00000000000C0D7C qclass=RBX::Studio::QEngineWidget
[hider] pass: viewport=00000000000C0D7C chainLen=16 newlyBlocked=0 alreadyBlocked=16 totalWins=37
[hider] viewport = 00000000000C0D7C qclass=RBX::Studio::QEngineWidget
[hider] pass: viewport=00000000000C0D7C chainLen=16 newlyBlocked=0 alreadyBlocked=16 totalWins=37
[hider] viewport = 00000000000C0D7C qclass=RBX::Studio::QEngineWidget
[hider] pass: viewport=00000000000C0D7C chainLen=16 newlyBlocked=0 alreadyBlocked=16 totalWins=37
[hider] viewport = 00000000000C0D7C qclass=RBX::Studio::QEngineWidget
[hider] pass: viewport=00000000000C0D7C chainLen=16 newlyBlocked=0 alreadyBlocked=16 totalWins=37
[hider] viewport = 00000000000C0D7C qclass=RBX::Studio::QEngineWidget
[hider] pass: viewport=00000000000C0D7C chainLen=16 newlyBlocked=0 alreadyBlocked=16 totalWins=37
[hider] viewport = 00000000000C0D7C qclass=RBX::Studio::QEngineWidget
[hider] pass: viewport=00000000000C0D7C chainLen=16 newlyBlocked=0 alreadyBlocked=16 totalWins=37
[hider] viewport = 00000000000C0D7C qclass=RBX::Studio::QEngineWidget
[hider] pass: viewport=00000000000C0D7C chainLen=16 newlyBlocked=0 alreadyBlocked=16 totalWins=37
[hider] viewport = 00000000000C0D7C qclass=RBX::Studio::QEngineWidget
[hider] pass: viewport=00000000000C0D7C chainLen=16 newlyBlocked=0 alreadyBlocked=16 totalWins=37
[hider] viewport = 00000000000C0D7C qclass=RBX::Studio::QEngineWidget
[hider] pass: viewport=00000000000C0D7C chainLen=16 newlyBlocked=0 alreadyBlocked=16 totalWins=37
[hider] viewport = 00000000000C0D7C qclass=RBX::Studio::QEngineWidget
[hider] pass: viewport=00000000000C0D7C chainLen=16 newlyBlocked=0 alreadyBlocked=16 totalWins=37
[hider] viewport = 00000000000C0D7C qclass=RBX::Studio::QEngineWidget
[hider] pass: viewport=00000000000C0D7C chainLen=16 newlyBlocked=0 alreadyBlocked=16 totalWins=37
[hider] viewport = 00000000000C0D7C qclass=RBX::Studio::QEngineWidget
[hider] pass: viewport=00000000000C0D7C chainLen=16 newlyBlocked=0 alreadyBlocked=16 totalWins=37
[hider] viewport = 00000000000C0D7C qclass=RBX::Studio::QEngineWidget
[hider] pass: viewport=00000000000C0D7C chainLen=16 newlyBlocked=0 alreadyBlocked=16 totalWins=37
[hider] viewport = 00000000000C0D7C qclass=RBX::Studio::QEngineWidget
[hider] pass: viewport=00000000000C0D7C chainLen=16 newlyBlocked=0 alreadyBlocked=16 totalWins=37
[hider] viewport = 00000000000C0D7C qclass=RBX::Studio::QEngineWidget
[hider] pass: viewport=00000000000C0D7C chainLen=16 newlyBlocked=0 alreadyBlocked=16 totalWins=37
[hider] viewport = 00000000000C0D7C qclass=RBX::Studio::QEngineWidget
[hider] pass: viewport=00000000000C0D7C chainLen=16 newlyBlocked=0 alreadyBlocked=16 totalWins=37
[hider] viewport = 00000000000C0D7C qclass=RBX::Studio::QEngineWidget
[hider] pass: viewport=00000000000C0D7C chainLen=16 newlyBlocked=0 alreadyBlocked=16 totalWins=37
[hider] viewport = 00000000000C0D7C qclass=RBX::Studio::QEngineWidget
[hider] pass: viewport=00000000000C0D7C chainLen=16 newlyBlocked=0 alreadyBlocked=16 totalWins=37
[hider] viewport = 00000000000C0D7C qclass=RBX::Studio::QEngineWidget
[hider] pass: viewport=00000000000C0D7C chainLen=16 newlyBlocked=0 alreadyBlocked=16 totalWins=37
[hider] viewport = 00000000000C0D7C qclass=RBX::Studio::QEngineWidget
[hider] pass: viewport=00000000000C0D7C chainLen=16 newlyBlocked=0 alreadyBlocked=16 totalWins=37
[hider] viewport = 00000000000C0D7C qclass=RBX::Studio::QEngineWidget
[hider] pass: viewport=00000000000C0D7C chainLen=16 newlyBlocked=0 alreadyBlocked=16 totalWins=37
[hider] viewport = 00000000000C0D7C qclass=RBX::Studio::QEngineWidget
[hider] pass: viewport=00000000000C0D7C chainLen=16 newlyBlocked=0 alreadyBlocked=16 totalWins=37
[hider] viewport = 00000000000C0D7C qclass=RBX::Studio::QEngineWidget
[hider] pass: viewport=00000000000C0D7C chainLen=16 newlyBlocked=0 alreadyBlocked=16 totalWins=37
[hider] viewport = 00000000000C0D7C qclass=RBX::Studio::QEngineWidget
[hider] pass: viewport=00000000000C0D7C chainLen=16 newlyBlocked=0 alreadyBlocked=16 totalWins=37
[hider] viewport = 00000000000C0D7C qclass=RBX::Studio::QEngineWidget
[hider] pass: viewport=00000000000C0D7C chainLen=16 newlyBlocked=0 alreadyBlocked=16 totalWins=37
[hider] viewport = 00000000000C0D7C qclass=RBX::Studio::QEngineWidget
[hider] pass: viewport=00000000000C0D7C chainLen=16 newlyBlocked=0 alreadyBlocked=16 totalWins=37
[hider] viewport = 00000000000C0D7C qclass=RBX::Studio::QEngineWidget
[hider] pass: viewport=00000000000C0D7C chainLen=16 newlyBlocked=0 alreadyBlocked=16 totalWins=37
[hider] viewport = 00000000000C0D7C qclass=RBX::Studio::QEngineWidget
[hider] pass: viewport=00000000000C0D7C chainLen=16 newlyBlocked=0 alreadyBlocked=16 totalWins=37
[hider] viewport = 00000000000C0D7C qclass=RBX::Studio::QEngineWidget
[hider] pass: viewport=00000000000C0D7C chainLen=16 newlyBlocked=0 alreadyBlocked=16 totalWins=37
[hider] viewport = 00000000000C0D7C qclass=RBX::Studio::QEngineWidget
[hider] pass: viewport=00000000000C0D7C chainLen=16 newlyBlocked=0 alreadyBlocked=16 totalWins=37
[hider] viewport = 00000000000C0D7C qclass=RBX::Studio::QEngineWidget
[hider] pass: viewport=00000000000C0D7C chainLen=16 newlyBlocked=0 alreadyBlocked=16 totalWins=37
[hider] viewport = 00000000000C0D7C qclass=RBX::Studio::QEngineWidget
[hider] pass: viewport=00000000000C0D7C chainLen=16 newlyBlocked=0 alreadyBlocked=16 totalWins=37
[hider] viewport = 00000000000C0D7C qclass=RBX::Studio::QEngineWidget
[hider] pass: viewport=00000000000C0D7C chainLen=16 newlyBlocked=0 alreadyBlocked=16 totalWins=37
[hider] viewport = 00000000000C0D7C qclass=RBX::Studio::QEngineWidget
[hider] pass: viewport=00000000000C0D7C chainLen=16 newlyBlocked=0 alreadyBlocked=16 totalWins=37
[hider] viewport = 00000000000C0D7C qclass=RBX::Studio::QEngineWidget
[hider] pass: viewport=00000000000C0D7C chainLen=16 newlyBlocked=0 alreadyBlocked=16 totalWins=37
[hider] viewport = 00000000000C0D7C qclass=RBX::Studio::QEngineWidget
[hider] pass: viewport=00000000000C0D7C chainLen=16 newlyBlocked=0 alreadyBlocked=16 totalWins=37
[hider] viewport = 00000000000C0D7C qclass=RBX::Studio::QEngineWidget
[hider] pass: viewport=00000000000C0D7C chainLen=16 newlyBlocked=0 alreadyBlocked=16 totalWins=37
[hider] viewport = 00000000000C0D7C qclass=RBX::Studio::QEngineWidget
[hider] pass: viewport=00000000000C0D7C chainLen=16 newlyBlocked=0 alreadyBlocked=16 totalWins=37
[hider] viewport = 00000000000C0D7C qclass=RBX::Studio::QEngineWidget
[hider] pass: viewport=00000000000C0D7C chainLen=16 newlyBlocked=0 alreadyBlocked=16 totalWins=37
[hider] viewport = 00000000000C0D7C qclass=RBX::Studio::QEngineWidget
[hider] pass: viewport=00000000000C0D7C chainLen=16 newlyBlocked=0 alreadyBlocked=16 totalWins=37
[hider] viewport = 00000000000C0D7C qclass=RBX::Studio::QEngineWidget
[hider] pass: viewport=00000000000C0D7C chainLen=16 newlyBlocked=0 alreadyBlocked=16 totalWins=37
[hider] viewport = 00000000000C0D7C qclass=RBX::Studio::QEngineWidget
[hider] pass: viewport=00000000000C0D7C chainLen=16 newlyBlocked=0 alreadyBlocked=16 totalWins=37
[hider] viewport = 00000000000C0D7C qclass=RBX::Studio::QEngineWidget
[hider] pass: viewport=00000000000C0D7C chainLen=16 newlyBlocked=0 alreadyBlocked=16 totalWins=37
[hider] viewport = 00000000000C0D7C qclass=RBX::Studio::QEngineWidget
[hider] pass: viewport=00000000000C0D7C chainLen=16 newlyBlocked=0 alreadyBlocked=16 totalWins=37
[hider] viewport = 00000000000C0D7C qclass=RBX::Studio::QEngineWidget
[hider] pass: viewport=00000000000C0D7C chainLen=16 newlyBlocked=0 alreadyBlocked=16 totalWins=37
[hider] viewport = 00000000000C0D7C qclass=RBX::Studio::QEngineWidget
[hider] pass: viewport=00000000000C0D7C chainLen=16 newlyBlocked=0 alreadyBlocked=16 totalWins=37
[hider] viewport = 00000000000C0D7C qclass=RBX::Studio::QEngineWidget
[hider] pass: viewport=00000000000C0D7C chainLen=16 newlyBlocked=0 alreadyBlocked=16 totalWins=37
[hider] viewport = 00000000000C0D7C qclass=RBX::Studio::QEngineWidget
[hider] pass: viewport=00000000000C0D7C chainLen=16 newlyBlocked=0 alreadyBlocked=16 totalWins=37
[hider] viewport = 00000000000C0D7C qclass=RBX::Studio::QEngineWidget
[hider] pass: viewport=00000000000C0D7C chainLen=16 newlyBlocked=0 alreadyBlocked=16 totalWins=37
[hider] viewport = 00000000000C0D7C qclass=RBX::Studio::QEngineWidget
[hider] pass: viewport=00000000000C0D7C chainLen=16 newlyBlocked=0 alreadyBlocked=16 totalWins=37
[hider] viewport = 00000000000C0D7C qclass=RBX::Studio::QEngineWidget
[hider] pass: viewport=00000000000C0D7C chainLen=16 newlyBlocked=0 alreadyBlocked=16 totalWins=37
[hider] viewport = 00000000000C0D7C qclass=RBX::Studio::QEngineWidget
[hider] pass: viewport=00000000000C0D7C chainLen=16 newlyBlocked=0 alreadyBlocked=16 totalWins=37
[hider] viewport = 00000000000C0D7C qclass=RBX::Studio::QEngineWidget
[hider] pass: viewport=00000000000C0D7C chainLen=16 newlyBlocked=0 alreadyBlocked=16 totalWins=37
[hider] viewport = 00000000000C0D7C qclass=RBX::Studio::QEngineWidget
[hider] pass: viewport=00000000000C0D7C chainLen=16 newlyBlocked=0 alreadyBlocked=16 totalWins=37
[hider] viewport = 00000000000C0D7C qclass=RBX::Studio::QEngineWidget
[hider] pass: viewport=00000000000C0D7C chainLen=16 newlyBlocked=0 alreadyBlocked=16 totalWins=37
[hider] viewport = 00000000000C0D7C qclass=RBX::Studio::QEngineWidget
[hider] pass: viewport=00000000000C0D7C chainLen=16 newlyBlocked=0 alreadyBlocked=16 totalWins=37
[hider] viewport = 00000000000C0D7C qclass=RBX::Studio::QEngineWidget
[hider] pass: viewport=00000000000C0D7C chainLen=16 newlyBlocked=0 alreadyBlocked=16 totalWins=37
[hider] viewport = 00000000000C0D7C qclass=RBX::Studio::QEngineWidget
[hider] pass: viewport=00000000000C0D7C chainLen=16 newlyBlocked=0 alreadyBlocked=16 totalWins=37
[hider] viewport = 00000000000C0D7C qclass=RBX::Studio::QEngineWidget
[hider] pass: viewport=00000000000C0D7C chainLen=16 newlyBlocked=0 alreadyBlocked=16 totalWins=37
[hider] viewport = 00000000000C0D7C qclass=RBX::Studio::QEngineWidget
[hider] pass: viewport=00000000000C0D7C chainLen=16 newlyBlocked=0 alreadyBlocked=16 totalWins=37
[hider] viewport = 00000000000C0D7C qclass=RBX::Studio::QEngineWidget
[hider] pass: viewport=00000000000C0D7C chainLen=16 newlyBlocked=0 alreadyBlocked=16 totalWins=37
[hider] viewport = 00000000000C0D7C qclass=RBX::Studio::QEngineWidget
[hider] pass: viewport=00000000000C0D7C chainLen=16 newlyBlocked=0 alreadyBlocked=16 totalWins=37
[hider] viewport = 00000000000C0D7C qclass=RBX::Studio::QEngineWidget
[hider] pass: viewport=00000000000C0D7C chainLen=16 newlyBlocked=0 alreadyBlocked=16 totalWins=37
[hider] viewport = 00000000000C0D7C qclass=RBX::Studio::QEngineWidget
[hider] pass: viewport=00000000000C0D7C chainLen=16 newlyBlocked=0 alreadyBlocked=16 totalWins=37
[hider] viewport = 00000000000C0D7C qclass=RBX::Studio::QEngineWidget
[hider] pass: viewport=00000000000C0D7C chainLen=16 newlyBlocked=0 alreadyBlocked=16 totalWins=37
[hider] viewport = 00000000000C0D7C qclass=RBX::Studio::QEngineWidget
[hider] pass: viewport=00000000000C0D7C chainLen=16 newlyBlocked=0 alreadyBlocked=16 totalWins=37
[hider] viewport = 00000000000C0D7C qclass=RBX::Studio::QEngineWidget
[hider] pass: viewport=00000000000C0D7C chainLen=16 newlyBlocked=0 alreadyBlocked=16 totalWins=37
[hider] viewport = 00000000000C0D7C qclass=RBX::Studio::QEngineWidget
[hider] pass: viewport=00000000000C0D7C chainLen=16 newlyBlocked=0 alreadyBlocked=16 totalWins=37
[hider] viewport = 00000000000C0D7C qclass=RBX::Studio::QEngineWidget
[hider] pass: viewport=00000000000C0D7C chainLen=16 newlyBlocked=0 alreadyBlocked=16 totalWins=37
[hider] viewport = 00000000000C0D7C qclass=RBX::Studio::QEngineWidget
[hider] pass: viewport=00000000000C0D7C chainLen=16 newlyBlocked=0 alreadyBlocked=16 totalWins=37
[hider] viewport = 00000000000C0D7C qclass=RBX::Studio::QEngineWidget
[hider] pass: viewport=00000000000C0D7C chainLen=16 newlyBlocked=0 alreadyBlocked=16 totalWins=37
[hider] viewport = 00000000000C0D7C qclass=RBX::Studio::QEngineWidget
[hider] pass: viewport=00000000000C0D7C chainLen=16 newlyBlocked=0 alreadyBlocked=16 totalWins=37
[hider] viewport = 00000000000C0D7C qclass=RBX::Studio::QEngineWidget
[hider] pass: viewport=00000000000C0D7C chainLen=16 newlyBlocked=0 alreadyBlocked=16 totalWins=37
[hider] viewport = 00000000000C0D7C qclass=RBX::Studio::QEngineWidget
[hider] pass: viewport=00000000000C0D7C chainLen=16 newlyBlocked=0 alreadyBlocked=16 totalWins=37
[hider] viewport = 00000000000C0D7C qclass=RBX::Studio::QEngineWidget
[hider] pass: viewport=00000000000C0D7C chainLen=16 newlyBlocked=0 alreadyBlocked=16 totalWins=37
[hider] viewport = 00000000000C0D7C qclass=RBX::Studio::QEngineWidget
[hider] pass: viewport=00000000000C0D7C chainLen=16 newlyBlocked=0 alreadyBlocked=16 totalWins=37
[hider] viewport = 00000000000C0D7C qclass=RBX::Studio::QEngineWidget
[hider] pass: viewport=00000000000C0D7C chainLen=16 newlyBlocked=0 alreadyBlocked=16 totalWins=37
[hider] viewport = 00000000000C0D7C qclass=RBX::Studio::QEngineWidget
[hider] pass: viewport=00000000000C0D7C chainLen=16 newlyBlocked=0 alreadyBlocked=16 totalWins=37
[hider] viewport = 00000000000C0D7C qclass=RBX::Studio::QEngineWidget
[hider] pass: viewport=00000000000C0D7C chainLen=16 newlyBlocked=0 alreadyBlocked=16 totalWins=37
[hider] viewport = 00000000000C0D7C qclass=RBX::Studio::QEngineWidget
[hider] pass: viewport=00000000000C0D7C chainLen=16 newlyBlocked=0 alreadyBlocked=16 totalWins=37
[hider] viewport = 00000000000C0D7C qclass=RBX::Studio::QEngineWidget
[hider] pass: viewport=00000000000C0D7C chainLen=16 newlyBlocked=0 alreadyBlocked=16 totalWins=37
[hider] viewport = 00000000000C0D7C qclass=RBX::Studio::QEngineWidget
[hider] pass: viewport=00000000000C0D7C chainLen=16 newlyBlocked=0 alreadyBlocked=16 totalWins=37
[hider] viewport = 00000000000C0D7C qclass=RBX::Studio::QEngineWidget
[hider] pass: viewport=00000000000C0D7C chainLen=16 newlyBlocked=0 alreadyBlocked=16 totalWins=37
[hider] viewport = 00000000000C0D7C qclass=RBX::Studio::QEngineWidget
[hider] pass: viewport=00000000000C0D7C chainLen=16 newlyBlocked=0 alreadyBlocked=16 totalWins=37
[hider] viewport = 00000000000C0D7C qclass=RBX::Studio::QEngineWidget
[hider] pass: viewport=00000000000C0D7C chainLen=16 newlyBlocked=0 alreadyBlocked=16 totalWins=37
[hider] viewport = 00000000000C0D7C qclass=RBX::Studio::QEngineWidget
[hider] pass: viewport=00000000000C0D7C chainLen=16 newlyBlocked=0 alreadyBlocked=16 totalWins=37
[hider] viewport = 00000000000C0D7C qclass=RBX::Studio::QEngineWidget
[hider] pass: viewport=00000000000C0D7C chainLen=16 newlyBlocked=0 alreadyBlocked=16 totalWins=37
[hider] viewport = 00000000000C0D7C qclass=RBX::Studio::QEngineWidget
[hider] pass: viewport=00000000000C0D7C chainLen=16 newlyBlocked=0 alreadyBlocked=16 totalWins=37
[hider] viewport = 00000000000C0D7C qclass=RBX::Studio::QEngineWidget
[hider] pass: viewport=00000000000C0D7C chainLen=16 newlyBlocked=0 alreadyBlocked=16 totalWins=37
[hider] viewport = 00000000000C0D7C qclass=RBX::Studio::QEngineWidget
[hider] pass: viewport=00000000000C0D7C chainLen=16 newlyBlocked=0 alreadyBlocked=16 totalWins=37
[hider] viewport = 00000000000C0D7C qclass=RBX::Studio::QEngineWidget
[hider] pass: viewport=00000000000C0D7C chainLen=16 newlyBlocked=0 alreadyBlocked=16 totalWins=37
[hider] viewport = 00000000000C0D7C qclass=RBX::Studio::QEngineWidget
[hider] pass: viewport=00000000000C0D7C chainLen=16 newlyBlocked=0 alreadyBlocked=16 totalWins=37
[hider] viewport = 00000000000C0D7C qclass=RBX::Studio::QEngineWidget
[hider] pass: viewport=00000000000C0D7C chainLen=16 newlyBlocked=0 alreadyBlocked=16 totalWins=37
[hider] viewport = 00000000000C0D7C qclass=RBX::Studio::QEngineWidget
[hider] pass: viewport=00000000000C0D7C chainLen=16 newlyBlocked=0 alreadyBlocked=16 totalWins=37
[hider] viewport = 00000000000C0D7C qclass=RBX::Studio::QEngineWidget
[hider] pass: viewport=00000000000C0D7C chainLen=16 newlyBlocked=0 alreadyBlocked=16 totalWins=37
[hider] viewport = 00000000000C0D7C qclass=RBX::Studio::QEngineWidget
[hider] pass: viewport=00000000000C0D7C chainLen=16 newlyBlocked=0 alreadyBlocked=16 totalWins=37
[hider] viewport = 00000000000C0D7C qclass=RBX::Studio::QEngineWidget
[hider] pass: viewport=00000000000C0D7C chainLen=16 newlyBlocked=0 alreadyBlocked=16 totalWins=37
[hider] viewport = 00000000000C0D7C qclass=RBX::Studio::QEngineWidget
[hider] pass: viewport=00000000000C0D7C chainLen=16 newlyBlocked=0 alreadyBlocked=16 totalWins=37
[hider] viewport = 00000000000C0D7C qclass=RBX::Studio::QEngineWidget
[hider] pass: viewport=00000000000C0D7C chainLen=16 newlyBlocked=0 alreadyBlocked=16 totalWins=37
[hider] viewport = 00000000000C0D7C qclass=RBX::Studio::QEngineWidget
[hider] pass: viewport=00000000000C0D7C chainLen=16 newlyBlocked=0 alreadyBlocked=16 totalWins=37
[hider] viewport = 00000000000C0D7C qclass=RBX::Studio::QEngineWidget
[hider] pass: viewport=00000000000C0D7C chainLen=16 newlyBlocked=0 alreadyBlocked=16 totalWins=37
[hider] viewport = 00000000000C0D7C qclass=RBX::Studio::QEngineWidget
[hider] pass: viewport=00000000000C0D7C chainLen=16 newlyBlocked=0 alreadyBlocked=16 totalWins=37
[hider] viewport = 00000000000C0D7C qclass=RBX::Studio::QEngineWidget
[hider] pass: viewport=00000000000C0D7C chainLen=16 newlyBlocked=0 alreadyBlocked=16 totalWins=37
[hider] viewport = 00000000000C0D7C qclass=RBX::Studio::QEngineWidget
[hider] pass: viewport=00000000000C0D7C chainLen=16 newlyBlocked=0 alreadyBlocked=16 totalWins=37
[hider] viewport = 00000000000C0D7C qclass=RBX::Studio::QEngineWidget
[hider] pass: viewport=00000000000C0D7C chainLen=16 newlyBlocked=0 alreadyBlocked=16 totalWins=37
[hider] viewport = 00000000000C0D7C qclass=RBX::Studio::QEngineWidget
[hider] pass: viewport=00000000000C0D7C chainLen=16 newlyBlocked=0 alreadyBlocked=16 totalWins=37
[hider] viewport = 00000000000C0D7C qclass=RBX::Studio::QEngineWidget
[hider] pass: viewport=00000000000C0D7C chainLen=16 newlyBlocked=0 alreadyBlocked=16 totalWins=37
[hider] viewport = 00000000000C0D7C qclass=RBX::Studio::QEngineWidget
[hider] pass: viewport=00000000000C0D7C chainLen=16 newlyBlocked=0 alreadyBlocked=16 totalWins=37
[hider] viewport = 00000000000C0D7C qclass=RBX::Studio::QEngineWidget
[hider] pass: viewport=00000000000C0D7C chainLen=16 newlyBlocked=0 alreadyBlocked=16 totalWins=37
[hider] viewport = 00000000000C0D7C qclass=RBX::Studio::QEngineWidget
[hider] pass: viewport=00000000000C0D7C chainLen=16 newlyBlocked=0 alreadyBlocked=16 totalWins=37
[hider] viewport = 00000000000C0D7C qclass=RBX::Studio::QEngineWidget
[hider] pass: viewport=00000000000C0D7C chainLen=16 newlyBlocked=0 alreadyBlocked=16 totalWins=37
[hider] viewport = 00000000000C0D7C qclass=RBX::Studio::QEngineWidget
[hider] pass: viewport=00000000000C0D7C chainLen=16 newlyBlocked=0 alreadyBlocked=16 totalWins=37
[hider] viewport = 00000000000C0D7C qclass=RBX::Studio::QEngineWidget
[hider] pass: viewport=00000000000C0D7C chainLen=16 newlyBlocked=0 alreadyBlocked=16 totalWins=37
[hider] viewport = 00000000000C0D7C qclass=RBX::Studio::QEngineWidget
[hider] pass: viewport=00000000000C0D7C chainLen=16 newlyBlocked=0 alreadyBlocked=16 totalWins=37
[hider] viewport = 00000000000C0D7C qclass=RBX::Studio::QEngineWidget
[hider] pass: viewport=00000000000C0D7C chainLen=16 newlyBlocked=0 alreadyBlocked=16 totalWins=37
[hider] viewport = 00000000000C0D7C qclass=RBX::Studio::QEngineWidget
[hider] pass: viewport=00000000000C0D7C chainLen=16 newlyBlocked=0 alreadyBlocked=16 totalWins=37
[hider] viewport = 00000000000C0D7C qclass=RBX::Studio::QEngineWidget
[hider] pass: viewport=00000000000C0D7C chainLen=16 newlyBlocked=0 alreadyBlocked=16 totalWins=37
[hider] viewport = 00000000000C0D7C qclass=RBX::Studio::QEngineWidget
[hider] pass: viewport=00000000000C0D7C chainLen=16 newlyBlocked=0 alreadyBlocked=16 totalWins=37
[hider] viewport = 00000000000C0D7C qclass=RBX::Studio::QEngineWidget
[hider] pass: viewport=00000000000C0D7C chainLen=16 newlyBlocked=0 alreadyBlocked=16 totalWins=37
[hider] viewport = 00000000000C0D7C qclass=RBX::Studio::QEngineWidget
[hider] pass: viewport=00000000000C0D7C chainLen=16 newlyBlocked=0 alreadyBlocked=16 totalWins=37
[hider] viewport = 00000000000C0D7C qclass=RBX::Studio::QEngineWidget
[hider] pass: viewport=00000000000C0D7C chainLen=16 newlyBlocked=0 alreadyBlocked=16 totalWins=37
[hider] viewport = 00000000000C0D7C qclass=RBX::Studio::QEngineWidget
[hider] pass: viewport=00000000000C0D7C chainLen=16 newlyBlocked=0 alreadyBlocked=16 totalWins=37
[hider] viewport = 00000000000C0D7C qclass=RBX::Studio::QEngineWidget
[hider] pass: viewport=00000000000C0D7C chainLen=16 newlyBlocked=0 alreadyBlocked=16 totalWins=37
[hider] viewport = 00000000000C0D7C qclass=RBX::Studio::QEngineWidget
[hider] pass: viewport=00000000000C0D7C chainLen=16 newlyBlocked=0 alreadyBlocked=16 totalWins=37
[hider] viewport = 00000000000C0D7C qclass=RBX::Studio::QEngineWidget
[hider] pass: viewport=00000000000C0D7C chainLen=16 newlyBlocked=0 alreadyBlocked=16 totalWins=37
[hider] viewport = 00000000000C0D7C qclass=RBX::Studio::QEngineWidget
[hider] pass: viewport=00000000000C0D7C chainLen=16 newlyBlocked=0 alreadyBlocked=16 totalWins=37
[hider] viewport = 00000000000C0D7C qclass=RBX::Studio::QEngineWidget
[hider] pass: viewport=00000000000C0D7C chainLen=16 newlyBlocked=0 alreadyBlocked=16 totalWins=37
[hider] viewport = 00000000000C0D7C qclass=RBX::Studio::QEngineWidget
[hider] pass: viewport=00000000000C0D7C chainLen=16 newlyBlocked=0 alreadyBlocked=16 totalWins=37
[hider] viewport = 00000000000C0D7C qclass=RBX::Studio::QEngineWidget
[hider] pass: viewport=00000000000C0D7C chainLen=16 newlyBlocked=0 alreadyBlocked=16 totalWins=37
[hider] viewport = 00000000000C0D7C qclass=RBX::Studio::QEngineWidget
[hider] pass: viewport=00000000000C0D7C chainLen=16 newlyBlocked=0 alreadyBlocked=16 totalWins=37
[hider] viewport = 00000000000C0D7C qclass=RBX::Studio::QEngineWidget
[hider] pass: viewport=00000000000C0D7C chainLen=16 newlyBlocked=0 alreadyBlocked=16 totalWins=37
[hider] viewport = 00000000000C0D7C qclass=RBX::Studio::QEngineWidget
[hider] pass: viewport=00000000000C0D7C chainLen=16 newlyBlocked=0 alreadyBlocked=16 totalWins=37
[hider] viewport = 00000000000C0D7C qclass=RBX::Studio::QEngineWidget
[hider] pass: viewport=00000000000C0D7C chainLen=16 newlyBlocked=0 alreadyBlocked=16 totalWins=37
[hider] viewport = 00000000000C0D7C qclass=RBX::Studio::QEngineWidget
[hider] pass: viewport=00000000000C0D7C chainLen=16 newlyBlocked=0 alreadyBlocked=16 totalWins=37
[hider] viewport = 00000000000C0D7C qclass=RBX::Studio::QEngineWidget
[hider] pass: viewport=00000000000C0D7C chainLen=16 newlyBlocked=0 alreadyBlocked=16 totalWins=37
[hider] viewport = 00000000000C0D7C qclass=RBX::Studio::QEngineWidget
[hider] pass: viewport=00000000000C0D7C chainLen=16 newlyBlocked=0 alreadyBlocked=16 totalWins=37
[hider] viewport = 00000000000C0D7C qclass=RBX::Studio::QEngineWidget
[hider] pass: viewport=00000000000C0D7C chainLen=16 newlyBlocked=0 alreadyBlocked=16 totalWins=37
[hider] viewport = 00000000000C0D7C qclass=RBX::Studio::QEngineWidget
[hider] pass: viewport=00000000000C0D7C chainLen=16 newlyBlocked=0 alreadyBlocked=16 totalWins=37
[hider] viewport = 00000000000C0D7C qclass=RBX::Studio::QEngineWidget
[hider] pass: viewport=00000000000C0D7C chainLen=16 newlyBlocked=0 alreadyBlocked=16 totalWins=37
[hider] viewport = 00000000000C0D7C qclass=RBX::Studio::QEngineWidget
[hider] pass: viewport=00000000000C0D7C chainLen=16 newlyBlocked=0 alreadyBlocked=16 totalWins=37
[hider] viewport = 00000000000C0D7C qclass=RBX::Studio::QEngineWidget
[hider] pass: viewport=00000000000C0D7C chainLen=16 newlyBlocked=0 alreadyBlocked=16 totalWins=37
[hider] viewport = 00000000000C0D7C qclass=RBX::Studio::QEngineWidget
[hider] pass: viewport=00000000000C0D7C chainLen=16 newlyBlocked=0 alreadyBlocked=16 totalWins=37
[hider] viewport = 00000000000C0D7C qclass=RBX::Studio::QEngineWidget
[hider] pass: viewport=00000000000C0D7C chainLen=16 newlyBlocked=0 alreadyBlocked=16 totalWins=37
[hider] viewport = 00000000000C0D7C qclass=RBX::Studio::QEngineWidget
[hider] pass: viewport=00000000000C0D7C chainLen=16 newlyBlocked=0 alreadyBlocked=16 totalWins=37
[hider] viewport = 00000000000C0D7C qclass=RBX::Studio::QEngineWidget
[hider] pass: viewport=00000000000C0D7C chainLen=16 newlyBlocked=0 alreadyBlocked=16 totalWins=37
[hider] viewport = 00000000000C0D7C qclass=RBX::Studio::QEngineWidget
[hider] pass: viewport=00000000000C0D7C chainLen=16 newlyBlocked=0 alreadyBlocked=16 totalWins=37
[hider] viewport = 00000000000C0D7C qclass=RBX::Studio::QEngineWidget
[hider] pass: viewport=00000000000C0D7C chainLen=16 newlyBlocked=0 alreadyBlocked=16 totalWins=37
[hider] viewport = 00000000000C0D7C qclass=RBX::Studio::QEngineWidget
[hider] pass: viewport=00000000000C0D7C chainLen=16 newlyBlocked=0 alreadyBlocked=16 totalWins=37
[hider] viewport = 00000000000C0D7C qclass=RBX::Studio::QEngineWidget
[hider] pass: viewport=00000000000C0D7C chainLen=16 newlyBlocked=0 alreadyBlocked=16 totalWins=37
[hider] viewport = 00000000000C0D7C qclass=RBX::Studio::QEngineWidget
[hider] pass: viewport=00000000000C0D7C chainLen=16 newlyBlocked=0 alreadyBlocked=16 totalWins=37
[hider] viewport = 00000000000C0D7C qclass=RBX::Studio::QEngineWidget
[hider] pass: viewport=00000000000C0D7C chainLen=16 newlyBlocked=0 alreadyBlocked=16 totalWins=37
[hider] viewport = 00000000000C0D7C qclass=RBX::Studio::QEngineWidget
[hider] pass: viewport=00000000000C0D7C chainLen=16 newlyBlocked=0 alreadyBlocked=16 totalWins=37
[hider] viewport = 00000000000C0D7C qclass=RBX::Studio::QEngineWidget
[hider] pass: viewport=00000000000C0D7C chainLen=16 newlyBlocked=0 alreadyBlocked=16 totalWins=37
[hider] viewport = 00000000000C0D7C qclass=RBX::Studio::QEngineWidget
[hider] pass: viewport=00000000000C0D7C chainLen=16 newlyBlocked=0 alreadyBlocked=16 totalWins=37
[hider] viewport = 00000000000C0D7C qclass=RBX::Studio::QEngineWidget
[hider] pass: viewport=00000000000C0D7C chainLen=16 newlyBlocked=0 alreadyBlocked=16 totalWins=37
[hider] viewport = 00000000000C0D7C qclass=RBX::Studio::QEngineWidget
[hider] pass: viewport=00000000000C0D7C chainLen=16 newlyBlocked=0 alreadyBlocked=16 totalWins=37
[hider] viewport = 00000000000C0D7C qclass=RBX::Studio::QEngineWidget
[hider] pass: viewport=00000000000C0D7C chainLen=16 newlyBlocked=0 alreadyBlocked=16 totalWins=37
[hider] viewport = 00000000000C0D7C qclass=RBX::Studio::QEngineWidget
[hider] pass: viewport=00000000000C0D7C chainLen=16 newlyBlocked=0 alreadyBlocked=16 totalWins=37
[hider] viewport = 00000000000C0D7C qclass=RBX::Studio::QEngineWidget
[hider] pass: viewport=00000000000C0D7C chainLen=16 newlyBlocked=0 alreadyBlocked=16 totalWins=37
[hider] viewport = 00000000000C0D7C qclass=RBX::Studio::QEngineWidget
[hider] pass: viewport=00000000000C0D7C chainLen=16 newlyBlocked=0 alreadyBlocked=16 totalWins=37
[hider] viewport = 00000000000C0D7C qclass=RBX::Studio::QEngineWidget
[hider] pass: viewport=00000000000C0D7C chainLen=16 newlyBlocked=0 alreadyBlocked=16 totalWins=37
[hider] viewport = 00000000000C0D7C qclass=RBX::Studio::QEngineWidget
[hider] pass: viewport=00000000000C0D7C chainLen=16 newlyBlocked=0 alreadyBlocked=16 totalWins=37
[hider] viewport = 00000000000C0D7C qclass=RBX::Studio::QEngineWidget
[hider] pass: viewport=00000000000C0D7C chainLen=16 newlyBlocked=0 alreadyBlocked=16 totalWins=37
[hider] viewport = 00000000000C0D7C qclass=RBX::Studio::QEngineWidget
[hider] pass: viewport=00000000000C0D7C chainLen=16 newlyBlocked=0 alreadyBlocked=16 totalWins=37
[hider] viewport = 00000000000C0D7C qclass=RBX::Studio::QEngineWidget
[hider] pass: viewport=00000000000C0D7C chainLen=16 newlyBlocked=0 alreadyBlocked=16 totalWins=37
[hider] viewport = 00000000000C0D7C qclass=RBX::Studio::QEngineWidget
[hider] pass: viewport=00000000000C0D7C chainLen=16 newlyBlocked=0 alreadyBlocked=16 totalWins=37
[hider] viewport = 00000000000C0D7C qclass=RBX::Studio::QEngineWidget
[hider] pass: viewport=00000000000C0D7C chainLen=16 newlyBlocked=0 alreadyBlocked=16 totalWins=37
[hider] viewport = 00000000000C0D7C qclass=RBX::Studio::QEngineWidget
[hider] pass: viewport=00000000000C0D7C chainLen=16 newlyBlocked=0 alreadyBlocked=16 totalWins=37
[hider] viewport = 00000000000C0D7C qclass=RBX::Studio::QEngineWidget
[hider] pass: viewport=00000000000C0D7C chainLen=16 newlyBlocked=0 alreadyBlocked=16 totalWins=37
[hider] viewport = 00000000000C0D7C qclass=RBX::Studio::QEngineWidget
[hider] pass: viewport=00000000000C0D7C chainLen=16 newlyBlocked=0 alreadyBlocked=16 totalWins=37
[hider] viewport = 00000000000C0D7C qclass=RBX::Studio::QEngineWidget
[hider] pass: viewport=00000000000C0D7C chainLen=16 newlyBlocked=0 alreadyBlocked=16 totalWins=37
[hider] viewport = 00000000000C0D7C qclass=RBX::Studio::QEngineWidget
[hider] pass: viewport=00000000000C0D7C chainLen=16 newlyBlocked=0 alreadyBlocked=16 totalWins=37
[hider] viewport = 00000000000C0D7C qclass=RBX::Studio::QEngineWidget
[hider] pass: viewport=00000000000C0D7C chainLen=16 newlyBlocked=0 alreadyBlocked=16 totalWins=37
[hider] viewport = 00000000000C0D7C qclass=RBX::Studio::QEngineWidget
[hider] pass: viewport=00000000000C0D7C chainLen=16 newlyBlocked=0 alreadyBlocked=16 totalWins=37
[hider] viewport = 00000000000C0D7C qclass=RBX::Studio::QEngineWidget
[hider] pass: viewport=00000000000C0D7C chainLen=16 newlyBlocked=0 alreadyBlocked=16 totalWins=37
[hider] viewport = 00000000000C0D7C qclass=RBX::Studio::QEngineWidget
[hider] pass: viewport=00000000000C0D7C chainLen=16 newlyBlocked=0 alreadyBlocked=16 totalWins=37
[hider] viewport = 00000000000C0D7C qclass=RBX::Studio::QEngineWidget
[hider] pass: viewport=00000000000C0D7C chainLen=16 newlyBlocked=0 alreadyBlocked=16 totalWins=37
[hider] viewport = 00000000000C0D7C qclass=RBX::Studio::QEngineWidget
[hider] pass: viewport=00000000000C0D7C chainLen=16 newlyBlocked=0 alreadyBlocked=16 totalWins=37
[hider] viewport = 00000000000C0D7C qclass=RBX::Studio::QEngineWidget
[hider] pass: viewport=00000000000C0D7C chainLen=16 newlyBlocked=0 alreadyBlocked=16 totalWins=37
[hider] viewport = 00000000000C0D7C qclass=RBX::Studio::QEngineWidget
[hider] pass: viewport=00000000000C0D7C chainLen=16 newlyBlocked=0 alreadyBlocked=16 totalWins=37
[hider] viewport = 00000000000C0D7C qclass=RBX::Studio::QEngineWidget
[hider] pass: viewport=00000000000C0D7C chainLen=16 newlyBlocked=0 alreadyBlocked=16 totalWins=37
[hider] viewport = 00000000000C0D7C qclass=RBX::Studio::QEngineWidget
[hider] pass: viewport=00000000000C0D7C chainLen=16 newlyBlocked=0 alreadyBlocked=16 totalWins=37
[hider] viewport = 00000000000C0D7C qclass=RBX::Studio::QEngineWidget
[hider] pass: viewport=00000000000C0D7C chainLen=16 newlyBlocked=0 alreadyBlocked=16 totalWins=37
[hider] viewport = 00000000000C0D7C qclass=RBX::Studio::QEngineWidget
[hider] pass: viewport=00000000000C0D7C chainLen=16 newlyBlocked=0 alreadyBlocked=16 totalWins=37
[hider] viewport = 00000000000C0D7C qclass=RBX::Studio::QEngineWidget
[hider] pass: viewport=00000000000C0D7C chainLen=16 newlyBlocked=0 alreadyBlocked=16 totalWins=37
[hider] viewport = 00000000000C0D7C qclass=RBX::Studio::QEngineWidget
[hider] pass: viewport=00000000000C0D7C chainLen=16 newlyBlocked=0 alreadyBlocked=16 totalWins=37
[hider] viewport = 00000000000C0D7C qclass=RBX::Studio::QEngineWidget
[hider] pass: viewport=00000000000C0D7C chainLen=16 newlyBlocked=0 alreadyBlocked=16 totalWins=37
[hider] viewport = 00000000000C0D7C qclass=RBX::Studio::QEngineWidget
[hider] pass: viewport=00000000000C0D7C chainLen=16 newlyBlocked=0 alreadyBlocked=16 totalWins=37
[hider] viewport = 00000000000C0D7C qclass=RBX::Studio::QEngineWidget
[hider] pass: viewport=00000000000C0D7C chainLen=16 newlyBlocked=0 alreadyBlocked=16 totalWins=37
[hider] viewport = 00000000000C0D7C qclass=RBX::Studio::QEngineWidget
[hider] pass: viewport=00000000000C0D7C chainLen=16 newlyBlocked=0 alreadyBlocked=16 totalWins=37
[hider] viewport = 00000000000C0D7C qclass=RBX::Studio::QEngineWidget
[hider] pass: viewport=00000000000C0D7C chainLen=16 newlyBlocked=0 alreadyBlocked=16 totalWins=37
[hider] viewport = 00000000000C0D7C qclass=RBX::Studio::QEngineWidget
[hider] pass: viewport=00000000000C0D7C chainLen=16 newlyBlocked=0 alreadyBlocked=16 totalWins=37
[hider] viewport = 00000000000C0D7C qclass=RBX::Studio::QEngineWidget
[hider] pass: viewport=00000000000C0D7C chainLen=16 newlyBlocked=0 alreadyBlocked=16 totalWins=37
[hider] viewport = 00000000000C0D7C qclass=RBX::Studio::QEngineWidget
[hider] pass: viewport=00000000000C0D7C chainLen=16 newlyBlocked=0 alreadyBlocked=16 totalWins=37
[hider] viewport = 00000000000C0D7C qclass=RBX::Studio::QEngineWidget
[hider] pass: viewport=00000000000C0D7C chainLen=16 newlyBlocked=0 alreadyBlocked=16 totalWins=37
[hider] viewport = 00000000000C0D7C qclass=RBX::Studio::QEngineWidget
[hider] pass: viewport=00000000000C0D7C chainLen=16 newlyBlocked=0 alreadyBlocked=16 totalWins=37
[hider] viewport = 00000000000C0D7C qclass=RBX::Studio::QEngineWidget
[hider] pass: viewport=00000000000C0D7C chainLen=16 newlyBlocked=0 alreadyBlocked=16 totalWins=37
[hider] viewport = 00000000000C0D7C qclass=RBX::Studio::QEngineWidget
[hider] pass: viewport=00000000000C0D7C chainLen=16 newlyBlocked=0 alreadyBlocked=16 totalWins=37
[hider] viewport = 00000000000C0D7C qclass=RBX::Studio::QEngineWidget
[hider] pass: viewport=00000000000C0D7C chainLen=16 newlyBlocked=0 alreadyBlocked=16 totalWins=37
[hider] viewport = 00000000000C0D7C qclass=RBX::Studio::QEngineWidget
[hider] pass: viewport=00000000000C0D7C chainLen=16 newlyBlocked=0 alreadyBlocked=16 totalWins=37
[hider] viewport = 00000000000C0D7C qclass=RBX::Studio::QEngineWidget
[hider] pass: viewport=00000000000C0D7C chainLen=16 newlyBlocked=0 alreadyBlocked=16 totalWins=37
[hider] viewport = 00000000000C0D7C qclass=RBX::Studio::QEngineWidget
[hider] pass: viewport=00000000000C0D7C chainLen=16 newlyBlocked=0 alreadyBlocked=16 totalWins=37
[hider] viewport = 00000000000C0D7C qclass=RBX::Studio::QEngineWidget
[hider] pass: viewport=00000000000C0D7C chainLen=16 newlyBlocked=0 alreadyBlocked=16 totalWins=37
[hider] viewport = 00000000000C0D7C qclass=RBX::Studio::QEngineWidget
[hider] pass: viewport=00000000000C0D7C chainLen=16 newlyBlocked=0 alreadyBlocked=16 totalWins=37
[hider] viewport = 00000000000C0D7C qclass=RBX::Studio::QEngineWidget
[hider] pass: viewport=00000000000C0D7C chainLen=16 newlyBlocked=0 alreadyBlocked=16 totalWins=37
[hider] viewport = 00000000000C0D7C qclass=RBX::Studio::QEngineWidget
[hider] pass: viewport=00000000000C0D7C chainLen=16 newlyBlocked=0 alreadyBlocked=16 totalWins=37
[hider] viewport = 00000000000C0D7C qclass=RBX::Studio::QEngineWidget
[hider] pass: viewport=00000000000C0D7C chainLen=16 newlyBlocked=0 alreadyBlocked=16 totalWins=37
[hider] viewport = 00000000000C0D7C qclass=RBX::Studio::QEngineWidget
[hider] pass: viewport=00000000000C0D7C chainLen=16 newlyBlocked=0 alreadyBlocked=16 totalWins=37
[hider] viewport = 00000000000C0D7C qclass=RBX::Studio::QEngineWidget
[hider] pass: viewport=00000000000C0D7C chainLen=16 newlyBlocked=0 alreadyBlocked=16 totalWins=37
[hider] viewport = 00000000000C0D7C qclass=RBX::Studio::QEngineWidget
[hider] pass: viewport=00000000000C0D7C chainLen=16 newlyBlocked=0 alreadyBlocked=16 totalWins=37
[hider] viewport = 00000000000C0D7C qclass=RBX::Studio::QEngineWidget
[hider] pass: viewport=00000000000C0D7C chainLen=16 newlyBlocked=0 alreadyBlocked=16 totalWins=37
[hider] viewport = 00000000000C0D7C qclass=RBX::Studio::QEngineWidget
[hider] pass: viewport=00000000000C0D7C chainLen=16 newlyBlocked=0 alreadyBlocked=16 totalWins=37
[hider] viewport = 00000000000C0D7C qclass=RBX::Studio::QEngineWidget
[hider] pass: viewport=00000000000C0D7C chainLen=16 newlyBlocked=0 alreadyBlocked=16 totalWins=37
[hider] viewport = 00000000000C0D7C qclass=RBX::Studio::QEngineWidget
[hider] pass: viewport=00000000000C0D7C chainLen=16 newlyBlocked=0 alreadyBlocked=16 totalWins=37
[hider] viewport = 00000000000C0D7C qclass=RBX::Studio::QEngineWidget
[hider] pass: viewport=00000000000C0D7C chainLen=16 newlyBlocked=0 alreadyBlocked=16 totalWins=37
[hider] viewport = 00000000000C0D7C qclass=RBX::Studio::QEngineWidget
[hider] pass: viewport=00000000000C0D7C chainLen=16 newlyBlocked=0 alreadyBlocked=16 totalWins=37
[hider] viewport = 00000000000C0D7C qclass=RBX::Studio::QEngineWidget
[hider] pass: viewport=00000000000C0D7C chainLen=16 newlyBlocked=0 alreadyBlocked=16 totalWins=37
[hider] viewport = 00000000000C0D7C qclass=RBX::Studio::QEngineWidget
[hider] pass: viewport=00000000000C0D7C chainLen=16 newlyBlocked=0 alreadyBlocked=16 totalWins=37
[hider] viewport = 00000000000C0D7C qclass=RBX::Studio::QEngineWidget
[hider] pass: viewport=00000000000C0D7C chainLen=16 newlyBlocked=0 alreadyBlocked=16 totalWins=37
[hider] viewport = 00000000000C0D7C qclass=RBX::Studio::QEngineWidget
[hider] pass: viewport=00000000000C0D7C chainLen=16 newlyBlocked=0 alreadyBlocked=16 totalWins=37
[hider] viewport = 00000000000C0D7C qclass=RBX::Studio::QEngineWidget
[hider] pass: viewport=00000000000C0D7C chainLen=16 newlyBlocked=0 alreadyBlocked=16 totalWins=37
[hider] viewport = 00000000000C0D7C qclass=RBX::Studio::QEngineWidget
[hider] pass: viewport=00000000000C0D7C chainLen=16 newlyBlocked=0 alreadyBlocked=16 totalWins=37
[hider] viewport = 00000000000C0D7C qclass=RBX::Studio::QEngineWidget
[hider] pass: viewport=00000000000C0D7C chainLen=16 newlyBlocked=0 alreadyBlocked=16 totalWins=37
[hider] viewport = 00000000000C0D7C qclass=RBX::Studio::QEngineWidget
[hider] pass: viewport=00000000000C0D7C chainLen=16 newlyBlocked=0 alreadyBlocked=16 totalWins=37
[hider] viewport = 00000000000C0D7C qclass=RBX::Studio::QEngineWidget
[hider] pass: viewport=00000000000C0D7C chainLen=16 newlyBlocked=0 alreadyBlocked=16 totalWins=37
[hider] viewport = 00000000000C0D7C qclass=RBX::Studio::QEngineWidget
[hider] pass: viewport=00000000000C0D7C chainLen=16 newlyBlocked=0 alreadyBlocked=16 totalWins=37
[hider] viewport = 00000000000C0D7C qclass=RBX::Studio::QEngineWidget
[hider] pass: viewport=00000000000C0D7C chainLen=16 newlyBlocked=0 alreadyBlocked=16 totalWins=37
[hider] viewport = 00000000000C0D7C qclass=RBX::Studio::QEngineWidget
[hider] pass: viewport=00000000000C0D7C chainLen=16 newlyBlocked=0 alreadyBlocked=16 totalWins=37
[hider] viewport = 00000000000C0D7C qclass=RBX::Studio::QEngineWidget
[hider] pass: viewport=00000000000C0D7C chainLen=16 newlyBlocked=0 alreadyBlocked=16 totalWins=37
[hider] viewport = 00000000000C0D7C qclass=RBX::Studio::QEngineWidget
[hider] pass: viewport=00000000000C0D7C chainLen=16 newlyBlocked=0 alreadyBlocked=16 totalWins=37
[hider] viewport = 00000000000C0D7C qclass=RBX::Studio::QEngineWidget
[hider] pass: viewport=00000000000C0D7C chainLen=16 newlyBlocked=0 alreadyBlocked=16 totalWins=37
[hider] viewport = 00000000000C0D7C qclass=RBX::Studio::QEngineWidget
[hider] pass: viewport=00000000000C0D7C chainLen=16 newlyBlocked=0 alreadyBlocked=16 totalWins=37
[hider] viewport = 00000000000C0D7C qclass=RBX::Studio::QEngineWidget
[hider] pass: viewport=00000000000C0D7C chainLen=16 newlyBlocked=0 alreadyBlocked=16 totalWins=37
[hider] viewport = 00000000000C0D7C qclass=RBX::Studio::QEngineWidget
[hider] pass: viewport=00000000000C0D7C chainLen=16 newlyBlocked=0 alreadyBlocked=16 totalWins=37
[hider] viewport = 00000000000C0D7C qclass=RBX::Studio::QEngineWidget
[hider] pass: viewport=00000000000C0D7C chainLen=16 newlyBlocked=0 alreadyBlocked=16 totalWins=37
[hider] viewport = 00000000000C0D7C qclass=RBX::Studio::QEngineWidget
[hider] pass: viewport=00000000000C0D7C chainLen=16 newlyBlocked=0 alreadyBlocked=16 totalWins=37
[hider] viewport = 00000000000C0D7C qclass=RBX::Studio::QEngineWidget
[hider] pass: viewport=00000000000C0D7C chainLen=16 newlyBlocked=0 alreadyBlocked=16 totalWins=37
[hider] viewport = 00000000000C0D7C qclass=RBX::Studio::QEngineWidget
[hider] pass: viewport=00000000000C0D7C chainLen=16 newlyBlocked=0 alreadyBlocked=16 totalWins=37
[hider] viewport = 00000000000C0D7C qclass=RBX::Studio::QEngineWidget
[hider] pass: viewport=00000000000C0D7C chainLen=16 newlyBlocked=0 alreadyBlocked=16 totalWins=37
[hider] viewport = 00000000000C0D7C qclass=RBX::Studio::QEngineWidget
[hider] pass: viewport=00000000000C0D7C chainLen=16 newlyBlocked=0 alreadyBlocked=16 totalWins=37
[hider] viewport = 00000000000C0D7C qclass=RBX::Studio::QEngineWidget
[hider] pass: viewport=00000000000C0D7C chainLen=16 newlyBlocked=0 alreadyBlocked=16 totalWins=37
[hider] viewport = 00000000000C0D7C qclass=RBX::Studio::QEngineWidget
[hider] pass: viewport=00000000000C0D7C chainLen=16 newlyBlocked=0 alreadyBlocked=16 totalWins=37
[hider] viewport = 00000000000C0D7C qclass=RBX::Studio::QEngineWidget
[hider] pass: viewport=00000000000C0D7C chainLen=16 newlyBlocked=0 alreadyBlocked=16 totalWins=37
[hider] viewport = 00000000000C0D7C qclass=RBX::Studio::QEngineWidget
[hider] pass: viewport=00000000000C0D7C chainLen=16 newlyBlocked=0 alreadyBlocked=16 totalWins=37
[hider] viewport = 00000000000C0D7C qclass=RBX::Studio::QEngineWidget
[hider] pass: viewport=00000000000C0D7C chainLen=16 newlyBlocked=0 alreadyBlocked=16 totalWins=37
[hider] viewport = 00000000000C0D7C qclass=RBX::Studio::QEngineWidget
[hider] pass: viewport=00000000000C0D7C chainLen=16 newlyBlocked=0 alreadyBlocked=16 totalWins=37
[hider] viewport = 00000000000C0D7C qclass=RBX::Studio::QEngineWidget
[hider] pass: viewport=00000000000C0D7C chainLen=16 newlyBlocked=0 alreadyBlocked=16 totalWins=37
[hider] viewport = 00000000000C0D7C qclass=RBX::Studio::QEngineWidget
[hider] pass: viewport=00000000000C0D7C chainLen=16 newlyBlocked=0 alreadyBlocked=16 totalWins=37
[hider] viewport = 00000000000C0D7C qclass=RBX::Studio::QEngineWidget
[hider] pass: viewport=00000000000C0D7C chainLen=16 newlyBlocked=0 alreadyBlocked=16 totalWins=37
[hider] viewport = 00000000000C0D7C qclass=RBX::Studio::QEngineWidget
[hider] pass: viewport=00000000000C0D7C chainLen=16 newlyBlocked=0 alreadyBlocked=16 totalWins=37
[hider] viewport = 00000000000C0D7C qclass=RBX::Studio::QEngineWidget
[hider] pass: viewport=00000000000C0D7C chainLen=16 newlyBlocked=0 alreadyBlocked=16 totalWins=37
[hider] viewport = 00000000000C0D7C qclass=RBX::Studio::QEngineWidget
[hider] pass: viewport=00000000000C0D7C chainLen=16 newlyBlocked=0 alreadyBlocked=16 totalWins=37
[hider] viewport = 00000000000C0D7C qclass=RBX::Studio::QEngineWidget
[hider] pass: viewport=00000000000C0D7C chainLen=16 newlyBlocked=0 alreadyBlocked=16 totalWins=37
[hider] viewport = 00000000000C0D7C qclass=RBX::Studio::QEngineWidget
[hider] pass: viewport=00000000000C0D7C chainLen=16 newlyBlocked=0 alreadyBlocked=16 totalWins=37
[hider] viewport = 00000000000C0D7C qclass=RBX::Studio::QEngineWidget
[hider] pass: viewport=00000000000C0D7C chainLen=16 newlyBlocked=0 alreadyBlocked=16 totalWins=37
[hider] viewport = 00000000000C0D7C qclass=RBX::Studio::QEngineWidget
[hider] pass: viewport=00000000000C0D7C chainLen=16 newlyBlocked=0 alreadyBlocked=16 totalWins=37
[hider] viewport = 00000000000C0D7C qclass=RBX::Studio::QEngineWidget
[hider] pass: viewport=00000000000C0D7C chainLen=16 newlyBlocked=0 alreadyBlocked=16 totalWins=37
[hider] viewport = 00000000000C0D7C qclass=RBX::Studio::QEngineWidget
[hider] pass: viewport=00000000000C0D7C chainLen=16 newlyBlocked=0 alreadyBlocked=16 totalWins=37
[hider] viewport = 00000000000C0D7C qclass=RBX::Studio::QEngineWidget
[hider] pass: viewport=00000000000C0D7C chainLen=16 newlyBlocked=0 alreadyBlocked=16 totalWins=37
[hider] viewport = 00000000000C0D7C qclass=RBX::Studio::QEngineWidget
[hider] pass: viewport=00000000000C0D7C chainLen=16 newlyBlocked=0 alreadyBlocked=16 totalWins=37
[hider] viewport = 00000000000C0D7C qclass=RBX::Studio::QEngineWidget
[hider] pass: viewport=00000000000C0D7C chainLen=16 newlyBlocked=0 alreadyBlocked=16 totalWins=37
[hider] viewport = 00000000000C0D7C qclass=RBX::Studio::QEngineWidget
[hider] pass: viewport=00000000000C0D7C chainLen=16 newlyBlocked=0 alreadyBlocked=16 totalWins=37
[hider] viewport = 00000000000C0D7C qclass=RBX::Studio::QEngineWidget
[hider] pass: viewport=00000000000C0D7C chainLen=16 newlyBlocked=0 alreadyBlocked=16 totalWins=37
[hider] viewport = 00000000000C0D7C qclass=RBX::Studio::QEngineWidget
[hider] pass: viewport=00000000000C0D7C chainLen=16 newlyBlocked=0 alreadyBlocked=16 totalWins=37
[hider] viewport = 00000000000C0D7C qclass=RBX::Studio::QEngineWidget
[hider] pass: viewport=00000000000C0D7C chainLen=16 newlyBlocked=0 alreadyBlocked=16 totalWins=37
[hider] viewport = 00000000000C0D7C qclass=RBX::Studio::QEngineWidget
[hider] pass: viewport=00000000000C0D7C chainLen=16 newlyBlocked=0 alreadyBlocked=16 totalWins=37
[hider] viewport = 00000000000C0D7C qclass=RBX::Studio::QEngineWidget
[hider] pass: viewport=00000000000C0D7C chainLen=16 newlyBlocked=0 alreadyBlocked=16 totalWins=37
[hider] viewport = 00000000000C0D7C qclass=RBX::Studio::QEngineWidget
[hider] pass: viewport=00000000000C0D7C chainLen=16 newlyBlocked=0 alreadyBlocked=16 totalWins=37
[hider] viewport = 00000000000C0D7C qclass=RBX::Studio::QEngineWidget
[hider] pass: viewport=00000000000C0D7C chainLen=16 newlyBlocked=0 alreadyBlocked=16 totalWins=37
[hider] viewport = 00000000000C0D7C qclass=RBX::Studio::QEngineWidget
[hider] pass: viewport=00000000000C0D7C chainLen=16 newlyBlocked=0 alreadyBlocked=16 totalWins=37
[hider] viewport = 00000000000C0D7C qclass=RBX::Studio::QEngineWidget
[hider] pass: viewport=00000000000C0D7C chainLen=16 newlyBlocked=0 alreadyBlocked=16 totalWins=37
[hider] viewport = 00000000000C0D7C qclass=RBX::Studio::QEngineWidget
[hider] pass: viewport=00000000000C0D7C chainLen=16 newlyBlocked=0 alreadyBlocked=16 totalWins=37
[hider] viewport = 00000000000C0D7C qclass=RBX::Studio::QEngineWidget
[hider] pass: viewport=00000000000C0D7C chainLen=16 newlyBlocked=0 alreadyBlocked=16 totalWins=37
[hider] viewport = 00000000000C0D7C qclass=RBX::Studio::QEngineWidget
[hider] pass: viewport=00000000000C0D7C chainLen=16 newlyBlocked=0 alreadyBlocked=16 totalWins=37
[hider] viewport = 00000000000C0D7C qclass=RBX::Studio::QEngineWidget
[hider] pass: viewport=00000000000C0D7C chainLen=16 newlyBlocked=0 alreadyBlocked=16 totalWins=37
[hider] viewport = 00000000000C0D7C qclass=RBX::Studio::QEngineWidget
[hider] pass: viewport=00000000000C0D7C chainLen=16 newlyBlocked=0 alreadyBlocked=16 totalWins=37
[hider] viewport = 00000000000C0D7C qclass=RBX::Studio::QEngineWidget
[hider] pass: viewport=00000000000C0D7C chainLen=16 newlyBlocked=0 alreadyBlocked=16 totalWins=37
[hider] viewport = 00000000000C0D7C qclass=RBX::Studio::QEngineWidget
[hider] pass: viewport=00000000000C0D7C chainLen=16 newlyBlocked=0 alreadyBlocked=16 totalWins=37
[hider] viewport = 00000000000C0D7C qclass=RBX::Studio::QEngineWidget
[hider] pass: viewport=00000000000C0D7C chainLen=16 newlyBlocked=0 alreadyBlocked=16 totalWins=37
[hider] viewport = 00000000000C0D7C qclass=RBX::Studio::QEngineWidget
[hider] pass: viewport=00000000000C0D7C chainLen=16 newlyBlocked=0 alreadyBlocked=16 totalWins=37
[hider] viewport = 00000000000C0D7C qclass=RBX::Studio::QEngineWidget
[hider] pass: viewport=00000000000C0D7C chainLen=16 newlyBlocked=0 alreadyBlocked=16 totalWins=37
[hider] viewport = 00000000000C0D7C qclass=RBX::Studio::QEngineWidget
[hider] pass: viewport=00000000000C0D7C chainLen=16 newlyBlocked=0 alreadyBlocked=16 totalWins=37
[hider] viewport = 00000000000C0D7C qclass=RBX::Studio::QEngineWidget
[hider] pass: viewport=00000000000C0D7C chainLen=16 newlyBlocked=0 alreadyBlocked=16 totalWins=37
[hider] viewport = 00000000000C0D7C qclass=RBX::Studio::QEngineWidget
[hider] pass: viewport=00000000000C0D7C chainLen=16 newlyBlocked=0 alreadyBlocked=16 totalWins=37
[hider] viewport = 00000000000C0D7C qclass=RBX::Studio::QEngineWidget
[hider] pass: viewport=00000000000C0D7C chainLen=16 newlyBlocked=0 alreadyBlocked=16 totalWins=37
[hider] viewport = 00000000000C0D7C qclass=RBX::Studio::QEngineWidget
[hider] pass: viewport=00000000000C0D7C chainLen=16 newlyBlocked=0 alreadyBlocked=16 totalWins=37
[hider] viewport = 00000000000C0D7C qclass=RBX::Studio::QEngineWidget
[hider] pass: viewport=00000000000C0D7C chainLen=16 newlyBlocked=0 alreadyBlocked=16 totalWins=37
[hider] viewport = 00000000000C0D7C qclass=RBX::Studio::QEngineWidget
[hider] pass: viewport=00000000000C0D7C chainLen=16 newlyBlocked=0 alreadyBlocked=16 totalWins=37
[hider] viewport = 00000000000C0D7C qclass=RBX::Studio::QEngineWidget
[hider] pass: viewport=00000000000C0D7C chainLen=16 newlyBlocked=0 alreadyBlocked=16 totalWins=37
[hider] viewport = 00000000000C0D7C qclass=RBX::Studio::QEngineWidget
[hider] pass: viewport=00000000000C0D7C chainLen=16 newlyBlocked=0 alreadyBlocked=16 totalWins=37
[hider] viewport = 00000000000C0D7C qclass=RBX::Studio::QEngineWidget
[hider] pass: viewport=00000000000C0D7C chainLen=16 newlyBlocked=0 alreadyBlocked=16 totalWins=37
[hider] viewport = 00000000000C0D7C qclass=RBX::Studio::QEngineWidget
[hider] pass: viewport=00000000000C0D7C chainLen=16 newlyBlocked=0 alreadyBlocked=16 totalWins=37
[hider] viewport = 00000000000C0D7C qclass=RBX::Studio::QEngineWidget
[hider] pass: viewport=00000000000C0D7C chainLen=16 newlyBlocked=0 alreadyBlocked=16 totalWins=37
[hider] viewport = 00000000000C0D7C qclass=RBX::Studio::QEngineWidget
[hider] pass: viewport=00000000000C0D7C chainLen=16 newlyBlocked=0 alreadyBlocked=16 totalWins=37
[hider] viewport = 00000000000C0D7C qclass=RBX::Studio::QEngineWidget
[hider] pass: viewport=00000000000C0D7C chainLen=16 newlyBlocked=0 alreadyBlocked=16 totalWins=37
[hider] viewport = 00000000000C0D7C qclass=RBX::Studio::QEngineWidget
[hider] pass: viewport=00000000000C0D7C chainLen=16 newlyBlocked=0 alreadyBlocked=16 totalWins=37
[hider] viewport = 00000000000C0D7C qclass=RBX::Studio::QEngineWidget
[hider] pass: viewport=00000000000C0D7C chainLen=16 newlyBlocked=0 alreadyBlocked=16 totalWins=37
[hider] viewport = 00000000000C0D7C qclass=RBX::Studio::QEngineWidget
[hider] pass: viewport=00000000000C0D7C chainLen=16 newlyBlocked=0 alreadyBlocked=16 totalWins=37
[hider] viewport = 00000000000C0D7C qclass=RBX::Studio::QEngineWidget
[hider] pass: viewport=00000000000C0D7C chainLen=16 newlyBlocked=0 alreadyBlocked=16 totalWins=37
[hider] viewport = 00000000000C0D7C qclass=RBX::Studio::QEngineWidget
[hider] pass: viewport=00000000000C0D7C chainLen=16 newlyBlocked=0 alreadyBlocked=16 totalWins=37
[hider] viewport = 00000000000C0D7C qclass=RBX::Studio::QEngineWidget
[hider] pass: viewport=00000000000C0D7C chainLen=16 newlyBlocked=0 alreadyBlocked=16 totalWins=37
[hider] viewport = 00000000000C0D7C qclass=RBX::Studio::QEngineWidget
[hider] pass: viewport=00000000000C0D7C chainLen=16 newlyBlocked=0 alreadyBlocked=16 totalWins=37
[hider] viewport = 00000000000C0D7C qclass=RBX::Studio::QEngineWidget
[hider] pass: viewport=00000000000C0D7C chainLen=16 newlyBlocked=0 alreadyBlocked=16 totalWins=37
[hider] viewport = 00000000000C0D7C qclass=RBX::Studio::QEngineWidget
[hider] pass: viewport=00000000000C0D7C chainLen=16 newlyBlocked=0 alreadyBlocked=16 totalWins=37
[hider] viewport = 00000000000C0D7C qclass=RBX::Studio::QEngineWidget
[hider] pass: viewport=00000000000C0D7C chainLen=16 newlyBlocked=0 alreadyBlocked=16 totalWins=37
[hider] viewport = 00000000000C0D7C qclass=RBX::Studio::QEngineWidget
[hider] pass: viewport=00000000000C0D7C chainLen=16 newlyBlocked=0 alreadyBlocked=16 totalWins=37
[hider] viewport = 00000000000C0D7C qclass=RBX::Studio::QEngineWidget
[hider] pass: viewport=00000000000C0D7C chainLen=16 newlyBlocked=0 alreadyBlocked=16 totalWins=37
[hider] viewport = 00000000000C0D7C qclass=RBX::Studio::QEngineWidget
[hider] pass: viewport=00000000000C0D7C chainLen=16 newlyBlocked=0 alreadyBlocked=16 totalWins=37
[hider] viewport = 00000000000C0D7C qclass=RBX::Studio::QEngineWidget
[hider] pass: viewport=00000000000C0D7C chainLen=16 newlyBlocked=0 alreadyBlocked=16 totalWins=37
[hider] viewport = 00000000000C0D7C qclass=RBX::Studio::QEngineWidget
[hider] pass: viewport=00000000000C0D7C chainLen=16 newlyBlocked=0 alreadyBlocked=16 totalWins=37
[hider] viewport = 00000000000C0D7C qclass=RBX::Studio::QEngineWidget
[hider] pass: viewport=00000000000C0D7C chainLen=16 newlyBlocked=0 alreadyBlocked=16 totalWins=37
[hider] viewport = 00000000000C0D7C qclass=RBX::Studio::QEngineWidget
[hider] pass: viewport=00000000000C0D7C chainLen=16 newlyBlocked=0 alreadyBlocked=16 totalWins=37
[hider]  hwnd=00000000010B0882 parent=00000000044808B6 vis=1 area=1902720 chrome=0 qclass=QWidget
[hider]  hwnd=0000000000280BEA parent=00000000010B0882 vis=1 area=1902720 chrome=1 qclass=Qtitan::DockSplitLayoutPanel
[hider]  hwnd=000000000550099A parent=0000000000280BEA vis=1 area=1902720 chrome=1 qclass=Qtitan::DockSplitLayoutPanel
[hider]  hwnd=0000000001470C88 parent=000000000550099A vis=1 area=1902720 chrome=1 qclass=Qtitan::DockSplitLayoutPanel
[hider]  hwnd=0000000000390BB8 parent=0000000001470C88 vis=1 area=1902720 chrome=1 qclass=Qtitan::DockSplitLayoutPanel
[hider]  hwnd=00000000017E0D46 parent=0000000000390BB8 vis=1 area=1902720 chrome=1 qclass=Qtitan::DockDocumentLayoutPanel
[hider]  hwnd=00000000009D077A parent=00000000017E0D46 vis=1 area=1459200 chrome=1 qclass=Qtitan::DockDocumentTabbedLayoutPanel
[hider]  hwnd=0000000001990B36 parent=00000000017E0D46 vis=1 area=1902720 chrome=1 qclass=Qtitan::DockDocumentTabbedLayoutPanel
[hider]  hwnd=0000000000AA0ECA parent=0000000001470C88 vis=0 area=0 chrome=1 qclass=Qtitan::DockSplitLayoutPanel
[hider]  hwnd=00000000011A0568 parent=0000000000AA0ECA vis=0 area=0 chrome=1 qclass=Qtitan::DockTabbedLayoutPanel
[hider]  hwnd=0000000000090F88 parent=0000000000AA0ECA vis=0 area=0 chrome=1 qclass=Qtitan::DockTabbedLayoutPanel
[hider]  hwnd=00000000002F0B4A parent=000000000550099A vis=0 area=0 chrome=1 qclass=Qtitan::DockSplitLayoutPanel
[hider]  hwnd=00000000001A0E82 parent=00000000002F0B4A vis=0 area=0 chrome=1 qclass=Qtitan::DockTabbedLayoutPanel
[hider]  hwnd=0000000000660B8C parent=00000000044808B6 vis=1 area=278400 chrome=0 qclass=RBX::Studio::TopBar
[hider]  hwnd=0000000000880EFC parent=0000000000660B8C vis=1 area=228480 chrome=0 qclass=PluginPanelCustom
[hider]  hwnd=0000000000430A32 parent=0000000000880EFC vis=1 area=228480 chrome=0 qclass=RBX::Studio::QEngineWidget
[hider]  hwnd=0000000000100C28 parent=00000000044808B6 vis=0 area=0 chrome=1 qclass=Qtitan::DockWidgetPanel
[hider]  hwnd=00000000000E0C6C parent=00000000044808B6 vis=0 area=0 chrome=1 qclass=Qtitan::DockWidgetPanel
[hider]  hwnd=0000000000340E60 parent=00000000044808B6 vis=0 area=0 chrome=1 qclass=Qtitan::DockWidgetPanel
[hider]  hwnd=00000000016F08D2 parent=00000000044808B6 vis=0 area=0 chrome=1 qclass=Qtitan::DockWidgetPanel
[hider]  hwnd=0000000000480824 parent=00000000044808B6 vis=0 area=0 chrome=1 qclass=Qtitan::DockWidgetPanel
[hider]  hwnd=0000000000080D2E parent=00000000044808B6 vis=0 area=0 chrome=1 qclass=Qtitan::DockWidgetPanel
[hider]  hwnd=0000000000440EF8 parent=00000000044808B6 vis=0 area=0 chrome=1 qclass=Qtitan::DockWidgetPanel
[hider]  hwnd=00000000019D0E9E parent=00000000044808B6 vis=0 area=0 chrome=1 qclass=Qtitan::DockWidgetPanel
[hider] viewport = 0000000000430A32 qclass=RBX::Studio::QEngineWidget
[dllmain] SafeInit pid=24700
[name_patcher] x64 name patch OK -> 'HearMeRoar' (buf 00007FF6FF3C0000)
[udp_relay] installing IAT hooks (client=0 server=1)
[udp_relay] username='HearMeRoar' (10 chars)
[udp_relay] hooks: sendto=00007FFE8DE10900 recvfrom=00007FFE8DE10050 WSASendTo=00007FFE8DE11390 WSARecvFrom=00007FFE8DE0E6A0 WSARecv=00007FFE8DE0EC60
[dllmain] StartServer: installing script-start hook
[dllmain] not a StartClient launch - skipping Qt hider (relay + username server already active)
[dllmain] SafeInit pid=19256
[name_patcher] x64 name patch OK -> 'HearMeRoar' (buf 00007FF6FF3C0000)
[udp_relay] installing IAT hooks (client=1 server=0)
[udp_relay] username='HearMeRoar' (10 chars)
[udp_relay] hooks: sendto=00007FFE8DE10900 recvfrom=0000000000000000 WSASendTo=00007FFE8DE11390 WSARecvFrom=0000000000000000 WSARecv=0000000000000000
[rcc_patch] IP patched @rva=0x4FA1DAE -> '127.0.0.1' (len mov updated)
[rcc_patch] IP patched @rva=0x2793CDA -> '127.0.0.1' (len mov updated)
[rcc_patch] IP patched @rva=0x2793DA7 -> '127.0.0.1' (len mov updated)
[rcc_patch] IP patched @rva=0x2793E8B -> '127.0.0.1' (len mov updated)
[rcc_patch] IP patched @rva=0x2793F2D -> '127.0.0.1' (len mov updated)
[dllmain] StartClient launch confirmed - activating Qt hider
[hider] Qt symbols: find=00007FFD4C6F8A00 className=00007FFD4BC27A50 -> OK
[hider]  hwnd=0000000000CE0DD2 parent=00000000004D0D94 vis=0 area=4750 chrome=1 qclass=Qtitan::DockWidgetPanel
[hider]  hwnd=00000000039B0B1E parent=00000000004D0D94 vis=0 area=4750 chrome=1 qclass=Qtitan::DockWidgetPanel
[hider]  hwnd=0000000000AB0968 parent=00000000004D0D94 vis=0 area=4750 chrome=1 qclass=Qtitan::DockWidgetPanel
[hider]  hwnd=00000000011C0ADA parent=00000000004D0D94 vis=0 area=4750 chrome=1 qclass=Qtitan::DockWidgetPanel
[hider]  hwnd=00000000000B0F6E parent=00000000004D0D94 vis=0 area=4750 chrome=1 qclass=Qtitan::DockWidgetPanel
[hider]  hwnd=0000000000B10A28 parent=00000000004D0D94 vis=0 area=4750 chrome=1 qclass=Qtitan::DockWidgetPanel
[hider]  hwnd=00000000020509DE parent=00000000004D0D94 vis=0 area=4750 chrome=1 qclass=Qtitan::DockWidgetPanel
[hider]  hwnd=0000000001000F12 parent=00000000004D0D94 vis=0 area=4750 chrome=1 qclass=Qtitan::DockWidgetPanel
[hider]  hwnd=0000000000220E76 parent=00000000004D0D94 vis=0 area=4750 chrome=1 qclass=Qtitan::DockWidgetPanel
[hider]  hwnd=00000000004B0E2C parent=00000000004D0D94 vis=0 area=4750 chrome=1 qclass=Qtitan::DockWidgetPanel
[hider]  hwnd=0000000000C60D5C parent=00000000004D0D94 vis=0 area=15625 chrome=0 qclass=RBX::Studio::QEngineWidget
[hider] viewport = 0000000000C60D5C qclass=RBX::Studio::QEngineWidget
[hider] pass: viewport=0000000000C60D5C chainLen=2 newlyBlocked=10 alreadyBlocked=0 totalWins=11
[hider] strip-diag: mainClientBottom=1020 viewport=[0,29,1920,1020] (coversBottom=1)
[hider]  hwnd=0000000003490B5C parent=00000000004D0D94 vis=1 area=1689600 chrome=0 qclass=QWidget
[hider]  hwnd=0000000000470CCE parent=0000000003490B5C vis=1 area=1689600 chrome=1 qclass=Qtitan::DockSplitLayoutPanel
[hider]  hwnd=0000000000310C92 parent=0000000000470CCE vis=1 area=1689600 chrome=1 qclass=Qtitan::DockSplitLayoutPanel
[hider]  hwnd=0000000000B90454 parent=0000000000310C92 vis=1 area=1689600 chrome=1 qclass=Qtitan::DockSplitLayoutPanel
[hider]  hwnd=0000000000170D76 parent=0000000000B90454 vis=1 area=1689600 chrome=1 qclass=Qtitan::DockSplitLayoutPanel
[hider]  hwnd=0000000000670B8C parent=0000000000170D76 vis=1 area=1689600 chrome=1 qclass=Qtitan::DockDocumentLayoutPanel
[hider]  hwnd=0000000000450BCC parent=0000000000670B8C vis=1 area=1689600 chrome=1 qclass=Qtitan::DockDocumentTabbedLayoutPanel
[hider]  hwnd=00000000009D09E2 parent=0000000000450BCC vis=1 area=1689600 chrome=1 qclass=Qtitan::DockWidgetPanel
[hider]  hwnd=00000000029C0762 parent=00000000009D09E2 vis=1 area=1684004 chrome=0 qclass=RBX::Studio::QEngineWidget
[hider]  hwnd=00000000002B0DB4 parent=00000000004D0D94 vis=1 area=136320 chrome=0 qclass=RBX::Studio::TopBar
[hider]  hwnd=0000000000560F44 parent=00000000002B0DB4 vis=1 area=86400 chrome=0 qclass=PluginPanelCustom
[hider]  hwnd=0000000000300E5A parent=0000000000560F44 vis=1 area=86400 chrome=0 qclass=RBX::Studio::QEngineWidget
[hider]  hwnd=0000000000C60D5C parent=00000000004D0D94 vis=1 area=1902720 chrome=0 qclass=RBX::Studio::QEngineWidget
[hider]  hwnd=0000000000CE0DD2 parent=00000000004D0D94 vis=0 area=0 chrome=1 qclass=Qtitan::DockWidgetPanel
[hider]  hwnd=00000000039B0B1E parent=00000000004D0D94 vis=0 area=0 chrome=1 qclass=Qtitan::DockWidgetPanel
[hider]  hwnd=0000000000AB0968 parent=00000000004D0D94 vis=0 area=0 chrome=1 qclass=Qtitan::DockWidgetPanel
[hider]  hwnd=00000000011C0ADA parent=00000000004D0D94 vis=0 area=0 chrome=1 qclass=Qtitan::DockWidgetPanel
[hider]  hwnd=00000000000B0F6E parent=00000000004D0D94 vis=0 area=0 chrome=1 qclass=Qtitan::DockWidgetPanel
[hider]  hwnd=0000000000B10A28 parent=00000000004D0D94 vis=0 area=0 chrome=1 qclass=Qtitan::DockWidgetPanel
[hider]  hwnd=00000000020509DE parent=00000000004D0D94 vis=0 area=0 chrome=1 qclass=Qtitan::DockWidgetPanel
[hider]  hwnd=0000000001000F12 parent=00000000004D0D94 vis=0 area=0 chrome=1 qclass=Qtitan::DockWidgetPanel
[hider]  hwnd=0000000000220E76 parent=00000000004D0D94 vis=0 area=0 chrome=1 qclass=Qtitan::DockWidgetPanel
[hider]  hwnd=00000000004B0E2C parent=00000000004D0D94 vis=0 area=0 chrome=1 qclass=Qtitan::DockWidgetPanel
[hider] viewport = 00000000029C0762 qclass=RBX::Studio::QEngineWidget
[hider] pass: viewport=00000000029C0762 chainLen=10 newlyBlocked=0 alreadyBlocked=10 totalWins=23
[hider] strip-diag: mainClientBottom=1020 viewport=[0,29,1920,1020] (coversBottom=1)
[hider] strip-occupant hwnd=0000000003490B5C rect=[0,29,1920,1020] vis=1 chrome=0 onChain=1 qclass=QWidget
[hider] strip-occupant hwnd=0000000000470CCE rect=[0,29,1920,1020] vis=1 chrome=1 onChain=1 qclass=Qtitan::DockSplitLayoutPanel
[hider] strip-occupant hwnd=0000000000310C92 rect=[0,29,1920,1020] vis=1 chrome=1 onChain=1 qclass=Qtitan::DockSplitLayoutPanel
[hider] strip-occupant hwnd=0000000000B90454 rect=[0,29,1920,1020] vis=1 chrome=1 onChain=1 qclass=Qtitan::DockSplitLayoutPanel
[hider] strip-occupant hwnd=0000000000170D76 rect=[0,29,1920,1020] vis=1 chrome=1 onChain=1 qclass=Qtitan::DockSplitLayoutPanel
[hider] strip-occupant hwnd=0000000000670B8C rect=[0,29,1920,1020] vis=1 chrome=1 onChain=1 qclass=Qtitan::DockDocumentLayoutPanel
[hider] strip-occupant hwnd=0000000000450BCC rect=[0,29,1920,1020] vis=1 chrome=1 onChain=1 qclass=Qtitan::DockDocumentTabbedLayoutPanel
[hider] strip-occupant hwnd=00000000009D09E2 rect=[0,29,1920,1020] vis=1 chrome=1 onChain=1 qclass=Qtitan::DockWidgetPanel
[hider] strip-occupant hwnd=0000000000C60D5C rect=[0,29,1920,1020] vis=1 chrome=0 onChain=0 qclass=RBX::Studio::QEngineWidget
[hider]  hwnd=0000000000C60D5C parent=00000000004D0D94 vis=1 area=1902720 chrome=0 qclass=RBX::Studio::QEngineWidget
[hider]  hwnd=0000000000950CDE parent=0000000000C60D5C vis=0 area=4750 chrome=0 qclass=QLabel
[hider]  hwnd=00000000003A0BB8 parent=0000000000C60D5C vis=0 area=4750 chrome=0 qclass=QLabel
[hider]  hwnd=0000000000900C72 parent=00000000004D0D94 vis=0 area=14250 chrome=0 qclass=QStackedWidget
[hider]  hwnd=0000000000300B4A parent=0000000000900C72 vis=0 area=4750 chrome=0 qclass=QWidget
[hider]  hwnd=0000000000270C26 parent=0000000000300B4A vis=0 area=4750 chrome=0 qclass=QScrollArea
[hider]  hwnd=0000000000110C28 parent=0000000000270C26 vis=0 area=4750 chrome=0 qclass=QWidget
[hider]  hwnd=00000000000F0C6C parent=0000000000110C28 vis=0 area=4750 chrome=0 qclass=QWidget
[hider]  hwnd=0000000001480C88 parent=00000000000F0C6C vis=0 area=4750 chrome=0 qclass=QWidget
[hider]  hwnd=0000000003490B5C parent=00000000004D0D94 vis=1 area=1902720 chrome=0 qclass=QWidget
[hider]  hwnd=0000000000470CCE parent=0000000003490B5C vis=1 area=1902720 chrome=1 qclass=Qtitan::DockSplitLayoutPanel
[hider]  hwnd=0000000000310C92 parent=0000000000470CCE vis=1 area=1902720 chrome=1 qclass=Qtitan::DockSplitLayoutPanel
[hider]  hwnd=0000000000B90454 parent=0000000000310C92 vis=1 area=1902720 chrome=1 qclass=Qtitan::DockSplitLayoutPanel
[hider]  hwnd=0000000000170D76 parent=0000000000B90454 vis=1 area=1902720 chrome=1 qclass=Qtitan::DockSplitLayoutPanel
[hider]  hwnd=0000000000670B8C parent=0000000000170D76 vis=1 area=1902720 chrome=1 qclass=Qtitan::DockDocumentLayoutPanel
[hider]  hwnd=0000000000450BCC parent=0000000000670B8C vis=1 area=1902720 chrome=1 qclass=Qtitan::DockDocumentTabbedLayoutPanel
[hider]  hwnd=00000000009D09E2 parent=0000000000450BCC vis=1 area=1902720 chrome=1 qclass=Qtitan::DockWidgetPanel
[hider]  hwnd=00000000029C0762 parent=00000000009D09E2 vis=1 area=1902720 chrome=0 qclass=RBX::Studio::QEngineWidget
[hider]  hwnd=00000000002B0DB4 parent=00000000004D0D94 vis=1 area=136320 chrome=0 qclass=RBX::Studio::TopBar
[hider]  hwnd=0000000000560F44 parent=00000000002B0DB4 vis=1 area=86400 chrome=0 qclass=PluginPanelCustom
[hider]  hwnd=0000000000300E5A parent=0000000000560F44 vis=1 area=86400 chrome=0 qclass=RBX::Studio::QEngineWidget
[hider]  hwnd=0000000000CE0DD2 parent=00000000004D0D94 vis=0 area=0 chrome=1 qclass=Qtitan::DockWidgetPanel
[hider]  hwnd=00000000039B0B1E parent=00000000004D0D94 vis=0 area=0 chrome=1 qclass=Qtitan::DockWidgetPanel
[hider]  hwnd=0000000000AB0968 parent=00000000004D0D94 vis=0 area=0 chrome=1 qclass=Qtitan::DockWidgetPanel
[hider]  hwnd=00000000011C0ADA parent=00000000004D0D94 vis=0 area=0 chrome=1 qclass=Qtitan::DockWidgetPanel
[hider]  hwnd=00000000000B0F6E parent=00000000004D0D94 vis=0 area=0 chrome=1 qclass=Qtitan::DockWidgetPanel
[hider]  hwnd=0000000000B10A28 parent=00000000004D0D94 vis=0 area=0 chrome=1 qclass=Qtitan::DockWidgetPanel
[hider]  hwnd=00000000020509DE parent=00000000004D0D94 vis=0 area=0 chrome=1 qclass=Qtitan::DockWidgetPanel
[hider]  hwnd=0000000001000F12 parent=00000000004D0D94 vis=0 area=0 chrome=1 qclass=Qtitan::DockWidgetPanel
[hider]  hwnd=0000000000220E76 parent=00000000004D0D94 vis=0 area=0 chrome=1 qclass=Qtitan::DockWidgetPanel
[hider]  hwnd=00000000004B0E2C parent=00000000004D0D94 vis=0 area=0 chrome=1 qclass=Qtitan::DockWidgetPanel
[hider] viewport = 00000000029C0762 qclass=RBX::Studio::QEngineWidget
[hider] pass: viewport=00000000029C0762 chainLen=10 newlyBlocked=0 alreadyBlocked=10 totalWins=31
[hider] strip-diag: mainClientBottom=1020 viewport=[0,29,1920,1020] (coversBottom=1)
[hider] strip-occupant hwnd=0000000000C60D5C rect=[0,29,1920,1020] vis=1 chrome=0 onChain=0 qclass=RBX::Studio::QEngineWidget
[hider] strip-occupant hwnd=0000000003490B5C rect=[0,29,1920,1020] vis=1 chrome=0 onChain=1 qclass=QWidget
[hider] strip-occupant hwnd=0000000000470CCE rect=[0,29,1920,1020] vis=1 chrome=1 onChain=1 qclass=Qtitan::DockSplitLayoutPanel
[hider] strip-occupant hwnd=0000000000310C92 rect=[0,29,1920,1020] vis=1 chrome=1 onChain=1 qclass=Qtitan::DockSplitLayoutPanel
[hider] strip-occupant hwnd=0000000000B90454 rect=[0,29,1920,1020] vis=1 chrome=1 onChain=1 qclass=Qtitan::DockSplitLayoutPanel
[hider] strip-occupant hwnd=0000000000170D76 rect=[0,29,1920,1020] vis=1 chrome=1 onChain=1 qclass=Qtitan::DockSplitLayoutPanel
[hider] strip-occupant hwnd=0000000000670B8C rect=[0,29,1920,1020] vis=1 chrome=1 onChain=1 qclass=Qtitan::DockDocumentLayoutPanel
[hider] strip-occupant hwnd=0000000000450BCC rect=[0,29,1920,1020] vis=1 chrome=1 onChain=1 qclass=Qtitan::DockDocumentTabbedLayoutPanel
[hider] strip-occupant hwnd=00000000009D09E2 rect=[0,29,1920,1020] vis=1 chrome=1 onChain=1 qclass=Qtitan::DockWidgetPanel
[udp_relay] SEND magic to 127.0.0.1:59169 username='HearMeRoar'
[hider] viewport = 00000000029C0762 qclass=RBX::Studio::QEngineWidget
[hider] pass: viewport=00000000029C0762 chainLen=10 newlyBlocked=0 alreadyBlocked=10 totalWins=31
[hider] strip-diag: mainClientBottom=1020 viewport=[0,29,1920,1020] (coversBottom=1)
[hider] strip-occupant hwnd=0000000003490B5C rect=[0,29,1920,1020] vis=1 chrome=0 onChain=1 qclass=QWidget
[hider] strip-occupant hwnd=0000000000470CCE rect=[0,29,1920,1020] vis=1 chrome=1 onChain=1 qclass=Qtitan::DockSplitLayoutPanel
[hider] strip-occupant hwnd=0000000000310C92 rect=[0,29,1920,1020] vis=1 chrome=1 onChain=1 qclass=Qtitan::DockSplitLayoutPanel
[hider] strip-occupant hwnd=0000000000B90454 rect=[0,29,1920,1020] vis=1 chrome=1 onChain=1 qclass=Qtitan::DockSplitLayoutPanel
[hider] strip-occupant hwnd=0000000000170D76 rect=[0,29,1920,1020] vis=1 chrome=1 onChain=1 qclass=Qtitan::DockSplitLayoutPanel
[hider] strip-occupant hwnd=0000000000670B8C rect=[0,29,1920,1020] vis=1 chrome=1 onChain=1 qclass=Qtitan::DockDocumentLayoutPanel
[hider] strip-occupant hwnd=0000000000450BCC rect=[0,29,1920,1020] vis=1 chrome=1 onChain=1 qclass=Qtitan::DockDocumentTabbedLayoutPanel
[hider] strip-occupant hwnd=00000000009D09E2 rect=[0,29,1920,1020] vis=1 chrome=1 onChain=1 qclass=Qtitan::DockWidgetPanel
[hider] strip-occupant hwnd=0000000000C60D5C rect=[0,29,1920,1020] vis=1 chrome=0 onChain=0 qclass=RBX::Studio::QEngineWidget
[hider] viewport = 00000000029C0762 qclass=RBX::Studio::QEngineWidget
[hider] pass: viewport=00000000029C0762 chainLen=10 newlyBlocked=0 alreadyBlocked=10 totalWins=31
[hider] strip-diag: mainClientBottom=1020 viewport=[0,29,1920,1020] (coversBottom=1)
[hider] strip-occupant hwnd=0000000003490B5C rect=[0,29,1920,1020] vis=1 chrome=0 onChain=1 qclass=QWidget
[hider] strip-occupant hwnd=0000000000470CCE rect=[0,29,1920,1020] vis=1 chrome=1 onChain=1 qclass=Qtitan::DockSplitLayoutPanel
[hider] strip-occupant hwnd=0000000000310C92 rect=[0,29,1920,1020] vis=1 chrome=1 onChain=1 qclass=Qtitan::DockSplitLayoutPanel
[hider] strip-occupant hwnd=0000000000B90454 rect=[0,29,1920,1020] vis=1 chrome=1 onChain=1 qclass=Qtitan::DockSplitLayoutPanel
[hider] strip-occupant hwnd=0000000000170D76 rect=[0,29,1920,1020] vis=1 chrome=1 onChain=1 qclass=Qtitan::DockSplitLayoutPanel
[hider] strip-occupant hwnd=0000000000670B8C rect=[0,29,1920,1020] vis=1 chrome=1 onChain=1 qclass=Qtitan::DockDocumentLayoutPanel
[hider] strip-occupant hwnd=0000000000450BCC rect=[0,29,1920,1020] vis=1 chrome=1 onChain=1 qclass=Qtitan::DockDocumentTabbedLayoutPanel
[hider] strip-occupant hwnd=00000000009D09E2 rect=[0,29,1920,1020] vis=1 chrome=1 onChain=1 qclass=Qtitan::DockWidgetPanel
[hider] strip-occupant hwnd=0000000000C60D5C rect=[0,29,1920,1020] vis=1 chrome=0 onChain=0 qclass=RBX::Studio::QEngineWidget
[hider] viewport = 00000000029C0762 qclass=RBX::Studio::QEngineWidget
[hider] pass: viewport=00000000029C0762 chainLen=10 newlyBlocked=0 alreadyBlocked=10 totalWins=31
[hider] strip-diag: mainClientBottom=1020 viewport=[0,29,1920,1020] (coversBottom=1)
[hider] strip-occupant hwnd=0000000003490B5C rect=[0,29,1920,1020] vis=1 chrome=0 onChain=1 qclass=QWidget
[hider] strip-occupant hwnd=0000000000470CCE rect=[0,29,1920,1020] vis=1 chrome=1 onChain=1 qclass=Qtitan::DockSplitLayoutPanel
[hider] strip-occupant hwnd=0000000000310C92 rect=[0,29,1920,1020] vis=1 chrome=1 onChain=1 qclass=Qtitan::DockSplitLayoutPanel
[hider] strip-occupant hwnd=0000000000B90454 rect=[0,29,1920,1020] vis=1 chrome=1 onChain=1 qclass=Qtitan::DockSplitLayoutPanel
[hider] strip-occupant hwnd=0000000000170D76 rect=[0,29,1920,1020] vis=1 chrome=1 onChain=1 qclass=Qtitan::DockSplitLayoutPanel
[hider] strip-occupant hwnd=0000000000670B8C rect=[0,29,1920,1020] vis=1 chrome=1 onChain=1 qclass=Qtitan::DockDocumentLayoutPanel
[hider] strip-occupant hwnd=0000000000450BCC rect=[0,29,1920,1020] vis=1 chrome=1 onChain=1 qclass=Qtitan::DockDocumentTabbedLayoutPanel
[hider] strip-occupant hwnd=00000000009D09E2 rect=[0,29,1920,1020] vis=1 chrome=1 onChain=1 qclass=Qtitan::DockWidgetPanel
[hider] strip-occupant hwnd=0000000000C60D5C rect=[0,29,1920,1020] vis=1 chrome=0 onChain=0 qclass=RBX::Studio::QEngineWidget
[hider] viewport = 00000000029C0762 qclass=RBX::Studio::QEngineWidget
[hider] pass: viewport=00000000029C0762 chainLen=10 newlyBlocked=0 alreadyBlocked=10 totalWins=31
[hider] strip-diag: mainClientBottom=1020 viewport=[0,29,1920,1020] (coversBottom=1)
[hider] strip-occupant hwnd=0000000003490B5C rect=[0,29,1920,1020] vis=1 chrome=0 onChain=1 qclass=QWidget
[hider] strip-occupant hwnd=0000000000470CCE rect=[0,29,1920,1020] vis=1 chrome=1 onChain=1 qclass=Qtitan::DockSplitLayoutPanel
[hider] strip-occupant hwnd=0000000000310C92 rect=[0,29,1920,1020] vis=1 chrome=1 onChain=1 qclass=Qtitan::DockSplitLayoutPanel
[hider] strip-occupant hwnd=0000000000B90454 rect=[0,29,1920,1020] vis=1 chrome=1 onChain=1 qclass=Qtitan::DockSplitLayoutPanel
[hider] strip-occupant hwnd=0000000000170D76 rect=[0,29,1920,1020] vis=1 chrome=1 onChain=1 qclass=Qtitan::DockSplitLayoutPanel
[hider] strip-occupant hwnd=0000000000670B8C rect=[0,29,1920,1020] vis=1 chrome=1 onChain=1 qclass=Qtitan::DockDocumentLayoutPanel
[hider] strip-occupant hwnd=0000000000450BCC rect=[0,29,1920,1020] vis=1 chrome=1 onChain=1 qclass=Qtitan::DockDocumentTabbedLayoutPanel
[hider] strip-occupant hwnd=00000000009D09E2 rect=[0,29,1920,1020] vis=1 chrome=1 onChain=1 qclass=Qtitan::DockWidgetPanel
[hider] strip-occupant hwnd=0000000000C60D5C rect=[0,29,1920,1020] vis=1 chrome=0 onChain=0 qclass=RBX::Studio::QEngineWidget
[hider] viewport = 00000000029C0762 qclass=RBX::Studio::QEngineWidget
[hider] pass: viewport=00000000029C0762 chainLen=10 newlyBlocked=0 alreadyBlocked=10 totalWins=31
[hider] strip-diag: mainClientBottom=1020 viewport=[0,29,1920,1020] (coversBottom=1)
[hider] strip-occupant hwnd=0000000003490B5C rect=[0,29,1920,1020] vis=1 chrome=0 onChain=1 qclass=QWidget
[hider] strip-occupant hwnd=0000000000470CCE rect=[0,29,1920,1020] vis=1 chrome=1 onChain=1 qclass=Qtitan::DockSplitLayoutPanel
[hider] strip-occupant hwnd=0000000000310C92 rect=[0,29,1920,1020] vis=1 chrome=1 onChain=1 qclass=Qtitan::DockSplitLayoutPanel
[hider] strip-occupant hwnd=0000000000B90454 rect=[0,29,1920,1020] vis=1 chrome=1 onChain=1 qclass=Qtitan::DockSplitLayoutPanel
[hider] strip-occupant hwnd=0000000000170D76 rect=[0,29,1920,1020] vis=1 chrome=1 onChain=1 qclass=Qtitan::DockSplitLayoutPanel
[hider] strip-occupant hwnd=0000000000670B8C rect=[0,29,1920,1020] vis=1 chrome=1 onChain=1 qclass=Qtitan::DockDocumentLayoutPanel
[hider] strip-occupant hwnd=0000000000450BCC rect=[0,29,1920,1020] vis=1 chrome=1 onChain=1 qclass=Qtitan::DockDocumentTabbedLayoutPanel
[hider] strip-occupant hwnd=00000000009D09E2 rect=[0,29,1920,1020] vis=1 chrome=1 onChain=1 qclass=Qtitan::DockWidgetPanel
[hider] strip-occupant hwnd=0000000000C60D5C rect=[0,29,1920,1020] vis=1 chrome=0 onChain=0 qclass=RBX::Studio::QEngineWidget
[hider] viewport = 00000000029C0762 qclass=RBX::Studio::QEngineWidget
[hider] pass: viewport=00000000029C0762 chainLen=10 newlyBlocked=0 alreadyBlocked=10 totalWins=31
[hider] strip-diag: mainClientBottom=1020 viewport=[0,29,1920,1020] (coversBottom=1)
[hider] strip-occupant hwnd=0000000003490B5C rect=[0,29,1920,1020] vis=1 chrome=0 onChain=1 qclass=QWidget
[hider] strip-occupant hwnd=0000000000470CCE rect=[0,29,1920,1020] vis=1 chrome=1 onChain=1 qclass=Qtitan::DockSplitLayoutPanel
[hider] strip-occupant hwnd=0000000000310C92 rect=[0,29,1920,1020] vis=1 chrome=1 onChain=1 qclass=Qtitan::DockSplitLayoutPanel
[hider] strip-occupant hwnd=0000000000B90454 rect=[0,29,1920,1020] vis=1 chrome=1 onChain=1 qclass=Qtitan::DockSplitLayoutPanel
[hider] strip-occupant hwnd=0000000000170D76 rect=[0,29,1920,1020] vis=1 chrome=1 onChain=1 qclass=Qtitan::DockSplitLayoutPanel
[hider] strip-occupant hwnd=0000000000670B8C rect=[0,29,1920,1020] vis=1 chrome=1 onChain=1 qclass=Qtitan::DockDocumentLayoutPanel
[hider] strip-occupant hwnd=0000000000450BCC rect=[0,29,1920,1020] vis=1 chrome=1 onChain=1 qclass=Qtitan::DockDocumentTabbedLayoutPanel
[hider] strip-occupant hwnd=00000000009D09E2 rect=[0,29,1920,1020] vis=1 chrome=1 onChain=1 qclass=Qtitan::DockWidgetPanel
[hider] strip-occupant hwnd=0000000000C60D5C rect=[0,29,1920,1020] vis=1 chrome=0 onChain=0 qclass=RBX::Studio::QEngineWidget
[hider] viewport = 00000000029C0762 qclass=RBX::Studio::QEngineWidget
[hider] pass: viewport=00000000029C0762 chainLen=10 newlyBlocked=0 alreadyBlocked=10 totalWins=31
[hider] strip-diag: mainClientBottom=1020 viewport=[0,29,1920,1020] (coversBottom=1)
[hider] strip-occupant hwnd=0000000003490B5C rect=[0,29,1920,1020] vis=1 chrome=0 onChain=1 qclass=QWidget
[hider] strip-occupant hwnd=0000000000470CCE rect=[0,29,1920,1020] vis=1 chrome=1 onChain=1 qclass=Qtitan::DockSplitLayoutPanel
[hider] strip-occupant hwnd=0000000000310C92 rect=[0,29,1920,1020] vis=1 chrome=1 onChain=1 qclass=Qtitan::DockSplitLayoutPanel
[hider] strip-occupant hwnd=0000000000B90454 rect=[0,29,1920,1020] vis=1 chrome=1 onChain=1 qclass=Qtitan::DockSplitLayoutPanel
[hider] strip-occupant hwnd=0000000000170D76 rect=[0,29,1920,1020] vis=1 chrome=1 onChain=1 qclass=Qtitan::DockSplitLayoutPanel
[hider] strip-occupant hwnd=0000000000670B8C rect=[0,29,1920,1020] vis=1 chrome=1 onChain=1 qclass=Qtitan::DockDocumentLayoutPanel
[hider] strip-occupant hwnd=0000000000450BCC rect=[0,29,1920,1020] vis=1 chrome=1 onChain=1 qclass=Qtitan::DockDocumentTabbedLayoutPanel
[hider] strip-occupant hwnd=00000000009D09E2 rect=[0,29,1920,1020] vis=1 chrome=1 onChain=1 qclass=Qtitan::DockWidgetPanel
[hider] strip-occupant hwnd=0000000000C60D5C rect=[0,29,1920,1020] vis=1 chrome=0 onChain=0 qclass=RBX::Studio::QEngineWidget
[hider] viewport = 00000000029C0762 qclass=RBX::Studio::QEngineWidget
[hider] pass: viewport=00000000029C0762 chainLen=10 newlyBlocked=0 alreadyBlocked=10 totalWins=31
[hider] strip-diag: mainClientBottom=1020 viewport=[0,29,1920,1020] (coversBottom=1)
[hider] strip-occupant hwnd=0000000003490B5C rect=[0,29,1920,1020] vis=1 chrome=0 onChain=1 qclass=QWidget
[hider] strip-occupant hwnd=0000000000470CCE rect=[0,29,1920,1020] vis=1 chrome=1 onChain=1 qclass=Qtitan::DockSplitLayoutPanel
[hider] strip-occupant hwnd=0000000000310C92 rect=[0,29,1920,1020] vis=1 chrome=1 onChain=1 qclass=Qtitan::DockSplitLayoutPanel
[hider] strip-occupant hwnd=0000000000B90454 rect=[0,29,1920,1020] vis=1 chrome=1 onChain=1 qclass=Qtitan::DockSplitLayoutPanel
[hider] strip-occupant hwnd=0000000000170D76 rect=[0,29,1920,1020] vis=1 chrome=1 onChain=1 qclass=Qtitan::DockSplitLayoutPanel
[hider] strip-occupant hwnd=0000000000670B8C rect=[0,29,1920,1020] vis=1 chrome=1 onChain=1 qclass=Qtitan::DockDocumentLayoutPanel
[hider] strip-occupant hwnd=0000000000450BCC rect=[0,29,1920,1020] vis=1 chrome=1 onChain=1 qclass=Qtitan::DockDocumentTabbedLayoutPanel
[hider] strip-occupant hwnd=00000000009D09E2 rect=[0,29,1920,1020] vis=1 chrome=1 onChain=1 qclass=Qtitan::DockWidgetPanel
[hider] strip-occupant hwnd=0000000000C60D5C rect=[0,29,1920,1020] vis=1 chrome=0 onChain=0 qclass=RBX::Studio::QEngineWidget
[hider] viewport = 00000000029C0762 qclass=RBX::Studio::QEngineWidget
[hider] pass: viewport=00000000029C0762 chainLen=10 newlyBlocked=0 alreadyBlocked=10 totalWins=31
[hider] strip-diag: mainClientBottom=1020 viewport=[0,29,1920,1020] (coversBottom=1)
[hider] strip-occupant hwnd=0000000003490B5C rect=[0,29,1920,1020] vis=1 chrome=0 onChain=1 qclass=QWidget
[hider] strip-occupant hwnd=0000000000470CCE rect=[0,29,1920,1020] vis=1 chrome=1 onChain=1 qclass=Qtitan::DockSplitLayoutPanel
[hider] strip-occupant hwnd=0000000000310C92 rect=[0,29,1920,1020] vis=1 chrome=1 onChain=1 qclass=Qtitan::DockSplitLayoutPanel
[hider] strip-occupant hwnd=0000000000B90454 rect=[0,29,1920,1020] vis=1 chrome=1 onChain=1 qclass=Qtitan::DockSplitLayoutPanel
[hider] strip-occupant hwnd=0000000000170D76 rect=[0,29,1920,1020] vis=1 chrome=1 onChain=1 qclass=Qtitan::DockSplitLayoutPanel
[hider] strip-occupant hwnd=0000000000670B8C rect=[0,29,1920,1020] vis=1 chrome=1 onChain=1 qclass=Qtitan::DockDocumentLayoutPanel
[hider] strip-occupant hwnd=0000000000450BCC rect=[0,29,1920,1020] vis=1 chrome=1 onChain=1 qclass=Qtitan::DockDocumentTabbedLayoutPanel
[hider] strip-occupant hwnd=00000000009D09E2 rect=[0,29,1920,1020] vis=1 chrome=1 onChain=1 qclass=Qtitan::DockWidgetPanel
[hider] strip-occupant hwnd=0000000000C60D5C rect=[0,29,1920,1020] vis=1 chrome=0 onChain=0 qclass=RBX::Studio::QEngineWidget
[hider] viewport = 00000000029C0762 qclass=RBX::Studio::QEngineWidget
[hider] pass: viewport=00000000029C0762 chainLen=10 newlyBlocked=0 alreadyBlocked=10 totalWins=31
[hider] viewport = 00000000029C0762 qclass=RBX::Studio::QEngineWidget
[hider] pass: viewport=00000000029C0762 chainLen=10 newlyBlocked=0 alreadyBlocked=10 totalWins=31
[hider] viewport = 00000000029C0762 qclass=RBX::Studio::QEngineWidget
[hider] pass: viewport=00000000029C0762 chainLen=10 newlyBlocked=0 alreadyBlocked=10 totalWins=31
[hider] viewport = 00000000029C0762 qclass=RBX::Studio::QEngineWidget
[hider] pass: viewport=00000000029C0762 chainLen=10 newlyBlocked=0 alreadyBlocked=10 totalWins=31
[hider] viewport = 00000000029C0762 qclass=RBX::Studio::QEngineWidget
[hider] pass: viewport=00000000029C0762 chainLen=10 newlyBlocked=0 alreadyBlocked=10 totalWins=31
[hider] viewport = 00000000029C0762 qclass=RBX::Studio::QEngineWidget
[hider] pass: viewport=00000000029C0762 chainLen=10 newlyBlocked=0 alreadyBlocked=10 totalWins=31
[hider] viewport = 00000000029C0762 qclass=RBX::Studio::QEngineWidget
[hider] pass: viewport=00000000029C0762 chainLen=10 newlyBlocked=0 alreadyBlocked=10 totalWins=31
[udp_relay] SEND magic to 127.0.0.1:25565 username='HearMeRoar'
[udp_relay] RECV magic from 127.0.0.1:53239 username='HearMeRoar' userId=0 accountAge=3650 haveId=1, patching now
[name_patcher] x64 name updated to 'HearMeRoar'
[name_patcher] relayed identity: userId=0 accountAge=3650
[udp_relay] POSTed appearance for 'HearMeRoar' (1266 chars) -> https://127.0.0.1:443 ok=1
[hider] viewport = 00000000029C0762 qclass=RBX::Studio::QEngineWidget
[hider] pass: viewport=00000000029C0762 chainLen=10 newlyBlocked=0 alreadyBlocked=10 totalWins=31
[hider]  hwnd=0000000000C60D5C parent=00000000004D0D94 vis=1 area=1902720 chrome=0 qclass=RBX::Studio::QEngineWidget
[hider]  hwnd=0000000000950CDE parent=0000000000C60D5C vis=0 area=4750 chrome=0 qclass=QLabel
[hider]  hwnd=00000000003A0BB8 parent=0000000000C60D5C vis=0 area=4750 chrome=0 qclass=QLabel
[hider]  hwnd=0000000003490B5C parent=00000000004D0D94 vis=1 area=1902720 chrome=0 qclass=QWidget
[hider]  hwnd=00000000002B0A7C parent=0000000003490B5C vis=1 area=1459200 chrome=1 qclass=Qtitan::DockSplitLayoutPanel
[hider]  hwnd=00000000009A0ED4 parent=00000000002B0A7C vis=1 area=1459200 chrome=1 qclass=Qtitan::DockSplitLayoutPanel
[hider]  hwnd=00000000017F0D46 parent=00000000009A0ED4 vis=1 area=938880 chrome=1 qclass=Qtitan::DockSplitLayoutPanel
[hider]  hwnd=0000000000320C92 parent=00000000017F0D46 vis=1 area=828855 chrome=1 qclass=Qtitan::DockSplitLayoutPanel
[hider]  hwnd=0000000000BA0454 parent=0000000000320C92 vis=1 area=828855 chrome=1 qclass=Qtitan::DockDocumentLayoutPanel
[hider]  hwnd=0000000000180D76 parent=0000000000BA0454 vis=1 area=828855 chrome=1 qclass=Qtitan::DockDocumentTabbedLayoutPanel
[hider]  hwnd=0000000000480CCE parent=0000000000180D76 vis=1 area=772920 chrome=1 qclass=Qtitan::DockDocumentPanel
[hider]  hwnd=0000000000900C72 parent=0000000000480CCE vis=1 area=768622 chrome=0 qclass=QStackedWidget
[hider]  hwnd=0000000000300B4A parent=0000000000900C72 vis=1 area=768622 chrome=0 qclass=QWidget
[hider]  hwnd=0000000000270C26 parent=0000000000300B4A vis=1 area=768622 chrome=0 qclass=QScrollArea
[hider]  hwnd=0000000000110C28 parent=0000000000270C26 vis=1 area=757912 chrome=0 qclass=QWidget
[hider]  hwnd=00000000000F0C6C parent=0000000000110C28 vis=1 area=757912 chrome=0 qclass=QWidget
[hider]  hwnd=0000000001480C88 parent=00000000000F0C6C vis=1 area=757912 chrome=0 qclass=QWidget
[hider]  hwnd=00000000019A0B36 parent=00000000017F0D46 vis=1 area=108069 chrome=1 qclass=Qtitan::DockSplitLayoutPanel
[hider]  hwnd=00000000029D0762 parent=00000000019A0B36 vis=1 area=65195 chrome=1 qclass=Qtitan::DockTabbedLayoutPanel
[hider]  hwnd=0000000000460BCC parent=00000000029D0762 vis=1 area=65416 chrome=1 qclass=Qtitan::DockWidgetPanel
[hider]  hwnd=00000000009E09E2 parent=0000000000460BCC vis=1 area=58035 chrome=0 qclass=RBX::Studio::QEngineWidget
[hider]  hwnd=00000000009E077A parent=00000000019A0B36 vis=1 area=41990 chrome=1 qclass=Qtitan::DockTabbedLayoutPanel
[hider]  hwnd=00000000004B0E2C parent=00000000009E077A vis=0 area=0 chrome=1 qclass=Qtitan::DockWidgetPanel
[hider]  hwnd=0000000000090D2E parent=00000000009A0ED4 vis=1 area=514560 chrome=1 qclass=Qtitan::DockSplitLayoutPanel
[hider]  hwnd=00000000001B0D40 parent=0000000000090D2E vis=1 area=514560 chrome=1 qclass=Qtitan::DockTabbedLayoutPanel
[hider]  hwnd=00000000011C0ADA parent=00000000001B0D40 vis=0 area=0 chrome=1 qclass=Qtitan::DockWidgetPanel
[hider]  hwnd=00000000002B0DB4 parent=00000000004D0D94 vis=1 area=278400 chrome=0 qclass=RBX::Studio::TopBar
[hider]  hwnd=0000000000560F44 parent=00000000002B0DB4 vis=1 area=228480 chrome=0 qclass=PluginPanelCustom
[hider]  hwnd=0000000000300E5A parent=0000000000560F44 vis=1 area=228480 chrome=0 qclass=RBX::Studio::QEngineWidget
[hider]  hwnd=0000000000CE0DD2 parent=00000000004D0D94 vis=0 area=0 chrome=1 qclass=Qtitan::DockWidgetPanel
[hider]  hwnd=00000000039B0B1E parent=00000000004D0D94 vis=0 area=0 chrome=1 qclass=Qtitan::DockWidgetPanel
[hider]  hwnd=0000000000AB0968 parent=00000000004D0D94 vis=0 area=0 chrome=1 qclass=Qtitan::DockWidgetPanel
[hider]  hwnd=00000000000B0F6E parent=00000000004D0D94 vis=0 area=0 chrome=1 qclass=Qtitan::DockWidgetPanel
[hider]  hwnd=0000000000B10A28 parent=00000000004D0D94 vis=0 area=0 chrome=1 qclass=Qtitan::DockWidgetPanel
[hider]  hwnd=00000000020509DE parent=00000000004D0D94 vis=0 area=0 chrome=1 qclass=Qtitan::DockWidgetPanel
[hider]  hwnd=0000000001000F12 parent=00000000004D0D94 vis=0 area=0 chrome=1 qclass=Qtitan::DockWidgetPanel
[hider]  hwnd=0000000000220E76 parent=00000000004D0D94 vis=0 area=0 chrome=1 qclass=Qtitan::DockWidgetPanel
[hider] viewport = 0000000000C60D5C qclass=RBX::Studio::QEngineWidget
[hider] pass: viewport=0000000000C60D5C chainLen=2 newlyBlocked=13 alreadyBlocked=10 totalWins=37
[hider] viewport = 0000000000C60D5C qclass=RBX::Studio::QEngineWidget
[hider] pass: viewport=0000000000C60D5C chainLen=2 newlyBlocked=0 alreadyBlocked=23 totalWins=37
[hider] viewport = 0000000000C60D5C qclass=RBX::Studio::QEngineWidget
[hider] pass: viewport=0000000000C60D5C chainLen=2 newlyBlocked=0 alreadyBlocked=23 totalWins=37
[hider] viewport = 0000000000C60D5C qclass=RBX::Studio::QEngineWidget
[hider] pass: viewport=0000000000C60D5C chainLen=2 newlyBlocked=0 alreadyBlocked=23 totalWins=37
[hider] viewport = 0000000000C60D5C qclass=RBX::Studio::QEngineWidget
[hider] pass: viewport=0000000000C60D5C chainLen=2 newlyBlocked=0 alreadyBlocked=23 totalWins=37
[hider] viewport = 0000000000C60D5C qclass=RBX::Studio::QEngineWidget
[hider] pass: viewport=0000000000C60D5C chainLen=2 newlyBlocked=0 alreadyBlocked=23 totalWins=37
[hider] viewport = 0000000000C60D5C qclass=RBX::Studio::QEngineWidget
[hider] pass: viewport=0000000000C60D5C chainLen=2 newlyBlocked=0 alreadyBlocked=23 totalWins=37
[hider] viewport = 0000000000C60D5C qclass=RBX::Studio::QEngineWidget
[hider] pass: viewport=0000000000C60D5C chainLen=2 newlyBlocked=0 alreadyBlocked=23 totalWins=37
[hider] viewport = 0000000000C60D5C qclass=RBX::Studio::QEngineWidget
[hider] pass: viewport=0000000000C60D5C chainLen=2 newlyBlocked=0 alreadyBlocked=23 totalWins=37
[hider] viewport = 0000000000C60D5C qclass=RBX::Studio::QEngineWidget
[hider] pass: viewport=0000000000C60D5C chainLen=2 newlyBlocked=0 alreadyBlocked=23 totalWins=37
[hider] viewport = 0000000000C60D5C qclass=RBX::Studio::QEngineWidget
[hider] pass: viewport=0000000000C60D5C chainLen=2 newlyBlocked=0 alreadyBlocked=23 totalWins=37
[hider] viewport = 0000000000C60D5C qclass=RBX::Studio::QEngineWidget
[hider] pass: viewport=0000000000C60D5C chainLen=2 newlyBlocked=0 alreadyBlocked=23 totalWins=37
[hider] viewport = 0000000000C60D5C qclass=RBX::Studio::QEngineWidget
[hider] pass: viewport=0000000000C60D5C chainLen=2 newlyBlocked=0 alreadyBlocked=23 totalWins=37
[hider] viewport = 0000000000C60D5C qclass=RBX::Studio::QEngineWidget
[hider] pass: viewport=0000000000C60D5C chainLen=2 newlyBlocked=0 alreadyBlocked=23 totalWins=37
[hider] viewport = 0000000000C60D5C qclass=RBX::Studio::QEngineWidget
[hider] pass: viewport=0000000000C60D5C chainLen=2 newlyBlocked=0 alreadyBlocked=23 totalWins=37
[hider] viewport = 0000000000C60D5C qclass=RBX::Studio::QEngineWidget
[hider] pass: viewport=0000000000C60D5C chainLen=2 newlyBlocked=0 alreadyBlocked=23 totalWins=37
[hider] viewport = 0000000000C60D5C qclass=RBX::Studio::QEngineWidget
[hider] pass: viewport=0000000000C60D5C chainLen=2 newlyBlocked=0 alreadyBlocked=23 totalWins=37
[hider] viewport = 0000000000C60D5C qclass=RBX::Studio::QEngineWidget
[hider] pass: viewport=0000000000C60D5C chainLen=2 newlyBlocked=0 alreadyBlocked=23 totalWins=37
[hider] viewport = 0000000000C60D5C qclass=RBX::Studio::QEngineWidget
[hider] pass: viewport=0000000000C60D5C chainLen=2 newlyBlocked=0 alreadyBlocked=23 totalWins=37
[hider] viewport = 0000000000C60D5C qclass=RBX::Studio::QEngineWidget
[hider] pass: viewport=0000000000C60D5C chainLen=2 newlyBlocked=0 alreadyBlocked=23 totalWins=37
[hider] viewport = 0000000000C60D5C qclass=RBX::Studio::QEngineWidget
[hider] pass: viewport=0000000000C60D5C chainLen=2 newlyBlocked=0 alreadyBlocked=23 totalWins=37
[hider] viewport = 0000000000C60D5C qclass=RBX::Studio::QEngineWidget
[hider] pass: viewport=0000000000C60D5C chainLen=2 newlyBlocked=0 alreadyBlocked=23 totalWins=37
[hider] viewport = 0000000000C60D5C qclass=RBX::Studio::QEngineWidget
[hider] pass: viewport=0000000000C60D5C chainLen=2 newlyBlocked=0 alreadyBlocked=23 totalWins=37
[hider] viewport = 0000000000C60D5C qclass=RBX::Studio::QEngineWidget
[hider] pass: viewport=0000000000C60D5C chainLen=2 newlyBlocked=0 alreadyBlocked=23 totalWins=37
[hider] viewport = 0000000000C60D5C qclass=RBX::Studio::QEngineWidget
[hider] pass: viewport=0000000000C60D5C chainLen=2 newlyBlocked=0 alreadyBlocked=23 totalWins=37
[hider]  hwnd=0000000000C60D5C parent=00000000004D0D94 vis=1 area=1902720 chrome=0 qclass=RBX::Studio::QEngineWidget
[hider]  hwnd=0000000000760D12 parent=0000000000C60D5C vis=0 area=40000 chrome=0 qclass=QFrame
[hider]  hwnd=0000000000690B8C parent=0000000000C60D5C vis=0 area=4750 chrome=0 qclass=QFrame
[hider]  hwnd=0000000003490B5C parent=00000000004D0D94 vis=1 area=1902720 chrome=0 qclass=QWidget
[hider]  hwnd=00000000002B0A7C parent=0000000003490B5C vis=0 area=0 chrome=1 qclass=Qtitan::DockSplitLayoutPanel
[hider]  hwnd=00000000009A0ED4 parent=00000000002B0A7C vis=0 area=0 chrome=1 qclass=Qtitan::DockSplitLayoutPanel
[hider]  hwnd=00000000017F0D46 parent=00000000009A0ED4 vis=0 area=0 chrome=1 qclass=Qtitan::DockSplitLayoutPanel
[hider]  hwnd=0000000000320C92 parent=00000000017F0D46 vis=0 area=0 chrome=1 qclass=Qtitan::DockSplitLayoutPanel
[hider]  hwnd=0000000000BA0454 parent=0000000000320C92 vis=0 area=0 chrome=1 qclass=Qtitan::DockDocumentLayoutPanel
[hider]  hwnd=0000000000350E60 parent=0000000000BA0454 vis=0 area=1459200 chrome=1 qclass=Qtitan::DockDocumentTabbedLayoutPanel
[hider]  hwnd=0000000000180D76 parent=0000000000BA0454 vis=0 area=0 chrome=1 qclass=Qtitan::DockDocumentTabbedLayoutPanel
[hider]  hwnd=00000000019A0B36 parent=00000000017F0D46 vis=0 area=0 chrome=1 qclass=Qtitan::DockSplitLayoutPanel
[hider]  hwnd=00000000029D0762 parent=00000000019A0B36 vis=0 area=0 chrome=1 qclass=Qtitan::DockTabbedLayoutPanel
[hider]  hwnd=00000000009E077A parent=00000000019A0B36 vis=0 area=0 chrome=1 qclass=Qtitan::DockTabbedLayoutPanel
[hider]  hwnd=0000000000090D2E parent=00000000009A0ED4 vis=0 area=0 chrome=1 qclass=Qtitan::DockSplitLayoutPanel
[hider]  hwnd=00000000001B0D40 parent=0000000000090D2E vis=0 area=0 chrome=1 qclass=Qtitan::DockTabbedLayoutPanel
[hider]  hwnd=00000000002B0DB4 parent=00000000004D0D94 vis=1 area=278400 chrome=0 qclass=RBX::Studio::TopBar
[hider]  hwnd=0000000000560F44 parent=00000000002B0DB4 vis=1 area=228480 chrome=0 qclass=PluginPanelCustom
[hider]  hwnd=0000000000300E5A parent=0000000000560F44 vis=1 area=228480 chrome=0 qclass=RBX::Studio::QEngineWidget
[hider]  hwnd=0000000000CE0DD2 parent=00000000004D0D94 vis=0 area=0 chrome=1 qclass=Qtitan::DockWidgetPanel
[hider]  hwnd=00000000039B0B1E parent=00000000004D0D94 vis=0 area=0 chrome=1 qclass=Qtitan::DockWidgetPanel
[hider]  hwnd=0000000000AB0968 parent=00000000004D0D94 vis=0 area=0 chrome=1 qclass=Qtitan::DockWidgetPanel
[hider]  hwnd=00000000000B0F6E parent=00000000004D0D94 vis=0 area=0 chrome=1 qclass=Qtitan::DockWidgetPanel
[hider]  hwnd=0000000000B10A28 parent=00000000004D0D94 vis=0 area=0 chrome=1 qclass=Qtitan::DockWidgetPanel
[hider]  hwnd=00000000020509DE parent=00000000004D0D94 vis=0 area=0 chrome=1 qclass=Qtitan::DockWidgetPanel
[hider]  hwnd=0000000001000F12 parent=00000000004D0D94 vis=0 area=0 chrome=1 qclass=Qtitan::DockWidgetPanel
[hider]  hwnd=0000000000220E76 parent=00000000004D0D94 vis=0 area=0 chrome=1 qclass=Qtitan::DockWidgetPanel
[hider] viewport = 0000000000C60D5C qclass=RBX::Studio::QEngineWidget
[hider] pass: viewport=0000000000C60D5C chainLen=2 newlyBlocked=1 alreadyBlocked=19 totalWins=27
[dllmain] SafeInit pid=27524
[name_patcher] x64 name patch OK -> 'HearMeRoar' (buf 00007FF6FF3C0000)
[udp_relay] installing IAT hooks (client=0 server=1)
[udp_relay] username='HearMeRoar' (10 chars)
[udp_relay] hooks: sendto=00007FFE8DE10900 recvfrom=00007FFE8DE10050 WSASendTo=00007FFE8DE11390 WSARecvFrom=00007FFE8DE0E6A0 WSARecv=00007FFE8DE0EC60
[dllmain] StartServer: installing script-start hook
[dllmain] not a StartClient launch - skipping Qt hider (relay + username server already active)
[dllmain] SafeInit pid=27832
[name_patcher] x64 name patch OK -> 'HearMeRoar' (buf 00007FF6FF3C0000)
[udp_relay] installing IAT hooks (client=1 server=0)
[udp_relay] username='HearMeRoar' (10 chars)
[udp_relay] hooks: sendto=00007FFE8DE10900 recvfrom=0000000000000000 WSASendTo=00007FFE8DE11390 WSARecvFrom=0000000000000000 WSARecv=0000000000000000
[rcc_patch] IP patched @rva=0x4FA1DAE -> '127.0.0.1' (len mov updated)
[rcc_patch] IP patched @rva=0x2793CDA -> '127.0.0.1' (len mov updated)
[rcc_patch] IP patched @rva=0x2793DA7 -> '127.0.0.1' (len mov updated)
[rcc_patch] IP patched @rva=0x2793E8B -> '127.0.0.1' (len mov updated)
[rcc_patch] IP patched @rva=0x2793F2D -> '127.0.0.1' (len mov updated)
[dllmain] StartClient launch confirmed - activating Qt hider
[hider] Qt symbols: find=00007FFD4C6F8A00 className=00007FFD4BC27A50 -> OK
[hider]  hwnd=00000000017508D2 parent=0000000000C301AC vis=0 area=4750 chrome=1 qclass=Qtitan::DockWidgetPanel
[hider]  hwnd=0000000000EC0BBA parent=0000000000C301AC vis=0 area=4750 chrome=1 qclass=Qtitan::DockWidgetPanel
[hider]  hwnd=0000000000630824 parent=0000000000C301AC vis=0 area=4750 chrome=1 qclass=Qtitan::DockWidgetPanel
[hider]  hwnd=0000000000470D2A parent=0000000000C301AC vis=0 area=4750 chrome=1 qclass=Qtitan::DockWidgetPanel
[hider]  hwnd=0000000000D20E1E parent=0000000000C301AC vis=0 area=4750 chrome=1 qclass=Qtitan::DockWidgetPanel
[hider]  hwnd=00000000005A09B0 parent=0000000000C301AC vis=0 area=4750 chrome=1 qclass=Qtitan::DockWidgetPanel
[hider]  hwnd=00000000002C0ED8 parent=0000000000C301AC vis=0 area=4750 chrome=1 qclass=Qtitan::DockWidgetPanel
[hider]  hwnd=0000000000F609E8 parent=0000000000C301AC vis=0 area=4750 chrome=1 qclass=Qtitan::DockWidgetPanel
[hider]  hwnd=00000000005F06A8 parent=0000000000C301AC vis=0 area=4750 chrome=1 qclass=Qtitan::DockWidgetPanel
[hider]  hwnd=0000000000CA0D5C parent=0000000000C301AC vis=0 area=4750 chrome=1 qclass=Qtitan::DockWidgetPanel
[hider]  hwnd=0000000000430E90 parent=0000000000C301AC vis=0 area=15625 chrome=0 qclass=RBX::Studio::QEngineWidget
[hider] viewport = 0000000000430E90 qclass=RBX::Studio::QEngineWidget
[hider] pass: viewport=0000000000430E90 chainLen=2 newlyBlocked=10 alreadyBlocked=0 totalWins=11
[hider] strip-diag: mainClientBottom=1020 viewport=[0,29,1920,1020] (coversBottom=1)
[hider]  hwnd=0000000000220CD8 parent=0000000000C301AC vis=1 area=1689600 chrome=0 qclass=QWidget
[hider]  hwnd=00000000009F077A parent=0000000000220CD8 vis=1 area=1689600 chrome=1 qclass=Qtitan::DockSplitLayoutPanel
[hider]  hwnd=00000000000A0D2E parent=00000000009F077A vis=1 area=1689600 chrome=1 qclass=Qtitan::DockSplitLayoutPanel
[hider]  hwnd=00000000001C0D40 parent=00000000000A0D2E vis=1 area=1689600 chrome=1 qclass=Qtitan::DockSplitLayoutPanel
[hider]  hwnd=00000000002C0DB4 parent=00000000001C0D40 vis=1 area=1689600 chrome=1 qclass=Qtitan::DockSplitLayoutPanel
[hider]  hwnd=0000000000570F44 parent=00000000002C0DB4 vis=1 area=1689600 chrome=1 qclass=Qtitan::DockDocumentLayoutPanel
[hider]  hwnd=0000000000310E5A parent=0000000000570F44 vis=1 area=1689600 chrome=1 qclass=Qtitan::DockDocumentTabbedLayoutPanel
[hider]  hwnd=0000000000B80E12 parent=0000000000310E5A vis=1 area=1689600 chrome=1 qclass=Qtitan::DockWidgetPanel
[hider]  hwnd=0000000000240E7A parent=0000000000B80E12 vis=1 area=1684004 chrome=0 qclass=RBX::Studio::QEngineWidget
[hider]  hwnd=0000000000B0086E parent=0000000000C301AC vis=1 area=136320 chrome=0 qclass=RBX::Studio::TopBar
[hider]  hwnd=00000000001A01BA parent=0000000000B0086E vis=1 area=86400 chrome=0 qclass=PluginPanelCustom
[hider]  hwnd=0000000000810448 parent=00000000001A01BA vis=1 area=86400 chrome=0 qclass=RBX::Studio::QEngineWidget
[hider]  hwnd=0000000000430E90 parent=0000000000C301AC vis=1 area=1902720 chrome=0 qclass=RBX::Studio::QEngineWidget
[hider]  hwnd=00000000017508D2 parent=0000000000C301AC vis=0 area=0 chrome=1 qclass=Qtitan::DockWidgetPanel
[hider]  hwnd=0000000000EC0BBA parent=0000000000C301AC vis=0 area=0 chrome=1 qclass=Qtitan::DockWidgetPanel
[hider]  hwnd=0000000000630824 parent=0000000000C301AC vis=0 area=0 chrome=1 qclass=Qtitan::DockWidgetPanel
[hider]  hwnd=0000000000470D2A parent=0000000000C301AC vis=0 area=0 chrome=1 qclass=Qtitan::DockWidgetPanel
[hider]  hwnd=0000000000D20E1E parent=0000000000C301AC vis=0 area=0 chrome=1 qclass=Qtitan::DockWidgetPanel
[hider]  hwnd=00000000005A09B0 parent=0000000000C301AC vis=0 area=0 chrome=1 qclass=Qtitan::DockWidgetPanel
[hider]  hwnd=00000000002C0ED8 parent=0000000000C301AC vis=0 area=0 chrome=1 qclass=Qtitan::DockWidgetPanel
[hider]  hwnd=0000000000F609E8 parent=0000000000C301AC vis=0 area=0 chrome=1 qclass=Qtitan::DockWidgetPanel
[hider]  hwnd=00000000005F06A8 parent=0000000000C301AC vis=0 area=0 chrome=1 qclass=Qtitan::DockWidgetPanel
[hider]  hwnd=0000000000CA0D5C parent=0000000000C301AC vis=0 area=0 chrome=1 qclass=Qtitan::DockWidgetPanel
[hider] viewport = 0000000000240E7A qclass=RBX::Studio::QEngineWidget
[hider] pass: viewport=0000000000240E7A chainLen=10 newlyBlocked=0 alreadyBlocked=10 totalWins=23
[hider] strip-diag: mainClientBottom=1020 viewport=[0,29,1920,1020] (coversBottom=1)
[hider] strip-occupant hwnd=0000000000220CD8 rect=[0,29,1920,1020] vis=1 chrome=0 onChain=1 qclass=QWidget
[hider] strip-occupant hwnd=00000000009F077A rect=[0,29,1920,1020] vis=1 chrome=1 onChain=1 qclass=Qtitan::DockSplitLayoutPanel
[hider] strip-occupant hwnd=00000000000A0D2E rect=[0,29,1920,1020] vis=1 chrome=1 onChain=1 qclass=Qtitan::DockSplitLayoutPanel
[hider] strip-occupant hwnd=00000000001C0D40 rect=[0,29,1920,1020] vis=1 chrome=1 onChain=1 qclass=Qtitan::DockSplitLayoutPanel
[hider] strip-occupant hwnd=00000000002C0DB4 rect=[0,29,1920,1020] vis=1 chrome=1 onChain=1 qclass=Qtitan::DockSplitLayoutPanel
[hider] strip-occupant hwnd=0000000000570F44 rect=[0,29,1920,1020] vis=1 chrome=1 onChain=1 qclass=Qtitan::DockDocumentLayoutPanel
[hider] strip-occupant hwnd=0000000000310E5A rect=[0,29,1920,1020] vis=1 chrome=1 onChain=1 qclass=Qtitan::DockDocumentTabbedLayoutPanel
[hider] strip-occupant hwnd=0000000000B80E12 rect=[0,29,1920,1020] vis=1 chrome=1 onChain=1 qclass=Qtitan::DockWidgetPanel
[hider] strip-occupant hwnd=0000000000430E90 rect=[0,29,1920,1020] vis=1 chrome=0 onChain=0 qclass=RBX::Studio::QEngineWidget
[hider]  hwnd=0000000000430E90 parent=0000000000C301AC vis=1 area=1902720 chrome=0 qclass=RBX::Studio::QEngineWidget
[hider]  hwnd=00000000011D0ADA parent=0000000000430E90 vis=0 area=4750 chrome=0 qclass=QLabel
[hider]  hwnd=00000000004C0E2C parent=0000000000430E90 vis=0 area=4750 chrome=0 qclass=QLabel
[hider]  hwnd=0000000000AC0968 parent=0000000000C301AC vis=0 area=14250 chrome=0 qclass=QStackedWidget
[hider]  hwnd=00000000000C0F6E parent=0000000000AC0968 vis=0 area=4750 chrome=0 qclass=QWidget
[hider]  hwnd=0000000000B20A28 parent=00000000000C0F6E vis=0 area=4750 chrome=0 qclass=QScrollArea
[hider]  hwnd=00000000020609DE parent=0000000000B20A28 vis=0 area=4750 chrome=0 qclass=QWidget
[hider]  hwnd=0000000001010F12 parent=00000000020609DE vis=0 area=4750 chrome=0 qclass=QWidget
[hider]  hwnd=0000000000230E76 parent=0000000001010F12 vis=0 area=4750 chrome=0 qclass=QWidget
[hider]  hwnd=0000000000220CD8 parent=0000000000C301AC vis=1 area=1902720 chrome=0 qclass=QWidget
[hider]  hwnd=00000000009F077A parent=0000000000220CD8 vis=1 area=1902720 chrome=1 qclass=Qtitan::DockSplitLayoutPanel
[hider]  hwnd=00000000000A0D2E parent=00000000009F077A vis=1 area=1902720 chrome=1 qclass=Qtitan::DockSplitLayoutPanel
[hider]  hwnd=00000000001C0D40 parent=00000000000A0D2E vis=1 area=1902720 chrome=1 qclass=Qtitan::DockSplitLayoutPanel
[hider]  hwnd=00000000002C0DB4 parent=00000000001C0D40 vis=1 area=1902720 chrome=1 qclass=Qtitan::DockSplitLayoutPanel
[hider]  hwnd=0000000000570F44 parent=00000000002C0DB4 vis=1 area=1902720 chrome=1 qclass=Qtitan::DockDocumentLayoutPanel
[hider]  hwnd=0000000000310E5A parent=0000000000570F44 vis=1 area=1902720 chrome=1 qclass=Qtitan::DockDocumentTabbedLayoutPanel
[hider]  hwnd=0000000000B80E12 parent=0000000000310E5A vis=1 area=1902720 chrome=1 qclass=Qtitan::DockWidgetPanel
[hider]  hwnd=0000000000240E7A parent=0000000000B80E12 vis=1 area=1902720 chrome=0 qclass=RBX::Studio::QEngineWidget
[hider]  hwnd=0000000000B0086E parent=0000000000C301AC vis=1 area=136320 chrome=0 qclass=RBX::Studio::TopBar
[hider]  hwnd=00000000001A01BA parent=0000000000B0086E vis=1 area=86400 chrome=0 qclass=PluginPanelCustom
[hider]  hwnd=0000000000810448 parent=00000000001A01BA vis=1 area=86400 chrome=0 qclass=RBX::Studio::QEngineWidget
[hider]  hwnd=00000000017508D2 parent=0000000000C301AC vis=0 area=0 chrome=1 qclass=Qtitan::DockWidgetPanel
[hider]  hwnd=0000000000EC0BBA parent=0000000000C301AC vis=0 area=0 chrome=1 qclass=Qtitan::DockWidgetPanel
[hider]  hwnd=0000000000630824 parent=0000000000C301AC vis=0 area=0 chrome=1 qclass=Qtitan::DockWidgetPanel
[hider]  hwnd=0000000000470D2A parent=0000000000C301AC vis=0 area=0 chrome=1 qclass=Qtitan::DockWidgetPanel
[hider]  hwnd=0000000000D20E1E parent=0000000000C301AC vis=0 area=0 chrome=1 qclass=Qtitan::DockWidgetPanel
[hider]  hwnd=00000000005A09B0 parent=0000000000C301AC vis=0 area=0 chrome=1 qclass=Qtitan::DockWidgetPanel
[hider]  hwnd=00000000002C0ED8 parent=0000000000C301AC vis=0 area=0 chrome=1 qclass=Qtitan::DockWidgetPanel
[hider]  hwnd=0000000000F609E8 parent=0000000000C301AC vis=0 area=0 chrome=1 qclass=Qtitan::DockWidgetPanel
[hider]  hwnd=00000000005F06A8 parent=0000000000C301AC vis=0 area=0 chrome=1 qclass=Qtitan::DockWidgetPanel
[hider]  hwnd=0000000000CA0D5C parent=0000000000C301AC vis=0 area=0 chrome=1 qclass=Qtitan::DockWidgetPanel
[hider] viewport = 0000000000240E7A qclass=RBX::Studio::QEngineWidget
[hider] pass: viewport=0000000000240E7A chainLen=10 newlyBlocked=0 alreadyBlocked=10 totalWins=31
[hider] strip-diag: mainClientBottom=1020 viewport=[0,29,1920,1020] (coversBottom=1)
[hider] strip-occupant hwnd=0000000000430E90 rect=[0,29,1920,1020] vis=1 chrome=0 onChain=0 qclass=RBX::Studio::QEngineWidget
[hider] strip-occupant hwnd=0000000000220CD8 rect=[0,29,1920,1020] vis=1 chrome=0 onChain=1 qclass=QWidget
[hider] strip-occupant hwnd=00000000009F077A rect=[0,29,1920,1020] vis=1 chrome=1 onChain=1 qclass=Qtitan::DockSplitLayoutPanel
[hider] strip-occupant hwnd=00000000000A0D2E rect=[0,29,1920,1020] vis=1 chrome=1 onChain=1 qclass=Qtitan::DockSplitLayoutPanel
[hider] strip-occupant hwnd=00000000001C0D40 rect=[0,29,1920,1020] vis=1 chrome=1 onChain=1 qclass=Qtitan::DockSplitLayoutPanel
[hider] strip-occupant hwnd=00000000002C0DB4 rect=[0,29,1920,1020] vis=1 chrome=1 onChain=1 qclass=Qtitan::DockSplitLayoutPanel
[hider] strip-occupant hwnd=0000000000570F44 rect=[0,29,1920,1020] vis=1 chrome=1 onChain=1 qclass=Qtitan::DockDocumentLayoutPanel
[hider] strip-occupant hwnd=0000000000310E5A rect=[0,29,1920,1020] vis=1 chrome=1 onChain=1 qclass=Qtitan::DockDocumentTabbedLayoutPanel
[hider] strip-occupant hwnd=0000000000B80E12 rect=[0,29,1920,1020] vis=1 chrome=1 onChain=1 qclass=Qtitan::DockWidgetPanel
[udp_relay] SEND magic to 127.0.0.1:57779 username='HearMeRoar'
[hider] viewport = 0000000000240E7A qclass=RBX::Studio::QEngineWidget
[hider] pass: viewport=0000000000240E7A chainLen=10 newlyBlocked=0 alreadyBlocked=10 totalWins=31
[hider] strip-diag: mainClientBottom=1020 viewport=[0,29,1920,1020] (coversBottom=1)
[hider] strip-occupant hwnd=0000000000220CD8 rect=[0,29,1920,1020] vis=1 chrome=0 onChain=1 qclass=QWidget
[hider] strip-occupant hwnd=00000000009F077A rect=[0,29,1920,1020] vis=1 chrome=1 onChain=1 qclass=Qtitan::DockSplitLayoutPanel
[hider] strip-occupant hwnd=00000000000A0D2E rect=[0,29,1920,1020] vis=1 chrome=1 onChain=1 qclass=Qtitan::DockSplitLayoutPanel
[hider] strip-occupant hwnd=00000000001C0D40 rect=[0,29,1920,1020] vis=1 chrome=1 onChain=1 qclass=Qtitan::DockSplitLayoutPanel
[hider] strip-occupant hwnd=00000000002C0DB4 rect=[0,29,1920,1020] vis=1 chrome=1 onChain=1 qclass=Qtitan::DockSplitLayoutPanel
[hider] strip-occupant hwnd=0000000000570F44 rect=[0,29,1920,1020] vis=1 chrome=1 onChain=1 qclass=Qtitan::DockDocumentLayoutPanel
[hider] strip-occupant hwnd=0000000000310E5A rect=[0,29,1920,1020] vis=1 chrome=1 onChain=1 qclass=Qtitan::DockDocumentTabbedLayoutPanel
[hider] strip-occupant hwnd=0000000000B80E12 rect=[0,29,1920,1020] vis=1 chrome=1 onChain=1 qclass=Qtitan::DockWidgetPanel
[hider] strip-occupant hwnd=0000000000430E90 rect=[0,29,1920,1020] vis=1 chrome=0 onChain=0 qclass=RBX::Studio::QEngineWidget
[hider] viewport = 0000000000240E7A qclass=RBX::Studio::QEngineWidget
[hider] pass: viewport=0000000000240E7A chainLen=10 newlyBlocked=0 alreadyBlocked=10 totalWins=31
[hider] strip-diag: mainClientBottom=1020 viewport=[0,29,1920,1020] (coversBottom=1)
[hider] strip-occupant hwnd=0000000000220CD8 rect=[0,29,1920,1020] vis=1 chrome=0 onChain=1 qclass=QWidget
[hider] strip-occupant hwnd=00000000009F077A rect=[0,29,1920,1020] vis=1 chrome=1 onChain=1 qclass=Qtitan::DockSplitLayoutPanel
[hider] strip-occupant hwnd=00000000000A0D2E rect=[0,29,1920,1020] vis=1 chrome=1 onChain=1 qclass=Qtitan::DockSplitLayoutPanel
[hider] strip-occupant hwnd=00000000001C0D40 rect=[0,29,1920,1020] vis=1 chrome=1 onChain=1 qclass=Qtitan::DockSplitLayoutPanel
[hider] strip-occupant hwnd=00000000002C0DB4 rect=[0,29,1920,1020] vis=1 chrome=1 onChain=1 qclass=Qtitan::DockSplitLayoutPanel
[hider] strip-occupant hwnd=0000000000570F44 rect=[0,29,1920,1020] vis=1 chrome=1 onChain=1 qclass=Qtitan::DockDocumentLayoutPanel
[hider] strip-occupant hwnd=0000000000310E5A rect=[0,29,1920,1020] vis=1 chrome=1 onChain=1 qclass=Qtitan::DockDocumentTabbedLayoutPanel
[hider] strip-occupant hwnd=0000000000B80E12 rect=[0,29,1920,1020] vis=1 chrome=1 onChain=1 qclass=Qtitan::DockWidgetPanel
[hider] strip-occupant hwnd=0000000000430E90 rect=[0,29,1920,1020] vis=1 chrome=0 onChain=0 qclass=RBX::Studio::QEngineWidget
[hider] viewport = 0000000000240E7A qclass=RBX::Studio::QEngineWidget
[hider] pass: viewport=0000000000240E7A chainLen=10 newlyBlocked=0 alreadyBlocked=10 totalWins=31
[hider] strip-diag: mainClientBottom=1020 viewport=[0,29,1920,1020] (coversBottom=1)
[hider] strip-occupant hwnd=0000000000220CD8 rect=[0,29,1920,1020] vis=1 chrome=0 onChain=1 qclass=QWidget
[hider] strip-occupant hwnd=00000000009F077A rect=[0,29,1920,1020] vis=1 chrome=1 onChain=1 qclass=Qtitan::DockSplitLayoutPanel
[hider] strip-occupant hwnd=00000000000A0D2E rect=[0,29,1920,1020] vis=1 chrome=1 onChain=1 qclass=Qtitan::DockSplitLayoutPanel
[hider] strip-occupant hwnd=00000000001C0D40 rect=[0,29,1920,1020] vis=1 chrome=1 onChain=1 qclass=Qtitan::DockSplitLayoutPanel
[hider] strip-occupant hwnd=00000000002C0DB4 rect=[0,29,1920,1020] vis=1 chrome=1 onChain=1 qclass=Qtitan::DockSplitLayoutPanel
[hider] strip-occupant hwnd=0000000000570F44 rect=[0,29,1920,1020] vis=1 chrome=1 onChain=1 qclass=Qtitan::DockDocumentLayoutPanel
[hider] strip-occupant hwnd=0000000000310E5A rect=[0,29,1920,1020] vis=1 chrome=1 onChain=1 qclass=Qtitan::DockDocumentTabbedLayoutPanel
[hider] strip-occupant hwnd=0000000000B80E12 rect=[0,29,1920,1020] vis=1 chrome=1 onChain=1 qclass=Qtitan::DockWidgetPanel
[hider] strip-occupant hwnd=0000000000430E90 rect=[0,29,1920,1020] vis=1 chrome=0 onChain=0 qclass=RBX::Studio::QEngineWidget
[hider] viewport = 0000000000240E7A qclass=RBX::Studio::QEngineWidget
[hider] pass: viewport=0000000000240E7A chainLen=10 newlyBlocked=0 alreadyBlocked=10 totalWins=31
[hider] strip-diag: mainClientBottom=1020 viewport=[0,29,1920,1020] (coversBottom=1)
[hider] strip-occupant hwnd=0000000000220CD8 rect=[0,29,1920,1020] vis=1 chrome=0 onChain=1 qclass=QWidget
[hider] strip-occupant hwnd=00000000009F077A rect=[0,29,1920,1020] vis=1 chrome=1 onChain=1 qclass=Qtitan::DockSplitLayoutPanel
[hider] strip-occupant hwnd=00000000000A0D2E rect=[0,29,1920,1020] vis=1 chrome=1 onChain=1 qclass=Qtitan::DockSplitLayoutPanel
[hider] strip-occupant hwnd=00000000001C0D40 rect=[0,29,1920,1020] vis=1 chrome=1 onChain=1 qclass=Qtitan::DockSplitLayoutPanel
[hider] strip-occupant hwnd=00000000002C0DB4 rect=[0,29,1920,1020] vis=1 chrome=1 onChain=1 qclass=Qtitan::DockSplitLayoutPanel
[hider] strip-occupant hwnd=0000000000570F44 rect=[0,29,1920,1020] vis=1 chrome=1 onChain=1 qclass=Qtitan::DockDocumentLayoutPanel
[hider] strip-occupant hwnd=0000000000310E5A rect=[0,29,1920,1020] vis=1 chrome=1 onChain=1 qclass=Qtitan::DockDocumentTabbedLayoutPanel
[hider] strip-occupant hwnd=0000000000B80E12 rect=[0,29,1920,1020] vis=1 chrome=1 onChain=1 qclass=Qtitan::DockWidgetPanel
[hider] strip-occupant hwnd=0000000000430E90 rect=[0,29,1920,1020] vis=1 chrome=0 onChain=0 qclass=RBX::Studio::QEngineWidget
[hider] viewport = 0000000000240E7A qclass=RBX::Studio::QEngineWidget
[hider] pass: viewport=0000000000240E7A chainLen=10 newlyBlocked=0 alreadyBlocked=10 totalWins=31
[hider] strip-diag: mainClientBottom=1020 viewport=[0,29,1920,1020] (coversBottom=1)
[hider] strip-occupant hwnd=0000000000220CD8 rect=[0,29,1920,1020] vis=1 chrome=0 onChain=1 qclass=QWidget
[hider] strip-occupant hwnd=00000000009F077A rect=[0,29,1920,1020] vis=1 chrome=1 onChain=1 qclass=Qtitan::DockSplitLayoutPanel
[hider] strip-occupant hwnd=00000000000A0D2E rect=[0,29,1920,1020] vis=1 chrome=1 onChain=1 qclass=Qtitan::DockSplitLayoutPanel
[hider] strip-occupant hwnd=00000000001C0D40 rect=[0,29,1920,1020] vis=1 chrome=1 onChain=1 qclass=Qtitan::DockSplitLayoutPanel
[hider] strip-occupant hwnd=00000000002C0DB4 rect=[0,29,1920,1020] vis=1 chrome=1 onChain=1 qclass=Qtitan::DockSplitLayoutPanel
[hider] strip-occupant hwnd=0000000000570F44 rect=[0,29,1920,1020] vis=1 chrome=1 onChain=1 qclass=Qtitan::DockDocumentLayoutPanel
[hider] strip-occupant hwnd=0000000000310E5A rect=[0,29,1920,1020] vis=1 chrome=1 onChain=1 qclass=Qtitan::DockDocumentTabbedLayoutPanel
[hider] strip-occupant hwnd=0000000000B80E12 rect=[0,29,1920,1020] vis=1 chrome=1 onChain=1 qclass=Qtitan::DockWidgetPanel
[hider] strip-occupant hwnd=0000000000430E90 rect=[0,29,1920,1020] vis=1 chrome=0 onChain=0 qclass=RBX::Studio::QEngineWidget
[hider] viewport = 0000000000240E7A qclass=RBX::Studio::QEngineWidget
[hider] pass: viewport=0000000000240E7A chainLen=10 newlyBlocked=0 alreadyBlocked=10 totalWins=31
[hider] strip-diag: mainClientBottom=1020 viewport=[0,29,1920,1020] (coversBottom=1)
[hider] strip-occupant hwnd=0000000000220CD8 rect=[0,29,1920,1020] vis=1 chrome=0 onChain=1 qclass=QWidget
[hider] strip-occupant hwnd=00000000009F077A rect=[0,29,1920,1020] vis=1 chrome=1 onChain=1 qclass=Qtitan::DockSplitLayoutPanel
[hider] strip-occupant hwnd=00000000000A0D2E rect=[0,29,1920,1020] vis=1 chrome=1 onChain=1 qclass=Qtitan::DockSplitLayoutPanel
[hider] strip-occupant hwnd=00000000001C0D40 rect=[0,29,1920,1020] vis=1 chrome=1 onChain=1 qclass=Qtitan::DockSplitLayoutPanel
[hider] strip-occupant hwnd=00000000002C0DB4 rect=[0,29,1920,1020] vis=1 chrome=1 onChain=1 qclass=Qtitan::DockSplitLayoutPanel
[hider] strip-occupant hwnd=0000000000570F44 rect=[0,29,1920,1020] vis=1 chrome=1 onChain=1 qclass=Qtitan::DockDocumentLayoutPanel
[hider] strip-occupant hwnd=0000000000310E5A rect=[0,29,1920,1020] vis=1 chrome=1 onChain=1 qclass=Qtitan::DockDocumentTabbedLayoutPanel
[hider] strip-occupant hwnd=0000000000B80E12 rect=[0,29,1920,1020] vis=1 chrome=1 onChain=1 qclass=Qtitan::DockWidgetPanel
[hider] strip-occupant hwnd=0000000000430E90 rect=[0,29,1920,1020] vis=1 chrome=0 onChain=0 qclass=RBX::Studio::QEngineWidget
[hider] viewport = 0000000000240E7A qclass=RBX::Studio::QEngineWidget
[hider] pass: viewport=0000000000240E7A chainLen=10 newlyBlocked=0 alreadyBlocked=10 totalWins=31
[hider] strip-diag: mainClientBottom=1020 viewport=[0,29,1920,1020] (coversBottom=1)
[hider] strip-occupant hwnd=0000000000220CD8 rect=[0,29,1920,1020] vis=1 chrome=0 onChain=1 qclass=QWidget
[hider] strip-occupant hwnd=00000000009F077A rect=[0,29,1920,1020] vis=1 chrome=1 onChain=1 qclass=Qtitan::DockSplitLayoutPanel
[hider] strip-occupant hwnd=00000000000A0D2E rect=[0,29,1920,1020] vis=1 chrome=1 onChain=1 qclass=Qtitan::DockSplitLayoutPanel
[hider] strip-occupant hwnd=00000000001C0D40 rect=[0,29,1920,1020] vis=1 chrome=1 onChain=1 qclass=Qtitan::DockSplitLayoutPanel
[hider] strip-occupant hwnd=00000000002C0DB4 rect=[0,29,1920,1020] vis=1 chrome=1 onChain=1 qclass=Qtitan::DockSplitLayoutPanel
[hider] strip-occupant hwnd=0000000000570F44 rect=[0,29,1920,1020] vis=1 chrome=1 onChain=1 qclass=Qtitan::DockDocumentLayoutPanel
[hider] strip-occupant hwnd=0000000000310E5A rect=[0,29,1920,1020] vis=1 chrome=1 onChain=1 qclass=Qtitan::DockDocumentTabbedLayoutPanel
[hider] strip-occupant hwnd=0000000000B80E12 rect=[0,29,1920,1020] vis=1 chrome=1 onChain=1 qclass=Qtitan::DockWidgetPanel
[hider] strip-occupant hwnd=0000000000430E90 rect=[0,29,1920,1020] vis=1 chrome=0 onChain=0 qclass=RBX::Studio::QEngineWidget
[hider] viewport = 0000000000240E7A qclass=RBX::Studio::QEngineWidget
[hider] pass: viewport=0000000000240E7A chainLen=10 newlyBlocked=0 alreadyBlocked=10 totalWins=31
[hider] strip-diag: mainClientBottom=1020 viewport=[0,29,1920,1020] (coversBottom=1)
[hider] strip-occupant hwnd=0000000000220CD8 rect=[0,29,1920,1020] vis=1 chrome=0 onChain=1 qclass=QWidget
[hider] strip-occupant hwnd=00000000009F077A rect=[0,29,1920,1020] vis=1 chrome=1 onChain=1 qclass=Qtitan::DockSplitLayoutPanel
[hider] strip-occupant hwnd=00000000000A0D2E rect=[0,29,1920,1020] vis=1 chrome=1 onChain=1 qclass=Qtitan::DockSplitLayoutPanel
[hider] strip-occupant hwnd=00000000001C0D40 rect=[0,29,1920,1020] vis=1 chrome=1 onChain=1 qclass=Qtitan::DockSplitLayoutPanel
[hider] strip-occupant hwnd=00000000002C0DB4 rect=[0,29,1920,1020] vis=1 chrome=1 onChain=1 qclass=Qtitan::DockSplitLayoutPanel
[hider] strip-occupant hwnd=0000000000570F44 rect=[0,29,1920,1020] vis=1 chrome=1 onChain=1 qclass=Qtitan::DockDocumentLayoutPanel
[hider] strip-occupant hwnd=0000000000310E5A rect=[0,29,1920,1020] vis=1 chrome=1 onChain=1 qclass=Qtitan::DockDocumentTabbedLayoutPanel
[hider] strip-occupant hwnd=0000000000B80E12 rect=[0,29,1920,1020] vis=1 chrome=1 onChain=1 qclass=Qtitan::DockWidgetPanel
[hider] strip-occupant hwnd=0000000000430E90 rect=[0,29,1920,1020] vis=1 chrome=0 onChain=0 qclass=RBX::Studio::QEngineWidget
[hider] viewport = 0000000000240E7A qclass=RBX::Studio::QEngineWidget
[hider] pass: viewport=0000000000240E7A chainLen=10 newlyBlocked=0 alreadyBlocked=10 totalWins=31
[hider] strip-diag: mainClientBottom=1020 viewport=[0,29,1920,1020] (coversBottom=1)
[hider] strip-occupant hwnd=0000000000220CD8 rect=[0,29,1920,1020] vis=1 chrome=0 onChain=1 qclass=QWidget
[hider] strip-occupant hwnd=00000000009F077A rect=[0,29,1920,1020] vis=1 chrome=1 onChain=1 qclass=Qtitan::DockSplitLayoutPanel
[hider] strip-occupant hwnd=00000000000A0D2E rect=[0,29,1920,1020] vis=1 chrome=1 onChain=1 qclass=Qtitan::DockSplitLayoutPanel
[hider] strip-occupant hwnd=00000000001C0D40 rect=[0,29,1920,1020] vis=1 chrome=1 onChain=1 qclass=Qtitan::DockSplitLayoutPanel
[hider] strip-occupant hwnd=00000000002C0DB4 rect=[0,29,1920,1020] vis=1 chrome=1 onChain=1 qclass=Qtitan::DockSplitLayoutPanel
[hider] strip-occupant hwnd=0000000000570F44 rect=[0,29,1920,1020] vis=1 chrome=1 onChain=1 qclass=Qtitan::DockDocumentLayoutPanel
[hider] strip-occupant hwnd=0000000000310E5A rect=[0,29,1920,1020] vis=1 chrome=1 onChain=1 qclass=Qtitan::DockDocumentTabbedLayoutPanel
[hider] strip-occupant hwnd=0000000000B80E12 rect=[0,29,1920,1020] vis=1 chrome=1 onChain=1 qclass=Qtitan::DockWidgetPanel
[hider] strip-occupant hwnd=0000000000430E90 rect=[0,29,1920,1020] vis=1 chrome=0 onChain=0 qclass=RBX::Studio::QEngineWidget
[hider] viewport = 0000000000240E7A qclass=RBX::Studio::QEngineWidget
[hider] pass: viewport=0000000000240E7A chainLen=10 newlyBlocked=0 alreadyBlocked=10 totalWins=31
[hider] viewport = 0000000000240E7A qclass=RBX::Studio::QEngineWidget
[hider] pass: viewport=0000000000240E7A chainLen=10 newlyBlocked=0 alreadyBlocked=10 totalWins=31
[hider] viewport = 0000000000240E7A qclass=RBX::Studio::QEngineWidget
[hider] pass: viewport=0000000000240E7A chainLen=10 newlyBlocked=0 alreadyBlocked=10 totalWins=31
[hider] viewport = 0000000000240E7A qclass=RBX::Studio::QEngineWidget
[hider] pass: viewport=0000000000240E7A chainLen=10 newlyBlocked=0 alreadyBlocked=10 totalWins=31
[hider] viewport = 0000000000240E7A qclass=RBX::Studio::QEngineWidget
[hider] pass: viewport=0000000000240E7A chainLen=10 newlyBlocked=0 alreadyBlocked=10 totalWins=31
[hider] viewport = 0000000000240E7A qclass=RBX::Studio::QEngineWidget
[hider] pass: viewport=0000000000240E7A chainLen=10 newlyBlocked=0 alreadyBlocked=10 totalWins=31
[hider] viewport = 0000000000240E7A qclass=RBX::Studio::QEngineWidget
[hider] pass: viewport=0000000000240E7A chainLen=10 newlyBlocked=0 alreadyBlocked=10 totalWins=31
[udp_relay] SEND magic to 127.0.0.1:25565 username='HearMeRoar'
[udp_relay] RECV magic from 127.0.0.1:62016 username='HearMeRoar' userId=0 accountAge=3650 haveId=1, patching now
[name_patcher] x64 name updated to 'HearMeRoar'
[name_patcher] relayed identity: userId=0 accountAge=3650
[udp_relay] POSTed appearance for 'HearMeRoar' (1266 chars) -> https://127.0.0.1:443 ok=1
[hider] viewport = 0000000000240E7A qclass=RBX::Studio::QEngineWidget
[hider] pass: viewport=0000000000240E7A chainLen=10 newlyBlocked=0 alreadyBlocked=10 totalWins=31
[hider]  hwnd=0000000000430E90 parent=0000000000C301AC vis=1 area=1902720 chrome=0 qclass=RBX::Studio::QEngineWidget
[hider]  hwnd=00000000011D0ADA parent=0000000000430E90 vis=0 area=4750 chrome=0 qclass=QLabel
[hider]  hwnd=00000000004C0E2C parent=0000000000430E90 vis=0 area=4750 chrome=0 qclass=QLabel
[hider]  hwnd=0000000000220CD8 parent=0000000000C301AC vis=1 area=1902720 chrome=0 qclass=QWidget
[hider]  hwnd=00000000000F0E08 parent=0000000000220CD8 vis=1 area=1459200 chrome=1 qclass=Qtitan::DockSplitLayoutPanel
[hider]  hwnd=0000000000470BCC parent=00000000000F0E08 vis=1 area=1459200 chrome=1 qclass=Qtitan::DockSplitLayoutPanel
[hider]  hwnd=0000000000490CCE parent=0000000000470BCC vis=1 area=514560 chrome=1 qclass=Qtitan::DockSplitLayoutPanel
[hider]  hwnd=0000000000910C72 parent=0000000000490CCE vis=1 area=514560 chrome=1 qclass=Qtitan::DockTabbedLayoutPanel
[hider]  hwnd=0000000000470D2A parent=0000000000910C72 vis=0 area=0 chrome=1 qclass=Qtitan::DockWidgetPanel
[hider]  hwnd=00000000009F09E2 parent=0000000000470BCC vis=1 area=938880 chrome=1 qclass=Qtitan::DockSplitLayoutPanel
[hider]  hwnd=00000000000B0D2E parent=00000000009F09E2 vis=1 area=828855 chrome=1 qclass=Qtitan::DockSplitLayoutPanel
[hider]  hwnd=00000000001D0D40 parent=00000000000B0D2E vis=1 area=828855 chrome=1 qclass=Qtitan::DockDocumentLayoutPanel
[hider]  hwnd=00000000002D0DB4 parent=00000000001D0D40 vis=1 area=828855 chrome=1 qclass=Qtitan::DockDocumentTabbedLayoutPanel
[hider]  hwnd=0000000000A0077A parent=00000000002D0DB4 vis=1 area=772920 chrome=1 qclass=Qtitan::DockDocumentPanel
[hider]  hwnd=0000000000AC0968 parent=0000000000A0077A vis=1 area=768622 chrome=0 qclass=QStackedWidget
[hider]  hwnd=00000000000C0F6E parent=0000000000AC0968 vis=1 area=768622 chrome=0 qclass=QWidget
[hider]  hwnd=0000000000B20A28 parent=00000000000C0F6E vis=1 area=768622 chrome=0 qclass=QScrollArea
[hider]  hwnd=00000000020609DE parent=0000000000B20A28 vis=1 area=757912 chrome=0 qclass=QWidget
[hider]  hwnd=0000000001010F12 parent=00000000020609DE vis=1 area=757912 chrome=0 qclass=QWidget
[hider]  hwnd=0000000000230E76 parent=0000000001010F12 vis=1 area=757912 chrome=0 qclass=QWidget
[hider]  hwnd=00000000003B0BB8 parent=00000000009F09E2 vis=1 area=108069 chrome=1 qclass=Qtitan::DockSplitLayoutPanel
[hider]  hwnd=0000000000250E7A parent=00000000003B0BB8 vis=1 area=65195 chrome=1 qclass=Qtitan::DockTabbedLayoutPanel
[hider]  hwnd=0000000000320E5A parent=0000000000250E7A vis=1 area=65416 chrome=1 qclass=Qtitan::DockWidgetPanel
[hider]  hwnd=0000000000B90E12 parent=0000000000320E5A vis=1 area=58035 chrome=0 qclass=RBX::Studio::QEngineWidget
[hider]  hwnd=0000000000960CDE parent=00000000003B0BB8 vis=1 area=41990 chrome=1 qclass=Qtitan::DockTabbedLayoutPanel
[hider]  hwnd=0000000000CA0D5C parent=0000000000960CDE vis=0 area=0 chrome=1 qclass=Qtitan::DockWidgetPanel
[hider]  hwnd=0000000000B0086E parent=0000000000C301AC vis=1 area=278400 chrome=0 qclass=RBX::Studio::TopBar
[hider]  hwnd=00000000001A01BA parent=0000000000B0086E vis=1 area=228480 chrome=0 qclass=PluginPanelCustom
[hider]  hwnd=0000000000810448 parent=00000000001A01BA vis=1 area=228480 chrome=0 qclass=RBX::Studio::QEngineWidget
[hider]  hwnd=00000000017508D2 parent=0000000000C301AC vis=0 area=0 chrome=1 qclass=Qtitan::DockWidgetPanel
[hider]  hwnd=0000000000EC0BBA parent=0000000000C301AC vis=0 area=0 chrome=1 qclass=Qtitan::DockWidgetPanel
[hider]  hwnd=0000000000630824 parent=0000000000C301AC vis=0 area=0 chrome=1 qclass=Qtitan::DockWidgetPanel
[hider]  hwnd=0000000000D20E1E parent=0000000000C301AC vis=0 area=0 chrome=1 qclass=Qtitan::DockWidgetPanel
[hider]  hwnd=00000000005A09B0 parent=0000000000C301AC vis=0 area=0 chrome=1 qclass=Qtitan::DockWidgetPanel
[hider]  hwnd=00000000002C0ED8 parent=0000000000C301AC vis=0 area=0 chrome=1 qclass=Qtitan::DockWidgetPanel
[hider]  hwnd=0000000000F609E8 parent=0000000000C301AC vis=0 area=0 chrome=1 qclass=Qtitan::DockWidgetPanel
[hider]  hwnd=00000000005F06A8 parent=0000000000C301AC vis=0 area=0 chrome=1 qclass=Qtitan::DockWidgetPanel
[hider] viewport = 0000000000430E90 qclass=RBX::Studio::QEngineWidget
[hider] pass: viewport=0000000000430E90 chainLen=2 newlyBlocked=13 alreadyBlocked=10 totalWins=37
[hider] viewport = 0000000000430E90 qclass=RBX::Studio::QEngineWidget
[hider] pass: viewport=0000000000430E90 chainLen=2 newlyBlocked=0 alreadyBlocked=23 totalWins=37
[hider] viewport = 0000000000430E90 qclass=RBX::Studio::QEngineWidget
[hider] pass: viewport=0000000000430E90 chainLen=2 newlyBlocked=0 alreadyBlocked=23 totalWins=37
[hider] viewport = 0000000000430E90 qclass=RBX::Studio::QEngineWidget
[hider] pass: viewport=0000000000430E90 chainLen=2 newlyBlocked=0 alreadyBlocked=23 totalWins=37
[hider] viewport = 0000000000430E90 qclass=RBX::Studio::QEngineWidget
[hider] pass: viewport=0000000000430E90 chainLen=2 newlyBlocked=0 alreadyBlocked=23 totalWins=37
[hider] viewport = 0000000000430E90 qclass=RBX::Studio::QEngineWidget
[hider] pass: viewport=0000000000430E90 chainLen=2 newlyBlocked=0 alreadyBlocked=23 totalWins=37
[hider] viewport = 0000000000430E90 qclass=RBX::Studio::QEngineWidget
[hider] pass: viewport=0000000000430E90 chainLen=2 newlyBlocked=0 alreadyBlocked=23 totalWins=37
[hider] viewport = 0000000000430E90 qclass=RBX::Studio::QEngineWidget
[hider] pass: viewport=0000000000430E90 chainLen=2 newlyBlocked=0 alreadyBlocked=23 totalWins=37
[hider] viewport = 0000000000430E90 qclass=RBX::Studio::QEngineWidget
[hider] pass: viewport=0000000000430E90 chainLen=2 newlyBlocked=0 alreadyBlocked=23 totalWins=37
[hider] viewport = 0000000000430E90 qclass=RBX::Studio::QEngineWidget
[hider] pass: viewport=0000000000430E90 chainLen=2 newlyBlocked=0 alreadyBlocked=23 totalWins=37
[hider] viewport = 0000000000430E90 qclass=RBX::Studio::QEngineWidget
[hider] pass: viewport=0000000000430E90 chainLen=2 newlyBlocked=0 alreadyBlocked=23 totalWins=37
[hider] viewport = 0000000000430E90 qclass=RBX::Studio::QEngineWidget
[hider] pass: viewport=0000000000430E90 chainLen=2 newlyBlocked=0 alreadyBlocked=23 totalWins=37
[hider] viewport = 0000000000430E90 qclass=RBX::Studio::QEngineWidget
[hider] pass: viewport=0000000000430E90 chainLen=2 newlyBlocked=0 alreadyBlocked=23 totalWins=37
[hider] viewport = 0000000000430E90 qclass=RBX::Studio::QEngineWidget
[hider] pass: viewport=0000000000430E90 chainLen=2 newlyBlocked=0 alreadyBlocked=23 totalWins=37
[hider] viewport = 0000000000430E90 qclass=RBX::Studio::QEngineWidget
[hider] pass: viewport=0000000000430E90 chainLen=2 newlyBlocked=0 alreadyBlocked=23 totalWins=37
[hider] viewport = 0000000000430E90 qclass=RBX::Studio::QEngineWidget
[hider] pass: viewport=0000000000430E90 chainLen=2 newlyBlocked=0 alreadyBlocked=23 totalWins=37
[hider] viewport = 0000000000430E90 qclass=RBX::Studio::QEngineWidget
[hider] pass: viewport=0000000000430E90 chainLen=2 newlyBlocked=0 alreadyBlocked=23 totalWins=37
[hider]  hwnd=0000000000430E90 parent=0000000000C301AC vis=1 area=1902720 chrome=0 qclass=RBX::Studio::QEngineWidget
[hider]  hwnd=00000000001E0C6C parent=0000000000430E90 vis=0 area=40000 chrome=0 qclass=QFrame
[hider]  hwnd=0000000000590F44 parent=0000000000430E90 vis=0 area=4750 chrome=0 qclass=QFrame
[hider]  hwnd=0000000000220CD8 parent=0000000000C301AC vis=1 area=1902720 chrome=0 qclass=QWidget
[hider]  hwnd=00000000000F0E08 parent=0000000000220CD8 vis=0 area=0 chrome=1 qclass=Qtitan::DockSplitLayoutPanel
[hider]  hwnd=0000000000470BCC parent=00000000000F0E08 vis=0 area=0 chrome=1 qclass=Qtitan::DockSplitLayoutPanel
[hider]  hwnd=0000000000490CCE parent=0000000000470BCC vis=0 area=0 chrome=1 qclass=Qtitan::DockSplitLayoutPanel
[hider]  hwnd=0000000000910C72 parent=0000000000490CCE vis=0 area=0 chrome=1 qclass=Qtitan::DockTabbedLayoutPanel
[hider]  hwnd=00000000009F09E2 parent=0000000000470BCC vis=0 area=0 chrome=1 qclass=Qtitan::DockSplitLayoutPanel
[hider]  hwnd=00000000000B0D2E parent=00000000009F09E2 vis=0 area=0 chrome=1 qclass=Qtitan::DockSplitLayoutPanel
[hider]  hwnd=00000000001D0D40 parent=00000000000B0D2E vis=0 area=0 chrome=1 qclass=Qtitan::DockDocumentLayoutPanel
[hider]  hwnd=0000000001490C88 parent=00000000001D0D40 vis=0 area=1459200 chrome=1 qclass=Qtitan::DockDocumentTabbedLayoutPanel
[hider]  hwnd=00000000002D0DB4 parent=00000000001D0D40 vis=0 area=0 chrome=1 qclass=Qtitan::DockDocumentTabbedLayoutPanel
[hider]  hwnd=00000000003B0BB8 parent=00000000009F09E2 vis=0 area=0 chrome=1 qclass=Qtitan::DockSplitLayoutPanel
[hider]  hwnd=0000000000250E7A parent=00000000003B0BB8 vis=0 area=0 chrome=1 qclass=Qtitan::DockTabbedLayoutPanel
[hider]  hwnd=0000000000960CDE parent=00000000003B0BB8 vis=0 area=0 chrome=1 qclass=Qtitan::DockTabbedLayoutPanel
[hider]  hwnd=0000000000B0086E parent=0000000000C301AC vis=1 area=278400 chrome=0 qclass=RBX::Studio::TopBar
[hider]  hwnd=00000000001A01BA parent=0000000000B0086E vis=1 area=228480 chrome=0 qclass=PluginPanelCustom
[hider]  hwnd=0000000000810448 parent=00000000001A01BA vis=1 area=228480 chrome=0 qclass=RBX::Studio::QEngineWidget
[hider]  hwnd=00000000017508D2 parent=0000000000C301AC vis=0 area=0 chrome=1 qclass=Qtitan::DockWidgetPanel
[hider]  hwnd=0000000000EC0BBA parent=0000000000C301AC vis=0 area=0 chrome=1 qclass=Qtitan::DockWidgetPanel
[hider]  hwnd=0000000000630824 parent=0000000000C301AC vis=0 area=0 chrome=1 qclass=Qtitan::DockWidgetPanel
[hider]  hwnd=0000000000D20E1E parent=0000000000C301AC vis=0 area=0 chrome=1 qclass=Qtitan::DockWidgetPanel
[hider]  hwnd=00000000005A09B0 parent=0000000000C301AC vis=0 area=0 chrome=1 qclass=Qtitan::DockWidgetPanel
[hider]  hwnd=00000000002C0ED8 parent=0000000000C301AC vis=0 area=0 chrome=1 qclass=Qtitan::DockWidgetPanel
[hider]  hwnd=0000000000F609E8 parent=0000000000C301AC vis=0 area=0 chrome=1 qclass=Qtitan::DockWidgetPanel
[hider]  hwnd=00000000005F06A8 parent=0000000000C301AC vis=0 area=0 chrome=1 qclass=Qtitan::DockWidgetPanel
[hider] viewport = 0000000000430E90 qclass=RBX::Studio::QEngineWidget
[hider] pass: viewport=0000000000430E90 chainLen=2 newlyBlocked=1 alreadyBlocked=19 totalWins=27
[dllmain] SafeInit pid=24152
[name_patcher] x64 name patch OK -> 'HearMeRoar' (buf 00007FF6FF3C0000)
[udp_relay] installing IAT hooks (client=0 server=1)
[udp_relay] username='HearMeRoar' (10 chars)
[udp_relay] hooks: sendto=00007FFE8DE10900 recvfrom=00007FFE8DE10050 WSASendTo=00007FFE8DE11390 WSARecvFrom=00007FFE8DE0E6A0 WSARecv=00007FFE8DE0EC60
[dllmain] StartServer: installing script-start hook
[dllmain] not a StartClient launch - skipping Qt hider (relay + username server already active)
[dllmain] SafeInit pid=10504
[name_patcher] x64 name patch OK -> 'HearMeRoar' (buf 00007FF6FF3C0000)
[udp_relay] installing IAT hooks (client=1 server=0)
[udp_relay] username='HearMeRoar' (10 chars)
[udp_relay] hooks: sendto=00007FFE8DE10900 recvfrom=0000000000000000 WSASendTo=00007FFE8DE11390 WSARecvFrom=0000000000000000 WSARecv=0000000000000000
[rcc_patch] IP patched @rva=0x4FA1DAE -> '127.0.0.1' (len mov updated)
[rcc_patch] IP patched @rva=0x2793CDA -> '127.0.0.1' (len mov updated)
[rcc_patch] IP patched @rva=0x2793DA7 -> '127.0.0.1' (len mov updated)
[rcc_patch] IP patched @rva=0x2793E8B -> '127.0.0.1' (len mov updated)
[rcc_patch] IP patched @rva=0x2793F2D -> '127.0.0.1' (len mov updated)
[dllmain] StartClient launch confirmed - activating Qt hider
[hider] Qt symbols: find=00007FFD4C6F8A00 className=00007FFD4BC27A50 -> OK
[hider]  hwnd=0000000000230CD8 parent=0000000000230EDC vis=0 area=4750 chrome=1 qclass=Qtitan::DockWidgetPanel
[hider]  hwnd=00000000005A0F44 parent=0000000000230EDC vis=0 area=4750 chrome=1 qclass=Qtitan::DockWidgetPanel
[hider]  hwnd=00000000001F0C6C parent=0000000000230EDC vis=0 area=4750 chrome=1 qclass=Qtitan::DockWidgetPanel
[hider]  hwnd=0000000000170DD6 parent=0000000000230EDC vis=0 area=4750 chrome=1 qclass=Qtitan::DockWidgetPanel
[hider]  hwnd=00000000001C0D76 parent=0000000000230EDC vis=0 area=4750 chrome=1 qclass=Qtitan::DockWidgetPanel
[hider]  hwnd=0000000000400858 parent=0000000000230EDC vis=0 area=4750 chrome=1 qclass=Qtitan::DockWidgetPanel
[hider]  hwnd=0000000001140882 parent=0000000000230EDC vis=0 area=4750 chrome=1 qclass=Qtitan::DockWidgetPanel
[hider]  hwnd=0000000000130EBA parent=0000000000230EDC vis=0 area=4750 chrome=1 qclass=Qtitan::DockWidgetPanel
[hider]  hwnd=0000000000130C9C parent=0000000000230EDC vis=0 area=4750 chrome=1 qclass=Qtitan::DockWidgetPanel
[hider]  hwnd=0000000000350C92 parent=0000000000230EDC vis=0 area=4750 chrome=1 qclass=Qtitan::DockWidgetPanel
[hider]  hwnd=00000000000B0DE8 parent=0000000000230EDC vis=0 area=15625 chrome=0 qclass=RBX::Studio::QEngineWidget
[hider] viewport = 00000000000B0DE8 qclass=RBX::Studio::QEngineWidget
[hider] pass: viewport=00000000000B0DE8 chainLen=2 newlyBlocked=10 alreadyBlocked=0 totalWins=11
[hider] strip-diag: mainClientBottom=1020 viewport=[0,29,1920,1020] (coversBottom=1)
[hider]  hwnd=00000000000B0DE8 parent=0000000000230EDC vis=1 area=1902720 chrome=0 qclass=RBX::Studio::QEngineWidget
[hider]  hwnd=0000000000CC0D5C parent=00000000000B0DE8 vis=0 area=4750 chrome=0 qclass=QLabel
[hider]  hwnd=00000000004B0CCE parent=00000000000B0DE8 vis=0 area=4750 chrome=0 qclass=QLabel
[hider]  hwnd=0000000000F00BBA parent=0000000000230EDC vis=0 area=14250 chrome=0 qclass=QStackedWidget
[hider]  hwnd=0000000000300ED8 parent=0000000000F00BBA vis=0 area=4750 chrome=0 qclass=QWidget
[hider]  hwnd=0000000000E00E1E parent=0000000000300ED8 vis=0 area=4750 chrome=0 qclass=QScrollArea
[hider]  hwnd=0000000000A109E2 parent=0000000000E00E1E vis=0 area=4750 chrome=0 qclass=QWidget
[hider]  hwnd=0000000000490BCC parent=0000000000A109E2 vis=0 area=4750 chrome=0 qclass=QWidget
[hider]  hwnd=00000000006106A8 parent=0000000000490BCC vis=0 area=4750 chrome=0 qclass=QWidget
[hider]  hwnd=0000000000650824 parent=0000000000230EDC vis=1 area=1689600 chrome=0 qclass=QWidget
[hider]  hwnd=00000000017708D2 parent=0000000000650824 vis=1 area=1689600 chrome=1 qclass=Qtitan::DockSplitLayoutPanel
[hider]  hwnd=0000000000980CDE parent=00000000017708D2 vis=1 area=1689600 chrome=1 qclass=Qtitan::DockSplitLayoutPanel
[hider]  hwnd=0000000000360E5A parent=0000000000980CDE vis=1 area=1689600 chrome=1 qclass=Qtitan::DockSplitLayoutPanel
[hider]  hwnd=0000000000BB0E12 parent=0000000000360E5A vis=1 area=1689600 chrome=1 qclass=Qtitan::DockSplitLayoutPanel
[hider]  hwnd=00000000014B0C88 parent=0000000000BB0E12 vis=1 area=1689600 chrome=1 qclass=Qtitan::DockDocumentLayoutPanel
[hider]  hwnd=00000000002F0DB4 parent=00000000014B0C88 vis=1 area=1689600 chrome=1 qclass=Qtitan::DockDocumentTabbedLayoutPanel
[hider]  hwnd=00000000002001BA parent=00000000002F0DB4 vis=1 area=1689600 chrome=1 qclass=Qtitan::DockWidgetPanel
[hider]  hwnd=0000000000830448 parent=00000000002001BA vis=1 area=1684004 chrome=0 qclass=RBX::Studio::QEngineWidget
[hider]  hwnd=00000000006309B0 parent=0000000000230EDC vis=1 area=136320 chrome=0 qclass=RBX::Studio::TopBar
[hider]  hwnd=0000000000220D40 parent=00000000006309B0 vis=1 area=86400 chrome=0 qclass=PluginPanelCustom
[hider]  hwnd=0000000000B2086E parent=0000000000220D40 vis=1 area=86400 chrome=0 qclass=RBX::Studio::QEngineWidget
[hider]  hwnd=0000000000230CD8 parent=0000000000230EDC vis=0 area=0 chrome=1 qclass=Qtitan::DockWidgetPanel
[hider]  hwnd=00000000005A0F44 parent=0000000000230EDC vis=0 area=0 chrome=1 qclass=Qtitan::DockWidgetPanel
[hider]  hwnd=00000000001F0C6C parent=0000000000230EDC vis=0 area=0 chrome=1 qclass=Qtitan::DockWidgetPanel
[hider]  hwnd=0000000000170DD6 parent=0000000000230EDC vis=0 area=0 chrome=1 qclass=Qtitan::DockWidgetPanel
[hider]  hwnd=00000000001C0D76 parent=0000000000230EDC vis=0 area=0 chrome=1 qclass=Qtitan::DockWidgetPanel
[hider]  hwnd=0000000000400858 parent=0000000000230EDC vis=0 area=0 chrome=1 qclass=Qtitan::DockWidgetPanel
[hider]  hwnd=0000000001140882 parent=0000000000230EDC vis=0 area=0 chrome=1 qclass=Qtitan::DockWidgetPanel
[hider]  hwnd=0000000000130EBA parent=0000000000230EDC vis=0 area=0 chrome=1 qclass=Qtitan::DockWidgetPanel
[hider]  hwnd=0000000000130C9C parent=0000000000230EDC vis=0 area=0 chrome=1 qclass=Qtitan::DockWidgetPanel
[hider]  hwnd=0000000000350C92 parent=0000000000230EDC vis=0 area=0 chrome=1 qclass=Qtitan::DockWidgetPanel
[hider] viewport = 0000000000830448 qclass=RBX::Studio::QEngineWidget
[hider] pass: viewport=0000000000830448 chainLen=10 newlyBlocked=0 alreadyBlocked=10 totalWins=31
[hider] strip-diag: mainClientBottom=1020 viewport=[0,29,1920,1020] (coversBottom=1)
[hider] strip-occupant hwnd=00000000000B0DE8 rect=[0,29,1920,1020] vis=1 chrome=0 onChain=0 qclass=RBX::Studio::QEngineWidget
[hider] strip-occupant hwnd=0000000000650824 rect=[0,29,1920,1020] vis=1 chrome=0 onChain=1 qclass=QWidget
[hider] strip-occupant hwnd=00000000017708D2 rect=[0,29,1920,1020] vis=1 chrome=1 onChain=1 qclass=Qtitan::DockSplitLayoutPanel
[hider] strip-occupant hwnd=0000000000980CDE rect=[0,29,1920,1020] vis=1 chrome=1 onChain=1 qclass=Qtitan::DockSplitLayoutPanel
[hider] strip-occupant hwnd=0000000000360E5A rect=[0,29,1920,1020] vis=1 chrome=1 onChain=1 qclass=Qtitan::DockSplitLayoutPanel
[hider] strip-occupant hwnd=0000000000BB0E12 rect=[0,29,1920,1020] vis=1 chrome=1 onChain=1 qclass=Qtitan::DockSplitLayoutPanel
[hider] strip-occupant hwnd=00000000014B0C88 rect=[0,29,1920,1020] vis=1 chrome=1 onChain=1 qclass=Qtitan::DockDocumentLayoutPanel
[hider] strip-occupant hwnd=00000000002F0DB4 rect=[0,29,1920,1020] vis=1 chrome=1 onChain=1 qclass=Qtitan::DockDocumentTabbedLayoutPanel
[hider] strip-occupant hwnd=00000000002001BA rect=[0,29,1920,1020] vis=1 chrome=1 onChain=1 qclass=Qtitan::DockWidgetPanel
[udp_relay] SEND magic to 127.0.0.1:50464 username='HearMeRoar'
[hider] viewport = 0000000000830448 qclass=RBX::Studio::QEngineWidget
[hider] pass: viewport=0000000000830448 chainLen=10 newlyBlocked=0 alreadyBlocked=10 totalWins=31
[hider] strip-diag: mainClientBottom=1020 viewport=[0,29,1920,1020] (coversBottom=1)
[hider] strip-occupant hwnd=0000000000650824 rect=[0,29,1920,1020] vis=1 chrome=0 onChain=1 qclass=QWidget
[hider] strip-occupant hwnd=00000000017708D2 rect=[0,29,1920,1020] vis=1 chrome=1 onChain=1 qclass=Qtitan::DockSplitLayoutPanel
[hider] strip-occupant hwnd=0000000000980CDE rect=[0,29,1920,1020] vis=1 chrome=1 onChain=1 qclass=Qtitan::DockSplitLayoutPanel
[hider] strip-occupant hwnd=0000000000360E5A rect=[0,29,1920,1020] vis=1 chrome=1 onChain=1 qclass=Qtitan::DockSplitLayoutPanel
[hider] strip-occupant hwnd=0000000000BB0E12 rect=[0,29,1920,1020] vis=1 chrome=1 onChain=1 qclass=Qtitan::DockSplitLayoutPanel
[hider] strip-occupant hwnd=00000000014B0C88 rect=[0,29,1920,1020] vis=1 chrome=1 onChain=1 qclass=Qtitan::DockDocumentLayoutPanel
[hider] strip-occupant hwnd=00000000002F0DB4 rect=[0,29,1920,1020] vis=1 chrome=1 onChain=1 qclass=Qtitan::DockDocumentTabbedLayoutPanel
[hider] strip-occupant hwnd=00000000002001BA rect=[0,29,1920,1020] vis=1 chrome=1 onChain=1 qclass=Qtitan::DockWidgetPanel
[hider] strip-occupant hwnd=00000000000B0DE8 rect=[0,29,1920,1020] vis=1 chrome=0 onChain=0 qclass=RBX::Studio::QEngineWidget
[hider] viewport = 0000000000830448 qclass=RBX::Studio::QEngineWidget
[hider] pass: viewport=0000000000830448 chainLen=10 newlyBlocked=0 alreadyBlocked=10 totalWins=31
[hider] strip-diag: mainClientBottom=1020 viewport=[0,29,1920,1020] (coversBottom=1)
[hider] strip-occupant hwnd=0000000000650824 rect=[0,29,1920,1020] vis=1 chrome=0 onChain=1 qclass=QWidget
[hider] strip-occupant hwnd=00000000017708D2 rect=[0,29,1920,1020] vis=1 chrome=1 onChain=1 qclass=Qtitan::DockSplitLayoutPanel
[hider] strip-occupant hwnd=0000000000980CDE rect=[0,29,1920,1020] vis=1 chrome=1 onChain=1 qclass=Qtitan::DockSplitLayoutPanel
[hider] strip-occupant hwnd=0000000000360E5A rect=[0,29,1920,1020] vis=1 chrome=1 onChain=1 qclass=Qtitan::DockSplitLayoutPanel
[hider] strip-occupant hwnd=0000000000BB0E12 rect=[0,29,1920,1020] vis=1 chrome=1 onChain=1 qclass=Qtitan::DockSplitLayoutPanel
[hider] strip-occupant hwnd=00000000014B0C88 rect=[0,29,1920,1020] vis=1 chrome=1 onChain=1 qclass=Qtitan::DockDocumentLayoutPanel
[hider] strip-occupant hwnd=00000000002F0DB4 rect=[0,29,1920,1020] vis=1 chrome=1 onChain=1 qclass=Qtitan::DockDocumentTabbedLayoutPanel
[hider] strip-occupant hwnd=00000000002001BA rect=[0,29,1920,1020] vis=1 chrome=1 onChain=1 qclass=Qtitan::DockWidgetPanel
[hider] strip-occupant hwnd=00000000000B0DE8 rect=[0,29,1920,1020] vis=1 chrome=0 onChain=0 qclass=RBX::Studio::QEngineWidget
[hider] viewport = 0000000000830448 qclass=RBX::Studio::QEngineWidget
[hider] pass: viewport=0000000000830448 chainLen=10 newlyBlocked=0 alreadyBlocked=10 totalWins=31
[hider] strip-diag: mainClientBottom=1020 viewport=[0,29,1920,1020] (coversBottom=1)
[hider] strip-occupant hwnd=0000000000650824 rect=[0,29,1920,1020] vis=1 chrome=0 onChain=1 qclass=QWidget
[hider] strip-occupant hwnd=00000000017708D2 rect=[0,29,1920,1020] vis=1 chrome=1 onChain=1 qclass=Qtitan::DockSplitLayoutPanel
[hider] strip-occupant hwnd=0000000000980CDE rect=[0,29,1920,1020] vis=1 chrome=1 onChain=1 qclass=Qtitan::DockSplitLayoutPanel
[hider] strip-occupant hwnd=0000000000360E5A rect=[0,29,1920,1020] vis=1 chrome=1 onChain=1 qclass=Qtitan::DockSplitLayoutPanel
[hider] strip-occupant hwnd=0000000000BB0E12 rect=[0,29,1920,1020] vis=1 chrome=1 onChain=1 qclass=Qtitan::DockSplitLayoutPanel
[hider] strip-occupant hwnd=00000000014B0C88 rect=[0,29,1920,1020] vis=1 chrome=1 onChain=1 qclass=Qtitan::DockDocumentLayoutPanel
[hider] strip-occupant hwnd=00000000002F0DB4 rect=[0,29,1920,1020] vis=1 chrome=1 onChain=1 qclass=Qtitan::DockDocumentTabbedLayoutPanel
[hider] strip-occupant hwnd=00000000002001BA rect=[0,29,1920,1020] vis=1 chrome=1 onChain=1 qclass=Qtitan::DockWidgetPanel
[hider] strip-occupant hwnd=00000000000B0DE8 rect=[0,29,1920,1020] vis=1 chrome=0 onChain=0 qclass=RBX::Studio::QEngineWidget
[hider] viewport = 0000000000830448 qclass=RBX::Studio::QEngineWidget
[hider] pass: viewport=0000000000830448 chainLen=10 newlyBlocked=0 alreadyBlocked=10 totalWins=31
[hider] strip-diag: mainClientBottom=1020 viewport=[0,29,1920,1020] (coversBottom=1)
[hider] strip-occupant hwnd=0000000000650824 rect=[0,29,1920,1020] vis=1 chrome=0 onChain=1 qclass=QWidget
[hider] strip-occupant hwnd=00000000017708D2 rect=[0,29,1920,1020] vis=1 chrome=1 onChain=1 qclass=Qtitan::DockSplitLayoutPanel
[hider] strip-occupant hwnd=0000000000980CDE rect=[0,29,1920,1020] vis=1 chrome=1 onChain=1 qclass=Qtitan::DockSplitLayoutPanel
[hider] strip-occupant hwnd=0000000000360E5A rect=[0,29,1920,1020] vis=1 chrome=1 onChain=1 qclass=Qtitan::DockSplitLayoutPanel
[hider] strip-occupant hwnd=0000000000BB0E12 rect=[0,29,1920,1020] vis=1 chrome=1 onChain=1 qclass=Qtitan::DockSplitLayoutPanel
[hider] strip-occupant hwnd=00000000014B0C88 rect=[0,29,1920,1020] vis=1 chrome=1 onChain=1 qclass=Qtitan::DockDocumentLayoutPanel
[hider] strip-occupant hwnd=00000000002F0DB4 rect=[0,29,1920,1020] vis=1 chrome=1 onChain=1 qclass=Qtitan::DockDocumentTabbedLayoutPanel
[hider] strip-occupant hwnd=00000000002001BA rect=[0,29,1920,1020] vis=1 chrome=1 onChain=1 qclass=Qtitan::DockWidgetPanel
[hider] strip-occupant hwnd=00000000000B0DE8 rect=[0,29,1920,1020] vis=1 chrome=0 onChain=0 qclass=RBX::Studio::QEngineWidget
[hider] viewport = 0000000000830448 qclass=RBX::Studio::QEngineWidget
[hider] pass: viewport=0000000000830448 chainLen=10 newlyBlocked=0 alreadyBlocked=10 totalWins=31
[hider] strip-diag: mainClientBottom=1020 viewport=[0,29,1920,1020] (coversBottom=1)
[hider] strip-occupant hwnd=0000000000650824 rect=[0,29,1920,1020] vis=1 chrome=0 onChain=1 qclass=QWidget
[hider] strip-occupant hwnd=00000000017708D2 rect=[0,29,1920,1020] vis=1 chrome=1 onChain=1 qclass=Qtitan::DockSplitLayoutPanel
[hider] strip-occupant hwnd=0000000000980CDE rect=[0,29,1920,1020] vis=1 chrome=1 onChain=1 qclass=Qtitan::DockSplitLayoutPanel
[hider] strip-occupant hwnd=0000000000360E5A rect=[0,29,1920,1020] vis=1 chrome=1 onChain=1 qclass=Qtitan::DockSplitLayoutPanel
[hider] strip-occupant hwnd=0000000000BB0E12 rect=[0,29,1920,1020] vis=1 chrome=1 onChain=1 qclass=Qtitan::DockSplitLayoutPanel
[hider] strip-occupant hwnd=00000000014B0C88 rect=[0,29,1920,1020] vis=1 chrome=1 onChain=1 qclass=Qtitan::DockDocumentLayoutPanel
[hider] strip-occupant hwnd=00000000002F0DB4 rect=[0,29,1920,1020] vis=1 chrome=1 onChain=1 qclass=Qtitan::DockDocumentTabbedLayoutPanel
[hider] strip-occupant hwnd=00000000002001BA rect=[0,29,1920,1020] vis=1 chrome=1 onChain=1 qclass=Qtitan::DockWidgetPanel
[hider] strip-occupant hwnd=00000000000B0DE8 rect=[0,29,1920,1020] vis=1 chrome=0 onChain=0 qclass=RBX::Studio::QEngineWidget
[hider] viewport = 0000000000830448 qclass=RBX::Studio::QEngineWidget
[hider] pass: viewport=0000000000830448 chainLen=10 newlyBlocked=0 alreadyBlocked=10 totalWins=31
[hider] strip-diag: mainClientBottom=1020 viewport=[0,29,1920,1020] (coversBottom=1)
[hider] strip-occupant hwnd=0000000000650824 rect=[0,29,1920,1020] vis=1 chrome=0 onChain=1 qclass=QWidget
[hider] strip-occupant hwnd=00000000017708D2 rect=[0,29,1920,1020] vis=1 chrome=1 onChain=1 qclass=Qtitan::DockSplitLayoutPanel
[hider] strip-occupant hwnd=0000000000980CDE rect=[0,29,1920,1020] vis=1 chrome=1 onChain=1 qclass=Qtitan::DockSplitLayoutPanel
[hider] strip-occupant hwnd=0000000000360E5A rect=[0,29,1920,1020] vis=1 chrome=1 onChain=1 qclass=Qtitan::DockSplitLayoutPanel
[hider] strip-occupant hwnd=0000000000BB0E12 rect=[0,29,1920,1020] vis=1 chrome=1 onChain=1 qclass=Qtitan::DockSplitLayoutPanel
[hider] strip-occupant hwnd=00000000014B0C88 rect=[0,29,1920,1020] vis=1 chrome=1 onChain=1 qclass=Qtitan::DockDocumentLayoutPanel
[hider] strip-occupant hwnd=00000000002F0DB4 rect=[0,29,1920,1020] vis=1 chrome=1 onChain=1 qclass=Qtitan::DockDocumentTabbedLayoutPanel
[hider] strip-occupant hwnd=00000000002001BA rect=[0,29,1920,1020] vis=1 chrome=1 onChain=1 qclass=Qtitan::DockWidgetPanel
[hider] strip-occupant hwnd=00000000000B0DE8 rect=[0,29,1920,1020] vis=1 chrome=0 onChain=0 qclass=RBX::Studio::QEngineWidget
[hider] viewport = 0000000000830448 qclass=RBX::Studio::QEngineWidget
[hider] pass: viewport=0000000000830448 chainLen=10 newlyBlocked=0 alreadyBlocked=10 totalWins=31
[hider] strip-diag: mainClientBottom=1020 viewport=[0,29,1920,1020] (coversBottom=1)
[hider] strip-occupant hwnd=0000000000650824 rect=[0,29,1920,1020] vis=1 chrome=0 onChain=1 qclass=QWidget
[hider] strip-occupant hwnd=00000000017708D2 rect=[0,29,1920,1020] vis=1 chrome=1 onChain=1 qclass=Qtitan::DockSplitLayoutPanel
[hider] strip-occupant hwnd=0000000000980CDE rect=[0,29,1920,1020] vis=1 chrome=1 onChain=1 qclass=Qtitan::DockSplitLayoutPanel
[hider] strip-occupant hwnd=0000000000360E5A rect=[0,29,1920,1020] vis=1 chrome=1 onChain=1 qclass=Qtitan::DockSplitLayoutPanel
[hider] strip-occupant hwnd=0000000000BB0E12 rect=[0,29,1920,1020] vis=1 chrome=1 onChain=1 qclass=Qtitan::DockSplitLayoutPanel
[hider] strip-occupant hwnd=00000000014B0C88 rect=[0,29,1920,1020] vis=1 chrome=1 onChain=1 qclass=Qtitan::DockDocumentLayoutPanel
[hider] strip-occupant hwnd=00000000002F0DB4 rect=[0,29,1920,1020] vis=1 chrome=1 onChain=1 qclass=Qtitan::DockDocumentTabbedLayoutPanel
[hider] strip-occupant hwnd=00000000002001BA rect=[0,29,1920,1020] vis=1 chrome=1 onChain=1 qclass=Qtitan::DockWidgetPanel
[hider] strip-occupant hwnd=00000000000B0DE8 rect=[0,29,1920,1020] vis=1 chrome=0 onChain=0 qclass=RBX::Studio::QEngineWidget
[hider] viewport = 0000000000830448 qclass=RBX::Studio::QEngineWidget
[hider] pass: viewport=0000000000830448 chainLen=10 newlyBlocked=0 alreadyBlocked=10 totalWins=31
[hider] strip-diag: mainClientBottom=1020 viewport=[0,29,1920,1020] (coversBottom=1)
[hider] strip-occupant hwnd=0000000000650824 rect=[0,29,1920,1020] vis=1 chrome=0 onChain=1 qclass=QWidget
[hider] strip-occupant hwnd=00000000017708D2 rect=[0,29,1920,1020] vis=1 chrome=1 onChain=1 qclass=Qtitan::DockSplitLayoutPanel
[hider] strip-occupant hwnd=0000000000980CDE rect=[0,29,1920,1020] vis=1 chrome=1 onChain=1 qclass=Qtitan::DockSplitLayoutPanel
[hider] strip-occupant hwnd=0000000000360E5A rect=[0,29,1920,1020] vis=1 chrome=1 onChain=1 qclass=Qtitan::DockSplitLayoutPanel
[hider] strip-occupant hwnd=0000000000BB0E12 rect=[0,29,1920,1020] vis=1 chrome=1 onChain=1 qclass=Qtitan::DockSplitLayoutPanel
[hider] strip-occupant hwnd=00000000014B0C88 rect=[0,29,1920,1020] vis=1 chrome=1 onChain=1 qclass=Qtitan::DockDocumentLayoutPanel
[hider] strip-occupant hwnd=00000000002F0DB4 rect=[0,29,1920,1020] vis=1 chrome=1 onChain=1 qclass=Qtitan::DockDocumentTabbedLayoutPanel
[hider] strip-occupant hwnd=00000000002001BA rect=[0,29,1920,1020] vis=1 chrome=1 onChain=1 qclass=Qtitan::DockWidgetPanel
[hider] strip-occupant hwnd=00000000000B0DE8 rect=[0,29,1920,1020] vis=1 chrome=0 onChain=0 qclass=RBX::Studio::QEngineWidget
[hider] viewport = 0000000000830448 qclass=RBX::Studio::QEngineWidget
[hider] pass: viewport=0000000000830448 chainLen=10 newlyBlocked=0 alreadyBlocked=10 totalWins=31
[hider] strip-diag: mainClientBottom=1020 viewport=[0,29,1920,1020] (coversBottom=1)
[hider] strip-occupant hwnd=0000000000650824 rect=[0,29,1920,1020] vis=1 chrome=0 onChain=1 qclass=QWidget
[hider] strip-occupant hwnd=00000000017708D2 rect=[0,29,1920,1020] vis=1 chrome=1 onChain=1 qclass=Qtitan::DockSplitLayoutPanel
[hider] strip-occupant hwnd=0000000000980CDE rect=[0,29,1920,1020] vis=1 chrome=1 onChain=1 qclass=Qtitan::DockSplitLayoutPanel
[hider] strip-occupant hwnd=0000000000360E5A rect=[0,29,1920,1020] vis=1 chrome=1 onChain=1 qclass=Qtitan::DockSplitLayoutPanel
[hider] strip-occupant hwnd=0000000000BB0E12 rect=[0,29,1920,1020] vis=1 chrome=1 onChain=1 qclass=Qtitan::DockSplitLayoutPanel
[hider] strip-occupant hwnd=00000000014B0C88 rect=[0,29,1920,1020] vis=1 chrome=1 onChain=1 qclass=Qtitan::DockDocumentLayoutPanel
[hider] strip-occupant hwnd=00000000002F0DB4 rect=[0,29,1920,1020] vis=1 chrome=1 onChain=1 qclass=Qtitan::DockDocumentTabbedLayoutPanel
[hider] strip-occupant hwnd=00000000002001BA rect=[0,29,1920,1020] vis=1 chrome=1 onChain=1 qclass=Qtitan::DockWidgetPanel
[hider] strip-occupant hwnd=00000000000B0DE8 rect=[0,29,1920,1020] vis=1 chrome=0 onChain=0 qclass=RBX::Studio::QEngineWidget
[hider] viewport = 0000000000830448 qclass=RBX::Studio::QEngineWidget
[hider] pass: viewport=0000000000830448 chainLen=10 newlyBlocked=0 alreadyBlocked=10 totalWins=31
[hider] strip-diag: mainClientBottom=1020 viewport=[0,29,1920,1020] (coversBottom=1)
[hider] strip-occupant hwnd=0000000000650824 rect=[0,29,1920,1020] vis=1 chrome=0 onChain=1 qclass=QWidget
[hider] strip-occupant hwnd=00000000017708D2 rect=[0,29,1920,1020] vis=1 chrome=1 onChain=1 qclass=Qtitan::DockSplitLayoutPanel
[hider] strip-occupant hwnd=0000000000980CDE rect=[0,29,1920,1020] vis=1 chrome=1 onChain=1 qclass=Qtitan::DockSplitLayoutPanel
[hider] strip-occupant hwnd=0000000000360E5A rect=[0,29,1920,1020] vis=1 chrome=1 onChain=1 qclass=Qtitan::DockSplitLayoutPanel
[hider] strip-occupant hwnd=0000000000BB0E12 rect=[0,29,1920,1020] vis=1 chrome=1 onChain=1 qclass=Qtitan::DockSplitLayoutPanel
[hider] strip-occupant hwnd=00000000014B0C88 rect=[0,29,1920,1020] vis=1 chrome=1 onChain=1 qclass=Qtitan::DockDocumentLayoutPanel
[hider] strip-occupant hwnd=00000000002F0DB4 rect=[0,29,1920,1020] vis=1 chrome=1 onChain=1 qclass=Qtitan::DockDocumentTabbedLayoutPanel
[hider] strip-occupant hwnd=00000000002001BA rect=[0,29,1920,1020] vis=1 chrome=1 onChain=1 qclass=Qtitan::DockWidgetPanel
[hider] strip-occupant hwnd=00000000000B0DE8 rect=[0,29,1920,1020] vis=1 chrome=0 onChain=0 qclass=RBX::Studio::QEngineWidget
[hider] viewport = 0000000000830448 qclass=RBX::Studio::QEngineWidget
[hider] pass: viewport=0000000000830448 chainLen=10 newlyBlocked=0 alreadyBlocked=10 totalWins=31
[hider] viewport = 0000000000830448 qclass=RBX::Studio::QEngineWidget
[hider] pass: viewport=0000000000830448 chainLen=10 newlyBlocked=0 alreadyBlocked=10 totalWins=31
[hider] viewport = 0000000000830448 qclass=RBX::Studio::QEngineWidget
[hider] pass: viewport=0000000000830448 chainLen=10 newlyBlocked=0 alreadyBlocked=10 totalWins=31
[hider] viewport = 0000000000830448 qclass=RBX::Studio::QEngineWidget
[hider] pass: viewport=0000000000830448 chainLen=10 newlyBlocked=0 alreadyBlocked=10 totalWins=31
[hider] viewport = 0000000000830448 qclass=RBX::Studio::QEngineWidget
[hider] pass: viewport=0000000000830448 chainLen=10 newlyBlocked=0 alreadyBlocked=10 totalWins=31
[hider] viewport = 0000000000830448 qclass=RBX::Studio::QEngineWidget
[hider] pass: viewport=0000000000830448 chainLen=10 newlyBlocked=0 alreadyBlocked=10 totalWins=31
[udp_relay] SEND magic to 127.0.0.1:25565 username='HearMeRoar'
[udp_relay] RECV magic from 127.0.0.1:54881 username='HearMeRoar' userId=0 accountAge=3650 haveId=1, patching now
[name_patcher] x64 name updated to 'HearMeRoar'
[name_patcher] relayed identity: userId=0 accountAge=3650
[udp_relay] POSTed appearance for 'HearMeRoar' (1266 chars) -> https://127.0.0.1:443 ok=1
[hider] viewport = 0000000000830448 qclass=RBX::Studio::QEngineWidget
[hider] pass: viewport=0000000000830448 chainLen=10 newlyBlocked=0 alreadyBlocked=10 totalWins=31
[hider]  hwnd=00000000000B0DE8 parent=0000000000230EDC vis=1 area=1902720 chrome=0 qclass=RBX::Studio::QEngineWidget
[hider]  hwnd=0000000000CC0D5C parent=00000000000B0DE8 vis=0 area=4750 chrome=0 qclass=QLabel
[hider]  hwnd=00000000004B0CCE parent=00000000000B0DE8 vis=0 area=4750 chrome=0 qclass=QLabel
[hider]  hwnd=0000000000650824 parent=0000000000230EDC vis=1 area=1902720 chrome=0 qclass=QWidget
[hider]  hwnd=00000000003E0DDE parent=0000000000650824 vis=1 area=1459200 chrome=1 qclass=Qtitan::DockSplitLayoutPanel
[hider]  hwnd=00000000010109E8 parent=00000000003E0DDE vis=1 area=1459200 chrome=1 qclass=Qtitan::DockSplitLayoutPanel
[hider]  hwnd=0000000000A1077A parent=00000000010109E8 vis=1 area=514560 chrome=1 qclass=Qtitan::DockSplitLayoutPanel
[hider]  hwnd=0000000000AD0968 parent=0000000000A1077A vis=1 area=514560 chrome=1 qclass=Qtitan::DockTabbedLayoutPanel
[hider]  hwnd=0000000000170DD6 parent=0000000000AD0968 vis=0 area=0 chrome=1 qclass=Qtitan::DockWidgetPanel
[hider]  hwnd=0000000000490D2A parent=00000000010109E8 vis=1 area=938880 chrome=1 qclass=Qtitan::DockSplitLayoutPanel
[hider]  hwnd=0000000000990CDE parent=0000000000490D2A vis=1 area=828855 chrome=1 qclass=Qtitan::DockSplitLayoutPanel
[hider]  hwnd=0000000000370E5A parent=0000000000990CDE vis=1 area=828855 chrome=1 qclass=Qtitan::DockDocumentLayoutPanel
[hider]  hwnd=0000000000BC0E12 parent=0000000000370E5A vis=1 area=828855 chrome=1 qclass=Qtitan::DockDocumentTabbedLayoutPanel
[hider]  hwnd=00000000017808D2 parent=0000000000BC0E12 vis=1 area=772920 chrome=1 qclass=Qtitan::DockDocumentPanel
[hider]  hwnd=0000000000F00BBA parent=00000000017808D2 vis=1 area=768622 chrome=0 qclass=QStackedWidget
[hider]  hwnd=0000000000300ED8 parent=0000000000F00BBA vis=1 area=768622 chrome=0 qclass=QWidget
[hider]  hwnd=0000000000E00E1E parent=0000000000300ED8 vis=1 area=768622 chrome=0 qclass=QScrollArea
[hider]  hwnd=0000000000A109E2 parent=0000000000E00E1E vis=1 area=757912 chrome=0 qclass=QWidget
[hider]  hwnd=0000000000490BCC parent=0000000000A109E2 vis=1 area=757912 chrome=0 qclass=QWidget
[hider]  hwnd=00000000006106A8 parent=0000000000490BCC vis=1 area=757912 chrome=0 qclass=QWidget
[hider]  hwnd=00000000004D0E2C parent=0000000000490D2A vis=1 area=108069 chrome=1 qclass=Qtitan::DockSplitLayoutPanel
[hider]  hwnd=0000000000840448 parent=00000000004D0E2C vis=1 area=65195 chrome=1 qclass=Qtitan::DockTabbedLayoutPanel
[hider]  hwnd=0000000000300DB4 parent=0000000000840448 vis=1 area=65416 chrome=1 qclass=Qtitan::DockWidgetPanel
[hider]  hwnd=00000000002101BA parent=0000000000300DB4 vis=1 area=58035 chrome=0 qclass=RBX::Studio::QEngineWidget
[hider]  hwnd=00000000011E0ADA parent=00000000004D0E2C vis=1 area=41990 chrome=1 qclass=Qtitan::DockTabbedLayoutPanel
[hider]  hwnd=0000000000350C92 parent=00000000011E0ADA vis=0 area=0 chrome=1 qclass=Qtitan::DockWidgetPanel
[hider]  hwnd=00000000006309B0 parent=0000000000230EDC vis=1 area=278400 chrome=0 qclass=RBX::Studio::TopBar
[hider]  hwnd=0000000000220D40 parent=00000000006309B0 vis=1 area=228480 chrome=0 qclass=PluginPanelCustom
[hider]  hwnd=0000000000B2086E parent=0000000000220D40 vis=1 area=228480 chrome=0 qclass=RBX::Studio::QEngineWidget
[hider]  hwnd=0000000000230CD8 parent=0000000000230EDC vis=0 area=0 chrome=1 qclass=Qtitan::DockWidgetPanel
[hider]  hwnd=00000000005A0F44 parent=0000000000230EDC vis=0 area=0 chrome=1 qclass=Qtitan::DockWidgetPanel
[hider]  hwnd=00000000001F0C6C parent=0000000000230EDC vis=0 area=0 chrome=1 qclass=Qtitan::DockWidgetPanel
[hider]  hwnd=00000000001C0D76 parent=0000000000230EDC vis=0 area=0 chrome=1 qclass=Qtitan::DockWidgetPanel
[hider]  hwnd=0000000000400858 parent=0000000000230EDC vis=0 area=0 chrome=1 qclass=Qtitan::DockWidgetPanel
[hider]  hwnd=0000000001140882 parent=0000000000230EDC vis=0 area=0 chrome=1 qclass=Qtitan::DockWidgetPanel
[hider]  hwnd=0000000000130EBA parent=0000000000230EDC vis=0 area=0 chrome=1 qclass=Qtitan::DockWidgetPanel
[hider]  hwnd=0000000000130C9C parent=0000000000230EDC vis=0 area=0 chrome=1 qclass=Qtitan::DockWidgetPanel
[hider] viewport = 00000000000B0DE8 qclass=RBX::Studio::QEngineWidget
[hider] pass: viewport=00000000000B0DE8 chainLen=2 newlyBlocked=13 alreadyBlocked=10 totalWins=37
[hider] viewport = 00000000000B0DE8 qclass=RBX::Studio::QEngineWidget
[hider] pass: viewport=00000000000B0DE8 chainLen=2 newlyBlocked=0 alreadyBlocked=23 totalWins=37
[hider] viewport = 00000000000B0DE8 qclass=RBX::Studio::QEngineWidget
[hider] pass: viewport=00000000000B0DE8 chainLen=2 newlyBlocked=0 alreadyBlocked=23 totalWins=37
[hider] viewport = 00000000000B0DE8 qclass=RBX::Studio::QEngineWidget
[hider] pass: viewport=00000000000B0DE8 chainLen=2 newlyBlocked=0 alreadyBlocked=23 totalWins=37
[hider] viewport = 00000000000B0DE8 qclass=RBX::Studio::QEngineWidget
[hider] pass: viewport=00000000000B0DE8 chainLen=2 newlyBlocked=0 alreadyBlocked=23 totalWins=37
[hider] viewport = 00000000000B0DE8 qclass=RBX::Studio::QEngineWidget
[hider] pass: viewport=00000000000B0DE8 chainLen=2 newlyBlocked=0 alreadyBlocked=23 totalWins=37
[hider] viewport = 00000000000B0DE8 qclass=RBX::Studio::QEngineWidget
[hider] pass: viewport=00000000000B0DE8 chainLen=2 newlyBlocked=0 alreadyBlocked=23 totalWins=37
[hider] viewport = 00000000000B0DE8 qclass=RBX::Studio::QEngineWidget
[hider] pass: viewport=00000000000B0DE8 chainLen=2 newlyBlocked=0 alreadyBlocked=23 totalWins=37
[hider] viewport = 00000000000B0DE8 qclass=RBX::Studio::QEngineWidget
[hider] pass: viewport=00000000000B0DE8 chainLen=2 newlyBlocked=0 alreadyBlocked=23 totalWins=37
[hider] viewport = 00000000000B0DE8 qclass=RBX::Studio::QEngineWidget
[hider] pass: viewport=00000000000B0DE8 chainLen=2 newlyBlocked=0 alreadyBlocked=23 totalWins=37
[hider] viewport = 00000000000B0DE8 qclass=RBX::Studio::QEngineWidget
[hider] pass: viewport=00000000000B0DE8 chainLen=2 newlyBlocked=0 alreadyBlocked=23 totalWins=37
[hider] viewport = 00000000000B0DE8 qclass=RBX::Studio::QEngineWidget
[hider] pass: viewport=00000000000B0DE8 chainLen=2 newlyBlocked=0 alreadyBlocked=23 totalWins=37
[hider] viewport = 00000000000B0DE8 qclass=RBX::Studio::QEngineWidget
[hider] pass: viewport=00000000000B0DE8 chainLen=2 newlyBlocked=0 alreadyBlocked=23 totalWins=37
[hider] viewport = 00000000000B0DE8 qclass=RBX::Studio::QEngineWidget
[hider] pass: viewport=00000000000B0DE8 chainLen=2 newlyBlocked=0 alreadyBlocked=23 totalWins=37
[hider] viewport = 00000000000B0DE8 qclass=RBX::Studio::QEngineWidget
[hider] pass: viewport=00000000000B0DE8 chainLen=2 newlyBlocked=0 alreadyBlocked=23 totalWins=37
[hider] viewport = 00000000000B0DE8 qclass=RBX::Studio::QEngineWidget
[hider] pass: viewport=00000000000B0DE8 chainLen=2 newlyBlocked=0 alreadyBlocked=23 totalWins=37
[hider] viewport = 00000000000B0DE8 qclass=RBX::Studio::QEngineWidget
[hider] pass: viewport=00000000000B0DE8 chainLen=2 newlyBlocked=0 alreadyBlocked=23 totalWins=37
[hider] viewport = 00000000000B0DE8 qclass=RBX::Studio::QEngineWidget
[hider] pass: viewport=00000000000B0DE8 chainLen=2 newlyBlocked=0 alreadyBlocked=23 totalWins=37
[hider]  hwnd=00000000000B0DE8 parent=0000000000230EDC vis=1 area=1902720 chrome=0 qclass=RBX::Studio::QEngineWidget
[hider]  hwnd=0000000001180F12 parent=00000000000B0DE8 vis=0 area=40000 chrome=0 qclass=QFrame
[hider]  hwnd=00000000014D0C88 parent=00000000000B0DE8 vis=0 area=4750 chrome=0 qclass=QFrame
[hider]  hwnd=0000000000650824 parent=0000000000230EDC vis=1 area=1902720 chrome=0 qclass=QWidget
[hider]  hwnd=00000000003E0DDE parent=0000000000650824 vis=0 area=0 chrome=1 qclass=Qtitan::DockSplitLayoutPanel
[hider]  hwnd=00000000010109E8 parent=00000000003E0DDE vis=0 area=0 chrome=1 qclass=Qtitan::DockSplitLayoutPanel
[hider]  hwnd=0000000000A1077A parent=00000000010109E8 vis=0 area=0 chrome=1 qclass=Qtitan::DockSplitLayoutPanel
[hider]  hwnd=0000000000AD0968 parent=0000000000A1077A vis=0 area=0 chrome=1 qclass=Qtitan::DockTabbedLayoutPanel
[hider]  hwnd=0000000000490D2A parent=00000000010109E8 vis=0 area=0 chrome=1 qclass=Qtitan::DockSplitLayoutPanel
[hider]  hwnd=0000000000990CDE parent=0000000000490D2A vis=0 area=0 chrome=1 qclass=Qtitan::DockSplitLayoutPanel
[hider]  hwnd=0000000000370E5A parent=0000000000990CDE vis=0 area=0 chrome=1 qclass=Qtitan::DockDocumentLayoutPanel
[hider]  hwnd=0000000000240E76 parent=0000000000370E5A vis=0 area=1459200 chrome=1 qclass=Qtitan::DockDocumentTabbedLayoutPanel
[hider]  hwnd=0000000000BC0E12 parent=0000000000370E5A vis=0 area=0 chrome=1 qclass=Qtitan::DockDocumentTabbedLayoutPanel
[hider]  hwnd=00000000004D0E2C parent=0000000000490D2A vis=0 area=0 chrome=1 qclass=Qtitan::DockSplitLayoutPanel
[hider]  hwnd=0000000000840448 parent=00000000004D0E2C vis=0 area=0 chrome=1 qclass=Qtitan::DockTabbedLayoutPanel
[hider]  hwnd=00000000011E0ADA parent=00000000004D0E2C vis=0 area=0 chrome=1 qclass=Qtitan::DockTabbedLayoutPanel
[hider]  hwnd=00000000006309B0 parent=0000000000230EDC vis=1 area=278400 chrome=0 qclass=RBX::Studio::TopBar
[hider]  hwnd=0000000000220D40 parent=00000000006309B0 vis=1 area=228480 chrome=0 qclass=PluginPanelCustom
[hider]  hwnd=0000000000B2086E parent=0000000000220D40 vis=1 area=228480 chrome=0 qclass=RBX::Studio::QEngineWidget
[hider]  hwnd=0000000000230CD8 parent=0000000000230EDC vis=0 area=0 chrome=1 qclass=Qtitan::DockWidgetPanel
[hider]  hwnd=00000000005A0F44 parent=0000000000230EDC vis=0 area=0 chrome=1 qclass=Qtitan::DockWidgetPanel
[hider]  hwnd=00000000001F0C6C parent=0000000000230EDC vis=0 area=0 chrome=1 qclass=Qtitan::DockWidgetPanel
[hider]  hwnd=00000000001C0D76 parent=0000000000230EDC vis=0 area=0 chrome=1 qclass=Qtitan::DockWidgetPanel
[hider]  hwnd=0000000000400858 parent=0000000000230EDC vis=0 area=0 chrome=1 qclass=Qtitan::DockWidgetPanel
[hider]  hwnd=0000000001140882 parent=0000000000230EDC vis=0 area=0 chrome=1 qclass=Qtitan::DockWidgetPanel
[hider]  hwnd=0000000000130EBA parent=0000000000230EDC vis=0 area=0 chrome=1 qclass=Qtitan::DockWidgetPanel
[hider]  hwnd=0000000000130C9C parent=0000000000230EDC vis=0 area=0 chrome=1 qclass=Qtitan::DockWidgetPanel
[hider] viewport = 00000000000B0DE8 qclass=RBX::Studio::QEngineWidget
[hider] pass: viewport=00000000000B0DE8 chainLen=2 newlyBlocked=1 alreadyBlocked=19 totalWins=27
[dllmain] SafeInit pid=27232
[name_patcher] x64 name patch OK -> 'HearMeRoar' (buf 00007FF6FF3C0000)
[udp_relay] installing IAT hooks (client=0 server=1)
[udp_relay] username='HearMeRoar' (10 chars)
[udp_relay] hooks: sendto=00007FFE8DE10900 recvfrom=00007FFE8DE10050 WSASendTo=00007FFE8DE11390 WSARecvFrom=00007FFE8DE0E6A0 WSARecv=00007FFE8DE0EC60
[dllmain] StartServer: installing script-start hook
[dllmain] not a StartClient launch - skipping Qt hider (relay + username server already active)
[dllmain] SafeInit pid=24280
[name_patcher] x64 name patch OK -> 'HearMeRoar' (buf 00007FF6FF3C0000)
[udp_relay] installing IAT hooks (client=1 server=0)
[udp_relay] username='HearMeRoar' (10 chars)
[udp_relay] hooks: sendto=00007FFE8DE10900 recvfrom=0000000000000000 WSASendTo=00007FFE8DE11390 WSARecvFrom=0000000000000000 WSARecv=0000000000000000
[rcc_patch] IP patched @rva=0x4FA1DAE -> '127.0.0.1' (len mov updated)
[rcc_patch] IP patched @rva=0x2793CDA -> '127.0.0.1' (len mov updated)
[rcc_patch] IP patched @rva=0x2793DA7 -> '127.0.0.1' (len mov updated)
[rcc_patch] IP patched @rva=0x2793E8B -> '127.0.0.1' (len mov updated)
[rcc_patch] IP patched @rva=0x2793F2D -> '127.0.0.1' (len mov updated)
[dllmain] StartClient launch confirmed - activating Qt hider
[udp_relay] SEND magic to 127.0.0.1:53482 username='HearMeRoar'
[hider] Qt symbols: find=00007FFD4C6F8A00 className=00007FFD4BC27A50 -> OK
[hider]  hwnd=00000000001D0D76 parent=0000000001580E0E vis=0 area=14250 chrome=0 qclass=QStackedWidget
[hider]  hwnd=0000000000410858 parent=00000000001D0D76 vis=0 area=4750 chrome=0 qclass=QWidget
[hider]  hwnd=0000000001150882 parent=0000000000410858 vis=0 area=4750 chrome=0 qclass=QScrollArea
[hider]  hwnd=0000000000140EBA parent=0000000001150882 vis=0 area=4750 chrome=0 qclass=QWidget
[hider]  hwnd=0000000000140C9C parent=0000000000140EBA vis=0 area=4750 chrome=0 qclass=QWidget
[hider]  hwnd=0000000000360C92 parent=0000000000140C9C vis=0 area=4750 chrome=0 qclass=QWidget
[hider]  hwnd=0000000000750DB8 parent=0000000000360C92 vis=0 area=15625 chrome=0 qclass=RBX::Studio::QEngineWidget
[hider]  hwnd=0000000000310DB4 parent=0000000000750DB8 vis=0 area=4750 chrome=0 qclass=QLabel
[hider]  hwnd=0000000000180DD6 parent=0000000000750DB8 vis=0 area=4750 chrome=0 qclass=QLabel
[hider]  hwnd=0000000000230D40 parent=0000000001580E0E vis=1 area=136320 chrome=0 qclass=RBX::Studio::TopBar
[hider]  hwnd=0000000000B3086E parent=0000000000230D40 vis=1 area=86400 chrome=0 qclass=PluginPanelCustom
[hider]  hwnd=0000000000240CD8 parent=0000000000B3086E vis=1 area=86400 chrome=0 qclass=RBX::Studio::QEngineWidget
[hider]  hwnd=00000000014F0C88 parent=0000000001580E0E vis=1 area=1689600 chrome=0 qclass=QWidget
[hider]  hwnd=0000000000670824 parent=00000000014F0C88 vis=1 area=1689600 chrome=1 qclass=Qtitan::DockSplitLayoutPanel
[hider]  hwnd=0000000000B309CC parent=0000000000670824 vis=1 area=1689600 chrome=1 qclass=Qtitan::DockSplitLayoutPanel
[hider]  hwnd=0000000000400DDE parent=0000000000B309CC vis=1 area=1689600 chrome=1 qclass=Qtitan::DockSplitLayoutPanel
[hider]  hwnd=00000000002E0C26 parent=0000000000400DDE vis=1 area=1689600 chrome=1 qclass=Qtitan::DockSplitLayoutPanel
[hider]  hwnd=00000000011F0ADA parent=00000000002E0C26 vis=1 area=1689600 chrome=1 qclass=Qtitan::DockDocumentLayoutPanel
[hider]  hwnd=00000000006409B0 parent=00000000011F0ADA vis=1 area=1689600 chrome=1 qclass=Qtitan::DockDocumentTabbedLayoutPanel
[hider]  hwnd=0000000000A70B46 parent=00000000006409B0 vis=1 area=1689600 chrome=1 qclass=Qtitan::DockWidgetPanel
[hider]  hwnd=00000000024C0BC0 parent=0000000000A70B46 vis=1 area=1684004 chrome=0 qclass=RBX::Studio::QEngineWidget
[hider]  hwnd=0000000002FC0DAA parent=0000000001580E0E vis=0 area=4750 chrome=1 qclass=Qtitan::DockWidgetPanel
[hider]  hwnd=0000000000CA09CA parent=0000000001580E0E vis=0 area=4750 chrome=1 qclass=Qtitan::DockWidgetPanel
[hider]  hwnd=000000000087084C parent=0000000001580E0E vis=0 area=4750 chrome=1 qclass=Qtitan::DockWidgetPanel
[hider]  hwnd=0000000000700A78 parent=0000000001580E0E vis=0 area=4750 chrome=1 qclass=Qtitan::DockWidgetPanel
[hider]  hwnd=00000000018605EA parent=0000000001580E0E vis=0 area=4750 chrome=1 qclass=Qtitan::DockWidgetPanel
[hider]  hwnd=0000000000850AD0 parent=0000000001580E0E vis=0 area=4750 chrome=1 qclass=Qtitan::DockWidgetPanel
[hider]  hwnd=0000000002E007D0 parent=0000000001580E0E vis=0 area=4750 chrome=1 qclass=Qtitan::DockWidgetPanel
[hider]  hwnd=00000000001A0D92 parent=0000000001580E0E vis=0 area=4750 chrome=1 qclass=Qtitan::DockWidgetPanel
[hider]  hwnd=0000000000130E08 parent=0000000001580E0E vis=0 area=4750 chrome=1 qclass=Qtitan::DockWidgetPanel
[hider]  hwnd=00000000006F0B8C parent=0000000001580E0E vis=0 area=4750 chrome=1 qclass=Qtitan::DockWidgetPanel
[hider] viewport = 00000000024C0BC0 qclass=RBX::Studio::QEngineWidget
[hider] pass: viewport=00000000024C0BC0 chainLen=10 newlyBlocked=10 alreadyBlocked=0 totalWins=31
[hider] strip-diag: mainClientBottom=1020 viewport=[0,29,1920,1020] (coversBottom=1)
[hider] strip-occupant hwnd=00000000014F0C88 rect=[0,29,1920,1020] vis=1 chrome=0 onChain=1 qclass=QWidget
[hider] strip-occupant hwnd=0000000000670824 rect=[0,29,1920,1020] vis=1 chrome=1 onChain=1 qclass=Qtitan::DockSplitLayoutPanel
[hider] strip-occupant hwnd=0000000000B309CC rect=[0,29,1920,1020] vis=1 chrome=1 onChain=1 qclass=Qtitan::DockSplitLayoutPanel
[hider] strip-occupant hwnd=0000000000400DDE rect=[0,29,1920,1020] vis=1 chrome=1 onChain=1 qclass=Qtitan::DockSplitLayoutPanel
[hider] strip-occupant hwnd=00000000002E0C26 rect=[0,29,1920,1020] vis=1 chrome=1 onChain=1 qclass=Qtitan::DockSplitLayoutPanel
[hider] strip-occupant hwnd=00000000011F0ADA rect=[0,29,1920,1020] vis=1 chrome=1 onChain=1 qclass=Qtitan::DockDocumentLayoutPanel
[hider] strip-occupant hwnd=00000000006409B0 rect=[0,29,1920,1020] vis=1 chrome=1 onChain=1 qclass=Qtitan::DockDocumentTabbedLayoutPanel
[hider] strip-occupant hwnd=0000000000A70B46 rect=[0,29,1920,1020] vis=1 chrome=1 onChain=1 qclass=Qtitan::DockWidgetPanel
[hider] viewport = 00000000024C0BC0 qclass=RBX::Studio::QEngineWidget
[hider] pass: viewport=00000000024C0BC0 chainLen=10 newlyBlocked=0 alreadyBlocked=10 totalWins=31
[hider] strip-diag: mainClientBottom=1020 viewport=[0,29,1920,1020] (coversBottom=1)
[hider] strip-occupant hwnd=00000000014F0C88 rect=[0,29,1920,1020] vis=1 chrome=0 onChain=1 qclass=QWidget
[hider] strip-occupant hwnd=0000000000670824 rect=[0,29,1920,1020] vis=1 chrome=1 onChain=1 qclass=Qtitan::DockSplitLayoutPanel
[hider] strip-occupant hwnd=0000000000B309CC rect=[0,29,1920,1020] vis=1 chrome=1 onChain=1 qclass=Qtitan::DockSplitLayoutPanel
[hider] strip-occupant hwnd=0000000000400DDE rect=[0,29,1920,1020] vis=1 chrome=1 onChain=1 qclass=Qtitan::DockSplitLayoutPanel
[hider] strip-occupant hwnd=00000000002E0C26 rect=[0,29,1920,1020] vis=1 chrome=1 onChain=1 qclass=Qtitan::DockSplitLayoutPanel
[hider] strip-occupant hwnd=00000000011F0ADA rect=[0,29,1920,1020] vis=1 chrome=1 onChain=1 qclass=Qtitan::DockDocumentLayoutPanel
[hider] strip-occupant hwnd=00000000006409B0 rect=[0,29,1920,1020] vis=1 chrome=1 onChain=1 qclass=Qtitan::DockDocumentTabbedLayoutPanel
[hider] strip-occupant hwnd=0000000000A70B46 rect=[0,29,1920,1020] vis=1 chrome=1 onChain=1 qclass=Qtitan::DockWidgetPanel
[udp_relay] SEND magic to 127.0.0.1:25565 username='HearMeRoar'
[udp_relay] RECV magic from 127.0.0.1:56986 username='HearMeRoar' userId=0 accountAge=3650 haveId=1, patching now
[name_patcher] x64 name updated to 'HearMeRoar'
[name_patcher] relayed identity: userId=0 accountAge=3650
[udp_relay] POSTed appearance for 'HearMeRoar' (1266 chars) -> https://127.0.0.1:443 ok=1
[hider] viewport = 00000000024C0BC0 qclass=RBX::Studio::QEngineWidget
[hider] pass: viewport=00000000024C0BC0 chainLen=10 newlyBlocked=0 alreadyBlocked=10 totalWins=31
[hider] strip-diag: mainClientBottom=1020 viewport=[0,29,1920,1020] (coversBottom=1)
[hider] strip-occupant hwnd=00000000014F0C88 rect=[0,29,1920,1020] vis=1 chrome=0 onChain=1 qclass=QWidget
[hider] strip-occupant hwnd=0000000000670824 rect=[0,29,1920,1020] vis=1 chrome=1 onChain=1 qclass=Qtitan::DockSplitLayoutPanel
[hider] strip-occupant hwnd=0000000000B309CC rect=[0,29,1920,1020] vis=1 chrome=1 onChain=1 qclass=Qtitan::DockSplitLayoutPanel
[hider] strip-occupant hwnd=0000000000400DDE rect=[0,29,1920,1020] vis=1 chrome=1 onChain=1 qclass=Qtitan::DockSplitLayoutPanel
[hider] strip-occupant hwnd=00000000002E0C26 rect=[0,29,1920,1020] vis=1 chrome=1 onChain=1 qclass=Qtitan::DockSplitLayoutPanel
[hider] strip-occupant hwnd=00000000011F0ADA rect=[0,29,1920,1020] vis=1 chrome=1 onChain=1 qclass=Qtitan::DockDocumentLayoutPanel
[hider] strip-occupant hwnd=00000000006409B0 rect=[0,29,1920,1020] vis=1 chrome=1 onChain=1 qclass=Qtitan::DockDocumentTabbedLayoutPanel
[hider] strip-occupant hwnd=0000000000A70B46 rect=[0,29,1920,1020] vis=1 chrome=1 onChain=1 qclass=Qtitan::DockWidgetPanel
[hider]  hwnd=00000000014F0C88 parent=0000000001580E0E vis=1 area=1902720 chrome=0 qclass=QWidget
[hider]  hwnd=0000000001A30D46 parent=00000000014F0C88 vis=1 area=1459200 chrome=1 qclass=Qtitan::DockSplitLayoutPanel
[hider]  hwnd=0000000000750CCE parent=0000000001A30D46 vis=1 area=1459200 chrome=1 qclass=Qtitan::DockSplitLayoutPanel
[hider]  hwnd=0000000000F10BBA parent=0000000000750CCE vis=1 area=938880 chrome=1 qclass=Qtitan::DockSplitLayoutPanel
[hider]  hwnd=0000000000B409CC parent=0000000000F10BBA vis=1 area=828855 chrome=1 qclass=Qtitan::DockSplitLayoutPanel
[hider]  hwnd=0000000000410DDE parent=0000000000B409CC vis=1 area=828855 chrome=1 qclass=Qtitan::DockDocumentLayoutPanel
[hider]  hwnd=00000000002F0C26 parent=0000000000410DDE vis=1 area=828855 chrome=1 qclass=Qtitan::DockDocumentTabbedLayoutPanel
[hider]  hwnd=0000000000680824 parent=00000000002F0C26 vis=1 area=772920 chrome=1 qclass=Qtitan::DockDocumentPanel
[hider]  hwnd=00000000001D0D76 parent=0000000000680824 vis=1 area=768622 chrome=0 qclass=QStackedWidget
[hider]  hwnd=0000000000410858 parent=00000000001D0D76 vis=1 area=768622 chrome=0 qclass=QWidget
[hider]  hwnd=0000000001150882 parent=0000000000410858 vis=1 area=768622 chrome=0 qclass=QScrollArea
[hider]  hwnd=0000000000140EBA parent=0000000001150882 vis=1 area=757912 chrome=0 qclass=QWidget
[hider]  hwnd=0000000000140C9C parent=0000000000140EBA vis=1 area=757912 chrome=0 qclass=QWidget
[hider]  hwnd=0000000000360C92 parent=0000000000140C9C vis=1 area=757912 chrome=0 qclass=QWidget
[hider]  hwnd=0000000000750DB8 parent=0000000000360C92 vis=1 area=757912 chrome=0 qclass=RBX::Studio::QEngineWidget
[hider]  hwnd=0000000000310DB4 parent=0000000000750DB8 vis=0 area=4750 chrome=0 qclass=QLabel
[hider]  hwnd=0000000000180DD6 parent=0000000000750DB8 vis=0 area=4750 chrome=0 qclass=QLabel
[hider]  hwnd=0000000000310ED8 parent=0000000000F10BBA vis=1 area=108069 chrome=1 qclass=Qtitan::DockSplitLayoutPanel
[hider]  hwnd=0000000000A80B46 parent=0000000000310ED8 vis=1 area=65195 chrome=1 qclass=Qtitan::DockTabbedLayoutPanel
[hider]  hwnd=0000000001200ADA parent=0000000000A80B46 vis=1 area=65416 chrome=1 qclass=Qtitan::DockWidgetPanel
[hider]  hwnd=00000000006509B0 parent=0000000001200ADA vis=1 area=58035 chrome=0 qclass=RBX::Studio::QEngineWidget
[hider]  hwnd=0000000000E10E1E parent=0000000000310ED8 vis=1 area=41990 chrome=1 qclass=Qtitan::DockTabbedLayoutPanel
[hider]  hwnd=00000000006F0B8C parent=0000000000E10E1E vis=0 area=0 chrome=1 qclass=Qtitan::DockWidgetPanel
[hider]  hwnd=0000000000CD0D5C parent=0000000000750CCE vis=1 area=514560 chrome=1 qclass=Qtitan::DockSplitLayoutPanel
[hider]  hwnd=00000000017908D2 parent=0000000000CD0D5C vis=1 area=514560 chrome=1 qclass=Qtitan::DockTabbedLayoutPanel
[hider]  hwnd=0000000000700A78 parent=00000000017908D2 vis=0 area=0 chrome=1 qclass=Qtitan::DockWidgetPanel
[hider]  hwnd=0000000000230D40 parent=0000000001580E0E vis=1 area=278400 chrome=0 qclass=RBX::Studio::TopBar
[hider]  hwnd=0000000000B3086E parent=0000000000230D40 vis=1 area=228480 chrome=0 qclass=PluginPanelCustom
[hider]  hwnd=0000000000240CD8 parent=0000000000B3086E vis=1 area=228480 chrome=0 qclass=RBX::Studio::QEngineWidget
[hider]  hwnd=0000000002FC0DAA parent=0000000001580E0E vis=0 area=0 chrome=1 qclass=Qtitan::DockWidgetPanel
[hider]  hwnd=0000000000CA09CA parent=0000000001580E0E vis=0 area=0 chrome=1 qclass=Qtitan::DockWidgetPanel
[hider]  hwnd=000000000087084C parent=0000000001580E0E vis=0 area=0 chrome=1 qclass=Qtitan::DockWidgetPanel
[hider]  hwnd=00000000018605EA parent=0000000001580E0E vis=0 area=0 chrome=1 qclass=Qtitan::DockWidgetPanel
[hider]  hwnd=0000000000850AD0 parent=0000000001580E0E vis=0 area=0 chrome=1 qclass=Qtitan::DockWidgetPanel
[hider]  hwnd=0000000002E007D0 parent=0000000001580E0E vis=0 area=0 chrome=1 qclass=Qtitan::DockWidgetPanel
[hider]  hwnd=00000000001A0D92 parent=0000000001580E0E vis=0 area=0 chrome=1 qclass=Qtitan::DockWidgetPanel
[hider]  hwnd=0000000000130E08 parent=0000000001580E0E vis=0 area=0 chrome=1 qclass=Qtitan::DockWidgetPanel
[hider] viewport = 0000000000750DB8 qclass=RBX::Studio::QEngineWidget
[hider] pass: viewport=0000000000750DB8 chainLen=16 newlyBlocked=6 alreadyBlocked=10 totalWins=37
[hider] strip-diag: mainClientBottom=1020 viewport=[0,29,1920,1020] (coversBottom=1)
[hider] strip-occupant hwnd=00000000014F0C88 rect=[0,29,1920,1020] vis=1 chrome=0 onChain=1 qclass=QWidget
[hider] strip-occupant hwnd=0000000001A30D46 rect=[0,29,1920,1020] vis=1 chrome=1 onChain=1 qclass=Qtitan::DockSplitLayoutPanel
[hider] strip-occupant hwnd=0000000000750CCE rect=[0,29,1920,1020] vis=1 chrome=1 onChain=1 qclass=Qtitan::DockSplitLayoutPanel
[hider] strip-occupant hwnd=0000000000F10BBA rect=[0,29,1920,1020] vis=1 chrome=1 onChain=1 qclass=Qtitan::DockSplitLayoutPanel
[hider] strip-occupant hwnd=0000000000B409CC rect=[0,29,1920,1020] vis=1 chrome=1 onChain=1 qclass=Qtitan::DockSplitLayoutPanel
[hider] strip-occupant hwnd=0000000000410DDE rect=[0,29,1920,1020] vis=1 chrome=1 onChain=1 qclass=Qtitan::DockDocumentLayoutPanel
[hider] strip-occupant hwnd=00000000002F0C26 rect=[0,29,1920,1020] vis=1 chrome=1 onChain=1 qclass=Qtitan::DockDocumentTabbedLayoutPanel
[hider] strip-occupant hwnd=0000000000680824 rect=[0,29,1920,1020] vis=1 chrome=1 onChain=1 qclass=Qtitan::DockDocumentPanel
[hider] strip-occupant hwnd=00000000001D0D76 rect=[0,29,1920,1020] vis=1 chrome=0 onChain=1 qclass=QStackedWidget
[hider] strip-occupant hwnd=0000000000410858 rect=[0,29,1920,1020] vis=1 chrome=0 onChain=1 qclass=QWidget
[hider] strip-occupant hwnd=0000000001150882 rect=[0,29,1920,1020] vis=1 chrome=0 onChain=1 qclass=QScrollArea
[hider] strip-occupant hwnd=0000000000140EBA rect=[0,29,1920,1020] vis=1 chrome=0 onChain=1 qclass=QWidget
[hider] strip-occupant hwnd=0000000000140C9C rect=[0,29,1920,1020] vis=1 chrome=0 onChain=1 qclass=QWidget
[hider] strip-occupant hwnd=0000000000360C92 rect=[0,29,1920,1020] vis=1 chrome=0 onChain=1 qclass=QWidget
[hider] viewport = 0000000000750DB8 qclass=RBX::Studio::QEngineWidget
[hider] pass: viewport=0000000000750DB8 chainLen=16 newlyBlocked=0 alreadyBlocked=16 totalWins=37
[hider] strip-diag: mainClientBottom=1020 viewport=[0,29,1920,1020] (coversBottom=1)
[hider] strip-occupant hwnd=00000000014F0C88 rect=[0,29,1920,1020] vis=1 chrome=0 onChain=1 qclass=QWidget
[hider] strip-occupant hwnd=0000000001A30D46 rect=[0,29,1920,1020] vis=1 chrome=1 onChain=1 qclass=Qtitan::DockSplitLayoutPanel
[hider] strip-occupant hwnd=0000000000750CCE rect=[0,29,1920,1020] vis=1 chrome=1 onChain=1 qclass=Qtitan::DockSplitLayoutPanel
[hider] strip-occupant hwnd=0000000000F10BBA rect=[0,29,1920,1020] vis=1 chrome=1 onChain=1 qclass=Qtitan::DockSplitLayoutPanel
[hider] strip-occupant hwnd=0000000000B409CC rect=[0,29,1920,1020] vis=1 chrome=1 onChain=1 qclass=Qtitan::DockSplitLayoutPanel
[hider] strip-occupant hwnd=0000000000410DDE rect=[0,29,1920,1020] vis=1 chrome=1 onChain=1 qclass=Qtitan::DockDocumentLayoutPanel
[hider] strip-occupant hwnd=00000000002F0C26 rect=[0,29,1920,1020] vis=1 chrome=1 onChain=1 qclass=Qtitan::DockDocumentTabbedLayoutPanel
[hider] strip-occupant hwnd=0000000000680824 rect=[0,29,1920,1020] vis=1 chrome=1 onChain=1 qclass=Qtitan::DockDocumentPanel
[hider] strip-occupant hwnd=00000000001D0D76 rect=[0,29,1920,1020] vis=1 chrome=0 onChain=1 qclass=QStackedWidget
[hider] strip-occupant hwnd=0000000000410858 rect=[0,29,1920,1020] vis=1 chrome=0 onChain=1 qclass=QWidget
[hider] strip-occupant hwnd=0000000001150882 rect=[0,29,1920,1020] vis=1 chrome=0 onChain=1 qclass=QScrollArea
[hider] strip-occupant hwnd=0000000000140EBA rect=[0,29,1920,1020] vis=1 chrome=0 onChain=1 qclass=QWidget
[hider] strip-occupant hwnd=0000000000140C9C rect=[0,29,1920,1020] vis=1 chrome=0 onChain=1 qclass=QWidget
[hider] strip-occupant hwnd=0000000000360C92 rect=[0,29,1920,1020] vis=1 chrome=0 onChain=1 qclass=QWidget
[hider] viewport = 0000000000750DB8 qclass=RBX::Studio::QEngineWidget
[hider] pass: viewport=0000000000750DB8 chainLen=16 newlyBlocked=0 alreadyBlocked=16 totalWins=37
[hider] strip-diag: mainClientBottom=1020 viewport=[0,29,1920,1020] (coversBottom=1)
[hider] strip-occupant hwnd=00000000014F0C88 rect=[0,29,1920,1020] vis=1 chrome=0 onChain=1 qclass=QWidget
[hider] strip-occupant hwnd=0000000001A30D46 rect=[0,29,1920,1020] vis=1 chrome=1 onChain=1 qclass=Qtitan::DockSplitLayoutPanel
[hider] strip-occupant hwnd=0000000000750CCE rect=[0,29,1920,1020] vis=1 chrome=1 onChain=1 qclass=Qtitan::DockSplitLayoutPanel
[hider] strip-occupant hwnd=0000000000F10BBA rect=[0,29,1920,1020] vis=1 chrome=1 onChain=1 qclass=Qtitan::DockSplitLayoutPanel
[hider] strip-occupant hwnd=0000000000B409CC rect=[0,29,1920,1020] vis=1 chrome=1 onChain=1 qclass=Qtitan::DockSplitLayoutPanel
[hider] strip-occupant hwnd=0000000000410DDE rect=[0,29,1920,1020] vis=1 chrome=1 onChain=1 qclass=Qtitan::DockDocumentLayoutPanel
[hider] strip-occupant hwnd=00000000002F0C26 rect=[0,29,1920,1020] vis=1 chrome=1 onChain=1 qclass=Qtitan::DockDocumentTabbedLayoutPanel
[hider] strip-occupant hwnd=0000000000680824 rect=[0,29,1920,1020] vis=1 chrome=1 onChain=1 qclass=Qtitan::DockDocumentPanel
[hider] strip-occupant hwnd=00000000001D0D76 rect=[0,29,1920,1020] vis=1 chrome=0 onChain=1 qclass=QStackedWidget
[hider] strip-occupant hwnd=0000000000410858 rect=[0,29,1920,1020] vis=1 chrome=0 onChain=1 qclass=QWidget
[hider] strip-occupant hwnd=0000000001150882 rect=[0,29,1920,1020] vis=1 chrome=0 onChain=1 qclass=QScrollArea
[hider] strip-occupant hwnd=0000000000140EBA rect=[0,29,1920,1020] vis=1 chrome=0 onChain=1 qclass=QWidget
[hider] strip-occupant hwnd=0000000000140C9C rect=[0,29,1920,1020] vis=1 chrome=0 onChain=1 qclass=QWidget
[hider] strip-occupant hwnd=0000000000360C92 rect=[0,29,1920,1020] vis=1 chrome=0 onChain=1 qclass=QWidget
[hider] viewport = 0000000000750DB8 qclass=RBX::Studio::QEngineWidget
[hider] pass: viewport=0000000000750DB8 chainLen=16 newlyBlocked=0 alreadyBlocked=16 totalWins=37
[hider] strip-diag: mainClientBottom=1020 viewport=[0,29,1920,1020] (coversBottom=1)
[hider] strip-occupant hwnd=00000000014F0C88 rect=[0,29,1920,1020] vis=1 chrome=0 onChain=1 qclass=QWidget
[hider] strip-occupant hwnd=0000000001A30D46 rect=[0,29,1920,1020] vis=1 chrome=1 onChain=1 qclass=Qtitan::DockSplitLayoutPanel
[hider] strip-occupant hwnd=0000000000750CCE rect=[0,29,1920,1020] vis=1 chrome=1 onChain=1 qclass=Qtitan::DockSplitLayoutPanel
[hider] strip-occupant hwnd=0000000000F10BBA rect=[0,29,1920,1020] vis=1 chrome=1 onChain=1 qclass=Qtitan::DockSplitLayoutPanel
[hider] strip-occupant hwnd=0000000000B409CC rect=[0,29,1920,1020] vis=1 chrome=1 onChain=1 qclass=Qtitan::DockSplitLayoutPanel
[hider] strip-occupant hwnd=0000000000410DDE rect=[0,29,1920,1020] vis=1 chrome=1 onChain=1 qclass=Qtitan::DockDocumentLayoutPanel
[hider] strip-occupant hwnd=00000000002F0C26 rect=[0,29,1920,1020] vis=1 chrome=1 onChain=1 qclass=Qtitan::DockDocumentTabbedLayoutPanel
[hider] strip-occupant hwnd=0000000000680824 rect=[0,29,1920,1020] vis=1 chrome=1 onChain=1 qclass=Qtitan::DockDocumentPanel
[hider] strip-occupant hwnd=00000000001D0D76 rect=[0,29,1920,1020] vis=1 chrome=0 onChain=1 qclass=QStackedWidget
[hider] strip-occupant hwnd=0000000000410858 rect=[0,29,1920,1020] vis=1 chrome=0 onChain=1 qclass=QWidget
[hider] strip-occupant hwnd=0000000001150882 rect=[0,29,1920,1020] vis=1 chrome=0 onChain=1 qclass=QScrollArea
[hider] strip-occupant hwnd=0000000000140EBA rect=[0,29,1920,1020] vis=1 chrome=0 onChain=1 qclass=QWidget
[hider] strip-occupant hwnd=0000000000140C9C rect=[0,29,1920,1020] vis=1 chrome=0 onChain=1 qclass=QWidget
[hider] strip-occupant hwnd=0000000000360C92 rect=[0,29,1920,1020] vis=1 chrome=0 onChain=1 qclass=QWidget
[hider] viewport = 0000000000750DB8 qclass=RBX::Studio::QEngineWidget
[hider] pass: viewport=0000000000750DB8 chainLen=16 newlyBlocked=0 alreadyBlocked=16 totalWins=37
[hider] strip-diag: mainClientBottom=1020 viewport=[0,29,1920,1020] (coversBottom=1)
[hider] strip-occupant hwnd=00000000014F0C88 rect=[0,29,1920,1020] vis=1 chrome=0 onChain=1 qclass=QWidget
[hider] strip-occupant hwnd=0000000001A30D46 rect=[0,29,1920,1020] vis=1 chrome=1 onChain=1 qclass=Qtitan::DockSplitLayoutPanel
[hider] strip-occupant hwnd=0000000000750CCE rect=[0,29,1920,1020] vis=1 chrome=1 onChain=1 qclass=Qtitan::DockSplitLayoutPanel
[hider] strip-occupant hwnd=0000000000F10BBA rect=[0,29,1920,1020] vis=1 chrome=1 onChain=1 qclass=Qtitan::DockSplitLayoutPanel
[hider] strip-occupant hwnd=0000000000B409CC rect=[0,29,1920,1020] vis=1 chrome=1 onChain=1 qclass=Qtitan::DockSplitLayoutPanel
[hider] strip-occupant hwnd=0000000000410DDE rect=[0,29,1920,1020] vis=1 chrome=1 onChain=1 qclass=Qtitan::DockDocumentLayoutPanel
[hider] strip-occupant hwnd=00000000002F0C26 rect=[0,29,1920,1020] vis=1 chrome=1 onChain=1 qclass=Qtitan::DockDocumentTabbedLayoutPanel
[hider] strip-occupant hwnd=0000000000680824 rect=[0,29,1920,1020] vis=1 chrome=1 onChain=1 qclass=Qtitan::DockDocumentPanel
[hider] strip-occupant hwnd=00000000001D0D76 rect=[0,29,1920,1020] vis=1 chrome=0 onChain=1 qclass=QStackedWidget
[hider] strip-occupant hwnd=0000000000410858 rect=[0,29,1920,1020] vis=1 chrome=0 onChain=1 qclass=QWidget
[hider] strip-occupant hwnd=0000000001150882 rect=[0,29,1920,1020] vis=1 chrome=0 onChain=1 qclass=QScrollArea
[hider] strip-occupant hwnd=0000000000140EBA rect=[0,29,1920,1020] vis=1 chrome=0 onChain=1 qclass=QWidget
[hider] strip-occupant hwnd=0000000000140C9C rect=[0,29,1920,1020] vis=1 chrome=0 onChain=1 qclass=QWidget
[hider] strip-occupant hwnd=0000000000360C92 rect=[0,29,1920,1020] vis=1 chrome=0 onChain=1 qclass=QWidget
[hider] viewport = 0000000000750DB8 qclass=RBX::Studio::QEngineWidget
[hider] pass: viewport=0000000000750DB8 chainLen=16 newlyBlocked=0 alreadyBlocked=16 totalWins=37
[hider] strip-diag: mainClientBottom=1020 viewport=[0,29,1920,1020] (coversBottom=1)
[hider] strip-occupant hwnd=00000000014F0C88 rect=[0,29,1920,1020] vis=1 chrome=0 onChain=1 qclass=QWidget
[hider] strip-occupant hwnd=0000000001A30D46 rect=[0,29,1920,1020] vis=1 chrome=1 onChain=1 qclass=Qtitan::DockSplitLayoutPanel
[hider] strip-occupant hwnd=0000000000750CCE rect=[0,29,1920,1020] vis=1 chrome=1 onChain=1 qclass=Qtitan::DockSplitLayoutPanel
[hider] strip-occupant hwnd=0000000000F10BBA rect=[0,29,1920,1020] vis=1 chrome=1 onChain=1 qclass=Qtitan::DockSplitLayoutPanel
[hider] strip-occupant hwnd=0000000000B409CC rect=[0,29,1920,1020] vis=1 chrome=1 onChain=1 qclass=Qtitan::DockSplitLayoutPanel
[hider] strip-occupant hwnd=0000000000410DDE rect=[0,29,1920,1020] vis=1 chrome=1 onChain=1 qclass=Qtitan::DockDocumentLayoutPanel
[hider] strip-occupant hwnd=00000000002F0C26 rect=[0,29,1920,1020] vis=1 chrome=1 onChain=1 qclass=Qtitan::DockDocumentTabbedLayoutPanel
[hider] strip-occupant hwnd=0000000000680824 rect=[0,29,1920,1020] vis=1 chrome=1 onChain=1 qclass=Qtitan::DockDocumentPanel
[hider] strip-occupant hwnd=00000000001D0D76 rect=[0,29,1920,1020] vis=1 chrome=0 onChain=1 qclass=QStackedWidget
[hider] strip-occupant hwnd=0000000000410858 rect=[0,29,1920,1020] vis=1 chrome=0 onChain=1 qclass=QWidget
[hider] strip-occupant hwnd=0000000001150882 rect=[0,29,1920,1020] vis=1 chrome=0 onChain=1 qclass=QScrollArea
[hider] strip-occupant hwnd=0000000000140EBA rect=[0,29,1920,1020] vis=1 chrome=0 onChain=1 qclass=QWidget
[hider] strip-occupant hwnd=0000000000140C9C rect=[0,29,1920,1020] vis=1 chrome=0 onChain=1 qclass=QWidget
[hider] strip-occupant hwnd=0000000000360C92 rect=[0,29,1920,1020] vis=1 chrome=0 onChain=1 qclass=QWidget
[hider] viewport = 0000000000750DB8 qclass=RBX::Studio::QEngineWidget
[hider] pass: viewport=0000000000750DB8 chainLen=16 newlyBlocked=0 alreadyBlocked=16 totalWins=37
[hider] strip-diag: mainClientBottom=1020 viewport=[0,29,1920,1020] (coversBottom=1)
[hider] strip-occupant hwnd=00000000014F0C88 rect=[0,29,1920,1020] vis=1 chrome=0 onChain=1 qclass=QWidget
[hider] strip-occupant hwnd=0000000001A30D46 rect=[0,29,1920,1020] vis=1 chrome=1 onChain=1 qclass=Qtitan::DockSplitLayoutPanel
[hider] strip-occupant hwnd=0000000000750CCE rect=[0,29,1920,1020] vis=1 chrome=1 onChain=1 qclass=Qtitan::DockSplitLayoutPanel
[hider] strip-occupant hwnd=0000000000F10BBA rect=[0,29,1920,1020] vis=1 chrome=1 onChain=1 qclass=Qtitan::DockSplitLayoutPanel
[hider] strip-occupant hwnd=0000000000B409CC rect=[0,29,1920,1020] vis=1 chrome=1 onChain=1 qclass=Qtitan::DockSplitLayoutPanel
[hider] strip-occupant hwnd=0000000000410DDE rect=[0,29,1920,1020] vis=1 chrome=1 onChain=1 qclass=Qtitan::DockDocumentLayoutPanel
[hider] strip-occupant hwnd=00000000002F0C26 rect=[0,29,1920,1020] vis=1 chrome=1 onChain=1 qclass=Qtitan::DockDocumentTabbedLayoutPanel
[hider] strip-occupant hwnd=0000000000680824 rect=[0,29,1920,1020] vis=1 chrome=1 onChain=1 qclass=Qtitan::DockDocumentPanel
[hider] strip-occupant hwnd=00000000001D0D76 rect=[0,29,1920,1020] vis=1 chrome=0 onChain=1 qclass=QStackedWidget
[hider] strip-occupant hwnd=0000000000410858 rect=[0,29,1920,1020] vis=1 chrome=0 onChain=1 qclass=QWidget
[hider] strip-occupant hwnd=0000000001150882 rect=[0,29,1920,1020] vis=1 chrome=0 onChain=1 qclass=QScrollArea
[hider] strip-occupant hwnd=0000000000140EBA rect=[0,29,1920,1020] vis=1 chrome=0 onChain=1 qclass=QWidget
[hider] strip-occupant hwnd=0000000000140C9C rect=[0,29,1920,1020] vis=1 chrome=0 onChain=1 qclass=QWidget
[hider] strip-occupant hwnd=0000000000360C92 rect=[0,29,1920,1020] vis=1 chrome=0 onChain=1 qclass=QWidget
[hider] viewport = 0000000000750DB8 qclass=RBX::Studio::QEngineWidget
[hider] pass: viewport=0000000000750DB8 chainLen=16 newlyBlocked=0 alreadyBlocked=16 totalWins=37
[hider] strip-diag: mainClientBottom=1020 viewport=[0,29,1920,1020] (coversBottom=1)
[hider] strip-occupant hwnd=00000000014F0C88 rect=[0,29,1920,1020] vis=1 chrome=0 onChain=1 qclass=QWidget
[hider] strip-occupant hwnd=0000000001A30D46 rect=[0,29,1920,1020] vis=1 chrome=1 onChain=1 qclass=Qtitan::DockSplitLayoutPanel
[hider] strip-occupant hwnd=0000000000750CCE rect=[0,29,1920,1020] vis=1 chrome=1 onChain=1 qclass=Qtitan::DockSplitLayoutPanel
[hider] strip-occupant hwnd=0000000000F10BBA rect=[0,29,1920,1020] vis=1 chrome=1 onChain=1 qclass=Qtitan::DockSplitLayoutPanel
[hider] strip-occupant hwnd=0000000000B409CC rect=[0,29,1920,1020] vis=1 chrome=1 onChain=1 qclass=Qtitan::DockSplitLayoutPanel
[hider] strip-occupant hwnd=0000000000410DDE rect=[0,29,1920,1020] vis=1 chrome=1 onChain=1 qclass=Qtitan::DockDocumentLayoutPanel
[hider] strip-occupant hwnd=00000000002F0C26 rect=[0,29,1920,1020] vis=1 chrome=1 onChain=1 qclass=Qtitan::DockDocumentTabbedLayoutPanel
[hider] strip-occupant hwnd=0000000000680824 rect=[0,29,1920,1020] vis=1 chrome=1 onChain=1 qclass=Qtitan::DockDocumentPanel
[hider] strip-occupant hwnd=00000000001D0D76 rect=[0,29,1920,1020] vis=1 chrome=0 onChain=1 qclass=QStackedWidget
[hider] strip-occupant hwnd=0000000000410858 rect=[0,29,1920,1020] vis=1 chrome=0 onChain=1 qclass=QWidget
[hider] strip-occupant hwnd=0000000001150882 rect=[0,29,1920,1020] vis=1 chrome=0 onChain=1 qclass=QScrollArea
[hider] strip-occupant hwnd=0000000000140EBA rect=[0,29,1920,1020] vis=1 chrome=0 onChain=1 qclass=QWidget
[hider] strip-occupant hwnd=0000000000140C9C rect=[0,29,1920,1020] vis=1 chrome=0 onChain=1 qclass=QWidget
[hider] strip-occupant hwnd=0000000000360C92 rect=[0,29,1920,1020] vis=1 chrome=0 onChain=1 qclass=QWidget
[hider] viewport = 0000000000750DB8 qclass=RBX::Studio::QEngineWidget
[hider] pass: viewport=0000000000750DB8 chainLen=16 newlyBlocked=0 alreadyBlocked=16 totalWins=37
[hider] strip-diag: mainClientBottom=1020 viewport=[0,29,1920,1020] (coversBottom=1)
[hider] strip-occupant hwnd=00000000014F0C88 rect=[0,29,1920,1020] vis=1 chrome=0 onChain=1 qclass=QWidget
[hider] strip-occupant hwnd=0000000001A30D46 rect=[0,29,1920,1020] vis=1 chrome=1 onChain=1 qclass=Qtitan::DockSplitLayoutPanel
[hider] strip-occupant hwnd=0000000000750CCE rect=[0,29,1920,1020] vis=1 chrome=1 onChain=1 qclass=Qtitan::DockSplitLayoutPanel
[hider] strip-occupant hwnd=0000000000F10BBA rect=[0,29,1920,1020] vis=1 chrome=1 onChain=1 qclass=Qtitan::DockSplitLayoutPanel
[hider] strip-occupant hwnd=0000000000B409CC rect=[0,29,1920,1020] vis=1 chrome=1 onChain=1 qclass=Qtitan::DockSplitLayoutPanel
[hider] strip-occupant hwnd=0000000000410DDE rect=[0,29,1920,1020] vis=1 chrome=1 onChain=1 qclass=Qtitan::DockDocumentLayoutPanel
[hider] strip-occupant hwnd=00000000002F0C26 rect=[0,29,1920,1020] vis=1 chrome=1 onChain=1 qclass=Qtitan::DockDocumentTabbedLayoutPanel
[hider] strip-occupant hwnd=0000000000680824 rect=[0,29,1920,1020] vis=1 chrome=1 onChain=1 qclass=Qtitan::DockDocumentPanel
[hider] strip-occupant hwnd=00000000001D0D76 rect=[0,29,1920,1020] vis=1 chrome=0 onChain=1 qclass=QStackedWidget
[hider] strip-occupant hwnd=0000000000410858 rect=[0,29,1920,1020] vis=1 chrome=0 onChain=1 qclass=QWidget
[hider] strip-occupant hwnd=0000000001150882 rect=[0,29,1920,1020] vis=1 chrome=0 onChain=1 qclass=QScrollArea
[hider] strip-occupant hwnd=0000000000140EBA rect=[0,29,1920,1020] vis=1 chrome=0 onChain=1 qclass=QWidget
[hider] strip-occupant hwnd=0000000000140C9C rect=[0,29,1920,1020] vis=1 chrome=0 onChain=1 qclass=QWidget
[hider] strip-occupant hwnd=0000000000360C92 rect=[0,29,1920,1020] vis=1 chrome=0 onChain=1 qclass=QWidget
[hider] viewport = 0000000000750DB8 qclass=RBX::Studio::QEngineWidget
[hider] pass: viewport=0000000000750DB8 chainLen=16 newlyBlocked=0 alreadyBlocked=16 totalWins=37
[hider] viewport = 0000000000750DB8 qclass=RBX::Studio::QEngineWidget
[hider] pass: viewport=0000000000750DB8 chainLen=16 newlyBlocked=0 alreadyBlocked=16 totalWins=37
[hider] viewport = 0000000000750DB8 qclass=RBX::Studio::QEngineWidget
[hider] pass: viewport=0000000000750DB8 chainLen=16 newlyBlocked=0 alreadyBlocked=16 totalWins=37
[hider] viewport = 0000000000750DB8 qclass=RBX::Studio::QEngineWidget
[hider] pass: viewport=0000000000750DB8 chainLen=16 newlyBlocked=0 alreadyBlocked=16 totalWins=37
[hider] viewport = 0000000000750DB8 qclass=RBX::Studio::QEngineWidget
[hider] pass: viewport=0000000000750DB8 chainLen=16 newlyBlocked=0 alreadyBlocked=16 totalWins=37
[hider] viewport = 0000000000750DB8 qclass=RBX::Studio::QEngineWidget
[hider] pass: viewport=0000000000750DB8 chainLen=16 newlyBlocked=0 alreadyBlocked=16 totalWins=37
[hider] viewport = 0000000000750DB8 qclass=RBX::Studio::QEngineWidget
[hider] pass: viewport=0000000000750DB8 chainLen=16 newlyBlocked=0 alreadyBlocked=16 totalWins=37
[hider] viewport = 0000000000750DB8 qclass=RBX::Studio::QEngineWidget
[hider] pass: viewport=0000000000750DB8 chainLen=16 newlyBlocked=0 alreadyBlocked=16 totalWins=37
[hider] viewport = 0000000000750DB8 qclass=RBX::Studio::QEngineWidget
[hider] pass: viewport=0000000000750DB8 chainLen=16 newlyBlocked=0 alreadyBlocked=16 totalWins=37
[hider] viewport = 0000000000750DB8 qclass=RBX::Studio::QEngineWidget
[hider] pass: viewport=0000000000750DB8 chainLen=16 newlyBlocked=0 alreadyBlocked=16 totalWins=37
[hider] viewport = 0000000000750DB8 qclass=RBX::Studio::QEngineWidget
[hider] pass: viewport=0000000000750DB8 chainLen=16 newlyBlocked=0 alreadyBlocked=16 totalWins=37
[hider] viewport = 0000000000750DB8 qclass=RBX::Studio::QEngineWidget
[hider] pass: viewport=0000000000750DB8 chainLen=16 newlyBlocked=0 alreadyBlocked=16 totalWins=37
[hider] viewport = 0000000000750DB8 qclass=RBX::Studio::QEngineWidget
[hider] pass: viewport=0000000000750DB8 chainLen=16 newlyBlocked=0 alreadyBlocked=16 totalWins=37
[hider] viewport = 0000000000750DB8 qclass=RBX::Studio::QEngineWidget
[hider] pass: viewport=0000000000750DB8 chainLen=16 newlyBlocked=0 alreadyBlocked=16 totalWins=37
[hider] viewport = 0000000000750DB8 qclass=RBX::Studio::QEngineWidget
[hider] pass: viewport=0000000000750DB8 chainLen=16 newlyBlocked=0 alreadyBlocked=16 totalWins=37
[hider] viewport = 0000000000750DB8 qclass=RBX::Studio::QEngineWidget
[hider] pass: viewport=0000000000750DB8 chainLen=16 newlyBlocked=0 alreadyBlocked=16 totalWins=37
[hider] viewport = 0000000000750DB8 qclass=RBX::Studio::QEngineWidget
[hider] pass: viewport=0000000000750DB8 chainLen=16 newlyBlocked=0 alreadyBlocked=16 totalWins=37
[hider] viewport = 0000000000750DB8 qclass=RBX::Studio::QEngineWidget
[hider] pass: viewport=0000000000750DB8 chainLen=16 newlyBlocked=0 alreadyBlocked=16 totalWins=37
[hider] viewport = 0000000000750DB8 qclass=RBX::Studio::QEngineWidget
[hider] pass: viewport=0000000000750DB8 chainLen=16 newlyBlocked=0 alreadyBlocked=16 totalWins=37
[hider] viewport = 0000000000750DB8 qclass=RBX::Studio::QEngineWidget
[hider] pass: viewport=0000000000750DB8 chainLen=16 newlyBlocked=0 alreadyBlocked=16 totalWins=37
[hider] viewport = 0000000000750DB8 qclass=RBX::Studio::QEngineWidget
[hider] pass: viewport=0000000000750DB8 chainLen=16 newlyBlocked=0 alreadyBlocked=16 totalWins=37
[hider] viewport = 0000000000750DB8 qclass=RBX::Studio::QEngineWidget
[hider] pass: viewport=0000000000750DB8 chainLen=16 newlyBlocked=0 alreadyBlocked=16 totalWins=37
[hider] viewport = 0000000000750DB8 qclass=RBX::Studio::QEngineWidget
[hider] pass: viewport=0000000000750DB8 chainLen=16 newlyBlocked=0 alreadyBlocked=16 totalWins=37
[hider] viewport = 0000000000750DB8 qclass=RBX::Studio::QEngineWidget
[hider] pass: viewport=0000000000750DB8 chainLen=16 newlyBlocked=0 alreadyBlocked=16 totalWins=37
[hider] viewport = 0000000000750DB8 qclass=RBX::Studio::QEngineWidget
[hider] pass: viewport=0000000000750DB8 chainLen=16 newlyBlocked=0 alreadyBlocked=16 totalWins=37
[hider] viewport = 0000000000750DB8 qclass=RBX::Studio::QEngineWidget
[hider] pass: viewport=0000000000750DB8 chainLen=16 newlyBlocked=0 alreadyBlocked=16 totalWins=37
[hider] viewport = 0000000000750DB8 qclass=RBX::Studio::QEngineWidget
[hider] pass: viewport=0000000000750DB8 chainLen=16 newlyBlocked=0 alreadyBlocked=16 totalWins=37
[hider] viewport = 0000000000750DB8 qclass=RBX::Studio::QEngineWidget
[hider] pass: viewport=0000000000750DB8 chainLen=16 newlyBlocked=0 alreadyBlocked=16 totalWins=37
[hider] viewport = 0000000000750DB8 qclass=RBX::Studio::QEngineWidget
[hider] pass: viewport=0000000000750DB8 chainLen=16 newlyBlocked=0 alreadyBlocked=16 totalWins=37
[hider] viewport = 0000000000750DB8 qclass=RBX::Studio::QEngineWidget
[hider] pass: viewport=0000000000750DB8 chainLen=16 newlyBlocked=0 alreadyBlocked=16 totalWins=37
[hider] viewport = 0000000000750DB8 qclass=RBX::Studio::QEngineWidget
[hider] pass: viewport=0000000000750DB8 chainLen=16 newlyBlocked=0 alreadyBlocked=16 totalWins=37
[hider] viewport = 0000000000750DB8 qclass=RBX::Studio::QEngineWidget
[hider] pass: viewport=0000000000750DB8 chainLen=16 newlyBlocked=0 alreadyBlocked=16 totalWins=37
[hider] viewport = 0000000000750DB8 qclass=RBX::Studio::QEngineWidget
[hider] pass: viewport=0000000000750DB8 chainLen=16 newlyBlocked=0 alreadyBlocked=16 totalWins=37
[hider] viewport = 0000000000750DB8 qclass=RBX::Studio::QEngineWidget
[hider] pass: viewport=0000000000750DB8 chainLen=16 newlyBlocked=0 alreadyBlocked=16 totalWins=37
[hider] viewport = 0000000000750DB8 qclass=RBX::Studio::QEngineWidget
[hider] pass: viewport=0000000000750DB8 chainLen=16 newlyBlocked=0 alreadyBlocked=16 totalWins=37
[hider] viewport = 0000000000750DB8 qclass=RBX::Studio::QEngineWidget
[hider] pass: viewport=0000000000750DB8 chainLen=16 newlyBlocked=0 alreadyBlocked=16 totalWins=37
[hider] viewport = 0000000000750DB8 qclass=RBX::Studio::QEngineWidget
[hider] pass: viewport=0000000000750DB8 chainLen=16 newlyBlocked=0 alreadyBlocked=16 totalWins=37
[hider] viewport = 0000000000750DB8 qclass=RBX::Studio::QEngineWidget
[hider] pass: viewport=0000000000750DB8 chainLen=16 newlyBlocked=0 alreadyBlocked=16 totalWins=37
[hider] viewport = 0000000000750DB8 qclass=RBX::Studio::QEngineWidget
[hider] pass: viewport=0000000000750DB8 chainLen=16 newlyBlocked=0 alreadyBlocked=16 totalWins=37
[hider] viewport = 0000000000750DB8 qclass=RBX::Studio::QEngineWidget
[hider] pass: viewport=0000000000750DB8 chainLen=16 newlyBlocked=0 alreadyBlocked=16 totalWins=37
[hider] viewport = 0000000000750DB8 qclass=RBX::Studio::QEngineWidget
[hider] pass: viewport=0000000000750DB8 chainLen=16 newlyBlocked=0 alreadyBlocked=16 totalWins=37
[hider] viewport = 0000000000750DB8 qclass=RBX::Studio::QEngineWidget
[hider] pass: viewport=0000000000750DB8 chainLen=16 newlyBlocked=0 alreadyBlocked=16 totalWins=37
[hider] viewport = 0000000000750DB8 qclass=RBX::Studio::QEngineWidget
[hider] pass: viewport=0000000000750DB8 chainLen=16 newlyBlocked=0 alreadyBlocked=16 totalWins=37
[hider] viewport = 0000000000750DB8 qclass=RBX::Studio::QEngineWidget
[hider] pass: viewport=0000000000750DB8 chainLen=16 newlyBlocked=0 alreadyBlocked=16 totalWins=37
[hider] viewport = 0000000000750DB8 qclass=RBX::Studio::QEngineWidget
[hider] pass: viewport=0000000000750DB8 chainLen=16 newlyBlocked=0 alreadyBlocked=16 totalWins=37
[hider] viewport = 0000000000750DB8 qclass=RBX::Studio::QEngineWidget
[hider] pass: viewport=0000000000750DB8 chainLen=16 newlyBlocked=0 alreadyBlocked=16 totalWins=37
[hider] viewport = 0000000000750DB8 qclass=RBX::Studio::QEngineWidget
[hider] pass: viewport=0000000000750DB8 chainLen=16 newlyBlocked=0 alreadyBlocked=16 totalWins=37
[hider] viewport = 0000000000750DB8 qclass=RBX::Studio::QEngineWidget
[hider] pass: viewport=0000000000750DB8 chainLen=16 newlyBlocked=0 alreadyBlocked=16 totalWins=37
[hider] viewport = 0000000000750DB8 qclass=RBX::Studio::QEngineWidget
[hider] pass: viewport=0000000000750DB8 chainLen=16 newlyBlocked=0 alreadyBlocked=16 totalWins=37
[hider] viewport = 0000000000750DB8 qclass=RBX::Studio::QEngineWidget
[hider] pass: viewport=0000000000750DB8 chainLen=16 newlyBlocked=0 alreadyBlocked=16 totalWins=37
[hider] viewport = 0000000000750DB8 qclass=RBX::Studio::QEngineWidget
[hider] pass: viewport=0000000000750DB8 chainLen=16 newlyBlocked=0 alreadyBlocked=16 totalWins=37
[hider] viewport = 0000000000750DB8 qclass=RBX::Studio::QEngineWidget
[hider] pass: viewport=0000000000750DB8 chainLen=16 newlyBlocked=0 alreadyBlocked=16 totalWins=37
[hider] viewport = 0000000000750DB8 qclass=RBX::Studio::QEngineWidget
[hider] pass: viewport=0000000000750DB8 chainLen=16 newlyBlocked=0 alreadyBlocked=16 totalWins=37
[hider] viewport = 0000000000750DB8 qclass=RBX::Studio::QEngineWidget
[hider] pass: viewport=0000000000750DB8 chainLen=16 newlyBlocked=0 alreadyBlocked=16 totalWins=37
[hider] viewport = 0000000000750DB8 qclass=RBX::Studio::QEngineWidget
[hider] pass: viewport=0000000000750DB8 chainLen=16 newlyBlocked=0 alreadyBlocked=16 totalWins=37
[hider] viewport = 0000000000750DB8 qclass=RBX::Studio::QEngineWidget
[hider] pass: viewport=0000000000750DB8 chainLen=16 newlyBlocked=0 alreadyBlocked=16 totalWins=37
[hider] viewport = 0000000000750DB8 qclass=RBX::Studio::QEngineWidget
[hider] pass: viewport=0000000000750DB8 chainLen=16 newlyBlocked=0 alreadyBlocked=16 totalWins=37
[hider] viewport = 0000000000750DB8 qclass=RBX::Studio::QEngineWidget
[hider] pass: viewport=0000000000750DB8 chainLen=16 newlyBlocked=0 alreadyBlocked=16 totalWins=37
[hider] viewport = 0000000000750DB8 qclass=RBX::Studio::QEngineWidget
[hider] pass: viewport=0000000000750DB8 chainLen=16 newlyBlocked=0 alreadyBlocked=16 totalWins=37
[hider] viewport = 0000000000750DB8 qclass=RBX::Studio::QEngineWidget
[hider] pass: viewport=0000000000750DB8 chainLen=16 newlyBlocked=0 alreadyBlocked=16 totalWins=37
[hider] viewport = 0000000000750DB8 qclass=RBX::Studio::QEngineWidget
[hider] pass: viewport=0000000000750DB8 chainLen=16 newlyBlocked=0 alreadyBlocked=16 totalWins=37
[hider] viewport = 0000000000750DB8 qclass=RBX::Studio::QEngineWidget
[hider] pass: viewport=0000000000750DB8 chainLen=16 newlyBlocked=0 alreadyBlocked=16 totalWins=37
[hider] viewport = 0000000000750DB8 qclass=RBX::Studio::QEngineWidget
[hider] pass: viewport=0000000000750DB8 chainLen=16 newlyBlocked=0 alreadyBlocked=16 totalWins=37
[hider] viewport = 0000000000750DB8 qclass=RBX::Studio::QEngineWidget
[hider] pass: viewport=0000000000750DB8 chainLen=16 newlyBlocked=0 alreadyBlocked=16 totalWins=37
[hider] viewport = 0000000000750DB8 qclass=RBX::Studio::QEngineWidget
[hider] pass: viewport=0000000000750DB8 chainLen=16 newlyBlocked=0 alreadyBlocked=16 totalWins=37
[hider] viewport = 0000000000750DB8 qclass=RBX::Studio::QEngineWidget
[hider] pass: viewport=0000000000750DB8 chainLen=16 newlyBlocked=0 alreadyBlocked=16 totalWins=37
[hider] viewport = 0000000000750DB8 qclass=RBX::Studio::QEngineWidget
[hider] pass: viewport=0000000000750DB8 chainLen=16 newlyBlocked=0 alreadyBlocked=16 totalWins=37
[hider] viewport = 0000000000750DB8 qclass=RBX::Studio::QEngineWidget
[hider] pass: viewport=0000000000750DB8 chainLen=16 newlyBlocked=0 alreadyBlocked=16 totalWins=37
[hider] viewport = 0000000000750DB8 qclass=RBX::Studio::QEngineWidget
[hider] pass: viewport=0000000000750DB8 chainLen=16 newlyBlocked=0 alreadyBlocked=16 totalWins=37
[hider] viewport = 0000000000750DB8 qclass=RBX::Studio::QEngineWidget
[hider] pass: viewport=0000000000750DB8 chainLen=16 newlyBlocked=0 alreadyBlocked=16 totalWins=37
[hider] viewport = 0000000000750DB8 qclass=RBX::Studio::QEngineWidget
[hider] pass: viewport=0000000000750DB8 chainLen=16 newlyBlocked=0 alreadyBlocked=16 totalWins=37
[hider] viewport = 0000000000750DB8 qclass=RBX::Studio::QEngineWidget
[hider] pass: viewport=0000000000750DB8 chainLen=16 newlyBlocked=0 alreadyBlocked=16 totalWins=37
[hider] viewport = 0000000000750DB8 qclass=RBX::Studio::QEngineWidget
[hider] pass: viewport=0000000000750DB8 chainLen=16 newlyBlocked=0 alreadyBlocked=16 totalWins=37
[hider] viewport = 0000000000750DB8 qclass=RBX::Studio::QEngineWidget
[hider] pass: viewport=0000000000750DB8 chainLen=16 newlyBlocked=0 alreadyBlocked=16 totalWins=37
[hider] viewport = 0000000000750DB8 qclass=RBX::Studio::QEngineWidget
[hider] pass: viewport=0000000000750DB8 chainLen=16 newlyBlocked=0 alreadyBlocked=16 totalWins=37
[hider] viewport = 0000000000750DB8 qclass=RBX::Studio::QEngineWidget
[hider] pass: viewport=0000000000750DB8 chainLen=16 newlyBlocked=0 alreadyBlocked=16 totalWins=37
[hider] viewport = 0000000000750DB8 qclass=RBX::Studio::QEngineWidget
[hider] pass: viewport=0000000000750DB8 chainLen=16 newlyBlocked=0 alreadyBlocked=16 totalWins=37
[hider] viewport = 0000000000750DB8 qclass=RBX::Studio::QEngineWidget
[hider] pass: viewport=0000000000750DB8 chainLen=16 newlyBlocked=0 alreadyBlocked=16 totalWins=37
[hider] viewport = 0000000000750DB8 qclass=RBX::Studio::QEngineWidget
[hider] pass: viewport=0000000000750DB8 chainLen=16 newlyBlocked=0 alreadyBlocked=16 totalWins=37
[hider] viewport = 0000000000750DB8 qclass=RBX::Studio::QEngineWidget
[hider] pass: viewport=0000000000750DB8 chainLen=16 newlyBlocked=0 alreadyBlocked=16 totalWins=37
[hider] viewport = 0000000000750DB8 qclass=RBX::Studio::QEngineWidget
[hider] pass: viewport=0000000000750DB8 chainLen=16 newlyBlocked=0 alreadyBlocked=16 totalWins=37
[hider] viewport = 0000000000750DB8 qclass=RBX::Studio::QEngineWidget
[hider] pass: viewport=0000000000750DB8 chainLen=16 newlyBlocked=0 alreadyBlocked=16 totalWins=37
[hider] viewport = 0000000000750DB8 qclass=RBX::Studio::QEngineWidget
[hider] pass: viewport=0000000000750DB8 chainLen=16 newlyBlocked=0 alreadyBlocked=16 totalWins=37
[hider] viewport = 0000000000750DB8 qclass=RBX::Studio::QEngineWidget
[hider] pass: viewport=0000000000750DB8 chainLen=16 newlyBlocked=0 alreadyBlocked=16 totalWins=37
[hider] viewport = 0000000000750DB8 qclass=RBX::Studio::QEngineWidget
[hider] pass: viewport=0000000000750DB8 chainLen=16 newlyBlocked=0 alreadyBlocked=16 totalWins=37
[hider] viewport = 0000000000750DB8 qclass=RBX::Studio::QEngineWidget
[hider] pass: viewport=0000000000750DB8 chainLen=16 newlyBlocked=0 alreadyBlocked=16 totalWins=37
[hider] viewport = 0000000000750DB8 qclass=RBX::Studio::QEngineWidget
[hider] pass: viewport=0000000000750DB8 chainLen=16 newlyBlocked=0 alreadyBlocked=16 totalWins=37
[hider] viewport = 0000000000750DB8 qclass=RBX::Studio::QEngineWidget
[hider] pass: viewport=0000000000750DB8 chainLen=16 newlyBlocked=0 alreadyBlocked=16 totalWins=37
[hider] viewport = 0000000000750DB8 qclass=RBX::Studio::QEngineWidget
[hider] pass: viewport=0000000000750DB8 chainLen=16 newlyBlocked=0 alreadyBlocked=16 totalWins=37
[hider] viewport = 0000000000750DB8 qclass=RBX::Studio::QEngineWidget
[hider] pass: viewport=0000000000750DB8 chainLen=16 newlyBlocked=0 alreadyBlocked=16 totalWins=37
[hider] viewport = 0000000000750DB8 qclass=RBX::Studio::QEngineWidget
[hider] pass: viewport=0000000000750DB8 chainLen=16 newlyBlocked=0 alreadyBlocked=16 totalWins=37
[hider] viewport = 0000000000750DB8 qclass=RBX::Studio::QEngineWidget
[hider] pass: viewport=0000000000750DB8 chainLen=16 newlyBlocked=0 alreadyBlocked=16 totalWins=37
[hider] viewport = 0000000000750DB8 qclass=RBX::Studio::QEngineWidget
[hider] pass: viewport=0000000000750DB8 chainLen=16 newlyBlocked=0 alreadyBlocked=16 totalWins=37
[hider] viewport = 0000000000750DB8 qclass=RBX::Studio::QEngineWidget
[hider] pass: viewport=0000000000750DB8 chainLen=16 newlyBlocked=0 alreadyBlocked=16 totalWins=37
[hider] viewport = 0000000000750DB8 qclass=RBX::Studio::QEngineWidget
[hider] pass: viewport=0000000000750DB8 chainLen=16 newlyBlocked=0 alreadyBlocked=16 totalWins=37
[hider] viewport = 0000000000750DB8 qclass=RBX::Studio::QEngineWidget
[hider] pass: viewport=0000000000750DB8 chainLen=16 newlyBlocked=0 alreadyBlocked=16 totalWins=37
[hider] viewport = 0000000000750DB8 qclass=RBX::Studio::QEngineWidget
[hider] pass: viewport=0000000000750DB8 chainLen=16 newlyBlocked=0 alreadyBlocked=16 totalWins=37
[hider] viewport = 0000000000750DB8 qclass=RBX::Studio::QEngineWidget
[hider] pass: viewport=0000000000750DB8 chainLen=16 newlyBlocked=0 alreadyBlocked=16 totalWins=37
[hider] viewport = 0000000000750DB8 qclass=RBX::Studio::QEngineWidget
[hider] pass: viewport=0000000000750DB8 chainLen=16 newlyBlocked=0 alreadyBlocked=16 totalWins=37
[hider] viewport = 0000000000750DB8 qclass=RBX::Studio::QEngineWidget
[hider] pass: viewport=0000000000750DB8 chainLen=16 newlyBlocked=0 alreadyBlocked=16 totalWins=37
[hider] viewport = 0000000000750DB8 qclass=RBX::Studio::QEngineWidget
[hider] pass: viewport=0000000000750DB8 chainLen=16 newlyBlocked=0 alreadyBlocked=16 totalWins=37
[hider] viewport = 0000000000750DB8 qclass=RBX::Studio::QEngineWidget
[hider] pass: viewport=0000000000750DB8 chainLen=16 newlyBlocked=0 alreadyBlocked=16 totalWins=37
[hider] viewport = 0000000000750DB8 qclass=RBX::Studio::QEngineWidget
[hider] pass: viewport=0000000000750DB8 chainLen=16 newlyBlocked=0 alreadyBlocked=16 totalWins=37
[hider] viewport = 0000000000750DB8 qclass=RBX::Studio::QEngineWidget
[hider] pass: viewport=0000000000750DB8 chainLen=16 newlyBlocked=0 alreadyBlocked=16 totalWins=37
[hider] viewport = 0000000000750DB8 qclass=RBX::Studio::QEngineWidget
[hider] pass: viewport=0000000000750DB8 chainLen=16 newlyBlocked=0 alreadyBlocked=16 totalWins=37
[hider] viewport = 0000000000750DB8 qclass=RBX::Studio::QEngineWidget
[hider] pass: viewport=0000000000750DB8 chainLen=16 newlyBlocked=0 alreadyBlocked=16 totalWins=37
[hider] viewport = 0000000000750DB8 qclass=RBX::Studio::QEngineWidget
[hider] pass: viewport=0000000000750DB8 chainLen=16 newlyBlocked=0 alreadyBlocked=16 totalWins=37
[hider] viewport = 0000000000750DB8 qclass=RBX::Studio::QEngineWidget
[hider] pass: viewport=0000000000750DB8 chainLen=16 newlyBlocked=0 alreadyBlocked=16 totalWins=37
[hider] viewport = 0000000000750DB8 qclass=RBX::Studio::QEngineWidget
[hider] pass: viewport=0000000000750DB8 chainLen=16 newlyBlocked=0 alreadyBlocked=16 totalWins=37
[hider] viewport = 0000000000750DB8 qclass=RBX::Studio::QEngineWidget
[hider] pass: viewport=0000000000750DB8 chainLen=16 newlyBlocked=0 alreadyBlocked=16 totalWins=37
[hider] viewport = 0000000000750DB8 qclass=RBX::Studio::QEngineWidget
[hider] pass: viewport=0000000000750DB8 chainLen=16 newlyBlocked=0 alreadyBlocked=16 totalWins=37
[hider] viewport = 0000000000750DB8 qclass=RBX::Studio::QEngineWidget
[hider] pass: viewport=0000000000750DB8 chainLen=16 newlyBlocked=0 alreadyBlocked=16 totalWins=37
[hider] viewport = 0000000000750DB8 qclass=RBX::Studio::QEngineWidget
[hider] pass: viewport=0000000000750DB8 chainLen=16 newlyBlocked=0 alreadyBlocked=16 totalWins=37
[hider] viewport = 0000000000750DB8 qclass=RBX::Studio::QEngineWidget
[hider] pass: viewport=0000000000750DB8 chainLen=16 newlyBlocked=0 alreadyBlocked=16 totalWins=37
[hider] viewport = 0000000000750DB8 qclass=RBX::Studio::QEngineWidget
[hider] pass: viewport=0000000000750DB8 chainLen=16 newlyBlocked=0 alreadyBlocked=16 totalWins=37
[hider] viewport = 0000000000750DB8 qclass=RBX::Studio::QEngineWidget
[hider] pass: viewport=0000000000750DB8 chainLen=16 newlyBlocked=0 alreadyBlocked=16 totalWins=37
[hider] viewport = 0000000000750DB8 qclass=RBX::Studio::QEngineWidget
[hider] pass: viewport=0000000000750DB8 chainLen=16 newlyBlocked=0 alreadyBlocked=16 totalWins=37
[hider] viewport = 0000000000750DB8 qclass=RBX::Studio::QEngineWidget
[hider] pass: viewport=0000000000750DB8 chainLen=16 newlyBlocked=0 alreadyBlocked=16 totalWins=37
[hider] viewport = 0000000000750DB8 qclass=RBX::Studio::QEngineWidget
[hider] pass: viewport=0000000000750DB8 chainLen=16 newlyBlocked=0 alreadyBlocked=16 totalWins=37
[hider] viewport = 0000000000750DB8 qclass=RBX::Studio::QEngineWidget
[hider] pass: viewport=0000000000750DB8 chainLen=16 newlyBlocked=0 alreadyBlocked=16 totalWins=37
[hider] viewport = 0000000000750DB8 qclass=RBX::Studio::QEngineWidget
[hider] pass: viewport=0000000000750DB8 chainLen=16 newlyBlocked=0 alreadyBlocked=16 totalWins=37
[hider] viewport = 0000000000750DB8 qclass=RBX::Studio::QEngineWidget
[hider] pass: viewport=0000000000750DB8 chainLen=16 newlyBlocked=0 alreadyBlocked=16 totalWins=37
[hider] viewport = 0000000000750DB8 qclass=RBX::Studio::QEngineWidget
[hider] pass: viewport=0000000000750DB8 chainLen=16 newlyBlocked=0 alreadyBlocked=16 totalWins=37
[hider] viewport = 0000000000750DB8 qclass=RBX::Studio::QEngineWidget
[hider] pass: viewport=0000000000750DB8 chainLen=16 newlyBlocked=0 alreadyBlocked=16 totalWins=37
[hider] viewport = 0000000000750DB8 qclass=RBX::Studio::QEngineWidget
[hider] pass: viewport=0000000000750DB8 chainLen=16 newlyBlocked=0 alreadyBlocked=16 totalWins=37
[hider] viewport = 0000000000750DB8 qclass=RBX::Studio::QEngineWidget
[hider] pass: viewport=0000000000750DB8 chainLen=16 newlyBlocked=0 alreadyBlocked=16 totalWins=37
[hider] viewport = 0000000000750DB8 qclass=RBX::Studio::QEngineWidget
[hider] pass: viewport=0000000000750DB8 chainLen=16 newlyBlocked=0 alreadyBlocked=16 totalWins=37
[hider] viewport = 0000000000750DB8 qclass=RBX::Studio::QEngineWidget
[hider] pass: viewport=0000000000750DB8 chainLen=16 newlyBlocked=0 alreadyBlocked=16 totalWins=37
[hider] viewport = 0000000000750DB8 qclass=RBX::Studio::QEngineWidget
[hider] pass: viewport=0000000000750DB8 chainLen=16 newlyBlocked=0 alreadyBlocked=16 totalWins=37
[hider] viewport = 0000000000750DB8 qclass=RBX::Studio::QEngineWidget
[hider] pass: viewport=0000000000750DB8 chainLen=16 newlyBlocked=0 alreadyBlocked=16 totalWins=37
[hider] viewport = 0000000000750DB8 qclass=RBX::Studio::QEngineWidget
[hider] pass: viewport=0000000000750DB8 chainLen=16 newlyBlocked=0 alreadyBlocked=16 totalWins=37
[hider] viewport = 0000000000750DB8 qclass=RBX::Studio::QEngineWidget
[hider] pass: viewport=0000000000750DB8 chainLen=16 newlyBlocked=0 alreadyBlocked=16 totalWins=37
[hider]  hwnd=00000000014F0C88 parent=0000000001580E0E vis=1 area=1902720 chrome=0 qclass=QWidget
[hider]  hwnd=0000000001A30D46 parent=00000000014F0C88 vis=1 area=1902720 chrome=1 qclass=Qtitan::DockSplitLayoutPanel
[hider]  hwnd=0000000000750CCE parent=0000000001A30D46 vis=1 area=1902720 chrome=1 qclass=Qtitan::DockSplitLayoutPanel
[hider]  hwnd=0000000000F10BBA parent=0000000000750CCE vis=1 area=1902720 chrome=1 qclass=Qtitan::DockSplitLayoutPanel
[hider]  hwnd=0000000000B409CC parent=0000000000F10BBA vis=1 area=1902720 chrome=1 qclass=Qtitan::DockSplitLayoutPanel
[hider]  hwnd=0000000000410DDE parent=0000000000B409CC vis=1 area=1902720 chrome=1 qclass=Qtitan::DockDocumentLayoutPanel
[hider]  hwnd=0000000002D30848 parent=0000000000410DDE vis=1 area=1459200 chrome=1 qclass=Qtitan::DockDocumentTabbedLayoutPanel
[hider]  hwnd=00000000002F0C26 parent=0000000000410DDE vis=1 area=1902720 chrome=1 qclass=Qtitan::DockDocumentTabbedLayoutPanel
[hider]  hwnd=0000000000310ED8 parent=0000000000F10BBA vis=0 area=0 chrome=1 qclass=Qtitan::DockSplitLayoutPanel
[hider]  hwnd=0000000000A80B46 parent=0000000000310ED8 vis=0 area=0 chrome=1 qclass=Qtitan::DockTabbedLayoutPanel
[hider]  hwnd=0000000000E10E1E parent=0000000000310ED8 vis=0 area=0 chrome=1 qclass=Qtitan::DockTabbedLayoutPanel
[hider]  hwnd=0000000000CD0D5C parent=0000000000750CCE vis=0 area=0 chrome=1 qclass=Qtitan::DockSplitLayoutPanel
[hider]  hwnd=00000000017908D2 parent=0000000000CD0D5C vis=0 area=0 chrome=1 qclass=Qtitan::DockTabbedLayoutPanel
[hider]  hwnd=0000000000230D40 parent=0000000001580E0E vis=1 area=278400 chrome=0 qclass=RBX::Studio::TopBar
[hider]  hwnd=0000000000B3086E parent=0000000000230D40 vis=1 area=228480 chrome=0 qclass=PluginPanelCustom
[hider]  hwnd=0000000000240CD8 parent=0000000000B3086E vis=1 area=228480 chrome=0 qclass=RBX::Studio::QEngineWidget
[hider]  hwnd=0000000002FC0DAA parent=0000000001580E0E vis=0 area=0 chrome=1 qclass=Qtitan::DockWidgetPanel
[hider]  hwnd=0000000000CA09CA parent=0000000001580E0E vis=0 area=0 chrome=1 qclass=Qtitan::DockWidgetPanel
[hider]  hwnd=000000000087084C parent=0000000001580E0E vis=0 area=0 chrome=1 qclass=Qtitan::DockWidgetPanel
[hider]  hwnd=00000000018605EA parent=0000000001580E0E vis=0 area=0 chrome=1 qclass=Qtitan::DockWidgetPanel
[hider]  hwnd=0000000000850AD0 parent=0000000001580E0E vis=0 area=0 chrome=1 qclass=Qtitan::DockWidgetPanel
[hider]  hwnd=0000000002E007D0 parent=0000000001580E0E vis=0 area=0 chrome=1 qclass=Qtitan::DockWidgetPanel
[hider]  hwnd=00000000001A0D92 parent=0000000001580E0E vis=0 area=0 chrome=1 qclass=Qtitan::DockWidgetPanel
[hider]  hwnd=0000000000130E08 parent=0000000001580E0E vis=0 area=0 chrome=1 qclass=Qtitan::DockWidgetPanel
[hider] viewport = 0000000000240CD8 qclass=RBX::Studio::QEngineWidget
[dllmain] SafeInit pid=26268
[name_patcher] x64 name patch OK -> 'HearMeRoar' (buf 00007FF6FF3C0000)
[udp_relay] installing IAT hooks (client=0 server=1)
[udp_relay] username='HearMeRoar' (10 chars)
[udp_relay] hooks: sendto=00007FFE8DE10900 recvfrom=00007FFE8DE10050 WSASendTo=00007FFE8DE11390 WSARecvFrom=00007FFE8DE0E6A0 WSARecv=00007FFE8DE0EC60
[dllmain] StartServer: installing script-start hook
[dllmain] not a StartClient launch - skipping Qt hider (relay + username server already active)
[dllmain] SafeInit pid=32336
[name_patcher] x64 name patch OK -> 'HearMeRoar' (buf 00007FF6FF3C0000)
[udp_relay] installing IAT hooks (client=1 server=0)
[udp_relay] username='HearMeRoar' (10 chars)
[udp_relay] hooks: sendto=00007FFE8DE10900 recvfrom=0000000000000000 WSASendTo=00007FFE8DE11390 WSARecvFrom=0000000000000000 WSARecv=0000000000000000
[rcc_patch] IP patched @rva=0x4FA1DAE -> '127.0.0.1' (len mov updated)
[rcc_patch] IP patched @rva=0x2793CDA -> '127.0.0.1' (len mov updated)
[rcc_patch] IP patched @rva=0x2793DA7 -> '127.0.0.1' (len mov updated)
[rcc_patch] IP patched @rva=0x2793E8B -> '127.0.0.1' (len mov updated)
[rcc_patch] IP patched @rva=0x2793F2D -> '127.0.0.1' (len mov updated)
[dllmain] StartClient launch confirmed - activating Qt hider
[hider] Qt symbols: find=00007FFD4C6F8A00 className=00007FFD4BC27A50 -> OK
[hider]  hwnd=0000000001A50D46 parent=0000000000710A78 vis=1 area=1689600 chrome=0 qclass=QWidget
[hider]  hwnd=0000000000770CCE parent=0000000001A50D46 vis=1 area=1689600 chrome=1 qclass=Qtitan::DockSplitLayoutPanel
[hider]  hwnd=0000000000430DDE parent=0000000000770CCE vis=1 area=1689600 chrome=1 qclass=Qtitan::DockSplitLayoutPanel
[hider]  hwnd=0000000000F30BBA parent=0000000000430DDE vis=1 area=1689600 chrome=1 qclass=Qtitan::DockSplitLayoutPanel
[hider]  hwnd=0000000000CF0D5C parent=0000000000F30BBA vis=1 area=1689600 chrome=1 qclass=Qtitan::DockSplitLayoutPanel
[hider]  hwnd=00000000002401BA parent=0000000000CF0D5C vis=1 area=1689600 chrome=1 qclass=Qtitan::DockDocumentLayoutPanel
[hider]  hwnd=0000000000310C26 parent=00000000002401BA vis=1 area=1689600 chrome=1 qclass=Qtitan::DockDocumentTabbedLayoutPanel
[hider]  hwnd=0000000003510B5C parent=0000000000310C26 vis=1 area=1689600 chrome=1 qclass=Qtitan::DockWidgetPanel
[hider]  hwnd=00000000015B0C88 parent=0000000003510B5C vis=1 area=1684004 chrome=0 qclass=RBX::Studio::QEngineWidget
[hider]  hwnd=0000000001110798 parent=0000000000710A78 vis=1 area=136320 chrome=0 qclass=RBX::Studio::TopBar
[hider]  hwnd=0000000000C20454 parent=0000000001110798 vis=1 area=86400 chrome=0 qclass=PluginPanelCustom
[hider]  hwnd=00000000025E0BF6 parent=0000000000C20454 vis=1 area=86400 chrome=0 qclass=RBX::Studio::QEngineWidget
[hider]  hwnd=0000000000B4086E parent=0000000000710A78 vis=0 area=4750 chrome=1 qclass=Qtitan::DockWidgetPanel
[hider]  hwnd=0000000000240D40 parent=0000000000710A78 vis=0 area=4750 chrome=1 qclass=Qtitan::DockWidgetPanel
[hider]  hwnd=0000000002FD0DAA parent=0000000000710A78 vis=0 area=4750 chrome=1 qclass=Qtitan::DockWidgetPanel
[hider]  hwnd=0000000000CB09CA parent=0000000000710A78 vis=0 area=4750 chrome=1 qclass=Qtitan::DockWidgetPanel
[hider]  hwnd=000000000088084C parent=0000000000710A78 vis=0 area=4750 chrome=1 qclass=Qtitan::DockWidgetPanel
[hider]  hwnd=00000000018705EA parent=0000000000710A78 vis=0 area=4750 chrome=1 qclass=Qtitan::DockWidgetPanel
[hider]  hwnd=0000000000860AD0 parent=0000000000710A78 vis=0 area=4750 chrome=1 qclass=Qtitan::DockWidgetPanel
[hider]  hwnd=0000000002E107D0 parent=0000000000710A78 vis=0 area=4750 chrome=1 qclass=Qtitan::DockWidgetPanel
[hider]  hwnd=00000000001B0D92 parent=0000000000710A78 vis=0 area=4750 chrome=1 qclass=Qtitan::DockWidgetPanel
[hider]  hwnd=0000000000140E08 parent=0000000000710A78 vis=0 area=4750 chrome=1 qclass=Qtitan::DockWidgetPanel
[hider]  hwnd=0000000000FE0D6E parent=0000000000710A78 vis=0 area=15625 chrome=0 qclass=RBX::Studio::QEngineWidget
[hider] viewport = 00000000015B0C88 qclass=RBX::Studio::QEngineWidget
[hider] pass: viewport=00000000015B0C88 chainLen=10 newlyBlocked=10 alreadyBlocked=0 totalWins=23
[hider] strip-diag: mainClientBottom=1020 viewport=[0,29,1920,1020] (coversBottom=1)
[hider] strip-occupant hwnd=0000000001A50D46 rect=[0,29,1920,1020] vis=1 chrome=0 onChain=1 qclass=QWidget
[hider] strip-occupant hwnd=0000000000770CCE rect=[0,29,1920,1020] vis=1 chrome=1 onChain=1 qclass=Qtitan::DockSplitLayoutPanel
[hider] strip-occupant hwnd=0000000000430DDE rect=[0,29,1920,1020] vis=1 chrome=1 onChain=1 qclass=Qtitan::DockSplitLayoutPanel
[hider] strip-occupant hwnd=0000000000F30BBA rect=[0,29,1920,1020] vis=1 chrome=1 onChain=1 qclass=Qtitan::DockSplitLayoutPanel
[hider] strip-occupant hwnd=0000000000CF0D5C rect=[0,29,1920,1020] vis=1 chrome=1 onChain=1 qclass=Qtitan::DockSplitLayoutPanel
[hider] strip-occupant hwnd=00000000002401BA rect=[0,29,1920,1020] vis=1 chrome=1 onChain=1 qclass=Qtitan::DockDocumentLayoutPanel
[hider] strip-occupant hwnd=0000000000310C26 rect=[0,29,1920,1020] vis=1 chrome=1 onChain=1 qclass=Qtitan::DockDocumentTabbedLayoutPanel
[hider] strip-occupant hwnd=0000000003510B5C rect=[0,29,1920,1020] vis=1 chrome=1 onChain=1 qclass=Qtitan::DockWidgetPanel
[hider]  hwnd=0000000000E20E1E parent=0000000000710A78 vis=0 area=14250 chrome=0 qclass=QStackedWidget
[hider]  hwnd=0000000000A90B46 parent=0000000000E20E1E vis=0 area=4750 chrome=0 qclass=QWidget
[hider]  hwnd=0000000000280EDC parent=0000000000A90B46 vis=0 area=4750 chrome=0 qclass=QScrollArea
[hider]  hwnd=00000000002C0EF0 parent=0000000000280EDC vis=0 area=4750 chrome=0 qclass=QWidget
[hider]  hwnd=00000000005C0F44 parent=00000000002C0EF0 vis=0 area=4750 chrome=0 qclass=QWidget
[hider]  hwnd=0000000000210C6C parent=00000000005C0F44 vis=0 area=4750 chrome=0 qclass=QWidget
[hider]  hwnd=0000000000FE0D6E parent=0000000000210C6C vis=0 area=15625 chrome=0 qclass=RBX::Studio::QEngineWidget
[hider]  hwnd=0000000000A309E2 parent=0000000000FE0D6E vis=0 area=4750 chrome=0 qclass=QLabel
[hider]  hwnd=0000000000410F7C parent=0000000000FE0D6E vis=0 area=4750 chrome=0 qclass=QLabel
[hider]  hwnd=0000000001A50D46 parent=0000000000710A78 vis=1 area=1902720 chrome=0 qclass=QWidget
[hider]  hwnd=0000000000770CCE parent=0000000001A50D46 vis=1 area=1902720 chrome=1 qclass=Qtitan::DockSplitLayoutPanel
[hider]  hwnd=0000000000430DDE parent=0000000000770CCE vis=1 area=1902720 chrome=1 qclass=Qtitan::DockSplitLayoutPanel
[hider]  hwnd=0000000000F30BBA parent=0000000000430DDE vis=1 area=1902720 chrome=1 qclass=Qtitan::DockSplitLayoutPanel
[hider]  hwnd=0000000000CF0D5C parent=0000000000F30BBA vis=1 area=1902720 chrome=1 qclass=Qtitan::DockSplitLayoutPanel
[hider]  hwnd=00000000002401BA parent=0000000000CF0D5C vis=1 area=1902720 chrome=1 qclass=Qtitan::DockDocumentLayoutPanel
[hider]  hwnd=0000000000310C26 parent=00000000002401BA vis=1 area=1902720 chrome=1 qclass=Qtitan::DockDocumentTabbedLayoutPanel
[hider]  hwnd=0000000003510B5C parent=0000000000310C26 vis=1 area=1902720 chrome=1 qclass=Qtitan::DockWidgetPanel
[hider]  hwnd=00000000015B0C88 parent=0000000003510B5C vis=1 area=1902720 chrome=0 qclass=RBX::Studio::QEngineWidget
[hider]  hwnd=0000000001110798 parent=0000000000710A78 vis=1 area=136320 chrome=0 qclass=RBX::Studio::TopBar
[hider]  hwnd=0000000000C20454 parent=0000000001110798 vis=1 area=86400 chrome=0 qclass=PluginPanelCustom
[hider]  hwnd=00000000025E0BF6 parent=0000000000C20454 vis=1 area=86400 chrome=0 qclass=RBX::Studio::QEngineWidget
[hider]  hwnd=0000000000B4086E parent=0000000000710A78 vis=0 area=0 chrome=1 qclass=Qtitan::DockWidgetPanel
[hider]  hwnd=0000000000240D40 parent=0000000000710A78 vis=0 area=0 chrome=1 qclass=Qtitan::DockWidgetPanel
[hider]  hwnd=0000000002FD0DAA parent=0000000000710A78 vis=0 area=0 chrome=1 qclass=Qtitan::DockWidgetPanel
[hider]  hwnd=0000000000CB09CA parent=0000000000710A78 vis=0 area=0 chrome=1 qclass=Qtitan::DockWidgetPanel
[hider]  hwnd=000000000088084C parent=0000000000710A78 vis=0 area=0 chrome=1 qclass=Qtitan::DockWidgetPanel
[hider]  hwnd=00000000018705EA parent=0000000000710A78 vis=0 area=0 chrome=1 qclass=Qtitan::DockWidgetPanel
[hider]  hwnd=0000000000860AD0 parent=0000000000710A78 vis=0 area=0 chrome=1 qclass=Qtitan::DockWidgetPanel
[hider]  hwnd=0000000002E107D0 parent=0000000000710A78 vis=0 area=0 chrome=1 qclass=Qtitan::DockWidgetPanel
[hider]  hwnd=00000000001B0D92 parent=0000000000710A78 vis=0 area=0 chrome=1 qclass=Qtitan::DockWidgetPanel
[hider]  hwnd=0000000000140E08 parent=0000000000710A78 vis=0 area=0 chrome=1 qclass=Qtitan::DockWidgetPanel
[hider] viewport = 00000000015B0C88 qclass=RBX::Studio::QEngineWidget
[hider] pass: viewport=00000000015B0C88 chainLen=10 newlyBlocked=0 alreadyBlocked=10 totalWins=31
[hider] strip-diag: mainClientBottom=1020 viewport=[0,29,1920,1020] (coversBottom=1)
[hider] strip-occupant hwnd=0000000001A50D46 rect=[0,29,1920,1020] vis=1 chrome=0 onChain=1 qclass=QWidget
[hider] strip-occupant hwnd=0000000000770CCE rect=[0,29,1920,1020] vis=1 chrome=1 onChain=1 qclass=Qtitan::DockSplitLayoutPanel
[hider] strip-occupant hwnd=0000000000430DDE rect=[0,29,1920,1020] vis=1 chrome=1 onChain=1 qclass=Qtitan::DockSplitLayoutPanel
[hider] strip-occupant hwnd=0000000000F30BBA rect=[0,29,1920,1020] vis=1 chrome=1 onChain=1 qclass=Qtitan::DockSplitLayoutPanel
[hider] strip-occupant hwnd=0000000000CF0D5C rect=[0,29,1920,1020] vis=1 chrome=1 onChain=1 qclass=Qtitan::DockSplitLayoutPanel
[hider] strip-occupant hwnd=00000000002401BA rect=[0,29,1920,1020] vis=1 chrome=1 onChain=1 qclass=Qtitan::DockDocumentLayoutPanel
[hider] strip-occupant hwnd=0000000000310C26 rect=[0,29,1920,1020] vis=1 chrome=1 onChain=1 qclass=Qtitan::DockDocumentTabbedLayoutPanel
[hider] strip-occupant hwnd=0000000003510B5C rect=[0,29,1920,1020] vis=1 chrome=1 onChain=1 qclass=Qtitan::DockWidgetPanel
[udp_relay] SEND magic to 127.0.0.1:61806 username='HearMeRoar'
[hider] viewport = 00000000015B0C88 qclass=RBX::Studio::QEngineWidget
[hider] pass: viewport=00000000015B0C88 chainLen=10 newlyBlocked=0 alreadyBlocked=10 totalWins=31
[hider] strip-diag: mainClientBottom=1020 viewport=[0,29,1920,1020] (coversBottom=1)
[hider] strip-occupant hwnd=0000000001A50D46 rect=[0,29,1920,1020] vis=1 chrome=0 onChain=1 qclass=QWidget
[hider] strip-occupant hwnd=0000000000770CCE rect=[0,29,1920,1020] vis=1 chrome=1 onChain=1 qclass=Qtitan::DockSplitLayoutPanel
[hider] strip-occupant hwnd=0000000000430DDE rect=[0,29,1920,1020] vis=1 chrome=1 onChain=1 qclass=Qtitan::DockSplitLayoutPanel
[hider] strip-occupant hwnd=0000000000F30BBA rect=[0,29,1920,1020] vis=1 chrome=1 onChain=1 qclass=Qtitan::DockSplitLayoutPanel
[hider] strip-occupant hwnd=0000000000CF0D5C rect=[0,29,1920,1020] vis=1 chrome=1 onChain=1 qclass=Qtitan::DockSplitLayoutPanel
[hider] strip-occupant hwnd=00000000002401BA rect=[0,29,1920,1020] vis=1 chrome=1 onChain=1 qclass=Qtitan::DockDocumentLayoutPanel
[hider] strip-occupant hwnd=0000000000310C26 rect=[0,29,1920,1020] vis=1 chrome=1 onChain=1 qclass=Qtitan::DockDocumentTabbedLayoutPanel
[hider] strip-occupant hwnd=0000000003510B5C rect=[0,29,1920,1020] vis=1 chrome=1 onChain=1 qclass=Qtitan::DockWidgetPanel
[hider] viewport = 00000000015B0C88 qclass=RBX::Studio::QEngineWidget
[hider] pass: viewport=00000000015B0C88 chainLen=10 newlyBlocked=0 alreadyBlocked=10 totalWins=31
[hider] strip-diag: mainClientBottom=1020 viewport=[0,29,1920,1020] (coversBottom=1)
[hider] strip-occupant hwnd=0000000001A50D46 rect=[0,29,1920,1020] vis=1 chrome=0 onChain=1 qclass=QWidget
[hider] strip-occupant hwnd=0000000000770CCE rect=[0,29,1920,1020] vis=1 chrome=1 onChain=1 qclass=Qtitan::DockSplitLayoutPanel
[hider] strip-occupant hwnd=0000000000430DDE rect=[0,29,1920,1020] vis=1 chrome=1 onChain=1 qclass=Qtitan::DockSplitLayoutPanel
[hider] strip-occupant hwnd=0000000000F30BBA rect=[0,29,1920,1020] vis=1 chrome=1 onChain=1 qclass=Qtitan::DockSplitLayoutPanel
[hider] strip-occupant hwnd=0000000000CF0D5C rect=[0,29,1920,1020] vis=1 chrome=1 onChain=1 qclass=Qtitan::DockSplitLayoutPanel
[hider] strip-occupant hwnd=00000000002401BA rect=[0,29,1920,1020] vis=1 chrome=1 onChain=1 qclass=Qtitan::DockDocumentLayoutPanel
[hider] strip-occupant hwnd=0000000000310C26 rect=[0,29,1920,1020] vis=1 chrome=1 onChain=1 qclass=Qtitan::DockDocumentTabbedLayoutPanel
[hider] strip-occupant hwnd=0000000003510B5C rect=[0,29,1920,1020] vis=1 chrome=1 onChain=1 qclass=Qtitan::DockWidgetPanel
[hider] viewport = 00000000015B0C88 qclass=RBX::Studio::QEngineWidget
[hider] pass: viewport=00000000015B0C88 chainLen=10 newlyBlocked=0 alreadyBlocked=10 totalWins=31
[hider] strip-diag: mainClientBottom=1020 viewport=[0,29,1920,1020] (coversBottom=1)
[hider] strip-occupant hwnd=0000000001A50D46 rect=[0,29,1920,1020] vis=1 chrome=0 onChain=1 qclass=QWidget
[hider] strip-occupant hwnd=0000000000770CCE rect=[0,29,1920,1020] vis=1 chrome=1 onChain=1 qclass=Qtitan::DockSplitLayoutPanel
[hider] strip-occupant hwnd=0000000000430DDE rect=[0,29,1920,1020] vis=1 chrome=1 onChain=1 qclass=Qtitan::DockSplitLayoutPanel
[hider] strip-occupant hwnd=0000000000F30BBA rect=[0,29,1920,1020] vis=1 chrome=1 onChain=1 qclass=Qtitan::DockSplitLayoutPanel
[hider] strip-occupant hwnd=0000000000CF0D5C rect=[0,29,1920,1020] vis=1 chrome=1 onChain=1 qclass=Qtitan::DockSplitLayoutPanel
[hider] strip-occupant hwnd=00000000002401BA rect=[0,29,1920,1020] vis=1 chrome=1 onChain=1 qclass=Qtitan::DockDocumentLayoutPanel
[hider] strip-occupant hwnd=0000000000310C26 rect=[0,29,1920,1020] vis=1 chrome=1 onChain=1 qclass=Qtitan::DockDocumentTabbedLayoutPanel
[hider] strip-occupant hwnd=0000000003510B5C rect=[0,29,1920,1020] vis=1 chrome=1 onChain=1 qclass=Qtitan::DockWidgetPanel
[hider] viewport = 00000000015B0C88 qclass=RBX::Studio::QEngineWidget
[hider] pass: viewport=00000000015B0C88 chainLen=10 newlyBlocked=0 alreadyBlocked=10 totalWins=31
[hider] strip-diag: mainClientBottom=1020 viewport=[0,29,1920,1020] (coversBottom=1)
[hider] strip-occupant hwnd=0000000001A50D46 rect=[0,29,1920,1020] vis=1 chrome=0 onChain=1 qclass=QWidget
[hider] strip-occupant hwnd=0000000000770CCE rect=[0,29,1920,1020] vis=1 chrome=1 onChain=1 qclass=Qtitan::DockSplitLayoutPanel
[hider] strip-occupant hwnd=0000000000430DDE rect=[0,29,1920,1020] vis=1 chrome=1 onChain=1 qclass=Qtitan::DockSplitLayoutPanel
[hider] strip-occupant hwnd=0000000000F30BBA rect=[0,29,1920,1020] vis=1 chrome=1 onChain=1 qclass=Qtitan::DockSplitLayoutPanel
[hider] strip-occupant hwnd=0000000000CF0D5C rect=[0,29,1920,1020] vis=1 chrome=1 onChain=1 qclass=Qtitan::DockSplitLayoutPanel
[hider] strip-occupant hwnd=00000000002401BA rect=[0,29,1920,1020] vis=1 chrome=1 onChain=1 qclass=Qtitan::DockDocumentLayoutPanel
[hider] strip-occupant hwnd=0000000000310C26 rect=[0,29,1920,1020] vis=1 chrome=1 onChain=1 qclass=Qtitan::DockDocumentTabbedLayoutPanel
[hider] strip-occupant hwnd=0000000003510B5C rect=[0,29,1920,1020] vis=1 chrome=1 onChain=1 qclass=Qtitan::DockWidgetPanel
[hider] viewport = 00000000015B0C88 qclass=RBX::Studio::QEngineWidget
[hider] pass: viewport=00000000015B0C88 chainLen=10 newlyBlocked=0 alreadyBlocked=10 totalWins=31
[hider] strip-diag: mainClientBottom=1020 viewport=[0,29,1920,1020] (coversBottom=1)
[hider] strip-occupant hwnd=0000000001A50D46 rect=[0,29,1920,1020] vis=1 chrome=0 onChain=1 qclass=QWidget
[hider] strip-occupant hwnd=0000000000770CCE rect=[0,29,1920,1020] vis=1 chrome=1 onChain=1 qclass=Qtitan::DockSplitLayoutPanel
[hider] strip-occupant hwnd=0000000000430DDE rect=[0,29,1920,1020] vis=1 chrome=1 onChain=1 qclass=Qtitan::DockSplitLayoutPanel
[hider] strip-occupant hwnd=0000000000F30BBA rect=[0,29,1920,1020] vis=1 chrome=1 onChain=1 qclass=Qtitan::DockSplitLayoutPanel
[hider] strip-occupant hwnd=0000000000CF0D5C rect=[0,29,1920,1020] vis=1 chrome=1 onChain=1 qclass=Qtitan::DockSplitLayoutPanel
[hider] strip-occupant hwnd=00000000002401BA rect=[0,29,1920,1020] vis=1 chrome=1 onChain=1 qclass=Qtitan::DockDocumentLayoutPanel
[hider] strip-occupant hwnd=0000000000310C26 rect=[0,29,1920,1020] vis=1 chrome=1 onChain=1 qclass=Qtitan::DockDocumentTabbedLayoutPanel
[hider] strip-occupant hwnd=0000000003510B5C rect=[0,29,1920,1020] vis=1 chrome=1 onChain=1 qclass=Qtitan::DockWidgetPanel
[hider] viewport = 00000000015B0C88 qclass=RBX::Studio::QEngineWidget
[hider] pass: viewport=00000000015B0C88 chainLen=10 newlyBlocked=0 alreadyBlocked=10 totalWins=31
[hider] strip-diag: mainClientBottom=1020 viewport=[0,29,1920,1020] (coversBottom=1)
[hider] strip-occupant hwnd=0000000001A50D46 rect=[0,29,1920,1020] vis=1 chrome=0 onChain=1 qclass=QWidget
[hider] strip-occupant hwnd=0000000000770CCE rect=[0,29,1920,1020] vis=1 chrome=1 onChain=1 qclass=Qtitan::DockSplitLayoutPanel
[hider] strip-occupant hwnd=0000000000430DDE rect=[0,29,1920,1020] vis=1 chrome=1 onChain=1 qclass=Qtitan::DockSplitLayoutPanel
[hider] strip-occupant hwnd=0000000000F30BBA rect=[0,29,1920,1020] vis=1 chrome=1 onChain=1 qclass=Qtitan::DockSplitLayoutPanel
[hider] strip-occupant hwnd=0000000000CF0D5C rect=[0,29,1920,1020] vis=1 chrome=1 onChain=1 qclass=Qtitan::DockSplitLayoutPanel
[hider] strip-occupant hwnd=00000000002401BA rect=[0,29,1920,1020] vis=1 chrome=1 onChain=1 qclass=Qtitan::DockDocumentLayoutPanel
[hider] strip-occupant hwnd=0000000000310C26 rect=[0,29,1920,1020] vis=1 chrome=1 onChain=1 qclass=Qtitan::DockDocumentTabbedLayoutPanel
[hider] strip-occupant hwnd=0000000003510B5C rect=[0,29,1920,1020] vis=1 chrome=1 onChain=1 qclass=Qtitan::DockWidgetPanel
[hider] viewport = 00000000015B0C88 qclass=RBX::Studio::QEngineWidget
[hider] pass: viewport=00000000015B0C88 chainLen=10 newlyBlocked=0 alreadyBlocked=10 totalWins=31
[hider] strip-diag: mainClientBottom=1020 viewport=[0,29,1920,1020] (coversBottom=1)
[hider] strip-occupant hwnd=0000000001A50D46 rect=[0,29,1920,1020] vis=1 chrome=0 onChain=1 qclass=QWidget
[hider] strip-occupant hwnd=0000000000770CCE rect=[0,29,1920,1020] vis=1 chrome=1 onChain=1 qclass=Qtitan::DockSplitLayoutPanel
[hider] strip-occupant hwnd=0000000000430DDE rect=[0,29,1920,1020] vis=1 chrome=1 onChain=1 qclass=Qtitan::DockSplitLayoutPanel
[hider] strip-occupant hwnd=0000000000F30BBA rect=[0,29,1920,1020] vis=1 chrome=1 onChain=1 qclass=Qtitan::DockSplitLayoutPanel
[hider] strip-occupant hwnd=0000000000CF0D5C rect=[0,29,1920,1020] vis=1 chrome=1 onChain=1 qclass=Qtitan::DockSplitLayoutPanel
[hider] strip-occupant hwnd=00000000002401BA rect=[0,29,1920,1020] vis=1 chrome=1 onChain=1 qclass=Qtitan::DockDocumentLayoutPanel
[hider] strip-occupant hwnd=0000000000310C26 rect=[0,29,1920,1020] vis=1 chrome=1 onChain=1 qclass=Qtitan::DockDocumentTabbedLayoutPanel
[hider] strip-occupant hwnd=0000000003510B5C rect=[0,29,1920,1020] vis=1 chrome=1 onChain=1 qclass=Qtitan::DockWidgetPanel
[hider] viewport = 00000000015B0C88 qclass=RBX::Studio::QEngineWidget
[hider] pass: viewport=00000000015B0C88 chainLen=10 newlyBlocked=0 alreadyBlocked=10 totalWins=31
[hider] strip-diag: mainClientBottom=1020 viewport=[0,29,1920,1020] (coversBottom=1)
[hider] strip-occupant hwnd=0000000001A50D46 rect=[0,29,1920,1020] vis=1 chrome=0 onChain=1 qclass=QWidget
[hider] strip-occupant hwnd=0000000000770CCE rect=[0,29,1920,1020] vis=1 chrome=1 onChain=1 qclass=Qtitan::DockSplitLayoutPanel
[hider] strip-occupant hwnd=0000000000430DDE rect=[0,29,1920,1020] vis=1 chrome=1 onChain=1 qclass=Qtitan::DockSplitLayoutPanel
[hider] strip-occupant hwnd=0000000000F30BBA rect=[0,29,1920,1020] vis=1 chrome=1 onChain=1 qclass=Qtitan::DockSplitLayoutPanel
[hider] strip-occupant hwnd=0000000000CF0D5C rect=[0,29,1920,1020] vis=1 chrome=1 onChain=1 qclass=Qtitan::DockSplitLayoutPanel
[hider] strip-occupant hwnd=00000000002401BA rect=[0,29,1920,1020] vis=1 chrome=1 onChain=1 qclass=Qtitan::DockDocumentLayoutPanel
[hider] strip-occupant hwnd=0000000000310C26 rect=[0,29,1920,1020] vis=1 chrome=1 onChain=1 qclass=Qtitan::DockDocumentTabbedLayoutPanel
[hider] strip-occupant hwnd=0000000003510B5C rect=[0,29,1920,1020] vis=1 chrome=1 onChain=1 qclass=Qtitan::DockWidgetPanel
[hider] viewport = 00000000015B0C88 qclass=RBX::Studio::QEngineWidget
[hider] pass: viewport=00000000015B0C88 chainLen=10 newlyBlocked=0 alreadyBlocked=10 totalWins=31
[hider] strip-diag: mainClientBottom=1020 viewport=[0,29,1920,1020] (coversBottom=1)
[hider] strip-occupant hwnd=0000000001A50D46 rect=[0,29,1920,1020] vis=1 chrome=0 onChain=1 qclass=QWidget
[hider] strip-occupant hwnd=0000000000770CCE rect=[0,29,1920,1020] vis=1 chrome=1 onChain=1 qclass=Qtitan::DockSplitLayoutPanel
[hider] strip-occupant hwnd=0000000000430DDE rect=[0,29,1920,1020] vis=1 chrome=1 onChain=1 qclass=Qtitan::DockSplitLayoutPanel
[hider] strip-occupant hwnd=0000000000F30BBA rect=[0,29,1920,1020] vis=1 chrome=1 onChain=1 qclass=Qtitan::DockSplitLayoutPanel
[hider] strip-occupant hwnd=0000000000CF0D5C rect=[0,29,1920,1020] vis=1 chrome=1 onChain=1 qclass=Qtitan::DockSplitLayoutPanel
[hider] strip-occupant hwnd=00000000002401BA rect=[0,29,1920,1020] vis=1 chrome=1 onChain=1 qclass=Qtitan::DockDocumentLayoutPanel
[hider] strip-occupant hwnd=0000000000310C26 rect=[0,29,1920,1020] vis=1 chrome=1 onChain=1 qclass=Qtitan::DockDocumentTabbedLayoutPanel
[hider] strip-occupant hwnd=0000000003510B5C rect=[0,29,1920,1020] vis=1 chrome=1 onChain=1 qclass=Qtitan::DockWidgetPanel
[hider] viewport = 00000000015B0C88 qclass=RBX::Studio::QEngineWidget
[hider] pass: viewport=00000000015B0C88 chainLen=10 newlyBlocked=0 alreadyBlocked=10 totalWins=31
[hider] strip-diag: mainClientBottom=1020 viewport=[0,29,1920,1020] (coversBottom=1)
[hider] strip-occupant hwnd=0000000001A50D46 rect=[0,29,1920,1020] vis=1 chrome=0 onChain=1 qclass=QWidget
[hider] strip-occupant hwnd=0000000000770CCE rect=[0,29,1920,1020] vis=1 chrome=1 onChain=1 qclass=Qtitan::DockSplitLayoutPanel
[hider] strip-occupant hwnd=0000000000430DDE rect=[0,29,1920,1020] vis=1 chrome=1 onChain=1 qclass=Qtitan::DockSplitLayoutPanel
[hider] strip-occupant hwnd=0000000000F30BBA rect=[0,29,1920,1020] vis=1 chrome=1 onChain=1 qclass=Qtitan::DockSplitLayoutPanel
[hider] strip-occupant hwnd=0000000000CF0D5C rect=[0,29,1920,1020] vis=1 chrome=1 onChain=1 qclass=Qtitan::DockSplitLayoutPanel
[hider] strip-occupant hwnd=00000000002401BA rect=[0,29,1920,1020] vis=1 chrome=1 onChain=1 qclass=Qtitan::DockDocumentLayoutPanel
[hider] strip-occupant hwnd=0000000000310C26 rect=[0,29,1920,1020] vis=1 chrome=1 onChain=1 qclass=Qtitan::DockDocumentTabbedLayoutPanel
[hider] strip-occupant hwnd=0000000003510B5C rect=[0,29,1920,1020] vis=1 chrome=1 onChain=1 qclass=Qtitan::DockWidgetPanel
[hider] viewport = 00000000015B0C88 qclass=RBX::Studio::QEngineWidget
[hider] pass: viewport=00000000015B0C88 chainLen=10 newlyBlocked=0 alreadyBlocked=10 totalWins=31
[hider] viewport = 00000000015B0C88 qclass=RBX::Studio::QEngineWidget
[hider] pass: viewport=00000000015B0C88 chainLen=10 newlyBlocked=0 alreadyBlocked=10 totalWins=31
[hider] viewport = 00000000015B0C88 qclass=RBX::Studio::QEngineWidget
[hider] pass: viewport=00000000015B0C88 chainLen=10 newlyBlocked=0 alreadyBlocked=10 totalWins=31
[hider] viewport = 00000000015B0C88 qclass=RBX::Studio::QEngineWidget
[hider] pass: viewport=00000000015B0C88 chainLen=10 newlyBlocked=0 alreadyBlocked=10 totalWins=31
[hider] viewport = 00000000015B0C88 qclass=RBX::Studio::QEngineWidget
[hider] pass: viewport=00000000015B0C88 chainLen=10 newlyBlocked=0 alreadyBlocked=10 totalWins=31
[hider] viewport = 00000000015B0C88 qclass=RBX::Studio::QEngineWidget
[hider] pass: viewport=00000000015B0C88 chainLen=10 newlyBlocked=0 alreadyBlocked=10 totalWins=31
[udp_relay] SEND magic to 127.0.0.1:25565 username='HearMeRoar'
[udp_relay] RECV magic from 127.0.0.1:63464 username='HearMeRoar' userId=0 accountAge=3650 haveId=1, patching now
[name_patcher] x64 name updated to 'HearMeRoar'
[name_patcher] relayed identity: userId=0 accountAge=3650
[udp_relay] POSTed appearance for 'HearMeRoar' (1266 chars) -> https://127.0.0.1:443 ok=1
[hider] viewport = 00000000015B0C88 qclass=RBX::Studio::QEngineWidget
[hider] pass: viewport=00000000015B0C88 chainLen=10 newlyBlocked=0 alreadyBlocked=10 totalWins=31
[hider]  hwnd=0000000001A50D46 parent=0000000000710A78 vis=1 area=1902720 chrome=0 qclass=QWidget
[hider]  hwnd=0000000001210862 parent=0000000001A50D46 vis=1 area=1459200 chrome=1 qclass=Qtitan::DockSplitLayoutPanel
[hider]  hwnd=0000000001CD082C parent=0000000001210862 vis=1 area=1459200 chrome=1 qclass=Qtitan::DockSplitLayoutPanel
[hider]  hwnd=0000000000360E62 parent=0000000001CD082C vis=1 area=938880 chrome=1 qclass=Qtitan::DockSplitLayoutPanel
[hider]  hwnd=0000000000440DDE parent=0000000000360E62 vis=1 area=828855 chrome=1 qclass=Qtitan::DockSplitLayoutPanel
[hider]  hwnd=0000000000F40BBA parent=0000000000440DDE vis=1 area=828855 chrome=1 qclass=Qtitan::DockDocumentLayoutPanel
[hider]  hwnd=0000000000D00D5C parent=0000000000F40BBA vis=1 area=828855 chrome=1 qclass=Qtitan::DockDocumentTabbedLayoutPanel
[hider]  hwnd=0000000000780CCE parent=0000000000D00D5C vis=1 area=772920 chrome=1 qclass=Qtitan::DockDocumentPanel
[hider]  hwnd=0000000000E20E1E parent=0000000000780CCE vis=1 area=768622 chrome=0 qclass=QStackedWidget
[hider]  hwnd=0000000000A90B46 parent=0000000000E20E1E vis=1 area=768622 chrome=0 qclass=QWidget
[hider]  hwnd=0000000000280EDC parent=0000000000A90B46 vis=1 area=768622 chrome=0 qclass=QScrollArea
[hider]  hwnd=00000000002C0EF0 parent=0000000000280EDC vis=1 area=757912 chrome=0 qclass=QWidget
[hider]  hwnd=00000000005C0F44 parent=00000000002C0EF0 vis=1 area=757912 chrome=0 qclass=QWidget
[hider]  hwnd=0000000000210C6C parent=00000000005C0F44 vis=1 area=757912 chrome=0 qclass=QWidget
[hider]  hwnd=0000000000FE0D6E parent=0000000000210C6C vis=1 area=757912 chrome=0 qclass=RBX::Studio::QEngineWidget
[hider]  hwnd=0000000000A309E2 parent=0000000000FE0D6E vis=0 area=4750 chrome=0 qclass=QLabel
[hider]  hwnd=0000000000410F7C parent=0000000000FE0D6E vis=0 area=4750 chrome=0 qclass=QLabel
[hider]  hwnd=00000000001C0E82 parent=0000000000360E62 vis=1 area=108069 chrome=1 qclass=Qtitan::DockSplitLayoutPanel
[hider]  hwnd=00000000015C0C88 parent=00000000001C0E82 vis=1 area=65195 chrome=1 qclass=Qtitan::DockTabbedLayoutPanel
[hider]  hwnd=0000000000320C26 parent=00000000015C0C88 vis=1 area=65416 chrome=1 qclass=Qtitan::DockWidgetPanel
[hider]  hwnd=0000000003520B5C parent=0000000000320C26 vis=1 area=58035 chrome=0 qclass=RBX::Studio::QEngineWidget
[hider]  hwnd=00000000011C0568 parent=00000000001C0E82 vis=1 area=41990 chrome=1 qclass=Qtitan::DockTabbedLayoutPanel
[hider]  hwnd=0000000000140E08 parent=00000000011C0568 vis=0 area=0 chrome=1 qclass=Qtitan::DockWidgetPanel
[hider]  hwnd=0000000000260C66 parent=0000000001CD082C vis=1 area=514560 chrome=1 qclass=Qtitan::DockSplitLayoutPanel
[hider]  hwnd=0000000002900B3C parent=0000000000260C66 vis=1 area=514560 chrome=1 qclass=Qtitan::DockTabbedLayoutPanel
[hider]  hwnd=0000000000CB09CA parent=0000000002900B3C vis=0 area=0 chrome=1 qclass=Qtitan::DockWidgetPanel
[hider]  hwnd=0000000001110798 parent=0000000000710A78 vis=1 area=278400 chrome=0 qclass=RBX::Studio::TopBar
[hider]  hwnd=0000000000C20454 parent=0000000001110798 vis=1 area=228480 chrome=0 qclass=PluginPanelCustom
[hider]  hwnd=00000000025E0BF6 parent=0000000000C20454 vis=1 area=228480 chrome=0 qclass=RBX::Studio::QEngineWidget
[hider]  hwnd=0000000000B4086E parent=0000000000710A78 vis=0 area=0 chrome=1 qclass=Qtitan::DockWidgetPanel
[hider]  hwnd=0000000000240D40 parent=0000000000710A78 vis=0 area=0 chrome=1 qclass=Qtitan::DockWidgetPanel
[hider]  hwnd=0000000002FD0DAA parent=0000000000710A78 vis=0 area=0 chrome=1 qclass=Qtitan::DockWidgetPanel
[hider]  hwnd=000000000088084C parent=0000000000710A78 vis=0 area=0 chrome=1 qclass=Qtitan::DockWidgetPanel
[hider]  hwnd=00000000018705EA parent=0000000000710A78 vis=0 area=0 chrome=1 qclass=Qtitan::DockWidgetPanel
[hider]  hwnd=0000000000860AD0 parent=0000000000710A78 vis=0 area=0 chrome=1 qclass=Qtitan::DockWidgetPanel
[hider]  hwnd=0000000002E107D0 parent=0000000000710A78 vis=0 area=0 chrome=1 qclass=Qtitan::DockWidgetPanel
[hider]  hwnd=00000000001B0D92 parent=0000000000710A78 vis=0 area=0 chrome=1 qclass=Qtitan::DockWidgetPanel
[hider] viewport = 0000000000FE0D6E qclass=RBX::Studio::QEngineWidget
[hider] pass: viewport=0000000000FE0D6E chainLen=16 newlyBlocked=6 alreadyBlocked=10 totalWins=37
[hider] viewport = 0000000000FE0D6E qclass=RBX::Studio::QEngineWidget
[hider] pass: viewport=0000000000FE0D6E chainLen=16 newlyBlocked=0 alreadyBlocked=16 totalWins=37
[hider] viewport = 0000000000FE0D6E qclass=RBX::Studio::QEngineWidget
[hider] pass: viewport=0000000000FE0D6E chainLen=16 newlyBlocked=0 alreadyBlocked=16 totalWins=37
[hider] viewport = 0000000000FE0D6E qclass=RBX::Studio::QEngineWidget
[hider] pass: viewport=0000000000FE0D6E chainLen=16 newlyBlocked=0 alreadyBlocked=16 totalWins=37
[hider] viewport = 0000000000FE0D6E qclass=RBX::Studio::QEngineWidget
[hider] pass: viewport=0000000000FE0D6E chainLen=16 newlyBlocked=0 alreadyBlocked=16 totalWins=37
[hider] viewport = 0000000000FE0D6E qclass=RBX::Studio::QEngineWidget
[hider] pass: viewport=0000000000FE0D6E chainLen=16 newlyBlocked=0 alreadyBlocked=16 totalWins=37
[hider] viewport = 0000000000FE0D6E qclass=RBX::Studio::QEngineWidget
[hider] pass: viewport=0000000000FE0D6E chainLen=16 newlyBlocked=0 alreadyBlocked=16 totalWins=37
[hider] viewport = 0000000000FE0D6E qclass=RBX::Studio::QEngineWidget
[hider] pass: viewport=0000000000FE0D6E chainLen=16 newlyBlocked=0 alreadyBlocked=16 totalWins=37
[hider] viewport = 0000000000FE0D6E qclass=RBX::Studio::QEngineWidget
[hider] pass: viewport=0000000000FE0D6E chainLen=16 newlyBlocked=0 alreadyBlocked=16 totalWins=37
[hider] viewport = 0000000000FE0D6E qclass=RBX::Studio::QEngineWidget
[hider] pass: viewport=0000000000FE0D6E chainLen=16 newlyBlocked=0 alreadyBlocked=16 totalWins=37
[hider] viewport = 0000000000FE0D6E qclass=RBX::Studio::QEngineWidget
[hider] pass: viewport=0000000000FE0D6E chainLen=16 newlyBlocked=0 alreadyBlocked=16 totalWins=37
[hider] viewport = 0000000000FE0D6E qclass=RBX::Studio::QEngineWidget
[hider] pass: viewport=0000000000FE0D6E chainLen=16 newlyBlocked=0 alreadyBlocked=16 totalWins=37
[hider] viewport = 0000000000FE0D6E qclass=RBX::Studio::QEngineWidget
[hider] pass: viewport=0000000000FE0D6E chainLen=16 newlyBlocked=0 alreadyBlocked=16 totalWins=37
[hider] viewport = 0000000000FE0D6E qclass=RBX::Studio::QEngineWidget
[hider] pass: viewport=0000000000FE0D6E chainLen=16 newlyBlocked=0 alreadyBlocked=16 totalWins=37
[hider] viewport = 0000000000FE0D6E qclass=RBX::Studio::QEngineWidget
[hider] pass: viewport=0000000000FE0D6E chainLen=16 newlyBlocked=0 alreadyBlocked=16 totalWins=37
[hider] viewport = 0000000000FE0D6E qclass=RBX::Studio::QEngineWidget
[hider] pass: viewport=0000000000FE0D6E chainLen=16 newlyBlocked=0 alreadyBlocked=16 totalWins=37
[hider] viewport = 0000000000FE0D6E qclass=RBX::Studio::QEngineWidget
[hider] pass: viewport=0000000000FE0D6E chainLen=16 newlyBlocked=0 alreadyBlocked=16 totalWins=37
[hider] viewport = 0000000000FE0D6E qclass=RBX::Studio::QEngineWidget
[hider] pass: viewport=0000000000FE0D6E chainLen=16 newlyBlocked=0 alreadyBlocked=16 totalWins=37
[hider] viewport = 0000000000FE0D6E qclass=RBX::Studio::QEngineWidget
[hider] pass: viewport=0000000000FE0D6E chainLen=16 newlyBlocked=0 alreadyBlocked=16 totalWins=37
[hider] viewport = 0000000000FE0D6E qclass=RBX::Studio::QEngineWidget
[hider] pass: viewport=0000000000FE0D6E chainLen=16 newlyBlocked=0 alreadyBlocked=16 totalWins=37
[hider] viewport = 0000000000FE0D6E qclass=RBX::Studio::QEngineWidget
[hider] pass: viewport=0000000000FE0D6E chainLen=16 newlyBlocked=0 alreadyBlocked=16 totalWins=37
[hider] viewport = 0000000000FE0D6E qclass=RBX::Studio::QEngineWidget
[hider] pass: viewport=0000000000FE0D6E chainLen=16 newlyBlocked=0 alreadyBlocked=16 totalWins=37
[hider] viewport = 0000000000FE0D6E qclass=RBX::Studio::QEngineWidget
[hider] pass: viewport=0000000000FE0D6E chainLen=16 newlyBlocked=0 alreadyBlocked=16 totalWins=37
[hider] viewport = 0000000000FE0D6E qclass=RBX::Studio::QEngineWidget
[hider] pass: viewport=0000000000FE0D6E chainLen=16 newlyBlocked=0 alreadyBlocked=16 totalWins=37
[hider] viewport = 0000000000FE0D6E qclass=RBX::Studio::QEngineWidget
[hider] pass: viewport=0000000000FE0D6E chainLen=16 newlyBlocked=0 alreadyBlocked=16 totalWins=37
[hider] viewport = 0000000000FE0D6E qclass=RBX::Studio::QEngineWidget
[hider] pass: viewport=0000000000FE0D6E chainLen=16 newlyBlocked=0 alreadyBlocked=16 totalWins=37
[hider] viewport = 0000000000FE0D6E qclass=RBX::Studio::QEngineWidget
[hider] pass: viewport=0000000000FE0D6E chainLen=16 newlyBlocked=0 alreadyBlocked=16 totalWins=37
[hider] viewport = 0000000000FE0D6E qclass=RBX::Studio::QEngineWidget
[hider] pass: viewport=0000000000FE0D6E chainLen=16 newlyBlocked=0 alreadyBlocked=16 totalWins=37
[hider] viewport = 0000000000FE0D6E qclass=RBX::Studio::QEngineWidget
[hider] pass: viewport=0000000000FE0D6E chainLen=16 newlyBlocked=0 alreadyBlocked=16 totalWins=37
[hider] viewport = 0000000000FE0D6E qclass=RBX::Studio::QEngineWidget
[hider] pass: viewport=0000000000FE0D6E chainLen=16 newlyBlocked=0 alreadyBlocked=16 totalWins=37
[hider] viewport = 0000000000FE0D6E qclass=RBX::Studio::QEngineWidget
[hider] pass: viewport=0000000000FE0D6E chainLen=16 newlyBlocked=0 alreadyBlocked=16 totalWins=37
[hider] viewport = 0000000000FE0D6E qclass=RBX::Studio::QEngineWidget
[hider] pass: viewport=0000000000FE0D6E chainLen=16 newlyBlocked=0 alreadyBlocked=16 totalWins=37
[hider] viewport = 0000000000FE0D6E qclass=RBX::Studio::QEngineWidget
[hider] pass: viewport=0000000000FE0D6E chainLen=16 newlyBlocked=0 alreadyBlocked=16 totalWins=37
[hider] viewport = 0000000000FE0D6E qclass=RBX::Studio::QEngineWidget
[hider] pass: viewport=0000000000FE0D6E chainLen=16 newlyBlocked=0 alreadyBlocked=16 totalWins=37
[hider] viewport = 0000000000FE0D6E qclass=RBX::Studio::QEngineWidget
[hider] pass: viewport=0000000000FE0D6E chainLen=16 newlyBlocked=0 alreadyBlocked=16 totalWins=37
[hider] viewport = 0000000000FE0D6E qclass=RBX::Studio::QEngineWidget
[hider] pass: viewport=0000000000FE0D6E chainLen=16 newlyBlocked=0 alreadyBlocked=16 totalWins=37
[hider] viewport = 0000000000FE0D6E qclass=RBX::Studio::QEngineWidget
[hider] pass: viewport=0000000000FE0D6E chainLen=16 newlyBlocked=0 alreadyBlocked=16 totalWins=37
[hider] viewport = 0000000000FE0D6E qclass=RBX::Studio::QEngineWidget
[hider] pass: viewport=0000000000FE0D6E chainLen=16 newlyBlocked=0 alreadyBlocked=16 totalWins=37
[hider] viewport = 0000000000FE0D6E qclass=RBX::Studio::QEngineWidget
[hider] pass: viewport=0000000000FE0D6E chainLen=16 newlyBlocked=0 alreadyBlocked=16 totalWins=37
[hider] viewport = 0000000000FE0D6E qclass=RBX::Studio::QEngineWidget
[hider] pass: viewport=0000000000FE0D6E chainLen=16 newlyBlocked=0 alreadyBlocked=16 totalWins=37
[hider] viewport = 0000000000FE0D6E qclass=RBX::Studio::QEngineWidget
[hider] pass: viewport=0000000000FE0D6E chainLen=16 newlyBlocked=0 alreadyBlocked=16 totalWins=37
[hider] viewport = 0000000000FE0D6E qclass=RBX::Studio::QEngineWidget
[hider] pass: viewport=0000000000FE0D6E chainLen=16 newlyBlocked=0 alreadyBlocked=16 totalWins=37
[hider] viewport = 0000000000FE0D6E qclass=RBX::Studio::QEngineWidget
[hider] pass: viewport=0000000000FE0D6E chainLen=16 newlyBlocked=0 alreadyBlocked=16 totalWins=37
[hider] viewport = 0000000000FE0D6E qclass=RBX::Studio::QEngineWidget
[hider] pass: viewport=0000000000FE0D6E chainLen=16 newlyBlocked=0 alreadyBlocked=16 totalWins=37
[hider] viewport = 0000000000FE0D6E qclass=RBX::Studio::QEngineWidget
[hider] pass: viewport=0000000000FE0D6E chainLen=16 newlyBlocked=0 alreadyBlocked=16 totalWins=37
[hider] viewport = 0000000000FE0D6E qclass=RBX::Studio::QEngineWidget
[hider] pass: viewport=0000000000FE0D6E chainLen=16 newlyBlocked=0 alreadyBlocked=16 totalWins=37
[hider] viewport = 0000000000FE0D6E qclass=RBX::Studio::QEngineWidget
[hider] pass: viewport=0000000000FE0D6E chainLen=16 newlyBlocked=0 alreadyBlocked=16 totalWins=37
[hider] viewport = 0000000000FE0D6E qclass=RBX::Studio::QEngineWidget
[hider] pass: viewport=0000000000FE0D6E chainLen=16 newlyBlocked=0 alreadyBlocked=16 totalWins=37
[hider] viewport = 0000000000FE0D6E qclass=RBX::Studio::QEngineWidget
[hider] pass: viewport=0000000000FE0D6E chainLen=16 newlyBlocked=0 alreadyBlocked=16 totalWins=37
[hider] viewport = 0000000000FE0D6E qclass=RBX::Studio::QEngineWidget
[hider] pass: viewport=0000000000FE0D6E chainLen=16 newlyBlocked=0 alreadyBlocked=16 totalWins=37
[hider] viewport = 0000000000FE0D6E qclass=RBX::Studio::QEngineWidget
[hider] pass: viewport=0000000000FE0D6E chainLen=16 newlyBlocked=0 alreadyBlocked=16 totalWins=37
[hider] viewport = 0000000000FE0D6E qclass=RBX::Studio::QEngineWidget
[hider] pass: viewport=0000000000FE0D6E chainLen=16 newlyBlocked=0 alreadyBlocked=16 totalWins=37
[hider] viewport = 0000000000FE0D6E qclass=RBX::Studio::QEngineWidget
[hider] pass: viewport=0000000000FE0D6E chainLen=16 newlyBlocked=0 alreadyBlocked=16 totalWins=37
[hider] viewport = 0000000000FE0D6E qclass=RBX::Studio::QEngineWidget
[hider] pass: viewport=0000000000FE0D6E chainLen=16 newlyBlocked=0 alreadyBlocked=16 totalWins=37
[hider] viewport = 0000000000FE0D6E qclass=RBX::Studio::QEngineWidget
[hider] pass: viewport=0000000000FE0D6E chainLen=16 newlyBlocked=0 alreadyBlocked=16 totalWins=37
[hider] viewport = 0000000000FE0D6E qclass=RBX::Studio::QEngineWidget
[hider] pass: viewport=0000000000FE0D6E chainLen=16 newlyBlocked=0 alreadyBlocked=16 totalWins=37
[hider] viewport = 0000000000FE0D6E qclass=RBX::Studio::QEngineWidget
[hider] pass: viewport=0000000000FE0D6E chainLen=16 newlyBlocked=0 alreadyBlocked=16 totalWins=37
[hider] viewport = 0000000000FE0D6E qclass=RBX::Studio::QEngineWidget
[hider] pass: viewport=0000000000FE0D6E chainLen=16 newlyBlocked=0 alreadyBlocked=16 totalWins=37
[hider] viewport = 0000000000FE0D6E qclass=RBX::Studio::QEngineWidget
[hider] pass: viewport=0000000000FE0D6E chainLen=16 newlyBlocked=0 alreadyBlocked=16 totalWins=37
[hider] viewport = 0000000000FE0D6E qclass=RBX::Studio::QEngineWidget
[hider] pass: viewport=0000000000FE0D6E chainLen=16 newlyBlocked=0 alreadyBlocked=16 totalWins=37
[hider] viewport = 0000000000FE0D6E qclass=RBX::Studio::QEngineWidget
[hider] pass: viewport=0000000000FE0D6E chainLen=16 newlyBlocked=0 alreadyBlocked=16 totalWins=37
[hider] viewport = 0000000000FE0D6E qclass=RBX::Studio::QEngineWidget
[hider] pass: viewport=0000000000FE0D6E chainLen=16 newlyBlocked=0 alreadyBlocked=16 totalWins=37
[hider] viewport = 0000000000FE0D6E qclass=RBX::Studio::QEngineWidget
[hider] pass: viewport=0000000000FE0D6E chainLen=16 newlyBlocked=0 alreadyBlocked=16 totalWins=37
[hider] viewport = 0000000000FE0D6E qclass=RBX::Studio::QEngineWidget
[hider] pass: viewport=0000000000FE0D6E chainLen=16 newlyBlocked=0 alreadyBlocked=16 totalWins=37
[hider] viewport = 0000000000FE0D6E qclass=RBX::Studio::QEngineWidget
[hider] pass: viewport=0000000000FE0D6E chainLen=16 newlyBlocked=0 alreadyBlocked=16 totalWins=37
[hider] viewport = 0000000000FE0D6E qclass=RBX::Studio::QEngineWidget
[hider] pass: viewport=0000000000FE0D6E chainLen=16 newlyBlocked=0 alreadyBlocked=16 totalWins=37
[hider] viewport = 0000000000FE0D6E qclass=RBX::Studio::QEngineWidget
[hider] pass: viewport=0000000000FE0D6E chainLen=16 newlyBlocked=0 alreadyBlocked=16 totalWins=37
[hider] viewport = 0000000000FE0D6E qclass=RBX::Studio::QEngineWidget
[hider] pass: viewport=0000000000FE0D6E chainLen=16 newlyBlocked=0 alreadyBlocked=16 totalWins=37
[hider] viewport = 0000000000FE0D6E qclass=RBX::Studio::QEngineWidget
[hider] pass: viewport=0000000000FE0D6E chainLen=16 newlyBlocked=0 alreadyBlocked=16 totalWins=37
[hider] viewport = 0000000000FE0D6E qclass=RBX::Studio::QEngineWidget
[hider] pass: viewport=0000000000FE0D6E chainLen=16 newlyBlocked=0 alreadyBlocked=16 totalWins=37
[hider] viewport = 0000000000FE0D6E qclass=RBX::Studio::QEngineWidget
[hider] pass: viewport=0000000000FE0D6E chainLen=16 newlyBlocked=0 alreadyBlocked=16 totalWins=37
[hider] viewport = 0000000000FE0D6E qclass=RBX::Studio::QEngineWidget
[hider] pass: viewport=0000000000FE0D6E chainLen=16 newlyBlocked=0 alreadyBlocked=16 totalWins=37
[hider] viewport = 0000000000FE0D6E qclass=RBX::Studio::QEngineWidget
[hider] pass: viewport=0000000000FE0D6E chainLen=16 newlyBlocked=0 alreadyBlocked=16 totalWins=37
[hider] viewport = 0000000000FE0D6E qclass=RBX::Studio::QEngineWidget
[hider] pass: viewport=0000000000FE0D6E chainLen=16 newlyBlocked=0 alreadyBlocked=16 totalWins=37
[hider] viewport = 0000000000FE0D6E qclass=RBX::Studio::QEngineWidget
[hider] pass: viewport=0000000000FE0D6E chainLen=16 newlyBlocked=0 alreadyBlocked=16 totalWins=37
[hider] viewport = 0000000000FE0D6E qclass=RBX::Studio::QEngineWidget
[hider] pass: viewport=0000000000FE0D6E chainLen=16 newlyBlocked=0 alreadyBlocked=16 totalWins=37
[hider] viewport = 0000000000FE0D6E qclass=RBX::Studio::QEngineWidget
[hider] pass: viewport=0000000000FE0D6E chainLen=16 newlyBlocked=0 alreadyBlocked=16 totalWins=37
[hider] viewport = 0000000000FE0D6E qclass=RBX::Studio::QEngineWidget
[hider] pass: viewport=0000000000FE0D6E chainLen=16 newlyBlocked=0 alreadyBlocked=16 totalWins=37
[hider] viewport = 0000000000FE0D6E qclass=RBX::Studio::QEngineWidget
[hider] pass: viewport=0000000000FE0D6E chainLen=16 newlyBlocked=0 alreadyBlocked=16 totalWins=37
[hider] viewport = 0000000000FE0D6E qclass=RBX::Studio::QEngineWidget
[hider] pass: viewport=0000000000FE0D6E chainLen=16 newlyBlocked=0 alreadyBlocked=16 totalWins=37
[hider] viewport = 0000000000FE0D6E qclass=RBX::Studio::QEngineWidget
[hider] pass: viewport=0000000000FE0D6E chainLen=16 newlyBlocked=0 alreadyBlocked=16 totalWins=37
[hider] viewport = 0000000000FE0D6E qclass=RBX::Studio::QEngineWidget
[hider] pass: viewport=0000000000FE0D6E chainLen=16 newlyBlocked=0 alreadyBlocked=16 totalWins=37
[hider] viewport = 0000000000FE0D6E qclass=RBX::Studio::QEngineWidget
[hider] pass: viewport=0000000000FE0D6E chainLen=16 newlyBlocked=0 alreadyBlocked=16 totalWins=37
[hider] viewport = 0000000000FE0D6E qclass=RBX::Studio::QEngineWidget
[hider] pass: viewport=0000000000FE0D6E chainLen=16 newlyBlocked=0 alreadyBlocked=16 totalWins=37
[hider] viewport = 0000000000FE0D6E qclass=RBX::Studio::QEngineWidget
[hider] pass: viewport=0000000000FE0D6E chainLen=16 newlyBlocked=0 alreadyBlocked=16 totalWins=37
[hider] viewport = 0000000000FE0D6E qclass=RBX::Studio::QEngineWidget
[hider] pass: viewport=0000000000FE0D6E chainLen=16 newlyBlocked=0 alreadyBlocked=16 totalWins=37
[hider] viewport = 0000000000FE0D6E qclass=RBX::Studio::QEngineWidget
[hider] pass: viewport=0000000000FE0D6E chainLen=16 newlyBlocked=0 alreadyBlocked=16 totalWins=37
[hider] viewport = 0000000000FE0D6E qclass=RBX::Studio::QEngineWidget
[hider] pass: viewport=0000000000FE0D6E chainLen=16 newlyBlocked=0 alreadyBlocked=16 totalWins=37
[hider] viewport = 0000000000FE0D6E qclass=RBX::Studio::QEngineWidget
[hider] pass: viewport=0000000000FE0D6E chainLen=16 newlyBlocked=0 alreadyBlocked=16 totalWins=37
[hider] viewport = 0000000000FE0D6E qclass=RBX::Studio::QEngineWidget
[hider] pass: viewport=0000000000FE0D6E chainLen=16 newlyBlocked=0 alreadyBlocked=16 totalWins=37
[hider] viewport = 0000000000FE0D6E qclass=RBX::Studio::QEngineWidget
[hider] pass: viewport=0000000000FE0D6E chainLen=16 newlyBlocked=0 alreadyBlocked=16 totalWins=37
[hider] viewport = 0000000000FE0D6E qclass=RBX::Studio::QEngineWidget
[hider] pass: viewport=0000000000FE0D6E chainLen=16 newlyBlocked=0 alreadyBlocked=16 totalWins=37
[hider] viewport = 0000000000FE0D6E qclass=RBX::Studio::QEngineWidget
[hider] pass: viewport=0000000000FE0D6E chainLen=16 newlyBlocked=0 alreadyBlocked=16 totalWins=37
[hider] viewport = 0000000000FE0D6E qclass=RBX::Studio::QEngineWidget
[hider] pass: viewport=0000000000FE0D6E chainLen=16 newlyBlocked=0 alreadyBlocked=16 totalWins=37
[hider] viewport = 0000000000FE0D6E qclass=RBX::Studio::QEngineWidget
[hider] pass: viewport=0000000000FE0D6E chainLen=16 newlyBlocked=0 alreadyBlocked=16 totalWins=37
[hider] viewport = 0000000000FE0D6E qclass=RBX::Studio::QEngineWidget
[hider] pass: viewport=0000000000FE0D6E chainLen=16 newlyBlocked=0 alreadyBlocked=16 totalWins=37
[hider] viewport = 0000000000FE0D6E qclass=RBX::Studio::QEngineWidget
[hider] pass: viewport=0000000000FE0D6E chainLen=16 newlyBlocked=0 alreadyBlocked=16 totalWins=37
[hider] viewport = 0000000000FE0D6E qclass=RBX::Studio::QEngineWidget
[hider] pass: viewport=0000000000FE0D6E chainLen=16 newlyBlocked=0 alreadyBlocked=16 totalWins=37
[hider] viewport = 0000000000FE0D6E qclass=RBX::Studio::QEngineWidget
[hider] pass: viewport=0000000000FE0D6E chainLen=16 newlyBlocked=0 alreadyBlocked=16 totalWins=37
[hider] viewport = 0000000000FE0D6E qclass=RBX::Studio::QEngineWidget
[hider] pass: viewport=0000000000FE0D6E chainLen=16 newlyBlocked=0 alreadyBlocked=16 totalWins=37
[hider] viewport = 0000000000FE0D6E qclass=RBX::Studio::QEngineWidget
[hider] pass: viewport=0000000000FE0D6E chainLen=16 newlyBlocked=0 alreadyBlocked=16 totalWins=37
[hider] viewport = 0000000000FE0D6E qclass=RBX::Studio::QEngineWidget
[hider] pass: viewport=0000000000FE0D6E chainLen=16 newlyBlocked=0 alreadyBlocked=16 totalWins=37
[hider] viewport = 0000000000FE0D6E qclass=RBX::Studio::QEngineWidget
[hider] pass: viewport=0000000000FE0D6E chainLen=16 newlyBlocked=0 alreadyBlocked=16 totalWins=37
[hider] viewport = 0000000000FE0D6E qclass=RBX::Studio::QEngineWidget
[hider] pass: viewport=0000000000FE0D6E chainLen=16 newlyBlocked=0 alreadyBlocked=16 totalWins=37
[hider] viewport = 0000000000FE0D6E qclass=RBX::Studio::QEngineWidget
[hider] pass: viewport=0000000000FE0D6E chainLen=16 newlyBlocked=0 alreadyBlocked=16 totalWins=37
[hider] viewport = 0000000000FE0D6E qclass=RBX::Studio::QEngineWidget
[hider] pass: viewport=0000000000FE0D6E chainLen=16 newlyBlocked=0 alreadyBlocked=16 totalWins=37
[hider] viewport = 0000000000FE0D6E qclass=RBX::Studio::QEngineWidget
[hider] pass: viewport=0000000000FE0D6E chainLen=16 newlyBlocked=0 alreadyBlocked=16 totalWins=37
[hider] viewport = 0000000000FE0D6E qclass=RBX::Studio::QEngineWidget
[hider] pass: viewport=0000000000FE0D6E chainLen=16 newlyBlocked=0 alreadyBlocked=16 totalWins=37
[hider] viewport = 0000000000FE0D6E qclass=RBX::Studio::QEngineWidget
[hider] pass: viewport=0000000000FE0D6E chainLen=16 newlyBlocked=0 alreadyBlocked=16 totalWins=37
[hider] viewport = 0000000000FE0D6E qclass=RBX::Studio::QEngineWidget
[hider] pass: viewport=0000000000FE0D6E chainLen=16 newlyBlocked=0 alreadyBlocked=16 totalWins=37
[hider] viewport = 0000000000FE0D6E qclass=RBX::Studio::QEngineWidget
[hider] pass: viewport=0000000000FE0D6E chainLen=16 newlyBlocked=0 alreadyBlocked=16 totalWins=37
[hider] viewport = 0000000000FE0D6E qclass=RBX::Studio::QEngineWidget
[hider] pass: viewport=0000000000FE0D6E chainLen=16 newlyBlocked=0 alreadyBlocked=16 totalWins=37
[hider] viewport = 0000000000FE0D6E qclass=RBX::Studio::QEngineWidget
[hider] pass: viewport=0000000000FE0D6E chainLen=16 newlyBlocked=0 alreadyBlocked=16 totalWins=37
[hider] viewport = 0000000000FE0D6E qclass=RBX::Studio::QEngineWidget
[hider] pass: viewport=0000000000FE0D6E chainLen=16 newlyBlocked=0 alreadyBlocked=16 totalWins=37
[hider] viewport = 0000000000FE0D6E qclass=RBX::Studio::QEngineWidget
[hider] pass: viewport=0000000000FE0D6E chainLen=16 newlyBlocked=0 alreadyBlocked=16 totalWins=37
[hider] viewport = 0000000000FE0D6E qclass=RBX::Studio::QEngineWidget
[hider] pass: viewport=0000000000FE0D6E chainLen=16 newlyBlocked=0 alreadyBlocked=16 totalWins=37
[hider] viewport = 0000000000FE0D6E qclass=RBX::Studio::QEngineWidget
[hider] pass: viewport=0000000000FE0D6E chainLen=16 newlyBlocked=0 alreadyBlocked=16 totalWins=37
[hider] viewport = 0000000000FE0D6E qclass=RBX::Studio::QEngineWidget
[hider] pass: viewport=0000000000FE0D6E chainLen=16 newlyBlocked=0 alreadyBlocked=16 totalWins=37
[hider] viewport = 0000000000FE0D6E qclass=RBX::Studio::QEngineWidget
[hider] pass: viewport=0000000000FE0D6E chainLen=16 newlyBlocked=0 alreadyBlocked=16 totalWins=37
[hider] viewport = 0000000000FE0D6E qclass=RBX::Studio::QEngineWidget
[hider] pass: viewport=0000000000FE0D6E chainLen=16 newlyBlocked=0 alreadyBlocked=16 totalWins=37
[hider] viewport = 0000000000FE0D6E qclass=RBX::Studio::QEngineWidget
[hider] pass: viewport=0000000000FE0D6E chainLen=16 newlyBlocked=0 alreadyBlocked=16 totalWins=37
[hider] viewport = 0000000000FE0D6E qclass=RBX::Studio::QEngineWidget
[hider] pass: viewport=0000000000FE0D6E chainLen=16 newlyBlocked=0 alreadyBlocked=16 totalWins=37
[hider] viewport = 0000000000FE0D6E qclass=RBX::Studio::QEngineWidget
[hider] pass: viewport=0000000000FE0D6E chainLen=16 newlyBlocked=0 alreadyBlocked=16 totalWins=37
[hider] viewport = 0000000000FE0D6E qclass=RBX::Studio::QEngineWidget
[hider] pass: viewport=0000000000FE0D6E chainLen=16 newlyBlocked=0 alreadyBlocked=16 totalWins=37
[hider] viewport = 0000000000FE0D6E qclass=RBX::Studio::QEngineWidget
[hider] pass: viewport=0000000000FE0D6E chainLen=16 newlyBlocked=0 alreadyBlocked=16 totalWins=37
[hider] viewport = 0000000000FE0D6E qclass=RBX::Studio::QEngineWidget
[hider] pass: viewport=0000000000FE0D6E chainLen=16 newlyBlocked=0 alreadyBlocked=16 totalWins=37
[hider] viewport = 0000000000FE0D6E qclass=RBX::Studio::QEngineWidget
[hider] pass: viewport=0000000000FE0D6E chainLen=16 newlyBlocked=0 alreadyBlocked=16 totalWins=37
[hider] viewport = 0000000000FE0D6E qclass=RBX::Studio::QEngineWidget
[hider] pass: viewport=0000000000FE0D6E chainLen=16 newlyBlocked=0 alreadyBlocked=16 totalWins=37
[hider] viewport = 0000000000FE0D6E qclass=RBX::Studio::QEngineWidget
[hider] pass: viewport=0000000000FE0D6E chainLen=16 newlyBlocked=0 alreadyBlocked=16 totalWins=37
[hider] viewport = 0000000000FE0D6E qclass=RBX::Studio::QEngineWidget
[hider] pass: viewport=0000000000FE0D6E chainLen=16 newlyBlocked=0 alreadyBlocked=16 totalWins=37
[hider] viewport = 0000000000FE0D6E qclass=RBX::Studio::QEngineWidget
[hider] pass: viewport=0000000000FE0D6E chainLen=16 newlyBlocked=0 alreadyBlocked=16 totalWins=37
[hider] viewport = 0000000000FE0D6E qclass=RBX::Studio::QEngineWidget
[hider] pass: viewport=0000000000FE0D6E chainLen=16 newlyBlocked=0 alreadyBlocked=16 totalWins=37
[hider] viewport = 0000000000FE0D6E qclass=RBX::Studio::QEngineWidget
[hider] pass: viewport=0000000000FE0D6E chainLen=16 newlyBlocked=0 alreadyBlocked=16 totalWins=37
[hider] viewport = 0000000000FE0D6E qclass=RBX::Studio::QEngineWidget
[hider] pass: viewport=0000000000FE0D6E chainLen=16 newlyBlocked=0 alreadyBlocked=16 totalWins=37
[hider] viewport = 0000000000FE0D6E qclass=RBX::Studio::QEngineWidget
[hider] pass: viewport=0000000000FE0D6E chainLen=16 newlyBlocked=0 alreadyBlocked=16 totalWins=37
[hider] viewport = 0000000000FE0D6E qclass=RBX::Studio::QEngineWidget
[hider] pass: viewport=0000000000FE0D6E chainLen=16 newlyBlocked=0 alreadyBlocked=16 totalWins=37
[hider] viewport = 0000000000FE0D6E qclass=RBX::Studio::QEngineWidget
[hider] pass: viewport=0000000000FE0D6E chainLen=16 newlyBlocked=0 alreadyBlocked=16 totalWins=37
[hider] viewport = 0000000000FE0D6E qclass=RBX::Studio::QEngineWidget
[hider] pass: viewport=0000000000FE0D6E chainLen=16 newlyBlocked=0 alreadyBlocked=16 totalWins=37
[hider] viewport = 0000000000FE0D6E qclass=RBX::Studio::QEngineWidget
[hider] pass: viewport=0000000000FE0D6E chainLen=16 newlyBlocked=0 alreadyBlocked=16 totalWins=37
[hider] viewport = 0000000000FE0D6E qclass=RBX::Studio::QEngineWidget
[hider] pass: viewport=0000000000FE0D6E chainLen=16 newlyBlocked=0 alreadyBlocked=16 totalWins=37
[hider] viewport = 0000000000FE0D6E qclass=RBX::Studio::QEngineWidget
[hider] pass: viewport=0000000000FE0D6E chainLen=16 newlyBlocked=0 alreadyBlocked=16 totalWins=37
[hider] viewport = 0000000000FE0D6E qclass=RBX::Studio::QEngineWidget
[hider] pass: viewport=0000000000FE0D6E chainLen=16 newlyBlocked=0 alreadyBlocked=16 totalWins=37
[hider] viewport = 0000000000FE0D6E qclass=RBX::Studio::QEngineWidget
[hider] pass: viewport=0000000000FE0D6E chainLen=16 newlyBlocked=0 alreadyBlocked=16 totalWins=37
[hider] viewport = 0000000000FE0D6E qclass=RBX::Studio::QEngineWidget
[hider] pass: viewport=0000000000FE0D6E chainLen=16 newlyBlocked=0 alreadyBlocked=16 totalWins=37
[hider] viewport = 0000000000FE0D6E qclass=RBX::Studio::QEngineWidget
[hider] pass: viewport=0000000000FE0D6E chainLen=16 newlyBlocked=0 alreadyBlocked=16 totalWins=37
[hider] viewport = 0000000000FE0D6E qclass=RBX::Studio::QEngineWidget
[hider] pass: viewport=0000000000FE0D6E chainLen=16 newlyBlocked=0 alreadyBlocked=16 totalWins=37
[hider]  hwnd=0000000001A50D46 parent=0000000000710A78 vis=1 area=1902720 chrome=0 qclass=QWidget
[hider]  hwnd=0000000001210862 parent=0000000001A50D46 vis=1 area=1902720 chrome=1 qclass=Qtitan::DockSplitLayoutPanel
[hider]  hwnd=0000000001CD082C parent=0000000001210862 vis=1 area=1902720 chrome=1 qclass=Qtitan::DockSplitLayoutPanel
[hider]  hwnd=0000000000360E62 parent=0000000001CD082C vis=1 area=1902720 chrome=1 qclass=Qtitan::DockSplitLayoutPanel
[hider]  hwnd=0000000000440DDE parent=0000000000360E62 vis=1 area=1902720 chrome=1 qclass=Qtitan::DockSplitLayoutPanel
[hider]  hwnd=0000000000F40BBA parent=0000000000440DDE vis=1 area=1902720 chrome=1 qclass=Qtitan::DockDocumentLayoutPanel
[hider]  hwnd=0000000002330958 parent=0000000000F40BBA vis=1 area=1459200 chrome=1 qclass=Qtitan::DockDocumentTabbedLayoutPanel
[hider]  hwnd=0000000000D00D5C parent=0000000000F40BBA vis=1 area=1902720 chrome=1 qclass=Qtitan::DockDocumentTabbedLayoutPanel
[hider]  hwnd=00000000001C0E82 parent=0000000000360E62 vis=0 area=0 chrome=1 qclass=Qtitan::DockSplitLayoutPanel
[hider]  hwnd=00000000015C0C88 parent=00000000001C0E82 vis=0 area=0 chrome=1 qclass=Qtitan::DockTabbedLayoutPanel
[hider]  hwnd=00000000011C0568 parent=00000000001C0E82 vis=0 area=0 chrome=1 qclass=Qtitan::DockTabbedLayoutPanel
[hider]  hwnd=0000000000260C66 parent=0000000001CD082C vis=0 area=0 chrome=1 qclass=Qtitan::DockSplitLayoutPanel
[hider]  hwnd=0000000002900B3C parent=0000000000260C66 vis=0 area=0 chrome=1 qclass=Qtitan::DockTabbedLayoutPanel
[hider]  hwnd=0000000001110798 parent=0000000000710A78 vis=1 area=278400 chrome=0 qclass=RBX::Studio::TopBar
[hider]  hwnd=0000000000C20454 parent=0000000001110798 vis=1 area=228480 chrome=0 qclass=PluginPanelCustom
[hider]  hwnd=00000000025E0BF6 parent=0000000000C20454 vis=1 area=228480 chrome=0 qclass=RBX::Studio::QEngineWidget
[hider]  hwnd=0000000000B4086E parent=0000000000710A78 vis=0 area=0 chrome=1 qclass=Qtitan::DockWidgetPanel
[hider]  hwnd=0000000000240D40 parent=0000000000710A78 vis=0 area=0 chrome=1 qclass=Qtitan::DockWidgetPanel
[hider]  hwnd=0000000002FD0DAA parent=0000000000710A78 vis=0 area=0 chrome=1 qclass=Qtitan::DockWidgetPanel
[hider]  hwnd=000000000088084C parent=0000000000710A78 vis=0 area=0 chrome=1 qclass=Qtitan::DockWidgetPanel
[hider]  hwnd=00000000018705EA parent=0000000000710A78 vis=0 area=0 chrome=1 qclass=Qtitan::DockWidgetPanel
[hider]  hwnd=0000000000860AD0 parent=0000000000710A78 vis=0 area=0 chrome=1 qclass=Qtitan::DockWidgetPanel
[hider]  hwnd=0000000002E107D0 parent=0000000000710A78 vis=0 area=0 chrome=1 qclass=Qtitan::DockWidgetPanel
[hider]  hwnd=00000000001B0D92 parent=0000000000710A78 vis=0 area=0 chrome=1 qclass=Qtitan::DockWidgetPanel
[hider] viewport = 00000000025E0BF6 qclass=RBX::Studio::QEngineWidget
[dllmain] SafeInit pid=17152
[name_patcher] x64 name patch OK -> 'HearMeRoar' (buf 00007FF6FF3C0000)
[udp_relay] installing IAT hooks (client=0 server=0)
[udp_relay] username='HearMeRoar' (10 chars)
[udp_relay] hooks: sendto=00007FFE8DE10900 recvfrom=00007FFE8DE10050 WSASendTo=00007FFE8DE11390 WSARecvFrom=00007FFE8DE0E6A0 WSARecv=00007FFE8DE0EC60
[dllmain] not a StartClient launch - skipping Qt hider (relay + username server already active)
[dllmain] SafeInit pid=27692
[name_patcher] x64 name patch OK -> 'HearMeRoar' (buf 00007FF6FF3C0000)
[udp_relay] installing IAT hooks (client=0 server=0)
[udp_relay] username='HearMeRoar' (10 chars)
[udp_relay] hooks: sendto=00007FFE8DE10900 recvfrom=00007FFE8DE10050 WSASendTo=00007FFE8DE11390 WSARecvFrom=00007FFE8DE0E6A0 WSARecv=00007FFE8DE0EC60
[dllmain] not a StartClient launch - skipping Qt hider (relay + username server already active)
[dllmain] SafeInit pid=25828
[name_patcher] x64 name patch OK -> 'HearMeRoar' (buf 00007FF6FF3C0000)
[udp_relay] installing IAT hooks (client=0 server=0)
[udp_relay] username='HearMeRoar' (10 chars)
[udp_relay] hooks: sendto=00007FFE8DE10900 recvfrom=00007FFE8DE10050 WSASendTo=00007FFE8DE11390 WSARecvFrom=00007FFE8DE0E6A0 WSARecv=00007FFE8DE0EC60
[dllmain] not a StartClient launch - skipping Qt hider (relay + username server already active)
[dllmain] SafeInit pid=2920
[name_patcher] x64 name patch OK -> 'HearMeRoar' (buf 00007FF6FF3C0000)
[udp_relay] installing IAT hooks (client=0 server=0)
[udp_relay] username='HearMeRoar' (10 chars)
[udp_relay] hooks: sendto=00007FFE8DE10900 recvfrom=00007FFE8DE10050 WSASendTo=00007FFE8DE11390 WSARecvFrom=00007FFE8DE0E6A0 WSARecv=00007FFE8DE0EC60
[dllmain] not a StartClient launch - skipping Qt hider (relay + username server already active)
[dllmain] SafeInit pid=23592
[name_patcher] x64 name patch OK -> 'HearMeRoar' (buf 00007FF6FF3C0000)
[udp_relay] installing IAT hooks (client=0 server=0)
[udp_relay] username='HearMeRoar' (10 chars)
[udp_relay] hooks: sendto=00007FFE8DE10900 recvfrom=00007FFE8DE10050 WSASendTo=00007FFE8DE11390 WSARecvFrom=00007FFE8DE0E6A0 WSARecv=00007FFE8DE0EC60
[dllmain] not a StartClient launch - skipping Qt hider (relay + username server already active)
[dllmain] SafeInit pid=18644
[name_patcher] x64 name patch OK -> 'HearMeRoar' (buf 00007FF6FF3C0000)
[udp_relay] installing IAT hooks (client=0 server=0)
[udp_relay] username='HearMeRoar' (10 chars)
[udp_relay] hooks: sendto=00007FFE8DE10900 recvfrom=00007FFE8DE10050 WSASendTo=00007FFE8DE11390 WSARecvFrom=00007FFE8DE0E6A0 WSARecv=00007FFE8DE0EC60
[dllmain] not a StartClient launch - skipping Qt hider (relay + username server already active)
[dllmain] SafeInit pid=21416
[name_patcher] x64 name patch OK -> 'HearMeRoar' (buf 00007FF6FF3C0000)
[udp_relay] installing IAT hooks (client=0 server=0)
[udp_relay] username='HearMeRoar' (10 chars)
[udp_relay] hooks: sendto=00007FFE8DE10900 recvfrom=00007FFE8DE10050 WSASendTo=00007FFE8DE11390 WSARecvFrom=00007FFE8DE0E6A0 WSARecv=00007FFE8DE0EC60
[dllmain] not a StartClient launch - skipping Qt hider (relay + username server already active)
[dllmain] SafeInit pid=25904
[name_patcher] x64 name patch OK -> 'HearMeRoar' (buf 00007FF6FF3C0000)
[udp_relay] installing IAT hooks (client=0 server=0)
[udp_relay] username='HearMeRoar' (10 chars)
[udp_relay] hooks: sendto=00007FFE8DE10900 recvfrom=00007FFE8DE10050 WSASendTo=00007FFE8DE11390 WSARecvFrom=00007FFE8DE0E6A0 WSARecv=00007FFE8DE0EC60
[dllmain] not a StartClient launch - skipping Qt hider (relay + username server already active)
[dllmain] SafeInit pid=25064
[name_patcher] x64 name patch OK -> 'HearMeRoar' (buf 00007FF6FF3C0000)
[udp_relay] installing IAT hooks (client=0 server=0)
[udp_relay] username='HearMeRoar' (10 chars)
[udp_relay] hooks: sendto=00007FFE8DE10900 recvfrom=00007FFE8DE10050 WSASendTo=00007FFE8DE11390 WSARecvFrom=00007FFE8DE0E6A0 WSARecv=00007FFE8DE0EC60
[dllmain] not a StartClient launch - skipping Qt hider (relay + username server already active)
[dllmain] SafeInit pid=30880
[name_patcher] x64 name patch OK -> 'HearMeRoar' (buf 00007FF6FF3C0000)
[udp_relay] installing IAT hooks (client=0 server=0)
[udp_relay] username='HearMeRoar' (10 chars)
[udp_relay] hooks: sendto=00007FFE8DE10900 recvfrom=00007FFE8DE10050 WSASendTo=00007FFE8DE11390 WSARecvFrom=00007FFE8DE0E6A0 WSARecv=00007FFE8DE0EC60
[dllmain] not a StartClient launch - skipping Qt hider (relay + username server already active)
[dllmain] SafeInit pid=20300
[name_patcher] x64 name patch OK -> 'HearMeRoar' (buf 00007FF6FF3C0000)
[udp_relay] installing IAT hooks (client=0 server=0)
[udp_relay] username='HearMeRoar' (10 chars)
[udp_relay] hooks: sendto=00007FFE8DE10900 recvfrom=00007FFE8DE10050 WSASendTo=00007FFE8DE11390 WSARecvFrom=00007FFE8DE0E6A0 WSARecv=00007FFE8DE0EC60
[dllmain] not a StartClient launch - skipping Qt hider (relay + username server already active)
[dllmain] SafeInit pid=20140
[name_patcher] x64 name patch OK -> 'HearMeRoar' (buf 00007FF6FF3C0000)
[udp_relay] installing IAT hooks (client=0 server=0)
[udp_relay] username='HearMeRoar' (10 chars)
[udp_relay] hooks: sendto=00007FFE8DE10900 recvfrom=00007FFE8DE10050 WSASendTo=00007FFE8DE11390 WSARecvFrom=00007FFE8DE0E6A0 WSARecv=00007FFE8DE0EC60
[dllmain] not a StartClient launch - skipping Qt hider (relay + username server already active)
[dllmain] SafeInit pid=27332
[name_patcher] x64 name patch OK -> 'HearMeRoar' (buf 00007FF6FF3C0000)
[udp_relay] installing IAT hooks (client=0 server=0)
[udp_relay] username='HearMeRoar' (10 chars)
[udp_relay] hooks: sendto=00007FFE8DE10900 recvfrom=00007FFE8DE10050 WSASendTo=00007FFE8DE11390 WSARecvFrom=00007FFE8DE0E6A0 WSARecv=00007FFE8DE0EC60
[dllmain] not a StartClient launch - skipping Qt hider (relay + username server already active)
[dllmain] SafeInit pid=2888
[name_patcher] x64 name patch OK -> 'HearMeRoar' (buf 00007FF6FF3C0000)
[udp_relay] installing IAT hooks (client=0 server=0)
[udp_relay] username='HearMeRoar' (10 chars)
[udp_relay] hooks: sendto=00007FFE8DE10900 recvfrom=00007FFE8DE10050 WSASendTo=00007FFE8DE11390 WSARecvFrom=00007FFE8DE0E6A0 WSARecv=00007FFE8DE0EC60
[dllmain] not a StartClient launch - skipping Qt hider (relay + username server already active)
[dllmain] SafeInit pid=13552
[name_patcher] x64 name patch OK -> 'HearMeRoar' (buf 00007FF6FF3C0000)
[udp_relay] installing IAT hooks (client=0 server=0)
[udp_relay] username='HearMeRoar' (10 chars)
[udp_relay] hooks: sendto=00007FFE8DE10900 recvfrom=00007FFE8DE10050 WSASendTo=00007FFE8DE11390 WSARecvFrom=00007FFE8DE0E6A0 WSARecv=00007FFE8DE0EC60
[dllmain] not a StartClient launch - skipping Qt hider (relay + username server already active)
[dllmain] SafeInit pid=28128
[name_patcher] x64 name patch OK -> 'HearMeRoar' (buf 00007FF6FF3C0000)
[udp_relay] installing IAT hooks (client=0 server=0)
[udp_relay] username='HearMeRoar' (10 chars)
[udp_relay] hooks: sendto=00007FFE8DE10900 recvfrom=00007FFE8DE10050 WSASendTo=00007FFE8DE11390 WSARecvFrom=00007FFE8DE0E6A0 WSARecv=00007FFE8DE0EC60
[dllmain] not a StartClient launch - skipping Qt hider (relay + username server already active)
